inventoryId,partNumber,color,quantity
80022,2530,72,1
80022,37,72,1
80022,61976,70,1
80022,62709pat0001,47,1
80022,90754,72,3
80072,11212,0,4
80072,2357,0,4
80072,2420,0,4
80072,2445,0,1
80072,2458,0,24
80072,2465,0,8
80072,2780,0,50
80072,3005,0,12
80072,3008,0,20
80072,3010,0,8
80072,3020,0,1
80072,3795,72,8
80072,3795,0,8
80072,4162,0,20
80072,4282,0,8
80072,55819,0,1
80072,6141,320,503
80072,6141,322,10
80072,6141,2,499
80072,6141,71,236
80072,6141,15,369
80072,6141,179,630
80072,6141,1103,153
80072,6141,27,4
80072,6141,1,431
80072,6141,297,604
80072,6141,4,15
80072,6141,0,593
80072,63864,0,8
80072,65803,0,9
80072,67139,0,2
80072,87079pr9980,0,1
80072,92585,297,1
80073,11153,71,1
80073,11211,15,2
80073,11214,4,4
80073,11458,15,8
80073,11477,15,10
80073,14181,15,1
80073,15207,15,2
80073,15303,36,3
80073,15397,15,1
80073,15400,72,2
80073,15573,72,9
80073,15712,72,3
80073,18651,0,14
80073,18654,15,4
80073,18674,72,1
80073,18948,15,4
80073,20482,71,2
80073,21849pr0008,47,1
80073,2357,71,2
80073,23950,15,2
80073,2412b,72,3
80073,2412b,15,2
80073,2431,15,4
80073,24316,70,1
80073,2445,71,1
80073,26603,15,1
80073,26604,72,2
80073,2780,0,10
80073,28192,15,6
80073,3010,320,2
80073,3010,15,2
80073,3010,19,2
80073,3020,15,1
80073,3020,72,8
80073,3021,19,10
80073,3022,72,3
80073,3023,28,14
80073,3023,71,10
80073,3024,15,8
80073,3029,15,1
80073,3031,72,1
80073,30355,15,2
80073,30356,15,2
80073,30374,41,1
80073,3039,0,1
80073,3040b,71,8
80073,30414,1,1
80073,3069b,15,4
80073,3176,71,1
80073,32054,71,5
80073,32062,0,8
80073,32063,71,2
80073,32064a,14,4
80073,32064a,0,7
80073,32124,1,2
80073,32316,15,6
80073,32316,72,5
80073,32739,15,2
80073,33909,0,1
80073,34103,19,3
80073,3460,72,1
80073,3623,15,8
80073,3665,320,2
80073,3666,15,2
80073,3710,72,6
80073,3710,15,3
80073,37352,15,8
80073,3737,4,2
80073,37762,15,4
80073,3795,1,2
80073,3830,320,2
80073,3831,320,2
80073,3941,71,8
80073,4162,15,4
80073,41678,15,8
80073,42445,71,2
80073,42610,71,16
80073,42924,1,8
80073,43710,71,1
80073,43711,71,1
80073,4477,15,8
80073,44861,71,2
80073,4519,14,1
80073,4590,72,2
80073,4740,15,4
80073,4856b,15,1
80073,4865b,72,1
80073,52031,15,2
80073,52107,71,2
80073,55013,72,4
80073,55982,71,4
80073,57360,72,1
80073,58181,15,4
80073,58247,179,1
80073,59900,45,4
80073,60479,14,1
80073,60483,72,4
80073,60484,71,2
80073,60484,4,1
80073,6091,15,16
80073,6141,2,1
80073,6179,15,4
80073,6231,72,2
80073,63965,71,4
80073,64567,80,1
80073,6541,70,4
80073,6587,28,4
80073,69729,15,1
80073,73109,71,8
80073,73111,71,4
80073,73230,71,8
80073,73624,9999,1
80073,73983,15,4
80073,85984pr0006,72,1
80073,87079,0,1
80073,87087,15,2
80073,87609,72,2
80073,92738,0,1
80073,92947,71,4
80073,93095,0,1
80073,96874,25,1
80073,99206,15,8
80073,99774,72,3
80074,11215,71,2
80074,13548,71,8
80074,14418,71,4
80074,14769pr0086,71,2
80074,15068,71,2
80074,15303,35,3
80074,15400,72,2
80074,15573,0,16
80074,18675pr0002,40,1
80074,22885,71,2
80074,22890,72,4
80074,2412b,72,4
80074,2419,71,4
80074,2420,71,2
80074,24201,71,4
80074,2431,71,9
80074,2450,0,16
80074,26047,0,2
80074,26604,71,2
80074,27263,0,8
80074,27263,71,6
80074,2780,0,9
80074,3005,72,2
80074,3020,72,2
80074,3020,0,4
80074,3021,71,3
80074,3022,0,2
80074,3023,36,1
80074,3023,71,4
80074,3024,71,4
80074,3033,0,4
80074,3034,0,2
80074,3068b,0,1
80074,3069b,71,11
80074,32028,0,8
80074,32828,71,8
80074,32952,71,2
80074,3298,71,2
80074,35394,71,1
80074,35480,0,28
80074,35480,71,4
80074,3666,71,6
80074,3700,71,4
80074,3701,71,2
80074,3702,71,1
80074,3710,72,2
80074,3795,71,2
80074,3795,0,8
80074,3894,72,1
80074,3960pr0038,71,1
80074,39888,19,2
80074,4162,71,8
80074,4162,0,8
80074,4282,0,4
80074,4287c,71,2
80074,44728,0,2
80074,4477,71,8
80074,44861,0,2
80074,4740,0,1
80074,47905,72,2
80074,4865b,0,1
80074,51739,71,4
80074,52501,72,2
80074,54200,71,4
80074,54383,0,8
80074,54384,0,8
80074,58247,0,1
80074,60219,71,1
80074,60478,71,8
80074,60484,72,1
80074,6141,36,6
80074,6141,72,14
80074,6141,0,24
80074,63864,71,4
80074,63864,0,8
80074,63868,72,4
80074,63868,71,8
80074,6636,71,8
80074,73110,71,2
80074,85984,71,1
80074,87079,0,4
80074,87087,0,2
80074,87580,15,2
80074,92099,72,1
80074,92738,0,1
80074,93273,71,4
80074,99780,71,3
80074,99780,0,16
80075,11211,71,2
80075,11213,71,2
80075,11477,71,2
80075,15068,71,1
80075,15392,72,2
80075,15403,71,2
80075,15573,320,3
80075,15573,71,1
80075,15672,71,1
80075,18674,71,1
80075,20482,28,1
80075,2412b,179,2
80075,26047,71,2
80075,2639,72,1
80075,2654,72,4
80075,3002,4,1
80075,3003,320,1
80075,3004,72,1
80075,3010,0,1
80075,30136,3,2
80075,3020,71,1
80075,3022,72,1
80075,3023,41,3
80075,3023,28,4
80075,30565,71,4
80075,3062b,72,1
80075,3070b,320,1
80075,3298,71,1
80075,33909,0,1
80075,3710,71,2
80075,4070,71,7
80075,43722,71,1
80075,4599b,71,1
80075,4740,72,1
80075,54200,72,6
80075,54200,47,1
80075,54383,71,1
80075,54384,71,2
80075,6141,47,2
80075,6141,36,4
80075,63868,72,2
80075,85861,71,2
80075,87087,19,2
80075,92280,72,2
80075,92738,0,1
80075,98100pr0012,71,1
80075,98138,0,6
80075,99780,71,2
80075,99781,72,1
80095,10197,0,8
80095,10247,0,3
80095,10928,72,2
80095,11153,4,2
80095,11212,0,1
80095,11214,4,26
80095,11478,4,14
80095,11478,0,1
80095,11946,0,8
80095,11946,4,5
80095,11947,4,5
80095,11947,0,8
80095,11950,71,2
80095,14719,0,2
80095,14720,4,2
80095,15458,1,1
80095,15458,0,4
80095,15462,70,1
80095,18575,19,1
80095,18651,0,23
80095,18654,4,10
80095,18654,0,14
80095,18677,0,11
80095,18944,4,4
80095,18973pr0009,47,1
80095,18973pr0010,47,1
80095,22961,15,10
80095,22961,72,2
80095,23801,0,2
80095,24116,4,3
80095,24119,4,1
80095,24119,0,2
80095,2420,1,2
80095,2431,0,1
80095,24316,70,6
80095,25214,179,2
80095,25214,0,4
80095,2654,36,2
80095,2736,71,2
80095,2741,0,1
80095,2780,0,263
80095,27940,72,4
80095,2850b,71,8
80095,2851,14,8
80095,2852,71,8
80095,2853,14,2
80095,2854,19,3
80095,29119,0,2
80095,29119,1,2
80095,29120,1,2
80095,29120,0,2
80095,3021,4,2
80095,3022,0,4
80095,3023,4,2
80095,3023,0,1
80095,3024,0,5
80095,3024,4,2
80095,3068b,4,2
80095,3068b,0,2
80095,3069b,0,3
80095,3070b,14,1
80095,3070b,1,2
80095,3070b,4,1
80095,32000,0,1
80095,32002,19,6
80095,32005a,72,2
80095,32009,0,4
80095,32013,0,6
80095,32013,4,21
80095,32015,0,6
80095,32016,4,6
80095,32016,0,6
80095,32016,71,2
80095,32034,4,4
80095,32034,0,2
80095,32034,71,5
80095,32039,71,2
80095,32054,4,43
80095,32062,4,39
80095,32064a,0,2
80095,32065,4,2
80095,32065,15,1
80095,32073,14,20
80095,32123b,71,29
80095,32126,0,4
80095,32140,4,6
80095,32140,0,29
80095,32184,15,3
80095,32192,71,4
80095,32200,15,1
80095,32202,0,1
80095,32235,4,2
80095,32250,1,4
80095,32250,14,4
80095,32270,0,2
80095,32278,0,7
80095,32316,4,5
80095,32316,15,1
80095,32316,0,4
80095,32333,0,2
80095,32348,0,2
80095,32449,72,4
80095,32494,71,4
80095,32523,0,1
80095,32523,4,3
80095,32523,15,1
80095,32523,71,2
80095,32524,4,6
80095,32524,0,13
80095,32524,72,10
80095,32525,4,4
80095,32526,0,14
80095,32526,4,6
80095,32526,1,2
80095,32580,4,2
80095,32580,0,6
80095,35480,4,2
80095,3623,0,5
80095,3623,4,2
80095,3666,0,3
80095,3705,0,16
80095,3706,4,1
80095,3707,0,2
80095,3710,0,4
80095,3713,71,18
80095,3737,0,1
80095,3749,19,1
80095,3795,0,2
80095,3832,0,1
80095,3941,36,2
80095,39790,0,1
80095,39794,0,3
80095,39888,19,4
80095,4032a,4,4
80095,40490,4,1
80095,40490,71,7
80095,40490,0,10
80095,41239,71,1
80095,41239,4,2
80095,41239,15,3
80095,41239,14,1
80095,4162,0,3
80095,4162,4,1
80095,41677,0,28
80095,41677,4,26
80095,41678,4,4
80095,41769,0,1
80095,41770,0,1
80095,42003,71,1
80095,42003,0,16
80095,42135,0,2
80095,42195,4,8
80095,4274,1,10
80095,4274,71,55
80095,42924,1,120
80095,43093,1,59
80095,43857,4,6
80095,44294,71,6
80095,44676,15,4
80095,44771,0,4
80095,44874,0,2
80095,4519,71,36
80095,48267,4,2
80095,48267,0,2
80095,48729b,0,6
80095,49294,0,4
80095,59426,72,1
80095,59443,0,2
80095,59443,4,14
80095,59443,71,9
80095,60483,0,10
80095,60483,15,16
80095,60484,0,5
80095,61184,71,4
80095,61408,4,2
80095,6180,0,2
80095,61903,71,2
80095,62462,0,3
80095,62462,4,4
80095,62462,179,2
80095,62531,0,1
80095,62821b,72,1
80095,63864,4,2
80095,63869,71,4
80095,63869,4,2
80095,64178,71,1
80095,64225,0,1
80095,64391,0,2
80095,64391,4,1
80095,64392,4,2
80095,64393,4,1
80095,64394,4,1
80095,64680,4,1
80095,64681,4,1
80095,64682,4,2
80095,64683,4,1
80095,64683,0,2
80095,64872,72,4
80095,6536,0,10
80095,6536,71,26
80095,6541,0,5
80095,65422,0,2
80095,65487,4,8
80095,65487,71,4
80095,65487,0,10
80095,6553,4,7
80095,6553,0,2
80095,6575,0,2
80095,6589,19,3
80095,6628,4,8
80095,6632,0,16
80095,6632,4,6
80095,6636,14,2
80095,6636,4,2
80095,67142,4,1
80095,68196,4,1
80095,69911,4,4
80095,71682,15,2
80095,71689,4,2
80095,71708,0,2
80095,71709,0,3
80095,72212,9999,1
80095,75c11,71,2
80095,76537,14,4
80095,77422,9999,1
80095,87079,0,2
80095,87080,4,3
80095,87080,15,1
80095,87083,72,6
80095,87086,15,1
80095,87086,4,3
80095,87761,0,1
80095,87994,0,4
80095,92906,72,2
80095,92909,72,4
80095,93606,0,1
80095,94925,71,2
80095,99008,19,1
80095,99780,0,1
80141,2432,0,2
80141,2441,0,2
80141,2441,4,2
80141,2555,0,2
80141,30027b,15,16
80141,30028,0,16
80141,3004,14,1
80141,3004,0,1
80141,3004,2,1
80141,3004,4,1
80141,3005,4,3
80141,3005,2,3
80141,3005,0,3
80141,3005,14,3
80141,3020,4,2
80141,3020,0,2
80141,3022,0,2
80141,3023,4,2
80141,3023,0,2
80141,3062b,7,8
80141,3298pr0020,2,1
80141,3298pr0023,14,1
80141,3298pr0024,0,1
80141,3298pr0037,4,1
80141,3622,4,2
80141,3622,14,2
80141,3622,0,2
80141,3622,2,2
80141,3660,0,1
80141,3660,4,1
80141,3660,2,1
80141,3660,14,1
80141,3710,4,2
80141,3710,2,2
80141,3710,14,2
80141,3710,0,2
80141,3829c01,4,2
80141,3829c01,0,2
80141,3839b,0,2
80141,6126a,57,2
80170,30381,15,1
80170,3626cpr9884,78,1
80170,50231,15,1
80170,970c22,4,1
80170,973c22h02pr9826,4,1
80205,11212,0,4
80205,2357,0,4
80205,2420,0,4
80205,2445,0,1
80205,2458,0,24
80205,2465,0,8
80205,2780,0,45
80205,3005,0,12
80205,3008,0,20
80205,3010,0,8
80205,3020,0,1
80205,3795,0,8
80205,3795,72,8
80205,4162,0,20
80205,4282,0,8
80205,55819,0,1
80205,63864,0,8
80205,65803,0,9
80205,67139,0,2
80205,87079pr9979,0,1
80205,92585,297,1
80205,98138,0,662
80205,98138,72,79
80205,98138,308,76
80205,98138,71,59
80205,98138,272,409
80205,98138,4,213
80205,98138,19,32
80205,98138,320,96
80205,98138,15,835
80211,37,72,2
80211,53454,179,1
80211,87994,70,1
80211,92690,1103,1
80334,11248c01,4,1
80334,11248c02,14,2
80334,11854pr0001,15,1
80334,19818pr0013,0,1
80334,28416pr0059,4,1
80334,28592pr0003,0,1
80334,32896pr0001,4,1
80334,3437,226,1
80334,3437pr0027,322,1
80334,3437pr0035,27,1
80334,3437pr0129,1050,1
80334,3437pr0150,14,1
80334,3437pr0151,323,1
80334,3437pr0152,322,1
80334,4066pr0091,15,1
80334,40909,1050,1
80334,52359,14,1
80334,65114,226,1
80334,92453,4,1
80334,98215,322,1
80334,98220pat0001,226,1
80364,11170,322,1
80364,11198,322,1
80364,11198pr0005,14,1
80364,11248c01,226,1
80364,11248c05,0,1
80364,11248c07,191,1
80364,11248c08,323,1
80364,11344pr0013,321,1
80364,11344pr0014,14,1
80364,35110c01,484,1
80364,4198pr0019,0,1
80364,4198pr9978,25,1
80364,72133pr0001,15,1
80364,72133pr0002,25,1
80364,76371,321,1
80393,10202pr0011,15,1
80393,10202pr0012,15,1
80393,11055,15,1
80393,11062,15,1
80393,11090,70,2
80393,11090,0,4
80393,11211,28,6
80393,11211,19,15
80393,11212,0,1
80393,11458,0,4
80393,11476,19,2
80393,11476,71,2
80393,11610,0,2
80393,11610,19,1
80393,13548,71,1
80393,14413,71,8
80393,14716,19,9
80393,14716,71,4
80393,14719,19,2
80393,14719,71,18
80393,14719,15,7
80393,14719,70,2
80393,14769pr0001,15,1
80393,15068,484,2
80393,15068,71,1
80393,15068,272,2
80393,15068,378,4
80393,15070,71,1
80393,15207,19,2
80393,15395,15,4
80393,15470,29,4
80393,15470,70,6
80393,15535,71,2
80393,15535pr0006,19,1
80393,15535pr0007,19,1
80393,15573,0,2
80393,15573,71,9
80393,15573,226,1
80393,15573,70,12
80393,15573,19,9
80393,15573,378,1
80393,15573,72,2
80393,15573,15,4
80393,15712,72,9
80393,15712,0,4
80393,16091,71,2
80393,18653,15,2
80393,18674,0,5
80393,18677,0,2
80393,19121,0,5
80393,19220,0,2
80393,20308,71,4
80393,20482,0,7
80393,20482,15,17
80393,20482,72,6
80393,20482,70,3
80393,21445,71,1
80393,22885,71,7
80393,2357,71,7
80393,2357,0,4
80393,2357,19,33
80393,23969,71,1
80393,2412b,15,1
80393,2412b,0,4
80393,2412b,72,2
80393,2412b,179,4
80393,2420,28,3
80393,2420,71,5
80393,2420,19,10
80393,2420,72,2
80393,2420,15,5
80393,2420,0,4
80393,2420,70,2
80393,24246,70,3
80393,24246,92,3
80393,24246,71,6
80393,2431,15,3
80393,2431,0,7
80393,2431,4,1
80393,2431,71,20
80393,2431,288,1
80393,2431,272,2
80393,2431,19,7
80393,2431pr0160,272,1
80393,2445,28,2
80393,2453b,19,2
80393,2454b,19,2
80393,2456,71,3
80393,2456,19,6
80393,2456,70,2
80393,2462,71,8
80393,24855,2,1
80393,24866,191,4
80393,24866,10,2
80393,24866,4,3
80393,24866,30,2
80393,24946,15,1
80393,25269,71,6
80393,2569,0,2
80393,26047,272,8
80393,26047,70,9
80393,26047,0,6
80393,2654,19,5
80393,2654,47,1
80393,26601,15,1
80393,26601,71,4
80393,26603,71,2
80393,26603,15,3
80393,26603,0,4
80393,26603,70,2
80393,27263,71,4
80393,27263,72,2
80393,27925,15,2
80393,28192,92,3
80393,28192,70,3
80393,28621,47,6
80393,28802,71,1
80393,298c02,71,1
80393,3001,71,10
80393,3001,4,2
80393,3002,70,1
80393,3003,71,5
80393,3004,19,37
80393,3004,70,2
80393,3004,71,16
80393,3004,378,6
80393,3004,288,2
80393,3004,28,11
80393,3004,15,1
80393,3004,30,21
80393,3005,70,2
80393,3005,378,4
80393,3005,30,11
80393,3005,0,12
80393,3005,19,33
80393,3005,47,14
80393,3005,71,18
80393,3005,15,1
80393,3008,71,12
80393,3008,70,2
80393,3008,19,31
80393,30089b,0,1
80393,3009,70,2
80393,3009,30,26
80393,3009,378,19
80393,3009,19,18
80393,3009,71,11
80393,30095,72,4
80393,3010,0,1
80393,3010,288,12
80393,3010,71,23
80393,3010,19,34
80393,3010,70,2
80393,3010,30,14
80393,3010,378,12
80393,30151b,47,1
80393,30153,36,1
80393,30153,47,2
80393,3020,379,1
80393,3020,378,1
80393,3020,484,2
80393,3020,1,1
80393,3020,71,3
80393,3020,308,1
80393,3020,28,2
80393,3020,72,1
80393,3020,0,1
80393,3020,15,10
80393,3021,70,4
80393,3021,72,2
80393,3021,71,6
80393,3021,19,4
80393,3021,15,2
80393,3022,29,1
80393,3022,72,1
80393,3022,379,1
80393,3022,71,3
80393,3022,15,6
80393,3022,0,5
80393,3023,0,4
80393,3023,30,15
80393,3023,15,10
80393,3023,288,1
80393,3023,28,42
80393,3023,70,2
80393,3023,47,1
80393,3023,19,59
80393,3023,378,2
80393,3023,72,5
80393,3023,272,2
80393,3023,71,35
80393,30237b,19,2
80393,3024,378,4
80393,3024,30,8
80393,3024,70,4
80393,3024,72,2
80393,3024,71,17
80393,3024,28,2
80393,3024,15,11
80393,3024,288,4
80393,3024,19,34
80393,3030,71,1
80393,3031,71,1
80393,3032,15,10
80393,3032,0,1
80393,3032,72,6
80393,3032,70,1
80393,3032,28,6
80393,3034,15,1
80393,3034,72,1
80393,3035,19,1
80393,3036,72,2
80393,30367c,378,2
80393,30374,70,2
80393,30374,0,2
80393,3038,71,2
80393,3039,72,2
80393,3039,1,2
80393,3040b,1,2
80393,3040b,72,1
80393,30414,71,3
80393,30414,19,1
80393,3046a,72,1
80393,3062b,15,1
80393,3062b,212,2
80393,3062b,41,2
80393,3062b,46,2
80393,3062b,14,2
80393,3068b,71,5
80393,3068b,70,1
80393,3068b,28,5
80393,3068b,0,1
80393,3068b,72,27
80393,3068b,30,8
80393,3068b,15,5
80393,3068bpr0401,19,2
80393,3068bpr0444,15,2
80393,3069b,40,1
80393,3069b,378,23
80393,3069b,19,25
80393,3069b,28,42
80393,3069b,0,5
80393,3069b,1,4
80393,3069b,72,17
80393,3069b,71,15
80393,3069b,272,1
80393,3069b,30,1
80393,3069b,15,12
80393,3069b,379,15
80393,3069b,47,1
80393,3070b,19,2
80393,3070b,288,2
80393,3070b,15,10
80393,3070b,28,1
80393,3070b,0,5
80393,3070b,71,4
80393,3070b,378,4
80393,3070b,70,2
80393,3070b,30,1
80393,3070bpr0213,71,1
80393,32028,15,6
80393,32028,71,14
80393,32028,72,1
80393,3245c,71,2
80393,3245c,15,1
80393,3245c,19,19
80393,32607,10,21
80393,32607,2,19
80393,32828,71,2
80393,32828,70,8
80393,32828,0,5
80393,32952,19,4
80393,32952,378,4
80393,32952,15,10
80393,32952,71,3
80393,3298,71,1
80393,33909,72,8
80393,33909,71,2
80393,33909,70,2
80393,33909,0,3
80393,33909,15,3
80393,33909,19,18
80393,34103,19,4
80393,34173,179,1
80393,3460,71,3
80393,3460,15,3
80393,3460,70,3
80393,3460,19,6
80393,3460,72,4
80393,35157,40,1
80393,35442,2,12
80393,35459,71,1
80393,35480,71,9
80393,35480,0,4
80393,35480,70,7
80393,35480,15,1
80393,35787,0,16
80393,3622,378,15
80393,3622,0,2
80393,3622,19,33
80393,3622,71,10
80393,3622,15,1
80393,3623,72,1
80393,3623,71,11
80393,3623,0,4
80393,3623,70,4
80393,3623,19,8
80393,3623,484,2
80393,3623,28,1
80393,3623,15,6
80393,3660,71,2
80393,3666,15,8
80393,3666,72,3
80393,3666,28,7
80393,3666,30,9
80393,3666,70,6
80393,3666,0,2
80393,3666,19,14
80393,3666,378,4
80393,3666,71,9
80393,3678b,0,8
80393,36840,70,2
80393,36840,0,2
80393,36841,272,2
80393,3700,71,1
80393,3700,15,2
80393,3700,0,2
80393,3710,378,8
80393,3710,30,3
80393,3710,0,5
80393,3710,15,5
80393,3710,72,4
80393,3710,308,4
80393,3710,19,21
80393,3710,70,5
80393,3710,272,2
80393,3710,71,8
80393,3710,288,1
80393,37352,71,2
80393,37352,378,1
80393,37695,10,2
80393,3795,70,2
80393,3795,71,4
80393,3795,15,2
80393,3795,72,9
80393,3795,308,2
80393,38014,15,2
80393,3811,72,1
80393,3832,71,1
80393,3832,19,7
80393,38585,19,16
80393,3899,47,1
80393,39262,297,1
80393,3937,72,2
80393,3941,19,1
80393,3957b,0,2
80393,3958,0,2
80393,3958,72,4
80393,4032a,0,6
80393,4032a,2,2
80393,4070,71,8
80393,4079b,288,4
80393,4081b,71,1
80393,41334,72,1
80393,41539,71,3
80393,4162,0,1
80393,4162,71,10
80393,4162,15,11
80393,4162,70,1
80393,4162,72,1
80393,4162,19,1
80393,41682,28,6
80393,41682,72,1
80393,41682,0,2
80393,41682,15,2
80393,41740,15,4
80393,41740,70,1
80393,41740,0,1
80393,41740,71,21
80393,4175,15,4
80393,41769,19,1
80393,41770,19,1
80393,41770,71,1
80393,41835pr0001,321,1
80393,4216,70,22
80393,4282,15,7
80393,4282,28,2
80393,42862,71,2
80393,43722,72,1
80393,43723,72,1
80393,43888,19,16
80393,43888,71,2
80393,43898,71,1
80393,43898,72,6
80393,43967,15,1
80393,44728,15,3
80393,4477,15,14
80393,4477,71,1
80393,4477,0,2
80393,4477,19,15
80393,4477,378,8
80393,44861,71,4
80393,4528,179,2
80393,46212,47,1
80393,4697b,71,1
80393,4740,15,1
80393,4740,0,2
80393,47458,15,1
80393,47458,71,1
80393,48165,71,2
80393,48336,71,5
80393,4865b,19,1
80393,4865b,0,1
80393,48729b,0,11
80393,48729b,71,1
80393,49307,0,6
80393,49307,71,5
80393,49307,15,6
80393,49307,84,4
80393,51283,47,2
80393,54200,19,2
80393,54200,15,2
80393,54200,71,4
80393,59900,15,3
80393,59900,70,2
80393,60470b,71,1
80393,60475b,14,2
80393,60478,0,4
80393,60479,72,1
80393,60479,71,2
80393,60481,71,8
80393,60592,70,1
80393,60592,308,4
80393,60592,15,5
80393,60593,15,5
80393,60593,70,3
80393,60594,308,5
80393,60594,15,9
80393,60596,70,1
80393,60596,15,3
80393,60596,72,1
80393,60596,308,2
80393,60599,71,1
80393,60601,47,10
80393,60602,47,8
80393,60603,47,12
80393,60616b,70,2
80393,60616b,71,1
80393,60616b,47,3
80393,60621,1103,1
80393,60623,15,1
80393,60897,15,2
80393,60897,0,2
80393,6091,288,2
80393,6111,15,2
80393,6111,19,5
80393,6111,71,1
80393,6112,19,1
80393,61252,71,1
80393,61252,30,3
80393,61332,0,2
80393,6134,15,2
80393,61345,0,1
80393,6141,84,9
80393,6141,47,2
80393,6141,71,8
80393,6141,36,1
80393,6141,15,10
80393,6141,0,8
80393,6141,19,17
80393,61482,71,1
80393,6190,0,2
80393,61976,19,1
80393,62113,72,5
80393,63864,0,2
80393,63864,70,7
80393,63864,19,2
80393,63864,71,4
80393,63868,71,2
80393,63868,0,2
80393,63965,0,1
80393,64570,19,6
80393,64644,0,4
80393,64644,308,4
80393,64799,71,1
80393,65578,47,4
80393,6583,0,1
80393,65886,272,4
80393,66252,0,1
80393,6636,0,2
80393,6636,30,2
80393,6636,19,7
80393,6636,272,2
80393,6636,70,3
80393,6636,15,6
80393,6636,71,15
80393,66909,72,1
80393,70681,71,12
80393,70681,19,7
80393,85544,4,1
80393,85861,288,4
80393,85861,70,4
80393,85861,0,6
80393,85861,297,2
80393,85861,71,1
80393,85984,71,2
80393,85984,15,2
80393,85984,70,4
80393,85984,288,6
80393,85984,0,4
80393,85984pr9997,0,2
80393,85984pr9998,0,1
80393,87079,272,3
80393,87079,379,3
80393,87079,28,2
80393,87079,71,18
80393,87079,15,1
80393,87087,378,1
80393,87087,15,4
80393,87087,288,4
80393,87087,30,8
80393,87087,19,2
80393,87552,19,2
80393,87552,70,6
80393,87580,0,1
80393,87580,28,2
80393,87580,70,4
80393,87580,379,7
80393,87580,71,6
80393,87580,15,6
80393,87580,72,3
80393,87994,72,5
80393,91405,72,1
80393,92338,0,1
80393,92438,28,2
80393,92585,4,1
80393,92947,71,1
80393,93059,71,1
80393,96874,25,1
80393,98138,0,6
80393,98138,72,3
80393,98138,47,1
80393,98138,71,5
80393,98138,41,3
80393,98138pr0018,84,5
80393,98138pr0022,84,9
80393,98283,19,4
80393,98283,71,5
80393,98283,378,5
80393,99206,71,2
80393,99206,0,2
80393,99207,15,1
80393,99207,19,1
80393,99207,28,8
80393,99207,70,5
80393,99207,0,1
80393,99563,0,1
80393,99563,71,1
80393,99563,19,2
80393,99563,15,3
80393,99780,15,3
80393,99780,0,1
80393,99780,71,5
80393,99780,28,20
80393,99781,19,2
80394,11211,15,2
80394,11214,4,2
80394,14417,72,2
80394,14704,71,2
80394,15068,379,2
80394,2420,72,2
80394,2476a,71,2
80394,2540,71,2
80394,2780,0,8
80394,3020,0,1
80394,3021,72,1
80394,3022,25,2
80394,3022,379,1
80394,3022,0,2
80394,3023,15,3
80394,3039,0,2
80394,3040b,25,2
80394,3040b,379,2
80394,30602,379,2
80394,32064a,0,2
80394,32523,72,2
80394,32803,0,1
80394,36841,71,2
80394,3700,71,4
80394,3710,72,1
80394,3795,0,1
80394,39793,0,2
80394,4032a,15,1
80394,42023,0,1
80394,4274,1,2
80394,43722,25,1
80394,43723,25,1
80394,44567b,0,2
80394,44676,379,4
80394,4590,71,2
80394,4697b,0,2
80394,4740,0,2
80394,4740,41,2
80394,47905,71,1
80394,50950,25,2
80394,54657,72,2
80394,55981,0,2
80394,59900,179,2
80394,59900,41,2
80394,6141,0,2
80394,63864,25,3
80394,76766,0,1
80394,92280,0,2
80394,92474,47,1
80394,98100,0,2
80394,98138,47,2
80394,99207,25,2
80394,99780,72,5
80394,99780,25,2
80418,10169,84,1
80418,10509pr0007,19,1
80418,11090,70,2
80418,11211,71,10
80418,11211,72,19
80418,11212,0,2
80418,11476,0,2
80418,11477,0,3
80418,11477,70,1
80418,11477,308,3
80418,11610,72,1
80418,11833,71,1
80418,11833,27,1
80418,13965,70,7
80418,14395,70,8
80418,14417,72,1
80418,14704,71,8
80418,14716,70,5
80418,14716,71,2
80418,14719,72,2
80418,14719,71,2
80418,14719,70,2
80418,14769,1,1
80418,14769pr1040,15,1
80418,15207,70,2
80418,15456,0,8
80418,15470,70,4
80418,15533,19,3
80418,15535,28,1
80418,15535,71,1
80418,15573,0,2
80418,15573,19,1
80418,15573,70,7
80418,15712,378,1
80418,15712,70,2
80418,15712,0,5
80418,16606pat0001pr0001,15,1
80418,18653,70,2
80418,18674,28,3
80418,18674,70,3
80418,18677,70,4
80418,20310,70,4
80418,20482,47,1
80418,20482,0,3
80418,20482,70,2
80418,22385,272,46
80418,22385,378,8
80418,22385,1,45
80418,22385,0,17
80418,22885,71,1
80418,22889,0,2
80418,2343,179,2
80418,2357,70,4
80418,2357,71,1
80418,2397,0,1
80418,2412b,70,4
80418,2420,15,2
80418,2420,71,1
80418,2420,70,4
80418,24201,70,29
80418,24246,0,5
80418,2431,71,7
80418,2431,84,1
80418,2431,72,1
80418,2431,70,18
80418,2431,0,3
80418,24316,70,4
80418,2431pr0156,84,6
80418,2445,70,1
80418,2449,15,2
80418,2450,70,3
80418,2453b,70,1
80418,2456,15,1
80418,2456,71,3
80418,24599,308,2
80418,2465,15,2
80418,24855,70,9
80418,24866,27,10
80418,24866,10,27
80418,24866,2,1
80418,2489,70,4
80418,2524,70,1
80418,25269,70,1
80418,25269,322,4
80418,25269,72,1
80418,25269,272,2
80418,25269,0,10
80418,26047,0,1
80418,2654,0,1
80418,26601,0,2
80418,26601,378,30
80418,26603,70,2
80418,26603,71,9
80418,26603,84,1
80418,26604,378,15
80418,26604,19,2
80418,27263,71,4
80418,27263,0,2
80418,27507,70,8
80418,28192,27,1
80418,29119,72,3
80418,29120,72,3
80418,2921,70,1
80418,3001,70,3
80418,3001,71,6
80418,3002,0,1
80418,3002,15,2
80418,3003,70,4
80418,3003,72,1
80418,3004,19,1
80418,3004,70,5
80418,3004,25,1
80418,3004,15,16
80418,3004,326,11
80418,3005,15,27
80418,3005,70,11
80418,3005,326,28
80418,3008,70,1
80418,3009,15,3
80418,3009,71,11
80418,3010,15,5
80418,3010,378,1
80418,30134,70,1
80418,30136,308,2
80418,30136,84,3
80418,30137,84,4
80418,30150,84,1
80418,30165,15,2
80418,3020,70,19
80418,3020,72,3
80418,3020,19,1
80418,3020,0,2
80418,3021,70,3
80418,3021,378,2
80418,3021,191,1
80418,3021,0,2
80418,3022,0,2
80418,3022,70,7
80418,3022,15,1
80418,3022,19,3
80418,3023,71,6
80418,3023,182,1
80418,3023,378,5
80418,3023,33,2
80418,3023,326,9
80418,3023,70,6
80418,3023,308,25
80418,3023,15,15
80418,3024,33,2
80418,3024,15,24
80418,3024,70,37
80418,3024,182,1
80418,3024,71,24
80418,3027,28,1
80418,3029,28,1
80418,3030,70,10
80418,3031,70,2
80418,3031,71,2
80418,3032,70,7
80418,3032,28,1
80418,3032,72,1
80418,3033,28,2
80418,3034,326,4
80418,3035,70,1
80418,30357,0,1
80418,3036,70,1
80418,30363,71,2
80418,3037,72,2
80418,3037,15,1
80418,30374,0,5
80418,30374,14,1
80418,30374,70,2
80418,3039,19,3
80418,3040b,15,4
80418,3040b,70,4
80418,30414,71,2
80418,30414,19,12
80418,3062b,70,11
80418,3062b,71,2
80418,3062b,19,1
80418,3062b,484,2
80418,3062b,15,1
80418,3062b,308,12
80418,3062b,46,2
80418,3068b,0,1
80418,3068b,272,5
80418,3068b,28,6
80418,3069b,72,30
80418,3069b,272,2
80418,3069b,182,4
80418,3069b,1,1
80418,3069b,84,4
80418,3069b,70,6
80418,3069b,19,1
80418,3069bpr0148,15,1
80418,3070b,10,6
80418,3070b,84,2
80418,3070b,322,2
80418,3070b,70,12
80418,3070b,321,6
80418,3070b,2,2
80418,3070b,72,32
80418,3070b,3,7
80418,32028,70,36
80418,32124,70,3
80418,32530,72,1
80418,32606,191,2
80418,32607,2,3
80418,32607,27,37
80418,32607,10,13
80418,32828,0,2
80418,32828,70,2
80418,32952,15,4
80418,32952,70,41
80418,33051,4,4
80418,33172,25,1
80418,33303,70,2
80418,33320,2,1
80418,33492,0,2
80418,33909,71,9
80418,33909,70,2
80418,34103,0,2
80418,34103,70,5
80418,3460,70,3
80418,3460,15,1
80418,35480,70,6
80418,35480,72,11
80418,35787,0,5
80418,3622,3,1
80418,3622,71,13
80418,3622,15,6
80418,3623,71,2
80418,3623,0,3
80418,3623,70,7
80418,3623,19,6
80418,3623,378,3
80418,3626c,191,1
80418,3659,70,1
80418,3659,71,6
80418,3660,72,3
80418,3660,19,1
80418,3665,70,4
80418,3666,378,1
80418,3666,70,9
80418,36840,0,2
80418,36840,72,6
80418,36841,0,1
80418,36841,71,6
80418,3710,27,1
80418,3710,191,1
80418,3710,15,10
80418,3710,0,1
80418,3710,28,2
80418,3710,70,7
80418,3710,71,1
80418,3710,378,8
80418,3713,71,4
80418,37352,72,2
80418,37352,71,2
80418,3747b,70,2
80418,3749,19,1
80418,37614,179,2
80418,37695,326,2
80418,37695,10,6
80418,37775,182,3
80418,37776,0,2
80418,3795,71,1
80418,3795,308,1
80418,3795,28,1
80418,3795,70,14
80418,3795,378,2
80418,3832,70,11
80418,38320,297,6
80418,3835,0,4
80418,3837,0,1
80418,3846pr0040,71,3
80418,38583,19,1
80418,3937,70,1
80418,3937,15,6
80418,3937,84,2
80418,3938,0,2
80418,3941,70,4
80418,3957b,0,1
80418,3957b,70,1
80418,4032a,0,2
80418,4032a,71,1
80418,40379,0,1
80418,40527,0,1
80418,4070,72,15
80418,4070,70,1
80418,4162,71,4
80418,4162,70,21
80418,41682,0,1
80418,41682,70,1
80418,41740,70,2
80418,41740,71,2
80418,41948,84,2
80418,4286,70,7
80418,42876,484,1
80418,4287c,70,2
80418,4332,70,1
80418,43892,308,5
80418,44861,0,1
80418,4488,0,4
80418,4489b,70,4
80418,4490,19,2
80418,4499,70,1
80418,4522,0,2
80418,4528,0,2
80418,4529,0,1
80418,4595,0,3
80418,4599b,0,1
80418,4733,0,7
80418,4738c,84,1
80418,4739a,84,1
80418,47905,0,3
80418,4865b,19,8
80418,48729b,0,2
80418,49307,0,1
80418,50950,308,1
80418,51270,25,1
80418,53454,179,1
80418,54200,72,4
80418,54200,19,4
80418,54200,182,1
80418,54200,308,2
80418,54200,0,2
80418,54200,70,12
80418,54869,36,1
80418,59230,0,1
80418,59900,0,10
80418,6003,326,3
80418,6005,70,2
80418,60470b,71,1
80418,60475b,0,1
80418,60475b,84,1
80418,60478,70,2
80418,60478,84,1
80418,60478,0,4
80418,60479,70,3
80418,60481,308,1
80418,60481,15,6
80418,60583b,71,1
80418,60592,71,1
80418,60592,70,6
80418,60594,70,6
80418,60596,70,2
80418,60607,297,12
80418,60897,0,10
80418,60897,19,4
80418,6091,3,6
80418,6091,70,7
80418,6091,19,2
80418,6091,2,4
80418,6112,71,1
80418,6112,70,4
80418,61252,0,1
80418,6134,70,3
80418,6134,15,4
80418,6141,320,1
80418,6141,70,3
80418,6180,71,1
80418,6215,71,1
80418,6223,36,1
80418,63082,0,1
80418,63864,72,4
80418,63864,70,5
80418,63864,1,8
80418,63864,272,20
80418,63868,70,2
80418,63868,0,2
80418,63965,0,2
80418,64644,70,4
80418,64647,182,2
80418,64647,1,1
80418,6541,70,4
80418,65676,70,2
80418,66252,72,2
80418,6636,70,21
80418,66909,0,5
80418,66909,72,1
80418,66964,179,4
80418,67095,84,2
80418,70681,0,2
80418,85861,15,2
80418,85861,0,16
80418,85975,70,1
80418,85984,72,2
80418,85984,15,2
80418,85984,70,2
80418,87079,272,2
80418,87079pr0055,84,1
80418,87087,1,2
80418,87087,70,8
80418,87087,71,13
80418,87552,70,2
80418,87580,84,8
80418,87580,72,2
80418,87620,71,2
80418,87994,308,11
80418,87994,0,2
80418,88072,70,2
80418,88646,0,1
80418,89520,179,3
80418,91405,28,3
80418,92950,71,4
80418,92950,70,1
80418,93160,15,1
80418,93273,72,1
80418,93273,70,1
80418,93789,179,1
80418,95343,70,1
80418,95344,0,3
80418,96874,3,1
80418,98100,0,2
80418,98138,0,9
80418,98138,308,3
80418,98138,484,1
80418,98138,70,5
80418,98138,28,19
80418,98138,25,6
80418,98138pr0048,70,9
80418,98138pr0051,297,1
80418,98283,378,18
80418,98283,19,23
80418,98283,71,48
80418,98369,0,1
80418,98374,1103,2
80418,98560,71,2
80418,99207,70,4
80418,99563,70,9
80418,99563,0,5
80418,99563,25,1
80418,99780,70,5
80418,99781,0,2
80490,11476,0,2
80490,18674,0,2
80490,2540,320,2
80490,298c02,4,2
80490,30377,0,6
80490,3710,320,1
80490,3960,0,1
80490,4032a,0,2
80490,43898,36,1
80490,4740,0,1
80490,51739,320,1
80490,60474,320,2
80490,75937,0,1
80490,99206,70,1
80609,2302,14,4
80609,3011,14,2
80609,3011,4,1
80609,3437,4,2
80609,3437,10,1
80609,3437,15,1
80609,3437pr0067,14,2
80609,4066,14,4
80609,40666,14,2
80609,40666,10,1
80609,6510,25,1
80609,dupupn0106,9999,1
80609,upn0088,9999,1
80641,10010521,9999,1
80641,2412b,71,188
80641,2412b,72,9
80641,2412b,0,8
80641,2431,0,2
80641,2431,1,8
80641,2436,15,30
80641,2444,14,24
80641,2444,0,7
80641,2445,0,26
80641,2445,71,61
80641,2450,4,2
80641,2456,71,2
80641,2456,0,1
80641,2540,71,100
80641,2555,72,185
80641,2653,71,64
80641,2654,182,15
80641,2654,71,3
80641,2743,72,14
80641,2780,0,128
80641,2817,4,6
80641,2877,72,18
80641,3001,72,31
80641,3002,71,5
80641,3004,15,6
80641,3008,72,3
80641,3010,2,2
80641,3010,0,4
80641,3020,4,14
80641,3020,72,36
80641,3021,71,46
80641,3021,0,10
80641,3022,4,16
80641,3023,72,14
80641,3023,0,8
80641,3023,28,93
80641,3028,72,6
80641,3028,71,7
80641,3029,71,23
80641,3029,72,5
80641,3031,19,3
80641,3032,0,2
80641,3032,15,2
80641,3032,72,2
80641,3032,71,2
80641,3033,72,2
80641,3034,72,38
80641,3034,71,8
80641,3035,72,8
80641,3035,71,3
80641,3036,71,1
80641,30360,71,7
80641,30374,36,1
80641,30382,0,4
80641,3039,71,14
80641,3040b,71,7
80641,30414,72,1
80641,30503,72,14
80641,30504,72,2
80641,3062bpr0037,41,1
80641,3069b,0,6
80641,3176,0,8
80641,32001,0,51
80641,32018,0,8
80641,32054,4,8
80641,32059,71,2
80641,32064b,71,13
80641,32073,71,1
80641,32278,0,8
80641,32316,4,8
80641,3245c,71,19
80641,32523,1,6
80641,32555,14,6
80641,3460,19,41
80641,3460,72,21
80641,3622,14,12
80641,3623,71,35
80641,3665,71,2
80641,3666,0,8
80641,3666,71,53
80641,3673,71,2
80641,3678b,72,2
80641,3700,0,8
80641,3701,0,8
80641,3705,0,7
80641,3709,4,9
80641,3710,72,49
80641,3710,4,21
80641,3710,0,8
80641,3738,4,2
80641,3747b,71,4
80641,3794b,72,23
80641,3794b,71,96
80641,3795,71,6
80641,3832,0,14
80641,3832,15,5
80641,3839b,71,8
80641,3894,72,16
80641,3894,0,12
80641,3895,72,32
80641,3937,0,2
80641,3941,71,14
80641,3958,71,1
80641,4032a,1,10
80641,4032a,72,31
80641,4081b,72,1
80641,4151b,72,2
80641,41539,71,6
80641,4162,0,2
80641,41769,71,11
80641,41770,71,11
80641,42022,0,8
80641,42445,47,2
80641,4274,1,32
80641,4282,72,22
80641,4287b,71,4
80641,4287b,0,24
80641,43093,1,11
80641,4445,71,4
80641,4460b,72,2
80641,44728,72,4
80641,4477,72,18
80641,4510,15,2
80641,4510,0,2
80641,47397,71,53
80641,47397,72,9
80641,47398,72,9
80641,47398,71,53
80641,47457,72,4
80641,4854,15,1
80641,49668,135,1
80641,50304,71,1
80641,50305,71,1
80641,50950,0,8
80641,51739,71,7
80641,52107,0,37
80641,54200,71,1
80641,54383,71,34
80641,54384,71,34
80641,57899,0,3
80641,58247,0,1
80641,59426,72,2
80641,60470b,0,4
80641,60478,72,97
80641,60479,71,57
80641,60481,71,2
80641,6106,71,6
80641,6111,15,2
80641,6134,4,2
80641,6141,36,8
80641,6141,41,3
80641,6141,72,104
80641,6141,70,2
80641,6178,71,12
80641,6232,71,2
80641,63864,71,26
80641,64567,80,1
80641,6558,1,30
80641,6636,0,2
80641,6636,71,49
80641,73983,0,6
80641,73983,1,22
80641,75c08,71,2
80641,85970,0,8
80641,85984,72,26
80641,87079,71,94
80641,87087,71,1
80641,90498,0,1
80641,92099,72,10
80641,92280,0,2
80641,92280,4,24
80641,92438,71,6
80641,92593,71,31
80708,11214,4,13
80708,14720,71,1
80708,15460,72,2
80708,15462,70,2
80708,18651,0,8
80708,18654,0,1
80708,18654,15,1
80708,18945,26,2
80708,22127,71,1
80708,22169,72,2
80708,2780,0,77
80708,31794,71,4
80708,32002,19,6
80708,32005a,0,2
80708,32013,0,2
80708,32016,0,2
80708,32017,71,2
80708,32034,4,1
80708,32054,71,9
80708,32062,4,2
80708,32065,0,1
80708,32073,71,3
80708,32123b,14,6
80708,32126,0,4
80708,32140,0,7
80708,32184,71,7
80708,32271,72,2
80708,32316,0,14
80708,32498,0,1
80708,32523,15,3
80708,32524,321,9
80708,32525,0,1
80708,32526,321,2
80708,3673,71,3
80708,3706,0,4
80708,3708,4,1
80708,3713,4,2
80708,39794,0,1
80708,40490,71,6
80708,41239,71,1
80708,42003,0,2
80708,42195,71,1
80708,4274,71,2
80708,42924,1,29
80708,43093,1,11
80708,43857,14,8
80708,4519,14,3
80708,46189,0,5
80708,49130,71,2
80708,49283,4,1
80708,49283,1,1
80708,55013,72,2
80708,56908,15,4
80708,59426,72,2
80708,59443,0,2
80708,60483,0,9
80708,61408,71,2
80708,62462,1,2
80708,62531,0,1
80708,63869,0,6
80708,64393,26,1
80708,64681,26,1
80708,65098,71,4
80708,6536,15,3
80708,65413,4,1
80708,65414,71,1
80708,65487,71,8
80708,6589,19,5
80708,6628,4,4
80708,6629,0,4
80708,69909,0,4
80708,71682,321,1
80708,71709,321,3
80708,71710,0,2
80708,72204,9999,1
80708,75c14,0,1
80708,76138,71,2
80708,76537,14,2
80708,87080,0,1
80708,87082,0,5
80708,87083,72,4
80708,87086,0,1
80708,98138,47,2
80710,11214,4,2
80710,11946,4,1
80710,11947,4,1
80710,18575,19,2
80710,18651,0,4
80710,18943,0,1
80710,24116,1,1
80710,24316,70,3
80710,2780,0,9
80710,27938,72,1
80710,3069bpr0301,71,1
80710,3070bpr0235,71,1
80710,32009,15,2
80710,32013,0,6
80710,32015,0,2
80710,32034,0,1
80710,32056,0,2
80710,32062,4,2
80710,32140,15,5
80710,32184,4,2
80710,32270,0,3
80710,32523,15,2
80710,32526,0,1
80710,3673,71,1
80710,3705,0,3
80710,3706,4,2
80710,3713,0,2
80710,3749,19,2
80710,39888,19,2
80710,41239,15,2
80710,42003,4,2
80710,42195,0,1
80710,4274,71,7
80710,42924,1,7
80710,43093,1,10
80710,44874,4,1
80710,4519,14,6
80710,55981,4,4
80710,59443,4,7
80710,60483,0,5
80710,60484,4,2
80710,61408,0,2
80710,63869,71,1
80710,65487,0,4
80710,65489,71,1
80710,87083,72,1
80710,92402,0,4
80710,98138,47,2
80710,98138,36,2
80710,99021,72,1
80713,11477,15,2
80713,11477,25,2
80713,11477,3,2
80713,11946,3,1
80713,11946,15,1
80713,11947,3,1
80713,11947,15,1
80713,15462,70,1
80713,15790,0,1
80713,18651,0,2
80713,18654,15,5
80713,18677,15,2
80713,18945,3,2
80713,22961,0,1
80713,24201,72,2
80713,2780,0,14
80713,27940,72,1
80713,3010,0,1
80713,3021,15,2
80713,3021,25,1
80713,3022,25,1
80713,3023,0,2
80713,3024,0,1
80713,3024,25,2
80713,30602,40,1
80713,3069b,25,1
80713,3069b,15,2
80713,32002,19,4
80713,32015,0,1
80713,32017,72,2
80713,32034,15,4
80713,32039,71,1
80713,32054,25,1
80713,32062,4,5
80713,32065,15,2
80713,32073,71,2
80713,32123b,71,7
80713,32140,15,1
80713,32184,15,1
80713,32270,0,1
80713,32316,15,2
80713,32449,71,4
80713,32524,3,2
80713,3705,0,4
80713,3749,19,1
80713,39793,15,1
80713,42003,3,9
80713,4274,71,9
80713,42924,1,4
80713,43093,1,5
80713,44294,14,2
80713,4519,14,2
80713,48267,25,2
80713,54200,72,4
80713,54200,34,1
80713,54200,36,1
80713,59895,0,3
80713,61800,15,1
80713,65746,0,1
80713,6589,19,3
80713,6632,15,2
80713,72378,9999,1
80713,87408,0,1
80713,92907,71,1
80713,93606,25,1
80714,11214,4,3
80714,11946,0,1
80714,11947,0,1
80714,12799,72,1
80714,15462,70,1
80714,18654,27,6
80714,18654,71,1
80714,18654,0,5
80714,24116,0,4
80714,24119,0,2
80714,24316,70,4
80714,25214,71,2
80714,2525,0,1
80714,30374,27,4
80714,32009,0,2
80714,32016,27,4
80714,32054,27,3
80714,32062,4,4
80714,32073,14,2
80714,32123b,71,6
80714,32140,0,5
80714,32278,0,2
80714,32348,72,2
80714,32523,0,6
80714,32523,27,2
80714,32524,27,2
80714,32524,71,2
80714,32526,27,1
80714,3708,0,2
80714,3713,4,4
80714,39888,19,2
80714,40490,0,5
80714,41239,72,1
80714,41677,1,4
80714,41678,0,4
80714,42003,71,2
80714,4274,71,1
80714,42924,1,25
80714,43093,1,6
80714,43857,71,2
80714,44294,71,1
80714,4519,71,3
80714,55976,0,4
80714,56145,27,4
80714,60483,0,4
80714,60484,71,3
80714,60485,14,1
80714,61332,0,37
80714,62462,27,2
80714,63869,0,1
80714,6536,27,3
80714,6587,28,2
80714,71709,0,2
80714,72176,9999,1
80714,75c07,0,1
80714,98138,36,2
80714,99773,0,4
80719,11214,4,3
80719,11946,72,1
80719,11947,72,1
80719,12799,72,1
80719,15462,70,2
80719,18654,72,9
80719,24116,14,1
80719,24116,72,2
80719,25214,1103,2
80719,2525,0,1
80719,2780,0,24
80719,27940,72,1
80719,3069b,47,2
80719,32000,0,2
80719,32015,72,8
80719,32054,0,2
80719,32054,71,4
80719,32062,4,2
80719,32073,14,2
80719,32123b,71,10
80719,32140,72,2
80719,32140,14,1
80719,32184,14,1
80719,32316,14,2
80719,32348,0,2
80719,32449,14,2
80719,32523,0,2
80719,32524,0,3
80719,32525,71,2
80719,32526,25,1
80719,3708,0,2
80719,3713,4,6
80719,39888,19,1
80719,40490,72,4
80719,41239,0,1
80719,41239,72,2
80719,41677,72,2
80719,41678,0,2
80719,42003,71,4
80719,4274,71,15
80719,42924,1,16
80719,43093,1,14
80719,43857,71,2
80719,44294,71,3
80719,4519,71,7
80719,53451,179,12
80719,55976,0,4
80719,56145,25,4
80719,58176,36,2
80719,60483,25,1
80719,60483,0,8
80719,60484,0,2
80719,60485,14,1
80719,62462,71,1
80719,63869,71,4
80719,65487,71,4
80719,71709,72,2
80719,72181,9999,1
80719,75c09,0,1
80719,78c02,179,2
80719,78c03,179,2
80720,11211,71,2
80720,11476,0,1
80720,11477,226,5
80720,15068,15,1
80720,2420,72,2
80720,30165,72,1
80720,3021,29,1
80720,3023,1050,3
80720,3710,226,1
80720,49668,15,2
80720,60478,15,2
80720,61252,15,1
80720,64647,182,1
80720,64647,15,2
80720,85861,72,1
80720,87087,323,4
80720,98138pr0008,15,2
80736,33499pr0001,379,1
80736,87585,15,1
80736,88646,0,1
80736,90397pr0006,15,1
80750,25376,4,1
80750,3626cpr1675,14,1
80750,87990,226,1
80750,970c25,378,1
80750,973c27h01pr5255,15,1
80751,3626cpr2836,14,1
80751,90541,321,1
80751,970c05,272,1
80751,973c22h01pr5256,4,1
80839,10197,0,2
80839,11214,4,19
80839,11478,0,2
80839,11946,0,1
80839,11947,0,1
80839,14720,71,2
80839,15092,72,2
80839,15462,70,3
80839,15535,72,2
80839,18651,0,8
80839,18654,72,8
80839,22961,71,5
80839,24116,0,3
80839,25214,0,2
80839,25214,14,2
80839,2654,47,2
80839,2780,0,87
80839,27940,72,5
80839,2819,0,1
80839,2853,14,2
80839,30395,72,1
80839,3069b,36,4
80839,32002,19,2
80839,32009,14,4
80839,32013,14,5
80839,32016,72,4
80839,32034,0,2
80839,32062,4,24
80839,32073,71,3
80839,32123b,14,11
80839,32126,1,1
80839,32140,14,9
80839,32140,0,6
80839,32184,0,9
80839,32192,0,12
80839,32270,0,1
80839,32291,14,2
80839,32316,0,2
80839,32316,72,6
80839,32316,14,2
80839,32449,4,2
80839,32449,14,2
80839,32523,14,6
80839,32523,1,6
80839,32523pr0002,14,5
80839,32524,72,2
80839,32524,14,12
80839,32524,0,2
80839,32525,14,1
80839,32526,0,2
80839,32526,4,1
80839,32526,72,6
80839,32526,14,4
80839,32526pr0001,14,2
80839,3673,71,2
80839,3705,0,4
80839,3713,71,12
80839,3749,19,6
80839,39793,0,2
80839,39888,19,2
80839,40490,72,5
80839,40490,14,3
80839,41239,72,4
80839,41239,14,1
80839,41677,15,4
80839,42003,14,2
80839,42135,4,2
80839,42195,0,8
80839,4274,71,14
80839,42924,1,72
80839,43093,1,30
80839,44294,14,2
80839,44809,14,2
80839,44874,4,2
80839,4519,14,24
80839,56145,179,5
80839,56823c50,0,1
80839,59426,72,2
80839,59443,71,7
80839,59443,14,2
80839,60483,0,37
80839,60484,4,6
80839,60484,0,2
80839,6141,47,2
80839,61510,71,1
80839,61903,71,1
80839,63869,71,5
80839,65304,25,17
80839,6536,71,6
80839,65487,14,3
80839,65487,0,2
80839,65489,71,4
80839,6553,71,1
80839,6587,28,2
80839,6632,71,4
80839,6636,14,2
80839,66906,4,2
80839,70695,0,5
80839,71682,14,3
80839,71709,0,1
80839,71709,14,3
80839,72185,9999,1
80839,76537,14,2
80839,87083,72,4
80839,92907,0,2
80839,94925,71,1
80839,99009,71,2
80839,99010,0,2
80857,10190,4,2
80857,11212,272,1
80857,18674,72,1
80857,3069b,297,1
80857,49577,3,1
80857,6141,47,1
80857,64567,0,1
80865,15068,378,2
80865,15573,28,2
80865,15712,378,2
80865,3004,19,14
80865,3005,378,1
80865,3021,19,1
80865,3023,378,11
80865,3031,19,2
80865,3069b,378,6
80865,3623,19,1
80865,3710,378,1
80865,47905,378,7
80865,64644,378,1
80865,64647,182,1
80865,87580,19,4
80865,98138pr0026,15,2
80867,14417,72,1
80867,2432,0,5
80867,298c02,71,2
80867,3020,4,4
80867,3022,71,3
80867,3023,0,3
80867,34337,71,6
80867,4079b,4,1
80867,4600,0,3
80867,54200,47,2
80867,60478,72,1
80867,6141,46,2
80867,63082,71,1
80867,87087,71,2
80867,87414,0,6
80867,92280,71,1
80867,99780,72,1
80912,14719,4,1
80912,26604,0,1
80912,3005,71,1
80912,3039,72,1
80912,3040b,72,1
80912,3068b,4,1
80912,3068bpr9890,4,1
80912,3068bpr9891,4,1
80912,3070b,4,1
80912,32828,0,1
80912,32952,72,1
80912,37695,10,1
80912,54200,71,1
80912,54200,4,2
80912,66792,1,1
80912,66858,14,1
80912,67329,0,1
80912,85861,71,1
80912,85861,4,2
80912,87087,4,1
80912,87580,4,1
80912,87580,72,1
80913,11609,26,1
80913,15573,85,1
80913,15573,15,1
80913,20482,29,1
80913,22388,85,3
80913,24866,30,2
80913,3022,15,1
80913,3023,85,1
80913,30237b,85,2
80913,3068bpr9886,85,1
80913,3069bpr0320,85,1
80913,32607,3,1
80913,3937,85,1
80913,3938,71,1
80913,4032a,15,1
80913,44728,85,2
80913,66792,1,1
80913,67928,15,2
80913,87552,47,1
80914,15279,27,1
80914,15573,84,1
80914,15573,0,2
80914,24866,5,1
80914,3021,84,1
80914,3023,84,2
80914,3068bpr9893,0,1
80914,3068bpr9894,0,1
80914,32607,27,1
80914,37352,84,2
80914,54200,0,4
80914,66792,10,1
80914,66858,0,1
80914,67329,0,2
80914,87580,0,2
80915,15573,15,3
80915,20482,29,1
80915,24246,2,2
80915,3005,2,3
80915,3022,15,1
80915,3068bpr9884,15,1
80915,3069bpr0321,15,1
80915,3937,84,1
80915,3938,72,1
80915,4032a,15,1
80915,4070,2,2
80915,49307,15,7
80915,6091,2,2
80915,66792,14,1
80915,67329,15,2
80915,87552,47,1
80915,87580,15,1
80915,98138,71,2
80916,11610,0,1
80916,15068,484,2
80916,18674,71,1
80916,24855,15,1
80916,24866,1050,2
80916,3023,484,2
80916,3068bpr0493,484,1
80916,3068bpr9887,484,1
80916,37695,10,1
80916,4032a,85,1
80916,43898pr1007,15,1
80916,66792,85,1
80916,66858,70,1
80916,67329,0,2
80916,85861,2,1
80916,85861,15,2
80916,87552,47,2
80916,87580,484,1
80917,18674,71,1
80917,24855,2,1
80917,3022,19,1
80917,3024,84,1
80917,3068bpr9885,4,1
80917,4032a,14,1
80917,4032a,19,1
80917,49307,84,2
80917,66792,14,1
80917,67928,15,2
80917,73715pat0001,4,1
80917,85861,158,1
80917,85984,19,1
80917,85984pr0024,14,1
80917,87544,47,2
80917,99781,19,2
80918,14769pr0081,5,1
80918,15573,85,1
80918,18674,70,1
80918,24866,1050,1
80918,3003pr0155,19,1
80918,3022,27,1
80918,32607,10,1
80918,3937,0,1
80918,3941,70,1
80918,6134,0,1
80918,66792,85,1
80918,66855pr0003,85,1
80918,98138,5,1
80918,98138pr0048,70,1
80919,15533,72,1
80919,15573,72,2
80919,22388,71,12
80919,3010,72,1
80919,3068bpr9888,71,1
80919,3068bpr9889,71,1
80919,4032a,71,1
80919,6141,25,2
80919,66792,4,1
80919,67329,0,2
80919,87580,72,1
80919,98138,14,2
80921,11477,4,3
80921,14769pr9993,4,1
80921,20482,321,1
80921,24866,191,2
80921,24866,2,2
80921,3021,4,2
80921,3023,4,2
80921,3024,4,1
80921,3024,297,1
80921,3065,47,2
80921,32952,19,1
80921,3700,4,2
80921,37352,4,2
80921,4274,71,2
80921,54568,321,1
80921,66792,10,1
80921,66859,1,1
80921,67095pr0006,15,1
80921,73831,308,1
80921,73831,84,1
80921,73831,4,1
80921,87087,4,1
80922,15068,15,2
80922,3023,15,2
80922,3068b,15,1
80922,3068bpr0494,15,1
80922,3068bpr9892,15,1
80922,34103,3,1
80922,34103pr0001,3,1
80922,37775,182,2
80922,4032a,72,1
80922,66792,4,1
80922,66858,3,1
80922,67329,15,2
80922,85861,182,2
80922,87580,72,1
80922,98138,71,1
80922,98283,72,2
80971,11090,15,4
80971,11090,70,6
80971,11213,322,1
80971,11476,71,1
80971,11568pr0006,484,1
80971,11618,26,1
80971,15395,322,1
80971,15470,70,2
80971,15535,4,1
80971,15573,15,1
80971,15573,226,2
80971,15672,70,5
80971,15672,191,1
80971,15712,0,1
80971,18653,84,2
80971,18671,5,4
80971,18674,272,1
80971,18674,28,3
80971,18838,15,2
80971,18853,29,4
80971,19119,2,3
80971,20482,15,2
80971,20952,4,2
80971,22888,322,1
80971,22888,2,2
80971,22889,15,2
80971,23443,0,1
80971,2417,10,6
80971,24184,25,2
80971,24246,15,2
80971,2431,5,2
80971,2450,71,4
80971,2454b,84,2
80971,24866,5,18
80971,24866,29,12
80971,24866,31,12
80971,24866,14,1
80971,24866,30,9
80971,24947,14,1
80971,24947,4,1
80971,25269,191,2
80971,2540,28,1
80971,27448,15,5
80971,27925,191,2
80971,29119,15,1
80971,29120,15,1
80971,3003,15,1
80971,3004,84,10
80971,3005,84,10
80971,3009,15,2
80971,3020,5,5
80971,3021,70,5
80971,3021,15,2
80971,3022,27,1
80971,3023,15,1
80971,3023,4,2
80971,3023,31,3
80971,3023,70,6
80971,3032,19,1
80971,3034,2,2
80971,3035,322,1
80971,3036,2,1
80971,30367c,322,1
80971,30367c,14,1
80971,30367c,4,1
80971,30374,70,1
80971,3062b,70,6
80971,3068b,30,1
80971,3069b,322,7
80971,3069b,4,2
80971,3070b,15,1
80971,3176,70,1
80971,32001,0,1
80971,3297,272,8
80971,3298,272,4
80971,33183,10,6
80971,33320,2,1
80971,34816,15,2
80971,35442,85,5
80971,35480,27,6
80971,35700,191,1
80971,35787,14,1
80971,35787,27,1
80971,3633,297,2
80971,3660,71,4
80971,3666,15,2
80971,3673,71,1
80971,3700,70,1
80971,3710,226,1
80971,37775,182,1
80971,3795,27,7
80971,38320,297,8
80971,39262,15,1
80971,3941,31,1
80971,3943b,272,1
80971,40066,15,2
80971,4032a,5,1
80971,4032a,10,1
80971,41948,322,1
80971,42195,71,1
80971,42445,47,1
80971,44294,14,1
80971,47458,15,1
80971,47905,15,1
80971,54200,15,4
80971,59900,297,4
80971,59900,19,2
80971,6005,15,5
80971,60474,5,5
80971,60478,15,1
80971,60478,84,5
80971,60485,71,1
80971,60592,70,1
80971,6091,15,1
80971,6141,70,4
80971,6141,19,5
80971,6141,297,8
80971,62361,71,2
80971,63868,15,2
80971,63965,15,3
80971,63965,19,6
80971,65426,322,1
80971,65429,4,1
80971,65700,323,1
80971,6636,19,4
80971,72757,9999,1
80971,73878,15,4
80971,85861,14,1
80971,85984,272,8
80971,87079,19,2
80971,87081,15,2
80971,87087,19,4
80971,87580,3,1
80971,87618,71,1
80971,88292,84,6
80971,88704,0,1
80971,92438,2,1
80971,92692,297,1
80971,93095,191,2
80971,98138,1053,6
80971,98138,4,3
80971,98138,15,12
80971,98138pr0013,15,1
80971,98138pr0026,15,2
80972,11211,15,3
80972,11477,191,2
80972,11477,27,5
80972,14718,15,3
80972,14719,71,1
80972,14769,5,2
80972,14769,191,1
80972,15068,5,2
80972,15332,15,3
80972,15535,19,1
80972,15573,191,1
80972,15573,15,4
80972,15712,15,1
80972,18649,15,1
80972,18654,15,1
80972,18674,15,1
80972,19798,15,2
80972,20482,5,2
80972,20482,47,1
80972,20482,158,1
80972,21445,71,2
80972,22667,4,3
80972,22667,27,2
80972,23969,19,2
80972,2412b,15,2
80972,2412b,71,1
80972,2423,27,3
80972,24246,5,2
80972,24246,27,2
80972,2431,323,1
80972,24314c02,35,2
80972,2453b,15,2
80972,24599,191,2
80972,24866,4,16
80972,24866,27,3
80972,24866,2,2
80972,2654,15,1
80972,26601,28,2
80972,26603,15,1
80972,28326,15,1
80972,28802,15,1
80972,3001,191,3
80972,3001,84,2
80972,3004,19,1
80972,3005,73,1
80972,3005,191,2
80972,3009,27,2
80972,3009,15,2
80972,3010,27,1
80972,3010,15,5
80972,30151b,47,1
80972,3020,70,1
80972,3020,14,1
80972,3020,15,2
80972,3022,191,2
80972,3023,84,2
80972,3023,191,2
80972,3023,5,1
80972,3023,4,1
80972,3023,19,3
80972,3023,15,2
80972,3024,15,2
80972,3024,19,1
80972,3031,15,1
80972,3035,19,1
80972,30357,19,2
80972,3040bpr0013,15,1
80972,30562,47,2
80972,30613,15,2
80972,3062b,4,2
80972,3062b,322,2
80972,3065,47,1
80972,3068b,15,1
80972,3069b,5,1
80972,3069b,191,1
80972,3070b,5,3
80972,3070b,15,2
80972,3070b,29,1
80972,32028,0,1
80972,3245c,15,1
80972,32607,27,5
80972,32607,10,11
80972,32828,226,1
80972,33172,25,1
80972,33183,10,3
80972,33909,19,1
80972,34173,179,1
80972,3456,19,1
80972,35464,15,1
80972,3633,15,2
80972,3660,19,1
80972,3666,191,1
80972,3666,27,1
80972,3710,191,1
80972,3710,70,1
80972,3710,15,2
80972,3710,5,3
80972,3710,19,2
80972,37352,191,6
80972,3795,27,1
80972,3795,30,1
80972,3899,5,2
80972,3958,19,2
80972,4032a,14,1
80972,4032a,19,1
80972,40527,15,1
80972,4070,0,2
80972,41948,27,1
80972,43898,47,1
80972,44728,15,2
80972,4533,41,1
80972,4599b,0,1
80972,46303,321,1
80972,48092,27,2
80972,4865b,47,2
80972,48729b,71,3
80972,49307,19,2
80972,49307,84,4
80972,49307,5,4
80972,50015,15,1
80972,50304,15,1
80972,54200,5,2
80972,54200,27,4
80972,59900,25,2
80972,59900,14,1
80972,6003,19,2
80972,6003,15,2
80972,6005,191,2
80972,60470b,15,1
80972,60599,15,1
80972,6060,191,2
80972,60616b,47,1
80972,60897,19,1
80972,60897,4,2
80972,6091,191,2
80972,6112,15,1
80972,6141,25,5
80972,6141,14,1
80972,6141,4,1
80972,6215,191,1
80972,6233,5,1
80972,64570,15,2
80972,65578,47,3
80972,6587,28,1
80972,67095,15,2
80972,72454,15,1
80972,72754,9999,1
80972,85861,15,1
80972,87079,15,4
80972,87079,5,1
80972,87580,15,1
80972,87580,5,1
80972,92410,71,1
80972,92851,47,1
80972,93274,15,1
80972,95343,70,1
80972,98100,15,3
80972,98138,71,1
80972,98138pr0017,29,1
80972,98369,179,1
80972,98397,71,1
80972,99207,15,1
80973,10314,15,1
80973,11215,0,2
80973,11477,322,2
80973,14418,71,1
80973,15535,19,1
80973,15573,19,1
80973,15712,70,1
80973,15712,72,2
80973,15790,15,1
80973,16091,0,1
80973,18974,322,4
80973,18977,0,4
80973,20482,5,2
80973,22885,71,1
80973,22885,4,1
80973,22888,27,1
80973,22890,72,1
80973,2412b,15,1
80973,2420,15,3
80973,2431,14,1
80973,24866,10,2
80973,24866,5,3
80973,24947,14,1
80973,26603,15,2
80973,26603,29,2
80973,29119,15,1
80973,29120,15,1
80973,3003,2,1
80973,3005,15,8
80973,3020,10,1
80973,3020,19,2
80973,3021,15,1
80973,3021,14,1
80973,3021,322,2
80973,3022,15,3
80973,3023,15,5
80973,3023,2,1
80973,3024,14,1
80973,3024,322,4
80973,3029,0,1
80973,3068b,10,1
80973,3068b,322,1
80973,3069b,15,1
80973,3069b,14,2
80973,3069bpr0130,322,1
80973,32064a,14,1
80973,32607,10,3
80973,32803,15,2
80973,35336,40,1
80973,3623,14,2
80973,3666,322,2
80973,36840,15,2
80973,36841,71,1
80973,3707,4,1
80973,3710,15,5
80973,3937,14,1
80973,3938,71,1
80973,3941,15,3
80973,3942c,15,1
80973,39739,5,4
80973,4032a,14,1
80973,41948,27,1
80973,4490,15,1
80973,4697b,71,1
80973,52031,5,2
80973,60476,15,2
80973,60478,14,2
80973,61252,15,2
80973,6141,4,4
80973,6141,1,4
80973,6232,15,1
80973,6233,15,1
80973,6249,71,2
80973,6636,15,3
80973,66727,15,4
80973,67338,484,1
80973,69901pr0001,15,1
80973,72753,9999,1
80973,73590c03a,0,1
80973,85984,322,3
80973,87079,5,2
80973,87580,14,1
80973,87609,322,2
80973,87994,70,1
80973,88930,322,2
80973,88930,15,1
80973,92583,40,1
80973,93095,15,2
80973,93160,15,1
80973,93606,15,1
80973,98138,47,2
80973,98138,45,4
80973,98138,46,2
80973,99207,14,4
80974,13965,308,1
80974,15573,19,2
80974,18855,323,1
80974,20952,4,1
80974,24866,191,2
80974,24866,10,1
80974,3005,323,2
80974,3023,29,1
80974,3040b,308,1
80974,3069b,29,1
80974,32530,72,2
80974,32607,25,2
80974,32607,14,1
80974,33172,25,1
80974,34050pr0003,191,1
80974,3795,73,1
80974,54200,308,1
80974,54200,29,4
80974,59900,19,1
80974,6182,226,1
80974,64454,73,1
80974,64462pr0005,73,1
80974,64570,27,2
80974,66906,0,4
80974,74997,73,2
80974,87580,29,1
80974,93092,5,1
80975,11090,15,1
80975,11609,297,1
80975,15573,10,1
80975,15573,5,1
80975,15712,71,1
80975,20482,29,2
80975,20482,15,1
80975,24131,297,1
80975,24866,10,1
80975,24866,4,2
80975,3005,70,1
80975,30089b,0,1
80975,30136,84,1
80975,3023,226,1
80975,30374,15,1
80975,3040b,70,1
80975,32607,10,2
80975,32607,27,2
80975,35692,33,1
80975,36841,484,1
80975,54200,70,1
80975,64454,15,1
80975,64462pr0002,15,1
80975,64570,27,2
80975,69901pr0003,191,1
80975,74998,15,1
80975,77535,30,1
80975,87580,29,1
80975,88292,70,1
80975,93160,15,1
80975,98138,47,1
80976,15068,191,6
80976,15395,322,1
80976,15712,15,2
80976,18674,5,1
80976,18674,322,1
80976,24111pr0003,191,1
80976,3022,191,2
80976,3023,191,2
80976,3069b,15,1
80976,3069b,5,1
80976,3245c,19,1
80976,34103,15,1
80976,3837,72,1
80976,3852b,322,1
80976,4536,29,1
80976,53119,70,1
80976,64454,226,1
80976,64462pr0003,226,1
80976,64570,29,2
80976,69906,191,2
80976,92410,15,1
80976,93160,3,1
80976,95343,71,1
80976,98138,1053,1
80976,98138pr0056,84,1
80977,13548,71,1
80977,15573,0,1
80977,2423,27,1
80977,24866,10,2
80977,24866,1050,1
80977,24866,323,2
80977,25269,322,1
80977,25269pr0002,2,1
80977,27925,322,1
80977,30089b,0,1
80977,30136,28,1
80977,3023,322,1
80977,32530,14,1
80977,32607,14,1
80977,33183,10,1
80977,33320,29,1
80977,35620,70,1
80977,3626cpr3413,10,1
80977,3666,29,1
80977,54200,72,1
80977,59900,70,3
80977,6141,15,1
80977,64454,1050,1
80977,64462pr0001,1050,1
80977,64570,27,2
80977,66906,0,2
80977,67430pr0003,191,1
80977,74996,5,1
80977,77533,29,1
80977,87994,0,1
80977,98138,47,1
80978,15068,29,2
80978,15279,10,1
80978,15672,70,1
80978,18674,5,1
80978,18674,15,1
80978,24866,10,1
80978,24866,191,1
80978,24866,5,1
80978,3022,29,2
80978,3023,29,4
80978,3024,70,1
80978,32607,10,1
80978,32607,27,1
80978,3623,15,1
80978,41835pr0001,321,1
80978,6091,84,1
80978,6141,19,8
80978,64454,29,1
80978,64462pr0004,29,1
80978,64570,27,2
80978,69902pr0002,191,1
80978,69906,29,2
80978,72766,9999,1
80978,87693,15,1
80978,88292,84,1
80978,93606,29,2
80979,11211,15,2
80979,11610,484,2
80979,14226c11,0,1
80979,14719,72,4
80979,14769,4,1
80979,14769,19,6
80979,14769pr1070,19,1
80979,15068,14,3
80979,15254,19,2
80979,15279,27,2
80979,15391,15,1
80979,15392,72,1
80979,15573,15,7
80979,15573,70,1
80979,15573,4,1
80979,15573,1,1
80979,15573,71,1
80979,18654,15,4
80979,18895,4,1
80979,18896,0,1
80979,19798,72,1
80979,20309,378,2
80979,20310,71,4
80979,20482,0,1
80979,21459,297,1
80979,21459,70,2
80979,22667,4,3
80979,2412b,71,4
80979,2412b,0,6
80979,2412b,72,12
80979,2417,2,1
80979,2420,4,1
80979,2420,0,2
80979,2431,484,2
80979,2431,25,3
80979,2431,72,11
80979,2431,378,2
80979,2431,1,1
80979,2432,1,1
80979,2432,4,1
80979,2435,2,1
80979,2441,0,1
80979,2445,4,1
80979,2453b,320,2
80979,2453b,19,1
80979,2454b,15,4
80979,2454b,19,5
80979,2458,0,2
80979,2489,308,1
80979,2498,1,4
80979,25375,297,1
80979,2653,71,2
80979,26603,15,6
80979,26603,2,1
80979,27507,71,1
80979,27925,320,2
80979,2817,71,1
80979,3001,321,1
80979,3002,4,1
80979,30028,0,4
80979,3003,2,16
80979,3003,15,6
80979,30031,179,1
80979,3004,72,1
80979,3004,15,6
80979,3004,2,1
80979,3004,25,2
80979,3005,320,2
80979,3005,19,8
80979,3005,2,2
80979,3005,1,2
80979,3005,15,4
80979,3005,84,2
80979,3008,70,1
80979,3009,1,1
80979,3009,19,2
80979,3009,320,4
80979,3009,2,1
80979,3010,2,3
80979,3010,320,3
80979,3010,1,4
80979,30136,70,2
80979,30136,0,2
80979,30137,84,2
80979,30145,19,2
80979,3020,25,4
80979,3020,484,1
80979,3021,14,1
80979,3021,2,1
80979,3021,72,2
80979,3021,71,2
80979,3021,70,1
80979,3022,321,2
80979,3022,0,1
80979,3022,4,2
80979,3022,14,1
80979,3022,15,3
80979,3023,484,2
80979,3023,46,2
80979,3023,14,1
80979,3023,378,1
80979,3023,4,2
80979,3023,36,9
80979,3023,15,2
80979,3024,4,2
80979,3024,182,2
80979,3024,70,1
80979,3024,71,2
80979,3024,378,2
80979,3028,72,1
80979,3028,0,1
80979,3028,19,1
80979,3032,15,3
80979,30363,72,2
80979,30374,297,1
80979,3039,0,1
80979,30395,72,1
80979,3039pr0029,15,1
80979,3040b,72,6
80979,3040bpr0013,15,1
80979,30414,1,1
80979,30414,15,1
80979,3045,15,2
80979,3068b,15,3
80979,3068b,19,1
80979,3068bpr0019,15,3
80979,3069b,0,1
80979,3069b,19,3
80979,3069b,72,8
80979,3069bpr0301,71,1
80979,3070b,71,2
80979,3070b,182,4
80979,3070bpr0235,71,1
80979,3176,0,1
80979,3176,4,1
80979,3185,15,2
80979,32018,0,2
80979,32028,15,1
80979,32039,72,2
80979,32062,4,6
80979,32064a,0,8
80979,32123b,14,2
80979,32270,0,1
80979,32348,0,2
80979,3245c,19,1
80979,3245c,25,2
80979,32529,0,5
80979,32607,10,4
80979,32607,2,2
80979,33183,10,2
80979,33909,70,1
80979,33909,14,1
80979,35336,47,1
80979,35480,4,1
80979,3622,19,4
80979,3622,25,2
80979,3623,4,1
80979,3623,321,2
80979,3665,0,2
80979,3666,378,2
80979,3666,71,2
80979,3666,0,2
80979,3666,15,2
80979,3666,25,2
80979,36840,191,2
80979,36934,272,1
80979,3700,70,2
80979,3708,0,1
80979,3710,378,2
80979,3710,25,2
80979,3749,19,1
80979,37775,182,2
80979,3795,0,1
80979,3795,15,1
80979,3821,1,1
80979,3822,1,1
80979,3823,40,2
80979,3829c01,71,1
80979,3829c01,1,1
80979,3836,70,1
80979,3837,72,1
80979,3941,15,1
80979,3941,70,1
80979,39893,14,1
80979,4032a,484,1
80979,4032a,0,1
80979,41539,71,1
80979,4162,72,2
80979,41740,19,8
80979,41740,15,1
80979,42135,4,1
80979,4282,4,5
80979,4282,71,3
80979,44728,72,4
80979,44861,4,1
80979,4490,2,1
80979,45590,0,2
80979,45677,1,1
80979,47458,4,1
80979,48336,71,2
80979,48336,14,1
80979,50745,0,2
80979,50861,0,4
80979,50862,179,4
80979,51482,0,1
80979,52031,25,1
80979,52501,0,1
80979,53923,0,1
80979,54200,2,1
80979,54200,47,4
80979,54200,0,2
80979,54200,182,2
80979,54661,14,2
80979,57895,47,2
80979,59349,320,1
80979,59349,47,1
80979,59349,41,8
80979,59426,72,2
80979,6014b,71,6
80979,60212,1,2
80979,60470b,15,2
80979,60470b,0,1
80979,60477,71,2
80979,60478,0,2
80979,60478,72,2
80979,60479,15,2
80979,60581,71,1
80979,60583b,19,1
80979,60594,4,1
80979,60596,378,2
80979,60596,70,2
80979,60596,4,1
80979,60603,47,1
80979,60616b,47,1
80979,60897,70,1
80979,6091,15,3
80979,6091,4,3
80979,6112,72,1
80979,6112,19,1
80979,6126b,182,1
80979,6126b,41,5
80979,6141,41,5
80979,6141,4,1
80979,6141,10,2
80979,6141,15,1
80979,6179,15,1
80979,6182,84,1
80979,63868,72,2
80979,63868,0,2
80979,6583,72,1
80979,6636,71,4
80979,6636,19,4
80979,6636,15,7
80979,66955,0,1
80979,67688,71,6
80979,69958,72,3
80979,69962pr0001,70,1
80979,70922,27,1
80979,71771,72,6
80979,71772,72,1
80979,71772pr0001,72,1
80979,74093,9999,1
80979,74698,0,2
80979,74967,71,4
80979,85080,15,2
80979,85984,0,10
80979,85984,1,1
80979,85984,25,7
80979,87079,321,1
80979,87079,14,6
80979,87079,15,1
80979,87079,72,26
80979,87079,4,3
80979,87079,0,6
80979,87079,71,1
80979,87079,19,1
80979,87079pr0235,72,10
80979,87083,72,1
80979,87552,15,3
80979,87580,71,8
80979,87580,15,3
80979,87580,70,1
80979,87585,70,1
80979,87609,0,1
80979,87618,70,1
80979,87697,0,6
80979,90398,72,3
80979,91405,71,2
80979,92262,15,2
80979,92438,28,1
80979,92438,2,1
80979,92585,4,1
80979,92926,2,1
80979,93273,72,1
80979,93274,71,1
80979,95228,47,1
80979,95228,40,1
80979,95228,34,1
80979,96874,25,1
80979,98130,272,2
80979,98138,33,1
80979,98138,84,6
80979,98138,14,1
80979,98138,36,5
80979,98138,34,1
80979,98138,71,2
80979,98138pr0008,15,2
80979,98281,15,2
80979,98283,84,9
80979,99207,71,3
80979,99780,0,2
80979,99780,14,1
80980,10314,0,2
80980,11208,321,4
80980,11209,0,4
80980,11253,4,2
80980,11253,1,2
80980,11640,4,1
80980,14226c11,0,1
80980,14520,72,2
80980,14716,15,1
80980,14719,71,4
80980,15068,15,1
80980,15068,14,1
80980,15207,15,2
80980,15395,15,1
80980,15535,0,1
80980,15573,4,2
80980,15573,25,1
80980,15573,321,1
80980,15573,71,1
80980,18674,72,1
80980,18972,40,1
80980,20482,4,1
80980,21459,4,1
80980,22667,4,1
80980,22885,14,1
80980,22885,71,1
80980,22886,71,4
80980,23969,322,1
80980,23969,15,1
80980,2412b,71,12
80980,2417,10,2
80980,2431,272,2
80980,2431,84,13
80980,2431,14,1
80980,2431,72,5
80980,2431,70,2
80980,2431,25,1
80980,2432,71,4
80980,2454b,15,1
80980,2454b,71,2
80980,2456,15,9
80980,2465,15,2
80980,25386,19,1
80980,2653,0,1
80980,26603,0,1
80980,27507,3,1
80980,2877,0,1
80980,298c02,0,1
80980,3001,15,1
80980,3003,3,1
80980,3004,321,2
80980,3004,71,3
80980,3004,15,3
80980,3005,15,5
80980,3009,15,4
80980,3009,71,1
80980,3010,27,1
80980,3010,15,7
80980,3010,25,1
80980,3010,14,1
80980,30136,19,2
80980,30151b,47,1
80980,3020,0,1
80980,3020,70,1
80980,3020,4,1
80980,3020,15,2
80980,3020,321,2
80980,3021,27,2
80980,3022,14,1
80980,3023,71,2
80980,3023,14,1
80980,3023,36,1
80980,3023,25,2
80980,30236,15,1
80980,3024,182,2
80980,3027,71,2
80980,3032,28,1
80980,3033,71,1
80980,3039,0,1
80980,30414,71,13
80980,3062b,41,1
80980,3065,41,10
80980,3065,40,2
80980,3068b,72,2
80980,3069b,3,1
80980,3069b,0,1
80980,3069b,72,2
80980,3069b,84,1
80980,3070b,71,1
80980,3245c,321,1
80980,32606,191,4
80980,33051,10,1
80980,33078,4,1
80980,33183,10,3
80980,33909,4,2
80980,33909,71,2
80980,35299,4,2
80980,3622,3,1
80980,3623,0,2
80980,3633,15,2
80980,3665,321,4
80980,3666,19,2
80980,3710,19,2
80980,3710,0,3
80980,3710,70,2
80980,3710,272,2
80980,3795,70,1
80980,3829c01,4,1
80980,3852b,191,1
80980,3899,4,1
80980,3941,4,1
80980,4006,179,1
80980,4032a,3,1
80980,41740,71,7
80980,4282,272,1
80980,42876,484,1
80980,4345b,4,2
80980,4346,47,2
80980,44301b,71,2
80980,4515,272,2
80980,4528,0,1
80980,45677,0,2
80980,46212,41,4
80980,46303,321,2
80980,4740,71,1
80980,4865b,14,1
80980,4865b,15,2
80980,48729b,71,1
80980,49311,71,1
80980,49311,15,1
80980,50745,72,4
80980,52036,72,1
80980,52107,28,3
80980,53118pr0001,0,1
80980,53119,70,1
80980,54200,41,2
80980,59349,41,4
80980,60581,41,3
80980,60596,15,2
80980,60616b,41,1
80980,6112,15,4
80980,61252,15,1
80980,6157,4,2
80980,6179,0,1
80980,64000,15,2
80980,64951,84,1
80980,65886pr0008,272,4
80980,6636,272,2
80980,6636,84,2
80980,6636,71,8
80980,69958,72,1
80980,69962pr0001,19,1
80980,71771,72,4
80980,71772,72,1
80980,73961,9999,1
80980,85861,27,3
80980,85984pr0021,71,1
80980,87079,72,8
80980,87079,25,1
80980,87544,0,1
80980,87544,41,1
80980,87552,15,2
80980,87580,0,2
80980,88930,15,1
80980,90398,297,1
80980,91405,71,1
80980,92438,2,1
80980,93273,71,2
80980,93552,70,1
80980,95343,4,1
80980,96874,3,1
80980,98138,0,3
80980,98138,41,2
80980,98138,36,2
80980,99206,15,2
80980,99780,0,2
80981,10202,71,3
80981,11211,4,2
80981,11211,19,2
80981,11213,71,1
80981,11215,4,2
80981,14718,4,1
80981,14769,71,1
80981,15068,4,2
80981,15068,72,1
80981,15207,0,1
80981,15535,72,1
80981,18671,0,2
80981,19159,0,2
80981,19220,0,1
80981,22885,4,4
80981,22961,71,2
80981,2357,4,2
80981,2412b,71,8
80981,2412b,15,2
80981,2431,0,2
80981,2431,2,1
80981,2456,4,6
80981,2458,15,4
80981,2476a,28,2
80981,26599,0,1
80981,2780,0,7
80981,28326,226,6
80981,298c02,4,1
80981,3001,0,2
80981,3002,15,5
80981,3003,72,1
80981,3007,0,2
80981,3008,15,1
80981,3008,4,2
80981,3009,4,2
80981,3010,15,1
80981,3010,4,4
80981,30150,84,1
80981,3020,4,2
80981,3020,71,1
80981,3020,2,1
80981,3021,0,2
80981,3021,71,1
80981,3022,226,2
80981,3022,15,3
80981,3023,4,2
80981,3023,226,3
80981,3023,36,2
80981,3031,70,1
80981,3032,71,1
80981,3033,71,1
80981,3034,4,1
80981,3034,15,2
80981,3034,14,1
80981,30364,0,1
80981,3037,4,1
80981,30374,0,2
80981,3039pr0025,15,1
80981,3039pr0027,15,1
80981,3062b,36,4
80981,3062b,14,1
80981,3069b,36,2
80981,3069b,0,2
80981,3069b,33,5
80981,3070b,47,2
80981,32000,15,1
80981,32028,71,2
80981,32062,4,1
80981,32064a,4,2
80981,3245c,71,2
80981,32523,71,1
80981,3298,71,1
80981,3460,226,4
80981,35336,41,1
80981,3660,72,3
80981,3666,4,2
80981,3666,72,1
80981,3673,71,4
80981,3702,4,2
80981,3703,71,4
80981,3710,71,2
80981,3749,19,11
80981,3795,226,3
80981,3829c01,15,1
80981,3832,15,1
80981,3894,4,1
80981,3899,4,1
80981,3941,35,1
80981,3941,47,1
80981,3958,226,1
80981,3958,4,1
80981,39802pr0001,179,1
80981,40527,15,2
80981,41678,0,1
80981,41740,72,2
80981,43045,15,1
80981,43056,0,1
80981,4349,4,1
80981,44301b,0,2
80981,44568,71,1
80981,44728,15,8
80981,45677,15,1
80981,45677,4,1
80981,4599b,14,1
80981,48336,0,5
80981,4865b,72,4
80981,4871,15,1
80981,49743c01,72,1
80981,50337,71,1
80981,51858,71,1
80981,52031,4,1
80981,53941,71,2
80981,54657,71,4
80981,54671,4,2
80981,55981,0,14
80981,57697,0,2
80981,60474,15,2
80981,60474,4,1
80981,60474,0,1
80981,60475b,71,2
80981,60479,15,1
80981,60581,71,1
80981,60583b,4,2
80981,6081,15,2
80981,6091,15,4
80981,61409,4,2
80981,6141,33,2
80981,6141,35,3
80981,61485,15,1
80981,6155,71,2
80981,6177b,0,1
80981,6192b,72,2
80981,6232,4,2
80981,62462,71,6
80981,63864,71,2
80981,64954,72,1
80981,6583,72,4
80981,6636,71,4
80981,6636,15,6
80981,6636,1,2
80981,67446,72,5
80981,69729,4,2
80981,70694c03,41,1
80981,70880,182,3
80981,72454,15,1
80981,74158,9999,1
80981,85941,41,2
80981,87079,226,2
80981,87079,4,2
80981,87081,0,2
80981,87552,4,2
80981,88930,4,1
80981,89201,0,4
80981,92262,4,1
80981,92263,4,1
80981,92402,0,10
80981,93273,15,1
80981,93273,4,1
80981,93606,4,1
80981,95347,14,2
80981,98138,0,2
80981,99781,15,1
80982,10190,4,2
80982,10190,226,2
80982,14518,72,1
80982,15068pr0015,15,1
80982,15207,4,2
80982,15535,72,1
80982,15573,15,1
80982,15712,72,1
80982,16091,0,1
80982,16577,15,2
80982,18651,0,1
80982,19220,0,1
80982,20482,28,3
80982,20512pr0001,72,1
80982,21445,71,3
80982,22889,1,1
80982,2340,1,4
80982,23969,71,2
80982,23999c01,1,1
80982,2412b,72,8
80982,2421,0,3
80982,2431,1,2
80982,2432,0,4
80982,2454b,15,2
80982,26603,0,1
80982,2877,15,3
80982,28782,41,2
80982,3001,1,1
80982,3002,0,1
80982,3003,71,1
80982,30031,72,1
80982,3005,15,4
80982,3010,72,5
80982,3010,15,2
80982,3020,1,2
80982,3021,0,2
80982,3023,72,3
80982,3023,1,5
80982,30236,0,2
80982,3024,46,2
80982,3034,71,1
80982,30340,14,2
80982,3036,1,1
80982,30367c,71,1
80982,3039pr0025,15,2
80982,3039pr0027,15,1
80982,3043,0,1
80982,30503,1,2
80982,3069b,33,3
80982,3070b,1,2
80982,3070bpr0234,71,1
80982,32062,0,2
80982,32270,0,2
80982,32316,71,1
80982,3297,15,1
80982,3460,1,2
80982,35456,71,1
80982,35457,72,1
80982,35480,71,4
80982,3660,0,1
80982,3665,15,4
80982,3666,226,4
80982,3678b,72,1
80982,3678b,15,12
80982,3700,0,4
80982,3705,4,1
80982,3710,1,2
80982,3829c01,14,2
80982,3832,15,1
80982,3899,4,1
80982,4032a,1,1
80982,4079b,14,2
80982,4081b,15,2
80982,4175,72,3
80982,4286,4,2
80982,4286,15,6
80982,4289,15,1
80982,4349,72,2
80982,43713,0,1
80982,44301b,15,3
80982,44661,4,1
80982,44676,0,2
80982,44861,4,2
80982,4519,14,2
80982,4533,72,1
80982,4595,0,1
80982,46667,0,1
80982,47456,15,1
80982,48267,15,2
80982,48933,4,1
80982,49153,15,1
80982,50340,15,3
80982,51138,71,1
80982,54200,33,2
80982,54200,4,2
80982,59443,72,4
80982,60169,72,1
80982,60581,41,3
80982,60897,1,4
80982,6141,36,1
80982,6141,179,1
80982,61482,71,2
80982,6231,15,2
80982,64567,0,1
80982,71155,0,1
80982,72454,0,1
80982,73677,9999,1
80982,85984,226,2
80982,87081,15,1
80982,87087,4,2
80982,87087,15,2
80982,87580,71,1
80982,87580,72,2
80982,92099,15,1
80982,92107,226,1
80982,92279,41,1
80982,92410,71,1
80982,98138,34,2
80982,98138,36,2
80982,98138,46,5
80982,98302,72,2
80982,99563,297,4
80982,99780,4,2
80983,10314,15,1
80983,11303,272,1
80983,13547,72,4
80983,13731,191,2
80983,15068,71,1
80983,15068,0,2
80983,15068,272,1
80983,15207,191,2
80983,15672,72,4
80983,15672,191,2
80983,17979,191,2
80983,23448,40,1
80983,23969,71,2
80983,2412b,71,2
80983,2412b,0,3
80983,2415,71,3
80983,2431,1,2
80983,2431,15,1
80983,2432,71,6
80983,2540,15,4
80983,26603,191,1
80983,28326,72,2
80983,28802,15,3
80983,2926,0,4
80983,298c02,15,1
80983,3001,191,3
80983,3002,0,2
80983,30028,0,8
80983,3004,0,1
80983,3007,70,1
80983,3010,0,2
80983,30136,19,1
80983,30150,71,1
80983,3020,4,3
80983,3021,15,2
80983,3021,71,2
80983,3022,4,1
80983,3022,1,1
80983,3023,47,2
80983,3023,191,2
80983,3023,15,3
80983,3023,36,7
80983,3032,4,2
80983,3034,4,1
80983,3035,72,1
80983,30364,0,2
80983,3039pr0025,15,1
80983,30592,71,1
80983,3068b,4,1
80983,3068b,0,1
80983,3069b,71,2
80983,3069b,47,2
80983,3245c,4,1
80983,3245c,0,2
80983,3460,4,1
80983,3460,15,2
80983,3460,71,3
80983,35336,40,1
80983,3633,0,2
80983,3666,4,1
80983,3666,0,2
80983,3666,15,1
80983,3678b,272,1
80983,3710,4,6
80983,3738,71,1
80983,3795,15,1
80983,3795,0,2
80983,3829c01,4,1
80983,3899,14,1
80983,4006,0,1
80983,4032a,71,2
80983,4162,0,2
80983,41747,72,1
80983,41748,72,1
80983,42022,72,2
80983,4282,15,1
80983,43713,0,2
80983,43722,15,1
80983,43723,15,1
80983,44861,0,2
80983,4522,0,1
80983,48933,191,2
80983,50745,0,2
80983,52031,0,1
80983,54657,71,2
80983,58176,182,8
80983,6014b,15,4
80983,60581,40,1
80983,6081,71,2
80983,6081,0,2
80983,60897,4,4
80983,6112,71,4
80983,6141,182,6
80983,6179,0,1
80983,6231,191,2
80983,63868,0,2
80983,64567,0,4
80983,65202,0,1
80983,65630,71,3
80983,6583,15,1
80983,6636,71,3
80983,6636,0,4
80983,71752,19,3
80983,72454,0,3
80983,73771,9999,1
80983,74967,15,8
80983,85984,191,2
80983,87079,72,2
80983,87079,0,4
80983,87580,0,1
80983,87609,4,1
80983,87618,71,2
80983,87620,191,2
80983,87697,0,4
80983,88646,71,1
80983,90194,15,1
80983,92584,15,2
80983,93274,71,2
80983,98138,34,1
80983,98138,36,3
80983,98138,47,4
80983,99780,71,2
80983,99780,0,2
80983,99781,72,2
80984,10247,0,1
80984,11211,15,2
80984,11476,4,1
80984,13547,4,2
80984,14704,71,1
80984,15068,71,1
80984,15068,4,4
80984,15397,0,1
80984,15790,0,1
80984,16091,71,1
80984,18654,71,2
80984,18895,4,1
80984,18896,0,1
80984,19220,0,1
80984,22889,72,1
80984,2412b,72,10
80984,2415,71,3
80984,2431,0,2
80984,2431,71,1
80984,2431pr0159,71,1
80984,2432,1,1
80984,2456,72,1
80984,2479,0,1
80984,25214,15,1
80984,298c02,15,2
80984,298c02,1,1
80984,3001,15,1
80984,30031,72,1
80984,3004,0,3
80984,3007,1,1
80984,30095,72,1
80984,3020,4,3
80984,3020,72,2
80984,3020,2,2
80984,3022,15,1
80984,3022,27,1
80984,3022,0,1
80984,30236,72,2
80984,3033,71,1
80984,3033,0,1
80984,3034,71,1
80984,3039,4,4
80984,3039,15,4
80984,3039pr0028,15,1
80984,30414,19,2
80984,30503,4,1
80984,30592,71,1
80984,3062b,14,1
80984,3065,35,4
80984,3068b,1,2
80984,32028,72,1
80984,3245c,4,4
80984,3460,1,2
80984,3460,226,2
80984,3623,226,2
80984,3623,71,1
80984,3666,4,3
80984,3673,71,1
80984,3700,71,2
80984,3832,72,1
80984,3958,4,1
80984,4006,179,1
80984,4032a,0,1
80984,41682,71,2
80984,4285b,71,1
80984,43093,1,2
80984,44568,71,1
80984,44728,72,4
80984,45301,4,1
80984,4599b,14,1
80984,4868b,71,2
80984,4869,71,2
80984,49153,71,1
80984,49743c01,72,2
80984,50861,0,2
80984,50862,179,2
80984,50955,4,1
80984,50956,4,1
80984,51739,72,1
80984,60219,72,1
80984,60598,4,1
80984,60601,41,4
80984,60897,15,2
80984,61345,4,2
80984,6141,36,1
80984,6141,226,2
80984,6141,15,4
80984,6177b,0,1
80984,6239,4,1
80984,62462,71,1
80984,62743,0,2
80984,65630,71,3
80984,66906,0,1
80984,70694c03,41,3
80984,70880,182,5
80984,74139,9999,1
80984,85984,71,3
80984,87079,71,2
80984,87079,4,2
80984,87580,4,2
80984,87580,72,1
80984,87611,72,1
80984,87612,41,1
80984,87613,4,1
80984,91988,72,1
80984,91988,4,1
80984,92092,72,1
80984,93140,15,1
80984,93273,72,2
80984,95347,14,2
80984,98138,33,5
80984,98138,34,1
80984,98138,36,1
80985,11090,72,1
80985,11211,4,2
80985,15068,72,2
80985,15254,4,1
80985,18937c01,71,1
80985,2412b,0,2
80985,2431,33,1
80985,2431,4,2
80985,2432,71,1
80985,2456,4,1
80985,2512,14,1
80985,26603,15,1
80985,3001,14,1
80985,3002,71,1
80985,3002,1,2
80985,3009,4,2
80985,30136,308,2
80985,30137,70,4
80985,3031,72,1
80985,30367c,4,1
80985,3038,71,2
80985,3062b,14,1
80985,3069b,33,2
80985,3069b,46,2
80985,3245c,4,2
80985,3710,0,1
80985,3795,4,1
80985,3829c01,15,1
80985,3941,4,1
80985,39802pr0001,179,1
80985,4079b,1,1
80985,42022,4,2
80985,4349,72,1
80985,4599b,14,1
80985,50337,71,1
80985,55981,15,4
80985,60581,41,2
80985,60581pr0028,4,2
80985,60598,4,3
80985,60614,72,4
80985,6126b,41,1
80985,64453,41,1
80985,6636pr0030,72,1
80985,70646,15,1
80985,70880,182,2
80985,73590c03a,0,1
80985,85959pat0002,41,1
80985,87079pr0234,4,1
80985,92402,0,4
80985,92582,0,2
80986,11208,179,4
80986,11209,0,4
80986,11211,19,2
80986,11476,15,2
80986,11477,15,2
80986,15207,1,2
80986,18674,72,1
80986,18855,323,1
80986,22886,15,6
80986,2412b,0,2
80986,2412b,15,8
80986,2432,1,1
80986,2456,19,1
80986,26047,71,2
80986,2877,15,2
80986,3001,71,1
80986,3004,15,2
80986,30089b,27,1
80986,3009,19,2
80986,3010,15,2
80986,3010,73,1
80986,3020,15,2
80986,3020,2,1
80986,3022,15,2
80986,3022,14,1
80986,3022,0,1
80986,3023,36,2
80986,3023,73,1
80986,3023,2,1
80986,3023,1,2
80986,3027,72,1
80986,3031,0,1
80986,3036,72,1
80986,3036,15,1
80986,30503,15,1
80986,3062b,41,1
80986,3062b,47,1
80986,3069b,73,3
80986,3460,15,5
80986,3626c,4,1
80986,3665,19,6
80986,3666,73,4
80986,3666,72,1
80986,3710,28,2
80986,3710,4,2
80986,3710,15,1
80986,3710,73,3
80986,3795,15,2
80986,3795,72,1
80986,3821,15,1
80986,3822,15,1
80986,3829c01,1,1
80986,3832,19,1
80986,3899,14,1
80986,3899,5,1
80986,4032a,1,1
80986,4070,15,2
80986,4079b,1,2
80986,4162,73,1
80986,4162,15,2
80986,41740,15,6
80986,4282,71,1
80986,4488,0,4
80986,4528,0,1
80986,47457,15,2
80986,49668,179,1
80986,50745,15,4
80986,52031,15,1
80986,54200,46,2
80986,54200,71,2
80986,60479,15,1
80986,60581,40,2
80986,60594,71,1
80986,6112,15,2
80986,6141,1,1
80986,61484,15,1
80986,63082,71,1
80986,63864,15,2
80986,6636,0,1
80986,67338,484,1
80986,73124,9999,1
80986,73983,15,2
80986,85984pr0021,71,1
80986,87079,19,1
80986,87079,15,1
80986,87079,4,2
80986,87552,40,4
80986,92583,40,1
80986,92947,71,1
80986,93274,14,1
80986,98138,15,1
80986,98138,36,2
80986,98138,47,1
80986,98138,182,4
80986,98138pr0017,29,1
80986,98138pr0022,84,1
80986,98138pr0035,179,1
80986,98138pr0081,15,1
80986,98835,15,1
80987,11211,15,2
80987,11458,0,2
80987,11477,70,1
80987,14417,72,1
80987,15207,4,2
80987,15332,71,2
80987,15535,0,1
80987,18654,72,4
80987,18895,0,1
80987,18896,0,1
80987,20482,0,1
80987,23969,72,4
80987,2412b,72,8
80987,2420,0,2
80987,2431,0,4
80987,2431,71,1
80987,2432,71,1
80987,2437,40,1
80987,2445,71,2
80987,2456,15,1
80987,28326,226,2
80987,28802,0,2
80987,29119,1,1
80987,29120,1,1
80987,3001,72,2
80987,30028,0,4
80987,30029,0,1
80987,3003,72,1
80987,30031,71,1
80987,3004,1,2
80987,3009,1,1
80987,3009,15,2
80987,3010,1,2
80987,3010,4,2
80987,30157,71,2
80987,3021,1,2
80987,3022,70,2
80987,3023,19,2
80987,3023,1,2
80987,3023,15,1
80987,30236,72,1
80987,3024,182,4
80987,3032,1,1
80987,30364,0,1
80987,30414,0,1
80987,3062b,3,1
80987,3062b,4,2
80987,3065,40,1
80987,3069b,72,4
80987,3069b,33,3
80987,3070b,36,2
80987,3176,72,1
80987,32013,14,2
80987,3245c,15,2
80987,35336,41,1
80987,36060,0,1
80987,3622,15,2
80987,3622,1,3
80987,3623,70,2
80987,3666,226,2
80987,3666,272,1
80987,3666,71,1
80987,3666,15,2
80987,3709,72,1
80987,3710,1,1
80987,3710,71,1
80987,3710,4,4
80987,37762,0,1
80987,3795,226,2
80987,3821,1,1
80987,3822,1,1
80987,3829c01,71,2
80987,3899,14,1
80987,3958,226,1
80987,42924,1,2
80987,44301b,0,2
80987,44728,0,2
80987,4519,14,1
80987,48336,1,4
80987,49097,0,2
80987,50861,0,2
80987,50862,71,2
80987,50943,71,1
80987,52031,15,1
80987,54200,1,2
80987,54657,72,3
80987,55981,0,4
80987,57360,0,1
80987,58380,15,1
80987,58381,15,1
80987,60032,15,2
80987,6005,0,2
80987,60212,0,2
80987,60475b,4,2
80987,60601,41,2
80987,6081,72,1
80987,6091,72,2
80987,6141,47,2
80987,61482,71,2
80987,6157,4,2
80987,6215,71,2
80987,63868,15,1
80987,63868,70,1
80987,64728,4,2
80987,65571,71,2
80987,66252,15,1
80987,6636,15,1
80987,6636,72,2
80987,71752,0,1
80987,73676,9999,1
80987,74967,71,4
80987,85943,4,1
80987,87609,1,1
80987,88930pr0018,1,1
80987,91988,0,1
80987,92338,72,1
80987,92402,0,4
80987,92582,71,1
80987,93590,4,1
80987,98138,36,2
80987,98138,71,2
80987,98138,46,2
80987,98263,71,2
80987,99206,71,2
80987,99563,0,2
80987,99780,226,1
80988,11477,0,2
80988,15068,72,2
80988,15712,0,2
80988,15712,72,2
80988,18674,15,1
80988,21778,0,1
80988,2397,0,1
80988,2412b,179,3
80988,2412b,0,4
80988,2432,72,2
80988,2432,4,2
80988,2445,0,1
80988,2445,71,2
80988,2508,0,1
80988,2540,0,1
80988,2654,1,1
80988,26603,72,1
80988,3001,4,1
80988,3004,72,1
80988,3004,0,1
80988,30157,72,2
80988,3020,71,2
80988,3020,1,1
80988,3021,0,1
80988,3022,19,1
80988,3022,71,1
80988,3023,36,3
80988,3023,15,3
80988,3031,71,1
80988,3032,71,2
80988,3033,71,1
80988,3034,1,1
80988,30414,19,1
80988,30602,0,1
80988,3062b,14,1
80988,3068b,26,1
80988,3069b,2,2
80988,3069b,72,1
80988,3069b,1,3
80988,3069b,0,2
80988,32028,0,2
80988,3245c,2,2
80988,3460,15,2
80988,3622,2,2
80988,3660,2,6
80988,3666,19,4
80988,3666,72,1
80988,3710,1,2
80988,3795,72,2
80988,3795,2,1
80988,3823,41,1
80988,3829c01,4,1
80988,3829c01,15,1
80988,3941,15,1
80988,4006,0,1
80988,4032a,4,1
80988,4032a,0,1
80988,4032a,2,1
80988,4162,0,2
80988,41740,0,3
80988,41854,26,1
80988,43722,26,1
80988,43723,26,1
80988,44861,15,2
80988,4522,0,1
80988,4599b,14,2
80988,48336,72,2
80988,52031,15,2
80988,52031,2,1
80988,52501,72,1
80988,54200,2,2
80988,54200,47,2
80988,55981,71,4
80988,56890,0,4
80988,58090,0,4
80988,6014b,15,4
80988,60219,72,1
80988,60470b,71,1
80988,60477,0,2
80988,60478,0,2
80988,60478,71,2
80988,60481,2,2
80988,6091,14,2
80988,61072,179,2
80988,61252,0,2
80988,61409,15,2
80988,63082,71,1
80988,65886,72,2
80988,67688,0,2
80988,69963,72,2
80988,69964,0,2
80988,73133,9999,1
80988,85984,26,1
80988,85984pr0021,71,1
80988,87079,15,1
80988,87552,41,2
80988,87580,72,4
80988,88072,0,2
80988,90194,0,1
80988,91988,0,1
80988,92409,0,2
80988,92583,41,1
80988,93593,71,2
80988,93606,72,1
80988,98138pr9990,14,2
80988,98282,72,4
80988,98313,72,2
80988,98834,0,1
80988,99206,14,5
80988,99206,15,2
80988,99780,2,2
80988,99781,15,2
80989,15210pr0006,15,1
80989,2431,72,8
80989,2431pr0115,272,2
80989,2435,2,2
80989,24855,2,2
80989,3023,1000,2
80989,30261pr0008,15,1
80989,3031,2,5
80989,3035,2,3
80989,3069b,72,6
80989,32606,4,3
80989,32606,191,3
80989,32607,10,2
80989,3299,14,4
80989,42445,71,2
80989,44301b,71,2
80989,49668,0,2
80989,54657,72,2
80989,57360,0,2
80989,69958,72,4
80989,71771,72,6
80989,71772pr0001,72,1
80989,87079,72,19
80989,87079pr0235,72,10
80989,87087,0,6
80989,92582,71,2
80989,98138,36,2
80989,98138,46,2
80989,98138,34,2
80989,98549,71,4
80991,11214,72,2
80991,11458,71,2
80991,15573,4,4
80991,18671,72,2
80991,22885,15,2
80991,22885,19,2
80991,2431,71,1
80991,2432,71,1
80991,2456,1,1
80991,2780,0,4
80991,27925,4,2
80991,2877,0,6
80991,28802,0,1
80991,29685pr0001,15,1
80991,3003,72,3
80991,30150,84,1
80991,3020,0,1
80991,3021,15,2
80991,3022,1,2
80991,3023,47,6
80991,3068b,19,2
80991,3068b,4,3
80991,32000,4,4
80991,32039,71,2
80991,32073,71,2
80991,32140,0,2
80991,32192,71,2
80991,33051,4,1
80991,33172,25,2
80991,33183,10,3
80991,3460,0,2
80991,3666,72,1
80991,3749,19,4
80991,3823,47,1
80991,3829c01,1,1
80991,41740,0,1
80991,4175,72,2
80991,4286,1,2
80991,43093,1,2
80991,44301b,0,2
80991,44567b,71,1
80991,4477,4,2
80991,45677,4,1
80991,4594,47,2
80991,47755,0,1
80991,48336,0,1
80991,4871,72,1
80991,51270,25,1
80991,54200,182,2
80991,54200,36,2
80991,54657,0,2
80991,56145,15,2
80991,56898,0,2
80991,56904,15,2
80991,58176,182,1
80991,6060,4,2
80991,6222,72,1
80991,63082,71,1
80991,64570,0,1
80991,65380,0,1
80991,65571,71,1
80991,70695,0,2
80991,71752,0,4
80991,71752,19,4
80991,73109,71,2
80991,76766,1,1
80991,85861,71,1
80991,85943,72,1
80991,91988,0,1
80991,93606,4,1
80991,98138,47,2
80991,99563,0,4
80992,11476,14,2
80992,14518,72,1
80992,15068pr0043,14,2
80992,15207,14,2
80992,19220,0,1
80992,20512pr0001,72,1
80992,2508,0,1
80992,26601,4,2
80992,30031,72,1
80992,3004,1,1
80992,30162,72,1
80992,3020,14,1
80992,3021,4,1
80992,3021,0,1
80992,3022,15,2
80992,3022,1,1
80992,3023,36,2
80992,3023,15,1
80992,3034,71,1
80992,3069b,41,1
80992,35480,14,1
80992,3710,14,1
80992,3795,72,3
80992,3829c01,1,1
80992,4079b,1,1
80992,4349,4,1
80992,43713,4,1
80992,43719,4,1
80992,43719,14,1
80992,44674,14,1
80992,44861,4,2
80992,47456,1103,1
80992,4871,4,2
80992,50950,14,4
80992,58176,182,1
80992,6014b,71,4
80992,6091,14,2
80992,6157,0,3
80992,63082,71,1
80992,64450,0,1
80992,85984,72,1
80992,87079,71,1
80992,87580,71,2
80992,87697,0,4
80992,88072,72,1
80992,92409,0,2
80992,93593,71,2
80992,98313,72,1
80992,99207,15,1
80993,14226c11,0,1
80993,14417,72,1
80993,14418,71,1
80993,15068,4,2
80993,15068pr0038,4,1
80993,15391,15,1
80993,15392,72,1
80993,18671,4,1
80993,22885,4,2
80993,2431,33,1
80993,2440,15,1
80993,2540,4,2
80993,3010,4,1
80993,3020,0,1
80993,3021,71,1
80993,3022,4,2
80993,3023,226,3
80993,3024,36,2
80993,3031,4,1
80993,30367c,15,2
80993,3037,4,1
80993,3039,72,1
80993,32028,71,1
80993,35480,71,2
80993,3665,4,4
80993,3666,226,2
80993,3710,4,2
80993,3710,15,1
80993,3823,41,1
80993,3829c01,15,1
80993,3938,0,1
80993,3941,70,4
80993,4081b,4,2
80993,41854,4,1
80993,4345b,71,1
80993,4346,15,1
80993,4349,72,1
80993,44728,72,1
80993,45677,4,1
80993,6014b,0,4
80993,60474,71,1
80993,6126b,182,4
80993,6141,41,5
80993,63868,4,2
80993,69963,72,2
80993,69964,0,2
80993,87697,0,4
80993,98138,47,2
80994,11289,41,1
80994,11476,4,1
80994,15397,15,1
80994,15573,4,2
80994,18674,1,1
80994,21445,71,1
80994,2421,0,1
80994,2431pr0162,1,2
80994,2432,71,1
80994,2479,0,1
80994,2654,46,1
80994,3003,71,1
80994,30031,0,1
80994,30248,72,1
80994,3031,1,1
80994,30592,71,1
80994,3069b,33,1
80994,3069bpr0100,2,2
80994,3069bpr0301,71,1
80994,32124,1,1
80994,3666,72,2
80994,3710,226,2
80994,4079b,1,1
80994,4349,72,1
80994,43713,0,1
80994,47457,1,1
80994,47753,4,1
80994,48336,1,1
80994,50950,1,1
80994,60470b,0,2
80994,61409,1,2
80994,61482,71,1
80994,65096,15,1
80994,88930,1,1
80994,93273,1,1
80994,98100,71,1
80995,10314,321,2
80995,11208,0,4
80995,11209,0,4
80995,11291,321,1
80995,11477,321,6
80995,15207,15,2
80995,18980,0,1
80995,22889,321,2
80995,2412b,321,3
80995,2412b,36,2
80995,24246,321,2
80995,2432,321,2
80995,26601,15,2
80995,28326,0,1
80995,28802,4,1
80995,3002,14,1
80995,30136,15,1
80995,3020,15,2
80995,3021,14,1
80995,3022,71,2
80995,3023,182,4
80995,3023,2,1
80995,3023,36,1
80995,3031,0,1
80995,3069b,321,4
80995,35480,72,2
80995,3666,321,4
80995,3710,0,1
80995,3710,321,2
80995,3795,15,1
80995,3829c01,15,1
80995,45677,321,1
80995,47457,72,1
80995,48336,0,1
80995,50745,321,4
80995,50949,0,1
80995,54200,41,2
80995,57783,40,1
80995,60477,321,2
80995,65202,0,1
80995,85984,15,1
80995,93273,321,1
80995,93606,321,1
80995,93609,0,2
80995,98834,321,1
80995,99781,71,1
80997,3626cpr1091,14,1
80997,4503,80,1
80997,64647,4,1
80997,970c01,0,1
80997,973e080pr5119,0,1
81000,11211,71,1
81000,11211,15,5
81000,11477,323,2
81000,11477,272,7
81000,11609,297,5
81000,14716,71,1
81000,14716,19,4
81000,14719,71,1
81000,14769,71,1
81000,14769,323,1
81000,14769,15,1
81000,14769,0,2
81000,15254,323,3
81000,15332,15,3
81000,15573,297,2
81000,15573,26,1
81000,15573,72,2
81000,16577,3,3
81000,18674,28,1
81000,18674,85,8
81000,18674,72,1
81000,18853,191,1
81000,18980,31,5
81000,20309,15,3
81000,20482,297,2
81000,20952,15,1
81000,21445,71,1
81000,22885,15,8
81000,22886,323,9
81000,22888,322,1
81000,23443,15,1
81000,23969,26,5
81000,23969,41,1
81000,24093,27,1
81000,2417,10,3
81000,2420,0,3
81000,2431,1056,2
81000,2431,191,3
81000,2431,15,2
81000,2431,272,1
81000,24324,27,1
81000,2453b,323,2
81000,2453b,19,1
81000,24855,2,3
81000,24866,191,24
81000,24866,5,13
81000,24866,10,16
81000,25269,3,2
81000,26047,15,3
81000,26603,71,2
81000,26603,191,1
81000,26603,26,1
81000,27507,191,4
81000,27925,30,2
81000,27925,3,2
81000,29636,71,1
81000,3001,15,2
81000,3004,15,1
81000,3004,323,31
81000,3004,0,4
81000,3005,84,3
81000,3005,30,4
81000,3005,31,5
81000,3005,15,2
81000,3005,272,1
81000,3005,25,1
81000,3005,323,9
81000,3005,3,2
81000,3005pr0006,73,1
81000,3009,84,2
81000,3009,15,3
81000,3010,323,15
81000,3010,15,6
81000,3010,26,2
81000,3010,31,1
81000,30136,19,3
81000,30136,3,6
81000,30136,71,4
81000,30165,71,1
81000,3020,31,2
81000,3020,19,2
81000,3020,27,1
81000,3020,84,4
81000,3021,19,3
81000,3021,85,1
81000,3022,15,1
81000,3022,85,1
81000,3022,19,2
81000,3022,3,2
81000,3022,26,3
81000,30222,42,1
81000,3023,26,7
81000,3023,19,3
81000,3023,321,1
81000,3023,272,6
81000,3023,71,4
81000,3024,3,2
81000,3030,71,1
81000,3031,322,1
81000,3032,19,2
81000,3033,26,1
81000,3033,71,2
81000,3034,19,4
81000,3034,26,3
81000,3035,322,1
81000,3035,84,1
81000,30357,322,1
81000,30357,26,2
81000,3036,27,4
81000,30367c,1054,1
81000,30377,15,1
81000,3039,272,23
81000,3040b,272,1
81000,3045,272,6
81000,3062b,15,1
81000,3062b,34,1
81000,3062b,19,1
81000,3062b,33,1
81000,3062b,3,18
81000,3068b,322,1
81000,3069b,191,5
81000,3069b,297,2
81000,3069b,323,3
81000,3069b,3,1
81000,3069b,15,1
81000,3069b,26,5
81000,3069b,322,1
81000,3069b,30,4
81000,3069bpr0099,15,1
81000,3069bpr0130,322,1
81000,3069bpr0278,15,2
81000,3070b,191,2
81000,3176,15,1
81000,3245c,19,3
81000,32607,27,1
81000,32607,2,1
81000,32828,71,2
81000,33909,272,1
81000,34103,212,4
81000,34173,179,1
81000,35074pr0002,26,1
81000,35464,15,1
81000,3622,272,1
81000,3623,15,2
81000,3623,72,2
81000,3666,323,2
81000,3666,26,6
81000,3666,15,2
81000,3666,272,3
81000,3666,30,1
81000,3710,272,2
81000,3710,26,7
81000,37352,85,5
81000,37352,15,2
81000,37695,10,1
81000,3795,30,4
81000,3795,26,1
81000,3795,19,2
81000,3795,27,1
81000,3795,71,1
81000,38014,15,3
81000,3830,0,1
81000,3831,15,1
81000,3852b,191,1
81000,3937,0,2
81000,3941,85,7
81000,3957b,15,1
81000,40066,3,2
81000,4032a,15,1
81000,4081b,71,2
81000,4162,71,2
81000,41682,0,1
81000,41740,28,1
81000,41740,19,6
81000,41948,322,1
81000,4216,19,2
81000,4217,323,2
81000,4218,15,7
81000,4219,26,1
81000,4282,26,1
81000,4345b,15,1
81000,4346,71,1
81000,4445,272,2
81000,4528,179,1
81000,4533,41,1
81000,4533,15,2
81000,4536,84,2
81000,4599b,297,2
81000,4740,71,2
81000,4740,41,1
81000,48092,15,4
81000,48336,71,4
81000,49307,19,7
81000,49307,30,2
81000,49307,26,4
81000,49307,3,6
81000,49668,4,1
81000,53119,70,1
81000,53119,15,2
81000,59349,15,4
81000,59900,52,2
81000,60032,0,1
81000,60474,322,1
81000,60474,30,1
81000,60592,15,10
81000,60594,15,2
81000,60596,26,2
81000,60601,47,28
81000,60601,1056,6
81000,60603,47,2
81000,60623,272,1
81000,60623,15,1
81000,60897,71,3
81000,60897,4,1
81000,61252,85,2
81000,6134,71,2
81000,6141,297,10
81000,6141,25,1
81000,6141,85,9
81000,6141,29,3
81000,6141,4,1
81000,6141,46,2
81000,6182,19,1
81000,6254,85,1
81000,65578,47,2
81000,6636,30,5
81000,6636,272,1
81000,68013,71,1
81000,72759,9999,1
81000,73878,15,12
81000,85080,3,2
81000,85861,71,2
81000,85984,272,1
81000,87079,30,2
81000,87079,71,2
81000,87079,191,2
81000,87079,26,4
81000,87079,3,2
81000,87079,85,1
81000,87079,19,2
81000,87087,72,1
81000,87544,15,4
81000,87580,26,2
81000,87580,297,1
81000,87994,297,4
81000,88393,323,2
81000,88646,15,1
81000,90370pr0005,0,1
81000,92410,70,1
81000,92410,0,1
81000,92410,71,2
81000,92438,31,2
81000,92438,19,1
81000,92950,15,1
81000,93274,15,1
81000,93609,15,1
81000,96874,3,1
81000,98138,1,2
81000,98138,72,2
81000,98138,322,1
81000,98138,4,1
81000,98138,158,1
81000,98138pr0024,179,1
81000,98283,84,9
81000,99780,15,1
81001,10247,71,2
81001,10247,0,2
81001,10314,323,4
81001,10928,72,3
81001,11211,15,2
81001,11212,0,1
81001,11609,297,6
81001,13731,272,2
81001,14395,15,4
81001,14716,15,2
81001,14769,71,2
81001,14769,323,1
81001,15068,15,2
81001,15573,272,2
81001,18677,0,1
81001,20482,0,1
81001,20482,15,4
81001,22885,15,6
81001,2357,15,2
81001,2357,272,2
81001,23969,41,1
81001,2412b,71,5
81001,24201,15,2
81001,2431,71,1
81001,2431,322,2
81001,2431,19,4
81001,2431,272,4
81001,2453b,323,2
81001,2456,15,1
81001,24866,27,1
81001,24866,14,1
81001,25269,322,2
81001,25269,15,4
81001,25269,4,2
81001,2780,0,5
81001,27925,322,2
81001,3001,272,1
81001,3004,4,5
81001,3004,19,2
81001,3004,272,3
81001,3004,0,4
81001,3004,323,16
81001,3005,272,2
81001,3005,323,4
81001,3005pr0014,15,2
81001,3009,15,2
81001,3009,272,4
81001,3010,323,10
81001,3010,15,2
81001,3010,272,2
81001,3010,71,2
81001,3020,0,1
81001,3020,322,1
81001,3020,15,2
81001,3021,15,1
81001,3022,15,1
81001,3022,71,1
81001,3023,15,1
81001,3023,322,9
81001,3024,15,4
81001,3027,31,4
81001,3032,31,1
81001,3032,15,2
81001,3033,31,2
81001,30357,31,2
81001,3039,15,4
81001,30414,15,1
81001,30562,323,2
81001,3062b,33,1
81001,3062b,70,1
81001,3062b,36,1
81001,3065,33,1
81001,3065,36,1
81001,3068b,4,6
81001,3068b,19,1
81001,3068b,272,2
81001,3069b,15,1
81001,3069bpr0100,2,1
81001,3069bpr0198,15,1
81001,3070b,4,2
81001,3176,15,1
81001,32000,0,2
81001,32009,15,2
81001,3245c,15,1
81001,32530,72,1
81001,32803,15,2
81001,32952,15,22
81001,3460,322,12
81001,35809pat0001,323,1
81001,3660,15,1
81001,3666,323,2
81001,3666,272,2
81001,3666,322,7
81001,3666,15,2
81001,36840,0,1
81001,3701,0,1
81001,3710,272,5
81001,3710,322,1
81001,3710,15,2
81001,3710,0,1
81001,3710,4,2
81001,3749,19,1
81001,3795,15,1
81001,3795,31,2
81001,3830,15,4
81001,3831,15,4
81001,3832,15,1
81001,3832,0,1
81001,39613,4,2
81001,4162,19,2
81001,4274,71,2
81001,42918,15,1
81001,43093,1,4
81001,4477,0,1
81001,4599b,297,1
81001,46342,272,2
81001,48092,272,2
81001,4865b,41,2
81001,50950,0,15
81001,54200,33,1
81001,54200,36,1
81001,54200,322,2
81001,54383,4,1
81001,54384,4,1
81001,57895,15,1
81001,59443,4,1
81001,59900,0,1
81001,59900,297,2
81001,60596,15,4
81001,60616b,47,2
81001,60616b,71,1
81001,60897,0,7
81001,6141,47,1
81001,6141,46,32
81001,6141,19,2
81001,6141,0,4
81001,6178,0,1
81001,6254,15,2
81001,63864,4,8
81001,65578,47,4
81001,6587,28,2
81001,6636,272,2
81001,72758,9999,1
81001,85984,4,5
81001,85984,15,1
81001,85984,19,1
81001,87079,4,2
81001,87079,0,1
81001,87087,15,2
81001,88293,4,4
81001,92338,297,1
81001,92950,15,1
81001,93606,15,2
81001,96874,25,1
81001,99780,0,6
81002,10314,5,2
81002,11602pr0003,379,1
81002,11618,26,1
81002,12622c02,323,1
81002,15571,323,4
81002,15573,5,1
81002,18674,15,1
81002,18855,323,1
81002,18920,179,1
81002,22888,323,1
81002,26603,191,1
81002,3003,85,1
81002,3004,85,2
81002,3010,85,1
81002,3020,85,1
81002,30237b,15,1
81002,3031,85,1
81002,3039pr0029,15,1
81002,3069b,15,1
81002,3069b,36,2
81002,3069bpr0100,2,1
81002,33909,15,1
81002,35700,191,2
81002,3666,5,1
81002,3823,47,1
81002,3829c01,15,1
81002,3852b,322,1
81002,4162,85,2
81002,41740,5,1
81002,43892,5,1
81002,6014b,15,4
81002,60581pr0029,15,1
81002,69902pr0001,484,1
81002,87580,5,2
81002,87697,0,4
81002,93604pr0008,15,1
81002,98138pr0056,84,1
81089,10884,10,3
81089,11291,321,1
81089,14520,72,2
81089,15068,5,2
81089,15068,191,2
81089,15068,19,3
81089,15070,71,2
81089,15207,15,2
81089,15535,28,1
81089,18651,0,1
81089,18653,191,4
81089,20482,0,1
81089,2412b,0,1
81089,2431,321,1
81089,2431,191,1
81089,2431,25,2
81089,2431,72,2
81089,24312,4,1
81089,24314c02,35,2
81089,2437,41,1
81089,2458,0,2
81089,2486,25,3
81089,2496,10,1
81089,2496,0,2
81089,26599,71,1
81089,26603,71,1
81089,28326,72,4
81089,3002,19,3
81089,3002,1,1
81089,3009,19,2
81089,30099,19,6
81089,3010,15,1
81089,3020,15,2
81089,3021,19,2
81089,3023,25,6
81089,3024,36,4
81089,3031,15,1
81089,3035,2,1
81089,3062b,321,2
81089,3062b,25,6
81089,3062bpr0027,15,1
81089,3068b,15,1
81089,3069b,72,2
81089,3069bpr0302,322,1
81089,35654,0,1
81089,36934,272,1
81089,3710,321,5
81089,3795,70,2
81089,3829c01,1,1
81089,3941,70,1
81089,3942c,25,2
81089,3957b,0,2
81089,4032a,70,1
81089,40378,70,1
81089,4079b,19,1
81089,41539,71,1
81089,42511,85,1
81089,44301b,71,2
81089,44676pr0001,15,2
81089,45677,15,1
81089,4740,0,4
81089,4865b,71,1
81089,50861,0,2
81089,50862,4,2
81089,52036,72,1
81089,52501,15,2
81089,54200,41,2
81089,56890,0,4
81089,59349,19,1
81089,6014b,25,4
81089,60474,0,2
81089,60477,15,2
81089,60581,71,1
81089,61409,15,2
81089,6141,15,1
81089,6141,25,2
81089,6157,4,2
81089,62462,70,1
81089,63868,0,2
81089,65509,484,2
81089,69958,72,1
81089,71771,72,3
81089,73947,9999,1
81089,85984pr0017,15,1
81089,87079,72,2
81089,87079,5,1
81089,87079pr0235,72,2
81089,87994,70,1
81089,88930,72,1
81089,98138pr0035,179,6
81089,99781,72,4
81101,18986,47,1
81101,19729pr0035,14,1
81101,73231,379,2
81101,970c07,308,1
81101,973c01h07pr5488,14,1
81102,23766pr0024,92,1
81102,25767pr0006,70,1
81102,41879a,308,1
81103,23766pr0002,1,1
81103,25767pr0007,1,1
81103,41879a,70,1
81203,11170pr0013,15,1
81203,11170pr0014,15,1
81203,11248c05,14,1
81203,11248c06,322,1
81203,4198pr9977,15,1
81203,72134,14,1
81203,72134,1055,1
81203,72135pr0001,15,1
81204,11170,4,1
81204,11170pr0015,15,1
81204,11170pr0016,15,1
81204,11170pr0017,4,1
81204,11841c03,15,1
81204,15211,0,1
81204,2302,321,2
81204,2318c01,71,1
81204,6344094,9999,1
81204,6344095,9999,1
81204,89398,15,2
81204,92011,4,1
81204,98224,4,1
81204,98233,15,1
81305,3001,15,24
81305,3001,1,24
81305,3001,14,24
81305,3001,0,12
81305,3001,4,24
81305,3001pr0043,14,6
81305,3002,0,12
81305,3002,15,12
81305,3002,1,12
81305,3002,14,12
81305,3002a,4,12
81305,3003a,15,22
81305,3003a,1,22
81305,3003a,4,22
81305,3003a,0,22
81305,3003a,14,22
81305,3003pr0052,14,12
81305,3006,4,8
81305,3007,1,8
81305,3185,4,12
81305,3471,2,4
81305,3483,0,2
81305,3778,2,2
81305,4180c02,0,1
81305,4202,1,6
81305,4204,2,6
81305,4594,47,6
81305,4727,2,6
81305,4728,14,2
81305,4728,15,2
81305,4728,4,2
81305,4743,4,3
81305,4744,14,3
81305,4747,4,3
81305,4748,4,3
81305,fig0001,9999,3
81305,fig0002,9999,3
81333,20877,0,1
81333,3626cpr2951,14,1
81333,970c05,272,1
81333,973c33h01pr3424,30,1
81334,3626cpr2589,14,1
81334,37364c28,1,1
81334,52686pat0003,70,1
81334,973c38h01pr5452,191,1
81336,11303,272,1
81336,3626cpr1662,14,1
81336,970c11,28,1
81336,973c14h01pr3451,71,1
81337,3626cpr2634,14,1
81337,41879a,0,1
81337,62810,70,1
81337,973c31h01pr5243,2,1
81347,3626cpr1662,14,1
81347,3838a,15,1
81347,67298pat0001,4,1
81347,970c22pr1906,272,1
81347,973c22h14pr5178,272,1
81349,24246pr0009,321,2
81349,24246pr0010,191,2
81349,25269,10,4
81349,25269,226,4
81349,25269,323,4
81349,25269,1050,4
81349,3070bpr0224,321,2
81349,3070bpr0225,191,2
81349,67196,3,1
81349,67196,25,1
81349,98138,191,2
81349,98138,321,2
81349,98138pr0084,29,2
81349,98138pr0085,158,2
81350,24246pr0006,29,3
81350,24246pr0007,226,3
81350,25269,29,4
81350,25269,226,4
81350,3070bpr0217,29,2
81350,3070bpr0218,226,2
81350,67196,226,1
81350,67196,29,1
81350,98138,5,4
81350,98138,114,4
81350,98138,14,4
81350,98138,46,2
81351,24246pr0005,41,4
81351,25269,80,8
81351,25269,3,4
81351,25269,31,4
81351,25269pr0022,323,4
81351,67196,323,1
81351,67196,85,1
81351,98138,1053,4
81351,98138,31,4
81352,11211,226,1
81352,14769,14,2
81352,14769pr1166,226,1
81352,22885,226,1
81352,3004,14,1
81352,3004pr0138,14,1
81352,3022,226,1
81352,3023,226,1
81352,3023,14,2
81352,3068bpr0072,2,1
81352,37352,14,1
81352,37352pr0004,14,1
81352,44728,14,1
81352,6541,226,2
81352,66788,14,2
81352,66858,2,1
81352,67013pat0001,2,1
81352,85984,14,1
81352,87087,1,2
81353,3626cpr1769,14,1
81353,62810,0,1
81353,970c05,272,1
81353,973c24h01pr5074,379,1
81354,20877,0,1
81354,3626cpr0893,14,1
81354,970c27,15,1
81354,973c38h01pr5452,191,1
81355,3626cpr1966,14,1
81355,87991,0,1
81355,970c28,1,1
81355,973c10h01pr0001,320,1
81356,3626cpr2948,14,1
81356,62696,0,1
81356,970c24,379,1
81356,973c10h01pr0001,320,1
81357,25376,4,1
81357,3626cpr0752,14,1
81357,41879a,288,1
81357,973c26h01pr0001,19,1
81357,98385,0,1
81358,3626cpr9805,14,1
81358,970c11,28,1
81358,973c05h01pr5174,272,1
81358,99930,0,1
81359,35701,0,1
81359,3626cpr3265,14,1
81359,41879a,3,1
81359,973e085pr5121,15,1
81361,23186,0,1
81361,3626cpr9950,14,1
81361,970c28,1,1
81361,973c22h01pr0006,4,1
81362,3626cpr1967,14,1
81362,41879a,4,1
81362,62711,0,1
81362,973c22h01pr0007,4,1
81363,3626cpr3266,14,1
81363,41879a,0,1
81363,90541,321,1
81363,973c22h01pr0006,4,1
81364,3626cpr1776,14,1
81364,93217,71,1
81364,970c03,0,1
81364,973c13h01pr5462,320,1
81365,3626cpr3067,14,1
81365,970c05,272,1
81365,973c22h01pr5463,71,1
81365,99930,71,1
81366,3626cpr2836,14,1
81366,64847,15,2
81366,73720pr0001,484,1
81366,970c09pr9844,85,1
81366,973c22h01pr5466,4,1
81368,35182,308,1
81368,92198pr0134,84,1
81368,92456c02pr0004,84,1
81368,92820c01pr0002,272,1
81369,16925c01pr0003,272,1
81369,28649pr0005,84,1
81369,36060,0,1
81369,92815c04pr0001,84,1
81370,20595,308,1
81370,92198pr0123,84,1
81370,92816c02pr0003,84,1
81370,92820c01pr0011,158,1
81371,65579,308,1
81371,69969pr0002,84,1
81371,92198pr0122,84,1
81419,35458,272,1
81419,3626cpr1579,14,1
81419,37364c28,1,1
81419,973c22h01pr4807,4,1
81420,3626cpr3265,14,1
81420,41879a,5,1
81420,54647pat0003,226,1
81420,973c46h01pr5207,3,1
81421,35458,10,1
81421,3626cpr2523,14,1
81421,970c20,326,1
81421,973c22h12pr4939,15,1
81422,3626cpr0893,14,1
81422,87990,484,1
81422,970c04,321,1
81422,973e030pr4519,15,1
81428,165355,9999,1
81428,16542,7,1
81428,2412b,2,1
81428,2412b,15,1
81428,2420,15,2
81428,2436,2,1
81428,2436,15,1
81428,2460,0,2
81428,2465,15,2
81428,2584,7,1
81428,2585,0,1
81428,2736,7,1
81428,2877,15,2
81428,298c03,0,1
81428,3004,15,1
81428,3005,4,2
81428,3009,15,2
81428,3010,15,1
81428,3020,4,1
81428,3021,2,1
81428,3022,0,1
81428,3022,4,2
81428,3022,15,1
81428,3023,4,2
81428,3023,15,3
81428,3023,0,4
81428,3023,2,2
81428,3024,47,2
81428,3024,15,1
81428,3034,0,1
81428,3034,15,2
81428,3070b,36,2
81428,3460,2,4
81428,3460,15,2
81428,3491,0,1
81428,3660,15,2
81428,3660pr0001,15,1
81428,3666,15,2
81428,3666,4,2
81428,3709,0,1
81428,3710,2,3
81428,3710,4,6
81428,3738,0,1
81428,3821,15,1
81428,3822,15,1
81428,3823,41,1
81428,3829c01,4,1
81428,3956,15,1
81428,4032a,7,1
81428,4032a,4,3
81428,4211,4,1
81428,4213,15,1
81428,4214,15,1
81428,4445,15,4
81428,4590,0,1
81428,4600,0,4
81428,4854,15,1
81428,4864a,15,1
81428,4865a,15,2
81428,6014a,7,8
81428,6015,0,8
81428,6019,15,1
81428,6141,7,4
81456,10169,4,1
81456,11090,15,2
81456,11211,4,5
81456,11477,288,6
81456,11609,484,3
81456,11618,26,1
81456,11640,323,1
81456,12825,15,10
81456,12825,70,2
81456,12825,71,2
81456,12825,0,2
81456,12825,14,9
81456,13459,0,1
81456,13548,71,2
81456,13965,19,4
81456,14210,0,1
81456,14682,71,2
81456,14769,72,2
81456,15068pr0004,19,4
81456,15070,15,3
81456,15254,4,2
81456,15254,84,1
81456,15332,297,2
81456,15533,84,4
81456,15571,288,1
81456,15573,15,1
81456,15706,0,1
81456,16091,0,1
81456,17784,9999,1
81456,2357,71,3
81456,2412b,297,1
81456,2412b,179,10
81456,2419,15,2
81456,2420,70,1
81456,2431,288,2
81456,2431,72,2
81456,2431,70,4
81456,2431pr0028,72,1
81456,2445,0,1
81456,2453b,70,2
81456,2460,72,1
81456,2540,19,5
81456,2566,0,2
81456,2654,19,1
81456,2921,19,2
81456,298c02,4,2
81456,3001,72,1
81456,3003,71,1
81456,3004,71,4
81456,3004,19,6
81456,3004,484,2
81456,3004,70,8
81456,3004,15,3
81456,30044,288,3
81456,30046,297,4
81456,3005,71,2
81456,3005,84,4
81456,3005,70,8
81456,3005,19,15
81456,3005pr0011,19,5
81456,3007,71,1
81456,3009,71,1
81456,3009,484,1
81456,3009,19,2
81456,3009,70,1
81456,3010,19,3
81456,30136,308,2
81456,3020,484,3
81456,3020,70,1
81456,3020,0,2
81456,3021,72,2
81456,3021,1,1
81456,3021,15,1
81456,3021,19,4
81456,3022,4,1
81456,3022,19,2
81456,3022,71,2
81456,3022,322,1
81456,3022,15,1
81456,3022,70,2
81456,3022,72,2
81456,3022,484,1
81456,3023,1,1
81456,3023,71,4
81456,3023,36,4
81456,3023,15,2
81456,3023,27,1
81456,3023,19,11
81456,3023,70,2
81456,3023,4,2
81456,3023,28,4
81456,3023,288,2
81456,3023,2,1
81456,3023,484,19
81456,30237a,70,2
81456,3024,19,5
81456,3024,14,2
81456,3024,0,6
81456,3024,25,1
81456,3024,70,10
81456,3024,71,1
81456,3024,2,2
81456,3024,15,2
81456,3029,15,1
81456,3031,0,2
81456,3032,15,2
81456,3033,70,1
81456,30340,2,1
81456,3035,15,1
81456,3035,288,1
81456,3036,92,3
81456,3036,15,2
81456,30374,297,4
81456,30375,19,5
81456,3040b,19,2
81456,3040b,4,2
81456,3040b,2,4
81456,3040b,15,1
81456,3040b,84,2
81456,30414,4,5
81456,30414,19,2
81456,3046a,72,2
81456,30503,70,1
81456,3062b,320,2
81456,3062b,46,5
81456,3062b,15,4
81456,3062b,4,4
81456,3062b,72,2
81456,3062b,308,6
81456,3068b,322,2
81456,3068b,0,1
81456,3068b,288,3
81456,3069b,27,1
81456,3069b,4,6
81456,3069b,71,3
81456,3069b,15,2
81456,3069bpr0055,15,3
81456,3070b,4,2
81456,3176,320,1
81456,32000,72,1
81456,32028,72,6
81456,32474,71,2
81456,32474,4,1
81456,33291,10,2
81456,3460,70,2
81456,3622,19,3
81456,3622,70,1
81456,3623,15,2
81456,3623,70,2
81456,3633,297,3
81456,3659,19,8
81456,3659,71,1
81456,3660,71,1
81456,3665,0,4
81456,3665,70,5
81456,3665,72,1
81456,3666,70,2
81456,3666,288,1
81456,3710,71,2
81456,3710,70,6
81456,3710,288,2
81456,3710,19,1
81456,3710,4,3
81456,3794b,72,6
81456,3794b,2,2
81456,3794b,1,1
81456,3794b,28,5
81456,3795,71,1
81456,3795,4,1
81456,3832,19,1
81456,3832,15,1
81456,3899,14,1
81456,3900,14,1
81456,3937,0,4
81456,3941,70,1
81456,3941,14,1
81456,3960pr0001,0,1
81456,4006,0,1
81456,4032a,19,1
81456,4032a,71,5
81456,4032a,15,1
81456,4032a,2,1
81456,4070,15,1
81456,4070,70,7
81456,4070,72,6
81456,4079b,288,1
81456,4081b,14,2
81456,4081b,1,1
81456,4162,70,1
81456,41769,288,4
81456,4286,19,4
81456,4287b,15,4
81456,43722,15,1
81456,43888,484,3
81456,43892,297,6
81456,43898,15,1
81456,43898,70,1
81456,44728,19,1
81456,44728,0,1
81456,4490,19,2
81456,4510,0,2
81456,4522,0,1
81456,4733,0,5
81456,4740,0,3
81456,47457,4,2
81456,47457,15,2
81456,48336,15,1
81456,48336,297,5
81456,51739,15,2
81456,52107,0,1
81456,53989,70,8
81456,54200,40,1
81456,54200,46,1
81456,54200,71,7
81456,54200,15,17
81456,54200,2,4
81456,54200,70,13
81456,58176,35,1
81456,58176,36,1
81456,59900,70,17
81456,59900,2,1
81456,59900,0,4
81456,6003,15,2
81456,60470b,4,2
81456,60474,72,1
81456,60475b,15,2
81456,60475b,0,1
81456,60477,15,3
81456,60479,15,1
81456,60897,70,4
81456,60897,4,1
81456,60897,71,1
81456,60897,72,3
81456,60897,1,1
81456,60897,19,1
81456,60897,0,2
81456,6091,4,2
81456,6091,288,4
81456,6112,70,2
81456,6124,45,1
81456,61252,0,1
81456,61252,25,1
81456,61252,297,9
81456,6134,71,4
81456,6141,25,1
81456,6141,70,16
81456,6141,85,1
81456,6141,46,3
81456,6141,182,2
81456,6141,34,2
81456,6141,36,3
81456,6141,72,10
81456,6141,297,19
81456,6141,0,8
81456,6141,45,2
81456,6141,71,2
81456,6141,33,2
81456,6182,19,3
81456,6190,72,1
81456,62361,70,1
81456,62808,297,2
81456,63868,4,4
81456,63965,0,1
81456,64390,70,2
81456,64567,297,4
81456,64644,297,2
81456,64647,182,3
81456,75c18,0,2
81456,85984,15,2
81456,85984,19,2
81456,87079,70,1
81456,87079,484,2
81456,87079,72,2
81456,87081,72,1
81456,87087,288,6
81456,87087,4,1
81456,87087,484,4
81456,87552,0,1
81456,87580,322,1
81456,87580,70,2
81456,87580,72,5
81456,87620,72,2
81456,88930,4,2
81456,91988,70,1
81456,92690,297,2
81456,92946,1,2
81456,93273,19,1
81456,93273,4,4
81456,94161,70,1
81456,96874,25,1
81456,98138,71,2
81456,98138,15,4
81456,98138,179,6
81456,98138pr0013,15,2
81456,98138pr0018,84,2
81456,98283,84,4
81456,98283,72,5
81456,99206,71,1
81479,10247,72,4
81479,10928,72,2
81479,11153,0,8
81479,11153,72,4
81479,11203,72,1
81479,11203,71,2
81479,11211,0,8
81479,11212,0,8
81479,11212,71,4
81479,11214,72,4
81479,11215,71,11
81479,11215,0,6
81479,11253,179,12
81479,11458,72,2
81479,11477,72,4
81479,11477,0,32
81479,11950,71,4
81479,13731,0,14
81479,13965,0,4
81479,13965,71,4
81479,14395,0,24
81479,14719,0,6
81479,14719,72,4
81479,14769pr1143,0,4
81479,15068,0,39
81479,15068,71,2
81479,15207,72,4
81479,15207,0,2
81479,15254,72,2
81479,15407,1103,2
81479,15535,71,2
81479,15535,72,3
81479,15571,0,2
81479,15573,0,13
81479,15573,72,32
81479,15672,72,10
81479,15672,0,2
81479,15712,0,4
81479,18450,0,2
81479,18575,19,1
81479,18649,71,1
81479,18651,0,2
81479,18653,0,10
81479,18653,72,4
81479,18654,72,4
81479,18671,0,8
81479,18671,72,5
81479,18674,0,2
81479,18677,4,4
81479,18677,71,6
81479,18838,71,1
81479,18910,0,4
81479,18938,0,1
81479,18939,71,1
81479,18947,72,2
81479,20482,0,1
81479,22885,71,2
81479,2340,0,12
81479,2357,72,10
81479,2357,0,14
81479,2412b,179,6
81479,2412b,0,18
81479,2420,0,38
81479,2420,70,2
81479,2420,72,46
81479,24201,71,6
81479,24201,0,4
81479,24299,0,3
81479,24307,0,3
81479,24309,71,2
81479,2431,0,9
81479,2431,72,7
81479,2432,72,1
81479,2445,71,1
81479,2445,72,3
81479,2445,0,4
81479,2450,0,2
81479,2450,72,5
81479,2450,27,2
81479,2456,0,5
81479,2456,71,2
81479,2462,72,2
81479,2465,322,2
81479,25214,1103,6
81479,25269,0,10
81479,2540,71,2
81479,2577,0,2
81479,26047,0,3
81479,26047,71,4
81479,26287,71,1
81479,2637,4,1
81479,2639,72,4
81479,2654,40,5
81479,26601,72,8
81479,26601,0,2
81479,26603,0,16
81479,26603,71,2
81479,27263,0,2
81479,2730,71,12
81479,2736,71,4
81479,27507,0,6
81479,2780,0,111
81479,27925,72,8
81479,27925,0,4
81479,2815,0,1
81479,2819,0,1
81479,28220,1103,8
81479,28326,72,4
81479,2852,71,1
81479,2877,0,8
81479,29119,0,5
81479,29120,0,5
81479,2921,0,6
81479,298c02,0,1
81479,30000,1,1
81479,3001,72,5
81479,3001,70,1
81479,3001,0,4
81479,3002,72,6
81479,3002,0,2
81479,3003,72,6
81479,3003,0,4
81479,3004,0,25
81479,3004,1,2
81479,3004,72,2
81479,3005,46,6
81479,3005,0,20
81479,3007,71,1
81479,30089b,0,1
81479,3009,71,2
81479,3009,0,5
81479,3010,72,2
81479,3010,73,1
81479,3010,0,11
81479,30132,72,1
81479,30136,71,22
81479,30162,71,2
81479,30192,72,2
81479,3020,71,4
81479,3020,0,27
81479,3020,72,2
81479,3020,14,12
81479,3020,70,15
81479,3021,0,45
81479,3021,71,6
81479,3021,72,10
81479,3021,15,6
81479,3022,72,8
81479,3022,19,21
81479,3022,0,31
81479,3022,28,2
81479,3023,19,77
81479,3023,72,21
81479,3023,0,69
81479,3024,72,4
81479,3024,0,54
81479,3024,71,4
81479,3024,19,6
81479,3024,46,6
81479,30259,71,4
81479,3031,70,4
81479,3031,0,14
81479,3032,19,2
81479,3032,0,6
81479,3033,72,1
81479,3034,72,4
81479,3034,0,4
81479,3034,19,2
81479,3034,71,1
81479,30357,0,2
81479,3036,72,1
81479,30363,0,2
81479,30367c,0,1
81479,3037,0,2
81479,30374,70,2
81479,30374,0,2
81479,30377,72,1
81479,3039,0,12
81479,3040b,70,2
81479,3040b,0,14
81479,30414,71,4
81479,30414,0,12
81479,3045,0,4
81479,3049d,0,2
81479,30526,71,2
81479,30565,0,10
81479,30565,72,4
81479,30586,71,2
81479,3062b,14,2
81479,3062b,72,8
81479,3068b,0,27
81479,3068bpr0408,0,2
81479,3069b,0,37
81479,3069b,71,4
81479,3069b,72,4
81479,3070b,0,16
81479,3070b,71,2
81479,32000,71,4
81479,32000,72,2
81479,32000,19,1
81479,32001,71,1
81479,32002,72,12
81479,32005a,0,1
81479,32017,14,12
81479,32018,0,9
81479,32028,0,2
81479,32028,14,2
81479,32034,0,2
81479,32039,0,5
81479,32054,71,4
81479,32054,4,10
81479,32054,0,4
81479,32056,14,2
81479,32062,0,1
81479,32062,4,2
81479,32064a,19,6
81479,32073,71,5
81479,32123b,71,3
81479,32124,1,6
81479,32184,72,2
81479,32184,71,3
81479,32270,0,1
81479,32324,71,2
81479,3245c,72,2
81479,3245c,0,2
81479,32494,71,1
81479,32523,191,2
81479,32524,379,15
81479,32529,0,4
81479,32530,4,1
81479,32531,71,14
81479,32531,321,2
81479,32555,0,4
81479,32556,19,6
81479,32803,0,8
81479,32803,71,8
81479,32828,0,1
81479,32952,72,4
81479,32952,0,8
81479,3298,0,7
81479,33909,0,23
81479,33909,71,4
81479,34103,71,4
81479,34103,0,24
81479,3460,72,5
81479,3460,0,6
81479,35459,0,2
81479,35480,0,4
81479,35787,0,6
81479,3622,0,8
81479,3622,71,2
81479,3622,72,2
81479,3623,4,1
81479,3623,70,2
81479,3623,28,4
81479,3623,0,42
81479,3623,72,14
81479,3626c,179,4
81479,3659,19,5
81479,3660,71,2
81479,3660,19,2
81479,3660,0,4
81479,3665,71,4
81479,3665,0,2
81479,3666,0,27
81479,3666,71,8
81479,3666,72,2
81479,3666,1,2
81479,3673,71,2
81479,3675,0,4
81479,3678b,71,2
81479,3678b,0,2
81479,36840,0,8
81479,36840,72,6
81479,36841,71,6
81479,3700,70,9
81479,3700,72,16
81479,3700,71,2
81479,3701,0,1
81479,3701,15,5
81479,3701,72,10
81479,3702,71,4
81479,3703,72,2
81479,3705,4,2
81479,3705,0,1
81479,3706,4,2
81479,3706,0,2
81479,3708,0,2
81479,3710,71,8
81479,3710,72,10
81479,3710,0,46
81479,3710,27,20
81479,3737,0,3
81479,3743,71,2
81479,3747b,19,1
81479,3747b,71,2
81479,3749,19,1
81479,3795,71,2
81479,3795,72,12
81479,3795,0,10
81479,3894,14,4
81479,3895,0,2
81479,3895,72,12
81479,3937,0,2
81479,3937,14,4
81479,3941,0,1
81479,3941,72,2
81479,3943b,72,1
81479,3956,71,2
81479,4032a,72,4
81479,4032a,0,3
81479,4032a,3,1
81479,40490,4,1
81479,4070,0,14
81479,4070,72,2
81479,4081b,0,2
81479,41239,71,1
81479,4161,0,4
81479,4162,0,16
81479,4162,72,1
81479,4162,19,1
81479,41677,1,1
81479,41682,71,4
81479,41682,72,2
81479,41740,28,2
81479,41749,0,3
81479,41750,0,3
81479,41769,0,5
81479,41769,72,5
81479,41770,72,5
81479,41770,0,5
81479,4185,0,1
81479,4216,0,2
81479,4274,1,2
81479,4274,71,2
81479,4282,72,2
81479,4287c,0,2
81479,43045,71,1
81479,43056,71,1
81479,43093,1,21
81479,43719,0,2
81479,43720,0,1
81479,43721,0,1
81479,43722,0,2
81479,43723,0,2
81479,43898,0,4
81479,44126,0,2
81479,44709,0,1
81479,44728,72,2
81479,44728,0,8
81479,44728,19,8
81479,4476b,1103,2
81479,4477,0,5
81479,4477,72,2
81479,44865,72,7
81479,4490,72,4
81479,4519,71,1
81479,46413,0,1
81479,4733,71,2
81479,47397,0,3
81479,47398,0,3
81479,4740,36,2
81479,47457,1,13
81479,48092,0,8
81479,48336,0,2
81479,48336,71,4
81479,48729b,0,2
81479,49307,71,4
81479,49307,0,2
81479,50451,0,3
81479,50943,1103,2
81479,50950,0,2
81479,50950,19,2
81479,51739,0,6
81479,52107,0,6
81479,52985,0,2
81479,53451,179,4
81479,54200,0,26
81479,54200,72,8
81479,56074pr0001,40,1
81479,56908,0,5
81479,57585,71,4
81479,58846,71,4
81479,59230,0,2
81479,59426,72,2
81479,59443,14,5
81479,59443,0,2
81479,6003,0,4
81479,6005,0,4
81479,60470b,322,2
81479,60470b,0,10
81479,60477,0,4
81479,60478,71,5
81479,60479,72,4
81479,60479,0,7
81479,60481,71,2
81479,60484,71,1
81479,60581,72,2
81479,60897,14,1
81479,60897,0,12
81479,60897,71,8
81479,6091,0,14
81479,6111,71,1
81479,6111,72,2
81479,6112,0,3
81479,61252,0,2
81479,6134,0,2
81479,6134,71,4
81479,61409,0,20
81479,6141,1103,18
81479,6141,14,32
81479,6141,47,1
81479,6141,0,2
81479,6180,0,1
81479,6180,72,2
81479,6231,71,2
81479,6232,72,10
81479,62462,1103,10
81479,62462,0,1
81479,63864,71,2
81479,63864,72,2
81479,63864,0,15
81479,63868,72,8
81479,65323,9999,1
81479,6536,14,1
81479,6541,72,6
81479,6553,72,2
81479,6558,1,65
81479,6585,0,1
81479,6587,28,6
81479,6589,19,2
81479,6632,71,8
81479,6632,15,1
81479,6632,14,4
81479,6636,0,9
81479,6636,71,4
81479,69729,0,3
81479,73983,72,7
81479,73983,0,4
81479,75937,1103,1
81479,85080,0,2
81479,85557,0,2
81479,85558,0,1
81479,85861,71,26
81479,85943,72,12
81479,85984,0,41
81479,85984,72,19
81479,85984,70,4
81479,87079,72,10
81479,87079,0,20
81479,87079,71,4
81479,87083,72,4
81479,87087,0,6
81479,87087,19,4
81479,87544,71,2
81479,87580,0,2
81479,87620,71,2
81479,87994,71,7
81479,88072,71,4
81479,90498,0,1
81479,91988,72,2
81479,92280,0,8
81479,92280,71,2
81479,92582,71,2
81479,92593,71,4
81479,92906,72,1
81479,92909,72,4
81479,93274,72,2
81479,93274,0,4
81479,93606,0,44
81479,93606,320,2
81479,93606,72,1
81479,96874,3,1
81479,98138,0,4
81479,98138,36,2
81479,98138pr0125,71,1
81479,98283,71,3
81479,98560,72,2
81479,98721,0,1
81479,98834,0,10
81479,99206,0,24
81479,99206,71,39
81479,99207,71,8
81479,99207,0,36
81479,99563,1103,2
81479,99773,72,4
81479,99780,72,4
81479,99780,15,4
81479,99781,0,4
81539,11211,14,2
81539,2420,4,2
81539,2496,0,1
81539,2540,14,1
81539,2655,71,1
81539,3001,4,1
81539,3020,72,1
81539,3022,71,1
81539,3023,1,2
81539,3031,14,2
81539,3039pr0029,15,1
81539,3068b,15,1
81539,3069bpr0149,1,2
81539,3622,14,6
81539,3937,71,1
81539,50951,0,2
81539,60594,14,1
81539,60614,72,2
81539,6134,0,1
81539,6141,4,1
81539,6141,1,1
81539,6141,25,1
81539,6141,2,1
81539,67688,0,2
81539,93594,179,2
81539,98138,47,4
81540,11153,1,2
81540,11212,0,4
81540,11477,1,2
81540,15397,15,2
81540,21445,71,4
81540,2412b,0,1
81540,2420,1,8
81540,24246,15,2
81540,24299,1,1
81540,24307,1,1
81540,25269,1,4
81540,25269,4,2
81540,27263,1,2
81540,29119,1,2
81540,29120,1,2
81540,3021,0,1
81540,3021,15,1
81540,3023,1,2
81540,3068b,1,1
81540,3069b,1,1
81540,3070b,71,1
81540,3070b,0,1
81540,36841,0,6
81540,4070,1,2
81540,4477,1,1
81540,50951,0,4
81540,54200,1,3
81540,6141,14,3
81540,6141,0,3
81540,63864,0,1
81540,75763,9999,1
81540,85984,1,4
81540,87087,0,1
81540,93273,1,2
81540,93595,0,4
81540,99781,0,4
81541,18787,72,1
81541,18792,30,1
81541,2357,25,1
81541,2456,320,1
81541,3001,320,2
81541,3003,320,1
81541,3003,25,1
81541,3004,25,1
81541,3005,182,1
81541,3022,326,1
81541,3024,46,5
81541,3024,182,2
81541,3032,320,1
81541,3039,25,1
81541,3958,25,1
81541,6141,15,4
81541,64644,308,1
81541,87580,3,1
81541,87580,326,1
81542,15573,15,4
81542,20482,15,2
81542,2654,71,2
81542,28802,15,1
81542,3005,71,2
81542,3010,15,1
81542,3020,15,1
81542,3022,19,1
81542,3023,15,2
81542,3024,71,1
81542,3024,15,2
81542,30249,15,1
81542,30357,15,2
81542,3068b,15,1
81542,3069b,15,1
81542,3069b,41,2
81542,3069b,40,1
81542,3070b,15,2
81542,32028,15,4
81542,32803,15,1
81542,32828,71,4
81542,33909,15,4
81542,34103,71,2
81542,3460,15,3
81542,3665,15,1
81542,36841,15,2
81542,3710,15,1
81542,4460b,15,2
81542,49307,15,8
81542,50304,15,1
81542,50305,15,1
81542,60474,15,1
81542,60478,71,6
81542,61409,15,2
81542,6141,46,3
81542,63868,15,6
81542,99206,15,4
81543,11211,15,4
81543,15573,70,2
81543,18791,297,1
81543,19727pr0002,29,2
81543,2357,70,2
81543,2420,84,2
81543,2431,84,3
81543,2431,70,1
81543,2431,29,3
81543,2458,15,2
81543,24866,10,4
81543,24866,4,1
81543,26599,71,1
81543,2921,84,1
81543,3001,84,2
81543,3001,70,3
81543,3001,29,30
81543,3002,29,2
81543,3003,84,3
81543,3003,29,22
81543,3003,5,6
81543,3003,70,4
81543,3004,84,8
81543,3004,29,20
81543,3004pr0014,84,2
81543,3004pr0020,72,1
81543,3004pr0021,72,1
81543,3005,27,3
81543,3005,15,2
81543,3005,0,2
81543,3005,84,8
81543,3005,1,3
81543,3007,29,13
81543,3010,29,8
81543,3020,70,17
81543,3020,29,12
81543,3020,27,2
81543,3020,84,2
81543,3021,29,2
81543,3022,84,7
81543,3022,29,8
81543,3022,15,1
81543,3022,70,7
81543,3023,33,7
81543,3023,29,10
81543,3023,70,4
81543,30237b,72,1
81543,3024,2,6
81543,3024,4,6
81543,3024,0,3
81543,3024,46,2
81543,3024,182,2
81543,3024,15,3
81543,3028,10,2
81543,3030,29,4
81543,3031,70,2
81543,3031,2,6
81543,3032,1,1
81543,3033,70,1
81543,3034,29,3
81543,3034,70,2
81543,3036,1,2
81543,3039,33,2
81543,3068b,84,2
81543,3068b,29,29
81543,3068b,70,3
81543,3068b,15,1
81543,3068bpr0236,84,1
81543,3069b,29,11
81543,3069b,84,2
81543,3069b,33,6
81543,3070b,70,2
81543,32028,1,1
81543,32028,72,3
81543,33172,25,1
81543,33183,10,1
81543,33183,191,2
81543,3460,29,1
81543,3666,29,3
81543,3666,15,2
81543,3710,70,2
81543,3710,29,6
81543,3795,2,1
81543,3795,70,1
81543,3795,29,3
81543,3830,84,1
81543,3830,70,2
81543,3831,70,3
81543,3832,15,3
81543,3958,70,6
81543,4032a,0,5
81543,4216,29,4
81543,4727,10,1
81543,60475b,84,3
81543,60478,70,2
81543,6141,25,2
81543,61780,70,1
81543,6223,33,10
81543,64644,308,2
81543,85861,70,12
81543,87079,29,5
81543,87552,40,4
81543,87580,29,16
81543,87580,2,7
81543,87580,15,4
81543,87580,1,1
81543,87580,84,5
81543,87580,72,1
81544,10190,4,2
81544,10247,71,1
81544,11055,4,2
81544,11153,27,5
81544,11211,19,4
81544,11212,72,1
81544,11476,15,2
81544,11477,320,2
81544,11477,2,4
81544,11477,26,2
81544,14716,15,4
81544,14716,70,2
81544,14719,70,2
81544,15068,322,1
81544,15332,15,5
81544,15395,4,1
81544,15573,322,2
81544,15573,14,3
81544,15573,70,8
81544,15672,19,2
81544,18646,19,2
81544,20482,0,1
81544,22885,15,2
81544,2357,14,3
81544,23969,15,2
81544,2412b,71,6
81544,2420,14,6
81544,24299,322,1
81544,24307,322,1
81544,2431,70,3
81544,2431,4,1
81544,2446,15,1
81544,2453b,70,2
81544,24866,10,3
81544,25269,4,17
81544,2540,15,3
81544,2540,72,3
81544,26047,15,1
81544,26047,70,4
81544,2654,15,1
81544,26603,4,1
81544,2877,71,2
81544,2921,70,2
81544,3001,14,2
81544,3001,322,1
81544,3004,15,5
81544,3004,14,4
81544,3005,484,6
81544,3005,14,13
81544,3007,19,1
81544,3009,14,6
81544,30090,41,1
81544,3010,484,6
81544,30134,70,1
81544,30136,84,7
81544,30137,84,12
81544,3020,308,1
81544,3021,70,4
81544,3022,70,3
81544,3023,320,3
81544,3023,2,5
81544,3023,15,4
81544,3023,70,6
81544,3023,322,1
81544,3024,15,4
81544,3024,322,1
81544,3024,19,4
81544,3030,19,1
81544,3030,70,4
81544,3032,19,1
81544,3033,19,2
81544,3034,0,1
81544,30340,14,1
81544,3035,321,1
81544,3036,70,1
81544,30363,272,10
81544,3040b,322,1
81544,3040bpr0013,15,1
81544,30565,19,1
81544,30602,320,1
81544,3062b,4,2
81544,3062b,70,2
81544,3062b,15,4
81544,3062b,84,24
81544,3062b,321,3
81544,3062b,46,1
81544,3068bpr0019,15,1
81544,3069b,15,4
81544,3069b,46,1
81544,3069b,272,2
81544,3176,322,1
81544,32062,4,1
81544,32192,28,2
81544,3245c,14,4
81544,32803,15,2
81544,32828,19,5
81544,32828,0,1
81544,3298,272,12
81544,33121,4,1
81544,33909,4,1
81544,33909,15,1
81544,34103,1,2
81544,35480,72,5
81544,3622,72,2
81544,3622,14,6
81544,3623,28,2
81544,3666,19,3
81544,36840,72,1
81544,3710,70,6
81544,3710,15,5
81544,3710,19,4
81544,37352,321,2
81544,37695,326,2
81544,3795,19,1
81544,3795,321,1
81544,3830,84,3
81544,3831,84,3
81544,3832,2,2
81544,3832,70,7
81544,3838a,15,1
81544,38781,25,1
81544,3958,70,1
81544,4032a,19,5
81544,4032a,0,4
81544,4070,73,2
81544,41740,28,4
81544,4286,379,9
81544,43093,1,1
81544,44676,322,2
81544,4477,70,2
81544,4477,15,4
81544,4599b,71,1
81544,4735,71,1
81544,4740,71,2
81544,47905,4,1
81544,48729b,71,1
81544,49153,0,1
81544,49307,19,2
81544,49668,19,4
81544,49668,0,1
81544,50950,308,1
81544,51239,308,2
81544,51266,47,2
81544,54200,320,2
81544,54200,4,1
81544,54200,322,1
81544,54200,47,5
81544,57895,47,6
81544,59900,71,3
81544,6003,321,2
81544,6005,2,4
81544,60475b,84,2
81544,60475b,14,4
81544,60477,272,2
81544,60593,308,2
81544,60596,308,9
81544,60602,47,2
81544,60616b,47,2
81544,60623,70,1
81544,60800a,28,2
81544,6091,2,5
81544,6141,1,1
81544,6141,4,1
81544,6141,70,8
81544,6141,29,2
81544,6141,0,5
81544,6182,15,2
81544,63864,272,2
81544,63965,71,1
81544,6636,70,1
81544,73983,71,3
81544,85861,28,1
81544,85984,15,1
81544,87087,84,1
81544,87552,47,2
81544,87580,71,3
81544,88072,71,1
81544,90202,0,1
81544,90397,322,1
81544,90397,27,1
81544,90397,378,1
81544,92950,70,2
81544,96874,25,1
81544,98138,71,10
81544,98138pr0008,15,2
81544,98283,484,7
81544,99781,71,3
81546,11170,322,2
81546,11170,15,2
81546,11170pr0013,15,1
81546,11170pr0014,15,1
81546,11854pr0001,15,1
81546,15577,84,2
81546,18823pr0038,322,1
81546,18918,15,2
81546,2302,15,4
81546,2302,27,1
81546,29304,15,4
81546,3011,14,2
81546,3011,27,2
81546,3011,4,3
81546,3011,322,3
81546,3011,323,2
81546,3011,15,4
81546,31925,27,1
81546,3437,323,7
81546,3437,322,10
81546,3437,14,6
81546,3437,31,2
81546,3437,15,5
81546,3437,41,4
81546,3437,158,15
81546,3437,4,2
81546,3437,27,5
81546,3437,226,15
81546,3437,1050,19
81546,40666,323,1
81546,40666,70,1
81546,40909,1050,1
81546,4196,15,1
81546,49989pr0001,15,1
81546,6510,14,1
81546,6510,27,2
81546,6510,323,1
81546,6510,1050,1
81546,65245pr0037,15,1
81546,72134,14,1
81546,76371,1050,4
81546,76371,322,4
81546,76371,226,4
81546,76371,27,5
81546,76371,31,4
81546,76371,323,4
81546,76371,14,4
81546,87084,323,1
81546,87084,4,1
81546,87084,322,1
81546,87084,14,1
81546,98215,322,2
81546,98220pat0001,1050,2
81546,98220pat0001,226,2
81546,98223,15,2
81546,98223,322,1
81546,98223,14,1
81546,98223pr0015,15,2
81546,98223pr0021,27,1
81546,98224,322,2
81546,98224,15,1
81546,98224,14,1
81546,98224pr0022,27,1
81546,98225,84,2
81546,98233,321,1
81546,98233,15,1
81546,98252,323,5
81552,11211,19,2
81552,11211,0,2
81552,15070,15,4
81552,15209,15,2
81552,15571,0,1
81552,15573,27,2
81552,15573,2,2
81552,15573,191,2
81552,15573,4,2
81552,15573,322,2
81552,15573,71,3
81552,15573,15,4
81552,2423,2,4
81552,2431,10,1
81552,2431,33,2
81552,2456,288,2
81552,2456,19,2
81552,2456,1,2
81552,2456,14,2
81552,2456,71,2
81552,2456,4,2
81552,2456,72,2
81552,2456,15,2
81552,2456,29,2
81552,2456,2,2
81552,24866,14,3
81552,24866,4,3
81552,24866,25,3
81552,24866,29,3
81552,2577,14,1
81552,27448,15,2
81552,3001,1,8
81552,3001,71,8
81552,3001,191,8
81552,3001,4,8
81552,3001,27,1
81552,3001,30,5
81552,3001,2,12
81552,3001,29,8
81552,3001,15,5
81552,3001,0,8
81552,3003,27,3
81552,3003,19,10
81552,3003,14,10
81552,3003,15,12
81552,3003,25,2
81552,3003,4,10
81552,3003,70,13
81552,3003,322,10
81552,3003,71,10
81552,3003,85,10
81552,3003,5,1
81552,3003,29,3
81552,3003,226,2
81552,3004,29,6
81552,3004,1,6
81552,3004,70,6
81552,3004,15,2
81552,3004,19,6
81552,3004,27,7
81552,3004,25,6
81552,3004,14,6
81552,3004,322,6
81552,3004,71,6
81552,3004,10,6
81552,3004,4,6
81552,30044,288,1
81552,30044,70,1
81552,30044,19,1
81552,30046,297,2
81552,3005,2,6
81552,3005,30,6
81552,3005,1,6
81552,3005,14,6
81552,3005,15,10
81552,3005,19,6
81552,3005,4,6
81552,3005,322,6
81552,3005,71,6
81552,3007,0,2
81552,3007,71,2
81552,3007,19,2
81552,3007,14,2
81552,3007,1,2
81552,3007,29,2
81552,3007,4,2
81552,3007,15,2
81552,3010,70,3
81552,3010,25,3
81552,3010,19,3
81552,3010,27,3
81552,3010,1,3
81552,3010,29,3
81552,3010,378,3
81552,3010,14,3
81552,3010,71,3
81552,3010,320,3
81552,3010,4,3
81552,30136,70,4
81552,30136,19,4
81552,30136,15,4
81552,30165,15,1
81552,3020,288,2
81552,3020,1,2
81552,3020,70,2
81552,3020,29,2
81552,3020,10,3
81552,3020,272,2
81552,3020,71,2
81552,3020,4,2
81552,3020,0,2
81552,3020,191,2
81552,3021,288,1
81552,3022,29,5
81552,3022,2,4
81552,3022,85,4
81552,3022,14,4
81552,3022,4,4
81552,3022,71,5
81552,3022,15,4
81552,3022,19,4
81552,3022,70,5
81552,3023,71,6
81552,3023,29,6
81552,3023,27,6
81552,3023,4,6
81552,3023,191,6
81552,3023,2,6
81552,3023,19,6
81552,3023,0,1
81552,3023,1,6
81552,3023,15,6
81552,3024,15,6
81552,3024,14,5
81552,3024,71,6
81552,3024,2,6
81552,3024,85,6
81552,3024,70,6
81552,3024,19,6
81552,3024,29,6
81552,3024,1,6
81552,3024,4,6
81552,3031,19,1
81552,3031,10,2
81552,3031,1,1
81552,3031,31,1
81552,3031,72,1
81552,3031,15,1
81552,3032,1,1
81552,3034,14,2
81552,3034,4,2
81552,3034,71,2
81552,3034,85,2
81552,3034,0,2
81552,3034,2,2
81552,30340,0,2
81552,3035,70,1
81552,3035,1,2
81552,3035,15,1
81552,3035,2,1
81552,3036,2,1
81552,3036,1,1
81552,3036,19,1
81552,3039,0,4
81552,3039,4,4
81552,3039,85,4
81552,3039,71,4
81552,3039,15,4
81552,3039,26,1
81552,3039,191,5
81552,3039,47,2
81552,3039,2,8
81552,3039,19,5
81552,3039,288,4
81552,3039,27,2
81552,3039,320,4
81552,3039,33,2
81552,3040b,288,6
81552,3040b,85,4
81552,3040b,29,4
81552,3040b,191,4
81552,3040b,27,4
81552,3040b,320,4
81552,3040b,71,4
81552,3040b,4,4
81552,3040b,0,4
81552,3040b,19,4
81552,3040b,15,5
81552,30414,0,1
81552,30503,0,2
81552,3062b,85,1
81552,3062b,14,3
81552,3062b,15,3
81552,3062b,272,3
81552,3062b,4,6
81552,3062b,70,4
81552,3062b,27,3
81552,3062b,71,5
81552,3062b,31,3
81552,3245c,71,4
81552,3245c,4,4
81552,3245c,1,4
81552,3245c,0,4
81552,32607,2,4
81552,35442,85,2
81552,35480,15,2
81552,35480,19,2
81552,35480,5,2
81552,35480,0,2
81552,3622,15,3
81552,3622,71,3
81552,3622,5,3
81552,3622,1,3
81552,3622,4,3
81552,3622,19,3
81552,3622,2,3
81552,3622,321,3
81552,3622,14,3
81552,3659,71,2
81552,3659,3,2
81552,3659,191,2
81552,3660,15,4
81552,3660,191,4
81552,3660,30,1
81552,3660,19,4
81552,3660,27,2
81552,3660,72,4
81552,3665,72,4
81552,3665,19,4
81552,3665,15,4
81552,3666,71,2
81552,3666,1,2
81552,3666,19,2
81552,3666,27,2
81552,3666,2,2
81552,3666,191,2
81552,3666,4,2
81552,3666,29,2
81552,3710,19,4
81552,3710,70,4
81552,3710,2,4
81552,3710,29,4
81552,3710,71,4
81552,3710,4,4
81552,3710,1,4
81552,3710,27,4
81552,3710,191,4
81552,37352,2,2
81552,37352,191,2
81552,37352,4,2
81552,37352,15,2
81552,3795,0,3
81552,3795,19,2
81552,3795,2,2
81552,3795,71,2
81552,3795,29,2
81552,3795,14,2
81552,3795,70,2
81552,3839b,15,2
81552,3941,1,2
81552,3957b,70,2
81552,4032a,288,2
81552,4032a,70,2
81552,4032a,14,2
81552,4032a,4,2
81552,4032a,71,2
81552,4032a,0,2
81552,4032a,1,2
81552,4286,4,4
81552,4286,15,4
81552,4460b,71,4
81552,4460b,15,4
81552,4495b,4,2
81552,47905,70,2
81552,47905,15,2
81552,47905,0,2
81552,4865b,19,4
81552,4865b,4,4
81552,4865b,71,4
81552,49668,15,2
81552,49668,191,2
81552,52107,71,1
81552,54200,15,5
81552,54200,19,5
81552,54200,0,5
81552,54200,4,5
81552,54200,29,5
81552,54200,27,5
81552,54200,71,5
81552,54200,191,5
81552,59900,25,2
81552,59900,29,2
81552,59900,4,2
81552,59900,14,2
81552,59900,0,2
81552,59900,71,2
81552,59900,378,2
81552,60481,4,2
81552,60481,71,2
81552,60481,288,2
81552,60481,0,2
81552,60592,322,2
81552,60592,288,2
81552,60592,4,2
81552,60592,15,2
81552,6091,30,6
81552,6091,27,2
81552,6091,19,2
81552,6091,14,2
81552,6141,15,5
81552,6141,4,5
81552,6141,71,5
81552,6141,29,5
81552,6141,19,5
81552,6141,70,7
81552,6141,0,6
81552,6141,2,5
81552,6182,15,3
81552,6215,322,2
81552,6215,29,1
81552,6215,14,3
81552,6215,71,1
81552,6215,15,1
81552,6232,19,1
81552,85984,27,4
81552,85984,2,4
81552,85984,1,4
81552,85984,191,4
81552,85984,4,4
81552,87087,0,4
81552,87087,19,4
81552,87087,27,4
81552,87087,30,2
81552,87087,29,4
81552,87087,378,4
81552,87087,5,2
81552,94161,70,3
81552,96874,25,1
81552,98138pr0008,15,8
81552,98138pr0026,15,2
81552,98138pr0082,15,6
81553,11211,14,2
81553,11211,28,2
81553,11477,27,2
81553,11833,47,2
81553,15208,15,2
81553,15573,191,1
81553,15573,15,2
81553,15712,1,1
81553,18674,15,2
81553,22885,15,1
81553,22885,14,1
81553,23443,320,2
81553,2357,1,4
81553,23986,15,1
81553,2412b,36,3
81553,2423,2,3
81553,25269,0,1
81553,2654,182,2
81553,2654,33,2
81553,28621,35,1
81553,298c02,4,1
81553,3001,4,2
81553,3001,27,2
81553,3001,71,4
81553,3001,3,2
81553,3001,14,3
81553,3001,191,2
81553,3001,1,2
81553,3002,70,2
81553,3002,15,1
81553,3003,15,2
81553,3003,25,2
81553,3003,1,2
81553,3003,29,2
81553,3003,27,3
81553,3003,320,2
81553,3003,70,2
81553,3004,27,2
81553,3004,3,2
81553,3004,321,2
81553,3004,25,2
81553,3005,182,4
81553,3005,129,5
81553,3005,484,2
81553,3005,27,2
81553,3005,4,2
81553,3005,2,1
81553,3008,4,2
81553,3009,26,2
81553,3009,2,2
81553,3010,26,2
81553,3010,226,2
81553,30136,15,2
81553,30136,70,4
81553,30145,70,2
81553,30165,27,1
81553,3020,70,3
81553,3020,4,2
81553,3020,30,2
81553,3020,28,1
81553,3020,320,1
81553,3020,27,2
81553,3020,0,3
81553,3021,29,1
81553,3021,4,1
81553,3022,25,1
81553,3022,70,2
81553,3022,29,1
81553,3022,15,2
81553,3022,1,2
81553,3022,14,2
81553,3023,288,2
81553,3023,1,2
81553,3023,0,2
81553,3023,71,2
81553,3023,191,1
81553,3023,182,2
81553,3023,33,1
81553,3023,27,2
81553,3023,73,2
81553,3023,45,3
81553,3023,47,1
81553,3023,41,4
81553,3023,4,2
81553,3023,25,1
81553,3023,46,2
81553,3023,36,1
81553,30236,0,1
81553,3032,320,1
81553,3032,2,1
81553,3035,19,1
81553,3037,4,2
81553,3039,72,2
81553,3039,47,3
81553,3039,70,2
81553,3039,14,2
81553,3039,41,4
81553,3039,19,1
81553,3039,33,4
81553,3039,52,2
81553,3040b,14,2
81553,3040b,182,16
81553,3040b,484,2
81553,3040b,0,2
81553,30503,2,1
81553,30602,47,1
81553,3062b,36,3
81553,3062b,70,2
81553,3062b,308,2
81553,3062b,72,2
81553,3062b,47,2
81553,3062b,46,2
81553,3062b,34,2
81553,3062b,33,3
81553,3062b,484,2
81553,3065,33,2
81553,3065,47,2
81553,3065,46,2
81553,3065,45,2
81553,3065,36,3
81553,3065,35,2
81553,3066,40,2
81553,3068b,15,1
81553,3245c,4,2
81553,3245c,321,2
81553,32607,10,1
81553,33121,191,1
81553,33320,2,1
81553,34337,15,4
81553,35480,27,1
81553,3622,191,2
81553,3623,191,2
81553,3659,15,4
81553,3660,26,3
81553,3660,14,2
81553,3665,25,2
81553,3666,191,2
81553,3678b,27,2
81553,3678b,320,2
81553,3700,14,1
81553,3700,15,3
81553,3710,14,1
81553,3795,15,1
81553,3795,1,2
81553,3795,2,1
81553,3795,191,1
81553,3899,47,1
81553,3941,45,3
81553,3941,182,2
81553,3941,47,2
81553,3941,35,2
81553,4032a,19,2
81553,4032a,322,2
81553,4070,47,6
81553,42022,41,2
81553,4274,1,2
81553,4286,191,2
81553,4345b,4,1
81553,4345b,15,1
81553,4346,47,2
81553,43898,41,1
81553,43898,36,1
81553,43898,47,1
81553,4460b,1,2
81553,4460b,15,2
81553,44728,2,2
81553,4600,71,2
81553,4733,27,2
81553,4740,36,2
81553,4740,129,3
81553,4740,41,2
81553,47905,0,1
81553,48336,19,2
81553,48729b,71,2
81553,49668,191,2
81553,49668,15,2
81553,50950,191,2
81553,51739,25,1
81553,54200,4,2
81553,54200,36,4
81553,54200,27,3
81553,54200,34,3
81553,54200,182,2
81553,54200,45,2
81553,54200,46,2
81553,54200,33,2
81553,54200,41,5
81553,59900,297,4
81553,59900,2,2
81553,59900,70,2
81553,59900,46,2
81553,59900,129,1
81553,59900,52,2
81553,60474,322,1
81553,60474,28,1
81553,60475b,1,2
81553,60475b,4,2
81553,60476,0,1
81553,60478,70,2
81553,60478,15,1
81553,60481,85,1
81553,60897,14,2
81553,6091,27,4
81553,6091,14,2
81553,61252,19,2
81553,6126b,41,2
81553,6141,10,2
81553,6141,45,2
81553,6141,70,2
81553,6141,1,2
81553,6141,29,2
81553,6141,36,3
81553,6141,34,2
81553,6141,0,2
81553,6141,47,2
81553,6141,15,2
81553,6215,15,1
81553,6223,33,2
81553,6223,47,2
81553,6223,34,2
81553,6223,36,2
81553,64647,182,3
81553,85861,14,1
81553,85861,182,1
81553,85984,10,2
81553,85984,25,1
81553,85984,70,2
81553,87087,5,2
81553,87414,0,4
81553,87580,25,1
81553,89522,297,1
81553,96874,3,1
81553,98138,84,2
81553,98138pr0008,15,11
81553,98138pr0026,15,2
81553,98138pr0027,15,5
81553,98138pr0062,15,2
81553,98262,4,2
81553,98262,14,2
81553,99781,27,1
81555,11153,2,2
81555,11208,71,6
81555,11209,0,6
81555,11211,0,4
81555,11215,0,1
81555,11477,4,4
81555,11477,322,2
81555,11477,1,2
81555,11477,2,2
81555,15068,2,2
81555,15068,71,4
81555,15068,0,2
81555,15068,15,2
81555,15207,71,2
81555,15535,0,1
81555,15573,2,1
81555,15573,1,5
81555,15573,14,5
81555,22885,15,5
81555,2412b,71,8
81555,2420,72,4
81555,2420,322,2
81555,2420,4,2
81555,24299,15,1
81555,24307,15,1
81555,24309,15,1
81555,2432,14,1
81555,2432,1,1
81555,2445,15,2
81555,25269,14,2
81555,25269,1,2
81555,28802,4,2
81555,28802,72,2
81555,28802,1,2
81555,3001,2,3
81555,30028,0,8
81555,3005,71,4
81555,30136,3,2
81555,30165,72,2
81555,3021,15,3
81555,3021,4,1
81555,3021,1,1
81555,3023,15,9
81555,3023,2,6
81555,3023,36,3
81555,3023,4,5
81555,3023,322,4
81555,3024,2,7
81555,3024,182,2
81555,3031,15,4
81555,3033,15,1
81555,3070b,4,1
81555,3070b,322,1
81555,32828,71,2
81555,32952,0,2
81555,35787,15,2
81555,35787,0,2
81555,3623,0,2
81555,3666,71,4
81555,36840,15,4
81555,3710,72,5
81555,37352,2,2
81555,3738,72,2
81555,3749,19,1
81555,3795,15,2
81555,3832,0,1
81555,4032a,2,2
81555,4032a,71,4
81555,4070,72,8
81555,43722,15,1
81555,43723,15,1
81555,44728,15,2
81555,44728,2,2
81555,47457,72,1
81555,48336,72,2
81555,50340,71,1
81555,50745,15,2
81555,50949,2,2
81555,50951,0,4
81555,54383,2,1
81555,54384,2,1
81555,59900,71,2
81555,60470b,15,2
81555,60897,0,6
81555,6091,2,8
81555,6091,15,2
81555,61409,4,2
81555,61409,1,2
81555,6141,0,6
81555,6157,0,7
81555,62113,72,4
81555,63864,2,6
81555,63868,72,2
81555,64644,71,2
81555,66897,0,4
81555,74967,71,8
81555,85984,0,2
81555,85984,71,4
81555,87079,71,4
81555,87580,0,2
81555,92582,71,1
81555,93594,179,4
81555,98138,320,2
81555,98138,272,2
81555,98138,47,4
81555,99206,0,8
81555,99207,71,2
81555,99563,15,1
81555,99780,15,4
81555,99781,72,2
81556,11153,321,2
81556,11214,72,1
81556,11458,0,3
81556,11477,321,2
81556,13548,321,2
81556,14769pr0004,71,2
81556,15068,321,2
81556,15068,0,2
81556,15462,70,2
81556,15535,72,1
81556,15672,321,4
81556,18677,71,2
81556,18973,40,1
81556,20482,0,1
81556,22961,72,3
81556,2357,72,2
81556,2412b,72,2
81556,2420,0,2
81556,24299,321,1
81556,24307,321,1
81556,25269,0,2
81556,2654,47,1
81556,26601,0,2
81556,2723,71,3
81556,2780,0,3
81556,2853,71,1
81556,2877,72,1
81556,28802,0,2
81556,29119,272,2
81556,29120,272,2
81556,3001,72,1
81556,3003,71,1
81556,3020,321,1
81556,3020,0,1
81556,3021,0,3
81556,3021,321,1
81556,3022,71,3
81556,3023,0,4
81556,3023,321,4
81556,3024,71,1
81556,30374,71,2
81556,3062b,71,6
81556,3069b,0,3
81556,3069b,321,2
81556,32000,71,4
81556,32002,19,2
81556,32062,4,4
81556,32073,14,1
81556,32123b,71,1
81556,32449,72,2
81556,32524,0,2
81556,32828,71,2
81556,35044,321,2
81556,35480,0,2
81556,35787,272,4
81556,35787,15,2
81556,3623,0,6
81556,3648b,72,1
81556,3660,0,1
81556,36840,15,4
81556,36841,0,4
81556,3705,0,2
81556,3709,72,3
81556,3710,0,2
81556,3713,4,2
81556,3747b,272,2
81556,3749,19,2
81556,3795,72,4
81556,39367pat0002,0,2
81556,4032a,0,2
81556,4070,0,6
81556,4081b,71,2
81556,41740,71,2
81556,41769,321,2
81556,41770,321,2
81556,42135,0,3
81556,42195,71,1
81556,4287c,72,2
81556,43045,71,1
81556,43093,1,1
81556,44728,0,7
81556,44861,0,2
81556,4519,71,2
81556,47753,15,1
81556,48336,4,1
81556,48336,0,1
81556,50950,321,2
81556,53923,72,2
81556,54200,36,2
81556,54200,72,2
81556,54657,72,2
81556,59443,0,4
81556,59900,71,2
81556,61409,0,2
81556,63868,4,2
81556,6536,71,1
81556,76537,14,1
81556,85943,72,1
81556,85984pr0021,71,1
81556,87580,321,1
81556,92907,0,1
81556,93273,321,1
81556,93606,0,1
81556,98138,182,2
81556,98138,72,1
81556,98138,47,2
81556,99206,0,1
81556,99207,71,6
81556,99781,321,5
81557,11211,320,2
81557,11477,320,4
81557,13349,320,1
81557,14417,72,8
81557,14418,71,4
81557,14419,72,2
81557,14704,71,6
81557,14769,191,2
81557,15068,191,6
81557,15068,0,1
81557,15070,71,1
81557,15208,15,4
81557,2420,0,2
81557,24201,191,8
81557,25269,15,2
81557,26047,71,2
81557,26604,19,4
81557,27261,320,7
81557,3001,191,1
81557,3001,320,1
81557,3010,320,1
81557,3020,191,2
81557,3020,320,1
81557,3021,0,2
81557,3022,19,2
81557,3022,484,2
81557,3023,2,2
81557,3023,484,9
81557,3023,191,21
81557,3023,72,1
81557,3024,19,6
81557,3034,191,2
81557,3039,191,1
81557,3069b,4,1
81557,3176,19,4
81557,3176,320,2
81557,35480,5,1
81557,3622,191,2
81557,3623,191,4
81557,3623,15,1
81557,3666,191,8
81557,36840,15,2
81557,39739,5,1
81557,40379,15,2
81557,4081b,15,2
81557,4081b,0,2
81557,42023,191,2
81557,4286,191,2
81557,43722,191,2
81557,43723,191,2
81557,44674,191,1
81557,47457,191,2
81557,47905,15,1
81557,49668,15,2
81557,51739,0,1
81557,52107,71,1
81557,53451,15,3
81557,54200,191,4
81557,54200,320,2
81557,58176,41,2
81557,60897,4,4
81557,6091,191,4
81557,6141,0,3
81557,63864,191,2
81557,64225,320,1
81557,66906,0,2
81557,67329,0,2
81557,85861,15,1
81557,85984,0,1
81557,85984,320,4
81557,87087,4,5
81557,87994,308,1
81557,88072,0,1
81557,99206,71,1
81557,99207,71,2
81557,99780,28,6
81557,99781,72,4
81557,99781,15,1
81558,14769,15,10
81558,15470,29,32
81558,15470,15,16
81558,15470,70,32
81558,25269,322,64
81558,25269,323,64
81558,25269,226,32
81558,25269,14,64
81558,25269,31,64
81558,25269,3,32
81558,25269,1050,64
81558,25269,29,32
81558,37762,1050,11
81558,37775,182,11
81558,69871,321,3
81558,72024,29,2
81558,72024,323,3
81558,72024,226,3
81558,73101,9999,1
81558,74611,15,8
81558,85861,15,11
81558,98138,70,32
81558,98138,84,32
81559,15207,0,1
81559,15573,15,1
81559,18674,15,2
81559,25269,1,64
81559,25269,212,64
81559,25269,26,64
81559,25269,15,12
81559,25269,30,64
81559,25269,5,1
81559,25269,321,64
81559,3003,0,2
81559,3009,71,8
81559,3036,0,7
81559,30414,1,12
81559,3070b,0,1
81559,3176,0,2
81559,3245c,15,24
81559,33243,0,2
81559,3666,15,8
81559,3958,0,4
81559,39739,5,2
81559,4162,0,4
81559,41740,0,4
81559,6005,0,1
81559,69871,321,1
81559,901956,47,1
81559,901957,322,1
81559,98138,117,30
81559,98138,1,2
81560,11477,85,1
81560,15573,15,1
81560,22885,19,3
81560,2357,15,4
81560,2431,0,1
81560,25269,323,36
81560,25269,0,16
81560,25269,30,36
81560,25269,15,6
81560,25269,31,42
81560,25269,3,13
81560,25269,29,18
81560,3005,15,8
81560,3023,1,3
81560,3031,85,5
81560,3068b,0,1
81560,3068b,15,1
81560,3069b,0,2
81560,3070b,29,6
81560,3070bpr0193,29,4
81560,32054,0,2
81560,32952,0,1
81560,37452,29,1
81560,41740,0,1
81560,43093,1,1
81560,54200,85,2
81560,61252,15,1
81560,69871,321,2
81560,72008,15,1
81560,72045,3,2
81560,901956,47,1
81560,901957,322,1
81560,98138,52,30
81560,98138,29,8
81560,98138,323,12
81560,98138pr0107,0,2
81561,25269,321,21
81561,25269,323,19
81561,25269,85,21
81561,72046pat0001,31,8
81561,72078pat0001,272,8
81561,98138,45,20
81562,11575pr0004,15,1
81562,11618,191,1
81562,14769,15,5
81562,15068,15,1
81562,15279,10,1
81562,15573,19,1
81562,15573,297,3
81562,15573,10,1
81562,18646,27,1
81562,18674,85,3
81562,18853,191,1
81562,20482,297,1
81562,2357,15,2
81562,23969,322,2
81562,23969,71,2
81562,2412b,297,3
81562,24201,19,2
81562,2454b,30,3
81562,24866,5,3
81562,24866,29,4
81562,24866,10,3
81562,25269,323,2
81562,25269,84,4
81562,25269,0,1
81562,25269,19,6
81562,25269,70,4
81562,27925,30,4
81562,3003,15,3
81562,3004,15,3
81562,3004,30,3
81562,3005,15,3
81562,3010,85,2
81562,3010,15,1
81562,30153,45,1
81562,3020,15,2
81562,3020,19,2
81562,3022,15,4
81562,3023,30,1
81562,3023,15,3
81562,3024,85,4
81562,3031,70,1
81562,3031,27,1
81562,30357,322,4
81562,30357,70,2
81562,30562,47,2
81562,30565,19,1
81562,3069b,15,2
81562,3069b,323,2
81562,3069b,84,1
81562,3069b,191,1
81562,3069b,85,3
81562,3069b,30,2
81562,3245c,19,1
81562,32474,5,1
81562,32606,5,1
81562,32607,10,2
81562,32952,15,1
81562,33183,70,1
81562,33303,15,1
81562,3460,15,1
81562,35787,70,2
81562,3623,15,2
81562,3666,19,2
81562,3666,85,1
81562,3710,15,1
81562,3710,70,1
81562,3710,5,1
81562,3710,85,2
81562,37695,10,1
81562,3795,15,1
81562,3795,30,1
81562,3837,72,1
81562,3852b,191,1
81562,3941,85,1
81562,4032a,70,2
81562,44728,19,1
81562,4495b,5,1
81562,4599b,297,1
81562,48092,15,2
81562,48092,85,2
81562,49736,41,1
81562,50950,85,2
81562,53119,70,1
81562,59900,45,1
81562,6003,27,2
81562,60475b,15,1
81562,60599,15,1
81562,60616b,47,1
81562,6091,85,2
81562,6091,14,1
81562,6091,323,1
81562,6091,191,2
81562,6091,226,2
81562,6091,5,2
81562,6141,19,3
81562,6182,15,1
81562,6254,15,1
81562,6636,85,1
81562,67810,323,2
81562,69901pr0002,84,1
81562,77149,9999,1
81562,85080,15,4
81562,87079,15,2
81562,87079,85,1
81562,87580,27,2
81562,87580,30,1
81562,87580,323,3
81562,87580,322,1
81562,87994,15,1
81562,92438,19,1
81562,93160,15,1
81562,93273,85,1
81562,95343,71,1
81562,95344,297,1
81562,98138pr0008,15,2
81562,98138pr0056,84,1
81562,99207,71,3
81562,99780,15,2
81563,11477,1050,6
81563,11477,2,1
81563,13548,71,1
81563,13731,1050,2
81563,14769,1050,2
81563,15068,322,2
81563,15573,15,2
81563,17485,14,4
81563,18646,321,2
81563,18677,1050,2
81563,18852pr0001,84,1
81563,18855,323,1
81563,22885,19,3
81563,2357,15,2
81563,2417,10,1
81563,2449,15,2
81563,2456,71,1
81563,24866,5,4
81563,24866,29,2
81563,24947,14,2
81563,25269,323,3
81563,25269,15,2
81563,25269,19,2
81563,25269,1050,2
81563,26603,19,1
81563,26603,14,2
81563,27925,1050,2
81563,2817,71,1
81563,30000,15,2
81563,3003,72,1
81563,3003,84,2
81563,3004,84,2
81563,3004,15,1
81563,3005,84,1
81563,30136,70,2
81563,30162,72,1
81563,3020,1050,1
81563,3020,15,2
81563,3021,71,1
81563,3022,4,1
81563,3022,71,1
81563,3022,2,1
81563,3023,71,1
81563,3023,31,2
81563,3023,19,2
81563,3023,322,1
81563,3023,1,1
81563,3023,1050,4
81563,3023,15,2
81563,3024,1050,2
81563,3031,15,1
81563,3031,31,1
81563,30340,14,1
81563,3035,31,1
81563,30357,19,3
81563,3036,27,1
81563,30367c,14,2
81563,30592,71,1
81563,3062b,70,6
81563,3062b,71,2
81563,3068b,15,1
81563,3068b,70,1
81563,3068b,19,1
81563,3069b,322,1
81563,32034,15,1
81563,32062,0,2
81563,32607,10,1
81563,33121,4,1
81563,33243,15,2
81563,34050pr0006,84,1
81563,35480,27,1
81563,3659,15,4
81563,3665,15,2
81563,3666,19,1
81563,3673,71,2
81563,3710,322,3
81563,3710,15,1
81563,3710,71,2
81563,3899pr0007,15,1
81563,39262,15,2
81563,3958,321,1
81563,39739,1050,2
81563,4032a,10,2
81563,4032a,14,8
81563,4070,15,2
81563,41948,321,1
81563,4274,1,4
81563,4274,71,1
81563,4282,15,1
81563,43713,15,1
81563,43719,322,1
81563,44661,15,1
81563,44728,71,1
81563,44861,15,2
81563,48336,15,3
81563,4871,15,1
81563,53020,212,1
81563,54200,1050,2
81563,59900,71,2
81563,60474,322,1
81563,60478,15,2
81563,6091,84,5
81563,61184,71,2
81563,61409,80,2
81563,6141,72,2
81563,6141,15,4
81563,6141,14,4
81563,6141,46,7
81563,62462,71,1
81563,63868,15,2
81563,63868,71,4
81563,64644,15,1
81563,65138,1050,2
81563,77150,9999,1
81563,85984,15,1
81563,85984,19,1
81563,85984,71,1
81563,87552,15,1
81563,87580,14,1
81563,87752,41,1
81563,88292,84,2
81563,92842,0,1
81563,93092,191,1
81563,93095,322,1
81563,93273,322,1
81563,98138,14,4
81563,98138,1053,2
81563,98138pr0017,29,1
81563,98138pr0121,19,1
81563,99012,15,2
81564,15573,19,1
81564,18787,297,1
81564,24866,323,2
81564,24866,5,2
81564,24866,14,2
81564,24866,10,4
81564,3001,4,1
81564,3001,1,1
81564,3001,14,2
81564,3003,14,1
81564,3003,4,1
81564,3003,72,1
81564,3003,1,1
81564,3005,326,2
81564,3020,19,2
81564,3020,14,1
81564,3022,191,1
81564,3022,1,1
81564,3022,14,2
81564,3022,19,1
81564,3022,4,2
81564,3023,322,2
81564,3023,321,2
81564,3023,29,2
81564,3023,5,2
81564,3023,191,3
81564,3023,19,2
81564,3024,191,1
81564,3062b,47,2
81564,3062b,27,4
81564,3068bpr0486,19,1
81564,3070bpr0242,19,1
81564,32073,14,1
81564,3700,4,2
81564,3713,4,1
81564,3795,4,1
81564,3941,14,1
81564,3958,19,2
81564,3958,72,1
81564,45590,0,1
81564,4727,10,2
81564,4733,15,1
81564,4738c,84,1
81564,4739a,84,1
81564,54200,19,2
81564,54200,73,4
81564,6141,3,1
81564,64648,25,1
81564,67329,15,2
81564,87079,19,1
81564,87580,1,1
81564,87580,14,1
81564,87580,4,2
81564,98138pr0088,19,1
81565,11055,15,4
81565,11090,379,2
81565,11090,0,2
81565,11203,0,8
81565,11211,0,1
81565,11211,15,2
81565,11214,4,3
81565,13591,0,1
81565,14137,15,2
81565,14418,71,12
81565,14419,72,4
81565,14704,71,5
81565,14769pr1174,297,1
81565,15303,33,3
81565,15400,72,2
81565,15456,0,4
81565,15460,72,4
81565,15571,71,6
81565,15573,321,4
81565,15672,15,3
81565,15672,72,4
81565,15712,297,5
81565,17485,71,2
81565,19858pat0001,42,2
81565,21459,179,1
81565,21459,297,2
81565,22385,15,14
81565,22390,15,3
81565,22391,15,4
81565,22484,72,1
81565,22890,72,4
81565,24201,15,2
81565,24201,0,2
81565,24316,70,2
81565,2450,0,2
81565,2458,15,4
81565,25379,179,1
81565,2540,0,8
81565,26047,0,4
81565,2654,0,3
81565,26599,0,1
81565,26601,15,4
81565,26601,0,4
81565,26603,15,4
81565,28192,15,20
81565,28192,72,6
81565,28621,41,4
81565,2877,0,2
81565,28802,0,4
81565,3002,0,2
81565,3003,15,2
81565,3004,15,2
81565,3005,0,2
81565,30166,72,4
81565,3020,379,5
81565,3020,15,6
81565,3021,321,1
81565,3021,0,6
81565,3021,15,4
81565,3022,379,22
81565,3023,15,43
81565,3023,41,1
81565,3024,15,12
81565,3034,0,1
81565,3040b,15,2
81565,30414,19,1
81565,30414,0,2
81565,3045,15,2
81565,30505,0,2
81565,3069b,379,4
81565,3070b,15,2
81565,32064a,19,2
81565,3245c,71,2
81565,32803,0,2
81565,3298,15,2
81565,33909,15,6
81565,3460,71,1
81565,35459,0,2
81565,35480,4,10
81565,35574,1103,4
81565,35633,297,1
81565,3623,321,4
81565,3666,0,3
81565,3678b,15,2
81565,36841,71,2
81565,3705,4,2
81565,3710,0,1
81565,3710,19,3
81565,3710,379,12
81565,3795,321,2
81565,3795,72,10
81565,3937,0,2
81565,4032a,321,17
81565,4070,72,4
81565,4070,71,1
81565,4081b,72,4
81565,41125,179,1
81565,41769,379,1
81565,41769,15,2
81565,41770,15,2
81565,41770,379,1
81565,42135,0,1
81565,4274,1,2
81565,4287c,0,1
81565,43710,15,2
81565,43711,15,2
81565,43722,15,1
81565,43722,72,2
81565,43723,72,2
81565,43723,15,1
81565,44224,72,2
81565,44225,71,2
81565,44661,15,1
81565,44676,15,2
81565,44728,71,26
81565,44861,15,2
81565,44861,4,8
81565,44861,0,16
81565,4499,0,2
81565,45677,379,4
81565,4697b,15,4
81565,47455,72,6
81565,47456,0,2
81565,48169,72,2
81565,48171,0,6
81565,48336,72,1
81565,49153,15,1
81565,50950,15,1
81565,51739,15,2
81565,52107,0,1
81565,53540,72,6
81565,53585,0,2
81565,54200,15,14
81565,54200,71,1
81565,54657,71,2
81565,54662,0,2
81565,57909b,72,2
81565,60219,0,1
81565,60849,297,2
81565,6091,0,6
81565,61252,71,2
81565,61332,0,4
81565,6134,0,2
81565,6141,158,4
81565,6141,1,2
81565,6153b,15,4
81565,62462,1103,4
81565,63864,15,4
81565,63868,321,11
81565,63965,0,1
81565,6541,14,2
81565,67696,0,4
81565,68297,72,1
81565,71548,9999,1
81565,76959,0,6
81565,85861,71,6
81565,85943,72,2
81565,85984,15,2
81565,85984,72,8
81565,87079,379,2
81565,87081,0,2
81565,87087,0,1
81565,88072,71,4
81565,90194,379,4
81565,92582,0,4
81565,92947,71,2
81565,93274,72,4
81565,95344,297,1
81565,96874,25,1
81565,98100,71,14
81565,98138,71,4
81565,98834,379,6
81565,99021,72,2
81565,99206,15,6
81565,99206,379,4
81565,99207,0,20
81565,99563,15,30
81565,99563,297,22
81565,99563,19,2
81565,99780,0,24
81565,99781,71,16
81565,99781,321,4
81566,11153,4,2
81566,11203,71,1
81566,11211,0,1
81566,11214,72,2
81566,11291,4,1
81566,11458,4,8
81566,11477,14,1
81566,11477,4,3
81566,14769,72,1
81566,14769,71,1
81566,14769pr1174,297,1
81566,15068,4,1
81566,15303,182,3
81566,15400,72,2
81566,15573,0,2
81566,15712,297,1
81566,15712,72,8
81566,18651,0,2
81566,18654,0,2
81566,18671,71,2
81566,18677,71,2
81566,18677,0,6
81566,21459,297,6
81566,21459,179,2
81566,22385,0,1
81566,22961,4,4
81566,2412b,71,2
81566,2412b,0,5
81566,2412b,179,1
81566,2412b,36,2
81566,2420,15,2
81566,2420,4,2
81566,24201,0,2
81566,24299,0,1
81566,24307,0,1
81566,24309,4,1
81566,2431,0,3
81566,2431,4,4
81566,2445,72,2
81566,2540,72,2
81566,2540,4,1
81566,2654,0,2
81566,2730,0,2
81566,2780,0,16
81566,28192,85,2
81566,28192,4,10
81566,28326,0,1
81566,2877,72,5
81566,29119,4,4
81566,29120,4,4
81566,3001,0,2
81566,3002,25,2
81566,3005,0,2
81566,30136,70,2
81566,3020,71,4
81566,3020,0,7
81566,3021,4,10
81566,3021,72,4
81566,3022,71,4
81566,3022,4,4
81566,3022,0,2
81566,3023,0,1
81566,3023,4,21
81566,3024,297,1
81566,3024,25,2
81566,3031,71,2
81566,3034,4,4
81566,3034,72,1
81566,3035,71,1
81566,30374,36,1
81566,30414,4,1
81566,3062b,70,2
81566,3069b,46,3
81566,3069b,4,2
81566,3070b,0,2
81566,32000,0,2
81566,32002,19,1
81566,32018,72,2
81566,32028,71,2
81566,32034,4,2
81566,32039,4,2
81566,32062,4,1
81566,32064a,72,2
81566,32073,71,2
81566,32123b,71,2
81566,32192,0,2
81566,32249,71,2
81566,32449,0,2
81566,32523,0,4
81566,32803,71,1
81566,33909,0,2
81566,3460,14,2
81566,3460,4,2
81566,35299,0,1
81566,35480,70,4
81566,35480,72,2
81566,3623,4,20
81566,3660,4,1
81566,3665,4,4
81566,3666,4,2
81566,3666,0,7
81566,3673,71,2
81566,36841,71,2
81566,3701,0,4
81566,3705,0,6
81566,3710,72,9
81566,3710,0,7
81566,3713,4,5
81566,3795,19,4
81566,3795,0,3
81566,3795,4,3
81566,3832,4,2
81566,3832,0,2
81566,3895,71,2
81566,3958,0,1
81566,4032a,70,2
81566,4032a,72,1
81566,4032a,85,1
81566,4162,0,2
81566,41677,72,2
81566,41769,4,1
81566,41769,0,2
81566,41770,0,2
81566,41770,4,1
81566,42918,4,4
81566,42924,1,8
81566,43093,1,2
81566,43710,0,1
81566,43711,0,1
81566,43722,0,2
81566,43722,4,1
81566,43723,0,2
81566,43723,4,1
81566,44294,14,2
81566,44676,4,2
81566,4519,71,1
81566,51739,4,1
81566,53454,179,1
81566,54200,0,7
81566,55978,0,4
81566,55981,297,2
81566,56145,297,4
81566,59426,72,2
81566,59443,14,2
81566,60470b,0,4
81566,60477,0,2
81566,60478,71,2
81566,60479,0,7
81566,60483,72,2
81566,60484,71,2
81566,6091,0,2
81566,61252,0,1
81566,6141,25,2
81566,6141,297,31
81566,6231,0,2
81566,62361,4,2
81566,63864,0,4
81566,63965,297,1
81566,64567,0,2
81566,6541,0,6
81566,65426,4,1
81566,65429,4,1
81566,6632,14,2
81566,6632,0,2
81566,66906,0,2
81566,71544,9999,1
81566,73983,71,2
81566,76138,71,1
81566,85943,72,1
81566,85984,4,6
81566,85984,0,2
81566,85984,71,4
81566,87079,4,3
81566,87083,72,2
81566,87087,0,1
81566,87994,70,2
81566,89201,0,2
81566,92280,0,4
81566,92338,297,1
81566,92690,1103,1
81566,93606,4,4
81566,93606,0,1
81566,96874,25,1
81566,98100,0,1
81566,98137,297,2
81566,98138,72,2
81566,98138,36,2
81566,98313,297,2
81566,99021,72,2
81566,99207,4,2
81566,99207,71,6
81566,99780,15,8
81566,99780,0,7
81567,10247,71,5
81567,11090,72,1
81567,11153,0,4
81567,11211,19,1
81567,11211,0,1
81567,11211,4,2
81567,11458,72,3
81567,14769pr1174,297,1
81567,15068,0,3
81567,15208,297,6
81567,15208,19,3
81567,15303,182,9
81567,15400,72,8
81567,15535,4,3
81567,15625,0,2
81567,18041,297,2
81567,18575,0,2
81567,21445,71,1
81567,21459,297,5
81567,22385,0,5
81567,22484,72,1
81567,2412b,179,3
81567,2431,0,2
81567,24316,70,2
81567,25111,179,1
81567,25269,0,4
81567,2540,0,2
81567,2654,72,3
81567,2723,0,1
81567,27263,0,2
81567,2780,0,3
81567,2815,297,1
81567,2877,0,2
81567,30132,72,6
81567,30166,72,2
81567,30176,2,2
81567,3020,70,3
81567,3020,25,1
81567,3020,71,1
81567,3020,19,4
81567,3021,4,2
81567,3023,19,7
81567,3023,72,4
81567,3030,0,2
81567,3031,0,8
81567,3032,72,1
81567,3032,25,1
81567,30374,71,1
81567,3039,72,1
81567,30414,72,4
81567,3062b,72,3
81567,3068b,0,1
81567,3068b,28,3
81567,32001,0,1
81567,32028,15,1
81567,32034,25,1
81567,32064a,72,2
81567,32123b,14,1
81567,32124,0,2
81567,32200,0,1
81567,32270,0,2
81567,32324,71,1
81567,3460,72,2
81567,35459,308,2
81567,35480,72,2
81567,35633,297,2
81567,3622,0,2
81567,3623,1,2
81567,3659,70,2
81567,3665,0,2
81567,3666,378,2
81567,3666,2,1
81567,3666,0,4
81567,3673,71,2
81567,3700,15,3
81567,3705,0,1
81567,3708,0,1
81567,3710,72,16
81567,3710,0,1
81567,3747b,0,1
81567,3749,19,1
81567,3795,28,2
81567,3895,0,2
81567,4032a,71,2
81567,4032a,70,2
81567,4081b,72,2
81567,41740,72,1
81567,4185,297,1
81567,4274,71,8
81567,42924,1,4
81567,43093,1,1
81567,43722,0,4
81567,43722,25,2
81567,43723,25,2
81567,43723,0,4
81567,44567b,0,2
81567,44676,0,2
81567,44728,72,2
81567,4477,72,1
81567,4519,71,3
81567,48336,0,8
81567,4865b,0,2
81567,4871,0,5
81567,48729b,71,2
81567,50340,71,2
81567,50373,0,1
81567,51739,0,2
81567,53454,179,1
81567,54200,85,4
81567,54200,0,4
81567,54383,0,3
81567,54383,25,1
81567,54384,0,3
81567,54384,25,1
81567,56145,297,1
81567,56908,297,1
81567,57520,0,2
81567,59426,72,1
81567,59900,182,2
81567,6014b,71,1
81567,6020,0,1
81567,60470b,71,13
81567,60474,72,1
81567,60477,72,2
81567,60484,72,2
81567,60897,71,6
81567,6091,0,6
81567,61252,72,2
81567,61409,378,10
81567,6141,4,2
81567,6141,19,9
81567,6141,179,8
81567,6179,72,1
81567,6232,71,2
81567,6239,0,1
81567,62462,71,1
81567,62462,0,1
81567,63868,0,2
81567,6585,0,1
81567,6587,28,1
81567,6589,19,3
81567,6629,72,2
81567,66955,0,2
81567,69564pr0001,40,1
81567,71539,9999,1
81567,75937,0,2
81567,85984pr0013,72,1
81567,87747,15,6
81567,92280,71,4
81567,92691,15,1
81567,970c31pr9962,2,2
81567,98100,71,1
81567,98138,71,5
81567,99021,72,1
81567,99207,71,2
81567,99563,1103,17
81567,99780,71,2
81567,99781,71,1
81568,11090,72,4
81568,11090,297,4
81568,11203,0,4
81568,11211,4,2
81568,11211,0,2
81568,11476,0,1
81568,11477,272,2
81568,11477,0,2
81568,13269,0,1
81568,13548,0,2
81568,13564,0,4
81568,14418,71,2
81568,15068,272,8
81568,15209,0,2
81568,15573,272,12
81568,15706,72,4
81568,17114,0,1
81568,17485,71,1
81568,18674,272,10
81568,21459,297,1
81568,22385,272,2
81568,22889,0,1
81568,23443,0,2
81568,2420,27,2
81568,2420,4,4
81568,2420,72,4
81568,24201,72,2
81568,2431,0,2
81568,2450,72,2
81568,2476a,28,2
81568,25269,85,2
81568,25269,272,2
81568,25893,47,1
81568,26047,297,8
81568,2654,52,1
81568,2654,26,1
81568,27256,45,1
81568,2736,71,2
81568,28192,72,4
81568,28802,0,4
81568,3003,0,2
81568,3004,72,2
81568,3020,15,1
81568,3020,0,2
81568,3022,72,3
81568,3023,85,15
81568,3034,85,1
81568,30377,0,2
81568,3040b,0,2
81568,30414,72,2
81568,3069b,0,2
81568,32039,72,2
81568,32062,4,1
81568,32062,0,4
81568,32064a,71,2
81568,32803,0,3
81568,35480,0,3
81568,3639,72,2
81568,3640,272,2
81568,3660,72,2
81568,3673,71,3
81568,36841,0,2
81568,3700,72,2
81568,3700,19,3
81568,3710,14,1
81568,3747b,0,1
81568,3795,0,1
81568,3795,72,3
81568,43713,0,1
81568,43722,72,1
81568,43722,272,2
81568,43723,72,1
81568,43723,272,2
81568,44674,272,3
81568,44728,72,2
81568,44861,0,10
81568,47455,72,2
81568,47753,272,2
81568,48171,0,2
81568,48172,0,1
81568,48336,0,2
81568,49307,0,2
81568,49668,0,6
81568,50304,72,1
81568,50305,72,1
81568,50923,72,2
81568,50950,272,6
81568,51739,272,1
81568,52501,0,1
81568,53451,297,4
81568,53585,0,2
81568,53923,72,2
81568,54200,85,10
81568,54200,272,6
81568,54672,71,2
81568,57585,71,2
81568,59233,45,1
81568,59443,72,4
81568,60478,0,8
81568,6091,272,4
81568,6232,15,2
81568,72224pr0001,0,1
81568,72224pr0002,0,1
81568,85861,297,4
81568,85943,72,4
81568,85984,72,2
81568,85984,272,3
81568,87747,85,21
81568,90194,0,3
81568,92013,0,5
81568,92692,0,2
81568,93571,0,1
81568,98135,85,8
81568,98313,0,4
81568,98313,72,6
81568,99780,72,6
81568,99781,0,4
81569,11211,0,1
81569,11253,179,2
81569,11476,0,4
81569,13564,0,1
81569,14417,72,2
81569,14704,71,2
81569,14716,0,8
81569,14769pr1174,297,1
81569,15068,272,4
81569,15279,10,1
81569,15395,15,2
81569,15535,0,2
81569,15573,70,3
81569,15706,0,4
81569,15712,297,15
81569,18976,0,1
81569,18980,19,4
81569,20482,15,2
81569,21459,297,2
81569,22888,19,1
81569,24093,70,1
81569,24122,28,1
81569,2417,10,1
81569,24324,70,1
81569,2450,19,2
81569,25893,47,2
81569,25975pr0002,15,1
81569,2654,47,1
81569,3004,272,5
81569,3008,0,3
81569,30136,0,1
81569,3022,19,1
81569,3022,70,3
81569,3023,72,2
81569,30237b,0,1
81569,3035,19,6
81569,30374,19,1
81569,3062b,272,6
81569,3062b,4,2
81569,3069b,272,2
81569,3069b,19,1
81569,3184,0,1
81569,3460,0,1
81569,36017,297,2
81569,3665,0,8
81569,36840,84,2
81569,3707,4,1
81569,3710,0,1
81569,37341a,10,2
81569,37341b,10,2
81569,37341c,10,2
81569,37341d,10,2
81569,37341e,10,2
81569,3749,19,1
81569,3941,4,3
81569,3942c,15,2
81569,40144,72,1
81569,40145,0,1
81569,40379,0,1
81569,4081b,0,2
81569,41740,272,6
81569,4286,272,4
81569,4740,129,2
81569,4865b,28,1
81569,49153,0,1
81569,50663pat0009,297,1
81569,53451,0,1
81569,53454,179,1
81569,54200,272,4
81569,57894,0,3
81569,57895,15,3
81569,59443,4,1
81569,59895,0,1
81569,60470b,84,2
81569,60475b,0,2
81569,60477,0,2
81569,60478,70,4
81569,60479,0,1
81569,60481,0,10
81569,60897,70,2
81569,6091,0,2
81569,6141,2,2
81569,61780,70,1
81569,62462,0,1
81569,63965,297,2
81569,64567,0,7
81569,64567,297,6
81569,66909,19,1
81569,69729,0,2
81569,79482,9999,1
81569,85861,297,9
81569,85984,70,1
81569,85984,28,1
81569,87617,4,8
81569,87994,297,4
81569,87994,70,1
81569,88072,0,6
81569,92338,179,1
81569,92690,1103,1
81569,92691,15,1
81569,92950,0,4
81569,93273,272,2
81569,99563,297,1
81570,14413,0,1
81570,18674,71,1
81570,18677,71,1
81570,24946,19,1
81570,28192,272,2
81570,3022,0,1
81570,3023,272,2
81570,33078,378,1
81570,34076,0,1
81570,35700,84,1
81570,36017,297,1
81570,36840,0,2
81570,3839b,71,2
81570,3941,0,2
81570,3941,42,2
81570,40144,72,1
81570,40145,0,1
81570,4274,1,1
81570,43708,272,1
81570,43898,0,1
81570,44861,0,2
81570,4519,71,1
81570,4529,0,1
81570,59443,0,1
81570,59895,0,1
81570,6003,28,1
81570,73766a,40,4
81570,73766b,40,2
81570,73766c,40,2
81570,73766d,40,2
81570,87552,71,1
81570,87580,72,1
81570,87617,0,2
81570,87620,71,1
81570,88292,0,2
81570,95345,70,1
81572,11211,71,1
81572,11476,4,1
81572,15573,70,1
81572,15672,0,2
81572,18395,0,1
81572,18677,71,1
81572,2432,0,1
81572,2449,0,2
81572,26047,70,1
81572,3021,70,2
81572,30565,28,3
81572,3062b,19,11
81572,32607,10,3
81572,35480,0,1
81572,36017,297,1
81572,3673,71,1
81572,3700,72,1
81572,3941,1,2
81572,40144,72,1
81572,40145,0,1
81572,4286,0,1
81572,4519,71,1
81572,53451,297,2
81572,59443,0,1
81572,59895,0,1
81572,60897,0,2
81572,61252,19,1
81572,6141,297,2
81572,66956,0,2
81572,73766a,42,4
81572,73766b,42,2
81572,73766c,42,2
81572,73766d,42,2
81572,85984,72,2
81572,87747,15,1
81572,92690,70,1
81572,98138,72,1
81572,99563,297,3
81573,11477,320,4
81573,14769,297,1
81573,15672,72,4
81573,18674,72,1
81573,2417,191,1
81573,2453b,19,2
81573,24866,191,1
81573,3034,70,1
81573,32828,0,2
81573,3460,320,1
81573,35480,70,2
81573,36017,297,1
81573,3626c,70,1
81573,36840,70,2
81573,3710,28,1
81573,3941,4,2
81573,40144,72,1
81573,40145,0,1
81573,4274,1,1
81573,43892,0,1
81573,44728,72,1
81573,4519,71,1
81573,47905,70,1
81573,49153,0,1
81573,51739,28,2
81573,54200,320,2
81573,59443,0,1
81573,59895,0,1
81573,60474,28,1
81573,60752,179,1
81573,62462,70,1
81573,6266,70,2
81573,73766a,182,4
81573,73766b,182,2
81573,73766c,182,2
81573,73766d,182,2
81573,93059,297,1
81574,11090,72,1
81574,15573,4,2
81574,22888,72,2
81574,2357,0,2
81574,2431,0,1
81574,2486,72,1
81574,30136,71,1
81574,3023,36,2
81574,3040b,0,2
81574,3062b,4,2
81574,32028,0,1
81574,32064a,0,1
81574,3245c,71,4
81574,3460,0,1
81574,36017,297,1
81574,3795,72,1
81574,3941,15,2
81574,3957b,71,1
81574,40144,72,1
81574,40145,0,1
81574,4349,4,1
81574,4519,71,1
81574,48729b,71,2
81574,54200,0,2
81574,59443,0,1
81574,59895,0,1
81574,60478,4,2
81574,60481,85,2
81574,60593,0,2
81574,6117,72,1
81574,6141,179,1
81574,64567,4,1
81574,6553,71,1
81574,73766a,41,4
81574,73766b,41,2
81574,73766c,41,2
81574,73766d,41,2
81578,11055,15,1
81578,11090,297,1
81578,15573,28,1
81578,15573,288,1
81578,15712,297,1
81578,2432,19,1
81578,29109,297,2
81578,29119,378,2
81578,29120,378,2
81578,30031,72,1
81578,3004,378,1
81578,3020,28,1
81578,3022,72,2
81578,3022,0,2
81578,30374,70,1
81578,35654,0,1
81578,36017,297,1
81578,3710,288,2
81578,4600,71,2
81578,48336,0,1
81578,6014b,71,4
81578,60470b,71,1
81578,61252,72,2
81578,85984,288,1
81578,87697,0,4
81581,3437,46,1
81581,3437,41,1
81581,3437pr0128,322,1
81581,3437pr0129,1050,1
81581,3437pr0130,14,1
81581,47408,4,1
81581,72134,14,1
81581,98223,4,1
81582,11947,27,1
81582,18651,0,1
81582,2780,0,5
81582,27940,72,1
81582,2825,0,2
81582,32009,15,2
81582,32039,72,1
81582,32054,71,2
81582,32062,4,1
81582,32123b,71,9
81582,32140,0,1
81582,32250,0,2
81582,32270,0,4
81582,32316,15,1
81582,32524,27,1
81582,3706,0,4
81582,3713,71,3
81582,41677,0,4
81582,42003,27,2
81582,4274,1,1
81582,42924,1,1
81582,44294,14,1
81582,4519,71,6
81582,60485,71,1
81582,6536,0,5
81582,65487,27,1
81582,6589,19,1
81582,87082,27,2
81582,92842,0,1
81582,98138,36,1
81582,99012,72,2
81583,11476,15,1
81583,13548,15,2
81583,13548,4,2
81583,14418,71,2
81583,15470,323,1
81583,15573,5,1
81583,15573,19,2
81583,15672,14,2
81583,22885,15,2
81583,22890,72,2
81583,24947,4,1
81583,26601,322,2
81583,26604,19,2
81583,30367c,0,2
81583,30367c,4,1
81583,30414,4,1
81583,3176,0,2
81583,32474,4,1
81583,33078,4,1
81583,35480,15,3
81583,35480,5,4
81583,36841,15,2
81583,3942c,272,1
81583,41740,322,1
81583,49307,15,2
81583,6254,85,1
81583,6254,27,1
81583,6254,191,1
81583,63868,14,2
81583,63965,15,1
81583,6636,4,2
81583,88072,0,2
81583,98138pr0082,15,2
81583,99207,19,1
81583,99207,4,1
81583,99781,14,2
81597,3626cpr1091,14,1
81597,41334,72,1
81597,970c11,28,1
81597,973c27h01pr2502,15,1
81598,2446,15,1
81598,2447,40,1
81598,3626cpr2586,14,1
81598,970c03pr0408,0,1
81598,973c03h12pr5419,0,1
81599,35458,272,1
81599,3626cpr3361,14,1
81599,970c05,272,1
81599,973c29h01pr5472,212,1
81600,21268,71,1
81600,3626cpr2590,14,1
81600,970c27pr2032,272,1
81600,973c27h05pr5471,15,1
81660,35182,308,1
81660,92198pr0134,84,1
81660,92456c02pr0001,84,1
81660,92820c01pr0013,26,1
81661,36187c01,3,1
81661,85974,308,1
81661,92198pr0035,92,1
81661,92456c03pr0001,92,1
81662,11408c01pr0002,78,1
81662,16925c01pr0009,320,1
81662,92198pr0036,78,1
81662,98726,84,1
81675,15100,71,1
81675,3626cpr0933,14,1
81675,4274,1,1
81675,87754,272,1
81675,89159,41,1
81675,970c34pr1910,272,1
81675,973c34h14pr5189,272,1
81675,98138,47,1
81684,2412a,7,4
81684,2420,0,2
81684,2711,0,2
81684,2730,0,4
81684,2780,0,8
81684,2815,0,1
81684,2817,0,1
81684,2825,14,4
81684,2825,0,2
81684,2825,7,2
81684,2850a,7,2
81684,2851,8,2
81684,2852,7,2
81684,2853,7,4
81684,2902,0,2
81684,2903,15,2
81684,2904,0,1
81684,2905,0,4
81684,2909c03,0,4
81684,3021,0,1
81684,3021,14,5
81684,3022,0,1
81684,3023,0,1
81684,3023,7,5
81684,3039,0,1
81684,3068bpr0081,15,1
81684,3460,14,1
81684,3623,0,1
81684,3623,14,1
81684,3647,7,1
81684,3648a,7,2
81684,3651,7,2
81684,3660,0,1
81684,3665,0,2
81684,3666,7,1
81684,3700,0,2
81684,3700,7,1
81684,3701,7,3
81684,3702,0,5
81684,3704,0,6
81684,3705,0,7
81684,3706,0,10
81684,3707,0,4
81684,3709,0,2
81684,3710,0,3
81684,3710,7,2
81684,3711a,0,30
81684,3713,7,21
81684,3749,7,6
81684,3894,0,2
81684,4019,7,1
81684,4143,7,2
81684,4185,7,1
81684,4263,14,2
81684,4265a,7,34
81684,4273b,7,8
81684,4274,7,4
81684,4275b,0,4
81684,4276b,0,4
81684,4519,0,1
81684,71509,0,2
81767,2756pr0112,15,1
81767,2756pr0113,15,1
81767,2756pr0114,15,1
81767,2756pr0115,15,1
81767,2756pr0116,15,1
81767,2756pr0117,15,1
81767,2756pr0118,15,1
81767,2756pr0119,15,1
81767,2756pr0120,15,1
81767,2756pr0121,15,1
81767,2756pr0122,15,1
81767,2756pr0123,15,1
81767,2756pr0124,15,1
81767,2756pr0125,15,1
81767,2756pr0126,15,1
81767,2756pr0127,15,1
81767,2756pr0128,15,1
81767,2756pr0129,15,1
81767,2756pr0130,15,1
81767,2756pr0131,15,1
81767,2756pr0132,15,1
81767,2756pr0133,15,1
81767,2756pr0134,15,1
81767,2756pr0135,15,1
81767,2756pr0136,15,1
81767,2756pr0137,15,1
81767,2756pr0138,15,1
81767,2756pr0139,15,1
81767,2756pr0140,15,1
81767,2756pr0141,15,1
81767,2756pr0142,15,1
81767,2756pr0143,15,1
81767,2756pr0144,15,1
81767,2756pr0145,15,1
81767,2756pr0146,15,1
81767,2756pr0148,15,1
81767,2756pr0149,15,1
81767,2756pr0150,15,1
81767,2756pr0151,15,1
81767,2756pr0152,15,1
81767,2756pr0153,15,1
81767,2756pr0154,15,1
81767,2756pr0155,15,1
81767,2756pr0156,15,1
81767,2756pr0157,15,1
81767,2756pr0158,15,1
81767,2756pr0159,15,1
81767,2756pr0160,15,1
81767,2756pr0161,15,1
81767,2756pr0162,15,1
81767,2756pr0163,15,1
81767,2756pr0164,15,1
81767,2756pr0165,15,1
81767,2756pr0166,15,1
81767,2756pr0167,15,1
81767,2756pr0168,15,1
81767,2756pr0169,15,1
81767,2756pr0170,15,1
81767,2756pr0171,15,1
81767,2756pr0172,15,1
81767,2756pr0173,15,1
81767,2756pr0174,15,1
81767,2756pr0175,15,1
81767,2756pr0176,15,1
81767,2756pr0177,15,1
81767,2756pr0178,15,1
81767,2756pr0179,15,1
81767,2756pr0180,15,1
81767,2756pr0181,15,1
81767,2756pr0182,15,1
81767,2756pr0183,15,1
81767,2756pr0184,15,1
81767,4196,4,4
81767,cardupn0104pr0001,9999,1
81767,cardupn0104pr0002,9999,1
81767,cardupn0104pr0003,9999,1
81767,cardupn0104pr0004,9999,1
81769,3626cpr3377,14,1
81769,62711,25,1
81769,970c28,1,1
81769,973c28h12pr5470,1,1
81779,2456,4,6
81779,2456,19,1
81779,3001,14,5
81779,3001,4,3
81779,3001,19,8
81779,3003,19,2
81779,3004,27,8
81779,3004,4,5
81779,3005,25,6
81779,3010,19,3
81779,3010,4,2
81779,3010,14,1
81779,3010,25,5
81779,3027,72,1
81779,3622,19,8
81779,3622,27,6
81819,11477,27,2
81819,15068,27,4
81819,15209,15,1
81819,2417,2,2
81819,2420,2,2
81819,24201,15,2
81819,2496,0,2
81819,2655,71,2
81819,26604,71,4
81819,3003,2,2
81819,3022,27,4
81819,3023,15,3
81819,3023,27,3
81819,3034,2,1
81819,3040b,27,4
81819,3070b,27,4
81819,3660,2,1
81819,3829c01,15,1
81819,4081b,0,2
81819,47457,15,1
81819,60478,15,2
81819,6091,2,2
81819,63868,27,2
81819,98138pr0008,15,2
81819,98138pr0082,15,2
81819,99207,15,1
81819,99780,15,2
81823,11476,1,2
81823,2496,0,2
81823,2655,71,2
81823,298c02,14,2
81823,3001,3,1
81823,3021,14,2
81823,3022,14,1
81823,3022,3,1
81823,3068b,3,1
81823,3660,14,1
81823,3795,25,1
81823,39613,5,2
81823,59900,25,2
81823,60478,1,2
81823,6091,14,2
81823,6091,3,4
81823,6126b,182,2
81823,6141,15,2
81823,98138pr0008,15,2
81823,99780,14,2
81851,23186,308,1
81851,3626cpr3378,14,1
81851,970c19,70,1
81851,973c22h01pr3425,4,1
81852,35701,308,1
81852,3626cpr2950,14,1
81852,41879a,15,1
81852,973c27h05pr5471,15,1
81853,11256,70,1
81853,3626cpr2948,14,1
81853,37822,28,1
81853,970c24,379,1
81853,973c29h01pr3434,212,1
81855,3626cpr2463,14,1
81855,3898,15,1
81855,970c31,2,1
81855,973c27h01pr9999,15,1
81858,2335pr0002,15,1
81858,2420,0,2
81858,2530,72,1
81858,2566,0,2
81858,2654,0,2
81858,2780,0,4
81858,2825,15,2
81858,3001,0,2
81858,30055,0,2
81858,30137,70,1
81858,3020,70,1
81858,3022,70,1
81858,3023,70,2
81858,3034,0,1
81858,3034,70,1
81858,3036,70,1
81858,3040b,0,2
81858,3062b,0,4
81858,32000,0,2
81858,32002,72,6
81858,32009,14,4
81858,32017,4,1
81858,32017,72,1
81858,32062,0,1
81858,32073,71,1
81858,32209,72,2
81858,32278,71,1
81858,32316,14,1
81858,32348,4,1
81858,32525,0,1
81858,3623,0,2
81858,3660,0,3
81858,3666,70,6
81858,3678b,0,1
81858,3700,0,1
81858,3710,70,1
81858,3713,71,2
81858,3747b,0,2
81858,3749,19,1
81858,3794a,72,1
81858,3957a,0,1
81858,4032a,72,2
81858,4085c,0,2
81858,41530,71,1
81858,43093,1,7
81858,4519,71,1
81858,4589,46,2
81858,4590,72,1
81858,4790,70,1
81858,48002b,0,1
81858,59443,0,1
81858,6086pat0001,41,1
81858,6141,46,4
81858,6141,182,2
81858,6141,41,2
81858,6222,70,2
81858,62462,14,1
81858,64179,71,2
81858,6558,1,2
81858,6628,0,11
81858,upn0198,9999,1
81866,11090,297,1
81866,13349,70,2
81866,15068,85,2
81866,15573,85,1
81866,15712,297,1
81866,18853,29,1
81866,24866,31,2
81866,24866,26,2
81866,28870,297,1
81866,3020,226,1
81866,3023,31,2
81866,3062b,46,1
81866,3068b,30,1
81866,37695,10,1
81866,37776,297,1
81866,38106pr0002,10,1
81866,3852b,322,1
81866,4871,70,1
81866,60897,85,2
81866,87580,30,1
81866,88072,70,1
81866,93095,30,1
81866,93273,70,2
81866,99781,226,2
81893,10170,84,2
81893,10314,14,2
81893,11208,71,4
81893,11208,179,4
81893,11209,0,8
81893,11213,1,1
81893,11291,0,2
81893,11476,0,1
81893,11477,71,2
81893,11477,0,3
81893,15068,4,2
81893,15207,15,2
81893,15210pr0006,15,1
81893,15210pr9998,0,1
81893,15254,25,1
81893,15571,15,3
81893,15573,19,1
81893,15573,288,2
81893,15712,72,4
81893,18654,72,2
81893,19121,15,2
81893,19798,15,1
81893,20482,47,1
81893,20952,4,1
81893,22885,19,1
81893,22885,15,1
81893,22888,72,1
81893,22889,14,2
81893,23405,1,2
81893,2412b,179,2
81893,2412b,0,6
81893,2431,2,5
81893,2431,14,1
81893,2431,4,1
81893,2431,15,1
81893,2431,84,2
81893,2431,72,6
81893,2431,321,3
81893,24314c01,47,2
81893,2431pr0115,272,2
81893,2432,4,1
81893,2432,71,1
81893,2432,15,3
81893,2432,1,1
81893,2453b,19,2
81893,2454b,19,4
81893,24855,70,1
81893,26047,70,2
81893,26603,0,1
81893,26603,84,2
81893,27507,321,2
81893,29119,4,1
81893,29120,4,1
81893,3001,321,1
81893,3002,4,4
81893,3003,2,2
81893,30031,71,2
81893,3004,4,6
81893,3004,84,1
81893,3004,15,4
81893,3004,1,3
81893,3005,84,2
81893,3005,25,1
81893,3009,15,3
81893,3009,4,1
81893,3009,321,2
81893,3010,19,1
81893,3010,84,4
81893,30136,15,2
81893,3020,71,6
81893,3021,2,2
81893,3021,0,1
81893,3021,72,1
81893,3022,14,2
81893,3022,15,1
81893,3022,0,2
81893,3023,1000,5
81893,3023,0,2
81893,3023,14,4
81893,3023,84,1
81893,3023,4,3
81893,3023,72,4
81893,30237b,0,1
81893,3024,25,2
81893,3024,14,2
81893,3024,47,1
81893,3034,2,1
81893,3037,2,3
81893,30374,0,1
81893,3040b,71,4
81893,3040bpr0013,15,1
81893,30414,71,1
81893,3045,2,2
81893,30562,47,2
81893,3062b,4,1
81893,3062b,41,1
81893,3068b,72,1
81893,3068b,321,2
81893,3069b,72,2
81893,3069b,2,3
81893,3069b,0,3
81893,3069b,182,4
81893,3069b,71,2
81893,3069b,15,1
81893,3069bpr0100,2,1
81893,3069bpr0300,15,1
81893,3070b,2,4
81893,3070b,321,2
81893,3176,0,1
81893,3176,71,1
81893,32028,179,4
81893,3245c,0,1
81893,3245c,25,2
81893,32606,4,1
81893,32607,10,1
81893,32828,0,2
81893,3299,14,4
81893,33085,14,1
81893,33909,71,3
81893,33909,1,1
81893,35485,179,2
81893,3626c,15,2
81893,3660,19,2
81893,3660,15,4
81893,3660,4,2
81893,3666,15,4
81893,3666,0,1
81893,3666,14,4
81893,3666,4,3
81893,3678b,71,3
81893,36841,71,2
81893,36934,322,1
81893,3710,84,1
81893,3710,2,6
81893,3710,0,2
81893,3710,71,2
81893,3795,14,2
81893,3795,0,1
81893,3821,4,1
81893,3822,4,1
81893,3829c01,1,1
81893,3829c01,15,1
81893,3899,47,1
81893,3958,0,1
81893,4006,0,1
81893,4032a,15,1
81893,4070,15,4
81893,4070,72,1
81893,4079b,288,1
81893,4083,14,2
81893,41539,2,1
81893,41539,71,1
81893,4162,15,2
81893,42445,71,2
81893,4282,15,1
81893,4286,19,2
81893,4286,1,2
81893,4342,84,1
81893,4342,19,1
81893,4345b,71,1
81893,4346,15,1
81893,44301b,71,2
81893,44861,15,3
81893,4522,0,1
81893,46303,26,1
81893,46303,321,1
81893,47905,4,1
81893,48092,321,2
81893,4865b,47,2
81893,4865b,84,1
81893,48729b,71,1
81893,49307,15,4
81893,50015,191,1
81893,50745,0,4
81893,50861,0,2
81893,50862,14,2
81893,50950,25,2
81893,51858,71,1
81893,52031,4,1
81893,53119,70,1
81893,53914,0,1
81893,54200,47,4
81893,54200,36,2
81893,54657,72,2
81893,57360,0,2
81893,57697,0,1
81893,57783,40,1
81893,57895,47,1
81893,60470b,71,1
81893,60475b,4,2
81893,60479,14,2
81893,60594,70,1
81893,60596,1,1
81893,60596,70,2
81893,60616b,47,2
81893,60897,0,2
81893,6091,15,6
81893,6091,288,6
81893,6091,25,2
81893,6111,1,1
81893,61252,15,2
81893,61409,0,2
81893,6141,1,1
81893,6141,71,2
81893,6141,70,1
81893,61485,0,1
81893,6157,71,1
81893,61780,70,1
81893,62113,72,1
81893,6231,4,2
81893,63868,70,2
81893,64799,71,1
81893,64799,0,1
81893,65202,0,1
81893,65574,26,1
81893,67338,484,1
81893,67688,0,4
81893,69729,321,4
81893,69958,72,2
81893,71771,72,4
81893,71772pr0001,72,1
81893,77294,9999,1
81893,87079,1,1
81893,87079,70,1
81893,87079,72,8
81893,87079,71,2
81893,87079pr0235,72,7
81893,87079pr0236,321,3
81893,87087,0,1
81893,87580,70,1
81893,87580,15,1
81893,91405,71,2
81893,91988,72,1
81893,91988,71,2
81893,92582,0,2
81893,92583,47,1
81893,92851,47,3
81893,92926,2,1
81893,93273,15,1
81893,93273,14,4
81893,93274,1,2
81893,93606,14,2
81893,96874,25,1
81893,98138,36,2
81893,98138,182,4
81893,98138,41,1
81893,98138pr0185,179,1
81893,98138pr0186,71,1
81893,98282,0,4
81893,98397,0,1
81893,98549,71,1
81893,99206,71,1
81893,99207,71,2
81896,15362,10,6
81896,22961,27,6
81896,24855,70,3
81896,32062,4,18
81896,4032a,27,6
81896,4032a,15,1
81896,4032a,14,2
81896,42195,27,21
81896,4519,71,6
81896,47456,226,4
81896,47456,15,4
81896,47456,30,4
81896,59443,27,9
81896,67329,14,4
81896,67329,15,2
81896,85984,30,4
81896,85984,15,4
81896,85984,226,4
81896,87580,191,3
81897,11476,4,16
81897,13564,70,2
81897,16770,10,8
81897,24866,4,2
81897,27262,2,4
81897,32016,288,2
81897,32062,0,12
81897,3705,4,2
81897,3941,4,2
81897,4032a,2,2
81897,42195,288,14
81897,4519,71,2
81897,4733,27,2
81897,47458,4,8
81897,49668,4,8
81897,67811,288,4
81897,85861,288,2
81897,87580,0,2
81897,90202,0,2
81897,93604,4,16
81897,99207,4,8
81975,2357,14,2
81975,2431pr0034,15,1
81975,2444,0,4
81975,2569,0,1
81975,2714a,0,2
81975,2717,4,1
81975,2719,7,3
81975,2780,0,24
81975,2850a,7,2
81975,2851,8,2
81975,2852,7,2
81975,2853,7,1
81975,2854,7,1
81975,2857,0,4
81975,3004,0,1
81975,3022,14,2
81975,3023,14,6
81975,3024,14,4
81975,3029,14,1
81975,3040b,0,4
81975,3069b,14,2
81975,3460,14,4
81975,3623,14,6
81975,3647,7,1
81975,3648a,7,1
81975,3651,7,4
81975,3666,14,4
81975,3666,0,4
81975,3673,7,4
81975,3700,14,6
81975,3700,0,1
81975,3701,14,9
81975,3701,0,2
81975,3702,14,4
81975,3703,14,2
81975,3704,0,2
81975,3705,0,4
81975,3706,0,5
81975,3707,0,3
81975,3708,0,1
81975,3709,14,2
81975,3710,14,1
81975,3710,0,2
81975,3713,7,9
81975,3737,0,1
81975,3743,7,1
81975,3749,7,2
81975,3894,0,1
81975,3894,14,5
81975,3895,14,2
81975,3933,14,2
81975,3934,14,2
81975,4019,7,1
81975,4070,14,2
81975,4085c,14,1
81975,4143,7,2
81975,4150pr0014,15,2
81975,4185,7,1
81975,4261,7,2
81975,4265a,7,13
81975,4266,15,4
81975,4273b,7,8
81975,4274,7,8
81975,4286,14,2
81975,4519,0,2
81975,4864apr0001,15,2
81975,73129,7,2
81986,853967pr0001,9999,1
81996,3626cpr3025,14,1
81996,970c14,71,1
81996,973c01h01pr3815,27,1
81996,98385,84,1
81997,3626cpr1087,14,1
81997,3898,15,1
81997,970c24pr0900,70,1
81997,973c27h01pr4200,15,1
81998,3626cpr9729,14,1
81998,41879a,272,1
81998,87991,484,1
81998,973c04h01pr3431,321,1
81999,3626cpr1964,14,1
81999,970c11,28,1
81999,973c05h01pr3493,272,1
81999,99930,71,1
82000,35660pat0003,15,1
82000,3626cpr0893,14,1
82000,970c22,4,1
82000,973c03h03pr4285,15,1
82001,16178pat0001,4,1
82001,3626cpr2109,14,1
82001,970c28,1,1
82001,973c34h12pr2913,25,1
82025,87079pr0041,15,1
82041,10928,72,3
82041,2730,15,2
82041,2780,0,10
82041,32001,71,2
82041,32013,71,1
82041,32034,71,1
82041,32123b,71,3
82041,32556,19,1
82041,33299b,0,1
82041,3648b,72,2
82041,3649,71,2
82041,3673,71,10
82041,3700,15,3
82041,3701,72,4
82041,3702,4,6
82041,3705,0,3
82041,3706,0,4
82041,3707,0,3
82041,3708,0,1
82041,3709,71,2
82041,3710,71,8
82041,3713,71,10
82041,3713,4,6
82041,3736,15,2
82041,3737,0,1
82041,3738,71,2
82041,3749,19,6
82041,3894,72,2
82041,3895,72,2
82041,4185,71,2
82041,70012,0,2
82041,70158,0,3
82041,85545,0,2
82042,11211,71,3
82042,11289,41,1
82042,11299,15,1
82042,12748,9999,1
82042,14520,72,2
82042,15118,15,1
82042,15207,4,2
82042,16542,14,1
82042,2412b,71,12
82042,2412b,0,1
82042,2412b,72,7
82042,2420,15,2
82042,2421,0,1
82042,2431,71,3
82042,2431,72,1
82042,2431,33,1
82042,2431,4,6
82042,2432,1,2
82042,2444,0,2
82042,2447,40,1
82042,2454b,4,26
82042,2456,4,5
82042,2456,1,1
82042,2465,4,3
82042,2479,0,1
82042,2486,14,2
82042,2584,0,1
82042,2585,71,1
82042,2877,72,5
82042,298c02,14,2
82042,3001,19,2
82042,3002,4,1
82042,3003,4,26
82042,3003,1,1
82042,3003,19,1
82042,3004,4,14
82042,3004,1,1
82042,3004,71,1
82042,3005,4,4
82042,3005,15,2
82042,3006,4,2
82042,3007,1,1
82042,3007,4,2
82042,3009,15,2
82042,3010,15,1
82042,3010,19,1
82042,3010,4,2
82042,3010,72,2
82042,30194,72,1
82042,3020,72,5
82042,3020,15,2
82042,3020,70,1
82042,3020,4,2
82042,3021,0,4
82042,3021,72,1
82042,3022,70,2
82042,3022,4,1
82042,3022,72,5
82042,3022,1,1
82042,3023,1,4
82042,3023,71,3
82042,3023,46,3
82042,3023,72,1
82042,3023,4,2
82042,30237b,14,4
82042,30237b,4,2
82042,3024,15,2
82042,3024,33,12
82042,3024,71,2
82042,30248,72,1
82042,3031,4,1
82042,3032,19,1
82042,3033,71,6
82042,3034,4,2
82042,3034,15,1
82042,30361c,14,1
82042,30414,1,2
82042,30552,71,1
82042,30592,72,2
82042,3062b,14,6
82042,3068b,4,2
82042,3068b,71,4
82042,3068b,15,2
82042,3068bpr9407,15,1
82042,3069b,14,1
82042,3069b,15,3
82042,3069b,33,2
82042,3069b,4,6
82042,3069bpr0030,15,1
82042,3070b,4,4
82042,3176,72,1
82042,32013,0,1
82042,32028,15,3
82042,32348,4,2
82042,3245c,4,4
82042,3297,4,1
82042,33078,4,1
82042,3460,15,2
82042,3460,14,2
82042,3460,4,1
82042,3623,15,2
82042,3660,4,3
82042,3665,4,8
82042,3666,72,2
82042,3666,15,2
82042,3666,4,4
82042,3709,4,2
82042,3710,15,6
82042,3710,4,7
82042,3710,70,1
82042,3794a,0,1
82042,3794b,71,4
82042,3794b,4,2
82042,3794b,14,2
82042,3795,14,2
82042,3795,15,1
82042,3795,71,2
82042,3821,4,1
82042,3822,4,1
82042,3829c01,1,2
82042,3832,71,10
82042,3835,0,2
82042,3838,14,1
82042,3899,14,3
82042,3899,4,1
82042,3937,0,1
82042,3958,15,1
82042,3958,72,1
82042,3960,15,1
82042,3962b,0,3
82042,3963,71,1
82042,4006,0,1
82042,4032a,14,1
82042,4079b,14,1
82042,4079b,1,2
82042,4085c,72,2
82042,41539,71,6
82042,4162,4,1
82042,4162,71,3
82042,4176,41,1
82042,4208,0,1
82042,4209b,4,1
82042,4216,15,33
82042,4217,15,6
82042,4218,41,20
82042,4219,15,2
82042,4274,1,2
82042,43093,1,2
82042,4345b,4,2
82042,4346,15,2
82042,44302a,72,2
82042,44661,15,1
82042,44728,15,2
82042,4477,71,1
82042,4477,4,2
82042,4477,0,2
82042,4488,71,7
82042,4519,71,1
82042,4522,0,2
82042,4528,179,1
82042,4533,15,1
82042,45677,4,1
82042,4599b,14,3
82042,4599b,0,1
82042,4599b,1,1
82042,4600,71,2
82042,4624,71,4
82042,4740,2,1
82042,48336,71,5
82042,50450,14,1
82042,50745,72,10
82042,50950,4,4
82042,52031,4,1
82042,52036,72,1
82042,52501,4,2
82042,54200,36,4
82042,54200,33,2
82042,54200,182,4
82042,54200,46,4
82042,57783,41,1
82042,57895,41,9
82042,59443,0,1
82042,59900,14,3
82042,59900,33,1
82042,6014b,15,10
82042,60470b,15,3
82042,60470b,14,1
82042,60474,72,1
82042,60479,71,1
82042,60479,15,1
82042,60481,4,2
82042,60483,71,1
82042,60581,15,2
82042,60581,4,1
82042,60594,15,3
82042,60596,15,12
82042,60603,41,3
82042,60616a,41,1
82042,6126b,41,1
82042,6134,0,1
82042,6141,36,1
82042,6141,34,1
82042,6141,0,1
82042,6141,46,2
82042,61485,0,1
82042,6157,71,2
82042,6158,72,1
82042,61780,70,1
82042,6179,4,1
82042,6180,71,2
82042,6190,4,1
82042,6231,71,2
82042,6249,71,2
82042,63864,15,2
82042,63864,72,1
82042,63868,0,2
82042,72454,4,2
82042,73590c03b,14,1
82042,85861,14,1
82042,85959pat0001,36,1
82042,85984,72,5
82042,85984,4,4
82042,87079,71,14
82042,87079,4,17
82042,87079,15,1
82042,87079,14,1
82042,87552,15,2
82042,87552,4,2
82042,87580,4,2
82042,87609,15,1
82042,87609,4,1
82042,87617,14,1
82042,87617,4,2
82042,87618,71,2
82042,87697,0,10
82042,87913,71,1
82042,88393,15,8
82042,89523,72,1
82042,91405,72,3
82042,91988,71,2
82042,92280,4,4
82042,92410,4,1
82042,92438,72,1
82042,92582,71,1
82042,92586pr0003,15,1
82042,92593,15,2
82042,92926,2,1
82042,93273,72,1
82042,96874,25,1
82042,98138,33,16
82042,99207,71,1
82042,99784,71,1
82106,30374,0,2
82106,90370pr0001,0,1
82106,90509,322,2
82116,15573,0,1
82116,22667,26,1
82116,22888,19,1
82116,2412b,0,2
82116,24183pr0004,71,1
82116,3005,114,1
82116,3023,182,1
82116,3024,72,2
82116,3623,70,1
82116,4490,72,3
82116,4528,297,1
82116,54200,191,2
82116,6141,14,1
82116,6256,191,1
82116,98138,70,2
82116,98138pr0017,29,1
82116,98138pr0050,19,1
82119,11477,70,1
82119,13965,70,1
82119,20311pr0002,323,1
82119,2423,85,1
82119,3010,70,1
82119,30153,47,1
82119,3021,2,1
82119,30357,2,1
82119,3069bpr0055,15,1
82119,33291,5,1
82119,3665,70,1
82119,85861,15,1
82119,87580,27,1
82119,92590,28,1
82119,98138,27,2
82119,98138pr0018,84,1
82159,10314,5,1
82159,11213,15,1
82159,11215,15,3
82159,11290,15,2
82159,11458,15,2
82159,11476,15,2
82159,14520,72,2
82159,15068,15,2
82159,15469,322,1
82159,15573,297,2
82159,15744,297,4
82159,18674,15,2
82159,20482,15,1
82159,22385,212,2
82159,24201,15,4
82159,2508,15,1
82159,25516,297,1
82159,26601,19,4
82159,27925,297,8
82159,28870,297,6
82159,3001,321,2
82159,3004,212,4
82159,30153,45,1
82159,30165,15,2
82159,3020,212,3
82159,3021,15,1
82159,3022,321,4
82159,3023,272,2
82159,3023,321,6
82159,3023,71,1
82159,3034,15,1
82159,30367c,1054,1
82159,3040b,15,8
82159,30565,27,1
82159,3069bpr0315,47,1
82159,3069bpr9989,15,1
82159,32000,15,2
82159,32063,71,2
82159,32294,212,4
82159,32607,297,6
82159,32607,10,1
82159,33322,297,1
82159,34103,212,6
82159,3633,297,2
82159,37775,182,1
82159,3961,15,1
82159,41740,15,2
82159,41740,297,4
82159,4282,321,1
82159,43093,1,4
82159,44728,272,2
82159,4738c,297,1
82159,4739a,297,1
82159,47457,15,4
82159,48336,19,2
82159,51270,25,1
82159,53540,71,4
82159,54200,14,1
82159,59443,15,4
82159,60470b,15,1
82159,60478,15,2
82159,60897,321,4
82159,6124,45,1
82159,63082,71,1
82159,64647,45,2
82159,6587,28,4
82159,67329,15,8
82159,68568,321,8
82159,69830pr0001,15,2
82159,70844pr0001,84,1
82159,75772,9999,1
82159,85861,297,5
82159,85984,321,4
82159,87079,5,1
82159,87552,41,4
82159,87580,15,2
82159,88293,15,8
82159,93095,19,2
82159,93273,212,2
82159,93273,15,4
82159,98138,45,6
82159,99206,321,4
82159,99563,297,4
82161,11291,15,2
82161,11477,191,1
82161,13548,72,1
82161,15068,323,1
82161,15070,15,2
82161,15254,323,1
82161,15573,322,3
82161,15573,84,2
82161,15573,26,2
82161,17979pr0001,52,1
82161,18674,15,1
82161,22385,1053,2
82161,22388,47,2
82161,2431,15,2
82161,27262,1053,3
82161,28192,15,2
82161,3005,41,4
82161,3022,322,1
82161,3023,41,3
82161,3031,272,2
82161,3032,85,1
82161,30350bpr0013,179,1
82161,30374,52,1
82161,3040b,322,4
82161,3044c,272,2
82161,3049d,15,2
82161,30503,72,1
82161,3062b,15,1
82161,32054,179,4
82161,32607,25,2
82161,32802,15,1
82161,33183,191,1
82161,35044,26,1
82161,35649,1053,4
82161,3710,322,2
82161,44861,71,2
82161,48336,71,1
82161,49307,322,1
82161,60470b,322,3
82161,60481,272,2
82161,60481,15,2
82161,63864,322,1
82161,65196,322,1
82161,65196pr0008,322,1
82161,65200,323,1
82161,65474pr0007,179,1
82161,70880,1053,2
82161,75498pr0001,1053,1
82161,75847,9999,1
82161,85861,0,1
82161,87087,272,4
82161,87580,321,3
82161,87580,323,2
82161,87580,26,1
82161,88072,15,1
82161,92950,85,1
82161,93273,272,3
82161,98138,71,2
82162,11211,19,2
82162,11212,15,7
82162,11476,0,2
82162,11477,70,4
82162,13965,70,3
82162,15068,15,1
82162,15573,0,2
82162,15573,15,2
82162,15712,4,1
82162,22885,15,7
82162,22885,71,12
82162,2357,70,2
82162,2420,15,2
82162,2423,2,4
82162,2431,0,2
82162,25269,0,3
82162,25375,297,3
82162,26603,15,5
82162,3001,15,1
82162,3003,2,3
82162,3003,29,1
82162,3004,15,2
82162,3004,0,2
82162,3005,2,2
82162,3005,15,6
82162,3005,70,4
82162,3010,0,2
82162,3020,15,4
82162,3022,0,2
82162,3022,15,1
82162,3023,0,4
82162,3023,15,1
82162,3024,15,5
82162,3024,29,2
82162,3024,70,1
82162,3024,0,18
82162,3031,0,1
82162,3031,15,3
82162,30367c,15,1
82162,3040b,70,3
82162,30565,2,2
82162,3069b,0,6
82162,3070b,0,6
82162,3070b,15,4
82162,32952,15,1
82162,33183,10,2
82162,34076,0,1
82162,3622,0,6
82162,3622,15,1
82162,3623,15,4
82162,3626c,4,2
82162,3665,70,1
82162,3666,0,1
82162,36841,0,2
82162,3700,15,1
82162,3710,15,1
82162,37695,10,1
82162,3958,0,3
82162,4032a,1,1
82162,4032a,0,2
82162,41740,0,1
82162,4274,71,2
82162,4286,70,1
82162,44728,15,2
82162,4477,0,1
82162,4740,4,1
82162,4740,82,2
82162,49153,0,1
82162,49307,0,4
82162,51270,4,1
82162,54200,0,4
82162,59900,0,1
82162,6091,0,2
82162,61252,0,4
82162,6141,25,13
82162,6141,15,2
82162,63864,15,3
82162,63965,0,1
82162,64567,0,1
82162,6541,15,2
82162,87079,0,3
82162,87079,15,3
82162,87087,0,4
82162,88930,15,2
82162,98100,0,1
82162,98138pr0060,0,6
82163,11010,334,1
82163,13548,71,1
82163,13808,297,1
82163,15068,84,2
82163,15571,297,1
82163,15573,5,3
82163,15679pr0001,14,1
82163,15745,45,1
82163,18041,297,2
82163,18866,15,2
82163,22385pr0114,3,2
82163,2343,47,2
82163,2431,323,2
82163,25516,297,1
82163,2653,226,1
82163,28533,29,1
82163,28535,323,1
82163,28870,297,2
82163,3002,19,1
82163,30093,10,2
82163,30153,47,1
82163,30237b,1,1
82163,3034,84,1
82163,30367c,41,1
82163,3039,41,1
82163,3062b,31,2
82163,3065,41,3
82163,3069b,226,2
82163,3069bpr0278,15,2
82163,32606,5,2
82163,3298,71,1
82163,35480,15,2
82163,3633,297,2
82163,3659,19,4
82163,3660,323,1
82163,3678b,15,1
82163,3700,15,1
82163,3852b,322,1
82163,40066,226,1
82163,4162,15,1
82163,41948,322,2
82163,41948,15,1
82163,4286,72,2
82163,4495b,5,2
82163,4738c,30,1
82163,4739a,30,1
82163,47905,19,2
82163,4790b,70,1
82163,48092,3,2
82163,4865b,71,1
82163,49153,15,2
82163,50373,15,1
82163,50950,15,4
82163,50950,29,2
82163,59900,297,4
82163,65509,19,1
82163,66857pr0005,15,1
82163,67051pr0001,4,1
82163,87081,5,1
82163,87081,31,1
82163,87552pr0008,47,1
82163,92290,297,1
82163,92947,297,1
82163,93088pr0009,15,1
82163,93160,15,1
82163,93274,29,2
82163,99207,226,1
82163,99563,297,4
82164,11477,212,2
82164,15535,15,2
82164,15672,321,2
82164,15712,72,2
82164,18674,72,1
82164,18674,322,2
82164,18970,212,1
82164,25269,29,2
82164,2654,15,1
82164,2654,19,1
82164,2654pr0019,15,2
82164,26601,321,2
82164,2780,0,1
82164,28192,73,4
82164,30043,71,2
82164,3020,26,1
82164,3021,191,1
82164,3022,71,1
82164,3023,26,2
82164,3023,73,3
82164,3062b,70,4
82164,3068b,29,1
82164,3068bpr0446,73,1
82164,32016,70,2
82164,32062,4,2
82164,32607,321,4
82164,32803,212,2
82164,33183,70,2
82164,3710,73,3
82164,3941,15,2
82164,41769,321,1
82164,41770,321,1
82164,42409,41,1
82164,4274,71,2
82164,43045,15,1
82164,43056,321,1
82164,44728,71,1
82164,44861,71,2
82164,4519,71,2
82164,4733,70,1
82164,47753pr0020,73,1
82164,54200,73,2
82164,59443,70,2
82164,60474,30,1
82164,60478,72,2
82164,6091,321,4
82164,61406pat0011,321,1
82164,85959pat0007,57,1
82164,93273,212,2
82164,98138pr0048,70,4
82164,98835pr0013,73,1
82164,99781,15,4
82165,11476,14,2
82165,16091,71,2
82165,2432,14,1
82165,3005,4,1
82165,3022,72,3
82165,3024,14,3
82165,3069bpr0100,2,4
82165,35464,25,1
82165,43898,0,1
82165,44674,14,2
82165,4697b,71,3
82165,4733,72,2
82165,4740,14,2
82165,4871,14,1
82165,61780,72,2
82165,64644,308,2
82165,64728,4,5
82165,85861,4,3
82165,85984pr0006,72,1
82165,92280,14,2
82165,98100,28,2
82165,98138pr0008,15,2
82165,98721,0,3
82166,11153,70,4
82166,11211,14,2
82166,11211,0,2
82166,11212,2,1
82166,11212,19,2
82166,11477,70,5
82166,15068,70,3
82166,15068,484,1
82166,15470,70,1
82166,15573,0,1
82166,22885,19,6
82166,2420,0,2
82166,24246,0,1
82166,24866,191,5
82166,24866,2,9
82166,25269,484,2
82166,25269,19,4
82166,26604,19,4
82166,3001,4,1
82166,3003,5,1
82166,3004,27,1
82166,3005,4,1
82166,3010,19,4
82166,3010,4,2
82166,3020,70,3
82166,3021,70,7
82166,3022,70,4
82166,3022,2,2
82166,3022,29,1
82166,3022,226,1
82166,3023,19,1
82166,3023,323,1
82166,3023,4,5
82166,3024,19,1
82166,3024,4,2
82166,3045,70,2
82166,3068b,321,8
82166,3068b,15,7
82166,3068b,484,1
82166,3069b,70,4
82166,34103,70,1
82166,3623,19,1
82166,3660,70,4
82166,3665,4,6
82166,3678b,70,2
82166,3679,71,3
82166,3680,15,1
82166,3680,0,2
82166,3710,4,3
82166,3710,27,3
82166,3710,70,3
82166,3957b,47,2
82166,39613,4,1
82166,4032a,70,4
82166,41769,70,2
82166,41770,70,2
82166,44728,25,2
82166,47905,4,1
82166,48092,19,4
82166,49307,4,2
82166,54200,19,3
82166,54200,70,3
82166,54200,4,12
82166,6003,28,4
82166,6003,27,4
82166,60478,84,4
82166,60897,70,2
82166,60897,4,4
82166,6091,70,12
82166,6141,47,9
82166,6141,19,6
82166,85861,4,3
82166,85984,15,2
82166,87580,4,1
82166,93273,70,5
82166,98138,19,4
82166,98138pr0107,0,2
82166,99207,226,1
82169,10187,179,4
82169,11212,15,1
82169,11212,72,4
82169,11477,0,1
82169,15068,0,1
82169,15068,72,3
82169,15068,71,1
82169,15571,72,4
82169,15573,0,4
82169,15573,72,3
82169,15573,71,2
82169,15712,72,2
82169,22885,71,12
82169,2420,0,4
82169,2420,72,2
82169,24201,0,1
82169,24246,15,4
82169,2431,71,1
82169,2431,0,3
82169,25269,71,4
82169,25269,29,2
82169,26603,72,3
82169,26604,71,8
82169,28802,71,1
82169,29119,72,4
82169,29120,72,4
82169,3002,72,1
82169,3003,71,1
82169,3003,2,2
82169,3003,29,1
82169,3004,3,2
82169,3005,2,1
82169,3005,72,2
82169,3005,29,1
82169,3010,3,1
82169,3020,72,3
82169,3021,72,3
82169,3021,14,3
82169,3022,71,1
82169,3022,72,5
82169,3023,0,3
82169,3023,71,2
82169,3023,72,4
82169,3023,3,5
82169,3024,0,2
82169,3024,72,12
82169,3031,72,1
82169,3034,15,2
82169,3035,15,2
82169,3040b,72,4
82169,30565,15,4
82169,3069b,72,7
82169,3069b,0,3
82169,3069b,3,3
82169,3069b,71,1
82169,3070b,72,1
82169,32028,71,1
82169,35480,15,3
82169,3622,3,2
82169,3623,72,1
82169,3623,0,2
82169,3623,71,1
82169,3623,14,4
82169,3665,72,2
82169,36840,72,4
82169,3710,72,7
82169,3710,14,2
82169,3958,0,2
82169,4032a,1,2
82169,41740,0,1
82169,44728,72,2
82169,48092,3,4
82169,54200,71,6
82169,54200,0,1
82169,54200,14,2
82169,60478,72,2
82169,6141,15,2
82169,63864,72,3
82169,73983,0,2
82169,76952,9999,1
82169,85861,72,4
82169,87079,0,1
82169,87079,71,1
82169,87087,72,8
82169,87580,71,1
82169,93273,3,2
82169,98138,14,1
82169,98138pr0060,0,4
82169,99207,71,1
82169,99207,0,1
82169,99780,72,1
82171,11211,19,1
82171,11212,0,3
82171,11212,15,5
82171,11477,0,4
82171,15068,19,2
82171,15068,0,3
82171,15573,0,10
82171,15672,0,6
82171,15712,0,2
82171,22885,71,11
82171,2420,0,4
82171,24246,4,1
82171,24246,0,2
82171,2431,19,2
82171,2431,0,3
82171,25269,19,2
82171,26047,0,1
82171,26603,19,3
82171,26604,19,8
82171,28802,4,1
82171,3002,0,1
82171,3002,19,1
82171,3003,19,1
82171,3003,1,2
82171,3003,29,1
82171,3004,4,4
82171,3005,29,1
82171,3005,19,4
82171,3005,1,1
82171,3009,4,2
82171,3020,0,1
82171,3020,19,1
82171,3021,19,1
82171,3021,378,3
82171,3021,0,1
82171,3022,0,2
82171,3022,19,2
82171,3023,4,1
82171,3023,378,3
82171,3023,0,6
82171,3024,0,14
82171,3024,19,10
82171,3030,15,1
82171,3031,19,2
82171,3032,15,2
82171,30357,15,4
82171,3040b,19,2
82171,3049d,0,2
82171,3069b,19,1
82171,3069b,0,4
82171,3069b,4,3
82171,3070b,19,10
82171,3070b,0,4
82171,32028,4,1
82171,32028,378,2
82171,32952,15,2
82171,34103,0,1
82171,35480,4,1
82171,35787,378,2
82171,3622,0,2
82171,3622,4,2
82171,3623,0,2
82171,3623,19,3
82171,3623,378,1
82171,3665,19,2
82171,3710,0,1
82171,3710,19,2
82171,3710,4,4
82171,3958,0,2
82171,4032a,2,1
82171,41740,0,1
82171,44728,0,2
82171,54200,0,2
82171,54200,19,8
82171,60478,0,1
82171,6091,0,2
82171,63864,19,1
82171,73983,0,2
82171,76954,9999,1
82171,85080,4,4
82171,87079,19,3
82171,87079,0,1
82171,87087,71,8
82171,93273,4,2
82171,98138pr0060,0,4
82171,99207,0,1
82171,99780,0,1
82172,10170,84,2
82172,20482,0,2
82172,22667,26,2
82172,2343,297,2
82172,25269pr0002,2,2
82172,25386,19,2
82172,3062b,4,1
82172,3062b,14,1
82172,33051,4,2
82172,33078,4,2
82172,33085,14,2
82172,4342,19,2
82172,4345b,15,1
82172,4346,47,1
82172,4528,179,1
82172,4529,0,1
82172,6141,1103,4
82172,6254,85,2
82172,6256,191,2
82172,98138pr0081,15,2
82173,15712,4,1
82173,18674,72,1
82173,22388,19,2
82173,23986,15,1
82173,25375,297,1
82173,30150,70,1
82173,30176,2,4
82173,3062b,46,1
82173,32932,4,2
82173,34076,0,1
82173,37776,297,1
82173,38014,15,2
82173,4032a,4,2
82173,4274,71,4
82173,4733,72,1
82173,4740,72,1
82173,4740,4,1
82173,51270,4,1
82173,60474,308,2
82173,62462,4,2
82173,63965,0,1
82173,64567,0,1
82173,98100,0,1
82174,11208,71,4
82174,11209,0,4
82174,15573,71,3
82174,15573,14,16
82174,18892,0,2
82174,2412b,0,2
82174,24246,0,2
82174,2431,15,2
82174,2431,14,1
82174,2456,71,1
82174,26603,14,2
82174,3001,15,1
82174,3004,14,2
82174,3005,47,2
82174,3005,0,1
82174,3010,0,1
82174,3020,0,3
82174,3020,14,1
82174,3021,1,1
82174,3023,2,1
82174,3032,14,1
82174,3039,47,3
82174,3040b,47,2
82174,3040b,14,2
82174,3065,47,2
82174,3069b,15,2
82174,3070b,36,2
82174,3070b,0,2
82174,3070b,14,2
82174,35464,15,4
82174,3623,71,2
82174,3660,14,8
82174,3666,14,4
82174,3710,72,3
82174,3710,14,1
82174,3795,14,4
82174,4081b,14,2
82174,44728,14,6
82174,52107,15,2
82174,54200,47,2
82174,54200,14,4
82174,63864,14,4
82174,6636,14,4
82174,77329,9999,1
82174,88930,14,2
82174,91988,72,1
82175,11211,2,3
82175,11215,0,1
82175,11477,2,2
82175,15068,5,2
82175,15068,288,1
82175,15207,19,1
82175,15573,288,2
82175,15712,0,1
82175,2412b,179,4
82175,2415,71,1
82175,24201,0,2
82175,25375,297,2
82175,2926,71,1
82175,3003,2,2
82175,30031,179,1
82175,3005,2,4
82175,3005,0,1
82175,3010,2,1
82175,3020,0,1
82175,3020,288,1
82175,3021,2,2
82175,3023,19,1
82175,3023,0,7
82175,3024,288,4
82175,3031,19,1
82175,3034,72,1
82175,3035,2,1
82175,3062b,4,1
82175,3069b,14,5
82175,32828,71,1
82175,32952,288,2
82175,34337,15,2
82175,3464,15,1
82175,3666,288,2
82175,36840,72,2
82175,3710,19,2
82175,3710,0,7
82175,3795,0,4
82175,4032a,71,8
82175,41769,14,1
82175,41769,321,1
82175,41770,321,1
82175,41770,14,1
82175,43722,2,1
82175,43723,2,1
82175,4477,321,2
82175,4599b,71,1
82175,4697b,71,3
82175,52031,0,2
82175,52107,0,1
82175,59895,0,3
82175,60470b,14,1
82175,60475b,0,3
82175,60594,0,1
82175,60603,47,1
82175,60897,4,4
82175,61345,0,1
82175,6141,4,4
82175,6141,25,7
82175,6141,14,2
82175,63864,2,2
82175,63965,0,4
82175,85984,14,2
82175,87079,5,1
82175,87087,72,2
82175,98138,46,4
82175,98138,36,2
82175,98138,47,3
82175,98834,0,1
82175,99206,0,4
82176,3010,4,1
82176,3023,71,2
82176,3035,4,1
82176,3070b,15,2
82176,32028,15,2
82176,33909,320,2
82176,3666,378,1
82176,3710,84,2
82176,3710,71,3
82176,4162,71,2
82176,49555,4,1
82176,54200,84,4
82176,85984,84,1
82176,85984,15,1
82176,99206,71,2
82176,stickerupn0149,9999,1
82184,11211,4,1
82184,11215,71,7
82184,11477,2,2
82184,15068,15,3
82184,15068,4,1
82184,15207,27,1
82184,15207,14,2
82184,15210,15,1
82184,2412b,14,2
82184,2412b,72,4
82184,2431,2,1
82184,2431,15,1
82184,24312,71,1
82184,24314c01,47,2
82184,2432,4,4
82184,2454b,4,1
82184,2496,0,1
82184,26047,0,1
82184,2654,1,2
82184,2877,72,2
82184,2877,14,4
82184,3002,15,1
82184,3004,14,2
82184,3004,25,1
82184,3004,27,5
82184,3008,2,1
82184,3009,14,1
82184,3010,4,2
82184,3010,14,1
82184,3020,71,5
82184,3022,0,1
82184,3022,15,1
82184,3022,4,5
82184,3023,72,3
82184,3023,46,1
82184,3023,15,1
82184,3023,14,4
82184,3023,0,5
82184,3023,71,1
82184,3024,182,4
82184,3024,1,2
82184,3024,71,3
82184,3024,0,2
82184,3029,71,1
82184,3031,72,1
82184,3032,71,1
82184,3032,2,1
82184,3034,28,1
82184,3035,71,2
82184,30350b,72,2
82184,3036,2,1
82184,30363,72,4
82184,30414,19,2
82184,30552,72,1
82184,3062b,47,1
82184,3062b,4,1
82184,3068b,2,1
82184,3068bpr0201,15,3
82184,3069b,14,2
82184,3069b,15,3
82184,3069bpr0137,71,1
82184,3070bpr0166,71,1
82184,32028,72,2
82184,32028,14,2
82184,3245c,4,2
82184,32739,14,5
82184,33051,4,1
82184,33051,2,1
82184,34440,9999,1
82184,3460,0,6
82184,3622,2,3
82184,3660,2,2
82184,3665,2,1
82184,3666,14,5
82184,3666,2,4
82184,3666,71,3
82184,3710,19,2
82184,3710,0,10
82184,3795,14,1
82184,3795,2,4
82184,3795,0,1
82184,3829c01,15,1
82184,3899,4,1
82184,3937,15,2
82184,4079b,4,1
82184,4181,0,1
82184,4182,0,2
82184,4183,40,3
82184,44302a,71,2
82184,4449,70,1
82184,4477,14,2
82184,4477,72,2
82184,4488,0,6
82184,46212,47,2
82184,4865b,15,1
82184,50745,2,6
82184,52031,14,2
82184,54200,182,2
82184,54200,36,4
82184,54200,47,2
82184,6014b,71,6
82184,60470b,71,1
82184,60477,4,2
82184,60478,0,2
82184,60581,40,9
82184,60593,15,1
82184,60602,47,1
82184,6111,14,3
82184,61252,0,2
82184,6134,71,2
82184,61780,70,1
82184,61780,72,1
82184,62113,72,1
82184,63864,15,2
82184,64453,40,2
82184,65574,4,1
82184,65574,322,1
82184,6636,15,1
82184,76766,0,2
82184,85984,14,2
82184,87079,71,2
82184,87079,14,1
82184,87079,4,1
82184,87079,0,1
82184,87544,40,2
82184,87609,2,1
82184,87609,14,1
82184,87697,0,6
82184,88930,0,1
82184,92107,71,2
82184,92582,71,1
82184,92586pr0001,84,1
82184,92593,71,7
82184,92851,47,4
82184,93273,15,1
82184,98138,1,1
82184,98138,71,1
82184,98138,46,2
82184,98138pr0024,179,1
82184,99206,2,3
82184,99780,15,2
82184,99780,0,2
82184,99784,71,1
82206,11092,70,2
82209,2412b,0,1
82209,2444,0,2
82209,2654,0,1
82209,2780,0,50
82209,2819,0,1
82209,2905,14,7
82209,2950,0,1
82209,3004,0,1
82209,3021,0,1
82209,3023,14,3
82209,3068b,0,2
82209,32000,71,2
82209,32002,72,6
82209,32009,14,2
82209,32013,0,6
82209,32013,14,4
82209,32016,0,2
82209,32017,0,1
82209,32028,0,1
82209,32030,0,1
82209,32034,0,4
82209,32039,71,4
82209,32054,0,13
82209,32056,0,6
82209,32062,4,26
82209,32072,14,2
82209,32073,71,13
82209,32123b,14,22
82209,32140,14,1
82209,32140,72,2
82209,32184,71,8
82209,32198,19,2
82209,32199,0,2
82209,32249,14,2
82209,32250,14,2
82209,32250,0,2
82209,32269,19,2
82209,32270,0,10
82209,32271,0,2
82209,32271,14,3
82209,32278,14,6
82209,32316,14,5
82209,32316,71,6
82209,32348,14,4
82209,32449,14,12
82209,32523,0,4
82209,32523,14,9
82209,32524,0,3
82209,32524,71,2
82209,32524,14,5
82209,32525,14,5
82209,32526,14,4
82209,32526,1,2
82209,32556,19,4
82209,3298,0,1
82209,33299a,0,4
82209,3623,14,2
82209,3647,72,1
82209,3648b,72,1
82209,3673,71,2
82209,3705,0,12
82209,3706,0,4
82209,3707,0,6
82209,3713,71,22
82209,3749,19,7
82209,3941,46,1
82209,40490,14,6
82209,41239,14,3
82209,42003,14,8
82209,4274,71,16
82209,43093,1,26
82209,44294,71,7
82209,44809,0,1
82209,4519,71,25
82209,45982,0,2
82209,4716,71,2
82209,48989,71,2
82209,50950,14,2
82209,54200,14,1
82209,54200,47,2
82209,56908,14,4
82209,59426,72,6
82209,59443,0,16
82209,59443,71,6
82209,60483,0,17
82209,60484,0,3
82209,60485,71,3
82209,6141,47,2
82209,6141,182,2
82209,6141,36,2
82209,61480,0,2
82209,61903,71,2
82209,63869,71,1
82209,64179,71,1
82209,64394,14,1
82209,64451,72,1
82209,64680,14,1
82209,6536,14,12
82209,6536,1,1
82209,6553,0,2
82209,6558,1,23
82209,6587,28,5
82209,6589,19,6
82209,6632,0,4
82209,6632,14,2
82209,6636,14,4
82209,87082,71,6
82209,87083,72,2
82209,87407,71,2
82209,87761,0,1
82209,92693,71,4
82209,92907,0,4
82209,94130,9999,1
82210,11211,0,3
82210,13608,179,1
82210,14769pr1040,15,1
82210,15706,0,2
82210,16091,0,1
82210,2540,72,1
82210,26603,0,2
82210,26604,0,6
82210,3020,72,2
82210,3021,0,2
82210,3021,72,1
82210,3021,19,1
82210,3022,72,1
82210,3023,0,9
82210,3068b,321,1
82210,3068b,14,1
82210,3068b,27,1
82210,3068bpr0273,70,1
82210,3069bpr0101,71,1
82210,3069bpr0149,1,1
82210,32028,72,2
82210,33909,19,1
82210,33909,14,1
82210,33909,272,1
82210,3710,0,2
82210,4079b,272,1
82210,44728,4,3
82210,48729b,0,1
82210,6231,71,3
82210,6636,14,4
82210,6636,27,4
82210,6636,321,4
82210,85861,0,2
82210,85984,0,3
82210,87087,71,15
82210,90370,0,1
82210,92338,179,1
82210,98138,4,1
82210,98138,14,1
82210,99206,0,3
82217,11477,4,4
82217,18654,71,4
82217,18671,4,6
82217,2420,15,4
82217,2420,4,4
82217,2431,15,2
82217,2445,71,1
82217,2654,0,2
82217,2654,182,1
82217,26599,71,4
82217,26603pr0021,15,2
82217,26604,15,4
82217,29119,4,2
82217,29120,4,2
82217,3010,15,4
82217,3020,4,4
82217,3020,1,2
82217,3022,14,2
82217,3023,2,2
82217,3031,19,2
82217,3068b,4,5
82217,32028,15,4
82217,32054,71,4
82217,32073,71,2
82217,3623,4,4
82217,3659,4,2
82217,3666,15,4
82217,3706,0,2
82217,3710,19,4
82217,39613,5,4
82217,4070,71,4
82217,4162,4,4
82217,41740,4,2
82217,42003,71,4
82217,4477,15,2
82217,6005,4,8
82217,6060,4,4
82217,6091,15,4
82217,6636,15,2
82217,74698,0,2
82217,85984,15,2
82217,85984,4,2
82217,87079,15,4
82217,98138,0,5
82217,99207,15,4
82386,2436,0,1
82386,30173a,0,1
82386,3023,0,2
82386,63965,70,1
82386,90754,0,3
82386,92691,15,1
82407,15083pr0010,15,1
82407,3626cpr9804,15,1
82407,50231,272,1
82407,970c27pr0001,272,1
82407,973c27h14pr0001,71,1
82428,3021,15,1
82428,3022,15,2
82428,3022,71,1
82428,3023,47,5
82428,3034,15,2
82428,3034,1,1
82428,3034,71,1
82428,3062b,72,2
82428,3068b,15,1
82428,3747a,15,1
82428,4081b,72,2
82428,43722,15,1
82428,43723,15,1
82428,44661,15,1
82428,50304,15,1
82428,50305,15,1
82428,50950,15,2
82428,54200,47,2
82428,6141,46,2
82428,6141,71,4
82515,2412b,25,8
82515,2412b,71,5
82515,2412b,15,4
82515,2431,71,2
82515,2431,25,5
82515,2431,0,4
82515,2432,71,1
82515,2436,71,2
82515,2456,72,1
82515,2460,71,1
82515,2479,0,1
82515,2877,0,1
82515,2926,0,2
82515,298c02,15,3
82515,3004,25,7
82515,30043,0,1
82515,3005,25,2
82515,3009,25,1
82515,30165,72,1
82515,3020,25,11
82515,3022,1,6
82515,3023,0,10
82515,3023,46,4
82515,3023,182,2
82515,3023,47,2
82515,3024,36,1
82515,3024,25,2
82515,3024,34,1
82515,3024,15,2
82515,30248,72,1
82515,3039,25,3
82515,30592,71,1
82515,3062b,4,2
82515,3062b,71,2
82515,3068b,25,1
82515,3069b,25,2
82515,3069b,15,8
82515,3069b,33,2
82515,3069bpr0020,71,1
82515,3070b,0,2
82515,32000,15,4
82515,32013,15,1
82515,32028,0,4
82515,32059,15,1
82515,32064a,71,2
82515,32291,0,1
82515,3245b,25,5
82515,3460,15,4
82515,3475b,72,2
82515,3660,25,1
82515,3666,0,6
82515,3666,15,2
82515,3673,71,1
82515,3710,15,6
82515,3710,1,4
82515,3737,0,1
82515,3738,0,4
82515,3747b,25,1
82515,3794a,1,1
82515,3795,15,1
82515,3795,0,1
82515,3795,25,4
82515,3821,25,1
82515,3822,25,1
82515,3829c01,1,1
82515,3899,4,1
82515,3937,15,2
82515,3941,15,1
82515,3958,0,1
82515,3959,71,1
82515,4032a,2,1
82515,4032a,4,1
82515,4032a,71,1
82515,4032a,15,1
82515,40620,71,2
82515,4079b,1,2
82515,4085c,0,4
82515,4176,40,1
82515,41770,15,1
82515,41883,40,1
82515,4274,1,6
82515,4282,0,1
82515,4360,0,1
82515,43898,15,1
82515,44728,25,2
82515,44728,71,6
82515,4488,71,6
82515,4510,71,4
82515,4532,25,4
82515,4533,72,4
82515,4599a,4,3
82515,4617b,0,1
82515,4697b,71,2
82515,4735,0,2
82515,47457,14,1
82515,47755,25,1
82515,48183,15,1
82515,48336,0,2
82515,48336,15,2
82515,4854,0,1
82515,4855,0,1
82515,4865a,71,8
82515,50745,15,2
82515,50859a,0,1
82515,50861,0,2
82515,50862,71,2
82515,50950,25,4
82515,52031,25,1
82515,52035,25,1
82515,53586,25,1
82515,54200,33,14
82515,54200,0,6
82515,54200,47,2
82515,55295,0,1
82515,55296,0,1
82515,55297,0,1
82515,55298,0,1
82515,55299,0,1
82515,55300,0,1
82515,6014b,15,10
82515,6015,0,10
82515,6019,1,2
82515,60470a,71,2
82515,60475a,15,4
82515,60478,72,2
82515,60479,0,2
82515,6091,71,6
82515,6134,0,2
82515,61409,72,4
82515,6141,46,1
82515,6141,36,7
82515,6141,0,2
82515,6141,182,2
82515,61678,25,2
82515,6180,15,1
82515,61800,25,1
82515,6191,0,2
82515,6564,25,1
82515,6565,25,1
82515,6636,72,1
82515,86177,9999,1
82515,87058,15,1
82516,2412b,15,4
82516,2412b,71,5
82516,2412b,25,8
82516,2431,0,4
82516,2431,71,2
82516,2431,25,5
82516,2432,71,1
82516,2436,71,2
82516,2456,72,1
82516,2460,71,1
82516,2479,0,1
82516,2877,0,1
82516,2926,0,2
82516,298c02,15,3
82516,3004,25,7
82516,30043,0,1
82516,3005,25,2
82516,3009,25,1
82516,30165,72,1
82516,3020,25,11
82516,3022,1,6
82516,3023,182,2
82516,3023,47,2
82516,3023,46,4
82516,3023,0,10
82516,3024,25,2
82516,3024,36,1
82516,3024,34,1
82516,3024,15,2
82516,30248,72,1
82516,3039,25,3
82516,30592,71,1
82516,3062b,4,2
82516,3062b,71,2
82516,3068b,25,1
82516,3069b,25,2
82516,3069b,33,2
82516,3069b,15,8
82516,3069bpr0020,71,1
82516,3070b,0,2
82516,32000,15,4
82516,32013,15,1
82516,32028,0,4
82516,32059,15,1
82516,32064a,71,2
82516,32291,0,1
82516,3245b,25,5
82516,3460,15,4
82516,3475b,72,2
82516,3660,25,1
82516,3666,15,2
82516,3666,0,6
82516,3673,71,1
82516,3710,1,4
82516,3710,15,6
82516,3737,0,1
82516,3738,0,4
82516,3747b,25,1
82516,3794a,1,1
82516,3795,0,1
82516,3795,25,4
82516,3795,15,1
82516,3821,25,1
82516,3822,25,1
82516,3829c01,1,1
82516,3899,4,1
82516,3937,15,2
82516,3941,15,1
82516,3958,0,1
82516,3959,71,1
82516,4032a,4,1
82516,4032a,71,1
82516,4032a,15,1
82516,4032a,2,1
82516,40620,71,2
82516,4079b,1,2
82516,4176,40,1
82516,41770,15,1
82516,41883,40,1
82516,4274,1,6
82516,4282,0,1
82516,4360,0,1
82516,43898,15,1
82516,44728,25,2
82516,44728,71,6
82516,4488,71,6
82516,4510,71,4
82516,4532,25,4
82516,4533,72,4
82516,4599a,4,3
82516,4617b,0,1
82516,4697b,71,2
82516,4735,0,2
82516,47457,14,1
82516,47755,25,1
82516,48183,15,1
82516,48336,15,2
82516,48336,0,2
82516,4854,0,1
82516,4855,0,1
82516,4865a,71,8
82516,50745,15,2
82516,50859a,0,1
82516,50861,0,2
82516,50862,71,2
82516,50950,25,4
82516,52031,25,1
82516,52035,25,1
82516,53586,25,1
82516,54200,0,6
82516,54200,33,14
82516,54200,47,2
82516,55295,0,1
82516,55296,0,1
82516,55297,0,1
82516,55298,0,1
82516,55299,0,1
82516,55300,0,1
82516,6014b,15,10
82516,6015,0,10
82516,6019,1,2
82516,60470a,71,2
82516,60475a,15,4
82516,60478,72,2
82516,60479,0,2
82516,60897,0,4
82516,6091,71,6
82516,6134,0,2
82516,61409,72,4
82516,6141,0,2
82516,6141,36,7
82516,6141,46,1
82516,6141,182,2
82516,61678,25,2
82516,6180,15,1
82516,61800,25,1
82516,6191,0,2
82516,6564,25,1
82516,6565,25,1
82516,6636,72,1
82516,86177,9999,1
82516,87058,15,1
82517,2357,71,2
82517,2431,14,1
82517,30035,0,1
82517,3008,71,1
82517,3023,72,1
82517,30237a,14,2
82517,3030,72,1
82517,30414,72,1
82517,3849,0,1
82517,4150,71,1
82517,4285b,71,1
82517,4286,14,1
82517,4740,4,1
82517,59900,71,1
82517,59900,4,2
82517,61184,71,2
82517,6140,0,1
82517,6141,36,3
82517,6179,15,1
82517,63868,14,2
82517,6636,14,1
82517,85940,0,1
82517,85984,71,2
82517,87079,71,1
82517,96191,9999,1
82518,2357,71,2
82518,2431,14,1
82518,30035,0,1
82518,3008,71,1
82518,3023,72,1
82518,30237a,14,2
82518,3030,72,1
82518,30414,72,1
82518,3849,0,1
82518,4150,71,1
82518,4285b,71,1
82518,4286,14,1
82518,4740,4,1
82518,59900,4,2
82518,59900,71,1
82518,61184,71,2
82518,6140,0,1
82518,6141,36,3
82518,6179,15,1
82518,63868,14,2
82518,6636,14,1
82518,85940,0,1
82518,85984,71,2
82518,87079,71,1
82518,96191,9999,1
82519,10201,15,6
82519,10793,9999,1
82519,15207,72,1
82519,2357,0,6
82519,2419,15,2
82519,2420,27,2
82519,2431,288,5
82519,2432,70,2
82519,2444,0,2
82519,2445,72,1
82519,2445,15,1
82519,2450,72,2
82519,2454a,71,2
82519,2456,19,1
82519,2476a,15,4
82519,2555,72,2
82519,2555,0,2
82519,2561,70,2
82519,2569,42,2
82519,2639,72,4
82519,2654,72,4
82519,2730,0,2
82519,2736,71,4
82519,2780,0,20
82519,2876,72,1
82519,3001,0,2
82519,3001,72,3
82519,3002,19,1
82519,3005,27,2
82519,3009,71,1
82519,3010,0,1
82519,3010,70,2
82519,30136,0,7
82519,30145,28,2
82519,30173b,297,1
82519,3020,27,11
82519,3020,71,3
82519,3020,70,6
82519,3020,28,5
82519,3021,0,2
82519,3021,70,9
82519,3022,1,5
82519,3022,27,8
82519,3022,0,3
82519,3022,19,1
82519,3023,15,2
82519,3023,71,5
82519,3023,72,2
82519,3023,4,3
82519,30237b,71,2
82519,30238,4,1
82519,3029,0,1
82519,3031,0,9
82519,3032,72,1
82519,3034,28,1
82519,3034,0,1
82519,3035,72,1
82519,30357,0,2
82519,30367b,72,1
82519,30374,297,1
82519,30377,308,4
82519,30383,0,4
82519,3039,70,1
82519,30407,34,4
82519,30407,15,8
82519,3040b,27,2
82519,3040b,320,15
82519,3040b,15,2
82519,30414,15,2
82519,30503,0,2
82519,30565,28,3
82519,30602,0,6
82519,3062b,71,15
82519,3062b,15,2
82519,3068b,0,2
82519,3068b,71,2
82519,3069b,40,10
82519,3069b,308,4
82519,32005a,0,2
82519,32009,15,2
82519,32015,0,10
82519,32028,71,1
82519,32028,0,3
82519,32039,0,2
82519,32062,4,2
82519,32064a,2,4
82519,32064b,0,2
82519,32073,71,2
82519,32125,71,2
82519,32184,0,2
82519,32271,71,2
82519,32348,72,2
82519,32526,71,2
82519,32530,72,4
82519,32555,0,2
82519,3622,72,8
82519,3623,0,4
82519,3639,72,4
82519,3640,72,4
82519,3659,308,3
82519,3660,308,2
82519,3665,72,6
82519,3666,72,1
82519,3666,0,2
82519,3678b,0,1
82519,3678b,28,2
82519,3700,71,1
82519,3700,0,4
82519,3701,72,14
82519,3705,0,1
82519,3706,0,1
82519,3710,72,3
82519,3713,4,4
82519,3747b,72,2
82519,3749,19,2
82519,3794b,0,4
82519,3794b,71,4
82519,3794b,297,3
82519,3794b,15,2
82519,3795,308,10
82519,3795,71,2
82519,3830,320,2
82519,3830,71,2
82519,3831,71,2
82519,3831,320,2
82519,3832,70,3
82519,3894,0,2
82519,3957a,42,3
82519,3958,28,1
82519,3960,72,4
82519,4032a,15,2
82519,4032a,14,7
82519,40378,27,1
82519,40379,27,1
82519,4070,2,4
82519,4081b,71,4
82519,4081b,27,2
82519,4150,72,1
82519,4162,15,1
82519,41747,0,2
82519,41748,0,2
82519,41769,288,2
82519,41769,15,1
82519,41770,15,1
82519,41770,288,2
82519,4274,1,2
82519,4287b,0,1
82519,43093,1,22
82519,43712,288,7
82519,43712,72,2
82519,43713,0,1
82519,43719,34,9
82519,43722,27,3
82519,43723,27,3
82519,43887,0,2
82519,43888,72,2
82519,44300,72,1
82519,44301a,0,4
82519,44728,0,2
82519,44728,15,4
82519,4519,71,8
82519,4590,72,4
82519,47456,0,2
82519,47456,70,4
82519,47457,14,4
82519,47753,27,1
82519,47753pr0003,28,2
82519,47759,15,2
82519,47759,70,2
82519,47847,72,1
82519,48729b,0,2
82519,48933,72,1
82519,49668,0,14
82519,50304,0,1
82519,50305,0,1
82519,50950,288,14
82519,50950,27,4
82519,51739,15,1
82519,53451,297,6
82519,53451,179,2
82519,53454,0,2
82519,53562,0,4
82519,54200,34,6
82519,54200,27,2
82519,54200,71,8
82519,54383,0,1
82519,54384,0,1
82519,54821pat0002,10,1
82519,57906,27,1
82519,57906,0,1
82519,57908,72,4
82519,57909a,72,5
82519,59426,72,2
82519,59900,36,2
82519,60470b,71,5
82519,60478,72,10
82519,60808,0,2
82519,60897,72,2
82519,6108,71,2
82519,61252,0,2
82519,6141,42,4
82519,6141,71,2
82519,6141,34,2
82519,6141,72,22
82519,61678,27,2
82519,6232,70,2
82519,62361,27,2
82519,62743,15,6
82519,63965,70,1
82519,64275,179,4
82519,64567,71,1
82519,6558,1,3
82519,6942,71,1
82519,73983,72,3
82519,73983,15,4
82519,85984,0,2
82519,87082,71,5
82519,87087,4,4
82519,87580,0,2
82519,87747,297,1
82519,87747,179,1
82519,88072,71,2
82519,89650,72,2
82519,89651,0,2
82519,92013,0,5
82519,92280,378,1
82519,92338,297,1
82519,92582,0,5
82519,92589,71,2
82519,92593,0,2
82519,92690,297,3
82519,92692,0,2
82519,92926,72,1
82519,92946,0,6
82519,92946,27,12
82519,92946,288,2
82519,92947,15,2
82519,93055,297,1
82519,93058,297,1
82519,93059,297,4
82519,93070pr0005,15,1
82519,93070pr0006,15,1
82519,93070pr0007,15,1
82519,93071pr0002,15,1
82519,93072pr0004,72,4
82519,93273,27,5
82519,93274,27,12
82519,93571,0,4
82519,93606,0,1
82519,93787,297,1
82519,93789,308,1
82519,95188,72,2
82519,96874,25,1
82519,98136,297,2
82519,98138pr0002,33,1
82519,98139,1103,1
82519,98141,179,2
82519,98283,28,16
82519,98313,70,6
82519,98560,320,3
82519,99301,320,4
82519,99780,72,4
82519,99781,71,6
82520,10178pr0001,42,1
82520,2412b,179,5
82520,2654,33,4
82520,298c02,15,2
82520,30093,288,1
82520,30132,72,2
82520,3020,19,1
82520,3031,70,2
82520,3040b,72,2
82520,3062b,34,1
82520,3070b,34,3
82520,33320,2,1
82520,3660,0,2
82520,3673,71,1
82520,3700,71,2
82520,4070,19,2
82520,4079b,70,1
82520,42023,0,2
82520,4274,1,2
82520,4497,308,1
82520,47457,72,1
82520,59900,320,2
82520,60475b,0,1
82520,60897,71,2
82520,6091,19,4
82520,61184,71,2
82520,6141,179,2
82520,6141,46,2
82520,64648,179,1
82520,85940,0,2
82520,87580,72,1
82520,92280,378,1
82520,92593,71,1
82520,92842,0,1
82520,92947,71,1
82530,27393,182,2
82530,35480,4,1
82530,6126b,182,2
82571,5000688,9999,1
82571,93088pr0002kc,15,1
82571,stickerupn0056,9999,1
82571,upn0410,9999,1
82572,22915,9999,1
82572,22918,9999,1
82572,2431,15,1
82572,2432,15,1
82572,2540,1,1
82572,3005,41,2
82572,3010,7,2
82572,30136,8,4
82572,30157,8,2
82572,3020,15,1
82572,3020,1,1
82572,3021,1,2
82572,3022,1,2
82572,3023,1,1
82572,3023,15,4
82572,30236,0,1
82572,3024,36,4
82572,3024,46,4
82572,3032,0,1
82572,3032,15,3
82572,3035,7,2
82572,30365,8,2
82572,30383,8,2
82572,3069b,1,2
82572,3069b,0,3
82572,3297,1,1
82572,3460,1,2
82572,3483,0,4
82572,3622,15,2
82572,3665,7,2
82572,3666,0,1
82572,3666,15,1
82572,3710,1,6
82572,3795,1,2
82572,3795,0,2
82572,3829c01,0,1
82572,3855,41,7
82572,4033,1,7
82572,4085c,7,2
82572,4162,7,4
82572,4176,41,2
82572,4282,7,1
82572,4287a,7,2
82572,4349,0,2
82572,44100,9999,1
82572,6112,15,2
82572,6248,7,4
82572,72824pr0006,15,1
82580,22915,9999,1
82580,2431,15,1
82580,2432,15,1
82580,2540,1,1
82580,3005,41,2
82580,3010,7,2
82580,30136,8,4
82580,30157,8,2
82580,3020,1,1
82580,3020,15,1
82580,3021,1,2
82580,3022,1,2
82580,3023,15,4
82580,3023,1,1
82580,30236,0,1
82580,3024,46,4
82580,3024,36,4
82580,3032,0,1
82580,3032,15,3
82580,3035,7,2
82580,30365,8,2
82580,30383,8,2
82580,3069b,0,3
82580,3069b,1,2
82580,3297,1,1
82580,3460,1,2
82580,3483,0,4
82580,3622,15,2
82580,3665,7,2
82580,3666,0,1
82580,3666,15,1
82580,3710,1,6
82580,3795,1,2
82580,3795,0,2
82580,3829c01,0,1
82580,3855,41,7
82580,4033,1,7
82580,4085c,7,2
82580,4162,7,4
82580,4176,41,2
82580,4282,7,1
82580,4287a,7,2
82580,4349,0,2
82580,6112,15,2
82580,6248,7,4
82580,72824pr0006,15,1
82608,11153,71,2
82608,11211,4,4
82608,11213,71,1
82608,11299,15,1
82608,12687,9999,1
82608,16542,14,1
82608,2412b,72,2
82608,2412b,15,6
82608,2431,15,2
82608,2431,4,1
82608,2447,40,1
82608,2456,4,1
82608,2877,71,4
82608,3009,4,1
82608,3010,4,4
82608,30150,14,1
82608,30194,72,1
82608,3020,72,1
82608,3020,15,2
82608,3021,71,2
82608,3022,15,3
82608,3023,4,2
82608,3023,33,4
82608,30237b,71,1
82608,3032,4,1
82608,3032,14,2
82608,3034,0,1
82608,30374,14,4
82608,30383,71,2
82608,30565,72,1
82608,3062b,14,1
82608,3062b,4,1
82608,3068b,15,1
82608,3069b,33,2
82608,32028,72,6
82608,32028,15,4
82608,3245c,4,1
82608,3460,15,6
82608,3622,71,1
82608,3665,4,8
82608,3710,72,2
82608,3710,4,8
82608,3795,72,2
82608,3795,15,1
82608,3829c01,1,1
82608,3832,71,1
82608,3835,0,1
82608,3838,14,1
82608,3958,72,1
82608,3962b,0,1
82608,4006,0,1
82608,4079b,1,2
82608,4150,0,2
82608,4207,15,1
82608,4208,0,1
82608,4209b,4,1
82608,44302a,72,2
82608,4488,0,4
82608,4599b,14,1
82608,47905,4,1
82608,4865a,41,2
82608,50745,72,4
82608,52031,4,2
82608,54200,15,4
82608,54200,46,2
82608,54200,36,2
82608,59900,14,1
82608,6014b,15,4
82608,60475b,71,5
82608,60581,4,2
82608,60583b,4,4
82608,6126b,41,1
82608,6141,71,4
82608,61485,0,1
82608,6154,4,2
82608,6155,15,2
82608,6158,72,1
82608,6179,71,1
82608,64453,41,1
82608,6636,15,4
82608,73590c03a,0,1
82608,85861,14,1
82608,87079,0,1
82608,87087,72,2
82608,87552,41,4
82608,87609,15,2
82608,87697,0,4
82608,87913,71,1
82608,92593,15,5
82608,92593,71,1
82608,98138,33,4
82644,16542,14,1
82644,2412b,15,9
82644,2431,71,2
82644,2431pr0028,72,1
82644,2432,72,1
82644,2447,40,1
82644,2508,0,1
82644,2555,4,5
82644,2584,0,1
82644,2585,71,1
82644,3004,15,1
82644,3010,4,2
82644,30194,72,1
82644,3020,15,2
82644,3020,4,4
82644,3021,71,1
82644,3022,14,1
82644,3023,46,1
82644,3023,71,5
82644,3024,36,2
82644,3062b,14,1
82644,3069bpr0101,71,1
82644,3623,4,2
82644,3710,15,3
82644,3710,4,1
82644,3710,72,1
82644,3794a,15,1
82644,3795,0,1
82644,3829c01,14,1
82644,3835,0,1
82644,3838,14,1
82644,3839b,72,2
82644,3962b,0,1
82644,4070,4,2
82644,4085c,4,2
82644,43337,4,6
82644,4345b,4,2
82644,4346,72,2
82644,44568,15,2
82644,44569,4,2
82644,4488,0,6
82644,45677,4,2
82644,4599a,15,1
82644,4599a,14,1
82644,48336,71,1
82644,4865a,47,1
82644,50745,72,6
82644,52036,72,1
82644,52038,72,1
82644,52501,4,4
82644,54200,33,4
82644,54200,47,2
82644,57783,41,1
82644,58593,9999,1
82644,6014b,15,6
82644,6015,0,6
82644,6019,4,1
82644,6141,46,1
82644,6158,72,1
82644,63082,71,1
82654,3002a,1,1
82654,3003a,4,1
82654,3003a,0,5
82654,3004,1,1
82654,3004,0,2
82654,3005,0,2
82654,3009,0,1
82654,3010,0,6
82654,3021,0,2
82654,3023,14,6
82654,3031,4,1
82654,3032,0,1
82654,3036,0,1
82654,3039,0,5
82654,3040a,0,2
82654,3045,0,4
82654,3068a,4,2
82654,3068a,0,3
82654,3069a,14,6
82654,3069a,0,4
82654,3298,1,1
82654,3612,4,2
82654,3613,4,2
82654,3614a,14,2
82654,3626a,0,4
82654,3626a,4,5
82654,3633,4,2
82654,3633,0,1
82654,3741,2,2
82654,3742,4,6
82654,685pr0001,14,1
82654,792c03,4,1
82654,upn0223,0,1
82762,10247,15,2
82762,11212,2,2
82762,11477,25,2
82762,14181,15,1
82762,15207,27,2
82762,15207,15,21
82762,15456,0,1
82762,22885,15,2
82762,22889,25,2
82762,2412b,72,10
82762,2412b,0,2
82762,2432,71,1
82762,2445,15,2
82762,26599,71,2
82762,26599,0,2
82762,28324,0,1
82762,30000,72,2
82762,3001,71,2
82762,3002,15,1
82762,3002,1,1
82762,3002,27,1
82762,3003,14,1
82762,3006,71,1
82762,3010,25,2
82762,3010,15,2
82762,30136,19,1
82762,30157,72,2
82762,3021,19,2
82762,3021,72,2
82762,3022,25,6
82762,3022,27,1
82762,3023,2,8
82762,3023,14,2
82762,3023,1,2
82762,3023,70,1
82762,3023,4,2
82762,3023,36,2
82762,3032,25,1
82762,3034,15,1
82762,3035,15,3
82762,30414,19,2
82762,3068b,27,1
82762,3068b,15,1
82762,3069b,15,2
82762,3069b,27,1
82762,3069b,25,2
82762,3069b,2,1
82762,3070b,25,2
82762,3245c,15,1
82762,32525,15,2
82762,32526,15,2
82762,32803,71,4
82762,3460,0,2
82762,35336,47,1
82762,3623,14,2
82762,3665,71,2
82762,3666,25,2
82762,3666,27,2
82762,3701,1,2
82762,3710,27,2
82762,3710,71,5
82762,3710,15,2
82762,3795,71,1
82762,3795,25,1
82762,3795,15,1
82762,3795,27,1
82762,3795,0,1
82762,3829c01,15,1
82762,3829c01,71,1
82762,3836,70,1
82762,3895,0,2
82762,3958,0,1
82762,4006,179,1
82762,4162,25,2
82762,41682,71,2
82762,4282,19,1
82762,42947,0,4
82762,44728,4,2
82762,44728,2,4
82762,4477,15,4
82762,4515,71,1
82762,45677,0,2
82762,48336,71,2
82762,4865b,15,4
82762,50745,0,4
82762,50745,15,2
82762,54200,25,2
82762,54200,47,2
82762,54200,182,2
82762,57783,41,1
82762,6014b,71,10
82762,60212,1,1
82762,60470b,15,1
82762,60474,14,1
82762,60478,0,2
82762,60581,72,1
82762,60897,71,2
82762,61252,0,2
82762,61332,0,6
82762,61409,71,16
82762,61409,0,2
82762,6141,36,2
82762,61484,15,1
82762,6231,15,2
82762,63864,15,2
82762,65886,0,2
82762,6636,71,4
82762,67688,71,2
82762,68297,15,1
82762,69729,15,6
82762,77295,9999,1
82762,85984,0,2
82762,85984,15,4
82762,85984,71,10
82762,87079,0,1
82762,87079,1,2
82762,87087,27,2
82762,87609,2,2
82762,87697,0,10
82762,88930,15,6
82762,91501,15,2
82762,92438,2,2
82762,93273,72,1
82762,93274,15,3
82762,98138,36,2
82762,98138,47,8
82762,98138,182,2
82762,98263,71,1
82762,99206,14,1
82762,99207,0,4
82762,99780,0,2
82794,2446,0,1
82794,2587,8,1
82794,2594,8,1
82794,3626bpr0001,14,1
82794,87692,4,1
82794,970c03,4,1
82794,973c03h01pr0040,0,1
82796,10247,14,4
82796,10288,308,1
82796,10314,14,2
82796,11153,14,2
82796,11215,71,1
82796,11477,14,2
82796,13731,71,2
82796,14301,71,1
82796,15207,14,2
82796,15303,35,6
82796,15400,72,2
82796,15462,28,1
82796,15573,4,2
82796,21522,9999,1
82796,2357,14,2
82796,2412b,72,8
82796,2412b,0,3
82796,2420,14,2
82796,2431,71,1
82796,2496,0,2
82796,2516,14,1
82796,2655,71,2
82796,2780,0,4
82796,3001,19,1
82796,3005,1,2
82796,3009,14,2
82796,3009,28,2
82796,30134,0,1
82796,30150,14,1
82796,30170,72,1
82796,30171,70,1
82796,3020,71,3
82796,3020,14,6
82796,3020,72,5
82796,3021,71,2
82796,3021,14,1
82796,3022,71,4
82796,3023,71,2
82796,3023,72,11
82796,3023,14,9
82796,3024,14,2
82796,3024,46,2
82796,3034,71,1
82796,30355,71,1
82796,30356,71,1
82796,30374,41,1
82796,30552,72,1
82796,3062b,14,1
82796,3065,34,1
82796,3068b,70,1
82796,3069b,71,1
82796,3069b,70,2
82796,3069bpr0101,71,1
82796,3176,72,1
82796,32001,71,1
82796,32059,71,2
82796,32062,0,1
82796,32064a,4,4
82796,32073,71,1
82796,32123b,14,1
82796,3298,72,1
82796,3460,71,5
82796,3622,14,2
82796,3623,14,2
82796,3623,72,2
82796,3648b,72,2
82796,3660,71,7
82796,3665,71,2
82796,3666,14,2
82796,3666,0,2
82796,3700,72,3
82796,3700,14,1
82796,3701,71,2
82796,3706,0,2
82796,3708,0,2
82796,3709,72,1
82796,3710,14,1
82796,3710,72,1
82796,3713,4,1
82796,3738,72,1
82796,3747b,71,2
82796,3749,19,1
82796,3795,0,5
82796,3832,14,2
82796,3941,14,2
82796,3942c,14,3
82796,3942c,71,2
82796,3958,71,1
82796,4032a,70,1
82796,4032a,14,1
82796,4070,72,2
82796,4070,14,4
82796,41531,71,4
82796,41539,72,1
82796,41747,14,1
82796,41748,14,1
82796,41764,71,4
82796,41765,71,4
82796,41769,14,1
82796,41770,14,1
82796,4185,41,2
82796,4185,14,2
82796,42023,72,4
82796,4286,14,2
82796,43093,1,4
82796,43712,14,1
82796,43713,71,1
82796,43719,14,2
82796,44302b,14,1
82796,4477,19,2
82796,47397,71,1
82796,47398,71,1
82796,4865b,72,2
82796,50304,14,1
82796,50305,14,1
82796,50373,14,1
82796,50955,71,1
82796,50956,71,1
82796,51739,71,1
82796,51739,72,3
82796,54383,71,2
82796,54384,71,2
82796,58247,0,3
82796,59443,4,4
82796,59900,14,3
82796,60208,71,2
82796,60208,14,4
82796,60470b,0,4
82796,60474,72,2
82796,60897,72,1
82796,6091,14,4
82796,6141,34,6
82796,6141,71,6
82796,61482,71,1
82796,61485,0,1
82796,61903,71,1
82796,6233,14,2
82796,6233,71,2
82796,63864,1,2
82796,63965,14,4
82796,64567,80,1
82796,6541,2,6
82796,6558,1,4
82796,6587,28,2
82796,6636,72,2
82796,87079,71,4
82796,87081,72,1
82796,87580,71,1
82796,87994,71,1
82796,88646,0,1
82796,90258,72,1
82796,92279,40,1
82796,92280,71,2
82796,92738,0,3
82796,93273,14,2
82796,96874,25,1
82796,98138,179,1
82796,99780,71,5
82798,2412b,0,2
82798,2420,1,2
82798,2431,73,1
82798,2444,72,4
82798,2445,72,3
82798,3004,19,4
82798,3005,72,2
82798,3020,73,3
82798,3020,1,4
82798,3022,19,2
82798,3022,0,2
82798,3023,19,4
82798,3023,15,8
82798,3023,36,2
82798,3024,1,4
82798,3024,15,4
82798,3034,1,3
82798,3034,15,1
82798,3036,15,1
82798,30663,0,1
82798,3068b,72,2
82798,3068b,1,2
82798,3069b,1,4
82798,3069b,14,2
82798,3460,1,2
82798,3665,1,4
82798,3666,15,4
82798,3666,72,3
82798,3673,71,4
82798,3710,14,3
82798,3795,0,4
82798,4081b,71,2
82798,41669,47,2
82798,43093,1,2
82798,43722,1,1
82798,43723,1,1
82798,44728,15,2
82798,48336,0,2
82798,48729b,71,1
82798,50950,15,2
82798,54200,1,4
82798,54200,182,2
82798,54200,73,2
82798,56902,71,4
82798,58181,47,1
82798,60478,71,1
82798,60897,1,4
82798,6091,19,4
82798,61254b,0,4
82798,61409,72,2
82798,6141,71,2
82798,6141,182,2
82798,6141,47,2
82798,61678,73,2
82798,61678,1,2
82798,63864,15,4
82798,6541,1,2
82798,6636,1,1
82798,93274,4,1
82799,10314,15,2
82799,10884,27,1
82799,11055,1,4
82799,11089,15,10
82799,11089,70,4
82799,11090,72,5
82799,11090,14,2
82799,11091,272,2
82799,11103,297,1
82799,11107,297,2
82799,11127,297,1
82799,11127,41,3
82799,11153,326,2
82799,11153,191,8
82799,11203,72,1
82799,11215,71,2
82799,11291,320,1
82799,11476,71,2
82799,11477,72,4
82799,12825,72,1
82799,12939,84,2
82799,13547,326,2
82799,13731,326,2
82799,13971,71,2
82799,14423,9999,1
82799,2357,72,4
82799,2417,10,1
82799,2419,0,1
82799,2419,272,1
82799,2420,71,8
82799,2423,2,1
82799,2423,326,1
82799,2431,72,1
82799,2431,308,7
82799,2431,41,29
82799,2432,1,1
82799,2444,72,2
82799,2445,0,1
82799,2445,71,2
82799,2453b,72,1
82799,2454b,72,4
82799,2454b,70,4
82799,2456,70,1
82799,2456,19,1
82799,2456,72,2
82799,2465,72,10
82799,2540,1,3
82799,2540,72,2
82799,2780,0,11
82799,298c02,71,2
82799,298c02,1,2
82799,3001,2,4
82799,3001,72,18
82799,3002,71,3
82799,3002,70,7
82799,3003,72,27
82799,3003,70,1
82799,30031,71,1
82799,3004,191,35
82799,3005,70,10
82799,3005,72,11
82799,3009,72,5
82799,30099,72,2
82799,3010,72,9
82799,3010,191,19
82799,30134,70,1
82799,30136,19,2
82799,30136,72,4
82799,30176,2,5
82799,3020,4,1
82799,3020,70,2
82799,3020,15,1
82799,3020,71,4
82799,3021,70,7
82799,3022,71,4
82799,3022,191,4
82799,3023,70,14
82799,3023,326,2
82799,3023,47,4
82799,3023,71,10
82799,30236,72,2
82799,30237b,72,3
82799,30238,4,1
82799,3024,70,5
82799,3028,72,2
82799,30286,41,1
82799,3031,71,1
82799,3031,72,1
82799,3032,72,1
82799,3033,288,2
82799,3034,70,1
82799,3034,72,2
82799,3034,71,2
82799,30342,41,1
82799,3035,73,1
82799,3035,288,2
82799,30350b,41,2
82799,3036,72,4
82799,30363,72,6
82799,30374,41,1
82799,30374,36,2
82799,30374,15,2
82799,30374,70,1
82799,3039,191,7
82799,3039,70,1
82799,3039,326,1
82799,3040b,72,8
82799,3040b,70,6
82799,30414,14,1
82799,3044c,72,4
82799,3046a,72,4
82799,3048c,288,2
82799,3049d,14,1
82799,30540,0,4
82799,30541,0,4
82799,30602,15,1
82799,3062b,41,11
82799,3068b,191,10
82799,3068b,71,2
82799,3069b,191,14
82799,3069b,36,2
82799,3070b,19,2
82799,32000,72,8
82799,32013,0,2
82799,32018,0,1
82799,32028,0,1
82799,32039,0,1
82799,32059,15,1
82799,32059,191,1
82799,32064a,15,3
82799,32064a,0,1
82799,32278,71,2
82799,32525,0,2
82799,3298,71,2
82799,3456,72,2
82799,3460,71,6
82799,3622,70,5
82799,3623,70,6
82799,3659,72,7
82799,3659,71,2
82799,3660,70,1
82799,3660,71,15
82799,3665,191,20
82799,3666,191,11
82799,3666,4,3
82799,3673,71,18
82799,3700,0,8
82799,3700,4,1
82799,3701,0,8
82799,3701,71,3
82799,3702,0,2
82799,3705,0,2
82799,3710,191,19
82799,3710,4,1
82799,3747b,72,5
82799,3794b,320,1
82799,3794b,2,2
82799,3795,71,2
82799,3795,15,2
82799,3829c01,0,2
82799,3832,71,2
82799,3832,15,2
82799,3832,1,2
82799,3836,70,1
82799,3899,47,1
82799,3937,14,3
82799,3941,41,5
82799,3957b,0,2
82799,3958,72,2
82799,3958,71,2
82799,4006,0,1
82799,4032a,308,6
82799,4032a,2,1
82799,4032a,72,2
82799,4032a,4,3
82799,4081b,0,4
82799,41239,72,2
82799,4162,72,2
82799,41669,143,2
82799,41677,71,2
82799,41769,70,1
82799,41770,70,1
82799,42022,308,10
82799,42022,41,4
82799,42060,308,1
82799,42061,308,1
82799,4274,1,4
82799,4282,15,2
82799,4286,72,2
82799,4287c,72,2
82799,43093,1,4
82799,43337,191,6
82799,4349,0,4
82799,43722,191,2
82799,43723,191,2
82799,43903,0,1
82799,4460b,191,20
82799,44728,72,2
82799,46212,41,8
82799,4697b,71,2
82799,48336,0,2
82799,4871,1,1
82799,48723,72,1
82799,50450,0,1
82799,52501,15,2
82799,53451,0,8
82799,53451,15,10
82799,53451,297,3
82799,53454,41,1
82799,54200,47,2
82799,54200,191,8
82799,54200,326,8
82799,54200,297,5
82799,54200,0,4
82799,55981,71,4
82799,55981,326,2
82799,57028c01,71,1
82799,57796,72,1
82799,59443,14,7
82799,59900,33,4
82799,60474,15,1
82799,60474,326,1
82799,60474,212,2
82799,60475b,71,7
82799,60477,308,4
82799,60478,0,2
82799,60479,71,8
82799,60485,71,4
82799,60596,72,1
82799,60621,71,1
82799,6083,72,2
82799,60897,72,8
82799,60897,71,2
82799,60897,4,20
82799,6091,19,2
82799,6091,191,12
82799,6108,71,3
82799,6111,71,4
82799,6112,0,2
82799,6117,297,1
82799,61252,71,4
82799,61252,72,2
82799,61254b,0,2
82799,6134,1,3
82799,6141,33,4
82799,6141,41,29
82799,6141,36,2
82799,6141,70,1
82799,61485,15,1
82799,6179,15,1
82799,62808,297,2
82799,63868,71,2
82799,64276,0,1
82799,64567,297,1
82799,64567,71,1
82799,64567,0,2
82799,64644,308,3
82799,64647,57,3
82799,64727,71,1
82799,64867,70,1
82799,6541,72,4
82799,6553,72,2
82799,6558,1,2
82799,6636,326,2
82799,6636,72,16
82799,76764,179,1
82799,85941,41,2
82799,85984,15,6
82799,85984,191,13
82799,87079,1,6
82799,87620,15,8
82799,87747,15,8
82799,87747,297,4
82799,87747,0,2
82799,88292,84,4
82799,89201,0,4
82799,91988,72,4
82799,92013,72,1
82799,92099,72,2
82799,92280,15,2
82799,92593,72,2
82799,92690,297,3
82799,92946,191,10
82799,93273,72,1
82799,96874,25,1
82799,98138,41,5
82799,98139,297,1
82799,98283,84,25
82799,98560,15,1
82799,99206,71,2
82799,99207,71,2
82799,99780,72,4
82799,99781,15,1
82799,99781,0,8
82804,11090,15,2
82804,11090,70,1
82804,13564,70,1
82804,15068,70,1
82804,15332,15,2
82804,15573,0,2
82804,19119,2,1
82804,24866,29,6
82804,2540,19,1
82804,3005,4,3
82804,30136,70,2
82804,3020,19,1
82804,3021,70,2
82804,3062b,15,2
82804,3069b,19,2
82804,32952,71,1
82804,3666,2,1
82804,3710,0,1
82804,43722,70,1
82804,43723,70,1
82804,4588,72,1
82804,4599b,71,1
82804,53451,15,2
82804,54200,0,2
82804,59900,4,1
82804,64644,0,1
82804,85861,320,3
82804,85984,19,2
82804,88646,71,1
82804,98138pr0083,15,2
82804,99206,70,1
82804,99780,72,2
82830,10197,0,3
82830,10247,19,1
82830,11211,71,1
82830,11213,28,1
82830,11214,72,1
82830,11253,71,1
82830,11272,1103,1
82830,11476,0,1
82830,11476,15,1
82830,11477,70,2
82830,11477,15,2
82830,11477,0,1
82830,11609,297,3
82830,11833,47,2
82830,14718,19,3
82830,14719,0,8
82830,14769pr1054,70,1
82830,15070,3,1
82830,15070,14,1
82830,15462,70,1
82830,15470,297,2
82830,15535,71,2
82830,15535,28,1
82830,15573,322,1
82830,15573,297,2
82830,15573,28,1
82830,15573,0,1
82830,15573,15,8
82830,18575,19,2
82830,18651,0,1
82830,18674,85,1
82830,18674,15,1
82830,18677,4,2
82830,20310,297,2
82830,20310,70,10
82830,20482,15,1
82830,22484,72,1
82830,22961,4,3
82830,22961,15,4
82830,22961,308,2
82830,2357,19,10
82830,2357,0,2
82830,24122,72,1
82830,24122,28,1
82830,24246,0,3
82830,24246,15,2
82830,2431,70,1
82830,24316,70,2
82830,2431pr0077,15,2
82830,2458,4,4
82830,2476a,15,3
82830,24866,71,1
82830,25214,0,3
82830,25214,4,2
82830,25269,3,3
82830,25269,14,1
82830,25269,25,2
82830,26047,71,1
82830,26047,297,1
82830,26047,15,2
82830,26047,70,2
82830,26047,0,2
82830,26601,28,1
82830,26604,19,6
82830,27448,0,1
82830,27507,71,4
82830,2780,0,16
82830,27940,72,1
82830,2852,71,2
82830,3002,2,1
82830,3004,19,11
82830,3004,84,3
82830,3004,0,7
82830,3005,70,4
82830,3005,0,6
82830,3005,19,5
82830,3005,84,2
82830,3006,0,4
82830,3009,2,2
82830,3009,19,1
82830,3010,19,10
82830,3010,0,1
82830,3010,84,14
82830,30136,70,7
82830,30137,70,7
82830,3020,321,1
82830,3020,0,1
82830,3021,70,1
82830,3021,2,1
82830,3021,28,6
82830,3021,14,2
82830,3021,15,1
82830,3021,19,2
82830,3022,28,2
82830,3022,19,1
82830,3023,1,1
82830,3023,71,2
82830,3023,2,2
82830,3023,15,2
82830,3023,27,1
82830,3023,47,1
82830,3023,19,9
82830,3023,0,2
82830,3023,70,3
82830,3023,4,2
82830,3023,46,1
82830,3024,40,2
82830,3024,0,1
82830,3024,15,5
82830,3024,71,3
82830,3024,2,1
82830,3024,3,1
82830,3024,4,2
82830,3024,326,1
82830,3024,14,2
82830,3024,19,1
82830,3024,28,6
82830,3030,70,1
82830,3030,28,2
82830,3034,28,2
82830,3035,28,1
82830,3062b,4,2
82830,3062b,34,1
82830,3062b,14,2
82830,3062b,322,1
82830,3062b,71,1
82830,3062b,36,1
82830,3062b,25,1
82830,3068b,15,1
82830,3069b,322,2
82830,3069b,3,1
82830,3069b,2,2
82830,3069b,4,2
82830,3069b,40,1
82830,3070b,1,1
82830,3070b,4,1
82830,3070b,15,2
82830,32000,72,2
82830,32002,19,4
82830,32005a,0,1
82830,32013,308,1
82830,32028,28,13
82830,32028,71,1
82830,32034,4,2
82830,32054,297,10
82830,32062,4,8
82830,32064a,15,3
82830,32064a,2,4
82830,32064a,308,2
82830,32065,4,4
82830,32123b,14,4
82830,32123b,71,4
82830,32184,71,1
82830,32184,4,2
82830,32192,28,2
82830,32192,4,2
82830,32270,0,3
82830,32498,0,1
82830,32523,0,2
82830,32523,14,3
82830,32530,72,1
82830,32556,19,3
82830,32606,5,1
82830,32828,0,2
82830,32828,70,1
82830,32952,19,1
82830,33320,2,3
82830,33909,72,2
82830,34076,71,1
82830,34103,15,5
82830,34103,2,2
82830,34103,70,4
82830,3460,15,1
82830,3460,19,3
82830,35442,2,3
82830,35442,0,2
82830,35443,2,3
82830,35446,2,2
82830,35480,0,3
82830,35480,72,2
82830,3622,84,5
82830,3622,19,5
82830,3622,2,1
82830,3623,71,13
82830,3623,15,3
82830,3623,19,1
82830,3623,2,3
82830,3623,28,13
82830,3633,297,1
82830,3648b,72,5
82830,3659,70,2
82830,3660,70,2
82830,3665,19,2
82830,3666,72,1
82830,3666,71,6
82830,36756pr0001,28,1
82830,3676,72,2
82830,3679,71,1
82830,3680,0,1
82830,3700,15,2
82830,3700,71,1
82830,3701,19,8
82830,3705,4,6
82830,3706,0,1
82830,3707,4,1
82830,3709,0,2
82830,3710,484,4
82830,3710,28,3
82830,3710,4,1
82830,3710,72,1
82830,3713,71,1
82830,3749,19,6
82830,37762,15,1
82830,37775,182,1
82830,3795,71,2
82830,3795,70,1
82830,3830,0,1
82830,3830,84,4
82830,3831,84,4
82830,3831,0,1
82830,3832,71,6
82830,3895,0,8
82830,3937,71,1
82830,3937,70,1
82830,3937,0,1
82830,3941,15,2
82830,3942c,2,3
82830,39739,29,1
82830,39739,297,1
82830,39789,4,1
82830,4032a,19,3
82830,4032a,3,1
82830,4032a,85,1
82830,4032a,70,8
82830,40490,71,10
82830,4070,14,1
82830,4081b,0,3
82830,4081b,15,2
82830,4081b,71,1
82830,41740,19,1
82830,4185,297,3
82830,42195,288,1
82830,4274,71,1
82830,43093,1,8
82830,43722,28,2
82830,43723,28,2
82830,44567b,19,3
82830,4460b,15,2
82830,4460b,84,8
82830,44728,70,1
82830,4477,28,13
82830,4490,29,1
82830,4519,14,8
82830,4519,71,1
82830,4528,297,1
82830,4595,71,1
82830,47458,71,1
82830,4865b,19,1
82830,48729b,25,1
82830,49668,19,6
82830,52107,15,1
82830,54200,0,2
82830,54383,28,1
82830,54383,71,2
82830,54384,28,1
82830,54384,71,2
82830,55013,72,1
82830,57520,0,2
82830,59349pr0003,15,1
82830,59426,72,2
82830,59443,70,15
82830,59895,0,2
82830,59900,182,2
82830,59900,2,1
82830,60212,0,1
82830,60475b,19,2
82830,60479,28,2
82830,60479,71,2
82830,60481,72,2
82830,60592,0,1
82830,60592,19,3
82830,60594,19,4
82830,6111,19,3
82830,6111,0,2
82830,6134,0,1
82830,6134,71,1
82830,6134,70,1
82830,61408,0,1
82830,6141,46,16
82830,6141,297,4
82830,6141,70,4
82830,6141,19,2
82830,6141,322,2
82830,61485,0,1
82830,6190,4,1
82830,61903,71,1
82830,62462,4,1
82830,6266,0,2
82830,63864,4,1
82830,63864,0,2
82830,63868,15,2
82830,64644,297,2
82830,6536,0,2
82830,6541,2,3
82830,6541,19,8
82830,6575,0,2
82830,6585,0,1
82830,6589,19,2
82830,6636,0,3
82830,66906,0,1
82830,75937,0,1
82830,85545,1,1
82830,85861,4,3
82830,85861,297,1
82830,85861,15,7
82830,85984,2,2
82830,85984,71,1
82830,85984,19,1
82830,87083,72,2
82830,87580,3,1
82830,87580,70,1
82830,87580,321,1
82830,87580,2,1
82830,88323,72,15
82830,92947,297,1
82830,92947,70,2
82830,92950,72,1
82830,93273,15,2
82830,96874,3,1
82830,98138,36,8
82830,98138,71,1
82830,98138,14,2
82830,98138,72,6
82830,98138pr0008,15,3
82830,98138pr0026,15,2
82830,98138pr0027,15,2
82830,98283,72,4
82830,99563,70,2
82830,99780,2,2
82830,99781,71,1
82878,3626cpr0892,14,1
82878,3678bpr0003,15,1
82878,59363,70,1
82878,973c27h01pr1443,15,1
82879,3626bpr0996,14,1
82879,46303,321,1
82879,970c22,4,1
82879,973c06h12pr1772,10,1
82880,3626cpr1147,14,1
82880,92081,0,1
82880,970c03,0,1
82880,973c03h01,0,1
82881,3626cpr1436,14,1
82881,3901,0,1
82881,970c22,4,1
82881,973c27h01pr3491,15,1
82882,3626cpr9950,14,1
82882,41879a,320,1
82882,87991,19,1
82882,973c28h01pr3018,1,1
82883,3626cpr1614,14,1
82883,95225,84,1
82883,970c27,15,1
82883,973c27h01pr0020,15,1
83123,15573,5,1
83123,18674,15,1
83123,24183pr0001,19,1
83123,3002,15,1
83123,30237b,15,1
83123,3040b,2,4
83123,32474,15,1
83123,3298,15,2
83123,3941,70,1
83123,4495b,5,1
83123,4740,2,1
83123,4865b,321,2
83123,59900,2,1
83123,60474,15,1
83123,60478,84,1
83123,63965,15,1
83128,30000,71,5
83128,3007,14,2
83128,32001,0,2
83128,32013,71,1
83128,32034,15,1
83128,32209,72,2
83128,3700,1,1
83128,3706,0,1
83128,3708,0,2
83128,3713,71,4
83128,3749,19,3
83128,3895,4,6
83128,4287b,15,1
83128,54821,4,6
83128,55981,14,1
83128,56823c200,0,1
83128,92402,0,1
83150,11477,2,1
83150,15672,19,1
83150,15712,15,2
83150,24201,19,4
83150,2540,2,8
83150,2780,0,4
83150,28192,72,4
83150,3002,19,1
83150,3020,2,1
83150,3022,2,1
83150,3023,19,4
83150,3023,2,1
83150,3024,19,1
83150,3623,2,4
83150,3700,19,2
83150,3710,19,1
83150,3795,19,1
83150,4081b,72,1
83150,41682,19,3
83150,44676,72,6
83150,54200,15,4
83150,54200,72,1
83150,63868,72,2
83150,6541,2,6
83197,3626cpr2523,14,1
83197,970c05,272,1
83197,973c04h01pr4059,28,1
83197,98385,70,1
83198,3626cpr1675,14,1
83198,37822,28,1
83198,88283,484,1
83198,970c26,19,1
83198,973c09h01pr4788,85,1
83212,10201,71,1
83212,2412b,72,2
83212,2420,71,2
83212,3010,4,1
83212,3020,4,1
83212,3020,71,1
83212,3021,15,2
83212,3021,4,2
83212,3021,71,1
83212,3022,0,1
83212,3024,47,2
83212,3065,47,2
83212,3795,0,2
83212,4081b,72,2
83212,4600,71,2
83212,4624,71,4
83212,54200,15,2
83212,6141,72,2
83212,87414,0,4
83220,10197,0,2
83220,11090,14,4
83220,11476,78,24
83220,11476,14,4
83220,13564,70,4
83220,14769,14,6
83220,15068,378,3
83220,15362,378,4
83220,15469,26,16
83220,15573,288,6
83220,15712,70,4
83220,15712,378,32
83220,18674,85,1
83220,20482,297,4
83220,23443,0,8
83220,24855,70,18
83220,24866,31,55
83220,24866,2,2
83220,24866,15,3
83220,2540,25,4
83220,2566,19,6
83220,2817,0,3
83220,3021,288,3
83220,3022,27,6
83220,3022,14,1
83220,3034,288,3
83220,30367c,26,16
83220,30374,70,12
83220,3062b,0,4
83220,3062b,27,8
83220,3069b,78,12
83220,32016,288,7
83220,32039,72,4
83220,32054,0,6
83220,32062,4,57
83220,32607,297,9
83220,32607,30,34
83220,32803,288,3
83220,33183,70,2
83220,35480,15,48
83220,39262,297,9
83220,3941,2,4
83220,4032a,2,3
83220,4032a,288,2
83220,42195,288,65
83220,4519,71,5
83220,45301,378,3
83220,4733,15,3
83220,4733,27,3
83220,47458,19,12
83220,48336,2,3
83220,49668,158,8
83220,49668,15,12
83220,50450,378,10
83220,50950,25,4
83220,59443,27,2
83220,59900,29,16
83220,59900,378,2
83220,60470b,2,3
83220,60478,0,4
83220,6064,288,4
83220,61252,85,20
83220,63965,70,6
83220,64225,25,2
83220,64225,378,3
83220,67329,14,2
83220,67811,288,7
83220,68013,0,2
83220,75937,378,7
83220,85861,288,6
83220,87580,19,3
83220,90202,0,6
83220,90397,378,3
83220,93604,78,12
83220,93604,25,4
83220,96874,3,1
83220,98088pat0005,288,3
83220,98100,5,16
83220,98284,378,4
83220,98835,78,12
83220,99207,19,12
83224,11213,28,1
83224,11214,72,6
83224,11476,70,7
83224,11477,308,8
83224,13564,70,1
83224,15068,70,6
83224,15068,0,24
83224,15207,70,6
83224,15573,70,28
83224,18654,3,4
83224,2417,10,10
83224,2420,70,2
83224,2423,15,40
83224,2445,0,4
83224,2450,70,2
83224,2456,70,2
83224,2476a,0,4
83224,24866,2,10
83224,26047,2,10
83224,27263,15,4
83224,27965,70,2
83224,30028,0,4
83224,3004,70,2
83224,3005,71,4
83224,3008,70,6
83224,30099,70,2
83224,30137,70,4
83224,30166,70,2
83224,3021,0,2
83224,3023,70,16
83224,3023,15,1
83224,3023,308,7
83224,30357,70,4
83224,3036,28,2
83224,30414,70,4
83224,30414,71,10
83224,30503,70,4
83224,32062,4,4
83224,32064a,308,3
83224,32606,5,40
83224,32607,2,33
83224,32828,0,2
83224,33320,29,100
83224,33320,70,1
83224,3460,308,14
83224,35044,70,2
83224,35480,2,20
83224,3623,71,4
83224,3660,70,4
83224,3666,70,1
83224,3700,70,12
83224,37352,72,1
83224,3795,308,2
83224,3832,70,6
83224,4032a,10,3
83224,4032a,308,15
83224,41682,70,2
83224,41769,70,1
83224,41770,70,1
83224,43892,308,2
83224,44728,70,7
83224,4477,72,4
83224,4477,70,4
83224,60477,308,4
83224,60478,0,4
83224,6141,15,8
83224,61485,15,1
83224,63864,70,4
83224,63868,308,6
83224,65473,70,4
83224,6636,70,30
83224,66956,308,2
83224,73983,70,5
83224,87079,0,12
83224,87087,70,1
83224,87609,72,6
83224,88072,70,9
83224,88292,70,2
83224,92280,84,4
83224,93606,308,1
83224,96874,3,1
83224,98138,84,50
83224,98138,28,50
83224,98138,326,50
83224,98138,78,50
83224,98313,70,9
83224,98397,70,10
83224,99206,70,1
83224,99206,71,2
83224,99207,0,1
83224,99563,70,7
83224,99781,3,1
83233,36752a,308,1
83233,69947pr0001,484,1
83233,88646,0,1
83234,53119,15,1
83234,69945pr0001,25,1
83234,85861,15,1
83234,88646,0,1
83234,95228pr0005,34,1
83235,32607,10,1
83235,88646,0,1
83235,98138pr9989,4,1
83237,88646,0,1
83237,93160,3,1
83238,33051,4,1
83238,4499,70,1
83238,88646,0,1
83239,3068bpr9883,28,1
83239,3899,179,1
83239,65578,71,1
83239,88646,0,1
83241,69944pr0001,84,1
83241,75902pr9999,297,1
83241,88646,0,1
83242,30170,28,1
83242,30171,70,1
83242,88646,0,1
83243,30166pr0002,15,1
83243,58176,33,1
83243,61482,0,1
83243,64567,0,1
83243,88646,0,1
83243,95199,0,1
83244,11127,41,1
83244,88646,0,1
83244,92585,1103,1
83245,11090,0,1
83245,85861,0,1
83245,87994,0,1
83245,88646,0,1
83245,90370pr0007,0,1
83343,13787pr0002,14,1
83343,3626cpr0001,14,1
83343,970c22,4,1
83343,973c06h01pr5181,10,1
83419,2540,72,2
83419,3020,4,4
83419,3021,72,1
83419,3023,320,4
83419,3024,4,4
83419,3039,320,2
83419,3040b,320,4
83419,3794b,4,4
83419,47905,19,4
83419,49668,19,8
83419,54200,4,2
83419,6091,4,4
83419,61252,72,2
83419,6141,42,1
83419,73983,4,1
83471,26603,71,2
83471,3023,4,2
83471,30374,0,1
83471,3068b,0,4
83471,3710,0,6
83471,43722,0,2
83471,43723,0,2
83471,43898,71,2
83471,4595,71,4
83471,4740,47,1
83471,54383,0,2
83471,54384,0,2
83471,60470b,71,4
83471,60478,71,8
83606,3003mib,4,4
83606,3003mib,1,5
83606,3003mib,14,8
83606,3007mib,4,1
83606,3007mib,14,1
83606,3007mib,1,1
83606,carbasemi,14,1
83606,dupupn0047c95,15,1
83606,m3001,1,19
83606,m3001,14,14
83606,m3001,4,14
83606,upn0322b,4,2
83623,11833,27,1
83623,2456,322,1
83623,24866,4,2
83623,24866,5,2
83623,27448,15,2
83623,28318pr0002,15,1
83623,30367c,27,1
83623,32607,10,4
83623,35442,322,1
83623,35443,322,1
83623,3941,3,1
83623,49576pr0001,158,1
83624,19729pr0013,0,1
83624,23769,0,2
83624,60115,0,1
83624,93061,0,2
83642,15675,226,1
83642,18853,29,1
83642,18853,191,1
83642,59794c01pr0001,30,1
83642,92198pr0229,78,1
83642,92456c01pr0379,78,1
83643,25269,212,8
83643,25269,323,4
83643,25269,26,8
83643,3070bpr0239,272,4
83643,67196,30,1
83643,67196,3,1
83643,72046pat0001,31,4
83643,72078pat0001,272,4
83644,25269,321,4
83644,25269,14,4
83644,25269,226,4
83644,3070bpr0253,29,3
83644,3070bpr0254,323,6
83644,3070bpr0255,323,3
83644,67196,323,1
83644,67196,322,1
83644,98138,1,4
83644,98138,4,4
83647,35660pat0002,272,1
83647,3626cpr2141,14,1
83647,970c11,28,1
83647,973c28h01pr2500,1,1
83648,3626cpr3025,14,1
83648,39796,71,1
83648,41805,41,1
83648,93560,15,1
83648,970c05,272,1
83648,973c38h03pr5391,191,1
83650,11208,71,4
83650,11209,0,4
83650,11211,15,1
83650,11458,3,4
83650,11477,71,2
83650,11477,15,3
83650,15068,19,2
83650,15068,15,2
83650,15070,71,4
83650,15573,19,4
83650,15573,15,1
83650,15712,71,4
83650,18892,0,2
83650,2357,15,2
83650,2420,15,1
83650,2420,0,2
83650,2431,15,4
83650,2437,41,1
83650,25269,3,2
83650,3005,3,1
83650,3020,0,3
83650,3020,322,1
83650,3021,29,1
83650,3022,15,2
83650,3022,3,1
83650,3022,29,1
83650,3023,71,5
83650,3023,3,3
83650,3024,3,4
83650,3024,15,2
83650,3035,0,1
83650,3068b,3,2
83650,3069b,3,4
83650,3069b,0,1
83650,3176,3,1
83650,32828,71,3
83650,33909,15,2
83650,35480,71,4
83650,35789,3,4
83650,3623,0,4
83650,3623,15,2
83650,36840,71,2
83650,3710,29,3
83650,3829c01,15,1
83650,4070,0,1
83650,4274,71,6
83650,4282,72,1
83650,45677,3,1
83650,49307,3,8
83650,60478,3,2
83650,6141,182,2
83650,6141,36,4
83650,6141,47,2
83650,6141,0,7
83650,62361,71,1
83650,62462,3,2
83650,6541,71,2
83650,77269,9999,1
83650,85984,3,10
83650,87087,3,2
83650,87544,3,2
83650,90397,15,2
83650,91988,19,1
83650,93273,71,1
83650,93555,179,1
83650,98138,71,2
83650,99206,15,2
83650,99207,19,2
83650,99780,72,2
83650,99781,71,7
83656,11303,4,1
83656,3626cpr1664,14,1
83656,38781,25,1
83656,970c28,1,1
83656,973c22h01pr5382,4,1
83694,35701,484,1
83694,3626cpr1967,14,1
83694,41879a,1,1
83694,973c27h01pr4202,15,1
83695,3626cpr2594,14,1
83695,61183,70,1
83695,970c31,2,1
83695,973c22h01pr5399,4,1
83696,3626cpr1614,14,1
83696,87990,70,1
83696,970c32,73,1
83696,973c03h01pr4813,0,1
83697,11303,272,1
83697,3626cpr2399,14,1
83697,970c05,272,1
83697,973c10h12pr5076,320,1
83703,3626cpr3126,78,1
83703,49556pr0001,272,1
83703,970c05,272,1
83703,973c05h22pr5400,272,1
83704,30982,179,1
83704,3626cpr2321,78,1
83704,970c75,1103,1
83704,973c30h03pr5052,1103,1
83706,3626cpr3352,0,1
83706,74528,320,1
83706,970c12pat03,72,1
83706,973c10h03pr5401,320,1
83707,11090,72,4
83707,21268,70,1
83707,3626cpr3367,78,1
83707,36452,0,1
83707,48729b,71,4
83707,65578,71,28
83707,85861,71,28
83707,970c35,288,1
83707,973c35h12pr5422,288,1
83708,3626cpr3359,4,1
83708,970c28,1,1
83708,973c28h22pr5414,4,1
83709,3626cpr2773,15,1
83709,74528,15,1
83709,970c03,0,1
83709,973c27h27pr4542,15,1
83710,3626c,71,1
83710,37046,26,1
83710,51283,1053,1
83710,65227pat0002,10,1
83710,970c31,2,1
83710,973c31h21pr5064,2,1
83711,28376pat0002,19,1
83711,3626cpr1149,78,1
83711,62810,70,1
83711,973d14pr5441,2,1
83713,18395,4,4
83713,3626cpr2811,4,1
83713,36452,0,1
83713,970c22pr1643,4,1
83713,973c22h22pr4588,4,1
83713,98313,320,4
83714,26990c01pr0004,179,1
83714,970c03,0,1
83714,973c03h03pr5407,0,1
83716,3626cpr2793,14,1
83716,41805,41,1
83716,93560,15,1
83716,970c38pr1598,191,1
83716,973c38h12pr4505,191,1
83717,3626cpr0920,14,1
83717,3833,4,1
83717,970c05,272,1
83717,973c32h01pr2998,25,1
83718,2446,15,1
83718,2447,40,1
83718,3626cpr3119,14,1
83718,970c03pr0408,0,1
83718,973c03h12pr3205,0,1
83719,3626cpr2972,14,1
83719,53117pat0002,15,1
83719,970c03pr0408,0,1
83719,973c03h12pr2188,0,1
83720,3626cpr0754,14,1
83720,3834,15,1
83720,970c03pr0408,0,1
83720,973c03h12pr3205,0,1
83721,2447,40,1
83721,3626cpr1826,14,1
83721,69971pr0001,15,1
83721,970c03pr0408,0,1
83721,973c03h12pr5419,0,1
83723,2447,40,1
83723,3626cpr3376,14,1
83723,3834,15,1
83723,3838a,1,1
83723,6158,72,1
83723,970c11pr1609,28,1
83723,973c11h05pr4522,28,1
83724,3626cpr1771,14,1
83724,87990,70,1
83724,970c14,71,1
83724,973c27h01pr3403,15,1
83725,2447,40,1
83725,3626cpr1675,14,1
83725,69971pr0001,15,1
83725,970c03pr0408,0,1
83725,973c03h12pr5419,0,1
83726,2447,40,1
83726,3626cpr1662,14,1
83726,69971pr0001,15,1
83726,970c03pr0408,0,1
83726,973c03h12pr5419,0,1
83736,3626cpr1147,14,1
83736,87991,19,1
83736,970c27,15,1
83736,973c10h01pr4289,320,1
83738,3626cpr0645,14,1
83738,62810,484,1
83738,970c03,0,1
83738,973c01h01pr3080,14,1
83739,3626cpr2951,14,1
83739,62711,308,1
83739,970c24,379,1
83739,973c23h01pr4288,84,1
83740,2446,0,1
83740,3626cpr3026,14,1
83740,46304,15,1
83740,970c12,72,1
83740,973c04h01pr5378,15,1
83742,2446,0,1
83742,2447,40,1
83742,3626cpr2970,14,1
83742,970c03,0,1
83742,973c05h12pr4816,272,1
83743,30170,72,1
83743,30171,1103,1
83743,3626cpr3184,14,1
83743,970c03,0,1
83743,973c03h03pr2503,0,1
83744,35660pat0002,272,1
83744,3626cpr1771,14,1
83744,970c05,272,1
83744,973c29h01pr3699,212,1
83745,27186,308,1
83745,3626cpr3360,14,1
83745,38781,25,1
83745,970c03,0,1
83745,973c27h01pr5417,15,1
83746,11303,272,1
83746,3626cpr2463,14,1
83746,38781,25,1
83746,970c05,272,1
83746,973c29h01pr3627,212,1
83747,2446,4,1
83747,30090,41,1
83747,3626cpr3064,14,1
83747,3838a,0,1
83747,970c75,1103,1
83747,973c22h10pr5416,1103,1
83748,2446,15,1
83748,30090,41,1
83748,3626cpr1147,14,1
83748,3838a,15,1
83748,970c05,272,1
83748,973c05h03pr5418,272,1
83749,3626cpr1628,14,1
83749,87990,484,1
83749,970c10,320,1
83749,973c27h01pr4565,15,1
83750,3626c,0,1
83750,65384,72,1
83750,87610pr2262,179,1
83750,970c07pr2039,308,1
83750,973c07h03pr5496,308,1
83751,16957,0,1
83751,970c03pr2009,0,1
83751,973c03h03pr5428,0,1
83752,3626cpr0937,78,1
83752,87556pr0006,0,1
83752,970c03pr0583,0,1
83752,973c03h03pr3573,0,1
83753,3626cpr1709,78,1
83753,42861pat0001pr0002,15,1
83753,970c27pr0719,0,1
83753,973c27h03pr2767,15,1
83754,21269,15,1
83754,3626cpr3370,78,1
83754,970c26pr2012,19,1
83754,973c26h02pr5437,19,1
83756,11476,71,2
83756,11477,4,2
83756,15068,84,6
83756,2397,0,1
83756,2412b,4,2
83756,2420,4,2
83756,2431,4,3
83756,25375,297,2
83756,26047,0,6
83756,2877,4,3
83756,3004,4,2
83756,3004,0,4
83756,30145,4,4
83756,3021,0,3
83756,3022,0,2
83756,3022,4,2
83756,3023,4,8
83756,3023,0,4
83756,3062b,47,2
83756,3068b,4,1
83756,3245c,4,2
83756,32803,71,1
83756,32932,0,10
83756,3660,0,6
83756,3666,0,1
83756,3710,4,10
83756,37352,4,4
83756,37776,297,2
83756,3795,0,1
83756,3795,4,1
83756,41948,84,2
83756,4477,4,2
83756,4488,71,2
83756,4489b,70,2
83756,47456,4,4
83756,51270,4,2
83756,52031,4,1
83756,61252,4,6
83756,6141,297,14
83756,62361,71,2
83756,64644,297,6
83756,6636,84,8
83756,85984,4,7
83756,87552,47,2
83756,88292,4,4
83756,91988,4,1
83758,30370pr0011,15,1
83758,3626cpr2782,78,1
83758,970c34pr2013,71,1
83758,973c34h03pr5436,25,1
83777,15573,15,6
83777,3020,15,6
83777,3022,15,30
83777,3023,47,24
83777,3660,15,12
83777,48336,15,6
83777,4871,15,6
83777,60470b,15,6
83777,74698,0,1
83805,35620,70,1
83805,92198pr0246,92,1
83805,92456c03pr0390,92,1
83805,92820c01pr0153,226,1
83806,13548,71,1
83806,15573,0,1
83806,2423,27,1
83806,24866,10,2
83806,24866,1050,1
83806,24866,323,2
83806,25269,322,1
83806,25269pr0002,2,1
83806,27925,322,1
83806,30089b,0,1
83806,30136,28,1
83806,3023,322,1
83806,32530,14,1
83806,32607,14,1
83806,33183,10,1
83806,33320,29,1
83806,35620,70,1
83806,3626cpr3413,10,1
83806,3666,29,1
83806,54200,72,1
83806,59900,70,3
83806,6141,15,1
83806,64454,1050,1
83806,64462pr0001,1050,1
83806,64570,27,2
83806,66906,0,2
83806,67430pr0003,5,1
83806,74996,5,1
83806,77533,29,1
83806,87994,0,1
83806,98138,47,1
83807,13548,71,1
83807,15573,0,1
83807,2423,27,1
83807,24866,1050,1
83807,24866,10,2
83807,24866,323,2
83807,25269,322,1
83807,25269pr0002,2,1
83807,27925,322,1
83807,30089b,0,1
83807,30136,28,1
83807,3023,322,1
83807,32530,14,1
83807,32607,14,1
83807,33183,10,1
83807,33320,29,1
83807,35620,70,1
83807,3626cpr3413,10,1
83807,3666,29,1
83807,54200,72,1
83807,59900,70,3
83807,6141,15,1
83807,64454,1050,1
83807,64462pr0001,1050,1
83807,64570,27,2
83807,66906,0,2
83807,67430pr0003,3,1
83807,74996,5,1
83807,77533,29,1
83807,87994,0,1
83807,98138,47,1
83808,13548,71,1
83808,15573,0,1
83808,2423,27,1
83808,24866,10,2
83808,24866,323,2
83808,24866,1050,1
83808,25269,322,1
83808,25269pr0002,2,1
83808,27925,322,1
83808,30089b,0,1
83808,30136,28,1
83808,3023,322,1
83808,32530,14,1
83808,32607,14,1
83808,33183,10,1
83808,33320,29,1
83808,35620,70,1
83808,3626cpr3413,10,1
83808,3666,29,1
83808,54200,72,1
83808,59900,70,3
83808,6141,15,1
83808,64454,1050,1
83808,64462pr0001,1050,1
83808,64570,27,2
83808,66906,0,2
83808,67430pr0003,30,1
83808,74996,5,1
83808,77533,29,1
83808,87994,0,1
83808,98138,47,1
83809,13548,71,1
83809,15573,0,1
83809,2423,27,1
83809,24866,323,2
83809,24866,10,2
83809,24866,1050,1
83809,25269,322,1
83809,25269pr0002,2,1
83809,27925,322,1
83809,30089b,0,1
83809,30136,28,1
83809,3023,322,1
83809,32530,14,1
83809,32607,14,1
83809,33183,10,1
83809,33320,29,1
83809,3626cpr3413,10,1
83809,3666,29,1
83809,54200,72,1
83809,59900,70,3
83809,6141,15,1
83809,64454,1050,1
83809,64462pr0001,1050,1
83809,64570,27,2
83809,66906,0,2
83809,67430pr0003,9999,1
83809,72763,9999,1
83809,74996,5,1
83809,77533,29,1
83809,87994,0,1
83809,98138,47,1
83812,92198pr0247,78,1
83812,92258,0,1
83812,92456c01pr0391,78,1
83812,92818c01pr0200,5,1
83813,11090,15,1
83813,11609,297,1
83813,15573,10,1
83813,15573,5,1
83813,15712,71,1
83813,20482,15,1
83813,20482,29,2
83813,24131,297,1
83813,24866,10,1
83813,24866,4,2
83813,3005,70,1
83813,30089b,0,1
83813,30136,84,1
83813,3023,226,1
83813,30374,15,1
83813,3040b,70,1
83813,32607,27,2
83813,32607,10,2
83813,35692,33,1
83813,36841,484,1
83813,54200,70,1
83813,64454,15,1
83813,64462pr0002,15,1
83813,64570,27,2
83813,69901pr0004,5,1
83813,74998,15,1
83813,77535,30,1
83813,87580,29,1
83813,88292,70,1
83813,93160,15,1
83813,98138,47,1
83814,11090,15,1
83814,11609,297,1
83814,15573,5,1
83814,15573,10,1
83814,15712,71,1
83814,20482,29,2
83814,20482,15,1
83814,24131,297,1
83814,24866,4,2
83814,24866,10,1
83814,3005,70,1
83814,30089b,0,1
83814,30136,84,1
83814,3023,226,1
83814,30374,15,1
83814,3040b,70,1
83814,32607,10,2
83814,32607,27,2
83814,35692,33,1
83814,36841,484,1
83814,54200,70,1
83814,64454,15,1
83814,64462pr0002,15,1
83814,64570,27,2
83814,69901pr0005,3,1
83814,74998,15,1
83814,77535,30,1
83814,87580,29,1
83814,88292,70,1
83814,93160,15,1
83814,98138,47,1
83815,11090,15,1
83815,11609,297,1
83815,15573,10,1
83815,15573,5,1
83815,15712,71,1
83815,20482,15,1
83815,20482,29,2
83815,24131,297,1
83815,24866,4,2
83815,24866,10,1
83815,3005,70,1
83815,30089b,0,1
83815,30136,84,1
83815,3023,226,1
83815,30374,15,1
83815,3040b,70,1
83815,32607,27,2
83815,32607,10,2
83815,35692,33,1
83815,36841,484,1
83815,54200,70,1
83815,64454,15,1
83815,64462pr0002,15,1
83815,64570,27,2
83815,69901pr0006,30,1
83815,74998,15,1
83815,77535,30,1
83815,87580,29,1
83815,88292,70,1
83815,93160,15,1
83815,98138,47,1
83816,11090,15,1
83816,11609,297,1
83816,15573,5,1
83816,15573,10,1
83816,15712,71,1
83816,20482,29,2
83816,20482,15,1
83816,24131,297,1
83816,24866,4,2
83816,24866,10,1
83816,3005,70,1
83816,30089b,0,1
83816,30136,84,1
83816,3023,226,1
83816,30374,15,1
83816,3040b,70,1
83816,32607,27,2
83816,32607,10,2
83816,35692,33,1
83816,36841,484,1
83816,54200,70,1
83816,64454,15,1
83816,64462pr0002,15,1
83816,64570,27,2
83816,69901pr0006,9999,1
83816,72764,9999,1
83816,74998,15,1
83816,77535,30,1
83816,87580,29,1
83816,88292,70,1
83816,93160,15,1
83816,98138,47,1
83818,11403c01pr0106,85,1
83818,92198pr0125,78,1
83818,92257,4,1
83818,92456c01pr0392,78,1
83820,15068,191,6
83820,15395,322,1
83820,15712,15,2
83820,18674,5,1
83820,18674,322,1
83820,24111pr0003,5,1
83820,3022,191,2
83820,3023,191,2
83820,3069b,15,1
83820,3069b,5,1
83820,3245c,19,1
83820,34103,15,1
83820,3837,72,1
83820,3852b,322,1
83820,4536,29,1
83820,53119,70,1
83820,64454,226,1
83820,64462pr0003,226,1
83820,64570,29,2
83820,69906,191,2
83820,92410,15,1
83820,93160,3,1
83820,95343,71,1
83820,98138,1053,1
83820,98138pr0056,84,1
83821,15068,191,6
83821,15395,322,1
83821,15712,15,2
83821,18674,322,1
83821,18674,5,1
83821,24111pr0003,3,1
83821,3022,191,2
83821,3023,191,2
83821,3069b,5,1
83821,3069b,15,1
83821,3245c,19,1
83821,34103,15,1
83821,3837,72,1
83821,3852b,322,1
83821,4536,29,1
83821,53119,70,1
83821,64454,226,1
83821,64462pr0003,226,1
83821,64570,29,2
83821,69906,191,2
83821,92410,15,1
83821,93160,3,1
83821,95343,71,1
83821,98138,1053,1
83821,98138pr0056,84,1
83822,15068,191,6
83822,15395,322,1
83822,15712,15,2
83822,18674,5,1
83822,18674,322,1
83822,24111pr0003,30,1
83822,3022,191,2
83822,3023,191,2
83822,3069b,5,1
83822,3069b,15,1
83822,3245c,19,1
83822,34103,15,1
83822,3837,72,1
83822,3852b,322,1
83822,4536,29,1
83822,53119,70,1
83822,64454,226,1
83822,64462pr0003,226,1
83822,64570,29,2
83822,69906,191,2
83822,92410,15,1
83822,93160,3,1
83822,95343,71,1
83822,98138,1053,1
83822,98138pr0056,84,1
83823,15068,191,6
83823,15395,322,1
83823,15712,15,2
83823,18674,5,1
83823,18674,322,1
83823,24111pr0003,9999,1
83823,3022,191,2
83823,3023,191,2
83823,3069b,5,1
83823,3069b,15,1
83823,3245c,19,1
83823,34103,15,1
83823,3837,72,1
83823,3852b,322,1
83823,4536,29,1
83823,53119,70,1
83823,64454,226,1
83823,64462pr0003,226,1
83823,64570,29,2
83823,69906,191,2
83823,72765,9999,1
83823,92410,15,1
83823,93160,3,1
83823,95343,71,1
83823,98138,1053,1
83823,98138pr0056,84,1
83825,69903,85,1
83825,92198pr0127,78,1
83825,92255,226,1
83825,92456c01pr0393,78,1
83825,92818c01pr0148,272,1
83830,15068,29,2
83830,15279,10,1
83830,15672,70,1
83830,18674,15,1
83830,18674,5,1
83830,24866,191,1
83830,24866,10,1
83830,24866,5,1
83830,3022,29,2
83830,3023,29,4
83830,3024,70,1
83830,32607,27,1
83830,32607,10,1
83830,3623,15,1
83830,41835pr0001,321,1
83830,6091,84,1
83830,6141,19,8
83830,64454,29,1
83830,64462pr0004,29,1
83830,64570,27,2
83830,69902pr0002,5,1
83830,69906,29,2
83830,72766,9999,1
83830,87693,15,1
83830,88292,84,1
83830,93606,29,2
83831,15068,29,2
83831,15279,10,1
83831,15672,70,1
83831,18674,5,1
83831,18674,15,1
83831,24866,10,1
83831,24866,5,1
83831,24866,191,1
83831,3022,29,2
83831,3023,29,4
83831,3024,70,1
83831,32607,10,1
83831,32607,27,1
83831,3623,15,1
83831,41835pr0001,321,1
83831,6091,84,1
83831,6141,19,8
83831,64454,29,1
83831,64462pr0004,29,1
83831,64570,27,2
83831,69902pr0002,3,1
83831,69906,29,2
83831,72766,9999,1
83831,87693,15,1
83831,88292,84,1
83831,93606,29,2
83832,15068,29,2
83832,15279,10,1
83832,15672,70,1
83832,18674,5,1
83832,18674,15,1
83832,24866,191,1
83832,24866,5,1
83832,24866,10,1
83832,3022,29,2
83832,3023,29,4
83832,3024,70,1
83832,32607,10,1
83832,32607,27,1
83832,3623,15,1
83832,41835pr0001,321,1
83832,6091,84,1
83832,6141,19,8
83832,64454,29,1
83832,64462pr0004,29,1
83832,64570,27,2
83832,69902pr0002,30,1
83832,69906,29,2
83832,72766,9999,1
83832,87693,15,1
83832,88292,84,1
83832,93606,29,2
83833,15068,29,2
83833,15279,10,1
83833,15672,70,1
83833,18674,15,1
83833,18674,5,1
83833,24866,10,1
83833,24866,5,1
83833,24866,191,1
83833,3022,29,2
83833,3023,29,4
83833,3024,70,1
83833,32607,10,1
83833,32607,27,1
83833,3623,15,1
83833,41835pr0001,321,1
83833,6091,84,1
83833,6141,19,8
83833,64454,29,1
83833,64462pr0004,29,1
83833,64570,27,2
83833,69902pr0002,9999,1
83833,69906,29,2
83833,72766,9999,1
83833,87693,15,1
83833,88292,84,1
83833,93606,29,2
83834,35182,308,1
83834,92198pr0134,84,1
83834,92456c02pr0394,84,1
83834,92820c01pr0179,15,1
83835,13965,308,1
83835,15573,19,2
83835,18855,323,1
83835,20952,4,1
83835,24866,10,1
83835,24866,191,2
83835,3005,323,2
83835,3023,29,1
83835,3040b,308,1
83835,3069b,29,1
83835,32530,72,2
83835,32607,25,2
83835,32607,14,1
83835,33172,25,1
83835,34050pr0003,5,1
83835,3795,73,1
83835,54200,308,1
83835,54200,29,4
83835,59900,19,1
83835,6182,226,1
83835,64454,73,1
83835,64462pr0005,73,1
83835,64570,27,2
83835,66906,0,4
83835,74997,73,2
83835,87580,29,1
83835,93092,5,1
83836,13965,308,1
83836,15573,19,2
83836,18855,323,1
83836,20952,4,1
83836,24866,191,2
83836,24866,10,1
83836,3005,323,2
83836,3023,29,1
83836,3040b,308,1
83836,3069b,29,1
83836,32530,72,2
83836,32607,14,1
83836,32607,25,2
83836,33172,25,1
83836,34050pr0003,3,1
83836,3795,73,1
83836,54200,29,4
83836,54200,308,1
83836,59900,19,1
83836,6182,226,1
83836,64454,73,1
83836,64462pr0005,73,1
83836,64570,27,2
83836,66906,0,4
83836,74997,73,2
83836,87580,29,1
83836,93092,5,1
83837,13965,308,1
83837,15573,19,2
83837,18855,323,1
83837,20952,4,1
83837,24866,191,2
83837,24866,10,1
83837,3005,323,2
83837,3023,29,1
83837,3040b,308,1
83837,3069b,29,1
83837,32530,72,2
83837,32607,14,1
83837,32607,25,2
83837,33172,25,1
83837,34050pr0003,30,1
83837,3795,73,1
83837,54200,308,1
83837,54200,29,4
83837,59900,19,1
83837,6182,226,1
83837,64454,73,1
83837,64462pr0005,73,1
83837,64570,27,2
83837,66906,0,4
83837,74997,73,2
83837,87580,29,1
83837,93092,5,1
83838,13965,308,1
83838,15573,19,2
83838,18855,323,1
83838,20952,4,1
83838,24866,10,1
83838,24866,191,2
83838,3005,323,2
83838,3023,29,1
83838,3040b,308,1
83838,3069b,29,1
83838,32530,72,2
83838,32607,25,2
83838,32607,14,1
83838,33172,25,1
83838,34050pr0003,9999,1
83838,3795,73,1
83838,54200,308,1
83838,54200,29,4
83838,59900,19,1
83838,6182,226,1
83838,64454,73,1
83838,64462pr0005,73,1
83838,64570,27,2
83838,66906,0,4
83838,72767,9999,1
83838,74997,73,2
83838,87580,29,1
83838,93092,5,1
83850,11477,15,3
83850,11477,27,3
83850,15573,5,2
83850,18853,191,2
83850,20482,15,2
83850,24866,10,3
83850,24866,323,2
83850,30150,14,1
83850,3021,14,1
83850,3069b,14,1
83850,3069bpr0176,15,1
83850,32606,4,3
83850,32803,15,1
83850,32952,15,4
83850,3622,70,2
83850,3623,15,1
83850,3666,15,1
83850,3710,27,2
83850,37695,10,2
83850,3795,19,1
83850,3839b,15,1
83850,4489b,70,2
83850,4600,71,1
83850,59900,15,2
83850,92950,15,1
83850,93092,5,1
83850,98138pr0024,179,1
83850,99781,14,1
83872,10190,0,2
83872,11211,0,2
83872,11477,25,1
83872,15068,14,1
83872,15068,0,3
83872,15573,0,1
83872,24309,15,2
83872,26604,73,8
83872,3004,0,1
83872,3021,0,2
83872,3022,2,2
83872,3022,0,3
83872,3022,71,3
83872,3022,15,1
83872,3024,25,1
83872,3069b,0,2
83872,32952,25,1
83872,35480,0,1
83872,41769,0,1
83872,41770,0,1
83872,44126,0,1
83872,54200,25,1
83872,85984,0,1
83872,87087,0,2
83872,98138pr0026,15,2
83872,99207,0,2
83875,30375,25,1
83875,30377,3,2
83875,30529pr0003,3,1
83875,30530,25,1
83894,11291,4,1
83894,11291,0,1
83894,11477,4,2
83894,15068,0,1
83894,15672,4,2
83894,2412b,36,2
83894,2431,0,1
83894,28802,4,2
83894,29119,0,1
83894,29120,0,1
83894,3020,92,3
83894,3023,4,2
83894,3023,0,3
83894,3024,0,2
83894,3024,4,2
83894,3069bpr0232,80,1
83894,33909,4,2
83894,3710,4,2
83894,3795,484,1
83894,48336,0,1
83894,50951,0,4
83894,54200,0,2
83894,54200,47,2
83894,60212,4,1
83894,60212,0,1
83894,60470b,0,1
83894,6141,484,2
83894,6157,71,2
83894,6231,0,2
83894,85984,4,5
83894,93274,0,3
83894,93595,0,4
83894,93606,4,1
83918,2412b,0,1
83918,2512,14,1
83918,28326,72,2
83918,3001,14,3
83918,3003,28,2
83918,30076,0,1
83918,3021,14,2
83918,3022,25,2
83918,3039pr0030,72,2
83918,33909,4,1
83918,3622,71,3
83918,3622,72,3
83918,36756pr0001,28,1
83918,3710,0,2
83918,3829c01,14,1
83918,3837,72,1
83918,3942c,25,2
83918,3957b,15,1
83918,44861,15,2
83918,4740,15,1
83918,50337,71,1
83918,55981,71,4
83918,59900,182,1
83918,64450,0,1
83918,65630,71,1
83918,65676pr0001,15,1
83918,71752,0,2
83918,87079,72,1
83918,89201,0,4
83918,92582,71,2
83918,93273,14,1
83918,98288,2,1
83931,11211,71,3
83931,13547,15,4
83931,13548,15,2
83931,15070,15,4
83931,24309,15,2
83931,3001,15,1
83931,3003,378,1
83931,3009,19,1
83931,3020,15,2
83931,3023,19,5
83931,3039,15,1
83931,32803,15,2
83931,3660,15,2
83931,3678b,15,2
83931,3710,71,1
83931,4490,15,2
83931,66956,15,1
83931,72454,15,1
83931,88930,15,2
83932,11208,71,4
83932,14417,72,1
83932,18674,0,2
83932,2540,0,1
83932,3020,0,1
83932,3021,72,1
83932,3022,71,1
83932,3068b,0,1
83932,34337,71,2
83932,3622,2,2
83932,3795,72,1
83932,3941,2,2
83932,41682,0,1
83932,41740,0,2
83932,4490,0,2
83932,4600,0,3
83932,4740,2,1
83932,59900,0,1
83932,61252,0,1
83932,6141,36,1
83932,93273,0,3
83932,98138,0,3
83932,99780,72,1
83933,2419,4,2
83933,2423,2,2
83933,24309,4,2
83933,3022,27,1
83933,3022,2,1
83933,3023,19,3
83933,3039,288,1
83933,3069b,2,1
83933,3665,2,2
83933,3941,2,1
83933,4599b,71,2
83933,48336,2,2
83933,53451,15,4
83933,60481,288,2
83933,6091,2,4
83933,63868,70,4
83933,85861,14,2
83933,85861,15,4
83933,87081,0,1
83933,98138pr0083,15,2
83943,23950,4,2
83943,2437,41,1
83943,2441,0,1
83943,2496,0,2
83943,3022,321,2
83943,3023,19,2
83943,3069b,0,1
83943,33909,4,4
83943,3623,321,2
83943,3623,4,2
83943,3829c01,71,1
83943,41682,72,1
83943,42511,27,1
83943,50951,0,4
83943,60212,4,2
83943,93273,321,1
83943,93274,4,1
83943,93595,0,4
83943,98138,41,2
83962,13965,4,2
83962,15391,15,1
83962,15392,72,1
83962,18653,226,2
83962,21445,71,1
83962,2421,0,1
83962,2540,15,1
83962,3023,33,3
83962,3031,71,1
83962,3039,4,1
83962,3040b,4,1
83962,3069bpr0307,71,1
83962,3245c,4,1
83962,3460,4,1
83962,3623,4,1
83962,3666,0,4
83962,43713,72,1
83962,47457,15,1
83962,49153,0,1
83962,6141,41,2
83962,67737,0,1
83962,87087,72,2
83962,90194,226,2
83962,92280,4,2
83962,92474,41,1
83963,3626cpr1663,14,1
83963,41805,41,1
83963,93560,15,1
83963,970c38pr1598,191,1
83963,973c38h12pr4505,191,1
83964,3626cpr2667,78,1
83964,36762,0,1
83964,41879a,0,1
83964,973c12h02pr5409,72,1
83965,17346,0,1
83965,3626cpr3358,92,1
83965,41879a,0,1
83965,973c12h13pr5412,72,1
83967,11911,15,1
83967,3626cpr3357,78,1
83967,41879a,72,1
83967,973c20h02pr5408,326,1
83968,3626cpr3350,78,1
83968,68515pr0001,28,1
83968,970c11pat19,28,1
83968,973c23h19pr5397,84,1
83970,25972,70,1
83970,3626cpr2587,78,1
83970,37364c26,19,1
83970,66913,28,1
83970,973c26h19pr5410,19,1
83972,3626cpr3365,78,1
83972,41879a,19,1
83972,62810,308,1
83972,66913,28,1
83972,973c26h19pr5410,19,1
83973,3626cpr2676,78,1
83973,88283,0,1
83973,970c03,0,1
83973,973c03h02pr5398,0,1
83974,3626cpr2682,78,1
83974,41879a,0,1
83974,92081,226,1
83974,973c12h02pr5411,72,1
83976,3626cpr3366,78,1
83976,41879a,0,1
83976,973c12h02pr5409,72,1
83976,98385,70,1
83977,36036pr0024,288,1
83977,3626cpr3349,78,1
83977,73213pat0001,0,1
83977,973c35h02pr5396,288,1
83978,3626cpr9929,78,1
83978,37697,70,1
83978,41879a,0,1
83978,973c12h02pr5409,72,1
83979,3626cpr2668,78,1
83979,41879a,0,1
83979,92746,484,1
83979,973c12h02pr5409,72,1
83980,3626cpr3361,14,1
83980,3833,15,1
83980,970c28,1,1
83980,973c32h01pr4900,73,1
83990,24452pr0008,31,1
83990,29587pr0001,30,1
83990,75887,30,1
83990,92198pr0242,78,1
83990,92816c01pr0112,78,1
83992,3069b,272,1
83992,30837,1,1
83992,30925,272,1
83992,50951,0,4
83992,87079pr0140,272,1
83992,87079pr0141,272,1
83992,93587pr0018,272,1
83992,93590,272,1
83992,93591pr0025,272,1
83992,93593,4,4
83995,15677,4,1
83995,24452pr0007,15,1
83995,33322,297,1
83995,92198pr0233,78,1
83995,92456c01pr0383,78,1
83997,16925c01pr0002,73,1
83997,28649pr0234,78,1
83997,61183,0,1
83997,92815c01pr0113,78,1
84000,24080,70,1
84000,65203pr0008,78,1
84000,92198pr0206,78,1
84003,18844,226,1
84003,65203pr0007,78,1
84003,92198pr0200,78,1
84004,65203pr0009,78,1
84004,92198pr0248,78,1
84004,92256,226,1
84005,11403c01pr0118,326,1
84005,92198pr0125,78,1
84005,92257,4,1
84005,92456c01pr0288,78,1
84006,92198pr0127,78,1
84006,92255,226,1
84006,92456c01pr0378,78,1
84006,92820c01pr0017,26,1
84007,92198pr0197,78,1
84007,92259,226,1
84007,92456c01pr0344,78,1
84007,92820c01pr0182,14,1
84009,11408c01pr0119,78,1
84009,16925c01pr0129,0,1
84009,92198pr0092,78,1
84009,98385,70,1
84010,15443,308,1
84010,65224pr0009,78,1
84010,92198pr0243,78,1
84011,12893pr0001,78,1
84011,16925c01pr0003,272,1
84011,28649pr0239,78,1
84011,92815c01pr0115,78,1
84012,11090,14,16
84012,11153,1,2
84012,11153,4,2
84012,11477,1,2
84012,11477,4,2
84012,18980,0,4
84012,21229,0,4
84012,23443,0,2
84012,24299,71,2
84012,24307,71,2
84012,2432,4,1
84012,2432,1,1
84012,2654,71,8
84012,27263,0,4
84012,27507,14,4
84012,3023,1,1
84012,3023,4,1
84012,3024,72,2
84012,3024,1,2
84012,3024,46,4
84012,30374,0,2
84012,3069b,0,4
84012,33909,0,2
84012,3829c01,1,1
84012,3829c01,4,1
84012,51739,0,2
84012,63965,14,8
84012,92280,0,2
84012,99780,0,4
84013,35701,484,1
84013,69969pr0001,78,1
84013,92198pr0240,78,1
84015,11403c01pr0012,326,1
84015,92198pr0125,78,1
84015,92257,4,1
84015,92456c01pr0288,78,1
84016,35620,70,1
84016,92198pr0138,92,1
84016,92456c03pr0382,92,1
84016,92820c01pr0186,5,1
84017,92198pr0124,78,1
84017,92258,0,1
84017,92456c01pr0290,78,1
84017,92818c01pr0200,5,1
84018,18987,0,1
84018,3626cpr2942,0,1
84018,39444,0,1
84018,970c14pat03pr2043,0,1
84018,973c14h03pr5508,71,1
84019,23186,0,1
84019,3626cpr1664,14,1
84019,970c03,0,1
84019,973c34h01pr4838,321,1
84020,3626cpr1614,14,1
84020,87990,226,1
84020,970c33,30,1
84020,973c03h01pr4813,0,1
84021,3626cpr3265,14,1
84021,41879a,3,1
84021,87990,484,1
84021,973c01h01pr4899,29,1
84023,23186,308,1
84023,3626cpr2916,14,1
84023,970c05,272,1
84023,973c01h01pr4770,15,1
84024,28621pr3343,41,1
84024,970c30,179,1
84024,973c27h05pr5116,179,1
84036,11303,4,1
84036,3626cpr1662,14,1
84036,970c24,379,1
84036,973c01h01pr1720,15,1
84042,11090,72,1
84042,11153,1,2
84042,11476,71,2
84042,15068pr0015,15,1
84042,19220,0,1
84042,30031,72,1
84042,3021,15,2
84042,3022,19,1
84042,3023,1,3
84042,30602,41,1
84042,3623,226,2
84042,3795,71,1
84042,43713,72,1
84042,47456,15,1
84042,47755,1,1
84042,61482,71,1
84042,72454,72,1
84042,88072,72,1
84042,90194,226,1
84042,98138,33,2
84042,99206,0,1
84074,85451,2,1
84074,85457,14,1
84074,85559c02,72,1
84074,stickerupn0059,9999,1
84082,19729pr0012,25,1
84082,19730,10,1
84082,970c33,30,1
84082,973c25h02pr3096,378,1
84083,19729pr0037,378,1
84083,970c19,70,1
84083,973c25h25pr5490,70,1
84095,46533,29,1
84095,48342pr0001,230,1
84095,48342pr0002,26,1
84095,48450,45,1
84096,46477b,9999,1
84096,48343pr0001,45,1
84096,48343pr0001,182,1
84096,48448,182,1
84129,upn0515,45,1
84129,upn0518,9999,1
84130,upn0519,45,1
84131,upn0520,5,1
84134,2335pr0025,7,1
84134,3002c01,14,1
84134,3003c01,0,1
84134,30160,1,1
84134,30256,7,1
84147,2301,4,2
84147,2302,2,2
84147,3011,2,4
84147,3011,1,3
84147,3011,14,4
84147,3011,4,3
84147,31101pr0001,15,1
84147,31102pr0001,7,1
84147,3437,1,8
84147,3437,2,8
84147,3437,4,7
84147,3437,14,7
84207,10172,297,2
84207,11055pr0002,15,2
84207,11203,15,8
84207,11641,15,1
84207,13971,4,5
84207,14226c41,0,3
84207,14769pr1070,19,2
84207,14769pr1116,15,3
84207,15068,4,4
84207,15535,0,4
84207,15573,27,6
84207,16606pat0001pr0001,15,1
84207,18575,19,3
84207,20953,0,2
84207,21778,0,1
84207,24087,15,1
84207,2431,322,2
84207,2454b,15,2
84207,2456,0,2
84207,2654,4,5
84207,2655,71,2
84207,27448,15,5
84207,29685pr0001,15,1
84207,30000,15,2
84207,30089b,0,1
84207,3010,322,2
84207,30150,14,1
84207,3020,27,2
84207,3021,321,4
84207,3022,4,2
84207,3023,14,6
84207,3035,321,4
84207,3039,322,2
84207,3068b,322,8
84207,3069b,85,4
84207,3069bpr0206,15,4
84207,32001,321,4
84207,32014,71,5
84207,32034,14,3
84207,32054,4,6
84207,32062,4,8
84207,32064a,4,4
84207,32073,71,5
84207,32184,15,2
84207,32270,0,3
84207,32316,14,2
84207,3245c,14,2
84207,32498,0,3
84207,32524,10,4
84207,32526,321,2
84207,32530,4,2
84207,32531,321,3
84207,32532,15,1
84207,32803,0,4
84207,3298,85,2
84207,33051,4,1
84207,3464,72,2
84207,35442,85,3
84207,35443,322,5
84207,35446,27,2
84207,35660pat0001,4,1
84207,36060,0,1
84207,3623,15,6
84207,3626cpr1635,14,1
84207,3626cpr2109,14,1
84207,3626cpr3136,14,1
84207,3626cpr9950,14,1
84207,3665,14,2
84207,3673,71,24
84207,3678b,27,4
84207,3700,15,4
84207,3701,27,4
84207,3702,321,6
84207,3703,27,6
84207,3707,0,5
84207,3708,4,5
84207,3709,4,8
84207,3713,4,12
84207,3738,10,8
84207,3743,71,5
84207,37452,323,2
84207,3749,19,8
84207,3823,41,1
84207,3829c01,14,2
84207,3894,14,4
84207,3895,4,2
84207,3941,321,4
84207,3957b,0,2
84207,3958,27,2
84207,39789,4,4
84207,39789,14,6
84207,39888,19,6
84207,4006,179,1
84207,4032a,85,4
84207,4079b,14,2
84207,4162pr0073,321,5
84207,42610,71,5
84207,4282,321,6
84207,44728,14,2
84207,4515,0,1
84207,4519,14,8
84207,46303,15,2
84207,46372,71,3
84207,48267,4,2
84207,49153,15,8
84207,50451,0,4
84207,50950,85,2
84207,53019,15,2
84207,55981,14,5
84207,56898,0,5
84207,56904,15,5
84207,59443,15,4
84207,60478,4,3
84207,60479,71,2
84207,60484,14,2
84207,60485,14,5
84207,61408,71,3
84207,6141,85,6
84207,61485,15,5
84207,6232,4,5
84207,62462,10,4
84207,6249,71,2
84207,63868,71,3
84207,64000,15,4
84207,64449,14,2
84207,64951,71,1
84207,6636,14,2
84207,67969,9999,1
84207,73090b,0,2
84207,76138,71,3
84207,87079,15,10
84207,87079,85,4
84207,87580,321,4
84207,87990,321,1
84207,90498,0,3
84207,90509,322,2
84207,90540,378,2
84207,91176,14,2
84207,92402,0,5
84207,92409,0,5
84207,92438,15,2
84207,92586pr0001,84,1
84207,93221pr0003,71,1
84207,93273,85,2
84207,93560,15,2
84207,96874,3,1
84207,970c03,0,1
84207,970c12,72,1
84207,970c22,4,1
84207,970c27,15,1
84207,973c01h01pr1480,15,1
84207,973c01h01pr1720,15,1
84207,973c04h01pr3431,321,1
84207,973c22h01pr4786,4,1
84207,99207,4,2
84208,10172,297,2
84208,11478,71,3
84208,14720,71,1
84208,14769pr1070,19,1
84208,14769pr1116,15,3
84208,15458,4,2
84208,15573,14,4
84208,18575,19,2
84208,18651,0,14
84208,18654,72,4
84208,18746,191,2
84208,19474,71,1
84208,19478,14,1
84208,21268,71,1
84208,23948,14,3
84208,24316,70,4
84208,26674,1,1
84208,2780,0,52
84208,27938,72,2
84208,2815,0,4
84208,30089b,0,1
84208,30154,72,1
84208,3039,14,3
84208,30699,0,4
84208,3069bpr0206,15,3
84208,32002,19,6
84208,32009,14,4
84208,32013,71,1
84208,32013,72,4
84208,32014,14,4
84208,32034,14,2
84208,32054,4,12
84208,32062,4,8
84208,32064a,0,6
84208,32073,71,6
84208,32123b,14,8
84208,32140,85,8
84208,32270,0,5
84208,32278,14,6
84208,32291,4,4
84208,32316,321,11
84208,32348,14,2
84208,32498,0,3
84208,32523,4,5
84208,32523,14,3
84208,32524,10,7
84208,32525,27,3
84208,32526,27,3
84208,3298,85,2
84208,33051,10,1
84208,35458,272,1
84208,3673,71,10
84208,3700,72,4
84208,3702,4,5
84208,3705,0,8
84208,3706,4,5
84208,3707,0,3
84208,3708,4,3
84208,3709,0,4
84208,3713,4,12
84208,3747b,4,2
84208,3749,19,12
84208,3795,0,3
84208,38648pat0001,0,1
84208,3894,14,3
84208,3899,15,1
84208,39369,322,2
84208,3941,85,3
84208,39789,14,2
84208,39789,4,5
84208,39790,322,2
84208,39793,0,4
84208,39794,27,2
84208,39888,19,6
84208,4006,179,1
84208,40490,4,3
84208,4079b,4,2
84208,41239,321,2
84208,41250,14,2
84208,4185,27,6
84208,42003,321,3
84208,42135,14,2
84208,42924,1,22
84208,4349,72,1
84208,44224,72,2
84208,44225,71,2
84208,44294,14,5
84208,44728,0,2
84208,44809,4,4
84208,44874,71,5
84208,4519,14,8
84208,45590,0,6
84208,46303,15,1
84208,46372,71,3
84208,48267,4,4
84208,49130,71,8
84208,50450,0,1
84208,50451,0,2
84208,5102c27,1,1
84208,5102c40,0,1
84208,5102c40,71,1
84208,53019,15,1
84208,54187,1,1
84208,54190,47,1
84208,54200,14,4
84208,56904,15,4
84208,57585,71,2
84208,59443,72,12
84208,60483,71,4
84208,60484,14,2
84208,60485,71,3
84208,61408,71,2
84208,61903,71,2
84208,62462,10,2
84208,64179,322,6
84208,64781,0,1
84208,64782,15,4
84208,6536,0,6
84208,65489,71,8
84208,6575,0,4
84208,67968,9999,1
84208,73090b,0,2
84208,76138,71,2
84208,76537,14,2
84208,77859,33,1
84208,77860,33,1
84208,77861,33,1
84208,87079,4,2
84208,89509,15,6
84208,902097,15,2
84208,90509,322,5
84208,90540,378,2
84208,95678pr0006,15,1
84208,96874,3,1
84208,98138pr0083,15,6
84208,98585,71,2
84226,15573,14,2
84226,18575,19,1
84226,2780,0,8
84226,3039,14,2
84226,30699,0,4
84226,3069bpr0206,15,2
84226,32123b,14,2
84226,32348,14,2
84226,32498,0,2
84226,32523,4,2
84226,32523,14,2
84226,32525,27,2
84226,32526,27,2
84226,3673,71,2
84226,3702,4,4
84226,3707,0,1
84226,3708,4,2
84226,3713,4,2
84226,3747b,4,1
84226,3795,0,2
84226,3894,14,2
84226,39789,14,1
84226,39789,4,1
84226,39790,322,2
84226,39794,27,2
84226,39888,19,1
84226,44728,0,1
84226,50451,0,1
84226,54200,14,1
84226,55615,71,2
84226,56904,15,4
84226,62462,10,1
84226,65489,71,5
84226,6558,1,2
84226,73090b,0,2
84226,87079,4,1
84226,98138pr0083,15,2
84228,10172,297,1
84228,11641,15,1
84228,14226c41,0,1
84228,20953,0,1
84228,2431,322,2
84228,2654,4,2
84228,27448,15,1
84228,30000,15,2
84228,3035,321,1
84228,3069b,85,1
84228,32064a,4,2
84228,3245c,14,2
84228,32530,4,2
84228,35442,85,1
84228,35443,322,1
84228,3673,71,1
84228,3703,27,2
84228,3707,0,1
84228,3708,4,1
84228,3738,10,1
84228,3894,14,3
84228,3941,321,4
84228,39789,4,2
84228,39789,14,1
84228,4032a,85,1
84228,41539,15,3
84228,4162pr0073,321,2
84228,44728,14,1
84228,50950,85,2
84228,59443,15,1
84228,60485,14,1
84228,61485,15,1
84228,64449,14,2
84228,64951,71,1
84228,6636,14,1
84228,73090b,0,1
84240,20482,0,2
84240,2397,0,1
84240,3003,15,1
84240,3003,1,1
84240,3023,226,1
84240,3023,33,3
84240,3795,72,1
84240,4590,71,1
84240,4595,0,1
84240,49153,71,1
84240,59900,72,2
84240,6141,36,1
84240,6636,0,2
84240,67737,0,1
84240,85984,1,3
84240,90194,226,2
84240,99780,71,2
84258,11212,0,1
84258,11477,15,3
84258,14417,72,2
84258,14418,71,4
84258,14419,72,4
84258,15460,72,1
84258,15573,15,4
84258,15712,72,2
84258,21459,297,2
84258,2420,0,4
84258,2540,0,4
84258,26047,15,1
84258,26601,15,4
84258,26604,15,3
84258,3004,72,2
84258,3021,15,4
84258,3023,15,4
84258,3024,41,3
84258,3044c,72,2
84258,3045,15,2
84258,3069b,379,4
84258,3623,15,2
84258,3665,72,2
84258,3941,0,1
84258,43093,1,1
84258,44676,72,2
84258,4595,71,1
84258,48729b,72,1
84258,54200,15,3
84258,60897,71,4
84260,10314,0,2
84260,11212,0,3
84260,11477,28,2
84260,13547,28,4
84260,14769,0,1
84260,15068,84,1
84260,15573,0,2
84260,24201,70,4
84260,2431,84,2
84260,29119,0,3
84260,3010,84,1
84260,3023,0,2
84260,3070b,29,1
84260,35480,70,4
84260,36840,84,2
84260,44567b,0,1
84260,48336,0,1
84260,49307,84,6
84260,54200,0,3
84260,54657,72,1
84260,60470b,84,1
84260,60474,25,1
84260,60478,84,10
84260,61252,19,4
84260,63868,70,4
84260,63868,0,3
84260,85975,0,1
84260,98138,0,2
84260,98138pr0008,15,2
84260,99207,0,1
84260,99781,0,1
84261,15573,15,1
84261,15745,45,1
84261,18674,85,1
84261,22885,5,3
84261,2357,15,4
84261,2431,15,1
84261,25269,226,14
84261,25269,85,14
84261,25269,15,8
84261,25269,323,16
84261,25269,1050,16
84261,3005,15,8
84261,3023,323,3
84261,3031,31,5
84261,3068b,323,1
84261,3069b,15,2
84261,37452,29,1
84261,41740,15,1
84261,49307,30,2
84261,87087,30,2
84261,98138,15,2
84261,98138,29,1
84261,98138pr0107,0,2
84309,2446,15,1
84309,2447,40,1
84309,3626cpr1663,14,1
84309,970c05,272,1
84309,973c29h01pr3627,212,1
84400,22167,72,1
84485,upn0043,4,1
84495,25893,0,2
84495,3942c,297,2
84495,59900,182,2
84495,89522,297,2
84515,2420,71,2
84515,2444,1,1
84515,2450,1,4
84515,2780,0,1
84515,30027b,71,1
84515,3020,1,1
84515,3020,71,1
84515,3021,1,1
84515,3022,1,4
84515,3023,14,2
84515,3023,1,1
84515,3024,14,1
84515,30374,14,2
84515,30602,40,1
84515,3069b,14,2
84515,3710,1,2
84515,3710,14,1
84515,3710,71,2
84515,3794a,1,4
84515,3794a,14,3
84515,4081b,71,2
84515,41769,14,1
84515,41770,14,1
84515,4286,14,1
84515,4286,1,2
84515,4488,71,1
84515,4617b,0,1
84515,47674,46,1
84515,47675,1,1
84515,47676,1,1
84515,49668,72,2
84515,54200,46,1
84515,54200,33,1
84515,54200,40,1
84515,6019,14,2
84515,6141,71,2
84515,6141,57,2
84568,30171,0,1
84568,3626bpr0441,14,1
84568,970c03,0,1
84568,973c03h12pr0177,72,1
84625,3063b,1,20
84626,3063b,4,20
84627,3063b,47,20
84628,3063b,15,20
84629,3063b,14,20
84630,702,1,5
84631,702,4,5
84632,702,15,5
84633,702,14,5
84689,3063b,4,20
84690,3063b,47,20
84691,3063b,15,20
84692,3063b,14,20
84694,3001a,1,13
84695,3001a,4,13
84696,3001a,47,13
84697,3001a,15,13
84698,3001a,14,13
84699,3002a,1,15
84700,3002a,4,15
84701,3002a,47,15
84702,3002a,15,15
84703,3002a,14,15
84704,3003a,1,20
84705,3003a,4,20
84706,3003a,47,20
84707,3003a,15,20
84708,3003a,14,20
84709,3065,1,26
84710,3065,4,26
84711,3065,47,26
84712,3065,15,26
84713,3065,14,26
84715,3005,1,40
84716,3005,4,40
84717,3005,47,40
84718,3005,15,40
84719,3005,14,40
84720,3062c,1,40
84721,3062c,4,40
84722,3062c,47,40
84723,3062c,15,40
84724,3062c,14,40
84725,3008a,1,3
84725,3009a,1,6
84726,3008a,4,3
84726,3009a,4,6
84727,3008a,47,3
84727,3009a,47,6
84728,3008a,15,3
84728,3009a,15,6
84729,3008a,14,3
84729,3009a,14,6
84731,3006,1,5
84732,3006,4,5
84733,3006,15,5
84734,3006,14,5
84735,3007,1,9
84736,3007,4,9
84737,3007,15,9
84738,3007,14,9
84739,3087bc01,4,20
84740,29bc01,15,19
84741,27bc01,15,19
84742,32bc01,15,13
84743,31bc01,15,12
84744,453bc01,15,9
84745,645bc01,15,8
84746,646bc01,15,8
84747,604c01,15,6
84748,604c01,15,6
84749,645bc01,15,8
84750,646bc01,15,8
84751,453bc01,15,9
84752,31bc01,15,12
84753,3081bc01,15,15
84754,29bc01,15,19
84755,27a,15,19
84756,3087bc01,15,20
84757,32bc01,15,13
84758,702,4,5
84759,702,15,5
84760,702,14,5
84761,3001a,4,13
84762,3001a,15,13
84763,3001a,14,13
84764,3002a,4,15
84765,3002a,15,15
84766,3002a,14,15
84767,3003a,4,20
84768,3003a,15,20
84769,3003a,14,20
84770,3065,4,26
84771,3065,15,26
84772,3065,14,26
84773,3005,4,40
84774,3005,15,40
84775,3005,14,40
84776,3062c,4,40
84777,3062c,47,40
84778,3062c,15,40
84779,3062c,14,40
84780,brickslot0005,4,1
84780,brickslot0006,4,1
84780,brickslot0007,4,1
84780,brickslot0008,4,1
84780,brickslot0009,4,1
84780,brickslot0010,4,1
84781,brickslot0005,15,2
84781,brickslot0006,15,1
84781,brickslot0007,15,1
84781,brickslot0008,15,1
84781,brickslot0009,15,2
84781,brickslot0010,15,1
84782,brickslot0005,14,1
84782,brickslot0006,14,1
84782,brickslot0007,14,1
84782,brickslot0008,14,1
84782,brickslot0009,14,1
84782,brickslot0010,14,1
84783,3006,4,2
84783,3007,4,3
84784,3006,15,2
84784,3007,15,3
84785,3006,14,2
84785,3007,14,3
84794,3020,1,14
84794,3021,1,4
84794,3022,1,9
84794,3023a,1,7
84794,3024,1,5
84795,3020,7,14
84795,3021,7,4
84795,3022,7,9
84795,3023a,7,7
84795,3024,7,5
84796,3020,4,14
84796,3021,4,4
84796,3022,4,9
84796,3023a,4,7
84796,3024,4,5
84797,3020,47,14
84797,3021,47,4
84797,3022,47,9
84797,3023a,47,7
84797,3024,47,5
84798,3020,15,14
84798,3021,15,4
84798,3022,15,9
84798,3023a,15,7
84798,3024,15,5
84799,3020,14,14
84799,3021,14,4
84799,3022,14,9
84799,3023a,14,7
84799,3024,14,5
84800,3068a,14,14
84800,3068a,1,14
84800,3069a,14,6
84800,3069a,1,6
84800,3070a,1,6
84800,3070a,14,6
84801,3068a,15,14
84801,3068a,4,14
84801,3069a,15,6
84801,3069a,4,6
84801,3070a,4,6
84801,3070a,15,6
84902,3062c,1,6
84902,3062c,14,6
84902,3063b,1,8
84902,3063b,14,8
84903,3062c,15,6
84903,3062c,4,6
84903,3063b,4,8
84903,3063b,15,8
84904,3062a,14,17
84904,3062a,1,17
84904,3063b,1,8
84904,3063b,14,8
84905,3062a,4,17
84905,3062a,15,17
84905,3063b,15,8
84905,3063b,4,8
84909,11153,70,4
84909,11211,19,2
84909,11477,70,6
84909,14418,71,2
84909,14704,71,2
84909,14769pr1117,15,2
84909,15068,70,6
84909,15470,70,1
84909,15573,4,4
84909,22888,28,2
84909,22890,72,4
84909,2420,70,2
84909,24201,19,2
84909,2423,326,2
84909,24309,19,2
84909,24866,297,4
84909,24866,191,2
84909,26047,70,2
84909,26601,70,2
84909,26604,19,6
84909,3004,84,2
84909,3020,70,7
84909,3022,70,7
84909,3022,84,4
84909,3023,2,2
84909,3023,70,10
84909,3024,70,4
84909,3024,84,6
84909,30414,14,2
84909,3069b,70,3
84909,3069b,297,4
84909,3070b,84,4
84909,3070b,70,4
84909,32607,25,2
84909,34103,71,1
84909,35480,0,4
84909,3623,70,2
84909,3679,71,1
84909,3680,0,1
84909,3700,70,1
84909,3710,70,2
84909,4274,71,1
84909,43892,308,1
84909,54200,84,2
84909,54200,70,2
84909,6091,84,2
84909,6305380,9999,1
84909,63868,72,2
84909,85984,70,5
84909,87079,326,1
84909,87087,70,6
84909,87747,0,2
84909,92593,326,2
84909,93273,70,3
84909,99206,70,2
84909,99206,15,4
84913,15573,26,3
84913,15712,71,2
84913,3023,3,1
84913,3679,71,1
84913,3680,15,1
84913,3795,0,1
84913,60474,191,1
84913,60478,0,2
84913,6141,46,2
84913,6141,45,2
84913,6266,0,1
84913,90370,0,1
84913,93088pr0019,15,1
84925,30162,71,1
84925,3626cpr0499,14,1
84925,3626cpr0580,14,1
84925,3899,45,1
84925,3901,70,1
84925,4349,0,1
84925,62696,0,1
84925,970c09,85,1
84925,970c28,1,1
84929,13349,72,1
84929,15573,71,1
84929,15712,71,2
84929,17485,71,4
84929,18649,71,2
84929,18674,72,2
84929,2431,14,6
84929,30043,71,1
84929,3022,1,1
84929,3023,4,2
84929,30374,52,2
84929,3065,47,1
84929,32064a,71,1
84929,3623,71,1
84929,3673,71,4
84929,4032a,1,2
84929,4032a,484,2
84929,42610,71,2
84929,4733,0,2
84929,47457,1,1
84929,48336,71,2
84929,59900,80,2
84929,61184,71,2
84929,61252,14,2
84929,6141,72,11
84929,99784,47,1
84978,13247,484,1
84978,14721,14,1
84978,14721,19,1
84978,15320c03,27,1
84978,15581pr0003,27,1
84978,16874pr0002,15,1
84978,18067pr0001,15,1
84978,2302pr0018,4,1
84978,2302pr0019,4,1
84978,25549,27,2
84978,3011,15,1
84978,31042,4,1
84978,31110,4,2
84978,31333pr0011,15,1
84978,3437,4,6
84978,35114,15,2
84978,36969pr0002,72,1
84978,37151pr0002,191,1
84978,37184,15,1
84978,38909pr0041,226,1
84978,40666,4,1
84978,40666,70,2
84978,4196,70,1
84978,58086,322,1
84978,61649,4,3
84978,61649,15,1
84978,61896,323,1
84978,63871,15,4
84978,6510,1050,1
84978,6510,27,2
84978,65109,19,2
84978,65161pr0001,19,1
84978,65243pr0126,15,1
84978,65273,322,1
84978,65273,14,1
84978,69711pr0001,1050,1
84978,69713pr0046,14,1
84978,69714,4,2
84978,69716,226,2
84978,69716,14,2
84978,69719pr0001,15,1
84978,69897,15,4
84978,70675,19,1
84978,70676,15,2
84978,70679pr0001,78,1
84978,70683,4,1
84978,76371,15,2
84978,76371,4,6
84978,87084,4,4
84978,92094,4,2
84978,95463,71,1
84978,98223pr9996,4,1
84978,98233,27,1
84978,98233,4,1
84978,98252,4,2
84978,98459,84,4
84978,98460,15,4
84984,17865pr0001,15,1
84984,19011pr0003,71,1
84984,25549,27,1
84984,61649,4,1
84984,61896,323,1
84984,6510,14,1
84984,69716,226,1
84984,69719pr0001,15,1
84984,69897,15,1
84984,70679pr0001,78,1
84984,70683,4,1
84986,15320c03,4,1
84986,15579,322,1
84986,15581pr0003,4,1
84986,31042,323,1
84986,3437,158,2
84986,35114,4,2
84986,37202pr0127,15,1
84986,40666,226,2
84986,40666,27,1
84986,58086,322,1
84986,61649,15,1
84986,6510,323,1
84986,6510,27,1
84986,6510,1050,1
84986,65245pr0049,14,1
84986,69716,14,1
84986,69716,226,1
84986,69719pr0001,15,2
84986,70675,19,1
84986,98223,27,1
84986,98224,27,1
84986,98225,84,1
84986,98459,84,1
84993,132a,0,6
84993,14728,0,1
84993,3001a,14,3
84993,3001a,4,1
84993,3001a,47,2
84993,3002a,14,2
84993,3003a,4,1
84993,3003a,47,2
84993,3003apr0041,1,1
84993,3003apr9997,14,1
84993,3004,47,6
84993,3004,14,7
84993,3004,1,1
84993,3004,0,3
84993,3005,14,4
84993,3005,4,2
84993,3010,14,4
84993,3010,0,2
84993,3010,1,2
84993,3010,47,3
84993,3010apr0003,4,1
84993,3010pr9937,1,1
84993,3020,1,1
84993,3020,14,5
84993,3020,4,1
84993,3021,14,1
84993,3021,4,10
84993,3021,1,4
84993,3022,14,1
84993,3023a,4,1
84993,3024,1,2
84993,3032,4,1
84993,3034,4,2
84993,3034,1,1
84993,3035a,0,1
84993,3035a,4,1
84993,3037,47,2
84993,3039,47,1
84993,3040a,0,2
84993,3040a,4,2
84993,3062a,0,4
84993,3068a,4,1
84993,3127,4,1
84993,3137c01,0,3
84993,3137c02,0,12
84993,3139,0,6
84993,3149ac01,4,4
84993,3176,4,1
84993,3183b,4,1
84993,3314,4,2
84993,3315,4,2
84993,3317,1,1
84993,3317,14,1
84993,3324ac01,4,3
84993,586c02,14,1
84993,7039,4,6
84993,7049bc01,0,3
84993,784,4,4
84993,7b,0,24
84993,966,1,1
84993,966a,1,1
84993,967,1,1
85074,2586pr0004,71,1
85074,3847,179,1
85074,upn0382,0,1
85079,2587pr0023,179,1
85079,30273,80,1
85079,3626bpr0567,14,1
85079,970c14pr0155,0,1
85079,973c14h12pr1628,71,1
85155,3626cpr2916,14,1
85155,93223,484,1
85155,95226,484,1
85155,970c24pr0900,70,1
85155,973c11h01pr0001,28,1
85157,3626cpr2589,14,1
85157,4498,70,1
85157,64807,308,1
85157,970c11pat19,28,1
85157,973c27h01pr5300,2,1
85158,20597,308,1
85158,3626cpr9824,14,1
85158,37614,179,1
85158,970c75pr9843,1103,1
85158,973c47h03pr0001,1,1
85160,3626cpr2590,14,1
85160,38800,71,1
85160,65435,179,1
85160,970c75pr9843,1103,1
85160,973c47h03pr0001,1,1
85198,10170,84,1
85198,10187,2,4
85198,10247,19,1
85198,10884,10,1
85198,11090,297,2
85198,11090,15,3
85198,11090,72,4
85198,11090,0,8
85198,11203,19,4
85198,11203,272,1
85198,11211,28,3
85198,11211,15,1
85198,11211,19,4
85198,11211,71,1
85198,11211,0,3
85198,11212,71,19
85198,11212,4,1
85198,11214,4,1
85198,11253,4,1
85198,11253,28,2
85198,11291,0,2
85198,11458,4,4
85198,11458,191,1
85198,11458,70,1
85198,11458,0,4
85198,11458,72,1
85198,11476,4,2
85198,11476,15,1
85198,11476,0,8
85198,11476,19,2
85198,11476,320,1
85198,11476,71,10
85198,11477,272,1
85198,11610,484,2
85198,11610,0,1
85198,11610,19,2
85198,11833,71,1
85198,13547,272,2
85198,13548,3,8
85198,13564,70,2
85198,13564,15,3
85198,13770,297,1
85198,13965,308,4
85198,13965,272,1
85198,14395,72,4
85198,14395,308,3
85198,14395,70,3
85198,14413,71,2
85198,14413,0,2
85198,14716,71,4
85198,14716,15,4
85198,14716,191,8
85198,14716,0,2
85198,14716,70,2
85198,14718,0,2
85198,14719,70,3
85198,14719,72,4
85198,14769,71,12
85198,14769pr1174,297,2
85198,15068,5,1
85198,15068,322,1
85198,15068,14,1
85198,15068,15,1
85198,15070,297,1
85198,15207,70,2
85198,15207,0,2
85198,15210,0,3
85198,15254,72,2
85198,15332,0,2
85198,15395,322,2
85198,15396,322,1
85198,15429,191,2
85198,15439,0,1
85198,15470,29,2
85198,15535,71,2
85198,15540,72,2
85198,15573,0,20
85198,15573,191,6
85198,15573,2,6
85198,15573,378,8
85198,15573,71,9
85198,15573,19,2
85198,15573,297,5
85198,15573,72,4
85198,15573,70,23
85198,15573,3,2
85198,15672,72,25
85198,15712,4,3
85198,15712,297,6
85198,15712,72,4
85198,15712,14,1
85198,15712,70,5
85198,15712,19,2
85198,15712,71,2
85198,15712,1,1
85198,15712,0,58
85198,15712,378,1
85198,15712,15,5
85198,15712,3,1
85198,16091,0,2
85198,16606pat0001pr0001,15,1
85198,16770,0,4
85198,17485,71,2
85198,17485,25,1
85198,17979,45,5
85198,18041,0,1
85198,18575,0,1
85198,18646,71,1
85198,18646,2,2
85198,18651,0,2
85198,18653,0,4
85198,18653,71,1
85198,18653,191,6
85198,18654,179,1
85198,18671,72,3
85198,18671,0,4
85198,18674,72,3
85198,18674,15,1
85198,18674,70,1
85198,18674,28,3
85198,18674,272,1
85198,18677,0,4
85198,18853,29,11
85198,18853,191,1
85198,18940,379,1
85198,18980,71,2
85198,18980,2,6
85198,18980,15,1
85198,19119,2,1
85198,19121,297,2
85198,19798,15,2
85198,20482,29,1
85198,20482,0,15
85198,20482,70,1
85198,20482,47,3
85198,20482,297,6
85198,20482,72,1
85198,20482,15,4
85198,21445,0,1
85198,21459,179,4
85198,22385,3,2
85198,22388,0,5
85198,22388,70,3
85198,22390,3,12
85198,22667,26,5
85198,22885,71,8
85198,22885,19,5
85198,22961,71,1
85198,22961,72,1
85198,2343,47,2
85198,2343,297,1
85198,2343,179,1
85198,23443,0,2
85198,23443,71,2
85198,2357,71,5
85198,2357,70,1
85198,23950,72,3
85198,23950,484,2
85198,23969,15,1
85198,23986,15,1
85198,24093,0,2
85198,2412b,72,2
85198,2412b,179,4
85198,2412b,320,2
85198,24131,297,2
85198,2417,27,10
85198,2417,158,10
85198,2417,31,5
85198,2420,15,1
85198,2420,191,2
85198,2420,70,2
85198,2420,2,34
85198,2420,19,3
85198,2420,72,4
85198,2420,0,4
85198,2420,378,4
85198,2423,2,1
85198,2423,27,6
85198,2423,15,5
85198,24246,320,2
85198,24299,72,2
85198,24307,72,1
85198,2431,320,4
85198,2431,3,2
85198,2431,308,3
85198,2431,71,6
85198,2431,272,2
85198,2431,72,1
85198,2432,0,4
85198,2432,1103,2
85198,24324,70,1
85198,2445,72,2
85198,2449,19,2
85198,2450,71,5
85198,2450,28,4
85198,2453b,70,2
85198,2476a,71,1
85198,24855,70,2
85198,2486,72,9
85198,24866,191,4
85198,24866,323,4
85198,24866,27,33
85198,24866,25,6
85198,24866,212,6
85198,24866,10,38
85198,24866,29,27
85198,24866,2,4
85198,25061,4,1
85198,25214,1103,1
85198,25214,71,1
85198,25269,15,2
85198,25269,0,4
85198,25269,72,1
85198,25269,71,19
85198,25269,82,4
85198,25269,484,1
85198,25269,4,4
85198,25269,84,6
85198,25269,320,4
85198,25269,25,2
85198,25269,3,1
85198,25269,2,6
85198,25269,321,2
85198,2540,4,4
85198,2540,71,1
85198,2540,72,2
85198,2540,28,1
85198,2540,0,5
85198,2566,0,1
85198,2569,0,1
85198,25892,15,1
85198,26047,0,14
85198,26047,297,1
85198,26047,71,1
85198,26601,72,1
85198,26601,28,17
85198,26601,272,4
85198,26601,71,2
85198,26603,15,4
85198,26603,272,4
85198,26603,71,3
85198,26603,19,6
85198,26603,28,3
85198,26603,72,3
85198,26604,71,8
85198,26604,15,2
85198,27150,29,1
85198,2723,3,2
85198,27263,72,10
85198,27263,71,10
85198,27263,19,1
85198,27263,0,8
85198,27393,41,1
85198,27507,25,1
85198,27507,191,2
85198,27507,71,1
85198,27507,70,4
85198,27507,0,8
85198,27507,320,1
85198,27925,322,4
85198,27925,71,2
85198,27965,70,1
85198,2817,0,5
85198,28192,0,1
85198,28192,71,3
85198,28192,72,8
85198,28327,15,1
85198,28327,19,2
85198,28327,0,2
85198,28621,41,5
85198,28802,0,2
85198,28802,84,1
85198,28870,297,2
85198,29119,15,1
85198,29119,72,1
85198,29119,0,4
85198,29120,72,1
85198,29120,0,4
85198,29120,15,1
85198,2921,71,2
85198,2921,321,1
85198,298c02,15,1
85198,298c05,71,1
85198,3001,72,2
85198,3001,322,7
85198,3001,15,1
85198,3001,70,2
85198,3002,72,23
85198,3002,19,2
85198,3002,70,1
85198,3003,2,1
85198,30031,179,1
85198,3004,308,24
85198,3004,15,1
85198,3004,28,7
85198,3004,70,3
85198,3004,72,2
85198,3004,321,14
85198,3004,92,17
85198,3004,272,2
85198,3004,378,12
85198,3004,19,8
85198,3004,2,3
85198,3004,10,12
85198,3004,31,4
85198,3004,191,20
85198,3005,47,3
85198,3005,31,8
85198,3005,70,7
85198,3005,0,10
85198,3005,14,2
85198,3005,272,22
85198,3005,378,9
85198,3005,15,7
85198,3005,19,4
85198,3005,308,46
85198,3005,92,15
85198,3005,191,39
85198,3005,321,5
85198,3005,72,28
85198,3008,70,2
85198,3008,19,4
85198,3008,72,1
85198,3009,272,3
85198,3009,15,1
85198,3009,72,4
85198,3010,191,13
85198,3010,321,11
85198,3010,72,6
85198,3010,320,1
85198,3010,2,3
85198,3010,31,4
85198,3010,15,1
85198,3010,378,1
85198,30126,191,1
85198,30134,72,1
85198,30136,0,3
85198,30136,3,7
85198,30136,71,11
85198,30136,72,11
85198,30151b,47,1
85198,30153,33,1
85198,30153,45,2
85198,30153,47,2
85198,30153,42,1
85198,30166,70,2
85198,30176,2,4
85198,3020,70,9
85198,3020,15,1
85198,3020,19,1
85198,3020,71,8
85198,3020,72,2
85198,3020,308,13
85198,3020,0,17
85198,3020,322,3
85198,3021,71,7
85198,3021,288,11
85198,3021,2,2
85198,3021,19,4
85198,3021,70,3
85198,3021,72,8
85198,3022,72,4
85198,3022,70,5
85198,3022,71,8
85198,3022,2,2
85198,3022,15,2
85198,30229,72,1
85198,3023,19,18
85198,3023,321,4
85198,3023,47,4
85198,3023,45,12
85198,3023,92,7
85198,3023,191,8
85198,3023,4,4
85198,3023,15,12
85198,3023,0,34
85198,3023,272,18
85198,3023,28,26
85198,3023,70,9
85198,3023,72,4
85198,3023,379,4
85198,3023,31,12
85198,3023,308,38
85198,3023,3,45
85198,3023,71,20
85198,3024,272,16
85198,3024,85,2
85198,3024,30,4
85198,3024,0,19
85198,3024,2,5
85198,3024,3,23
85198,3024,308,35
85198,3024,19,1
85198,3024,378,2
85198,3024,212,1
85198,3024,288,2
85198,3024,72,3
85198,3024,71,21
85198,3024,191,25
85198,3024,70,30
85198,3024,15,10
85198,3024,28,22
85198,3024,297,6
85198,3024,4,31
85198,30261,15,1
85198,3028,71,1
85198,3030,72,4
85198,3031,71,10
85198,3031,0,1
85198,3031,72,4
85198,3032,71,6
85198,3032,0,3
85198,3032,70,1
85198,3033,71,2
85198,3034,72,9
85198,3034,70,8
85198,3034,71,19
85198,30340,70,1
85198,3035,71,2
85198,3035,72,7
85198,3035,0,1
85198,3035,70,1
85198,30357,2,13
85198,30357,71,2
85198,30357,70,2
85198,3036,0,1
85198,3036,19,1
85198,3036,70,2
85198,3037,0,1
85198,30374,297,1
85198,30374,70,1
85198,30374,0,12
85198,30374,71,1
85198,30375,15,3
85198,30377,15,2
85198,30377,0,1
85198,3040b,0,1
85198,3040b,72,16
85198,3040b,71,1
85198,3040b,191,2
85198,30414,72,1
85198,3045,0,4
85198,30503,71,3
85198,30503,19,2
85198,30503,72,20
85198,30503,0,2
85198,30504,71,1
85198,30504,19,1
85198,30562,47,2
85198,30565,0,2
85198,30565,71,4
85198,3062b,70,4
85198,3062b,0,23
85198,3062b,308,6
85198,3062b,47,1
85198,3062b,288,1
85198,3062b,297,13
85198,3062b,4,8
85198,3062b,3,4
85198,3065,47,4
85198,3068b,0,1
85198,3068b,308,4
85198,3068b,3,1
85198,3068b,72,6
85198,3069b,70,3
85198,3069b,19,1
85198,3069b,297,14
85198,3069b,41,328
85198,3069b,0,2
85198,3069b,10,30
85198,3069b,3,22
85198,3069b,308,7
85198,3069b,320,2
85198,3069b,182,2
85198,3069b,15,5
85198,3069b,272,1
85198,3069b,71,2
85198,3069b,72,8
85198,3069bpr0189,0,1
85198,3069bpr0265,0,1
85198,3069bpr0276,72,2
85198,3069bpr9983,0,1
85198,3070b,71,6
85198,3070b,26,1
85198,3070b,15,3
85198,3070b,378,18
85198,3070b,34,1
85198,3070b,70,2
85198,3070b,0,5
85198,3070b,322,4
85198,3070b,72,12
85198,3070b,10,12
85198,3070bpr0190,10,2
85198,3070bpr0192,15,2
85198,3070bpr0196,3,2
85198,3070bpr0234,71,1
85198,3185,320,2
85198,32000,72,6
85198,32028,71,1
85198,32028,70,14
85198,32028,0,8
85198,32028,72,4
85198,32028,4,4
85198,32054,0,4
85198,32062,0,1
85198,32062,4,4
85198,32064a,320,1
85198,32064a,28,1
85198,32064a,321,1
85198,32073,71,2
85198,32123b,71,2
85198,32124,70,7
85198,32124,0,8
85198,32192,0,1
85198,32270,0,1
85198,3245c,19,3
85198,3245c,72,4
85198,3245c,10,3
85198,32523,0,2
85198,32555,0,2
85198,32606,4,1
85198,32607,10,13
85198,32607,27,20
85198,32607,25,2
85198,32607,297,2
85198,32607,2,2
85198,32828,0,3
85198,32828,70,1
85198,32932,0,14
85198,32952,378,7
85198,32952,15,15
85198,32952,19,2
85198,32952,72,12
85198,32952,191,22
85198,33078,0,8
85198,33078,4,1
85198,33121,4,1
85198,33183,10,6
85198,33320,29,1
85198,33909,272,1
85198,33909,0,4
85198,33909,15,3
85198,33909,70,10
85198,33909,71,10
85198,34076,71,2
85198,34076,0,2
85198,34103,212,1
85198,34103,70,6
85198,34103,19,1
85198,34103,0,10
85198,34172,15,4
85198,34173,179,1
85198,3460,3,6
85198,3460,70,10
85198,3460,0,3
85198,3460,72,3
85198,3460,28,2
85198,3460,191,4
85198,3460,2,6
85198,3460,308,18
85198,35366,0,4
85198,35459,308,1
85198,35459,0,2
85198,35459,71,1
85198,35464,71,2
85198,35464,25,24
85198,35464,4,1
85198,35477,72,1
85198,35480,15,1
85198,35480,70,3
85198,35480,4,2
85198,35485,297,2
85198,35700,71,2
85198,35787,0,16
85198,35787,72,3
85198,35787,71,13
85198,35787,272,4
85198,36017,297,4
85198,3622,70,3
85198,3622,378,2
85198,3622,15,5
85198,3622,71,34
85198,3622,72,13
85198,3623,0,2
85198,3623,72,4
85198,3623,70,10
85198,3623,272,4
85198,3623,19,4
85198,3623,484,2
85198,3623,158,6
85198,3623,191,6
85198,3623,28,1
85198,3623,15,3
85198,3623,71,21
85198,3623,2,36
85198,3626c,84,1
85198,3626c,0,1
85198,3626c,297,4
85198,3659,71,10
85198,3659,72,2
85198,3660,72,2
85198,3660,2,4
85198,3660,272,1
85198,3665,272,1
85198,3665,308,4
85198,3665,72,7
85198,3665,191,8
85198,3665,0,2
85198,3665,321,2
85198,3665,70,2
85198,3666,191,7
85198,3666,0,37
85198,3666,71,6
85198,3666,15,6
85198,3666,272,16
85198,3666,28,4
85198,3666,308,3
85198,3666,70,5
85198,3666,72,1
85198,3673,71,1
85198,3679,71,3
85198,3680,4,1
85198,3680,15,2
85198,36840,70,18
85198,36840,4,3
85198,36840,191,4
85198,36840,0,4
85198,36841,71,1
85198,36841,272,2
85198,36841,0,3
85198,3700,71,8
85198,3700,19,1
85198,3700,72,15
85198,3709,0,2
85198,3710,15,1
85198,3710,72,7
85198,3710,191,6
85198,3710,308,32
85198,3710,28,14
85198,3710,320,5
85198,3710,2,2
85198,3710,0,2
85198,3710,288,21
85198,37341a,10,2
85198,37341b,10,2
85198,37341c,10,2
85198,37341d,10,2
85198,37341e,10,2
85198,37352,15,1
85198,3743,0,4
85198,3743,71,2
85198,3747b,72,15
85198,37494,0,3
85198,37695,10,12
85198,3795,322,3
85198,3795,70,1
85198,3795,71,6
85198,38014,15,2
85198,3811,72,1
85198,3832,0,2
85198,3832,70,2
85198,3832,72,2
85198,3837,0,1
85198,3839b,0,1
85198,3857,72,1
85198,3878,0,1
85198,3895,71,5
85198,3899,179,3
85198,39262,297,3
85198,3937,378,4
85198,3937,15,8
85198,3937,19,4
85198,3941,272,2
85198,3941,72,1
85198,3941,0,4
85198,3957b,0,3
85198,3957b,70,1
85198,3958,72,1
85198,3958,70,1
85198,39739,29,1
85198,40244,308,3
85198,4032a,15,1
85198,4032a,5,2
85198,4032a,72,6
85198,4032a,321,2
85198,40378,70,10
85198,4070,15,7
85198,4070,28,2
85198,4079b,4,1
85198,4083,15,1
85198,4151b,72,1
85198,41539,71,1
85198,41539,2,1
85198,41539,0,1
85198,4162,71,1
85198,4162,0,2
85198,4162,72,1
85198,41637,272,1
85198,41682,0,4
85198,41682,15,2
85198,41682,70,6
85198,41682,28,1
85198,41740,70,22
85198,41740,0,6
85198,41740,72,17
85198,41740,15,1
85198,4175,72,2
85198,41769,272,1
85198,41770,272,1
85198,41835pr0001,15,1
85198,4185,72,2
85198,41862,71,1
85198,4216,15,2
85198,42409,41,1
85198,42445,47,1
85198,4274,71,6
85198,4274,1,2
85198,4286,72,2
85198,4287c,72,4
85198,4287c,4,4
85198,42924,1,8
85198,43093,1,2
85198,4349,4,4
85198,43722,2,9
85198,43722,288,5
85198,43722,71,3
85198,43722,0,6
85198,43723,2,9
85198,43723,288,5
85198,43723,71,3
85198,43723,0,6
85198,43892,308,10
85198,43898,71,3
85198,43898,0,1
85198,4449,0,1
85198,44568,71,3
85198,4460b,71,4
85198,44676,322,2
85198,44728,70,4
85198,44728,0,1
85198,44728,72,2
85198,44728,191,1
85198,4477,0,2
85198,4477,71,6
85198,44861,71,4
85198,44861,72,4
85198,4490,72,1
85198,4510,71,2
85198,4510,72,4
85198,4510,191,6
85198,4519,14,1
85198,4519,71,1
85198,4522,0,1
85198,4528,179,1
85198,4529,0,1
85198,45590,0,1
85198,4599b,71,1
85198,4733,0,6
85198,4733,71,2
85198,4738c,70,1
85198,4739a,0,10
85198,4740,0,3
85198,4740,182,1
85198,4740,2,5
85198,4740,71,5
85198,47457,191,6
85198,47457,72,1
85198,47905,71,3
85198,47905,19,1
85198,47905,0,4
85198,48092,191,2
85198,48267,25,2
85198,48336,0,2
85198,48336,15,1
85198,48336,72,2
85198,48336,71,1
85198,4865b,19,3
85198,4865b,0,1
85198,4865b,15,1
85198,4865b,84,1
85198,4865b,72,2
85198,48729b,72,6
85198,48729b,0,18
85198,48729b,71,2
85198,48729b,25,1
85198,49153,0,4
85198,49307,4,2
85198,49668,378,4
85198,49668,191,8
85198,49668,4,2
85198,50018a,179,1
85198,50018b,179,2
85198,50018c,179,2
85198,50018d,179,2
85198,50018e,179,2
85198,50018f,179,2
85198,50018g,179,2
85198,50018h,179,1
85198,50254,0,5
85198,50337,71,2
85198,50340,71,1
85198,50665,25,1
85198,50950,0,4
85198,50967,0,1
85198,51138,308,2
85198,51239,308,4
85198,51266,47,4
85198,51739,71,2
85198,52107,71,2
85198,52107,28,1
85198,52494,72,1
85198,53020,71,1
85198,53118,0,7
85198,53119,15,2
85198,53451,179,1
85198,53454,179,2
85198,54200,70,6
85198,54200,3,1
85198,54200,379,2
85198,54200,72,27
85198,54200,15,1
85198,54200,71,2
85198,54200,0,6
85198,54200,308,4
85198,54383,71,1
85198,54384,71,1
85198,57895,47,7
85198,59230,0,1
85198,59443,71,1
85198,59443,70,4
85198,59900,70,5
85198,59900,1,1
85198,59900,46,1
85198,59900,4,8
85198,59900,29,1
85198,59900,129,1
85198,59900,40,2
85198,59900,25,4
85198,6003,2,2
85198,6005,71,2
85198,60115,0,2
85198,60208,308,3
85198,60470b,0,1
85198,60474,72,6
85198,60475b,71,3
85198,60475b,72,7
85198,60475b,0,2
85198,60478,4,1
85198,60478,70,3
85198,60479,0,4
85198,60479,72,2
85198,60481,72,1
85198,60481,0,2
85198,60592,3,9
85198,60592,70,3
85198,60593,308,5
85198,60593,70,4
85198,60594,3,2
85198,60594,70,2
85198,60596,70,2
85198,60596,308,2
85198,60596,72,4
85198,60596,0,4
85198,6060,191,4
85198,60601,47,9
85198,60602,47,6
85198,60603,47,3
85198,60607,70,4
85198,60616b,47,4
85198,60623,320,1
85198,60623,272,2
85198,60623,288,3
85198,6081,3,1
85198,60897,0,1
85198,60897,72,3
85198,60897,15,2
85198,60897,4,1
85198,60897,85,2
85198,6091,2,2
85198,6091,0,2
85198,6106,72,3
85198,6111,0,1
85198,61252,0,5
85198,61252,25,1
85198,61252,4,1
85198,61252,297,3
85198,61252,320,1
85198,61332,0,25
85198,6134,70,6
85198,6134,15,2
85198,6134,0,8
85198,61409,70,2
85198,6141,484,2
85198,6141,71,8
85198,6141,179,3
85198,6141,46,2
85198,6141,84,2
85198,6141,29,1
85198,6141,19,3
85198,6141,379,1
85198,6141,320,1
85198,6141,2,1
85198,6141,45,4
85198,6141,272,2
85198,6141,47,4
85198,6141,1,1
85198,6141,72,3
85198,6141,41,3
85198,6141,0,5
85198,6141,1103,2
85198,61482,0,3
85198,61485,0,2
85198,6179,72,2
85198,6179,71,3
85198,6182,71,2
85198,6187,0,1
85198,6190,72,1
85198,6190,4,2
85198,61904,72,1
85198,61976,84,1
85198,62113,72,1
85198,6231,19,1
85198,6231,70,1
85198,6231,72,4
85198,62361,4,8
85198,62462,1103,2
85198,62462,179,2
85198,62462,70,3
85198,6266,0,1
85198,62885,0,3
85198,63864,10,5
85198,63864,191,4
85198,63864,28,7
85198,63864,70,7
85198,63864,27,3
85198,63864,320,5
85198,63864,322,4
85198,63864,72,4
85198,63864,0,18
85198,63868,0,14
85198,63868,70,8
85198,63868,72,20
85198,63965,28,1
85198,63965,70,1
85198,63965,0,1
85198,63965,297,1
85198,64567,71,2
85198,64567,0,6
85198,64644,0,1
85198,64644,297,1
85198,64847,15,2
85198,65080pat0001,15,1
85198,65183,297,2
85198,6541,2,2
85198,6541,71,1
85198,6541,70,1
85198,65416,71,1
85198,65578,47,7
85198,65734,47,4
85198,65753,3,2
85198,65886,41,1
85198,6636,19,2
85198,6636,308,6
85198,6636,72,12
85198,6636,71,4
85198,6636,70,12
85198,6636,15,2
85198,6636,4,2
85198,6636,0,13
85198,66858,25,2
85198,66909,0,2
85198,66956,71,2
85198,67095,15,1
85198,67329,15,8
85198,68013,71,1
85198,68568,0,2
85198,69900,71,2
85198,70681,0,28
85198,70681,71,4
85198,73983,70,2
85198,73983,71,2
85198,73983,272,2
85198,75937,0,1
85198,77413,9999,1
85198,77415,9999,1
85198,77417,9999,1
85198,85861,28,1
85198,85861,0,3
85198,85861,72,4
85198,85861,70,4
85198,85861,182,5
85198,85861,71,2
85198,85861,27,4
85198,85861,4,16
85198,85861,5,3
85198,85861,297,39
85198,85861,320,2
85198,85975,297,1
85198,85984,0,6
85198,85984,308,6
85198,85984,3,10
85198,86208,72,2
85198,87079,71,1
85198,87079,70,1
85198,87079,15,2
85198,87079,72,4
85198,87079,0,6
85198,87079,3,1
85198,87079,19,3
85198,87081,0,3
85198,87087,85,2
85198,87087,70,4
85198,87087,378,6
85198,87087,4,2
85198,87087,19,6
85198,87087,320,5
85198,87087,3,1
85198,87421,191,3
85198,87544,47,4
85198,87552,71,3
85198,87552,47,1
85198,87552,19,1
85198,87580,272,1
85198,87580,84,1
85198,87580,320,1
85198,87580,4,10
85198,87580,0,6
85198,87580,191,1
85198,87580,71,5
85198,87580,72,4
85198,87620,0,4
85198,87620,15,1
85198,87693,15,3
85198,87994,297,1
85198,87994,72,6
85198,87994,308,1
85198,88072,70,2
85198,88072,4,2
85198,88072,72,16
85198,88072,0,3
85198,88072,71,1
85198,88292,0,10
85198,88292,15,2
85198,88292,84,2
85198,88292,31,4
85198,88293,15,4
85198,88646,71,8
85198,90258,72,12
85198,90258,484,1
85198,90390,297,1
85198,90398,15,1
85198,90398,320,1
85198,90398,297,2
85198,90398,272,1
85198,90541,72,1
85198,90541,321,1
85198,91501,19,2
85198,91988,0,1
85198,91988,72,2
85198,91988,71,2
85198,92092,72,1
85198,92099,72,1
85198,92107,72,1
85198,92280,0,4
85198,92280,288,3
85198,92290,297,1
85198,92692,0,1
85198,92926,2,1
85198,92950,70,3
85198,92950,72,1
85198,92950,19,1
85198,93058b,179,2
85198,93059,297,2
85198,93061,0,2
85198,93273,3,1
85198,93274,72,1
85198,93552pr0003,70,1
85198,93609,0,3
85198,93609,72,2
85198,93609,15,2
85198,95199,72,2
85198,95344,297,1
85198,96874,3,1
85198,98100,71,2
85198,98138,19,3
85198,98138,0,4
85198,98138,70,2
85198,98138,4,2
85198,98138,47,9
85198,98138pr0027,15,2
85198,98138pr0045,0,1
85198,98138pr0051,297,2
85198,98138pr0186,71,1
85198,98139,297,1
85198,98283,320,12
85198,98284,0,1
85198,98313,297,2
85198,98313,15,1
85198,98313,0,11
85198,98313,179,2
85198,98369,0,18
85198,98397,70,6
85198,98397,71,1
85198,98397,0,1
85198,99021,72,2
85198,99206,0,6
85198,99206,19,2
85198,99207,0,9
85198,99207,70,6
85198,99207,72,4
85198,99563,70,22
85198,99563,297,2
85198,99563,0,21
85198,99563,19,1
85198,99563,71,23
85198,99563,191,9
85198,99780,71,7
85198,99780,25,8
85198,99780,70,6
85198,99780,0,3
85198,99780,2,4
85198,99781,71,1
85198,99781,320,2
85198,99781,72,2
85198,99781,15,2
85198,99959,9999,1
85205,15573,71,2
85205,3004,71,2
85205,3023,71,2
85205,3023,0,1
85205,3023,15,3
85205,3032,2,1
85205,3068b,71,1
85205,3070b,71,2
85205,3622,15,1
85205,3622,71,2
85205,3710,0,1
85205,3747a,15,1
85205,4070,71,2
85205,4070,15,2
85205,54200,0,2
85205,54200,71,9
85205,6019,0,2
85205,6141,0,2
85215,25378,0,1
85215,3626cpr2258,14,1
85215,970c11pr1764,28,1
85215,973c01h01pr4785,0,1
85216,28621,42,1
85216,40925pat0002,1,1
85216,970c28pr1606,1,1
85216,973c28h03pr4516,1,1
85218,3626cpr0412,179,1
85218,40925pat0003,15,1
85218,41162,297,1
85218,970c27pr1612,15,1
85218,973c27h03pr4525,15,1
85219,35660pat0002,272,1
85219,3626cpr3068,14,1
85219,970c24pr0066,379,1
85219,973c10h12pr5076,320,1
85220,25379,179,1
85220,3626c,71,1
85220,37614,179,1
85220,970c14,71,1
85220,973c14h12,71,1
85221,3626cpr3268,14,1
85221,40240,19,1
85221,41879a,2,1
85221,973c31h03pr4521,2,1
85223,25405pr0001,0,1
85223,3626cpr9888,14,1
85223,970c04,321,1
85223,973c03h01pr4813,0,1
85224,17630,0,1
85224,3626cpr2629,14,1
85224,970c05,272,1
85224,973c22h01pr4791,4,1
85225,20877,226,1
85225,3626cpr2589,14,1
85225,970c05,272,1
85225,973c31h01pr5243,2,1
85226,3626cpr0677,14,1
85226,41879a,19,1
85226,90541,321,1
85226,973c35h01pr5038,288,1
85227,3626cpr2949,14,1
85227,61183,0,1
85227,970c11,28,1
85227,973c19h01pr4787,70,1
85229,3626cpr2948,14,1
85229,59363,70,1
85229,970c09,85,1
85229,973c43h01pr4284,29,1
85230,3626cpr2991,14,1
85230,85974,31,1
85230,970c27pr1662,15,1
85230,973c27h01pr5032,15,1
85233,3626cpr3380,297,1
85233,93059,297,1
85233,93069,297,1
85233,970c21pr9836,297,1
85233,973c21h21pr5479,297,1
85234,11303,1,1
85234,3626cpr3067,14,1
85234,970c27,15,1
85234,973c42h01pr5505,15,1
85236,25412,308,1
85236,3626cpr2257,14,1
85236,970c05,272,1
85236,973c28h01pr9997,1,1
85238,3626cpr1776,14,1
85238,88286,72,1
85238,970c25,378,1
85238,973c41h01pr9999,484,1
85239,15619,288,1
85239,3626cpr9789,14,1
85239,88283,484,1
85239,970c25pr9881,378,1
85239,973e002pr5483,378,1
85240,3626cpr9787,14,1
85240,95674,0,1
85240,970c12pat03,72,1
85240,973d30pr9998,320,1
85300,98721,0,2
85336,3626cpr9788,14,1
85336,93059,19,1
85336,970c10,320,1
85336,973c10h01pr9999,320,1
85417,3004,288,7
85417,3004,1,4
85417,3005,19,4
85417,3021,19,7
85417,3023,288,2
85417,3036,0,2
85417,3039,288,5
85417,3070b,288,5
85417,3070b,0,4
85417,3070b,19,10
85417,3623,288,2
85417,3623,19,6
85417,4070,19,2
85417,4162,0,3
85417,4162pr9990,0,1
85417,4490,19,4
85417,54200,288,4
85417,60481,288,2
85417,6141,2,5
85417,6231,19,10
85417,98283,19,4
85419,11090,72,2
85419,11253,179,2
85419,20482,72,4
85419,3024,36,1
85419,3024,72,1
85419,37822,72,1
85419,3833,4,1
85419,4697b,71,1
85419,4733,72,1
85419,48729b,72,2
85419,52494,72,1
85419,54200,72,1
85419,85861,297,1
85419,98313,72,2
85433,10247,71,2
85433,11215,0,1
85433,11476,71,2
85433,11477,0,8
85433,12825,0,2
85433,15379,0,48
85433,15621,46,1
85433,15706,0,2
85433,16054,9999,1
85433,17114,308,1
85433,2450,1,2
85433,2654,182,1
85433,2780,0,8
85433,3004,73,2
85433,30162,71,4
85433,30173b,297,2
85433,3020,71,1
85433,3021,1,5
85433,3021,72,3
85433,3023,72,7
85433,3031,72,1
85433,3032,0,1
85433,3034,72,1
85433,30374,36,4
85433,3068b,2,1
85433,3069b,378,1
85433,3069bpr0090,72,1
85433,3176,0,2
85433,32001,0,1
85433,32012,72,2
85433,32028,71,1
85433,32054,71,2
85433,32064b,71,2
85433,32123b,71,4
85433,32187,71,2
85433,32271,72,2
85433,32523,71,2
85433,32524,72,2
85433,32556,19,2
85433,3660,72,2
85433,3665,72,4
85433,3666,1,1
85433,3701,0,2
85433,3710,0,3
85433,3713,71,2
85433,3794b,0,3
85433,3795,72,1
85433,3795,70,1
85433,3832,72,1
85433,3895,1,2
85433,4032a,14,4
85433,4032a,85,1
85433,4070,0,2
85433,4150,72,2
85433,4150pr0012,72,1
85433,4162,0,2
85433,41769,1,1
85433,41770,1,1
85433,4274,71,4
85433,4282,0,1
85433,43093,1,4
85433,43719,0,1
85433,44728,72,6
85433,4510,0,2
85433,4735,0,2
85433,47457,1,1
85433,47753,0,2
85433,4865b,1,2
85433,4871,0,1
85433,50950,1,2
85433,51739,272,2
85433,51739,71,1
85433,54200,378,1
85433,55976,0,2
85433,56145,297,2
85433,57909b,72,2
85433,59900,297,6
85433,60032,0,2
85433,60470b,0,10
85433,60471,71,1
85433,60897,0,2
85433,61070,0,1
85433,61071,0,1
85433,6117,297,1
85433,6141,33,4
85433,6141,297,11
85433,62462,71,2
85433,63868,0,4
85433,64567,297,2
85433,6536,15,2
85433,6541,0,2
85433,6553,72,2
85433,6587,28,2
85433,75937,179,1
85433,86208,71,2
85433,87079,70,1
85433,87079,1,2
85433,87083,72,8
85433,90609,0,2
85433,90611,0,2
85433,90641,297,2
85433,92013,0,4
85433,92280,71,2
85433,92579,40,1
85433,92593,272,2
85433,92946,19,2
85433,92946,1,2
85433,93273,1,2
85433,94925,71,2
85433,98100,71,2
85433,98137,297,4
85433,98397,71,2
85433,98834,0,4
85433,99207,71,2
85433,99780,0,2
85433,99781,71,1
85434,11106,179,1
85434,11477,308,6
85434,14417,72,3
85434,14419,72,2
85434,14704,71,3
85434,15068,308,2
85434,15756,9999,1
85434,17114,308,2
85434,2431,70,1
85434,2654,19,2
85434,2654pr0006,19,1
85434,30136,28,5
85434,3021,19,1
85434,3022,0,1
85434,3023,19,10
85434,30374,70,1
85434,3069bpr0134,70,1
85434,3660,70,2
85434,3665,70,2
85434,3666,70,1
85434,3795,70,1
85434,4032a,70,1
85434,44728,19,2
85434,44728,72,2
85434,47407,0,1
85434,47457,308,4
85434,48336,19,3
85434,50950,19,4
85434,54200,70,8
85434,60470b,0,1
85434,6058415,9999,1
85434,6141,70,4
85434,85984,19,1
85434,88072,0,2
85434,92013,308,4
85434,92747,41,1
85434,98138,41,2
85434,98313,70,6
85434,99207,0,2
85434,99780,0,2
85434,99781,71,1
85450,3002d,2,1
85451,3002d,4,1
85452,3002d,15,1
85453,3002d,14,1
85455,3065b,2,1
85456,3065b,4,1
85457,3065b,15,1
85458,3065b,14,1
85460,3006b,2,1
85461,3006b,4,1
85462,3006b,15,1
85463,3006b,14,1
85465,upn0019,2,1
85466,upn0019,4,1
85467,upn0019,15,1
85468,upn0019,14,1
85469,upn0039,2,1
85470,upn0039,4,1
85471,upn0039,15,1
85472,upn0039,14,1
85473,3007d,2,1
85474,3007d,4,1
85475,3007d,15,1
85476,3007d,14,1
85477,upn0046a,2,1
85478,upn0046a,4,1
85479,upn0046a,15,1
85480,upn0046a,14,1
85481,brickslot0005,4,1
85482,brickslot0005,15,1
85483,brickslot0005,14,1
85484,brickslot0010,4,1
85485,brickslot0010,15,1
85486,brickslot0010,14,1
85487,brickslot0009,4,1
85488,brickslot0009,15,1
85489,brickslot0009,14,1
85490,brickslot0007,4,1
85491,brickslot0007,15,1
85492,brickslot0007,14,1
85493,brickslot0008,4,1
85494,brickslot0008,15,1
85495,brickslot0008,14,1
85496,brickslot0006,4,1
85497,brickslot0006,15,1
85498,brickslot0006,14,1
85503,brickslot0005,4,1
85503,brickslot0006,4,1
85503,brickslot0007,4,1
85503,brickslot0008,4,1
85503,brickslot0009,4,1
85503,brickslot0010,4,1
85504,brickslot0005,15,1
85504,brickslot0006,15,1
85504,brickslot0007,15,1
85504,brickslot0008,15,1
85504,brickslot0009,15,1
85504,brickslot0010,15,1
85505,brickslot0005,14,1
85505,brickslot0006,14,1
85505,brickslot0007,14,1
85505,brickslot0008,14,1
85505,brickslot0009,14,1
85505,brickslot0010,14,1
85506,3008a,4,4
85506,3009a,4,5
85507,3008a,15,4
85507,3009a,15,5
85508,3008a,14,4
85508,3009a,14,5
85509,3001d,1,1
85509,3001d,14,1
85510,3023,1,50
85510,3024,1,30
85511,3023,2,50
85511,3024,2,30
85512,3023,7,50
85512,3024,7,30
85513,3023,4,50
85513,3024,4,30
85514,3023,47,50
85514,3024,47,30
85515,3023,15,50
85515,3024,15,30
85516,3023,14,50
85516,3024,14,30
85518,3022,1,40
85519,3022,2,40
85520,3022,7,40
85521,3022,4,40
85522,3022,47,40
85523,3022,15,40
85524,3022,14,40
85525,3021,1,30
85526,3021,2,30
85527,3021,7,30
85528,3021,4,30
85529,3021,47,30
85530,3021,15,30
85531,3021,14,30
85532,3020,1,24
85533,3020,2,24
85534,3020,7,24
85535,3020,4,24
85536,3020,47,24
85537,3020,15,24
85538,3020,14,24
85539,3020,14,5
85539,3020,1,5
85539,3021,14,5
85539,3021,1,5
85539,3022,1,4
85539,3022,14,4
85539,3023,1,3
85539,3023,14,3
85539,3024,14,2
85539,3024,1,2
85540,3020,4,5
85540,3020,15,5
85540,3021,4,5
85540,3021,15,5
85540,3022,4,4
85540,3022,15,4
85540,3023,4,3
85540,3023,15,3
85540,3024,4,2
85540,3024,15,2
85547,3020,1,10
85547,3021,1,10
85547,3022,1,8
85547,3023,1,6
85547,3024,1,4
85548,3020,4,10
85548,3021,4,10
85548,3022,4,8
85548,3023,4,6
85548,3024,4,4
85549,3020,47,10
85549,3021,47,10
85549,3022,47,8
85549,3023,47,6
85549,3024,47,4
85550,3020,15,10
85550,3021,15,10
85550,3022,15,8
85550,3023,15,6
85550,3024,15,4
85551,3020,14,10
85551,3021,14,10
85551,3022,14,8
85551,3023,14,6
85551,3024,14,4
85552,3068a,14,14
85552,3068a,1,14
85552,3069a,1,6
85552,3069a,14,6
85552,3070a,14,6
85552,3070a,1,6
85553,3068a,4,14
85553,3068a,15,14
85553,3069a,15,6
85553,3069a,4,6
85553,3070a,15,6
85553,3070a,4,6
85554,3004,1,8
85554,3005,1,6
85554,3008,1,4
85554,3009,1,4
85554,3010,1,6
85555,3004,4,8
85555,3005,4,6
85555,3008,4,4
85555,3009,4,4
85555,3010,4,6
85556,3004,47,8
85556,3005,47,6
85556,3008,47,4
85556,3009,47,4
85556,3010,47,6
85557,3004,15,8
85557,3005,15,6
85557,3008,15,4
85557,3009,15,4
85557,3010,15,6
85558,3004,14,8
85558,3005,14,6
85558,3008,14,4
85558,3009,14,4
85558,3010,14,6
85559,3004,1,22
85559,3004,14,22
85560,3004,4,44
85561,3004,15,44
85562,3003a,1,33
85563,3003a,4,33
85564,3003a,47,33
85565,3003a,15,33
85566,3003a,14,33
85567,3003a,1,20
85568,3003a,4,20
85569,3003a,15,20
85570,3003a,14,20
85571,3002a,1,25
85572,3002a,4,25
85573,3002a,47,25
85574,3002a,15,25
85575,3002a,14,25
85576,3001a,1,21
85577,3001a,4,21
85578,3001a,47,21
85579,3001a,15,21
85580,3001a,14,21
85581,3002a,1,15
85582,3002a,4,15
85583,3002a,15,15
85584,3002a,14,15
85585,3001a,1,13
85586,3001a,4,13
85587,3001a,15,13
85588,3001a,14,13
85589,3006,4,2
85589,3007,4,4
85590,3006,15,2
85590,3007,15,4
85592,3006,4,4
85592,3007,4,5
85593,3006,15,4
85593,3007,15,5
85594,702,15,2
85594,702,4,3
85601,11153,378,2
85601,13349,0,1
85601,13547,0,2
85601,15068,378,2
85601,15392,72,2
85601,15403,0,2
85601,15712,72,4
85601,18654,297,2
85601,18671,72,1
85601,21459,179,2
85601,22961,0,2
85601,23443,71,2
85601,2357,19,2
85601,2412b,72,1
85601,2420,70,2
85601,2432,70,1
85601,25375,297,1
85601,2540,72,2
85601,2586pr0030,28,1
85601,2654,0,1
85601,27940,72,1
85601,29109,297,3
85601,29119,378,1
85601,29120,378,1
85601,3020,70,4
85601,3021,72,2
85601,3022,378,1
85601,3023,19,1
85601,3032,72,1
85601,30374,297,1
85601,3070b,288,2
85601,32013,308,2
85601,32015,0,2
85601,32034,72,4
85601,32062,4,3
85601,32192,72,1
85601,32524,0,2
85601,3660,0,1
85601,3660,70,2
85601,3673,71,4
85601,36840,0,2
85601,3706,0,1
85601,3710,28,2
85601,3749,19,4
85601,3795,0,2
85601,3894,72,2
85601,3957b,0,2
85601,41769,288,1
85601,41770,288,1
85601,4274,1,2
85601,4286,288,2
85601,43056,0,1
85601,44676,378,4
85601,44861,288,6
85601,4519,71,2
85601,45590,0,2
85601,47457,297,1
85601,47759,72,1
85601,55976,0,1
85601,59443,71,1
85601,60477,72,2
85601,61332,0,5
85601,61409,378,4
85601,6141,297,6
85601,61481,0,1
85601,64567,297,1
85601,65487,71,1
85601,65571,297,2
85601,66155,297,2
85601,66906,0,3
85601,69567pat0001,297,1
85601,71549,9999,1
85601,72350pr0001,15,1
85601,85943,72,1
85601,85984,72,1
85601,87083,72,1
85601,87747,15,2
85601,87994,0,2
85601,93274,72,3
85601,93789,15,1
85601,98137,297,2
85601,98138,72,2
85601,98313,297,2
85601,99780,71,6
85602,11477,15,1
85602,11477,3,8
85602,13548,3,2
85602,14704,71,6
85602,14769pr1173,297,1
85602,15064,15,2
85602,15068,15,1
85602,15068,3,10
85602,15070,3,2
85602,15392,72,2
85602,15403,15,2
85602,15573,297,1
85602,15706,72,4
85602,15712,297,2
85602,16770,4,1
85602,17114,72,1
85602,18654,72,2
85602,18674,72,2
85602,21459,297,2
85602,21459,179,1
85602,22385,15,1
85602,22385,3,10
85602,22890,72,4
85602,2412b,70,1
85602,2419,28,1
85602,24299,378,2
85602,24307,378,2
85602,24316,70,5
85602,25269,82,2
85602,25269,3,23
85602,25375,297,1
85602,2654,321,1
85602,26601,28,2
85602,26601,378,4
85602,26604,378,2
85602,27261,72,2
85602,2736,71,2
85602,27925,3,2
85602,29109,297,1
85602,29119,320,2
85602,29119,378,2
85602,29120,378,2
85602,29120,320,2
85602,3003,25,2
85602,3005,3,2
85602,3020,72,2
85602,3020,378,4
85602,3020,15,1
85602,3021,3,5
85602,3021,0,1
85602,3022,378,5
85602,3022,191,3
85602,3023,3,8
85602,3023,72,1
85602,3023,26,3
85602,3034,28,1
85602,30357,3,4
85602,30374,70,2
85602,30377,72,2
85602,3176,72,10
85602,3176,378,7
85602,32016,72,2
85602,32062,4,1
85602,32062,0,6
85602,32123b,14,5
85602,32124,0,2
85602,32192,71,2
85602,32803,15,1
85602,32828,71,2
85602,33909,15,1
85602,33909,19,1
85602,35044,272,2
85602,35480,72,3
85602,35480,15,1
85602,36017,297,1
85602,3666,378,1
85602,36840,72,8
85602,36841,71,8
85602,3710,378,2
85602,3713,71,5
85602,3795,25,1
85602,3795,378,3
85602,3795,28,1
85602,4032a,72,2
85602,4081b,72,2
85602,41677,72,2
85602,41769,378,1
85602,41770,378,1
85602,4274,71,4
85602,43719,15,1
85602,43722,3,8
85602,43723,3,8
85602,43898,3,2
85602,44676,322,2
85602,44728,72,4
85602,4499,0,1
85602,4519,71,2
85602,4697b,0,1
85602,4740,82,2
85602,47455,72,4
85602,47457,297,4
85602,48171,72,4
85602,48172,0,2
85602,4871,70,1
85602,49668,15,2
85602,50949,0,1
85602,50950,3,2
85602,52494,72,1
85602,53451,15,12
85602,54200,3,4
85602,54383,28,1
85602,54384,28,1
85602,59900,297,6
85602,60470b,84,2
85602,60897,19,1
85602,61252,72,4
85602,61406pat0010,3,1
85602,6141,41,4
85602,6141,1103,1
85602,63868,4,2
85602,63868,321,2
85602,63868,28,2
85602,63965,72,1
85602,6553,71,2
85602,6632,72,2
85602,69567pat0001,297,1
85602,71621,9999,1
85602,72224pr0003,28,1
85602,72362pr0001,3,1
85602,85080,3,4
85602,85861,297,2
85602,85861,28,10
85602,85984,28,2
85602,85984,70,1
85602,85984,3,5
85602,87580,297,7
85602,87747,15,2
85602,92013,72,1
85602,92338,179,1
85602,92690,70,2
85602,92691,15,1
85602,92692,297,4
85602,93273,3,2
85602,93571,0,1
85602,93789,15,1
85602,98137,297,6
85602,98138,72,1
85602,98141,297,2
85602,98313,72,12
85602,99207,71,4
85602,99563,1103,12
85602,99563,297,3
85602,99780,28,13
85602,99781,72,10
85602,99781,3,3
85602,99781,19,4
85603,10884,10,5
85603,11090,72,3
85603,11458,72,6
85603,11476,15,2
85603,11476,0,1
85603,11477,28,4
85603,11477,3,6
85603,13548,72,4
85603,14395,72,4
85603,14704,71,6
85603,14719,72,2
85603,14769,72,4
85603,14769,19,2
85603,14769,15,1
85603,15068,72,2
85603,15535,72,1
85603,15535,4,2
85603,15573,72,1
85603,15672,28,1
85603,15672,72,2
85603,15706,72,3
85603,15712,72,4
85603,15712,297,1
85603,15712,0,1
85603,15712,15,4
85603,15712,70,1
85603,18649,15,2
85603,18654,71,2
85603,18674,4,1
85603,18980,19,1
85603,20482,71,1
85603,21459,179,3
85603,22885,71,3
85603,22888,322,1
85603,22888,19,1
85603,22890,72,6
85603,22961,4,1
85603,22961,308,1
85603,2357,28,5
85603,2357,72,7
85603,2419,28,1
85603,2420,71,2
85603,24201,71,6
85603,24299,72,1
85603,2431,19,2
85603,24316,70,1
85603,2450,19,1
85603,2450,71,1
85603,2450,28,1
85603,24593,71,6
85603,25269,4,2
85603,25269,484,2
85603,25269,191,2
85603,25269,71,2
85603,2586pr0030,28,1
85603,26047,71,2
85603,26601,28,1
85603,26601,71,4
85603,26601,72,6
85603,26603,72,1
85603,27256,52,3
85603,27261,72,2
85603,27393,182,1
85603,27925,3,12
85603,2817,0,1
85603,28192,72,1
85603,29109,297,4
85603,29119,72,2
85603,29120,72,2
85603,2921,70,1
85603,3001,72,1
85603,3004,28,1
85603,3004,72,1
85603,3005,28,8
85603,3007,71,1
85603,30099,72,2
85603,3010,72,3
85603,30136,71,6
85603,30145,71,1
85603,30153,52,2
85603,3020,72,1
85603,3021,71,1
85603,3022,71,2
85603,3023,28,10
85603,3023,72,11
85603,3023,71,3
85603,30236,72,3
85603,3024,28,9
85603,3031,71,1
85603,3034,19,1
85603,3035,19,3
85603,3036,19,1
85603,30374,297,1
85603,30377,15,4
85603,3040b,72,1
85603,3040b,28,11
85603,3040b,71,3
85603,30414,72,4
85603,30503,72,1
85603,30504,19,2
85603,3068b,71,3
85603,3069b,182,10
85603,3069b,70,1
85603,32000,19,1
85603,32002,19,2
85603,32014,72,1
85603,32056,72,1
85603,32062,4,1
85603,32126,0,2
85603,32607,10,9
85603,32607,2,5
85603,32607,27,4
85603,32952,72,5
85603,3298,72,1
85603,33121,4,1
85603,33172,25,1
85603,33183,10,1
85603,33183,70,1
85603,33909,72,1
85603,33909,15,3
85603,33909,19,2
85603,3460,72,2
85603,35480,28,2
85603,35480,0,2
85603,35480,70,4
85603,3623,71,3
85603,3626cpr0895,15,1
85603,3665,72,7
85603,3700,71,1
85603,3700,72,1
85603,3701,72,1
85603,3705,0,2
85603,3709,72,1
85603,3710,19,2
85603,37341a,15,2
85603,37341b,15,2
85603,37341c,15,2
85603,37341d,15,2
85603,37341e,15,2
85603,3749,19,1
85603,37775,182,2
85603,3830,71,2
85603,3831,72,2
85603,3941,15,2
85603,3941,182,1
85603,3957b,70,2
85603,3958,19,1
85603,39888,19,3
85603,4032a,71,3
85603,4032a,0,2
85603,40378,70,1
85603,4081b,15,2
85603,41747,72,2
85603,41748,72,1
85603,41769,72,2
85603,41769,71,4
85603,41770,72,2
85603,41770,71,3
85603,41812,72,1
85603,42022,72,2
85603,4274,71,2
85603,4286,72,2
85603,42924,1,1
85603,43093,1,4
85603,43710,72,1
85603,43711,72,2
85603,43722,72,1
85603,43723,72,1
85603,4460b,71,1
85603,4590,72,1
85603,47755,72,1
85603,4865b,72,1
85603,4865b,71,1
85603,48729b,0,1
85603,49307,3,1
85603,49668,182,4
85603,50305,28,1
85603,50950,28,4
85603,51739,72,1
85603,51739,28,1
85603,53451,15,8
85603,53451,28,8
85603,54200,72,21
85603,54200,28,4
85603,54200,71,3
85603,54200,3,1
85603,54384,28,1
85603,59443,4,2
85603,59900,15,2
85603,59900,182,2
85603,60474,308,2
85603,60474,191,2
85603,60474,4,2
85603,60475b,72,5
85603,60476,71,1
85603,60477,71,1
85603,60481,72,3
85603,60897,72,2
85603,60897,70,4
85603,6106,19,1
85603,61252,71,6
85603,6141,71,2
85603,6141,41,3
85603,62462,70,1
85603,63965,28,2
85603,63965,70,2
85603,64567,297,1
85603,64647,182,1
85603,64648,212,1
85603,64799,71,1
85603,64951,1103,1
85603,6541,72,1
85603,65487,72,2
85603,65676,15,1
85603,67329,72,3
85603,67446,72,1
85603,69567pat0001,297,1
85603,71622,9999,1
85603,75937,15,1
85603,75c14,70,1
85603,85861,28,2
85603,85861,297,1
85603,85861,320,2
85603,85861,70,2
85603,85861,182,6
85603,85984,72,1
85603,87079,71,1
85603,87580,70,2
85603,87585,70,1
85603,87620,72,1
85603,87620,71,2
85603,87994,70,5
85603,90258,72,1
85603,92338,297,1
85603,92338,0,1
85603,92438,19,1
85603,92690,70,1
85603,92690,297,2
85603,92950,71,2
85603,93061,15,4
85603,93160,15,1
85603,93789,15,1
85603,95343,71,1
85603,96874,25,1
85603,98138,0,3
85603,98138,19,1
85603,98138,72,4
85603,98138,52,6
85604,10197,72,8
85604,10247,72,2
85604,11153,191,4
85604,11153,4,2
85604,11211,71,2
85604,11211,19,2
85604,11212,0,2
85604,11214,72,2
85604,11215,0,1
85604,11458,70,6
85604,11476,71,4
85604,11477,3,4
85604,11946,0,1
85604,11947,0,1
85604,13269,3,1
85604,13547,15,2
85604,13731,4,2
85604,14181,15,1
85604,14769,191,2
85604,15068,4,6
85604,15068,28,7
85604,15068,191,1
85604,15207,70,2
85604,15208,15,2
85604,15303,182,3
85604,15303,52,3
85604,15392,70,2
85604,15400,72,4
85604,15403,0,2
85604,15456,0,2
85604,15535,28,1
85604,15571,15,11
85604,15672,28,8
85604,15706,70,2
85604,15712,70,6
85604,18041,297,2
85604,18654,297,4
85604,18671,71,4
85604,18674,70,2
85604,18677,71,10
85604,18677,15,2
85604,21459,179,2
85604,22385,15,6
85604,22385,70,4
85604,22385,4,6
85604,22961,71,2
85604,2357,4,2
85604,2357,19,2
85604,2420,28,4
85604,24201,72,4
85604,24299,72,3
85604,24307,72,3
85604,2432,70,4
85604,2445,71,1
85604,2489,308,2
85604,2540,297,4
85604,2540,19,5
85604,2586pr0030,28,1
85604,26047,70,2
85604,2653,0,6
85604,2654,0,13
85604,26601,15,2
85604,27256,52,13
85604,2817,71,2
85604,28192,70,2
85604,29109,297,3
85604,29115,72,1
85604,29119,4,2
85604,29120,4,2
85604,3001,28,1
85604,3003,70,1
85604,30031,72,1
85604,30036,70,2
85604,3004,28,2
85604,30043,0,2
85604,30136,70,6
85604,30137,70,4
85604,30153,52,2
85604,30157,72,2
85604,3020,71,4
85604,3021,70,6
85604,3022,191,2
85604,3022,3,3
85604,3023,191,12
85604,3023,19,2
85604,30236,72,2
85604,3032,28,1
85604,3034,4,2
85604,3039,3,2
85604,30414,0,2
85604,30503,70,2
85604,3070b,191,2
85604,32002,19,2
85604,32005a,0,2
85604,32013,308,4
85604,32016,0,1
85604,32016,72,1
85604,32028,70,8
85604,32034,0,3
85604,32034,71,3
85604,32054,71,2
85604,32062,4,2
85604,32064a,0,8
85604,32072,297,2
85604,32123b,14,4
85604,32124,70,2
85604,32192,28,1
85604,32316,72,4
85604,32348,4,2
85604,32523,3,2
85604,33909,70,2
85604,3460,0,2
85604,35480,28,2
85604,35633,15,2
85604,36017,297,2
85604,3623,72,2
85604,3623,19,2
85604,3666,70,3
85604,3666,4,2
85604,3673,71,6
85604,3700,70,1
85604,3701,72,2
85604,3702,0,4
85604,3705,0,1
85604,3706,0,1
85604,3707,0,2
85604,3709,15,1
85604,3710,28,10
85604,3710,4,6
85604,3713,71,1
85604,3747b,72,2
85604,3749,19,2
85604,3795,28,3
85604,3832,72,4
85604,3832,1,3
85604,3839b,72,1
85604,3958,72,1
85604,4032a,71,13
85604,4081b,15,4
85604,4162,15,4
85604,4162,70,2
85604,41682,70,2
85604,41747,4,1
85604,41748,4,1
85604,41769,70,1
85604,41770,70,1
85604,42195,4,2
85604,4274,1,4
85604,42924,1,8
85604,43093,1,6
85604,43710,15,1
85604,43711,15,1
85604,43713,72,5
85604,43722,4,1
85604,43722,3,5
85604,43723,4,1
85604,43723,3,5
85604,44294,71,1
85604,44674,3,4
85604,44676,191,4
85604,44676,28,2
85604,44728,71,2
85604,4477,70,6
85604,44861,71,4
85604,4499,0,1
85604,4510,72,2
85604,4510,71,2
85604,4519,14,5
85604,45705,28,1
85604,46189,70,1
85604,46667,0,2
85604,47457,15,5
85604,47755,4,1
85604,48169,72,2
85604,48336,70,4
85604,49668,15,8
85604,49668,0,2
85604,50304,4,2
85604,50304,0,1
85604,50305,0,1
85604,50305,4,2
85604,50340,15,1
85604,50451,0,1
85604,51739,4,3
85604,51739,15,1
85604,53451,15,4
85604,53585,0,1
85604,54657,72,2
85604,57360,0,1
85604,59443,4,1
85604,59443,0,1
85604,59900,297,3
85604,60470b,15,2
85604,6091,28,2
85604,61252,4,2
85604,61252,19,2
85604,61332,0,5
85604,61409,4,2
85604,61409,15,2
85604,6141,52,4
85604,6141,28,6
85604,61800,3,6
85604,6232,15,1
85604,63965,28,4
85604,64449,70,1
85604,64567,297,5
85604,6541,72,2
85604,65426,0,1
85604,65429,0,1
85604,65509,19,1
85604,6553,72,1
85604,6553,0,1
85604,6587,28,2
85604,6632,71,2
85604,6636,70,2
85604,6636,28,2
85604,66906,0,6
85604,66906,4,8
85604,66956,15,1
85604,69567pat0001,297,1
85604,69729,70,2
85604,71668,9999,1
85604,72347pr0001,19,1
85604,72454,72,3
85604,73483pr0001,15,1
85604,85861,297,5
85604,85984,70,2
85604,87079,15,2
85604,87083,72,1
85604,87407,71,2
85604,87747,15,14
85604,90194,70,5
85604,91988,71,1
85604,92338,297,1
85604,92582,71,1
85604,92690,297,1
85604,92690,70,3
85604,92947,0,2
85604,93095,15,1
85604,93571,0,1
85604,93789,15,1
85604,96874,25,1
85604,98138,72,2
85604,98313,15,5
85604,99021,308,2
85604,99206,70,3
85604,99206,19,5
85604,99207,19,4
85604,99563,15,9
85604,99563,191,6
85604,99780,71,2
85604,99781,19,4
85609,15619,4,1
85609,3626cpr9975,14,1
85609,69560pat0001,308,1
85609,970c22pr9842,4,1
85609,973c01h22pr0001,15,1
85610,41637,0,1
85610,43693pr0006,15,1
85610,6266,15,2
85610,93059,19,1
85610,93060pr0006,15,1
85610,93061,15,2
85616,15619,321,1
85616,25379,179,1
85616,3626cpr0412,179,1
85616,970c30pr9841,179,1
85616,973c30h04pr0001,15,1
85619,3626cpr9803,272,1
85619,970c24pr9839,379,1
85619,973c24h03pr0001,379,1
85619,98153,379,1
85621,15619,1,1
85621,25412,308,1
85621,3626cpr2257,14,1
85621,970c27pr9840,15,1
85621,973c01h28pr5456,15,1
85623,15619,25,1
85623,25378,0,1
85623,3626cpr2258,14,1
85623,970c03pr9838,0,1
85623,973c01h34pr5459,0,1
85624,19859pat0003,42,1
85624,28621pr3327,42,1
85624,40925pat0011,272,1
85624,973c05h09pr0001,85,1
85627,21459,179,2
85627,63965,70,1
85629,3626cpr2255,14,1
85629,40925pat0006,297,1
85629,41162,297,1
85629,970c21pr9918,297,1
85629,973c21h21pr4504,297,1
85630,19859pat0007,52,1
85630,28621pr3421,52,1
85630,35635,297,1
85630,48493,0,1
85630,973c03h09pr0001,0,1
85648,15619,0,1
85648,19859pat0003,42,1
85648,28621pr3327,42,1
85648,41637,0,1
85648,93059,85,1
85648,973c05h09pr0001,85,1
85650,3626cpr0412,179,1
85650,40925pat0010,15,1
85650,41162,1103,1
85650,970c03pr9837,0,1
85650,973c27h03pr0001,0,1
85652,3626cpr2257,14,1
85652,65072pat0002,297,1
85652,65183,297,1
85652,970c21pr9836,297,1
85652,973c21h21pr0001,297,1
85657,3626cpr2258,14,1
85657,65435,297,1
85657,66953pat0003,297,1
85657,970c21pr9836,297,1
85657,973c21h21pr0002,297,1
85660,15616pr0002,0,1
85660,3626cpr9868,0,1
85660,41879a,0,1
85660,973d01pr4974,0,1
85665,15619,0,1
85665,25378,0,1
85665,3626cpr2258,14,1
85665,970c03pr9915,0,1
85665,973c01h03pr0001,0,1
85666,3626cpr9802,14,1
85666,93563,0,1
85666,970c10pr9835,320,1
85666,973c01h03pr0002,0,1
85667,3626cpr9975,14,1
85667,40925pat0009,297,1
85667,41162,297,1
85667,970c21pr9836,297,1
85667,973c21h21pr0003,297,1
85671,3626cpr2255,14,1
85671,69562pat0001,2,1
85671,970c21pr9836,297,1
85671,973c21h21pr0004,297,1
85671,98132,297,1
85672,3626cpr3136,14,1
85672,87999,308,1
85672,970c25pr9834,378,1
85672,973c01h01pr0003,14,1
85673,18822,320,1
85673,3626cpr9800,14,1
85673,970c10,320,1
85673,973c01h01pr0002,320,1
85674,2526,297,1
85674,3626cpr9801,14,1
85674,41879a,3,1
85674,87995,0,1
85674,973c46h01pr0001,3,1
85677,3626cpr9799,14,1
85677,69562pat0001,2,1
85677,970c35pr9833,288,1
85677,973c31h03pr0001,288,1
85728,3001a,1,21
85729,3001a,4,21
85730,3001a,47,21
85731,3001a,15,21
85732,3001a,14,21
85733,3002a,1,8
85733,3003a,1,15
85733,3004,1,8
85734,3002a,4,8
85734,3003a,4,15
85734,3004,4,8
85735,3002a,47,8
85735,3003a,47,15
85735,3004,47,8
85736,3002a,15,8
85736,3003a,15,15
85736,3004,15,8
85737,3002a,14,8
85737,3003a,14,15
85737,3004,14,8
85738,3020,14,6
85738,3020,1,7
85738,3021,1,5
85738,3021,14,5
85738,3022,14,5
85738,3022,1,5
85738,3023,1,4
85738,3023,14,4
85738,3024,14,3
85738,3024,1,3
85739,3020,4,7
85739,3020,15,6
85739,3021,4,5
85739,3021,15,5
85739,3022,15,5
85739,3022,4,5
85739,3023,4,4
85739,3023,15,4
85739,3024,15,3
85739,3024,4,3
85754,3068a,1,14
85754,3068a,14,14
85754,3069a,1,6
85754,3069a,14,6
85754,3070a,14,6
85754,3070a,1,6
85755,3068a,4,14
85755,3068a,15,14
85755,3069a,4,6
85755,3069a,15,6
85755,3070a,4,6
85755,3070a,15,6
85785,3626cpr9798,0,1
85785,92761pr0002,0,1
85785,970c03pr9832,0,1
85785,973c03h03pr0002,0,1
85844,11153,4,2
85844,11211,14,2
85844,11477,4,1
85844,13547,4,2
85844,15068,4,1
85844,15535pr0001,72,1
85844,15573,4,3
85844,15712,4,2
85844,18649,4,4
85844,18980,0,2
85844,22885,71,1
85844,22888,0,2
85844,24201,4,2
85844,24309,4,1
85844,2456,19,3
85844,25269,0,4
85844,26601,4,6
85844,26604,15,4
85844,27507,0,4
85844,27925,4,4
85844,3003,0,2
85844,3004,4,3
85844,3010,71,1
85844,3021,2,2
85844,3021,0,2
85844,3022,14,3
85844,3022,0,1
85844,3023,4,9
85844,3023,40,1
85844,3023,0,1
85844,3024,4,2
85844,3029,4,1
85844,3034,0,3
85844,3036,0,2
85844,3068b,19,1
85844,3068b,4,1
85844,3068b,0,2
85844,3069b,15,2
85844,3069b,0,4
85844,31990,71,2
85844,32028,0,2
85844,3297,0,5
85844,34103,0,2
85844,3623,4,4
85844,3666,4,2
85844,3710,14,2
85844,3710,4,3
85844,3747b,4,1
85844,3795,1,2
85844,3795,4,4
85844,3832,4,1
85844,3937,0,3
85844,3941,27,1
85844,4162,0,2
85844,41769,4,2
85844,41770,4,2
85844,4274,71,1
85844,43719,14,1
85844,43719,4,2
85844,4477,4,1
85844,45301,4,2
85844,47397,4,1
85844,47398,4,1
85844,48729b,71,1
85844,54200,40,2
85844,54383,4,1
85844,54384,4,1
85844,6003,0,4
85844,60470b,4,2
85844,60474,14,1
85844,60481,4,1
85844,6091,4,3
85844,61252,4,2
85844,6134,0,3
85844,6141,4,2
85844,6636,4,2
85844,77617,9999,1
85844,85984,0,4
85844,87079,0,3
85844,87079,4,6
85844,87081,4,1
85844,87994,71,1
85844,95188,0,4
85844,99207,4,2
85844,99207,71,2
85844,99207,0,4
85844,99780,4,2
85867,35660pat0002,272,1
85867,3626cpr1580,14,1
85867,38781,25,1
85867,970c05,272,1
85867,973c29h01pr3699,212,1
85870,15616pr0002,0,1
85870,3626cpr9868,0,1
85870,41811,0,1
85870,970c03,0,1
85870,973d01pr4974,0,1
85879,3006,15,2
85879,3006,4,1
85879,3007,15,1
85879,3007,4,2
85879,702,15,1
85879,702,4,2
85880,700b,2,1
85881,700b,7,1
85882,700b,4,1
85883,700b,15,1
85884,700b,14,1
85886,702,15,5
85886,702,4,5
85887,3004,1,4
85887,3004,14,4
85887,3005,14,3
85887,3005,1,3
85887,3008,14,2
85887,3008,1,2
85887,3009,14,2
85887,3009,1,2
85887,3010,1,3
85887,3010,14,3
85888,3004,15,4
85888,3004,4,4
85888,3005,4,3
85888,3005,15,3
85888,3008,4,2
85888,3008,15,2
85888,3009,4,2
85888,3009,15,2
85888,3010,15,3
85888,3010,4,3
86040,2412b,0,2
86040,2412b,14,2
86040,2420,0,4
86040,2431,72,1
86040,2436,14,1
86040,2458,14,1
86040,2540,72,2
86040,2780,0,1
86040,298c02,15,2
86040,3001,14,1
86040,3002,0,1
86040,3004,0,1
86040,30088,72,1
86040,30157,71,2
86040,3020,0,3
86040,3022,71,1
86040,3023,4,8
86040,3023,47,2
86040,3024,4,2
86040,3034,4,1
86040,3035,0,1
86040,30365,0,2
86040,30374,0,2
86040,30385,143,2
86040,3039,14,1
86040,3040b,14,2
86040,30552,0,4
86040,30553,0,7
86040,30554b,0,12
86040,32062,4,2
86040,32138,0,1
86040,3660,14,1
86040,3666,14,2
86040,3749,19,1
86040,3795,14,1
86040,3894,0,2
86040,40379,320,8
86040,4070,0,2
86040,4081b,4,2
86040,41530,71,1
86040,41532,0,6
86040,41747,0,2
86040,41748,0,2
86040,41769,0,2
86040,41770,0,2
86040,41854,0,2
86040,41883,40,1
86040,4287b,0,4
86040,43093,1,1
86040,43857,14,1
86040,43903,0,2
86040,44301a,4,6
86040,44302a,4,8
86040,44567a,71,1
86040,44674,320,1
86040,44675,0,4
86040,4589,33,2
86040,4623,72,1
86040,47407,0,4
86040,47452,0,2
86040,47454,14,2
86040,47455,0,4
86040,47456,0,4
86040,47458,0,3
86040,47501,0,2
86040,47753pr0017,0,1
86040,47759pr0003,0,1
86040,48172,0,1
86040,48336,0,1
86040,49668,0,6
86040,50950,14,2
86040,53989,0,3
86040,54200,47,2
86040,54200,0,2
86040,55236,320,2
86040,55236,272,2
86040,55981,71,4
86040,59275,0,2
86040,6019,0,4
86040,6141,36,6
86040,6141,34,4
86040,73983,4,6
86040,75535,14,1
86071,11090,0,1
86071,15068,15,1
86071,15210pr0005,0,1
86071,18920,179,1
86071,24312,71,1
86071,24314c01,47,2
86071,2496,0,5
86071,2540,15,1
86071,26047,15,1
86071,2655,71,4
86071,3020,72,1
86071,3024,71,1
86071,3062b,41,1
86071,3069bpr0030,15,1
86071,30924,15,1
86071,3957b,71,1
86071,4449,0,1
86071,4599b,15,1
86071,60897,71,3
86071,87989,71,1
86071,92410,15,1
86071,93140,15,2
86202,3626cpr1666,14,1
86202,970c42,322,1
86202,973c27h01pr4283,15,1
86202,99240,308,1
86203,24073,15,1
86203,3626cpr1147,14,1
86203,970c12,72,1
86203,973c04h01pr3431,321,1
86235,11153,0,4
86235,11211,71,1
86235,11477,72,2
86235,11477,25,4
86235,13731,0,2
86235,14682,71,2
86235,15068,0,1
86235,15207,72,1
86235,15535,72,3
86235,15573,71,4
86235,19459,9999,1
86235,2412b,71,8
86235,2412b,0,2
86235,2431,25,5
86235,2431,72,1
86235,2432,1,3
86235,2456,71,2
86235,2465,0,2
86235,2926,0,2
86235,3005,19,2
86235,3008,0,2
86235,3009,0,2
86235,3009,1,2
86235,3010,71,2
86235,3010,0,1
86235,30157,72,2
86235,30162,72,1
86235,3020,25,4
86235,3020,0,1
86235,3021,71,2
86235,3022,25,2
86235,3023,36,2
86235,3023,25,12
86235,3023,0,3
86235,3024,36,2
86235,3032,71,2
86235,3032,72,3
86235,3036,72,1
86235,3037,0,1
86235,30414,71,1
86235,30602,0,1
86235,3069b,72,2
86235,32001,0,1
86235,32009,72,1
86235,32013,72,2
86235,32028,72,10
86235,32062,4,1
86235,32064a,0,2
86235,32064a,72,2
86235,32073,71,1
86235,32123b,14,3
86235,3245c,19,1
86235,3297,71,1
86235,33299a,71,1
86235,3460,72,4
86235,3623,0,2
86235,3623,72,2
86235,3665,0,2
86235,3666,25,9
86235,3666,0,8
86235,3673,71,2
86235,3700,0,2
86235,3701,19,1
86235,3705,0,2
86235,3709,72,4
86235,3710,25,7
86235,3710,0,3
86235,3713,4,2
86235,3795,25,1
86235,3829c01,1,2
86235,3839b,72,1
86235,3899,4,1
86235,3958,0,1
86235,4006,0,1
86235,4032a,25,2
86235,4070,0,2
86235,4162,72,6
86235,4282,71,1
86235,43722,25,2
86235,43723,25,2
86235,44567a,71,2
86235,4477,72,2
86235,46413,40,1
86235,47457,15,2
86235,48336,71,1
86235,50943,71,2
86235,51739,25,1
86235,52031,25,1
86235,52031,0,1
86235,54200,25,4
86235,54200,47,4
86235,54200,0,2
86235,55981,0,4
86235,58090,0,4
86235,6014b,71,4
86235,6041,0,2
86235,60478,0,2
86235,60481,0,2
86235,6111,71,2
86235,61252,0,2
86235,6141,71,2
86235,6141,36,1
86235,6141,34,1
86235,6141,72,2
86235,6141,182,6
86235,63868,72,2
86235,6553,72,1
86235,6636,0,4
86235,85984,0,2
86235,87552,40,4
86235,87697,0,4
86235,91988,19,1
86235,92583,40,1
86235,92710,25,1
86235,92711,72,1
86235,98282,72,4
86235,99206,0,5
86235,99780,71,4
86236,2016b,0,1
86236,2357,2,2
86236,2376,0,3
86236,2412b,4,5
86236,2412b,0,4
86236,2412b,72,1
86236,2412b,14,1
86236,2412b,71,18
86236,2419,4,1
86236,2419,0,1
86236,2431,4,2
86236,2431,1,1
86236,2431,0,2
86236,2431,2,2
86236,2431pr0028,72,3
86236,2432,71,3
86236,2432,14,10
86236,2436,71,8
86236,2444,71,4
86236,2445,0,2
86236,2449,14,2
86236,2456,2,1
86236,2540,72,1
86236,2555,72,5
86236,2584,0,1
86236,2585,0,1
86236,2780,0,4
86236,2853,14,2
86236,2866,14,2
86236,2871b,0,2
86236,2876,72,2
86236,2877,4,4
86236,2877,2,24
86236,2877,72,12
86236,2878,0,12
86236,2905,14,2
86236,2919,46,1
86236,2919,36,1
86236,2920,0,10
86236,2922,0,2
86236,2924b,2,2
86236,2928,2,2
86236,298c02,1,1
86236,298c02,4,2
86236,3001,0,2
86236,3002,4,1
86236,3004,0,4
86236,3004,4,1
86236,30042,72,1
86236,3008,2,4
86236,3009,14,2
86236,3009,72,2
86236,3009,2,6
86236,3010,4,2
86236,3010,2,2
86236,30151a,4,4
86236,3020,72,16
86236,3021,0,4
86236,3021,4,2
86236,3021,71,5
86236,3022,14,2
86236,3022,4,1
86236,3023,72,2
86236,3023,36,2
86236,3023,14,26
86236,3023,2,2
86236,30236,72,2
86236,30237a,71,2
86236,3027,0,2
86236,3028,72,1
86236,3029,0,1
86236,3031,4,2
86236,3031,72,4
86236,3032,19,3
86236,3034,0,1
86236,3034,4,1
86236,3035,0,2
86236,30361c,72,1
86236,30367b,72,1
86236,3037,4,1
86236,30374,14,2
86236,30383,71,2
86236,3039,4,2
86236,3039,72,2
86236,30395,72,1
86236,3041,4,2
86236,3043,4,1
86236,30552,72,2
86236,30552,0,2
86236,30553,72,2
86236,3062b,71,10
86236,3062b,4,2
86236,30648,0,2
86236,3070bpr0007,71,1
86236,32002,72,4
86236,32013,71,4
86236,32014,0,1
86236,32028,2,2
86236,32039,0,4
86236,32062,4,6
86236,32064b,14,3
86236,32123b,71,2
86236,32124,0,2
86236,3297,2,2
86236,3403,71,1
86236,3404,71,1
86236,3622,4,16
86236,3623,0,2
86236,3626b,0,2
86236,3660,4,2
86236,3660,2,3
86236,3665,72,2
86236,3666,71,1
86236,3666,0,4
86236,3666,2,1
86236,3666,1,1
86236,3666,72,2
86236,3678b,72,1
86236,3678b,4,4
86236,3700,72,1
86236,3705,0,4
86236,3706,0,2
86236,3710,72,12
86236,3710,19,6
86236,3710,2,9
86236,3743,0,2
86236,3788,14,1
86236,3794a,2,2
86236,3794a,0,7
86236,3794a,71,2
86236,3795,0,2
86236,3795,1,1
86236,3795,71,5
86236,3823,40,1
86236,3829c01,14,2
86236,3829c01,4,1
86236,3832,72,1
86236,3836,70,1
86236,3837,0,1
86236,3894,14,1
86236,3937,71,2
86236,3937,0,4
86236,3938,71,4
86236,3941,15,4
86236,3941,71,1
86236,3958,72,1
86236,4022,0,8
86236,4025,0,3
86236,4032a,15,4
86236,4032a,2,4
86236,4032a,4,4
86236,4070,0,10
86236,4079,14,4
86236,4081b,72,3
86236,4081b,4,1
86236,4085c,71,5
86236,4095,0,2
86236,4150,0,2
86236,4162,2,4
86236,4162,71,4
86236,4162,0,4
86236,4162,14,2
86236,4176,40,1
86236,4181,2,3
86236,4182,2,3
86236,4183,47,6
86236,41862,71,2
86236,4215b,4,2
86236,4287b,4,2
86236,43337,4,2
86236,43719,4,1
86236,44294,71,2
86236,44300,0,2
86236,44301a,0,2
86236,44302a,0,2
86236,44302a,14,2
86236,4445,72,2
86236,4460a,14,2
86236,4460a,1,2
86236,44728,0,1
86236,4477,72,1
86236,4488,0,4
86236,4509,72,3
86236,4510,72,8
86236,4511,71,4
86236,4515,71,2
86236,4518bc02,0,1
86236,45677,4,1
86236,45708,0,2
86236,4589,182,1
86236,4599a,71,4
86236,4733,1,2
86236,47457,4,1
86236,47458,4,1
86236,47720,0,1
86236,48336,0,1
86236,4854,0,1
86236,4864b,40,1
86236,4865a,1,8
86236,4872,40,1
86236,50745,4,4
86236,50745,72,2
86236,50950,72,2
86236,52031,1,1
86236,52036,72,1
86236,52038,4,3
86236,52501,4,2
86236,52501,1,2
86236,5306bc015,0,2
86236,53400,72,20
86236,53401,72,8
86236,53403,72,1
86236,53406,72,1
86236,54200,1,2
86236,54200,46,4
86236,54200,36,4
86236,54200,72,4
86236,54200,4,2
86236,54200,182,4
86236,54754,0,1
86236,55455c01,0,1
86236,55981,71,2
86236,56603,9999,1
86236,56823c50,0,1
86236,57051,383,12
86236,57878,0,24
86236,57999,0,4
86236,6014b,15,4
86236,6014b,71,6
86236,6015,0,10
86236,6019,71,2
86236,6019,14,2
86236,6035,15,1
86236,6134,4,2
86236,6140,14,2
86236,6141,72,8
86236,6141,47,3
86236,6141,36,4
86236,6141,46,4
86236,6141,0,4
86236,6157,71,3
86236,6180,4,4
86236,6238,40,1
86236,6536,0,1
86236,6541,4,4
86236,6567c02,2,1
86236,6583,14,2
86236,6584,0,1
86236,6587,72,1
86236,6632,14,2
86236,6636,72,2
86236,6636,71,5
86236,6636,4,2
86236,73092,0,10
86236,78c02,0,4
86354,23230pr0002,25,1
86354,24807,322,1
86354,25549,27,2
86354,25549,15,1
86354,25550,226,2
86354,31042,323,1
86354,31110,4,1
86354,31213pr9993,15,1
86354,3437,226,2
86354,3437,15,6
86354,35114,4,6
86354,36969pr0004,15,1
86354,36969pr0005,84,1
86354,40666,15,2
86354,40666,27,2
86354,4892,71,2
86354,51269,71,1
86354,51704,4,1
86354,63871,4,2
86354,6510,1050,1
86354,6510,27,1
86354,6510,14,1
86354,65273,14,1
86354,69713pr0050,15,1
86354,69714,226,2
86354,69716,14,1
86354,69716,226,2
86354,69897,322,2
86354,70675,19,1
86354,70676,4,2
86354,72153pr0048,15,1
86354,76371,226,6
86354,76371,15,4
86354,98233,15,2
86354,98233,4,1
86502,10111c01pr0005,70,1
86502,10888,71,1
86502,11170,1,2
86502,12592c01,0,2
86502,12758,14,1
86502,14094,14,1
86502,2300,14,1
86502,2302,4,2
86502,3011,1,1
86502,3011,25,1
86502,3011,4,1
86502,3437,1,2
86502,3437,4,2
86502,3437,72,2
86502,3437pr9992,4,2
86502,40637,14,1
86502,40638,14,1
86502,4066,41,1
86502,42025pr0001,15,1
86502,44524,10,1
86502,44524,1,2
86502,4672,10,1
86502,47202pr9999,25,1
86502,47408,25,1
86502,51269,71,1
86502,6394,4,1
86502,6474,14,1
86502,76371,14,2
86502,76371,25,2
86502,87084,73,1
86502,87655,72,1
86502,89465,0,1
86502,98223,4,1
86545,3437,72,1
86545,3437,25,1
86545,3437,10,1
86545,41969,0,1
86545,42025pr0001,15,1
86545,47202pr9999,25,1
86545,47509,179,1
86545,85347,71,1
86545,85355,14,1
86545,87655,72,1
86545,89812,14,1
86545,89862,14,1
86593,15712,0,2
86593,30192,72,1
86593,44709,0,1
86593,4740,182,2
86593,48729b,0,2
86593,59900,0,2
86593,85861,0,2
86593,98100,0,2
86594,20310,297,2
86594,20482,47,1
86594,24866,297,6
86594,3004,191,1
86594,3020,30,2
86594,3021,191,1
86594,3023,30,1
86594,3023,29,1
86594,3023,85,1
86594,3040b,191,2
86594,3062b,85,4
86594,3068b,30,1
86594,33322,297,1
86594,37352,85,1
86594,3852b,29,1
86594,59900,46,1
86594,6141,29,2
86594,65092,1055,1
86594,87552pr0008,47,1
86594,93094pat0001,4,1
86594,93273,85,1
86595,36752a,308,1
86597,66964,179,1
86597,88646,0,1
86597,91884,70,1
86612,6377,8,1
86612,6442pr0002,14,1
86612,74941c01,8,1
86657,2312c02,14,1
86657,3011,14,1
86657,3011,4,1
86657,3437,1,6
86657,3437,14,3
86657,3437,4,3
86657,3437pr0056,14,1
86657,4197,1,1
86657,4198pr9984,14,1
86657,4199,14,1
86673,23860,35,1
86673,43898,82,1
86673,4697b,0,1
86673,4740,42,1
86673,64567,297,1
86673,64647,35,1
86673,85861,297,1
86729,2214,14,1
86729,2214,1,1
86729,2302,1,1
86729,23230pr0002,25,1
86729,3011,484,2
86729,3011,320,2
86729,31071,28,1
86729,31110,4,1
86729,31170,4,1
86729,31213pr0027,191,1
86729,3437,41,1
86729,3437,14,1
86729,3437,4,2
86729,3437,28,1
86729,4066,41,3
86729,40666,484,1
86729,40666,1,1
86729,4196,19,1
86729,4672,72,1
86729,4672,10,1
86729,47511c02pr0002,1,1
86729,51732,320,1
86729,53920pr0002,191,1
86729,54007c03,0,1
86729,54246,15,1
86729,54528pr0001,191,1
86729,55886pr0002,15,1
86729,58086,70,1
86729,61896,484,1
86729,6394,4,1
86729,6411,70,1
86729,64132,10,2
86729,64402pr0001,14,1
86729,6446,484,1
86729,6474pr9999,71,1
86729,6510,4,1
86729,6510,2,1
86729,6510,73,1
86729,75113pr0005,4,1
86729,75126pr0002,19,1
86729,87960pr0001,191,1
86729,88694,2,1
86729,89873pr0003,71,1
86729,98460,70,4
86730,2214,14,1
86730,3437,33,1
86730,4066pr0210,1,1
86730,4375,135,1
86730,47408pr0001,25,1
86730,52189c02,135,1
86730,53898c01pr0001,15,1
86730,98465pr0001,212,1
86777,11408c07pr0182,1089,1
86777,16925c01pr0013,321,1
86777,2631,226,1
86777,92198pr0358,1089,1
86778,16925c01pr0013,321,1
86778,2632,19,1
86778,92198pr0337,92,1
86778,92456c03pr0475,92,1
86779,103748pat0001,70,1
86779,11408c02pr0181,84,1
86779,16925c01pr0009,272,1
86779,28649pr0434,84,1
86780,28621pr4232,78,1
86780,28974,72,1
86780,37364c20,326,1
86780,5255,25,1
86780,973c07h02pr6934,308,1
86781,20952pr0003,15,1
86781,3062bpr0046,47,1
86782,106631,308,1
86782,41879a,73,1
86782,5267pr0001,73,1
86782,973c32h32pr6935,73,1
86784,65224pr0022,1089,1
86784,87991,484,1
86784,92198pr0433,1089,1
86829,15712,70,1
86829,18041,179,1
86829,3024,191,2
86829,3024,70,2
86829,3622pr9998,4,1
86829,3623,191,1
86829,3623pr0027,72,1
86829,42446,70,1
86829,42859pr0001,4,1
86829,4490pr0027,4,1
86829,54200,4,2
86829,85861,72,2
86829,89522,4,1
86846,58247,0,1
86846,63586,72,3
86856,18827pr0004,1103,1
86856,2447,36,1
86856,3626cpr9915,14,1
86856,49663pat0001pr0001,15,1
86856,970c27pat03pr9999,0,1
86856,973c03h27pr9999,15,1
86859,3626cpr9909,14,1
86859,41879a,321,1
86859,87991,0,1
86859,973c35h01pr9999,288,1
86861,3626cpr9900,14,1
86861,87999,308,1
86861,970c28pat01pr9999,1,1
86861,973c01h01pr9999,14,1
86867,2214,15,5
86867,2257pr0001,8,1
86867,2269pr0001,366,1
86867,2275c01pr0001,366,2
86867,2276pr0001,8,1
86867,2281pr0002,6,2
86867,2284pr0001,2,1
86867,2290,14,1
86867,2291,4,1
86867,2292c01,4,1
86867,2295,14,1
86867,3011,2,2
86867,3437,4,10
86867,4066pr0103,14,1
86867,4066pr0143,4,1
86867,4066pr0153,4,1
86867,4197pr0008,14,1
86867,4572,7,1
86867,4672,2,1
86867,6411,6,1
86867,74298pr0023,2,1
86867,74587,2,3
86867,dupupn0028c03pr0001,366,1
86870,3626cpr1091,14,1
86870,4503,179,1
86870,64647,320,1
86870,88295,70,1
86870,970c24pr0900,70,1
86870,973e080pr5119,0,1
86873,3626cpr9858,14,1
86873,37364c26pr0006,19,1
86873,73662pr0001,19,1
86873,973c26h03pr9999,19,1
86878,35660pat0003pr0001,322,1
86878,3626cpr9797,14,1
86878,38781,321,1
86878,970c03pat01pr0003,0,1
86878,973c03h01pr9999,15,1
86889,12892pr0001,4,1
86889,3626cpr9796,14,1
86889,69948pr0001,4,1
86889,970c22pat03pr0003,4,1
86889,973c03h03pr9998,4,1
86891,3626cpr9795,14,1
86891,4498,70,1
86891,67638pr0002,484,1
86891,90396,70,1
86891,973c01h01pr9998,288,1
86892,3626cpr9794,14,1
86892,69951pr0001,3,1
86892,73527,323,1
86892,970c46pat09pr0001,3,1
86892,973c01h01pr9997,3,1
86895,3626cpr9793,14,1
86895,69938pat0001,15,1
86895,970c27pr9831,15,1
86895,973c27h10pr9999,15,1
86896,3626cpr9792,14,1
86896,41879a,272,1
86896,54568,0,1
86896,69946,4,1
86896,87990,84,1
86896,973c05h01pr9999,272,1
86900,74746,72,8
86902,74747,72,8
86905,2866,14,2
86905,74747,72,2
86905,75541,72,1
86905,75542,72,1
86914,72111c01,4,1
86914,76081pr0002,1,1
86916,31005pr0006,2,1
86916,31139pr0001,1,1
86916,72111c01,4,1
86916,76081pr0002,1,1
86956,3626cpr9791,14,1
86956,69970pr0001,297,1
86956,970c01pr9996,320,1
86956,973c01h01pr9996,14,1
86958,69965pat0001,0,1
86958,970c34pr9959,25,1
86958,973c34h06pr9999,25,1
86987,12825,14,4
86987,2432,15,2
86987,2456,15,1
86987,3003,15,4
86987,3298,71,2
86987,3649,71,2
86987,3749,71,2
86987,3865,2,1
86987,3941,15,2
86987,3957b,15,2
86987,4495b,4,2
86987,6141,42,4
86987,upn0438c10,2,1
86989,3626bpr0045,14,1
86989,3901,19,1
86989,970c28,1,1
86989,973c22h01,4,1
86990,3626bpr0045,14,1
86990,3901,0,1
86990,970c03,0,1
86990,973c28h01pr0279,1,1
87004,14181,71,4
87004,24309,1,4
87004,2431,1,2
87004,3001,1,4
87004,3002,14,1
87004,3020,0,1
87004,30359b,72,4
87004,3037pr0021,71,2
87004,3039,71,4
87004,42863,71,1
87004,44568,71,4
87004,44861,0,2
87004,47753pr0021,71,1
87004,49097,0,8
87004,50337,72,4
87004,58247,179,1
87004,85984pr0006,72,1
87004,87580,1,1
87004,88930,71,4
87004,92474,47,1
87005,11153,71,1
87005,11212,71,2
87005,11477,71,2
87005,14417,72,1
87005,14418,71,1
87005,14704,71,1
87005,15391,0,2
87005,15392,72,2
87005,15672,71,4
87005,15712,72,2
87005,18677,71,8
87005,22890,72,1
87005,2412b,72,2
87005,24201,15,1
87005,24201,72,3
87005,24246,71,3
87005,25269,71,2
87005,26047,71,2
87005,26604,71,2
87005,27263,71,2
87005,2780,0,4
87005,28802,71,2
87005,3005,0,3
87005,3020,71,4
87005,3021,71,1
87005,3022,71,3
87005,3023,71,6
87005,3023,0,1
87005,3023,72,4
87005,3023,28,3
87005,3024,71,9
87005,30304,15,1
87005,30304,72,1
87005,30374,41,1
87005,3039,71,1
87005,3040b,71,1
87005,32028,71,2
87005,32828,71,4
87005,3298,71,2
87005,34103,70,1
87005,3623,71,8
87005,3665,15,1
87005,36841,71,2
87005,3710,15,1
87005,4081b,19,1
87005,43722,71,2
87005,43723,71,2
87005,43898,71,4
87005,4740,71,2
87005,4740,72,4
87005,48729b,72,4
87005,49668,71,2
87005,52107,71,1
87005,54200,19,4
87005,54200,71,8
87005,60478,71,4
87005,60897,70,1
87005,6141,36,4
87005,6141,19,4
87005,63864,70,1
87005,63868,70,1
87005,64567,80,1
87005,85861,71,4
87005,85984,72,3
87005,85984,71,2
87005,85984pr0006,72,1
87005,85984pr0015,71,1
87005,86057,19,1
87005,86058,19,1
87005,86059,72,1
87005,87087,71,5
87005,93095,0,1
87005,98138pr0107,0,2
87005,99207,0,4
87005,99207,71,2
87005,99563,71,1
87005,99780,72,1
87005,99780,71,4
87005,99781,0,2
87007,10197,72,1
87007,10247,15,4
87007,11203,72,1
87007,11211,71,2
87007,11211,15,2
87007,11477,15,2
87007,11477,0,2
87007,11478,15,3
87007,11833,71,2
87007,14716,15,1
87007,14769,71,1
87007,15068,15,4
87007,15092,72,2
87007,15392,72,2
87007,15403,0,2
87007,15573,15,3
87007,15573,0,4
87007,18651,0,4
87007,18654,72,1
87007,18674,0,2
87007,22961,4,1
87007,23443,71,2
87007,2412b,71,2
87007,2412b,19,1
87007,2412b,15,1
87007,2419,15,2
87007,2420,0,2
87007,2420,15,8
87007,2431,15,3
87007,2431,41,4
87007,2432,15,2
87007,2445,71,2
87007,2445,15,2
87007,24593,15,4
87007,2476a,71,1
87007,2639,72,2
87007,26603,15,2
87007,2736,71,1
87007,2780,0,25
87007,27925,15,8
87007,28192,72,2
87007,2825,71,1
87007,3004,71,1
87007,3004,19,1
87007,3004,15,7
87007,3005,15,2
87007,3009,15,1
87007,3009,71,4
87007,3010,71,1
87007,3010,15,5
87007,30157,71,4
87007,3021,15,8
87007,3021,72,1
87007,3021,71,4
87007,3022,15,2
87007,3022,71,6
87007,3023,71,9
87007,3023,72,6
87007,3023,19,6
87007,3023,15,11
87007,3023,320,14
87007,3024,15,4
87007,30249,15,3
87007,3029,15,2
87007,3034,72,1
87007,3035,15,2
87007,3035,72,3
87007,30355,15,1
87007,30356,15,1
87007,30374,36,1
87007,30374,35,1
87007,30374,71,4
87007,3039,15,1
87007,3069b,15,4
87007,3069b,41,2
87007,3069b,0,2
87007,3069b,71,4
87007,32000,71,4
87007,32000,15,8
87007,32002,19,6
87007,32028,19,1
87007,32028,15,4
87007,32062,4,1
87007,32064a,14,6
87007,32064a,71,2
87007,32073,14,1
87007,32123b,71,4
87007,32123b,14,2
87007,32124,15,1
87007,32278,15,1
87007,32316,15,2
87007,3245c,15,8
87007,32526,71,2
87007,32557,0,2
87007,3297,15,6
87007,3297pr0028,15,1
87007,3298,19,1
87007,3460,71,2
87007,35480,72,6
87007,35480,19,2
87007,35787,15,2
87007,3622,15,4
87007,3623,15,8
87007,3623,71,9
87007,3660,72,1
87007,3665,15,1
87007,3666,15,9
87007,3666,19,1
87007,3673,71,4
87007,36840,15,2
87007,36841,71,6
87007,3685,15,2
87007,3700,4,2
87007,3703,72,2
87007,3705,4,1
87007,3706,4,1
87007,3710,71,5
87007,3710,72,2
87007,3710,15,7
87007,3795,15,2
87007,3832,0,1
87007,3832,15,5
87007,3895,71,2
87007,3941,71,1
87007,4070,71,4
87007,41239,15,1
87007,41677,15,4
87007,42003,4,3
87007,42003,15,2
87007,42195,71,2
87007,4274,1,2
87007,42924,1,16
87007,43898,15,2
87007,4460b,15,5
87007,4477,15,4
87007,44861,0,2
87007,4519,71,4
87007,45590,0,1
87007,47455,72,4
87007,48171,72,4
87007,4865b,19,4
87007,49311,15,2
87007,50304,15,1
87007,50305,15,1
87007,52107,71,1
87007,54383,15,1
87007,54383,0,1
87007,54384,0,1
87007,54384,15,1
87007,59349,40,1
87007,59426,72,1
87007,60474,15,12
87007,60478,15,2
87007,60479,15,2
87007,60479,71,2
87007,60483,71,3
87007,6112,15,1
87007,61184,71,4
87007,61409,15,4
87007,6141,0,6
87007,6141,35,4
87007,61482,71,1
87007,6180,15,2
87007,64567,80,2
87007,6541,15,12
87007,6541,71,3
87007,6541,4,4
87007,6553,71,4
87007,6629,71,4
87007,6632,71,2
87007,6636,15,6
87007,66956,15,2
87007,68297,72,1
87007,73230,71,4
87007,73825,14,2
87007,76766,0,1
87007,85080,15,4
87007,85943,72,4
87007,85984,15,12
87007,87079,71,2
87007,87079,15,9
87007,87083,72,5
87007,87087,15,2
87007,87580,72,1
87007,92280,15,2
87007,92738,0,1
87007,93095,0,1
87007,93273,15,2
87007,93273,72,1
87007,93274,72,2
87007,93604,15,2
87007,96874,25,1
87007,98138,46,3
87007,98560,15,1
87007,98989,71,2
87007,99206,71,7
87007,99206,15,2
87007,99207,71,2
87007,99780,71,4
87007,99781,15,4
87088,11211,4,2
87088,11212,19,4
87088,11477,19,13
87088,11477,15,3
87088,14417,72,2
87088,14418,71,2
87088,14704,71,3
87088,15573,15,1
87088,15573,28,3
87088,22885,19,6
87088,22890,72,3
87088,2420,19,2
87088,24201,71,2
87088,2423,2,1
87088,24866,191,3
87088,24866,10,6
87088,25269,226,8
87088,25269,158,4
87088,25269,10,9
87088,25269,29,7
87088,26604,15,8
87088,3001,25,3
87088,3004,25,2
87088,3004,19,3
87088,3004,71,1
87088,3005,19,2
87088,3010,19,4
87088,3010,70,4
87088,3020,19,1
87088,3021,15,1
87088,3022,15,3
87088,3023,30,4
87088,3023,19,19
87088,3023,70,6
87088,3023,25,2
87088,3023,323,4
87088,3024,70,4
87088,3024,15,1
87088,30367c,15,1
87088,3039,71,1
87088,3068b,30,1
87088,3068b,10,6
87088,3068b,322,1
87088,3069b,10,4
87088,3070b,10,5
87088,3070b,19,6
87088,3070b,29,2
87088,32952,19,8
87088,34103,15,1
87088,3623,19,6
87088,3665,19,2
87088,3710,19,12
87088,3747b,19,1
87088,3795,19,4
87088,43722,19,1
87088,43723,19,1
87088,48092,70,4
87088,4871,19,2
87088,50950,19,11
87088,54200,71,2
87088,54200,322,16
87088,6003,27,4
87088,6003,28,4
87088,66857,19,2
87088,67329,14,4
87088,85984,26,8
87088,85984,19,2
87088,87580,10,4
87088,93273,19,8
87088,98138pr0107,0,2
87088,99781,19,1
87125,14520,72,2
87125,15068pr0015,15,1
87125,15207,1,2
87125,19220,0,1
87125,2412b,0,1
87125,2431,41,1
87125,2432,14,1
87125,29119,1,1
87125,29120,1,1
87125,3020,71,2
87125,3021,1,3
87125,3023,1,2
87125,3023,19,2
87125,3024,36,2
87125,3024,182,2
87125,3040b,15,2
87125,3069b,15,2
87125,3070b,1,2
87125,3665,1,4
87125,3710,226,2
87125,3829c01,15,1
87125,4081b,71,2
87125,41740,15,3
87125,44861,71,2
87125,45677,15,1
87125,4600,0,2
87125,50745,72,4
87125,52036,72,1
87125,54200,47,2
87125,57783,41,1
87125,6014b,71,4
87125,61482,71,2
87125,87697,0,4
87125,92593,71,2
87150,85764c02,14,1
87150,85765,27,1
87150,85766,0,1
87150,stickerupn0142,9999,1
87162,3626cpr2109,14,1
87162,87990,321,1
87162,970c12,72,1
87162,973c01h01pr1480,15,1
87163,36060,0,1
87163,3626cpr9950,14,1
87163,970c22,4,1
87163,973c01h01pr1720,15,1
87171,13787pr0001,14,1
87171,3626cpr9790,14,1
87171,41879a,2,1
87171,973c18h01pr0001,5,1
87172,10247,71,5
87172,11090,72,1
87172,11153,0,4
87172,11211,19,1
87172,11211,4,2
87172,11211,0,1
87172,11458,72,3
87172,14769pr1174,297,1
87172,15068,0,3
87172,15208,19,3
87172,15208,297,6
87172,15303,182,9
87172,15400,72,8
87172,15535,4,3
87172,15625,0,2
87172,18041,297,2
87172,18575,0,2
87172,21445,71,1
87172,21459,297,5
87172,22385,0,5
87172,22484,72,1
87172,2412b,179,3
87172,2431,0,2
87172,24316,70,2
87172,25111,179,1
87172,25269,0,4
87172,2540,0,2
87172,2654,72,3
87172,2723,0,1
87172,27263,0,2
87172,2780,0,3
87172,2815,297,1
87172,2877,0,2
87172,30132,72,6
87172,30166,72,2
87172,30176,2,2
87172,3020,71,1
87172,3020,70,3
87172,3020,19,4
87172,3020,25,1
87172,3021,4,2
87172,3023,19,7
87172,3023,72,4
87172,3030,0,2
87172,3031,0,8
87172,3032,25,1
87172,3032,72,1
87172,30374,71,1
87172,3039,72,1
87172,30414,72,4
87172,3062b,72,3
87172,3068b,0,1
87172,3068b,28,3
87172,32001,0,1
87172,32028,15,1
87172,32034,25,1
87172,32064a,72,2
87172,32123b,14,1
87172,32124,0,2
87172,32200,0,1
87172,32270,0,2
87172,32324,71,1
87172,3460,72,2
87172,35459,308,2
87172,35480,72,2
87172,35633,297,2
87172,3622,0,2
87172,3623,1,2
87172,3659,70,2
87172,3665,0,2
87172,3666,378,2
87172,3666,0,4
87172,3666,2,1
87172,3673,71,2
87172,3700,15,3
87172,3705,0,1
87172,3708,0,1
87172,3710,0,1
87172,3710,72,16
87172,3747b,0,1
87172,3749,19,1
87172,3795,28,2
87172,3895,0,2
87172,4032a,70,2
87172,4032a,71,2
87172,4081b,72,2
87172,41740,72,1
87172,4185,297,1
87172,4274,71,8
87172,42924,1,4
87172,43093,1,1
87172,43722,25,2
87172,43722,0,4
87172,43723,0,4
87172,43723,25,2
87172,44567b,0,2
87172,44676,0,2
87172,44728,72,2
87172,4477,72,1
87172,4519,71,3
87172,48336,0,8
87172,4865b,0,2
87172,4871,0,5
87172,48729b,71,2
87172,50340,71,2
87172,50373,0,1
87172,51739,0,2
87172,53454,179,1
87172,54200,85,4
87172,54200,0,4
87172,54383,25,1
87172,54383,0,3
87172,54384,0,3
87172,54384,25,1
87172,56145,297,1
87172,56908,297,1
87172,57520,0,2
87172,59426,72,1
87172,59900,182,2
87172,6014b,71,1
87172,6020,0,1
87172,60470b,71,13
87172,60474,72,1
87172,60477,72,2
87172,60484,72,2
87172,60897,71,6
87172,6091,0,6
87172,61252,72,2
87172,61409,378,10
87172,6141,19,9
87172,6141,179,8
87172,6141,4,2
87172,6179,72,1
87172,6232,71,2
87172,6239,0,1
87172,62462,71,1
87172,62462,0,1
87172,63868,0,2
87172,6585,0,1
87172,6587,28,1
87172,6589,19,3
87172,6629,72,2
87172,66955,0,2
87172,69564pr0001,40,1
87172,71539,9999,1
87172,75937,0,2
87172,85984pr0013,72,1
87172,87747,15,6
87172,92280,71,4
87172,92691,15,1
87172,98100,71,1
87172,98138,71,5
87172,99021,72,1
87172,99207,71,2
87172,99563,1103,17
87172,99780,71,2
87172,99781,71,1
87174,11211,0,1
87174,11253,179,2
87174,11476,0,4
87174,13564,0,1
87174,14417,72,2
87174,14704,71,2
87174,14716,0,8
87174,14769pr1174,297,1
87174,15068,272,4
87174,15279,10,1
87174,15395,15,2
87174,15535,0,2
87174,15573,70,3
87174,15706,0,4
87174,15712,297,15
87174,18976,0,1
87174,18980,19,4
87174,20482,15,2
87174,21459,297,2
87174,22888,19,1
87174,24093,70,1
87174,24122,28,1
87174,2417,10,1
87174,24324,70,1
87174,2450,19,2
87174,25893,47,2
87174,25975pr0002,15,1
87174,2654,47,1
87174,3004,272,5
87174,3008,0,3
87174,30136,0,1
87174,3022,19,1
87174,3022,70,3
87174,3023,72,2
87174,30237b,0,1
87174,3035,19,6
87174,30374,19,1
87174,3062b,4,2
87174,3062b,272,6
87174,3069b,19,1
87174,3069b,272,2
87174,3184,0,1
87174,3460,0,1
87174,36017,297,2
87174,3665,0,8
87174,36840,84,2
87174,3707,4,1
87174,3710,0,1
87174,37341a,10,2
87174,37341b,10,2
87174,37341c,10,2
87174,37341d,10,2
87174,37341e,10,2
87174,3749,19,1
87174,3941,4,3
87174,3942c,15,2
87174,40144,72,1
87174,40145,0,1
87174,40379,0,1
87174,4081b,0,2
87174,41740,272,6
87174,4286,272,4
87174,4740,129,2
87174,4865b,28,1
87174,49153,0,1
87174,50663pat0009,297,1
87174,53451,0,1
87174,53454,179,1
87174,54200,272,4
87174,57894,0,3
87174,57895,15,3
87174,59443,4,1
87174,59895,0,1
87174,60470b,84,2
87174,60475b,0,2
87174,60477,0,2
87174,60478,70,4
87174,60479,0,1
87174,60481,0,10
87174,60897,70,2
87174,6091,0,2
87174,6141,2,2
87174,61780,70,1
87174,62462,0,1
87174,63965,297,2
87174,64567,297,6
87174,64567,0,7
87174,66909,19,1
87174,69729,0,2
87174,79482,9999,1
87174,85861,297,9
87174,85984,70,1
87174,85984,28,1
87174,87617,4,8
87174,87994,70,1
87174,87994,297,4
87174,88072,0,6
87174,92338,179,1
87174,92690,1103,1
87174,92691,15,1
87174,92950,0,4
87174,93273,272,2
87174,99563,297,1
87175,15619,1,1
87175,25412,308,1
87175,3626cpr2257,14,1
87175,970c28pr9912,1,1
87175,973c01h03pr0003,1,1
87176,11153,4,2
87176,11203,71,1
87176,11211,0,1
87176,11214,72,2
87176,11291,4,1
87176,11458,4,8
87176,11477,4,3
87176,11477,14,1
87176,14769,71,1
87176,14769,72,1
87176,14769pr1174,297,1
87176,15068,4,1
87176,15303,182,3
87176,15400,72,2
87176,15573,0,2
87176,15712,297,1
87176,15712,72,8
87176,18651,0,2
87176,18654,0,2
87176,18671,71,2
87176,18677,71,2
87176,18677,0,6
87176,21459,297,6
87176,21459,179,2
87176,22385,0,1
87176,22961,4,4
87176,2412b,0,5
87176,2412b,71,2
87176,2412b,36,2
87176,2412b,179,1
87176,2420,4,2
87176,2420,15,2
87176,24201,0,2
87176,24299,0,1
87176,24307,0,1
87176,24309,4,1
87176,2431,0,3
87176,2431,4,4
87176,2445,72,2
87176,2540,72,2
87176,2540,4,1
87176,2654,0,2
87176,2730,0,2
87176,28192,4,10
87176,28192,85,2
87176,28326,0,1
87176,2877,72,5
87176,29119,4,4
87176,29120,4,4
87176,3001,0,2
87176,3002,25,2
87176,3005,0,2
87176,30136,70,2
87176,3020,71,4
87176,3020,0,7
87176,3021,72,4
87176,3021,4,10
87176,3022,0,2
87176,3022,4,4
87176,3022,71,4
87176,3023,0,1
87176,3023,4,21
87176,3024,297,1
87176,3024,25,2
87176,3031,71,2
87176,3034,4,4
87176,3034,72,1
87176,3035,71,1
87176,30374,36,1
87176,30414,4,1
87176,3062b,70,2
87176,3069b,46,3
87176,3069b,4,2
87176,3070b,0,2
87176,32000,0,2
87176,32002,19,1
87176,32018,72,2
87176,32028,71,2
87176,32034,4,2
87176,32039,4,2
87176,32062,4,1
87176,32064a,72,2
87176,32073,71,2
87176,32123b,71,2
87176,32192,0,2
87176,32249,71,2
87176,32449,0,2
87176,32523,0,4
87176,32803,71,1
87176,33909,0,2
87176,3460,4,2
87176,3460,14,2
87176,35299,0,1
87176,35480,72,2
87176,35480,70,4
87176,3623,4,20
87176,3660,4,1
87176,3665,4,4
87176,3666,0,7
87176,3666,4,2
87176,3673,71,2
87176,36841,71,2
87176,3701,0,4
87176,3705,0,6
87176,3710,0,7
87176,3710,72,9
87176,3713,4,5
87176,3795,19,4
87176,3795,0,3
87176,3795,4,3
87176,3832,0,2
87176,3832,4,2
87176,3895,71,2
87176,3958,0,1
87176,4032a,72,1
87176,4032a,70,2
87176,4032a,85,1
87176,4162,0,2
87176,41677,72,2
87176,41769,0,2
87176,41769,4,1
87176,41770,0,2
87176,41770,4,1
87176,42918,4,4
87176,42924,1,8
87176,43093,1,2
87176,43710,0,1
87176,43711,0,1
87176,43722,4,1
87176,43722,0,2
87176,43723,4,1
87176,43723,0,2
87176,44294,14,2
87176,44676,4,2
87176,4519,71,1
87176,51739,4,1
87176,53454,179,1
87176,54200,0,7
87176,55978,0,4
87176,55981,297,2
87176,56145,297,4
87176,59426,72,2
87176,59443,14,2
87176,60470b,0,4
87176,60477,0,2
87176,60478,71,2
87176,60479,0,7
87176,60483,72,2
87176,60484,71,2
87176,6091,0,2
87176,61252,0,1
87176,61332,0,16
87176,6141,297,31
87176,6141,25,2
87176,6231,0,2
87176,62361,4,2
87176,63864,0,4
87176,63965,297,1
87176,64567,0,2
87176,6541,0,6
87176,65426,4,1
87176,65429,4,1
87176,6632,14,2
87176,6632,0,2
87176,66906,0,2
87176,71544,9999,1
87176,73983,71,2
87176,76138,71,1
87176,85943,72,1
87176,85984,4,6
87176,85984,0,2
87176,85984,71,4
87176,87079,4,3
87176,87083,72,2
87176,87087,0,1
87176,87994,70,2
87176,89201,0,2
87176,92280,0,4
87176,92338,297,1
87176,92690,1103,1
87176,93606,0,1
87176,93606,4,4
87176,96874,25,1
87176,98100,0,1
87176,98137,297,2
87176,98138,36,2
87176,98138,72,2
87176,98313,297,2
87176,99021,72,2
87176,99207,4,2
87176,99207,71,6
87176,99780,0,7
87176,99780,15,8
87177,2698c01pr0006,9999,1
87177,2715,4,1
87177,2716,47,1
87178,2698c01pr0006,9999,1
87178,2715,15,1
87178,2716,47,1
87179,2698c01pr0029,9999,1
87179,2715,1,1
87179,2716,47,1
87217,11090,14,6
87217,11477,0,2
87217,11477,308,12
87217,11477,70,8
87217,13547,15,2
87217,14417,72,5
87217,14704,71,5
87217,15068,70,1
87217,15068,15,3
87217,2654,15,1
87217,3001,70,1
87217,3020,70,1
87217,3021,70,1
87217,3022,15,2
87217,3022,70,3
87217,3023,70,4
87217,3023,484,6
87217,3023,15,4
87217,3035,28,2
87217,3049d,0,1
87217,3069b,28,6
87217,3069b,70,8
87217,3070b,70,6
87217,32803,484,1
87217,3623,70,10
87217,3710,484,8
87217,3937,71,2
87217,4070,0,2
87217,48336,14,2
87217,48336,15,1
87217,53451,0,6
87217,60470b,15,1
87217,6134,0,2
87217,6180,15,1
87217,6636,288,6
87217,6636,28,2
87217,73983,0,8
87217,87087,70,4
87217,93273,70,2
87217,93606,308,2
87217,98138,36,2
87217,99780,14,1
87217,stickerupn0071,9999,1
87226,2921,0,1
87226,3004,351,4
87226,3009,13,1
87226,30110,6,1
87226,30112a,20,1
87226,30112b,20,1
87226,30112c,20,3
87226,30112d,20,1
87226,30112e,20,1
87226,30151a,47,1
87226,30153,41,1
87226,30153,34,2
87226,30236,1,1
87226,33051,2,1
87226,33172,25,2
87226,33183,10,2
87226,33207pr0001,15,1
87226,33213,18,2
87226,33215,114,1
87226,33216,45,2
87226,33227,351,1
87226,3622,13,2
87226,3626b,47,1
87226,3794a,15,1
87226,3942c,18,2
87226,3957a,13,1
87226,4032a,2,1
87226,4085c,15,1
87226,4237,2,1
87226,4238,2,1
87226,4424,1,1
87226,4495a,351,1
87226,4740,0,1
87226,48245,351,1
87226,59,383,1
87226,6066,351,1
87226,6124,41,1
87226,6141,57,1
87226,6141,1,2
87226,6161,74,1
87226,6171pr0007,15,1
87226,6185,2,1
87226,6204b,0,1
87226,70997,1,1
87226,71861,351,1
87226,72607,9999,1
87226,75347,351,1
87237,30167,0,1
87237,3626bpr9955,14,1
87237,970c16,6,1
87237,973c08h01pr0001,8,1
87239,3626bpr0009,14,1
87239,4530,4,1
87239,970c17,7,1
87239,973c28h01pr0097,1,1
87242,3624,15,1
87242,3626bpr0001,14,1
87242,970c17,7,1
87242,973c03h01pr0189,0,1
87243,3626bpr0001,14,1
87243,6093,4,1
87243,970c27,15,1
87243,973c03h01pr0189,0,1
87244,3626bpr0005,14,1
87244,3833,4,1
87244,970c22,4,1
87244,973c28h01pr0122,1,1
87245,3626bpr0006,14,1
87245,3901,6,1
87245,970c27,15,1
87245,973c27h01pr0168,15,1
87246,3626bpr0006,14,1
87246,6093,4,1
87246,970c27,15,1
87246,973c27h01pr0168,15,1
87247,3626bpr0006,14,1
87247,3833,4,1
87247,970c31,2,1
87247,973c27h01pr0073,2,1
87248,3626bpr0007,14,1
87248,6093,6,1
87248,970c17,7,1
87248,973c31h01pr0019,2,1
87249,2446pr0052,1,1
87249,2447,41,1
87249,3626bpr0006,14,1
87249,970c28,1,1
87249,973c22h01pr0036,4,1
87250,3626bpr0001,14,1
87250,4530,0,1
87250,970c28,1,1
87250,973c27h01pr0130,15,1
87251,3626bpr0001,14,1
87251,6093,0,1
87251,970c31,2,1
87251,973c27h01pr0130,15,1
87252,3626bpr0001,14,1
87252,4530,6,1
87252,970c28,1,1
87252,973c27h01pr0201,15,1
87253,3626bpr0001,14,1
87253,6093,6,1
87253,970c28,1,1
87253,973c27h01pr0201,15,1
87254,2446,1,1
87254,3626bpr0001,14,1
87254,3838,14,1
87254,6090,0,1
87254,970c28,1,1
87254,973c27h01,1,1
87255,3626bpr0001,14,1
87255,6093,0,1
87255,970c28,1,1
87255,973c28h01pr0019,1,1
87256,3626bpr0006,14,1
87256,4530,0,1
87256,970c28,1,1
87256,973c28h01pr0008,1,1
87257,3626bpr0005,14,1
87257,3901,0,1
87257,970c28,1,1
87257,973c28h01pr0008,1,1
87258,3069b,379,1
87258,30837,4,1
87258,30925,379,1
87258,50951,0,4
87258,87079pr0128,379,1
87258,87079pr0129,379,1
87258,93587pr0012,379,1
87258,93590,71,1
87258,93591pr0023,379,1
87258,93593,4,4
87288,2343,47,2
87288,2356,15,1
87288,2357,15,8
87288,2412b,0,4
87288,2431,15,1
87288,2432,15,1
87288,2454a,15,1
87288,2465,351,2
87288,2493b,15,1
87288,2494,47,1
87288,2555,15,2
87288,2926,7,2
87288,298c02,15,1
87288,3001,15,2
87288,30016,351,3
87288,30018,15,1
87288,3002,15,4
87288,3003,351,1
87288,3003,15,1
87288,3004,15,12
87288,3004,351,8
87288,3005,351,1
87288,3005,1,1
87288,3005,13,2
87288,3005,15,6
87288,3005,14,1
87288,30055,15,4
87288,3008,351,2
87288,3009,15,3
87288,3010,14,3
87288,3010,15,9
87288,30112c,20,2
87288,3022,15,3
87288,3023,7,1
87288,3023,15,1
87288,3034,15,1
87288,3039,15,1
87288,3045,15,2
87288,3062b,47,3
87288,3062b,34,1
87288,3062b,46,2
87288,3062b,33,1
87288,3068b,15,1
87288,3139,0,4
87288,3307,20,2
87288,3307,15,4
87288,3455,15,4
87288,3622,15,3
87288,3623,15,2
87288,3666,15,2
87288,3679,7,3
87288,3680,15,3
87288,3710,15,1
87288,3741,2,4
87288,3742,351,8
87288,3742,14,8
87288,3747a,15,2
87288,3794a,15,1
87288,3830,15,2
87288,3831,15,2
87288,3837,1,1
87288,3852b,74,1
87288,3899,13,4
87288,3900,1,1
87288,3941,15,2
87288,4083,351,1
87288,4085c,15,2
87288,4150,15,4
87288,4151a,351,1
87288,4161pr0001,74,1
87288,4202,18,2
87288,4213,15,1
87288,4315,15,1
87288,4325,14,1
87288,4337,14,1
87288,4341,0,1
87288,4430,20,1
87288,4461,1,1
87288,4589,15,1
87288,45896pr0001,15,1
87288,4591,15,5
87288,4599a,351,2
87288,4599a,1,2
87288,4624,7,4
87288,4744,15,1
87288,4861,351,1
87288,4865a,15,4
87288,4908,20,1
87288,6016,0,1
87288,6019,15,2
87288,6081,15,2
87288,6111,15,1
87288,6141,0,1
87288,6141,7,1
87288,6141,15,5
87288,6141,57,2
87288,6161,18,2
87288,6161,20,1
87288,6162,74,2
87288,6162,18,2
87288,6165,15,1
87288,6166,15,1
87288,6169,20,1
87288,6175,8,1
87288,6177a,15,1
87288,6178,20,1
87288,6179,13,1
87288,6179,14,3
87288,6179,1,2
87288,6179,15,6
87288,6180,1,1
87288,6180,13,1
87288,6182,13,2
87288,6182,15,7
87288,6183,1,2
87288,6183,15,1
87288,6183,20,2
87288,6184,15,3
87288,6184,1,1
87288,6186,20,1
87288,6187,15,2
87288,6190,74,1
87288,6191,15,4
87288,6191,14,3
87288,6191,13,1
87288,6192a,13,1
87288,6195,1,1
87288,6195,15,1
87288,6196,1,1
87288,6196,351,3
87288,6197,15,6
87288,6198,351,2
87288,6198,1,2
87288,6201,0,1
87288,6203,351,1
87288,6205,15,2
87288,6206,15,1
87288,6251,15,1
87288,6252,13,1
87288,6253,15,1
87288,6255,2,3
87288,6256,14,3
87288,70942,383,2
87288,71189,13,1
87288,71190,20,2
87288,71191,351,2
87288,71311,9999,1
87288,71314,9999,1
87288,75347,351,3
87288,75347,15,1
87288,belfig0001pr0007,18,1
87288,belfig0003c01pr0008,92,1
87315,10314,15,6
87315,10928,72,1
87315,11211,19,3
87315,11211,71,4
87315,11212,15,2
87315,11214,4,1
87315,11458,71,2
87315,11458,0,7
87315,11458,4,4
87315,11476,15,6
87315,11477,15,14
87315,11477,0,12
87315,11477,484,3
87315,13731,15,2
87315,14719,15,4
87315,14719,0,2
87315,15068,15,7
87315,15068,0,6
87315,15068pr0045,15,1
87315,15068pr0046,15,1
87315,15413,0,4
87315,15460,72,2
87315,15535,4,2
87315,15573,15,2
87315,15672,72,5
87315,15672,15,8
87315,15672,484,4
87315,15672,0,2
87315,15712,0,2
87315,15712,4,2
87315,15712,15,2
87315,17485,14,1
87315,18651,0,1
87315,18674,71,2
87315,18677,4,2
87315,18980,15,2
87315,18980,0,2
87315,20310,71,2
87315,20482,71,7
87315,20482,15,6
87315,22484,72,1
87315,22886,484,2
87315,22961,15,2
87315,23443,0,2
87315,2357,15,2
87315,2357,71,1
87315,2412b,0,26
87315,2420,0,6
87315,2420,71,12
87315,2420,15,8
87315,24201,484,2
87315,2431,0,3
87315,2431,484,2
87315,2431,15,10
87315,24316,70,2
87315,2431pr0166,15,2
87315,2445,15,2
87315,2445,0,3
87315,2449,15,2
87315,2450,0,4
87315,2458,72,1
87315,2458,4,2
87315,2458,0,2
87315,25269,15,2
87315,2540,0,4
87315,2654,0,2
87315,26601,15,10
87315,26601,0,4
87315,2723,71,6
87315,2730,0,1
87315,27507,15,8
87315,27925,0,4
87315,27925,484,4
87315,27940,72,2
87315,2819,0,1
87315,28192,15,2
87315,2877,71,4
87315,28802,0,4
87315,29119,0,1
87315,29119,15,2
87315,29120,0,1
87315,29120,15,2
87315,30000,71,1
87315,3001,15,2
87315,3001,4,1
87315,3003,19,2
87315,3003,0,2
87315,3004,15,10
87315,3004,0,3
87315,3005,0,4
87315,3005,15,6
87315,3007,15,2
87315,3008,0,1
87315,3008,15,3
87315,3008,72,3
87315,3009,71,2
87315,3010,71,5
87315,30137,84,16
87315,3020,15,8
87315,3020,71,5
87315,3021,4,5
87315,3021,71,5
87315,3021,72,3
87315,3021,0,4
87315,3022,0,1
87315,3022,484,1
87315,3022,25,1
87315,3022,15,2
87315,3022,71,4
87315,3023,484,35
87315,3023,1,11
87315,3023,15,34
87315,3023,40,2
87315,3023,0,14
87315,3023,71,4
87315,30237b,71,1
87315,3024,25,2
87315,3024,15,18
87315,3024,0,7
87315,3024,484,2
87315,3029,15,2
87315,3031,0,1
87315,3032,71,2
87315,3034,0,3
87315,3034,71,1
87315,3034,15,1
87315,3035,72,1
87315,30357,15,6
87315,30383,15,2
87315,3039,0,1
87315,3040b,71,2
87315,30414,0,2
87315,3043,484,3
87315,30565,15,4
87315,3062b,0,1
87315,3062b,71,10
87315,3068b,0,4
87315,3069b,0,4
87315,3069b,484,1
87315,3069b,322,1
87315,3069b,15,9
87315,3069b,71,2
87315,3069bpr0326,47,2
87315,3070b,0,10
87315,3070b,15,16
87315,3176,0,1
87315,31794,71,2
87315,31794,14,2
87315,32005a,72,2
87315,32013,71,1
87315,32016,71,1
87315,32018,0,2
87315,32028,15,2
87315,32034,0,2
87315,32062,4,6
87315,32064a,0,2
87315,32073,14,2
87315,32123b,71,6
87315,32124,0,4
87315,32140,0,1
87315,32278,1,1
87315,32316,326,1
87315,32523,4,3
87315,32532,0,3
87315,32952,15,8
87315,32952,0,2
87315,33909,71,4
87315,33909,15,9
87315,33909,0,3
87315,34103,15,2
87315,3460,15,4
87315,3460,0,5
87315,3460,71,3
87315,35186,0,1
87315,35787,0,4
87315,3622,484,2
87315,3622,15,4
87315,3623,484,2
87315,3623,0,10
87315,3623,15,8
87315,3659,0,2
87315,3660,0,1
87315,3660,15,4
87315,3665,0,8
87315,3665,15,2
87315,3666,0,3
87315,3666,1,2
87315,3666,71,4
87315,3666,484,2
87315,3666,15,15
87315,3673,71,2
87315,3678b,15,4
87315,36840,15,2
87315,3700,0,1
87315,3701,0,4
87315,3702,0,4
87315,3702,14,1
87315,3703,71,2
87315,3706,4,1
87315,3710,71,6
87315,3710,484,2
87315,3710,15,16
87315,3710,0,7
87315,3710,19,4
87315,3713,4,2
87315,37352,15,38
87315,3747b,0,2
87315,3749,19,3
87315,3795,0,6
87315,3795,15,2
87315,3795,4,1
87315,3832,15,2
87315,3832,0,1
87315,3832,71,4
87315,3894,15,1
87315,3894,4,1
87315,3895,1,1
87315,3937,0,1
87315,3937,71,2
87315,3941,71,2
87315,4032a,14,6
87315,40490,14,1
87315,40490,71,1
87315,4070,15,2
87315,41239,4,1
87315,4162,15,2
87315,4162,0,2
87315,4162pr0084,4,1
87315,41682,0,5
87315,41740,484,2
87315,42135,0,1
87315,42610,0,1
87315,42716,179,4
87315,42716,0,4
87315,4274,1,2
87315,4286,15,2
87315,4287c,15,6
87315,42918,15,10
87315,42918pr0005,15,1
87315,42924,1,24
87315,43093,1,2
87315,43710,15,1
87315,43711,15,1
87315,43722,15,1
87315,43723,15,1
87315,43857,10,1
87315,43898,47,2
87315,44567b,484,4
87315,44567b,0,2
87315,4460b,15,2
87315,44728,1,2
87315,4477,14,3
87315,4477,72,2
87315,4477,0,2
87315,4477,71,1
87315,44861,0,3
87315,4510,0,1
87315,4515,0,1
87315,4519,14,3
87315,46212,47,4
87315,46667,0,1
87315,47905,0,2
87315,48336,0,2
87315,48336,322,1
87315,48336,4,1
87315,48729b,0,1
87315,49307,71,6
87315,50340,15,2
87315,50950,15,2
87315,50950,0,2
87315,52107,4,6
87315,53540,71,1
87315,53923,71,1
87315,54200,15,2
87315,54200,0,2
87315,54200,71,5
87315,54672,0,2
87315,54672,71,1
87315,57360,0,4
87315,59426,72,2
87315,59443,0,1
87315,59443,4,2
87315,6005,0,2
87315,6005,15,4
87315,6005,25,2
87315,60208,71,1
87315,60470b,15,2
87315,60470b,4,3
87315,60478,14,2
87315,60478,0,2
87315,60478,15,8
87315,60478,4,2
87315,60479,0,2
87315,60481,0,4
87315,60483,0,5
87315,6081,15,4
87315,6091,15,2
87315,61332,0,23
87315,6134,0,1
87315,6134,71,2
87315,61409,0,2
87315,61409,15,9
87315,6141,0,3
87315,6141,71,8
87315,6141,4,36
87315,6141,72,6
87315,6141,1,8
87315,6179,0,4
87315,61903,71,1
87315,6215,15,4
87315,6231,15,2
87315,62462,179,2
87315,6267,47,1
87315,63864,0,1
87315,63864,484,7
87315,63868,15,2
87315,63869,71,1
87315,64644,0,4
87315,65304,25,8
87315,6536,14,2
87315,6541,19,5
87315,65617,15,2
87315,65734,182,2
87315,65735,47,1
87315,6636,14,2
87315,6636,0,9
87315,6636,15,8
87315,66857,0,2
87315,66906,4,2
87315,68568,15,2
87315,68568,484,4
87315,68568,0,2
87315,69729,0,3
87315,73825,0,2
87315,73825,15,4
87315,73983,15,4
87315,76795,15,4
87315,77180,15,1
87315,77182,15,1
87315,78c06,0,1
87315,85080,0,2
87315,85080,4,2
87315,85941,47,2
87315,85943,72,2
87315,85984,0,8
87315,85984,71,4
87315,85984pr0021,71,1
87315,87079,15,6
87315,87079,0,4
87315,87079pr0243,191,1
87315,87079pr0244,15,1
87315,87087,4,6
87315,87544,15,4
87315,87552,47,4
87315,87552pr0011,47,1
87315,87552pr0012,47,1
87315,87580,484,4
87315,87609,15,2
87315,87994,15,1
87315,87994,71,2
87315,87994,0,1
87315,88072,0,1
87315,91988,72,1
87315,92099,15,2
87315,92950,0,2
87315,93274,71,4
87315,93606,15,2
87315,93606,484,8
87315,94925,71,1
87315,96874,25,1
87315,98100,71,2
87315,98138,71,2
87315,98138,14,6
87315,98138pr0186,71,2
87315,99206,15,5
87315,99206,71,2
87315,99207,0,5
87315,99207,4,4
87315,99207,15,16
87315,99563,15,2
87315,99563,0,2
87315,99780,15,3
87431,2868b,0,1
87431,2871a,0,2
87431,3004,0,1
87431,5306bc036,0,1
87431,5306c01,8,1
87431,6035,15,1
87431,70358,0,1
87431,70931,0,1
87431,71128,383,1
87431,74746,8,8
87431,74747,8,16
87450,33172,25,1
87450,33183,10,1
87450,99244pr0001,15,1
87485,15068,85,1
87485,24246,71,2
87485,28802,0,2
87485,3020,72,1
87485,3022,85,4
87485,3023,47,10
87485,3023,85,4
87485,3024,47,2
87485,3069b,85,2
87485,3070b,0,1
87485,3070b,85,1
87485,98138,0,4
87485,99206,0,2
87520,92438,71,6
87633,51493c01,4,1
87634,upn0389pr0006,1,4
87634,upn0389pr0007,2,4
87766,10197,72,4
87766,11211,71,2
87766,11477,4,8
87766,11641,1103,1
87766,12825,72,2
87766,12825,0,1
87766,13547,4,2
87766,13731,4,2
87766,14769pr9999,72,1
87766,15303,36,3
87766,15400,72,2
87766,15621,36,1
87766,17818,9999,1
87766,2412b,297,1
87766,2431,0,2
87766,2458,14,2
87766,2476a,71,1
87766,2654,46,1
87766,2654,0,2
87766,2730,71,4
87766,2780,0,24
87766,298c02,71,2
87766,3001,72,2
87766,30031,0,1
87766,3004,4,2
87766,30157,72,1
87766,30162,72,1
87766,30162,297,4
87766,30173b,179,2
87766,3020,72,1
87766,3020,0,1
87766,3021,4,4
87766,3022,4,2
87766,3022,14,8
87766,3023,72,13
87766,3023,36,9
87766,3031,4,1
87766,3034,0,2
87766,30374,0,1
87766,30526,71,1
87766,3070b,4,4
87766,3070b,0,2
87766,32000,0,1
87766,32013,4,2
87766,32039,0,2
87766,32056,14,2
87766,32064b,4,2
87766,32064b,0,4
87766,32271,0,2
87766,32291,4,2
87766,32449,0,4
87766,32449,72,4
87766,32523,4,4
87766,32531,71,1
87766,3623,4,6
87766,3623,0,2
87766,3665,4,4
87766,3666,72,4
87766,3700,71,1
87766,3705,0,1
87766,3706,0,2
87766,3707,0,1
87766,3710,72,1
87766,3713,4,7
87766,3749,19,2
87766,3794b,72,1
87766,3794b,4,1
87766,3795,72,3
87766,3839b,71,2
87766,3894,4,5
87766,3941,57,3
87766,4032a,85,3
87766,4070,4,2
87766,4081b,71,2
87766,4081b,4,2
87766,4162,4,2
87766,41769,0,1
87766,41770,0,1
87766,41862,71,2
87766,42003,0,2
87766,4274,1,6
87766,4287c,0,2
87766,43093,1,2
87766,43722,4,2
87766,43722,72,1
87766,43723,4,2
87766,43723,72,1
87766,43857,4,1
87766,44675,0,2
87766,44728,71,2
87766,44728,0,1
87766,4477,0,2
87766,4519,71,4
87766,4590,72,2
87766,4598,0,1
87766,4740,0,2
87766,47753,4,2
87766,47905,72,1
87766,4865b,72,2
87766,49668,4,2
87766,50946,71,1
87766,50950,4,4
87766,50967,4,2
87766,52501,72,2
87766,53454,36,1
87766,54200,297,2
87766,55978,0,4
87766,55981,0,2
87766,56145,297,4
87766,59443,4,2
87766,59443,14,1
87766,59900,36,7
87766,59900,297,4
87766,60474,72,1
87766,60478,72,2
87766,6091,4,6
87766,61070,4,1
87766,61071,4,1
87766,61072,179,3
87766,61184,71,2
87766,61252,297,2
87766,61403,179,1
87766,61409,4,4
87766,61409,72,2
87766,6141,297,18
87766,6141,47,2
87766,6141,36,14
87766,61485,0,1
87766,62360,0,1
87766,62361,4,2
87766,63868,0,2
87766,64644,297,1
87766,6536,4,2
87766,6541,4,4
87766,6541,0,4
87766,6558,1,2
87766,6587,28,2
87766,85984,4,3
87766,87083,72,4
87766,87087,0,4
87766,89201,0,2
87766,92690,71,2
87766,93606,4,1
87766,98137,297,2
87766,98139,179,2
87766,98141,297,2
87766,98141,179,5
87766,99207,0,1
87766,99780,0,4
87795,169795,9999,1
87795,2357,0,2
87795,2412b,4,1
87795,2412b,7,8
87795,2420,4,8
87795,2420,0,10
87795,2431,0,6
87795,2436,0,8
87795,2444,0,6
87795,2445,0,4
87795,2450,0,2
87795,2450,4,4
87795,2508,0,4
87795,2555,0,2
87795,2711,0,2
87795,2717,0,1
87795,2730,4,2
87795,2744,4,4
87795,2780,0,29
87795,2817,0,1
87795,2819,7,1
87795,2825,0,6
87795,2825,4,2
87795,2850a,7,6
87795,2851,8,6
87795,2852,7,6
87795,2853,7,2
87795,2854,8,2
87795,3005,0,2
87795,3021,0,2
87795,3022,0,5
87795,3023,4,10
87795,3023,0,12
87795,3024,36,2
87795,3024,4,3
87795,3024,0,4
87795,3032,0,2
87795,3034,0,1
87795,3040b,4,4
87795,3068b,4,1
87795,3068b,0,5
87795,3069b,4,2
87795,3069b,0,2
87795,3460,0,3
87795,3622,4,2
87795,3623,4,7
87795,3623,7,2
87795,3623,0,4
87795,3647,7,1
87795,3650c,7,1
87795,3666,0,6
87795,3666,4,2
87795,3700,4,2
87795,3700,0,4
87795,3701,7,1
87795,3701,4,2
87795,3701,0,2
87795,3702,4,4
87795,3702,0,2
87795,3703,4,2
87795,3704,0,7
87795,3705,0,5
87795,3706,0,2
87795,3707,0,2
87795,3709,4,1
87795,3709,0,5
87795,3710,4,5
87795,3710,0,3
87795,3713,7,9
87795,3737,0,3
87795,3738,7,1
87795,3749,7,3
87795,3794a,4,4
87795,3795,0,3
87795,3832,4,1
87795,3832,0,1
87795,3894,0,2
87795,3894,4,8
87795,3895,0,2
87795,4262,0,2
87795,4263,4,2
87795,4265b,7,10
87795,4274,7,16
87795,4287a,4,1
87795,4477,0,3
87795,4519,0,2
87795,4623,4,2
87795,4697b,7,6
87795,5102c06,7,6
87795,6141,0,2
87795,6141,1,6
87795,6536,7,7
87795,6538a,7,1
87795,6541,0,2
87795,6558,0,1
87795,6571,0,4
87795,6572,0,4
87795,6573,8,1
87795,6575,7,1
87795,6587,8,2
87795,6589,7,3
87795,6594,0,4
87795,6595,15,4
87795,6642,8,1
87795,6644,0,2
87795,73983,0,4
87795,73983,4,8
87795,75c04,8,2
87795,flex08c06,7,2
87825,10928,72,1
87825,11010,334,1
87825,11211,71,1
87825,11212,15,1
87825,11213,322,1
87825,11214,72,1
87825,11253,0,4
87825,11267,14,1
87825,11476,15,1
87825,11477,30,2
87825,11477,31,4
87825,11618,31,1
87825,13808,297,1
87825,14769,297,1
87825,14769,15,2
87825,14769pr1020,297,1
87825,15068,14,2
87825,15068,15,2
87825,15395,0,1
87825,15462,70,1
87825,15503,5,1
87825,15573,85,1
87825,15573,297,1
87825,15573,15,10
87825,15573,26,9
87825,15706,85,8
87825,15712,15,1
87825,18651,0,2
87825,18653,15,14
87825,18674,322,15
87825,18853,29,5
87825,18853,191,5
87825,18854,45,1
87825,18855,323,1
87825,19798,15,1
87825,20482,47,18
87825,20482,297,12
87825,22667,4,1
87825,22885,15,1
87825,23187,31,1
87825,2343,47,1
87825,2357,15,5
87825,23969,41,2
87825,23969,322,4
87825,23986,5,1
87825,24067pr0005,226,1
87825,2412b,0,1
87825,2417,26,2
87825,24246,85,1
87825,2431,14,1
87825,2431,322,2
87825,2431,3,1
87825,2453b,15,5
87825,2454b,15,1
87825,2458,15,2
87825,2458,4,4
87825,2476a,71,1
87825,24866,27,2
87825,24866,15,6
87825,24866,29,4
87825,24947,14,2
87825,2496,0,2
87825,25269,15,4
87825,25269,322,10
87825,25269,31,2
87825,26047,15,2
87825,26047,71,1
87825,2655,71,2
87825,26603,71,1
87825,2780,0,4
87825,27925,14,2
87825,27925,322,6
87825,298c02,15,2
87825,3001,14,1
87825,3002,15,3
87825,3003,15,2
87825,3003,14,4
87825,3004,322,1
87825,3004,15,26
87825,3005,15,19
87825,3005,5,4
87825,3005,85,16
87825,3008,15,5
87825,30089b,27,1
87825,3009,15,3
87825,30099,15,4
87825,3010,15,6
87825,3010,71,1
87825,30151b,47,1
87825,30153,47,1
87825,3020,85,1
87825,3020,14,4
87825,3020,322,1
87825,3020,0,1
87825,3021,15,1
87825,3021,71,1
87825,3022,322,2
87825,3022,71,2
87825,3023,31,3
87825,3023,71,4
87825,3023,322,7
87825,3023,15,15
87825,3023,14,7
87825,3023,5,18
87825,3023,0,1
87825,3024,14,17
87825,3024,5,20
87825,3024,71,1
87825,3024,15,15
87825,3024,0,1
87825,3024,4,1
87825,3024,322,13
87825,3024,41,1
87825,3024,46,2
87825,3028,85,4
87825,30357,85,2
87825,30357,14,4
87825,3036,30,6
87825,3038,15,2
87825,3040bpr0013,15,2
87825,30562,47,4
87825,30565,30,2
87825,3062b,19,1
87825,3062b,212,1
87825,3065,45,1
87825,3065,46,1
87825,3065,41,1
87825,3068b,26,2
87825,3068b,71,3
87825,3068b,15,1
87825,3069b,3,1
87825,3069b,5,1
87825,3069b,322,3
87825,3069b,71,4
87825,3069b,14,1
87825,3069bpr0020,71,1
87825,3069bpr0100,2,2
87825,3069bpr0278,15,2
87825,3069bpr0302,322,1
87825,3070b,30,2
87825,3070b,322,2
87825,3070b,4,2
87825,3070b,71,2
87825,3176,14,2
87825,3176,322,2
87825,3176,15,1
87825,32000,15,4
87825,32123b,14,4
87825,32124,15,2
87825,32140,15,1
87825,3245c,15,13
87825,32607,27,2
87825,32828,19,4
87825,32905,71,1
87825,33183,70,2
87825,33322,297,1
87825,34103,15,3
87825,35183,26,1
87825,3622,15,11
87825,3623,322,7
87825,3623,14,9
87825,3623,15,2
87825,3623,4,1
87825,3626c,15,3
87825,3666,322,2
87825,3666,31,6
87825,3666,0,2
87825,3678b,15,4
87825,3700,1,2
87825,3700,14,6
87825,3700,15,4
87825,3700,25,2
87825,3701,15,1
87825,3702,15,2
87825,3710,5,2
87825,3710,14,7
87825,3710,322,5
87825,3713,4,2
87825,37352,15,2
87825,3747b,15,1
87825,3749,19,1
87825,37695,10,10
87825,3795,322,2
87825,3795,30,2
87825,38014,15,3
87825,38159,323,1
87825,3852b,322,1
87825,3895,15,1
87825,3937,15,2
87825,3941,47,2
87825,3958,31,3
87825,40243,14,8
87825,40244,308,1
87825,4032a,15,5
87825,4032a,85,1
87825,40378,70,2
87825,4070,71,17
87825,4070,15,3
87825,4162,322,2
87825,41677,71,2
87825,41740,15,3
87825,41740,322,1
87825,42205,322,3
87825,4287c,15,5
87825,4345b,71,1
87825,4346,71,1
87825,44728,71,5
87825,4477,15,2
87825,4536,5,1
87825,4595,0,1
87825,46212,47,6
87825,46342,5,1
87825,4733,15,2
87825,48092,15,4
87825,4865b,41,2
87825,4865b,322,2
87825,48729b,71,1
87825,49153,15,1
87825,49661pr0001,14,1
87825,54200,15,2
87825,54200,14,1
87825,55013,72,2
87825,57520,0,2
87825,59230,0,1
87825,59349,15,8
87825,59349,47,1
87825,59900,45,1
87825,59900,41,10
87825,6003,85,6
87825,6003,30,2
87825,6003,31,2
87825,6005,15,6
87825,60474,14,1
87825,60478,15,1
87825,60479,15,6
87825,60479,14,2
87825,60481,15,2
87825,60596,15,1
87825,6060,15,4
87825,60616b,15,1
87825,60849,0,1
87825,60897,15,4
87825,6091,15,10
87825,6091,5,6
87825,6091,71,2
87825,6106,31,2
87825,6112,15,6
87825,61252,0,2
87825,6134,71,2
87825,6141,297,2
87825,6141,4,3
87825,6141,14,3
87825,6141,1,3
87825,6141,2,3
87825,61485,0,1
87825,6179,5,1
87825,6183,15,2
87825,6231,71,2
87825,62462,14,1
87825,62698,85,1
87825,63864,15,1
87825,63864,0,1
87825,63864,322,4
87825,63868,71,1
87825,64644,15,4
87825,64799,14,1
87825,65080pat0001,5,1
87825,6536,14,2
87825,65578,47,6
87825,6636,5,4
87825,66965pr0001,19,1
87825,67095,15,9
87825,69900,71,14
87825,69903,85,1
87825,72760,9999,1
87825,75c12,297,3
87825,75c16,297,2
87825,85080,15,6
87825,85861,182,1
87825,85984,71,4
87825,87079,322,1
87825,87079,26,1
87825,87079,85,1
87825,87552,47,10
87825,87994,15,1
87825,88072,4,1
87825,90258,72,1
87825,90370pr0005,0,1
87825,92410,15,1
87825,92950,15,2
87825,93092,30,1
87825,93092,5,1
87825,93094pat0001,4,1
87825,93273,15,1
87825,93609,15,1
87825,96874,3,1
87825,98138,158,3
87825,98138,212,3
87825,98138,31,2
87825,98138,45,1
87825,98138,323,2
87825,98138,73,2
87825,98138,29,3
87825,98138pr0013,15,1
87825,98138pr0018,84,2
87825,98138pr0081,15,1
87825,98138pr0185,179,2
87825,98313,297,12
87825,98397,71,1
87825,99207,71,1
87825,99207,14,4
87826,10247,71,4
87826,14719,70,2
87826,15397,0,1
87826,15573,70,32
87826,15573,71,1
87826,18651,0,1
87826,18654,72,1
87826,18677,71,6
87826,18787,179,1
87826,18789,179,1
87826,18792,70,2
87826,19727pr0006,15,1
87826,19727pr0062,14,1
87826,2357,71,3
87826,2357,15,2
87826,24008pr0060,30,1
87826,2412b,19,1
87826,2431,71,2
87826,2431,33,2
87826,2453b,84,2
87826,2454b,71,10
87826,2454b,25,1
87826,2456,71,5
87826,24866,30,1
87826,24866,2,3
87826,24866,14,3
87826,24866,4,1
87826,2654,72,1
87826,26603,19,2
87826,27507,71,1
87826,27925,71,1
87826,27928,70,4
87826,3001,70,4
87826,3001,288,4
87826,3001,71,8
87826,3001,84,2
87826,3001,2,6
87826,3002,70,2
87826,3002,14,1
87826,3003,70,10
87826,3003,4,1
87826,3003,19,4
87826,3003,71,8
87826,3003,15,4
87826,3003,2,2
87826,3004,71,2
87826,3004,25,1
87826,3004,70,7
87826,3004,2,1
87826,3004,0,2
87826,3004pr0014,84,2
87826,3004pr0020,72,1
87826,3004pr0021,72,1
87826,3005,70,1
87826,3005,0,2
87826,3005,84,5
87826,3008,72,2
87826,3009,71,3
87826,3009,70,1
87826,3010,71,4
87826,3010,70,2
87826,30145,71,3
87826,3020,71,2
87826,3020,1,1
87826,3020,2,4
87826,3020,19,1
87826,3020,14,1
87826,3020,84,1
87826,3021,0,3
87826,3021,15,1
87826,3022,25,1
87826,3022,1,1
87826,3022,71,6
87826,3023,28,3
87826,3023,29,1
87826,3023,72,10
87826,3023,14,8
87826,3023,15,1
87826,3023,1,1
87826,3023,25,5
87826,3024,4,3
87826,3024,182,1
87826,3024,15,6
87826,3024,30,1
87826,3024,70,4
87826,3024,71,13
87826,3024,46,1
87826,3031,71,1
87826,3031,72,4
87826,3032,70,1
87826,3033,1,1
87826,3033,72,1
87826,3034,70,1
87826,3035,2,2
87826,3036,72,5
87826,3039,33,1
87826,3068b,0,1
87826,3068bpr0236,84,1
87826,3069b,33,3
87826,3069b,30,1
87826,3070b,0,1
87826,32000,71,6
87826,32062,4,1
87826,32064a,72,8
87826,32348,72,1
87826,3245c,71,3
87826,32803,0,1
87826,33183,191,1
87826,33909,70,2
87826,33909,1,5
87826,3623,0,1
87826,3673,71,3
87826,3700,71,9
87826,3700,84,2
87826,3710,1,3
87826,3710,71,3
87826,3710,19,1
87826,3710,72,1
87826,3713,4,1
87826,3795,2,2
87826,3795,28,2
87826,3795,72,2
87826,3795,70,1
87826,3958,72,1
87826,4032a,0,2
87826,41740,72,2
87826,4216,14,2
87826,4216,19,2
87826,42924,1,4
87826,44728,2,8
87826,4727,10,2
87826,4865b,71,3
87826,4865b,84,3
87826,59426,72,1
87826,60478,0,1
87826,60483,72,1
87826,6112,70,4
87826,6141,19,4
87826,6141,322,4
87826,6141,36,4
87826,6141,0,6
87826,6141,15,3
87826,6223,33,10
87826,6231,71,2
87826,63868,0,1
87826,64644,308,1
87826,64799,1,1
87826,65509,70,2
87826,6636,84,1
87826,6636,71,8
87826,69729,19,2
87826,73230,71,1
87826,73230,25,2
87826,73825,70,2
87826,85861,70,6
87826,85984,25,1
87826,87079,71,1
87826,87079,72,4
87826,87083,72,5
87826,87580,25,2
87826,87580,70,1
87826,87580,71,3
87826,87580,72,26
87826,87580,19,4
87826,87580,84,3
87826,87580,10,6
87826,91176,71,4
87826,91405,72,1
87826,91501,71,2
87826,96874,25,1
87826,98283,84,4
87826,98560,25,1
87827,11211,71,2
87827,11211,2,1
87827,11211,4,1
87827,11211,14,3
87827,11476,15,1
87827,11477,14,2
87827,11477,30,2
87827,13971,71,4
87827,13971,4,6
87827,14226c11,0,1
87827,14769,4,1
87827,15068,191,2
87827,15068,288,2
87827,15068,14,2
87827,15456,71,2
87827,15573,15,1
87827,15573,1,1
87827,15573,70,1
87827,15672,19,2
87827,15712,4,2
87827,18671,4,1
87827,18671,71,1
87827,18674,4,1
87827,18674,272,1
87827,20482,0,2
87827,21445,0,2
87827,22885,19,1
87827,2412b,320,2
87827,2412b,71,2
87827,2412b,0,1
87827,2456,272,1
87827,2456,1,2
87827,2456,15,1
87827,2458,15,4
87827,2476a,71,2
87827,2540,0,1
87827,2540,71,2
87827,26047,15,2
87827,2654,71,2
87827,2654,4,2
87827,28192,4,2
87827,2877,70,2
87827,2877,14,2
87827,28802,4,2
87827,298c02,1,1
87827,298c02,71,1
87827,298c02,4,1
87827,30000,15,1
87827,30000,71,1
87827,3001,2,2
87827,3001,321,3
87827,3001,4,2
87827,3001,3,2
87827,3001,15,3
87827,3001,14,3
87827,3001,191,3
87827,3001,272,2
87827,3002,0,1
87827,30028,0,8
87827,3003,0,2
87827,3003,70,2
87827,3003,27,2
87827,3003,2,1
87827,3003,272,1
87827,3003,15,2
87827,30031,0,2
87827,3004,272,4
87827,3004,19,1
87827,3004,15,7
87827,3004,0,2
87827,3004,4,3
87827,3004,321,1
87827,3005,26,2
87827,3005,4,4
87827,3005,484,2
87827,3005,47,1
87827,3005,27,2
87827,3005,14,4
87827,3005,70,2
87827,3008,71,2
87827,3009,27,2
87827,3010,4,2
87827,3010,1,2
87827,3010,288,2
87827,3010,14,2
87827,30157,70,2
87827,30165,321,1
87827,30165,4,1
87827,30192,72,1
87827,3020,14,2
87827,3020,288,2
87827,3020,4,2
87827,3020,0,2
87827,3020,2,2
87827,3020,191,3
87827,3020,15,2
87827,3020,71,1
87827,3020,25,1
87827,3021,288,2
87827,3021,29,1
87827,3021,191,2
87827,3021,28,1
87827,3021,15,1
87827,3021,272,2
87827,3022,72,2
87827,3022,19,3
87827,3022,14,1
87827,3022,15,1
87827,3022,4,1
87827,3022,26,3
87827,3023,72,2
87827,3023,36,3
87827,3023,30,2
87827,3023,15,4
87827,3023,70,2
87827,3023,19,3
87827,3023,27,2
87827,3023,4,2
87827,3023,272,4
87827,3023,0,3
87827,3023,26,2
87827,3024,70,1
87827,3031,27,1
87827,3031,71,1
87827,3031,0,1
87827,3031,2,1
87827,3032,19,1
87827,3032,14,1
87827,3032,1,1
87827,3032,0,1
87827,3032,4,1
87827,3034,15,1
87827,3034,0,1
87827,3034,4,2
87827,3034,191,1
87827,30363,0,1
87827,30363,15,2
87827,3037,4,2
87827,3039,41,2
87827,3039,47,4
87827,3039,27,2
87827,3039,14,2
87827,3039,4,2
87827,3039,0,1
87827,3040b,29,2
87827,3040b,70,2
87827,30414,14,2
87827,3062b,15,2
87827,3062b,4,2
87827,3062b,272,1
87827,3065,34,1
87827,3065,46,1
87827,3065,36,1
87827,3065,40,1
87827,3065,47,2
87827,3068b,15,1
87827,3069b,191,2
87827,3069b,0,1
87827,3070b,0,4
87827,3070b,15,4
87827,3176,15,1
87827,32028,71,1
87827,32028,0,1
87827,32028,4,5
87827,33085,14,1
87827,34103,70,1
87827,34337,1050,8
87827,34337,71,8
87827,3622,321,2
87827,3623,26,1
87827,3623,2,2
87827,3623,15,2
87827,3623,191,2
87827,3660,272,2
87827,3660,14,3
87827,3660,0,2
87827,3666,191,2
87827,3700,72,2
87827,3700,15,2
87827,3710,272,2
87827,3710,27,1
87827,3710,288,1
87827,3710,2,1
87827,3710,4,1
87827,3710,14,1
87827,3710,29,2
87827,3747b,0,1
87827,3795,191,1
87827,3795,30,1
87827,3795,2,2
87827,3823,47,1
87827,3829c01,4,1
87827,3829c01,1,1
87827,3839b,0,1
87827,3839b,191,1
87827,3937,15,2
87827,3941,14,2
87827,3957b,15,2
87827,39739,5,4
87827,4006,0,1
87827,42023,191,2
87827,4286,2,2
87827,4286,191,2
87827,43892,308,1
87827,44728,2,2
87827,44728,4,2
87827,4490,15,1
87827,4495b,4,2
87827,4594,47,1
87827,4600,71,13
87827,4740,70,1
87827,47457,191,1
87827,47457,1,2
87827,47720,0,4
87827,48336,4,1
87827,4865b,15,2
87827,49307,15,1
87827,50254,0,10
87827,50943,72,1
87827,50951,0,4
87827,52107,70,3
87827,54200,36,2
87827,54200,272,2
87827,54200,47,2
87827,54200,33,2
87827,54671,71,2
87827,55981,297,4
87827,55981,71,4
87827,57783,40,1
87827,59895,0,6
87827,59900,2,1
87827,60212,0,2
87827,60212,14,2
87827,60212,4,2
87827,60470b,2,2
87827,60475b,14,2
87827,60475b,1,2
87827,60478,0,3
87827,60481,70,2
87827,60592,0,5
87827,6091,70,2
87827,6091,14,2
87827,6091,15,2
87827,6091,19,2
87827,6091,272,2
87827,6091,26,1
87827,6091,0,2
87827,61252,297,2
87827,61252,71,2
87827,61254,0,10
87827,6134,71,2
87827,61409,25,2
87827,61409,0,2
87827,6141,15,2
87827,6141,33,2
87827,6141,47,4
87827,6141,29,1
87827,6141,36,2
87827,6141,297,2
87827,6215,2,2
87827,6223,47,1
87827,6232,71,2
87827,6254,15,1
87827,63082,71,3
87827,63864,25,2
87827,63868,70,2
87827,63868,15,2
87827,67687,0,6
87827,74967,15,8
87827,76959,15,4
87827,85861,0,2
87827,85984,14,1
87827,85984,4,1
87827,85984,19,1
87827,85984,0,2
87827,85984,70,1
87827,87079,2,2
87827,87087,191,2
87827,87087,321,2
87827,87087,14,2
87827,87087,0,2
87827,87087,19,2
87827,87414,0,10
87827,87580,10,2
87827,87580,15,2
87827,87580,0,2
87827,87994,0,2
87827,88072,15,1
87827,88930,4,1
87827,88930,14,2
87827,89201,0,8
87827,92582,71,2
87827,93273,14,1
87827,93273,27,1
87827,93273,4,2
87827,93273,19,1
87827,93593,71,4
87827,96874,25,1
87827,98138,4,2
87827,98138,47,1
87827,98138pr0008,15,6
87827,98138pr0026,15,1
87827,98138pr0082,15,5
87827,98138pr0083,15,4
87827,98302,0,2
87827,99206,0,1
87828,11477,15,2
87828,11609,191,1
87828,14769,71,1
87828,15210,15,1
87828,15712,15,3
87828,18646,321,1
87828,18674,15,1
87828,18853,29,1
87828,18980,27,1
87828,19220,0,1
87828,23443,71,1
87828,23969,19,1
87828,23969,41,4
87828,2420,15,4
87828,2420,19,2
87828,2423,27,2
87828,24246,29,2
87828,2431,19,1
87828,2431,1050,1
87828,2431,15,1
87828,2432,71,1
87828,2453b,19,2
87828,2454b,19,5
87828,24866,5,3
87828,24866,1050,4
87828,25269,0,1
87828,26047,15,2
87828,26603,84,1
87828,27986pr0003,19,1
87828,2877,14,1
87828,3002,19,1
87828,3002,15,3
87828,3003,15,1
87828,3004,1050,6
87828,3004,19,5
87828,3005,19,7
87828,3009,19,4
87828,3010,19,2
87828,30162,72,1
87828,30166,15,1
87828,3020,322,1
87828,3021,5,4
87828,3021,15,1
87828,3022,71,1
87828,3022,15,1
87828,3023,27,2
87828,3023,71,2
87828,3023,5,1
87828,3024,29,1
87828,3024,15,1
87828,3024,1050,2
87828,3024,19,5
87828,3029,322,1
87828,3030,15,1
87828,3031,322,1
87828,3031,15,1
87828,3032,322,1
87828,3033,72,1
87828,3034,322,2
87828,3035,15,1
87828,30357,19,2
87828,30374,15,1
87828,3062b,308,1
87828,3069b,15,3
87828,3069b,322,2
87828,3069b,19,2
87828,3069bpr0100,2,1
87828,3070b,19,1
87828,3070b,15,1
87828,3070b,71,1
87828,3185,15,2
87828,3245c,19,2
87828,3245c,15,2
87828,32607,10,1
87828,33183,10,1
87828,3460,1050,2
87828,3622,19,1
87828,3622,15,1
87828,3660,19,1
87828,3665,19,2
87828,3666,322,1
87828,3666,19,2
87828,3666,27,1
87828,3700,15,1
87828,3710,15,1
87828,3710,19,2
87828,37352,1050,2
87828,37695,10,1
87828,3852b,322,1
87828,3899,14,1
87828,39262,15,1
87828,3941,15,1
87828,3957b,71,1
87828,39739,1050,1
87828,4032a,84,1
87828,42205,15,1
87828,42509,41,1
87828,43093,1,1
87828,4477,19,1
87828,4477,15,1
87828,4533,41,1
87828,4536,15,2
87828,4599b,71,1
87828,4735,71,1
87828,4740,15,1
87828,49576pr0001,158,1
87828,54200,15,3
87828,57895,41,1
87828,59349,19,3
87828,59900,71,1
87828,60474,15,1
87828,60475b,15,3
87828,60477,19,3
87828,60583b,15,2
87828,60596,15,3
87828,6060,1050,2
87828,60616b,41,2
87828,60897,19,2
87828,60897,15,1
87828,6112,19,4
87828,6141,33,3
87828,6141,46,1
87828,6141,322,3
87828,63965,71,1
87828,65676,15,1
87828,69830pr0002,84,1
87828,69901pr0002,84,1
87828,69902pr0001,484,1
87828,72756,9999,1
87828,85861,70,1
87828,87079,1050,1
87828,87079,15,1
87828,87079,226,1
87828,87079,272,1
87828,87087,71,2
87828,87580,321,1
87828,92410,15,2
87828,92438,15,1
87828,93086,321,1
87828,93096,323,2
87828,93273,15,1
87828,93274,71,1
87828,95343,70,1
87828,95344,297,1
87828,98138,45,1
87828,98138pr0008,15,1
87828,98138pr0056,84,1
87828,98138pr0082,15,1
87828,98283,84,2
87828,98393a,323,1
87828,98393b,323,1
87828,98393c,323,1
87828,98393d,323,1
87828,98393e,323,1
87828,98393f,323,1
87828,98393g,323,1
87828,98393i,323,1
87828,98393j,323,1
87828,99780,71,2
87829,10928,72,6
87829,11214,4,7
87829,11477,4,1
87829,11478,0,2
87829,11947,14,1
87829,15068,14,4
87829,15379,0,86
87829,15573,0,1
87829,18575,19,1
87829,18651,0,12
87829,18654,0,5
87829,18654,71,1
87829,18677,0,2
87829,18938,0,1
87829,18939,71,1
87829,22961,72,7
87829,24116,47,1
87829,24116,14,3
87829,24120,72,1
87829,2412b,0,4
87829,24316,70,10
87829,2780,0,38
87829,27940,72,1
87829,3022,0,1
87829,3023,14,1
87829,3032,14,1
87829,3069b,71,2
87829,3070b,4,2
87829,32000,0,1
87829,32002,19,4
87829,32009,14,2
87829,32013,0,1
87829,32014,0,3
87829,32034,0,3
87829,32054,71,6
87829,32062,4,6
87829,32063,14,4
87829,32073,71,1
87829,32123b,14,5
87829,32126,0,2
87829,32140,0,2
87829,32140,14,6
87829,32184,71,5
87829,32184,0,1
87829,32198,19,1
87829,32250,0,6
87829,32270,0,3
87829,32271,0,4
87829,32278,72,6
87829,32316,0,5
87829,32523,14,5
87829,32523,0,2
87829,32524,72,1
87829,32524,14,4
87829,32525,14,2
87829,32525,72,5
87829,32526,0,5
87829,32526,14,3
87829,3623,4,1
87829,3705,0,6
87829,3706,4,1
87829,3710,14,1
87829,3713,71,1
87829,3749,19,2
87829,39793,0,3
87829,39888,19,4
87829,40490,15,1
87829,40490,0,4
87829,41677,0,10
87829,41678,71,4
87829,42195,71,3
87829,4274,71,15
87829,42924,1,63
87829,43093,1,14
87829,44294,14,1
87829,44567b,0,1
87829,44809,14,2
87829,44874,71,5
87829,4519,71,13
87829,47905,4,1
87829,54200,0,1
87829,57360,0,1
87829,58176,182,1
87829,59426,72,1
87829,59443,14,1
87829,59900,4,4
87829,60483,72,20
87829,60485,71,1
87829,60849,71,2
87829,61409,0,4
87829,6141,15,4
87829,61903,71,4
87829,61904,72,1
87829,62462,0,4
87829,63869,71,4
87829,63869,0,2
87829,64391,14,1
87829,64683,14,1
87829,65304,4,4
87829,6536,0,8
87829,65487,14,5
87829,65489,71,1
87829,6589,19,1
87829,6632,14,2
87829,71708,0,2
87829,71708,14,4
87829,72184,9999,1
87829,87079,14,1
87829,87083,72,2
87829,87580,4,4
87829,92693,71,2
87829,92907,71,1
87829,94925,71,4
87829,98138,47,2
87829,98138,71,1
87829,99773,0,4
87831,10197,0,8
87831,11214,4,11
87831,11946,25,2
87831,11947,25,2
87831,15462,70,1
87831,15535,72,2
87831,18651,0,5
87831,18654,15,4
87831,18654,0,2
87831,18944,0,2
87831,24116,0,2
87831,24119,25,4
87831,24119,0,4
87831,24122,0,2
87831,24316,70,6
87831,24866,25,1
87831,2780,0,64
87831,27940,72,1
87831,2815,0,2
87831,30031,179,1
87831,3023,47,2
87831,30340,15,1
87831,30374,0,2
87831,3040b,47,2
87831,32002,19,2
87831,32013,1,2
87831,32016,25,4
87831,32034,14,1
87831,32054,0,4
87831,32056,1,4
87831,32062,4,4
87831,32073,71,4
87831,32123b,14,5
87831,32124,0,1
87831,32140,72,4
87831,32140,25,4
87831,32184,0,4
87831,32192,0,2
87831,32198,19,1
87831,32270,0,6
87831,32291,0,2
87831,32316,0,4
87831,32316,4,1
87831,32449,4,4
87831,32523,25,4
87831,32524,0,3
87831,32524,71,1
87831,32525,71,3
87831,32525,0,1
87831,32526,0,6
87831,32580,25,2
87831,3623,25,1
87831,3673,71,8
87831,3705,0,5
87831,3706,4,1
87831,3713,71,6
87831,39888,19,2
87831,40490,25,1
87831,41239,25,4
87831,41677,72,2
87831,4185,27,2
87831,42003,71,4
87831,42135,4,3
87831,42135,0,2
87831,42610,71,2
87831,4274,71,6
87831,4274,1,15
87831,4285b,72,2
87831,42924,1,23
87831,43093,1,32
87831,44294,14,1
87831,44874,0,2
87831,44874,27,2
87831,4519,14,9
87831,46667,0,1
87831,48267,25,2
87831,48729b,0,1
87831,50950,25,1
87831,50951,0,2
87831,54200,36,1
87831,54200,34,1
87831,55013,72,2
87831,59443,0,5
87831,59900,33,2
87831,60208,72,1
87831,60483,0,6
87831,60483,15,9
87831,60484,0,6
87831,61184,71,1
87831,61409,72,2
87831,63864,0,1
87831,63869,71,2
87831,63869,0,1
87831,64391,25,2
87831,64683,25,2
87831,65098,71,1
87831,65304,4,2
87831,6536,72,3
87831,65487,0,5
87831,65489,71,2
87831,6553,1,2
87831,6589,19,8
87831,71708,0,3
87831,71709,72,2
87831,72183,9999,1
87831,78c05,25,4
87831,78c09,0,2
87831,87408,0,6
87831,92842,0,2
87831,92907,71,1
87831,93550,179,2
87831,98138,47,4
87831,98138,33,2
87831,98585,4,1
87831,99008,19,2
87832,11211,28,1
87832,11212,15,1
87832,11476,484,3
87832,13731,272,8
87832,13965,308,4
87832,14395,70,4
87832,15068,484,3
87832,15068,19,1
87832,15068,71,1
87832,15070,71,1
87832,15535,15,1
87832,15573,5,1
87832,15573,15,2
87832,15573,191,2
87832,15712,15,4
87832,18674,322,1
87832,20482,321,4
87832,20482,70,2
87832,22888,326,2
87832,23443,15,1
87832,2417,2,4
87832,24246,15,1
87832,2431,15,2
87832,2431,484,5
87832,24593,308,4
87832,24866,15,2
87832,24866,10,2
87832,24866,5,3
87832,25269,71,2
87832,2540,0,1
87832,2654,15,1
87832,2654,19,1
87832,26601,71,2
87832,27263,272,4
87832,28621,47,1
87832,29119,15,1
87832,29120,15,1
87832,3002,70,2
87832,3004,19,1
87832,3004,191,1
87832,3005,84,4
87832,3008,70,1
87832,30089b,0,1
87832,3009,323,1
87832,30136,15,2
87832,30136,84,8
87832,30137,84,4
87832,3021,191,1
87832,3022,484,1
87832,3023,19,4
87832,3023,0,3
87832,3024,191,3
87832,3024,15,2
87832,3024,84,4
87832,3031,19,2
87832,3032,19,2
87832,3035,70,2
87832,30363,70,2
87832,3040b,70,6
87832,3040b,191,2
87832,30565,19,4
87832,3062b,15,1
87832,3068bpr0445,19,1
87832,3069b,84,4
87832,3069b,71,2
87832,3070b,0,1
87832,32828,71,1
87832,32952,4,2
87832,32952,71,2
87832,33078,378,4
87832,33183,0,1
87832,33492,0,4
87832,34103,484,2
87832,34103,191,3
87832,35480,15,4
87832,35480,5,1
87832,3623,272,4
87832,3623,484,1
87832,3623,15,2
87832,3660,19,1
87832,3666,484,1
87832,3666,70,5
87832,3678b,71,1
87832,36840,4,1
87832,36840,191,2
87832,36841,484,3
87832,3710,19,5
87832,3795,15,2
87832,3941,71,4
87832,3941,15,1
87832,3957b,15,1
87832,39739,5,2
87832,4070,25,12
87832,4070,15,4
87832,4162,70,2
87832,4216,70,1
87832,4282,19,2
87832,4282,326,2
87832,4286,70,2
87832,43888,4,4
87832,44294,14,1
87832,44861,71,2
87832,4599b,71,1
87832,4733,15,1
87832,4733,70,2
87832,47457,72,2
87832,47905,71,1
87832,48729b,0,1
87832,49153,0,1
87832,49307,15,5
87832,49307,26,1
87832,49668,191,2
87832,49668,378,4
87832,53451,14,1
87832,54200,378,4
87832,54200,5,1
87832,54200,308,5
87832,54200,191,2
87832,54200,484,3
87832,59900,179,2
87832,59900,26,1
87832,59900,19,24
87832,6020,70,1
87832,60470b,71,2
87832,60474,308,3
87832,60478,191,6
87832,60478,15,4
87832,60593,4,4
87832,60596,4,1
87832,60602,47,4
87832,60623,25,1
87832,6063,72,1
87832,6091,15,2
87832,61252,15,4
87832,6141,179,1
87832,6141,326,2
87832,6141,0,7
87832,61485,0,1
87832,62113,70,1
87832,63868,70,2
87832,6636,84,2
87832,68013,71,1
87832,85861,297,2
87832,87079,484,1
87832,87618,0,1
87832,88072,2,4
87832,90202,0,1
87832,90258,72,3
87832,95228,47,1
87832,98138,320,11
87832,98138,47,1
87832,98138pr0008,15,2
87833,11476,15,3
87833,11477,322,2
87833,11477,15,2
87833,11477,484,3
87833,11602pr0015,19,1
87833,11618,85,1
87833,14226c11,0,1
87833,14716,322,2
87833,14716,15,3
87833,14769,85,1
87833,14769,15,1
87833,15068,323,2
87833,15068,85,1
87833,15254,84,2
87833,15573,15,1
87833,15573,19,1
87833,16091,71,1
87833,18653,84,4
87833,18674,28,1
87833,18674,5,3
87833,18674,322,1
87833,18852pr0001,15,1
87833,18853,191,1
87833,18855,323,1
87833,18980,85,2
87833,18980,322,2
87833,20482,15,1
87833,22885,71,2
87833,2357,19,4
87833,23969,41,1
87833,23969,15,1
87833,2412b,179,2
87833,2417,10,2
87833,2420,322,2
87833,2420,15,2
87833,2431,322,2
87833,24866,1050,9
87833,25269,1050,4
87833,25269,15,2
87833,25269,10,3
87833,2540,19,1
87833,2540,15,2
87833,26047,70,2
87833,27448,15,2
87833,27925,1050,2
87833,27925,322,2
87833,3001,322,1
87833,3003,71,1
87833,3004,84,3
87833,3004,15,1
87833,3004,322,2
87833,3004,85,2
87833,3005,484,3
87833,3005,15,3
87833,3009,484,1
87833,3010,323,1
87833,3020,15,3
87833,3020,0,1
87833,3020,322,3
87833,3020,10,1
87833,3022,14,4
87833,3023,15,4
87833,30237b,15,1
87833,3024,1050,2
87833,3032,322,1
87833,3032,85,1
87833,30357,85,2
87833,30357,15,4
87833,30357,322,2
87833,3036,27,2
87833,30367c,3,1
87833,3040b,85,2
87833,3040b,84,1
87833,30414,72,1
87833,30565,10,1
87833,3062b,85,3
87833,3068b,323,1
87833,3068b,322,1
87833,3068b,14,1
87833,3069b,322,1
87833,3069b,1050,1
87833,3069b,15,2
87833,32034,308,1
87833,32062,4,1
87833,32607,10,4
87833,33172,25,1
87833,33183,10,1
87833,3460,15,1
87833,35044,10,3
87833,35336,47,1
87833,35442,322,1
87833,35443,322,1
87833,35480,15,1
87833,3622,15,2
87833,3659,484,1
87833,3665,322,8
87833,3666,15,1
87833,3666,84,1
87833,3666,322,1
87833,3700,70,1
87833,3710,322,3
87833,3710,85,1
87833,3710,15,2
87833,3710,1050,4
87833,3795,71,1
87833,3852b,322,1
87833,4070,15,2
87833,41740,1050,2
87833,41740,19,2
87833,41948,321,1
87833,4274,71,1
87833,42947,0,2
87833,43093,1,1
87833,44861,84,1
87833,4599b,71,1
87833,4740,41,1
87833,4865b,15,2
87833,48729b,72,1
87833,50745,15,4
87833,50950,322,4
87833,52031,322,1
87833,52494,72,1
87833,54200,33,1
87833,54200,36,1
87833,54200,5,3
87833,6014b,15,4
87833,6020,5,1
87833,60475b,15,1
87833,60475b,84,2
87833,60581,15,1
87833,60594,15,1
87833,60603,41,1
87833,61252,19,1
87833,61252,15,1
87833,6182,84,1
87833,63868,70,1
87833,6636,1050,4
87833,67095,15,1
87833,68013,71,1
87833,68568,3,1
87833,69902pr0001,379,1
87833,72755,9999,1
87833,73983,15,2
87833,85080,15,6
87833,85941,84,2
87833,87079,15,2
87833,87087,85,3
87833,87544,15,1
87833,87552,15,1
87833,87580,30,2
87833,87697,0,4
87833,88292,84,4
87833,91501,15,2
87833,91501,19,2
87833,91988,72,1
87833,93092,5,1
87833,93095,322,1
87833,93604,323,1
87833,98138,1053,3
87833,98138pr0056,84,1
87833,98393a,323,1
87833,98393b,323,1
87833,98393c,323,1
87833,98393d,323,1
87833,98393e,323,1
87833,98393f,323,1
87833,98393g,323,1
87833,98393h,323,1
87833,98393i,323,1
87833,98393j,323,1
87834,11090,72,4
87834,11203,72,2
87834,11610,0,2
87834,14417,72,4
87834,14418,71,2
87834,14419,72,2
87834,14704,71,4
87834,14769,25,1
87834,15209,158,2
87834,15395,0,2
87834,15573,15,5
87834,18990,15,2
87834,18990,47,1
87834,22385,15,2
87834,22484,72,4
87834,22885,5,1
87834,22889,15,2
87834,2412b,179,2
87834,26047,2,4
87834,26047,71,6
87834,26601,15,2
87834,28192,15,4
87834,3001,15,2
87834,3003,72,2
87834,30136,15,9
87834,3020,0,3
87834,3022,272,2
87834,3022,71,4
87834,3023,42,1
87834,3023,4,5
87834,3023,25,2
87834,3023,45,1
87834,3023,272,5
87834,3023,15,3
87834,3023,71,5
87834,3023,2,1
87834,3040b,15,2
87834,30565,19,2
87834,3062b,41,2
87834,3065,35,3
87834,3068b,15,12
87834,3068b,272,2
87834,3070b,15,8
87834,32062,4,1
87834,32803,15,1
87834,33492,0,2
87834,35480,27,1
87834,3622,14,2
87834,3623,72,2
87834,3666,25,2
87834,3700,25,2
87834,3702,15,1
87834,3710,14,8
87834,3749,19,1
87834,3795,72,2
87834,3941,71,6
87834,4032a,0,9
87834,41740,19,5
87834,41769,15,2
87834,41770,15,2
87834,44728,15,6
87834,44861,71,6
87834,47455,0,6
87834,47457,15,2
87834,48169,15,4
87834,48171,72,6
87834,48172,0,1
87834,49668,179,8
87834,51138,71,4
87834,52107,0,2
87834,54200,0,8
87834,54200,35,4
87834,58176,0,4
87834,6091,14,6
87834,61252,72,18
87834,61332,0,2
87834,6141,41,2
87834,63868,0,2
87834,6636,15,4
87834,6636,25,1
87834,75937,179,2
87834,85984,19,6
87834,87079,14,1
87834,93273,15,1
87834,98138,47,2
87834,98138,182,3
87834,98138pr0083,15,2
87834,99207,71,12
87834,99780,15,8
87834,99780,2,1
87834,99781,226,8
87835,10170,84,1
87835,11055,15,2
87835,11610,19,1
87835,14769pr1175,15,1
87835,15207,40,1
87835,15396,322,1
87835,15533,31,2
87835,15573,26,3
87835,18922,226,1
87835,22888,15,1
87835,2423,27,1
87835,2454b,15,1
87835,2540,15,2
87835,3001,27,1
87835,3003,322,1
87835,3004,26,1
87835,3009,26,2
87835,3010,322,5
87835,3023,322,3
87835,3035,31,1
87835,3037,26,1
87835,3039pr0029,15,1
87835,30414,15,1
87835,3068b,322,4
87835,3069bpr0100,2,1
87835,30841,26,2
87835,33243,31,2
87835,35103,15,1
87835,3633,297,2
87835,3899,5,1
87835,3941,226,2
87835,4032a,322,1
87835,41740,322,3
87835,42022,26,2
87835,43888,15,2
87835,44728,15,1
87835,46212,41,1
87835,46303,321,1
87835,50950,26,2
87835,53119,15,3
87835,53119,70,1
87835,60594,15,1
87835,60616b,41,1
87835,6256,191,1
87835,63864,15,2
87835,65630,71,2
87835,65700,70,1
87835,66857pr0004,15,1
87835,67095,15,1
87835,67338,484,1
87835,85941,41,2
87835,87079pr0232,15,1
87835,87580,297,2
87835,92950,15,1
87835,93088pr0015,484,1
87835,93160,15,1
87835,93568pat0002,84,1
87835,95344,297,1
87835,98397,71,1
87835,99206,226,2
87836,11213,0,2
87836,14769,14,1
87836,15573,15,1
87836,18646,15,2
87836,18980,15,3
87836,22888,0,3
87836,23948,71,2
87836,24246,0,4
87836,24299,0,3
87836,24307,0,3
87836,24307,4,2
87836,2465,15,2
87836,25214,15,2
87836,25269,15,4
87836,2654,15,4
87836,26601,14,2
87836,27925,0,2
87836,3020,0,3
87836,3021,15,2
87836,3023,15,1
87836,3024,15,2
87836,3029,15,4
87836,3034,1,2
87836,30367c,0,1
87836,30565,15,2
87836,3062b,71,4
87836,3068b,15,1
87836,3069b,15,1
87836,3069b,4,8
87836,3069b,0,4
87836,3176,15,1
87836,32062,4,1
87836,33909,0,2
87836,35480,14,1
87836,3623,15,2
87836,3710,71,1
87836,3795,4,1
87836,3832,14,1
87836,3937,71,1
87836,3938,15,1
87836,4032a,1,1
87836,4162,71,2
87836,44301b,15,2
87836,4477,15,2
87836,51739,0,2
87836,57360,15,2
87836,6111,15,1
87836,67095,15,2
87836,85984,15,2
87836,87079,4,11
87836,87079,1,1
87836,88646,71,1
87837,11213,0,2
87837,14769,4,1
87837,15573,4,1
87837,18646,15,2
87837,18980,15,3
87837,22888,0,3
87837,23948,71,2
87837,2412b,0,2
87837,24246,0,4
87837,24299,0,1
87837,24307,0,1
87837,24307,14,2
87837,2465,15,2
87837,25214,15,2
87837,25269,4,4
87837,25269,15,4
87837,2654,15,4
87837,27507,15,1
87837,27925,0,2
87837,3020,0,3
87837,3021,15,2
87837,3023,15,1
87837,3024,4,2
87837,3024,15,2
87837,3024,19,2
87837,3029,15,4
87837,3034,1,2
87837,30367c,0,1
87837,30565,15,2
87837,3062b,71,4
87837,3069b,15,1
87837,3069b,14,10
87837,3069b,0,4
87837,3070b,4,2
87837,3176,15,1
87837,32062,4,1
87837,33909,0,2
87837,35480,1,1
87837,3623,15,2
87837,3710,71,1
87837,3795,14,1
87837,3832,4,1
87837,3937,71,1
87837,3938,15,1
87837,39613,4,4
87837,4032a,14,1
87837,4032a,4,2
87837,4162,71,2
87837,44301b,15,2
87837,4477,15,2
87837,51739,0,2
87837,57360,15,2
87837,6111,15,1
87837,67095,15,2
87837,85984,15,2
87837,87079,1,1
87837,87079,14,10
87837,87580,14,1
87837,88646,71,1
87837,98138,15,8
87839,11212,71,1
87839,11476,1,1
87839,15573,71,3
87839,15712,70,1
87839,15712,72,1
87839,18855,323,1
87839,19220,0,1
87839,20482,70,1
87839,23969,322,2
87839,24204,70,1
87839,2423,27,2
87839,2456,71,1
87839,24866,29,2
87839,24866,15,2
87839,24866,5,1
87839,24866,27,1
87839,26047,15,3
87839,26603,15,1
87839,3002,15,1
87839,3004,27,1
87839,3004,321,1
87839,3004,71,1
87839,3005,71,3
87839,3009,71,1
87839,3022,71,1
87839,3022,15,1
87839,3022,321,1
87839,3023,1050,3
87839,3023,19,1
87839,3023,27,1
87839,3040b,71,3
87839,3069b,19,1
87839,3622,71,1
87839,3710,27,1
87839,37352,321,1
87839,3749,19,1
87839,3795,27,1
87839,3795,72,1
87839,3899,45,1
87839,39613,10,1
87839,39739,1050,1
87839,42003,71,1
87839,4274,1,1
87839,44674,15,1
87839,4865b,322,2
87839,48729b,72,1
87839,54200,71,1
87839,54200,1050,2
87839,6003,27,1
87839,6014b,15,4
87839,60169,71,1
87839,60212,15,1
87839,60470b,0,1
87839,60897,15,2
87839,6141,4,1
87839,6141,46,2
87839,6141,41,1
87839,6157,71,2
87839,6541,70,1
87839,68013,71,1
87839,69901pr0001,15,1
87839,72725,9999,1
87839,85861,71,1
87839,87697,0,4
87839,93160,15,1
87839,93273,27,1
87839,98397,71,1
87840,15573,15,1
87840,24246,15,1
87840,24246pr0016,15,1
87840,24246pr0017,15,1
87840,25269,84,10
87840,25269,1,4
87840,25269,70,10
87840,25269,19,12
87840,25269,15,8
87840,25269,4,4
87840,3070bpr0248,4,8
87840,49307,19,2
87840,49307,84,2
87840,53119,70,1
87840,54200,19,1
87840,54200,84,1
87840,69182,92,1
87840,69871,321,1
87840,73767,25,1
87840,98138,4,6
87840,98138,1,6
87840,98138pr0187,84,2
87841,15573,15,1
87841,24246,191,2
87841,24246pr0020,15,1
87841,24246pr0021,15,1
87841,25269,14,8
87841,25269,226,8
87841,25269,212,8
87841,25269,31,8
87841,25269,191,10
87841,25269,85,8
87841,25269,484,10
87841,3070bpr0249,14,8
87841,49307,15,4
87841,49307,0,2
87841,69182,25,1
87841,69871,321,1
87841,73767,25,1
87841,98138pr0200,226,2
87842,15573,323,1
87842,24246,323,2
87842,24246pr0018,323,1
87842,24246pr0019,323,1
87842,25269,30,10
87842,25269,73,10
87842,25269,31,10
87842,25269,323,12
87842,25269,3,10
87842,3070b,323,2
87842,49307,3,2
87842,53119,15,1
87842,69182,3,1
87842,69871,321,1
87842,73767,25,1
87842,98138,1055,10
87842,98138pr0188,41,8
87842,98138pr0189,15,2
87843,15573,15,1
87843,24246,0,6
87843,24246,15,10
87843,24246pr0024,15,1
87843,24246pr0025,15,1
87843,25269,10,4
87843,25269,27,4
87843,25269,0,6
87843,25269,158,4
87843,25269,15,6
87843,3070b,0,6
87843,3070b,15,6
87843,3070bpr0252,15,8
87843,49307,0,6
87843,69182,15,1
87843,69871,321,1
87843,73767,25,1
87843,98138,29,4
87843,98138,0,2
87843,98138,26,4
87843,98138pr0191,0,2
87844,24246pr0015,3,4
87844,25269,191,4
87844,25269,322,4
87844,25269,321,4
87844,25269,25,4
87844,25269pr0029,3,4
87844,3070bpr0241,3,2
87844,66821,158,1
87844,98138,26,2
87844,98138,1053,4
87845,11211,15,4
87845,15573,15,1
87845,15573,72,1
87845,22885,15,1
87845,2431,10,1
87845,2877,70,1
87845,3001,15,1
87845,3001,2,1
87845,3003,2,1
87845,30136,15,1
87845,3020,15,1
87845,3022,15,1
87845,3023,4,3
87845,3023,191,1
87845,3023,15,1
87845,3031,2,1
87845,30374,70,1
87845,3039,15,1
87845,32607,10,2
87845,35480,0,4
87845,37352,15,1
87845,3795,72,1
87845,3941,15,1
87845,3941,14,1
87845,43722,0,1
87845,43723,0,1
87845,44728,15,1
87845,51739,14,1
87845,59900,25,1
87845,6091,15,4
87845,6141,4,2
87845,6215,15,2
87845,63868,70,2
87845,64648,212,1
87845,85984,191,1
87845,85984,10,1
87845,87580,15,1
87845,87580,0,1
87845,98100,0,1
87845,98138pr0008,15,2
87845,98138pr0082,15,2
87845,98138pr0083,15,2
87847,92198pr0002,78,1
87847,92255,226,1
87847,92456c01pr0042,78,1
87847,92820c01pr0009,85,1
87848,25269,85,4
87848,25269,14,4
87848,25269,3,4
87848,25269pr0027,322,4
87848,25269pr0028,1050,4
87848,66821,0,1
87848,98138,117,4
87848,98138,114,4
87848,98138,46,4
87849,24246,191,7
87849,24246,29,7
87849,25269,3,7
87849,25269,322,7
87849,3070b,4,7
87849,3070b,2,7
87849,49307,15,4
87849,49307,322,4
87849,49307,25,4
87849,49307,19,4
87849,54200,1050,3
87849,54200,85,3
87849,54200,0,2
87849,54200,14,2
87849,54200,1,2
87849,98138,226,7
87849,98138,25,7
87849,98138,323,7
87851,11203,71,1
87851,11458,72,1
87851,14769,0,1
87851,18677,0,3
87851,18787,297,2
87851,18789,179,1
87851,2357,25,2
87851,2357,320,1
87851,2357,85,4
87851,2420,320,2
87851,2456,3,2
87851,2456,320,1
87851,2458,19,1
87851,3001,25,1
87851,3001,3,7
87851,3001,320,6
87851,3003,320,33
87851,3003,25,11
87851,3003,19,1
87851,3003,15,1
87851,3003,3,2
87851,3003,85,8
87851,3004,320,2
87851,3004pr0036,15,2
87851,3004pr0070,19,1
87851,3005,182,2
87851,3005,45,4
87851,3010,19,1
87851,30145,15,1
87851,3020,15,1
87851,3020,25,7
87851,3020,320,5
87851,3020,3,3
87851,3020,28,1
87851,3020,308,2
87851,3021,28,1
87851,3022,3,12
87851,3022,4,1
87851,3022,15,1
87851,3022,25,10
87851,3022,326,2
87851,3022,320,23
87851,3023,182,2
87851,3023,19,1
87851,3023,46,2
87851,3023,25,1
87851,3023,3,1
87851,3023,320,5
87851,3024,46,8
87851,3024,308,4
87851,3024,4,2
87851,3024,182,2
87851,3028,308,1
87851,3033,25,1
87851,3039,25,4
87851,3068b,25,4
87851,3068b,4,1
87851,3069b,320,2
87851,3069b,182,1
87851,3069b,19,1
87851,3070b,19,1
87851,32140,4,1
87851,3623,320,4
87851,3673,71,1
87851,3705,0,1
87851,3710,28,1
87851,3795,25,1
87851,3795,320,3
87851,3839b,71,1
87851,3958,320,1
87851,3958,3,4
87851,4032a,0,1
87851,41685pat0001,15,2
87851,44301b,0,1
87851,44728,15,2
87851,44728,71,6
87851,4490,19,2
87851,50340,19,1
87851,6141,3,2
87851,6141,15,8
87851,63864,19,3
87851,73230,71,2
87851,87079,25,1
87851,87580,3,6
87851,87580,25,1
87851,87580,326,2
87875,25750pr0003,0,1
87875,30174,4,1
87875,3626cpr1091,14,1
87875,970c10pr1599,320,1
87875,973c10h01pr4289,320,1
87914,3020,0,1
87914,3022,72,1
87914,3829c01,14,1
87914,44567b,0,1
87914,50335,0,1
87914,6014b,14,4
87914,6157,71,2
87914,85984,14,2
87914,87697,0,4
87939,3626cpr1786,14,1
87939,41879a,0,1
87939,64647,57,1
87939,89520,1103,1
87939,973c03h03pr3435,0,1
87976,11477,3,2
87976,11477,322,2
87976,13547,323,2
87976,13548,3,2
87976,14417,72,2
87976,14704,71,4
87976,15070,297,2
87976,15070,15,2
87976,15395,297,2
87976,15469,322,2
87976,15535,15,4
87976,15706,322,2
87976,18649,15,1
87976,18674,322,2
87976,18674,272,2
87976,20482,15,1
87976,22385,1053,2
87976,22961,15,1
87976,2343,297,1
87976,24201,323,4
87976,24482,297,3
87976,2450,272,2
87976,2454b,15,4
87976,24866,1050,1
87976,24866,297,10
87976,25269,323,2
87976,25269,3,4
87976,2571,1053,1
87976,2654,41,1
87976,26603pr0044,4,1
87976,2736,71,2
87976,3005,15,1
87976,30153,41,4
87976,30157,72,1
87976,3021,322,2
87976,3022,272,1
87976,3023,226,5
87976,3023,3,2
87976,3024,41,2
87976,3024,322,2
87976,3031,19,2
87976,3035,19,1
87976,30367c,297,1
87976,3068b,3,1
87976,3068b,191,1
87976,3176,322,3
87976,32016,322,1
87976,32062,4,4
87976,32064a,322,5
87976,32607,30,3
87976,32952,15,2
87976,3300,323,1
87976,35565,3,1
87976,35700,84,1
87976,3626c,297,1
87976,3666,322,1
87976,3700,71,1
87976,3705,0,1
87976,3710,322,1
87976,37762,297,1
87976,37775,182,1
87976,38320,297,1
87976,39124,323,1
87976,39262,15,2
87976,41948,321,1
87976,43093,1,3
87976,43888,297,2
87976,44567b,1,1
87976,44861,15,4
87976,4519,14,2
87976,47456,322,1
87976,48336,322,1
87976,49307,15,4
87976,49577,1050,1
87976,51739,15,1
87976,54200,322,2
87976,60475b,15,1
87976,60478,15,4
87976,60808,15,2
87976,6091,322,2
87976,6256,191,1
87976,65092,1055,1
87976,65138,3,1
87976,6541,226,2
87976,65473,322,5
87976,66857,19,1
87976,66906,0,2
87976,67361,322,1
87976,69661,9999,1
87976,69692a,9999,1
87976,69692b,9999,1
87976,70681,322,8
87976,72127pr0001,323,1
87976,73230,71,2
87976,73983,226,2
87976,75604,378,1
87976,85984,3,2
87976,85984,15,2
87976,87079,15,1
87976,87620,15,2
87976,88292,15,2
87976,88292,322,2
87976,90195,15,1
87976,92947,297,2
87976,93273,3,1
87976,99563,19,4
87977,11055,15,4
87977,11090,70,1
87977,11213,322,1
87977,11477,70,2
87977,11477,326,10
87977,11609,191,2
87977,14716,70,4
87977,14769,27,2
87977,15068,27,2
87977,15068,191,3
87977,15395,27,2
87977,15573,191,4
87977,15712,191,2
87977,18671,19,5
87977,18674,70,5
87977,18970,191,1
87977,18980,19,2
87977,23443,320,2
87977,23986,15,1
87977,2412b,297,3
87977,2417,26,2
87977,2431,70,3
87977,2431,321,1
87977,2432,19,2
87977,24866,1050,15
87977,24866,10,4
87977,2489,70,2
87977,2540,0,1
87977,26603pr0044,4,1
87977,2780,0,2
87977,29110,297,1
87977,3001,15,2
87977,3005,70,4
87977,3010,70,3
87977,30126,191,3
87977,30150,84,1
87977,3020,25,1
87977,3020,191,1
87977,3021,191,2
87977,3021,19,1
87977,3022,15,1
87977,3022,14,1
87977,3023,15,1
87977,3023,326,2
87977,3023,2,1
87977,3023,19,2
87977,3030,70,1
87977,3031,19,1
87977,3032,19,1
87977,3034,15,1
87977,30414,71,2
87977,3062b,27,1
87977,3068b,4,1
87977,3068b,191,1
87977,3069b,321,2
87977,3069b,27,1
87977,32474,0,2
87977,33085,14,1
87977,33183,70,1
87977,35565,3,2
87977,35700,191,1
87977,3660,70,1
87977,3666,70,1
87977,3710,191,2
87977,37352,1050,1
87977,3795,19,2
87977,3941,47,1
87977,3957b,70,3
87977,3958,19,1
87977,4081b,0,4
87977,41747,70,2
87977,41748,70,2
87977,41751,326,2
87977,41769,70,1
87977,41770,70,1
87977,41948,322,1
87977,42023,0,4
87977,43888,84,2
87977,44861,84,2
87977,4523,27,1
87977,47406,70,2
87977,47407,28,1
87977,47456,191,1
87977,48336,19,2
87977,48336,70,1
87977,48336,14,2
87977,50303,28,1
87977,54200,1050,2
87977,60219,72,1
87977,60470b,191,3
87977,60470b,2,2
87977,60581,19,1
87977,60897,70,2
87977,61252,19,1
87977,6141,158,3
87977,62113,70,1
87977,6254,27,1
87977,64648,25,1
87977,64648,212,2
87977,6583,28,2
87977,6636,1050,2
87977,66955,191,2
87977,67338,191,2
87977,69517pr0001,19,1
87977,69518pr0001,19,1
87977,69662,9999,1
87977,85861,297,6
87977,85975,70,1
87977,87079,322,1
87977,87079,3,3
87977,87580,191,2
87977,87585,70,1
87977,88072,70,1
87977,88704,0,2
87977,92099,28,1
87977,92107,28,1
87977,98137,191,2
87977,99781,14,3
87978,11477,31,2
87978,15573,297,1
87978,15712,297,4
87978,24482,297,1
87978,24866,297,4
87978,24866,1050,1
87978,24866,10,1
87978,28621,47,1
87978,3003,322,1
87978,30136,3,2
87978,3020,1050,1
87978,3032,19,1
87978,3039,31,1
87978,32607,30,2
87978,33085,14,1
87978,3626c,297,1
87978,43892,308,1
87978,49577,1050,1
87978,51283,1055,1
87978,60897,70,2
87978,69517pr0001,19,1
87978,70681,322,4
87978,75604,378,1
87978,87580,322,1
87978,87617,3,4
87978,88292,15,4
87979,10314,15,1
87979,11090,378,2
87979,11203,19,2
87979,11213,322,1
87979,11215,1,5
87979,11476,15,1
87979,11476,321,1
87979,11476,0,2
87979,11477,1050,2
87979,15068,3,4
87979,15068,321,1
87979,15070,297,2
87979,15470,29,2
87979,15573,297,4
87979,15573,26,2
87979,15712,297,12
87979,16577,15,2
87979,18674,322,2
87979,18920,179,1
87979,18980,322,1
87979,18980,226,2
87979,19532pr0009,30,1
87979,20310,297,2
87979,20482,297,2
87979,20482,15,2
87979,20482,70,3
87979,23969,26,2
87979,23986,15,1
87979,2420,1,1
87979,24482,297,5
87979,2454b,1,4
87979,24866,10,3
87979,24866,1050,2
87979,24866,297,17
87979,25111,179,2
87979,25269,15,4
87979,25269,272,2
87979,25375,297,5
87979,26047,297,4
87979,26047,378,2
87979,2639,15,3
87979,2654,1,1
87979,26601,322,10
87979,26603,15,2
87979,26603,272,1
87979,26603pr0044,4,1
87979,27925,3,8
87979,27925,297,2
87979,28621,46,1
87979,28621,47,1
87979,3001,321,2
87979,3003,1,1
87979,3004,321,18
87979,3005,15,10
87979,3009,321,4
87979,3010,15,2
87979,3010,321,5
87979,30136,15,6
87979,30136,70,4
87979,30150,320,1
87979,30153,36,1
87979,30153,41,1
87979,30153,47,1
87979,30153,52,1
87979,30153,34,1
87979,30153,46,1
87979,30153,45,1
87979,30166,320,2
87979,3020,321,3
87979,3020,226,3
87979,3020,272,2
87979,3021,321,2
87979,3021,19,1
87979,3021,1,1
87979,3022,14,1
87979,3022,1,2
87979,3022,15,2
87979,3022,378,1
87979,3022,26,2
87979,3023,322,3
87979,3023,226,4
87979,3023,1050,2
87979,3023,15,4
87979,3023,321,2
87979,3023,3,6
87979,30237b,70,1
87979,3024,14,10
87979,3024,226,10
87979,3024,1050,10
87979,3031,272,2
87979,3031,19,3
87979,3032,19,2
87979,3032,272,2
87979,3033,19,2
87979,3033,272,1
87979,3034,272,1
87979,30357,322,6
87979,30367c,41,1
87979,30367c,297,5
87979,3062b,297,6
87979,3062b,15,2
87979,3062b,41,1
87979,3062b,33,1
87979,3068b,15,1
87979,3068b,19,1
87979,3068b,1050,4
87979,3069b,3,9
87979,3069b,297,4
87979,3069b,26,2
87979,3069b,15,4
87979,3176,322,2
87979,32073,71,2
87979,32606,4,1
87979,32607,30,5
87979,32952,15,4
87979,33243,15,2
87979,33320,14,5
87979,3460,322,1
87979,35480,19,1
87979,36017,297,2
87979,3626c,297,5
87979,3666,272,2
87979,36840,15,4
87979,36841,15,4
87979,3710,322,5
87979,37695,10,2
87979,37775,182,2
87979,3795,321,2
87979,3795,1,2
87979,3795,322,2
87979,3830,15,6
87979,3830,321,6
87979,3831,321,6
87979,3831,15,6
87979,38320,297,4
87979,38585,19,4
87979,3961a,3,1
87979,4032a,14,2
87979,4032a,3,2
87979,4070,19,2
87979,4286,15,4
87979,43892,308,1
87979,43898,26,1
87979,43898,41,1
87979,44567b,1,3
87979,4528,297,2
87979,4740,19,1
87979,47457,15,5
87979,47457,297,1
87979,47755,297,5
87979,48336,322,2
87979,48336,19,2
87979,49577,1050,1
87979,50340,15,4
87979,51270,4,1
87979,51283,1055,1
87979,51739,19,2
87979,54200,321,4
87979,56145,297,2
87979,59900,41,1
87979,59900,45,1
87979,60474,322,4
87979,60478,3,4
87979,60478,1,3
87979,60581,15,1
87979,60808,1,6
87979,61252,297,5
87979,6141,322,4
87979,6141,179,2
87979,6141,41,2
87979,61485,0,1
87979,61485,15,1
87979,6177b,71,1
87979,6254,27,1
87979,6254,191,2
87979,63868,1,8
87979,65138,3,4
87979,65783pr0001,3,2
87979,65886,272,1
87979,66789,1,1
87979,66792,15,1
87979,69520pr0001,484,1
87979,69660,9999,1
87979,70681,322,8
87979,75604,378,1
87979,85941,15,2
87979,85975,70,2
87979,85975,15,1
87979,85984,15,8
87979,87087,321,4
87979,87580,1050,2
87979,87617,3,6
87979,87620,15,4
87979,87994,15,1
87979,88292,15,10
87979,90195,15,4
87979,92590,28,1
87979,93095,19,1
87979,93606,15,5
87979,96874,25,1
87979,98138,15,2
87979,99206,378,1
87979,99780,0,2
87984,11477,0,2
87984,11477,1,4
87984,11610,0,1
87984,24866,191,5
87984,298c02,0,1
87984,3005,25,1
87984,3022,2,1
87984,3023,15,2
87984,3023,47,2
87984,3023,25,2
87984,3062b,2,6
87984,32607,2,1
87984,33909,19,1
87984,3623,25,1
87984,36840,15,2
87984,4081b,0,1
87984,4733,70,1
87984,47905,0,2
87984,54200,25,4
87984,6091,2,2
87984,61252,14,2
87984,85861,0,2
87984,88072,0,1
87984,98138pr0008,15,2
87984,98138pr0026,15,2
87987,13608,179,1
87987,15391,0,1
87987,15392,72,1
87987,15395,179,1
87987,15573,4,2
87987,15712,15,1
87987,20482,72,1
87987,30150,84,1
87987,30367c,71,1
87987,33085,14,1
87987,33492,71,2
87987,4032a,4,2
87987,4588,72,1
87987,4590,71,2
87987,4740,0,12
87987,48336,4,1
87987,48729b,0,2
87987,58176,71,2
87987,6141,179,4
87987,6141,47,1
87987,6190,72,2
87987,67906c01,14,2
87987,85861,27,3
87987,86208,72,1
87987,87087,0,1
87987,87580,4,1
87987,88646,15,1
87987,93549pat0003,47,1
87987,98375,179,1
87987,99207,0,1
87987,99780,72,1
87989,11477,25,2
87989,15068,14,2
87989,15068,15,4
87989,15573,19,1
87989,22888,2,2
87989,24309,15,2
87989,28192,14,3
87989,3022,71,1
87989,3023,15,4
87989,3023,4,1
87989,3023,191,3
87989,3024,14,2
87989,3623,14,3
87989,43898,14,1
87989,4733,71,1
87989,52107,226,1
87989,54200,14,2
87989,59900,25,1
87989,6091,14,4
87989,6141,1,1
87989,64225,15,2
87989,67329,0,2
87989,87087,14,1
87989,98138,29,2
87989,98138pr0008,15,2
87989,99206,14,2
87993,10247,14,1
87993,14704,71,2
87993,14769,85,4
87993,14769pr1173,297,4
87993,14769pr9998,297,1
87993,15456,0,2
87993,15571,297,1
87993,22888,19,1
87993,22889,272,2
87993,24309,1,4
87993,26603,28,1
87993,29111,84,1
87993,30076,0,1
87993,30169,272,1
87993,30176,2,2
87993,3021,71,2
87993,3022,1,2
87993,30237b,72,2
87993,3044c,72,1
87993,30602,28,2
87993,3460,272,1
87993,3622,71,2
87993,3659,0,2
87993,3673,71,1
87993,3700,14,2
87993,3710,85,2
87993,3941,182,1
87993,41125,179,1
87993,4460b,70,2
87993,44665,1,1
87993,44674,272,4
87993,44728,272,2
87993,44728,0,1
87993,46537,71,1
87993,47457,326,1
87993,47847,72,1
87993,48172,0,1
87993,49153,15,1
87993,49743c01,72,1
87993,51739,272,1
87993,60470b,71,2
87993,60470b,14,1
87993,60474,14,2
87993,60752,179,1
87993,61332,0,1
87993,63864pr0012,28,2
87993,64867,72,1
87993,66955,272,2
87993,70943c01,1,1
87993,70946c01,1,1
87993,85984,85,2
87993,87079,71,2
87993,87081,0,1
87993,87081,72,4
87993,87580,0,1
87993,92691,15,2
87993,92947,297,2
87993,98137,297,3
87993,98139,297,1
87998,10884,27,2
87998,11055pr0009,15,1
87998,11213,1,1
87998,11458,15,2
87998,11610,0,1
87998,14704,71,1
87998,15068,19,1
87998,15391,71,1
87998,15392,72,1
87998,15706,70,1
87998,16577,71,1
87998,18904,288,1
87998,18905pr0001,288,1
87998,18906,288,1
87998,2431,72,2
87998,2431,71,2
87998,2432,72,1
87998,2527,4,1
87998,2530,72,2
87998,2546pat0001,4,1
87998,2551,272,1
87998,2561,70,1
87998,2562,70,1
87998,2566,0,1
87998,2736,71,1
87998,3002,71,1
87998,3003,15,2
87998,3004,72,3
87998,3005,15,2
87998,3005,71,3
87998,30137,70,1
87998,30153,41,1
87998,30153,46,1
87998,30153,36,1
87998,30153,34,1
87998,30176,2,1
87998,3020,19,1
87998,3020,15,2
87998,3023,19,3
87998,3023,71,2
87998,3024,15,1
87998,3027,19,1
87998,3031,70,1
87998,30374,70,1
87998,3040b,71,4
87998,3040b,15,4
87998,3046a,72,2
87998,30503,72,2
87998,30526,72,2
87998,30565,19,2
87998,3062b,46,1
87998,3062b,0,4
87998,3062b,308,4
87998,3068b,28,2
87998,3068b,72,1
87998,3068bpr0240,19,1
87998,32016,70,3
87998,32062,4,2
87998,32523,72,2
87998,33085,14,1
87998,3460,308,2
87998,3659,15,3
87998,3660,15,2
87998,3673,71,2
87998,3679,71,1
87998,3680,0,1
87998,3710,72,2
87998,3822,71,1
87998,3941,70,1
87998,3957b,0,1
87998,4070,70,1
87998,41769,70,2
87998,41770,70,2
87998,4274,71,1
87998,4286,72,2
87998,4460b,72,2
87998,4738b,70,1
87998,4739a,70,1
87998,4740,0,1
87998,47847,72,2
87998,48729b,72,1
87998,50950,15,2
87998,54200,71,7
87998,59900,297,1
87998,59900,15,3
87998,60169,71,1
87998,60897,0,1
87998,6141,0,6
87998,6148,2,1
87998,6179,72,1
87998,64644,297,1
87998,64647,182,1
87998,64951,70,1
87998,6636,72,3
87998,84943,1103,1
87998,87580,71,2
87998,87585,70,3
87998,88072,72,1
87998,88292,15,2
87998,95228,34,1
88069,upn0148,9999,1
88077,upn0100pr0001,9999,1
88077,upn0100pr0002,9999,1
88077,upn0100pr0003,9999,1
88077,upn0100pr0004,9999,1
88077,upn0100pr0005,9999,1
88077,upn0100pr0006,9999,1
88101,3899,4,1
88104,13808,297,1
88107,11211,19,1
88107,15068,19,2
88107,15573,19,1
88107,15672,15,4
88107,22885,71,1
88107,2420,19,4
88107,24201,15,2
88107,2431,70,6
88107,2431,484,6
88107,25269,0,2
88107,3001,19,1
88107,3003,19,1
88107,3004,19,5
88107,30165,15,2
88107,3020,19,2
88107,3022,28,1
88107,3022,15,1
88107,3022,19,3
88107,3023,19,9
88107,3023,15,1
88107,3024,19,8
88107,3036,0,1
88107,3069b,70,3
88107,3069b,484,3
88107,3070b,70,2
88107,3070b,484,2
88107,3298,19,1
88107,3665,19,4
88107,3710,28,1
88107,3795,19,1
88107,41539,0,1
88107,4162,0,2
88107,53451,28,1
88107,54200,19,4
88107,54200,15,2
88107,6091,19,2
88107,6636,0,4
88107,93273,15,2
88107,98138pr0008,15,2
88107,99206,19,1
88107,99206,15,2
88149,122c01,0,2
88149,195385,9999,1
88149,3004,15,37
88149,3004,0,2
88149,3005,4,2
88149,3005,15,16
88149,3005,0,1
88149,3008,15,5
88149,3009,0,6
88149,3009,15,10
88149,3009pr0018,15,1
88149,3010,0,1
88149,3010,15,10
88149,3020,15,3
88149,3020,4,1
88149,3021,15,2
88149,3021,0,5
88149,3022,0,3
88149,3022,15,1
88149,3023,4,4
88149,3023,15,12
88149,3023,0,9
88149,3024,36,3
88149,3024,33,3
88149,3024,46,6
88149,3024,0,9
88149,3024,15,4
88149,3024,7,6
88149,3030,0,1
88149,3033,0,3
88149,3034,0,1
88149,3035,0,4
88149,3039pr9994,15,2
88149,3040b,15,4
88149,3040b,0,2
88149,3040bpr0004,4,1
88149,3062b,0,2
88149,3069b,15,2
88149,3144,7,1
88149,3185,1,8
88149,3298,0,1
88149,3456,0,1
88149,3460,7,6
88149,3460,15,5
88149,3461,7,1
88149,3462,0,1
88149,3464,4,2
88149,3480,7,1
88149,3481,7,1
88149,3622,15,11
88149,3641,0,6
88149,3660,15,5
88149,3660,0,2
88149,3660pr0001,15,1
88149,3665,0,2
88149,3665,15,5
88149,3666,0,5
88149,3666,7,2
88149,3666,1,2
88149,3679,7,1
88149,3680,0,1
88149,3710,4,1
88149,3710,0,2
88149,3710,15,11
88149,3741,2,2
88149,3742,4,3
88149,3742,14,3
88149,3788,15,2
88149,3794a,15,3
88149,3794a,0,3
88149,3821pr0002,15,1
88149,3822pr0002,15,1
88149,3823,47,3
88149,3829c01,0,1
88149,3832,15,4
88149,3832,0,1
88149,3853,1,3
88149,3855,47,3
88149,3861b,1,1
88149,3861b,0,1
88149,3900,15,2
88149,3937,0,1
88149,3938,0,1
88149,3939,33,4
88149,3942c,0,1
88149,3957a,0,1
88149,3957a,7,2
88149,3959,7,2
88149,3959,0,1
88149,3962a,0,1
88149,3963,7,1
88149,4070,7,2
88149,4070,15,6
88149,4079,4,1
88149,4079,0,2
88149,4081a,0,2
88149,4085a,15,4
88149,4175,0,2
88149,4212b,0,1
88149,4213,0,2
88149,4216,15,12
88149,4216,0,2
88149,4217,15,2
88149,4218,47,5
88149,4218,1,4
88149,4219,1,1
88149,4284,47,1
88149,4315,0,2
88149,4349,0,1
88149,4480c01,7,1
88149,4483pr0001,47,1
88149,6100pr0002,7,1
88149,6141,46,1
88149,6141,34,1
88149,6141,36,2
88150,168155,9999,1
88150,194c02,2,1
88150,2340,15,2
88150,2340,14,2
88150,2343,47,2
88150,2357,15,8
88150,2357,1,1
88150,2357,14,4
88150,2362a,41,2
88150,2362b,14,2
88150,2362b,71,2
88150,2412b,4,5
88150,2412b,14,2
88150,2420,14,4
88150,2420,71,2
88150,2421,71,1
88150,2431,14,1
88150,2431,71,1
88150,2431,15,1
88150,2432,71,1
88150,2432,15,2
88150,2432,14,2
88150,2432,0,2
88150,2440pr0003,0,1
88150,2441,2,1
88150,2445,2,4
88150,2453a,15,4
88150,2454a,15,5
88150,2460,0,2
88150,2460,4,1
88150,2466,41,7
88150,2468,41,2
88150,2479,71,3
88150,2483,41,1
88150,2486,4,2
88150,2495,4,1
88150,2496,0,3
88150,2508,15,1
88150,2540,71,2
88150,2540,4,2
88150,2540,0,3
88150,2555,0,1
88150,2563,70,1
88150,2566,2,1
88150,2569,0,2
88150,2582,14,4
88150,2620,41,1
88150,2635a,15,2
88150,2655,71,2
88150,2877,15,3
88150,298c02,4,2
88150,298c02,71,1
88150,3001,71,1
88150,3001,15,1
88150,3002,0,1
88150,3003,14,8
88150,3003,15,1
88150,3003,0,1
88150,3004,1,6
88150,3004,71,3
88150,3004,15,6
88150,3004,0,2
88150,3004,14,2
88150,3004,4,2
88150,3005,15,18
88150,3005,14,2
88150,3005,71,3
88150,3005,1,3
88150,3008,15,8
88150,3009,15,4
88150,3009,1,1
88150,3010,14,1
88150,3010,15,5
88150,3020,15,3
88150,3020,14,3
88150,3020,0,3
88150,3020,71,1
88150,3020,4,5
88150,3021,15,1
88150,3021,14,1
88150,3021,0,1
88150,3021,71,1
88150,3022,0,4
88150,3022,4,7
88150,3022,15,1
88150,3022,2,8
88150,30225pr0001,2,1
88150,3023,15,6
88150,3023,4,7
88150,3023,14,5
88150,3023,0,5
88150,3023,71,1
88150,3024,71,4
88150,3024,46,4
88150,3024,15,6
88150,3024,36,3
88150,3024,34,1
88150,3029,14,1
88150,3030,71,3
88150,3031,15,2
88150,3031,4,1
88150,3033,71,3
88150,3034,71,1
88150,3034,0,1
88150,3035,1,1
88150,3035,71,1
88150,3037,71,2
88150,3038,15,2
88150,3039,0,2
88150,3039pr0005,15,1
88150,3039pr9969,71,1
88150,3040b,15,15
88150,3040b,14,3
88150,3040bpr0010,71,2
88150,3062b,71,1
88150,3068b,14,4
88150,3068b,71,2
88150,3068b,4,1
88150,3069b,4,3
88150,3069b,14,4
88150,3069b,15,1
88150,3069bpr0048,15,1
88150,3070b,46,2
88150,3070b,34,2
88150,3070b,4,2
88150,3070b,15,3
88150,3070b,36,2
88150,3139,0,14
88150,3188,14,1
88150,3189,14,1
88150,3298,4,2
88150,3430c01,71,1
88150,3456,15,1
88150,3460,71,8
88150,3460,0,3
88150,3460,1,1
88150,3460,15,1
88150,3460,14,1
88150,3474,15,1
88150,3475b,0,2
88150,3585,15,1
88150,3586,15,1
88150,3622,1,5
88150,3622,15,12
88150,3623,14,2
88150,3623,15,4
88150,3623,4,4
88150,3623,71,3
88150,3623,0,2
88150,3633,0,2
88150,3641,0,12
88150,3660,14,1
88150,3665,15,6
88150,3666,15,2
88150,3666,0,6
88150,3666,71,1
88150,3676,4,2
88150,3676,14,2
88150,3679,71,5
88150,3680,71,1
88150,3680,4,1
88150,3680,0,3
88150,3710,4,2
88150,3710,0,2
88150,3710,71,4
88150,3710,1,2
88150,3710,15,4
88150,3730,0,1
88150,3741,2,2
88150,3742,14,6
88150,3747a,0,1
88150,3755a,15,2
88150,3787,15,1
88150,3788,4,1
88150,3794a,14,3
88150,3794a,15,5
88150,3794a,0,2
88150,3795,4,1
88150,3795,0,1
88150,3829c01,4,2
88150,3829c01,15,1
88150,3832,15,3
88150,3839b,0,1
88150,3857,2,1
88150,3867,2,1
88150,3899,47,2
88150,3900,15,2
88150,3938,0,1
88150,3941,4,2
88150,3941,0,1
88150,3942c,15,1
88150,3942c,4,1
88150,3962b,0,2
88150,4032a,2,1
88150,4070,14,4
88150,4070,15,7
88150,4079,4,6
88150,4079,71,4
88150,4081b,4,2
88150,4081b,0,1
88150,4085c,15,4
88150,4162,71,1
88150,4162,15,1
88150,4175,71,2
88150,4215b,15,1
88150,4216,1,2
88150,4216,15,10
88150,4217,15,5
88150,4218,41,2
88150,4218,1,6
88150,4219,1,1
88150,4275b,0,1
88150,4276b,0,1
88150,4282,14,1
88150,4286,14,2
88150,4286,4,2
88150,4315,4,5
88150,4315,14,1
88150,4345b,71,2
88150,4345b,14,2
88150,4346,14,2
88150,4346,71,2
88150,4360,0,1
88150,44336pr0003,2,2
88150,44343pr0002,2,1
88150,4445,14,2
88150,4447,71,4
88150,4448,41,4
88150,4449,71,4
88150,4449,70,2
88150,4449,0,2
88150,4477,15,5
88150,4477,1,2
88150,4477,14,2
88150,4488,0,1
88150,4532,15,2
88150,4532,1,1
88150,4533,71,3
88150,4589,0,4
88150,4589,36,1
88150,4589,4,1
88150,4600,0,3
88150,4623,0,2
88150,4624,15,12
88150,4624,71,14
88150,4625,15,4
88150,47899c01,71,1
88150,48183,4,1
88150,48183,1,1
88150,48183,15,1
88150,48183,0,1
88150,4854,14,1
88150,4854,4,4
88150,4855,4,2
88150,4855,14,1
88150,4856a,1,1
88150,4856a,15,1
88150,4857,15,4
88150,4861,14,1
88150,4862,41,12
88150,4863,15,6
88150,4864b,71,2
88150,4864b,1,2
88150,4864b,41,1
88150,4864b,15,2
88150,4865a,71,4
88150,4865a,4,5
88150,4865a,14,12
88150,4865a,15,4
88150,4867pr0005,15,1
88150,4868b,15,2
88150,4869,71,2
88150,4870,71,7
88150,48933,15,1
88150,50373,15,1
88150,50373,14,2
88150,6076,15,1
88150,6081,15,2
88150,6087,71,2
88150,6111,15,6
88150,6135,70,5
88150,6141,36,9
88150,6141,15,30
88150,6141,47,8
88150,6141,46,10
88150,6141,33,9
88150,6148,2,4
88150,6152b,41,1
88150,6153a,15,1
88150,6157,0,1
88150,6160c01,71,6
88150,73194c01,71,1
88151,3626bpr0019,14,1
88151,3901,0,1
88151,970c22,4,1
88151,973c28h01pr0002,1,1
88152,3626bpr0009,14,1
88152,3901,0,1
88152,970c28,1,1
88152,973c28h01pr1240,1,1
88153,3626bpr0009,14,1
88153,4485,4,1
88153,970c28,1,1
88153,973c28h01pr1240,1,1
88154,3626bpr0009,14,1
88154,3833,4,1
88154,970c28,1,1
88154,973c28h01pr1240,1,1
88156,2446,15,1
88156,2447,41,1
88156,3626bpr0048,14,1
88156,970c28,1,1
88156,973c19h01pr0070,70,1
88157,3624,0,1
88157,3626bpr0001,14,1
88157,970c03,0,1
88157,973c03h01pr1238,0,1
88343,11214,4,2
88343,11946,4,1
88343,11947,4,1
88343,18575,19,2
88343,18651,0,4
88343,18943,0,1
88343,24116,1,1
88343,24316,70,3
88343,2780,0,9
88343,27938,72,1
88343,3069bpr0101,71,1
88343,3070bpr0235,71,1
88343,32009,15,2
88343,32013,0,6
88343,32015,0,2
88343,32034,0,1
88343,32056,0,2
88343,32062,4,2
88343,32140,15,5
88343,32184,4,2
88343,32270,0,3
88343,32523,15,2
88343,32526,0,1
88343,3673,71,1
88343,3705,0,3
88343,3706,4,2
88343,3713,0,2
88343,3749,19,2
88343,39888,19,2
88343,41239,15,2
88343,42003,4,2
88343,42195,0,1
88343,4274,71,7
88343,42924,1,7
88343,43093,1,10
88343,44874,4,1
88343,4519,14,6
88343,55981,4,4
88343,59443,4,7
88343,60483,0,5
88343,60484,4,2
88343,61408,0,2
88343,63869,71,1
88343,65487,0,4
88343,65489,71,1
88343,87083,72,1
88343,92402,0,4
88343,98138,36,2
88343,98138,47,2
88343,99021,72,1
88436,3022,15,1
88436,3700,15,2
88436,43895,15,1
88436,43896,15,2
88436,43897,15,1
88437,3022,0,1
88437,3700,0,2
88437,43896,0,2
88437,43897,0,1
88437,43902pr0001,4,1
88536,3626cpr3265,14,1
88536,41879a,3,1
88536,62696,226,1
88536,973c05h01pr5174,272,1
88727,11211,15,2
88727,11214,4,2
88727,14417,72,2
88727,14704,71,2
88727,15068,379,2
88727,2420,72,2
88727,2476a,71,2
88727,2540,71,2
88727,3020,0,1
88727,3021,72,1
88727,3022,379,1
88727,3022,0,2
88727,3022,25,2
88727,3023,15,3
88727,3039,0,2
88727,3040b,25,2
88727,3040b,379,2
88727,30602,379,2
88727,32064a,0,2
88727,32523,72,2
88727,32803,0,1
88727,36841,71,2
88727,3700,71,4
88727,3710,72,1
88727,3795,0,1
88727,39793,0,2
88727,4032a,15,1
88727,42023,0,1
88727,4274,1,2
88727,43722,25,1
88727,43723,25,1
88727,44567b,0,2
88727,44861,0,2
88727,4590,71,2
88727,4697b,0,2
88727,4740,0,2
88727,4740,41,2
88727,47905,71,1
88727,50950,25,2
88727,54657,72,2
88727,55981,0,2
88727,59900,179,2
88727,59900,41,2
88727,61332,0,8
88727,6141,0,2
88727,63864,25,3
88727,76766,0,1
88727,80324,379,4
88727,92474,47,1
88727,98100,0,2
88727,98138,47,2
88727,99207,25,2
88727,99780,72,5
88727,99780,25,2
88831,3626bpr0001,14,1
88831,3833,4,1
88831,970c31,2,1
88831,973c28h01pr0027,1,1
88832,3624,0,1
88832,3626bpr0001,14,1
88832,970c28,1,1
88832,973c03h01pr0189,0,1
88833,3626bpr0001,14,1
88833,3833,4,1
88833,3838,14,1
88833,970c22,4,1
88833,973c22h01,4,1
88834,3624,15,1
88834,3626bpr0001,14,1
88834,970c22,4,1
88834,973c27h01,15,1
88835,3626bpr0001,14,1
88835,3834,15,1
88835,970c22,4,1
88835,973c03h01pr0091,0,1
88836,2446,4,1
88836,2447,41,1
88836,3626bpr0001,14,1
88836,970c22,4,1
88836,973c01h01pr0005,15,1
88837,3625,0,1
88837,3626apr0001,14,1
88837,970c27,15,1
88837,973c27h01pr0022,15,1
88838,3626apr0001,14,1
88838,3842a,4,1
88838,970c22,4,1
88838,973c22h01pr0012,4,1
88839,3626apr0001,14,1
88839,3842a,7,1
88839,970c27,15,1
88839,973c03h01,0,1
88840,3624,15,1
88840,3626apr0001,14,1
88840,970c22,4,1
88840,973c28h01,1,1
88841,3626apr0001,14,1
88841,3901,6,1
88841,970c28,1,1
88841,973c27h01,15,1
88842,3626apr0001,14,1
88842,3901,0,1
88842,970c27,15,1
88842,973c28h01pr0018,1,1
88843,3625,15,1
88843,3626apr0001,14,1
88843,970c22,4,1
88843,973c22h01,4,1
88972,13564,0,1
88972,18395,0,1
88972,25893,0,2
88972,85861,0,2
88978,11090,0,2
88978,13564,0,1
88978,18395,0,1
88978,3626cpr2825,0,1
88978,36452,0,1
88978,970c03,0,1
88978,973c03h03pr4604,0,1
89056,3710,0,2
89057,30160,29,2
89057,30160,5,2
89092,11203,72,3
89092,22385pr0017,35,1
89092,27255,71,1
89092,32002,19,1
89092,6632,1,1
89092,91405,71,1
89096,51493c02,14,1
89096,51493c02,0,1
89101,2570,1103,1
89101,upn0068,0,1
89101,upn0182,0,1
89101,upn0323,179,2
89101,upn0379,70,6
89101,upn0379,179,2
89101,upn0379,0,6
89101,upn0379,2,6
89176,cardupn0030pr0001,9999,1
89176,cardupn0030pr0002,9999,1
89176,cardupn0030pr0003,9999,1
89176,cardupn0030pr0004,9999,1
89176,cardupn0030pr0005,9999,1
89176,cardupn0030pr0006,9999,1
89176,cardupn0030pr0007,9999,1
89176,cardupn0030pr0008,9999,1
89176,cardupn0030pr0009,9999,1
89176,cardupn0030pr0010,9999,1
89176,cardupn0030pr0011,9999,1
89176,cardupn0030pr0012,9999,1
89176,cardupn0030pr0013,9999,1
89176,cardupn0030pr0014,9999,1
89176,cardupn0030pr0015,9999,1
89176,cardupn0030pr0016,9999,1
89176,cardupn0030pr0017,9999,1
89176,cardupn0030pr0018,9999,1
89176,cardupn0030pr0019,9999,1
89176,cardupn0030pr0020,9999,1
89176,cardupn0030pr0021,9999,1
89176,cardupn0030pr0022,9999,1
89176,cardupn0030pr0023,9999,1
89176,cardupn0030pr0024,9999,1
89176,cardupn0030pr0025,9999,1
89176,cardupn0030pr0026,9999,1
89176,cardupn0030pr0027,9999,1
89176,cardupn0030pr0028,9999,1
89176,cardupn0030pr0029,9999,1
89176,cardupn0030pr0030,9999,1
89176,cardupn0030pr0031,9999,1
89176,cardupn0030pr0032,9999,1
89176,cardupn0030pr0033,9999,1
89176,cardupn0030pr0034,9999,1
89176,cardupn0030pr0035,9999,1
89176,cardupn0030pr0036,9999,1
89176,cardupn0030pr0037,9999,1
89176,cardupn0030pr0038,9999,1
89176,cardupn0030pr0039,9999,1
89176,cardupn0030pr0040,9999,1
89176,cardupn0030pr0041,9999,1
89176,cardupn0030pr0042,9999,1
89176,cardupn0030pr0043,9999,1
89176,cardupn0030pr0044,9999,1
89176,cardupn0030pr0045,9999,1
89176,cardupn0030pr0046,9999,1
89176,cardupn0030pr0047,9999,1
89176,cardupn0030pr0048,9999,1
89176,cardupn0030pr0049,9999,1
89176,cardupn0030pr0050,9999,1
89342,11211,71,1
89342,2419,72,1
89342,2450,15,2
89342,3021,15,1
89342,3021,0,1
89342,3022,14,1
89342,3022,15,2
89342,3023,0,1
89342,3034,4,1
89342,3069b,15,1
89342,3795,15,1
89342,3795,72,1
89342,41769,15,2
89342,41770,15,2
89342,44661,15,1
89342,54200,15,2
89342,54200,40,2
89342,6091,15,4
89342,6141,182,2
89342,6141,179,4
89342,85984,15,5
89342,85984,0,1
89344,14417,72,2
89344,14418,71,2
89344,15573,71,3
89344,15672,4,2
89344,2412b,179,1
89344,2431pr0028,72,1
89344,3004,71,4
89344,3005,72,2
89344,3020,71,2
89344,3021,71,1
89344,3022,71,1
89344,3022,72,1
89344,3023,71,1
89344,3023,72,1
89344,3024,4,2
89344,30414,71,2
89344,3623,4,2
89344,3679,71,1
89344,3680,0,1
89344,3700,0,1
89344,4274,1,1
89344,4740,71,1
89344,6141,179,5
89344,63868,72,2
89344,87087,71,4
89344,87580,71,1
89344,98138,41,2
89344,98375,179,1
89345,11211,71,1
89345,11477,71,4
89345,15573,71,1
89345,18649,0,1
89345,2420,71,2
89345,3003,71,2
89345,3005,71,2
89345,3022,71,2
89345,3022,15,3
89345,3023,71,2
89345,3023,72,3
89345,3023,29,1
89345,3024,29,2
89345,3070b,0,1
89345,3070b,71,2
89345,32028,15,1
89345,3660,71,1
89345,3679,71,1
89345,3680,15,1
89345,44728,71,2
89345,4871,71,1
89345,54200,71,2
89345,60478,71,4
89345,60897,72,8
89345,6091,71,4
89345,61252,15,2
89345,93273,71,2
89345,93273,15,2
89345,98138pr0008,15,2
89345,99781,71,3
89346,11477,2,2
89346,14417,72,2
89346,14704,71,2
89346,15573,15,2
89346,2654,47,3
89346,3004,14,1
89346,3004,1,1
89346,3022,14,1
89346,3022,1,1
89346,3023,15,1
89346,3023,0,1
89346,3023,1,6
89346,3068b,1,3
89346,3678b,1,1
89346,3710,14,2
89346,41769,14,1
89346,41770,14,1
89346,43722,1,1
89346,43723,1,1
89346,44728,15,1
89346,4590,72,1
89346,49668,191,2
89346,50950,0,1
89346,60478,14,2
89346,60897,72,2
89346,6091,1,2
89346,63868,14,2
89346,87087,14,2
89346,87087,15,2
89346,93273,14,2
89346,98138pr0008,15,2
89346,99206,0,1
89350,stickerupn0133,9999,1
89350,stickerupn0134,9999,1
89350,upn0444,9999,1
89353,upn0443,9999,1
89355,upn0442,9999,1
89377,14769,297,10
89377,16968,71,5
89377,3040b,4,10
89377,3460,0,5
89377,3666,4,5
89377,3795,2,5
89377,54200,297,10
89377,6141,0,10
89380,14769,15,20
89380,15745,45,1
89380,2460,15,1
89380,2654,15,4
89380,3022,15,1
89380,32034,15,1
89380,4274,71,2
89380,43093,1,2
89380,59900,26,1
89380,6003,15,1
89380,6003,19,1
89380,6003,27,1
89380,6003,85,1
89380,6141,322,16
89380,62462,15,2
89380,stickerupn0145,9999,1
89419,2005544,9999,1
89428,11203,29,1
89428,3068b,29,1
89428,3069b,26,2
89428,3176c99,4,2
89428,33291,5,2
89428,6141,322,2
89428,6141,85,2
89428,6141,45,2
89428,stickerupn0147,9999,1
89429,11203,29,1
89429,14769,0,1
89429,14769,19,3
89429,18674,15,1
89429,20482,47,2
89429,2432,71,1
89429,3010,31,3
89429,3021,15,2
89429,3021,322,2
89429,3062b,70,1
89429,3062b,36,1
89429,4032a,0,1
89429,6141,80,4
89429,63868,71,2
89429,stickerupn0067,9999,1
89435,3039,72,4
89435,3937,72,2
89435,4282,19,2
89435,54200,71,4
89435,54200,28,4
89435,6134,0,2
89435,6180,320,2
89435,85984,28,2
89435,98138,71,4
89493,30374,41,1
89493,64567,80,1
89493,upn0068,0,1
89493,upn0182,0,1
89493,upn0323,179,2
89493,upn0379,179,4
89493,upn0379,0,10
89493,upn0379,41,6
89493,upn0465pr0031,0,1
89611,3626cpr1580,14,1
89611,85974,0,1
89611,970c27,15,1
89611,973c27h14pr5019,15,1
89624,upn0441,9999,1
89673,11211,0,1
89673,13808,297,1
89673,3068bpr0481,27,1
89673,3795,0,1
89673,99206,0,1
89674,11640pr0006,5,1
89674,14769,15,1
89674,15470,29,2
89674,15573,323,1
89674,18674,5,2
89674,2431,19,1
89674,25269,30,4
89674,25269,19,2
89674,25269,29,6
89674,25269,5,4
89674,27925,29,2
89674,27925,15,2
89674,27925,5,2
89674,27925,30,2
89674,3023,323,2
89674,3068bpr0472,27,1
89674,3068bpr0473,3,1
89674,35480,15,1
89674,4032a,5,2
89674,51739,19,1
89674,65128,47,1
89674,65129,29,1
89674,65130,30,1
89674,65132,15,1
89674,65133,323,2
89674,65138,323,2
89674,65140,323,1
89674,65146,15,2
89674,96874,25,1
89674,98138,26,1
89675,15573,0,2
89675,15573,1050,2
89675,15573,27,2
89675,18674,0,2
89675,22388,71,4
89675,24246,0,3
89675,25269,27,4
89675,25269,0,4
89675,25269,1050,4
89675,27925,0,2
89675,27925,1050,4
89675,3024,0,1
89675,3068bpr0468,0,1
89675,3068bpr0469,3,1
89675,3070b,1050,4
89675,41740,0,1
89675,65128,47,1
89675,65129,1050,1
89675,65130,0,1
89675,65132,0,1
89675,65133,3,2
89675,65138,3,2
89675,65140,3,1
89675,65146,15,2
89675,76113pr0001,71,1
89675,85861,71,1
89675,96874,25,1
89676,14769pr1177,272,1
89676,15573,272,5
89676,18674,322,2
89676,2412b,179,1
89676,25269,323,4
89676,27925,323,2
89676,27925,272,4
89676,29119,71,2
89676,29120,71,2
89676,3023,323,3
89676,3024,272,4
89676,3068bpr0462,14,1
89676,3068bpr0463,0,1
89676,3069b,71,1
89676,3069b,46,1
89676,3069b,35,1
89676,3070b,34,2
89676,4032a,322,2
89676,43898,41,2
89676,65128,47,1
89676,65129,27,1
89676,65130,158,1
89676,65132,0,1
89676,65133,15,2
89676,65138,3,2
89676,65140,3,1
89676,65146,15,2
89676,96874,25,1
89676,98138,1053,3
89677,11253,179,2
89677,25269,27,8
89677,25269,321,2
89677,27925,321,2
89677,27925,14,2
89677,3023,1050,3
89677,3024,1050,2
89677,3024,321,4
89677,3068bpr0464,3,1
89677,3068bpr0465,27,1
89677,3069b,321,4
89677,3069b,14,4
89677,3070b,10,2
89677,35787,27,3
89677,35787,10,2
89677,4032a,10,2
89677,54200,1050,4
89677,65128,47,1
89677,65129,27,1
89677,65130,14,1
89677,65132,14,1
89677,65133,1050,2
89677,65138,4,2
89677,65140,4,1
89677,65146,15,2
89677,87580,14,2
89677,87580,321,1
89677,90508,27,2
89677,96874,25,1
89678,14769pr1178,85,1
89678,15573,3,1
89678,15573,85,2
89678,18674,85,2
89678,25269,3,6
89678,25269,323,6
89678,25269,85,6
89678,27925,323,4
89678,3023,322,3
89678,3023,30,3
89678,3023,3,3
89678,3023,85,2
89678,3068bpr0466,27,1
89678,3068bpr0467,3,1
89678,3069b,323,4
89678,39739,5,4
89678,49668,15,1
89678,54200,85,4
89678,65128,47,1
89678,65129,85,1
89678,65130,0,1
89678,65132,3,1
89678,65133,323,2
89678,65138,1050,2
89678,65140,1050,1
89678,65146,15,2
89678,96874,25,1
89679,15573,71,2
89679,20482,297,2
89679,2412b,1,1
89679,27263,71,2
89679,27925,297,4
89679,29119,71,1
89679,29120,71,1
89679,3023,71,2
89679,3024,14,2
89679,3068bpr0470,14,1
89679,3068bpr0471,0,1
89679,3069b,1,4
89679,3069b,71,2
89679,3069b,297,4
89679,43093,1,2
89679,48336,71,1
89679,49098,0,2
89679,65128,47,1
89679,65129,15,1
89679,65130,14,1
89679,65132,14,1
89679,65133,15,2
89679,65138,0,2
89679,65140,0,1
89679,65146,15,2
89679,87580,14,1
89679,90370pr0005,0,1
89679,94925,71,2
89679,96874,25,1
89680,11211,0,1
89680,3068bpr0483,27,1
89680,3795,0,1
89680,93160,15,2
89680,99206,0,1
89681,11211,0,1
89681,3068bpr0480,27,1
89681,3795,0,1
89681,93221pr0006,3,1
89681,99206,0,1
89682,11211,0,1
89682,3068bpr0479,27,1
89682,3795,0,1
89682,87997,29,2
89682,99206,0,1
89683,11211,0,1
89683,3068bpr0476,25,1
89683,3795,0,1
89683,66944pr0002,3,1
89683,99206,0,1
89684,11211,0,1
89684,3068bpr0484,0,1
89684,3795,0,1
89684,90370pr0007,0,1
89684,99206,0,1
89685,11211,0,1
89685,3068bpr0485,0,1
89685,3795,0,1
89685,93221pr0003,71,1
89685,99206,0,1
89686,11211,0,1
89686,3068bpr0478,25,1
89686,3795,0,1
89686,90370pr0005,0,1
89686,99206,0,1
89687,11211,0,1
89687,15535pr0008,19,1
89687,3068bpr0482,27,1
89687,3795,0,1
89687,99206,0,1
89688,11211,0,1
89688,14769pr1179,322,1
89688,3068bpr0474,14,1
89688,3795,0,1
89688,99206,0,1
89689,11211,0,1
89689,3068bpr0477,25,1
89689,3795,0,1
89689,90370pr0007,0,1
89689,99206,0,1
89690,11211,0,1
89690,3068bpr0475,3,1
89690,3795,0,1
89690,90370pr0007,0,1
89690,99206,0,1
89791,51493c01,1,1
89791,853917pencil,9999,9
89791,upn0089,14,1
89840,199540,9999,1
89840,3004,7,2
89840,3010a,7,2
89840,3020,1,3
89840,3021,1,1
89840,3023,1,1
89840,3023,7,3
89840,3024,7,2
89840,3068b,7,1
89840,3069bpr0023,1,2
89840,3069bpr0039,1,1
89840,3188,1,1
89840,3189,1,1
89840,3666,1,2
89840,3747a,7,3
89840,3795,7,1
89840,3933a,1,1
89840,3934a,1,1
89840,3957a,36,2
89840,3957a,46,2
89840,3963,7,2
89840,4081a,1,4
89840,4085a,7,2
89840,4275a,1,2
89840,4276a,1,2
89840,4315,7,1
89840,4474,46,1
89840,4475,1,1
89840,4589,46,4
89840,4590,7,1
89840,4591,0,1
89840,4732,7,1
89840,4735,0,2
89840,4740,36,2
89840,4746,7,1
89840,73590c01a,0,2
89842,3626apr0001,14,1
89842,3838,14,1
89842,3842b,14,1
89842,970c01,14,1
89842,973c01h01,14,1
89880,3705,0,1
89880,4519,0,26
89880,upn0065,135,4
89880,upn0065,25,4
89880,upn0065,0,12
89880,upn0065,4,2
89880,upn0071,0,1
89880,upn0072,0,1
89880,upn0073,4,1
89894,42498pr0002,13,1
89894,6141,46,1
89894,6141,33,6
89894,6141,42,1
89894,6141,36,1
89894,6141,7,1
89894,6141,34,1
89894,upn0068,47,1
89894,upn0182,47,1
89894,upn0277,45,1
89894,upn0323,15,2
89894,upn0382,15,1
89894,upn0389,47,7
89894,upn0389,45,6
89894,upn0389,15,6
89894,upn0465pr0032,45,1
89896,32062,0,1
89896,32174,57,1
89896,44807,1073,1
89896,44807,1071,1
89896,53585,0,1
89896,upn0068,0,1
89896,upn0182,0,1
89896,upn0264,0,1
89896,upn0323,0,4
89896,upn0323,135,6
89896,upn0389,57,4
89896,upn0465pr0024,135,1
89899,45455c01,45,2
89899,45456,1057,2
89899,45456,45,2
89899,45456,1004,2
89899,46476,1057,2
89899,upn0011,143,4
89899,upn0011,45,4
89899,upn0011,182,4
89899,upn0011,25,4
89899,upn0064,14,4
89899,upn0068,14,1
89899,upn0182,14,1
89899,upn0240,182,1
89899,upn0277,25,1
89901,upn0068,0,1
89901,upn0179,14,1
89901,upn0179pr0001,4,1
89901,upn0182,0,1
89901,upn0202pr0001,1,1
89901,upn0389,14,10
89901,upn0389,4,10
89901,upn0389,2,10
89901,upn0389,1,10
89901,upn0465pr0035,0,1
89902,45450,230,2
89902,45450,5,2
89902,46279,43,2
89902,46279c03,47,2
89902,46844,230,2
89902,upn0011,118,4
89902,upn0011,26,4
89902,upn0011,47,4
89902,upn0011,45,4
89902,upn0064,45,4
89902,upn0068,45,1
89902,upn0182,45,1
89902,upn0237,45,1
89902,upn0277,26,1
89903,upn0063c01,30,1
89903,upn0063c06pr0001,29,1
89903,upn0068,29,1
89903,upn0182,29,1
89903,upn0389,29,7
89903,upn0389,5,6
89903,upn0389,30,5
89903,upn0465pr0042,29,1
89903,upn0466ct05,29,1
89904,64728,4,1
89904,upn0068,0,1
89904,upn0182,0,1
89904,upn0277,135,1
89904,upn0323,135,2
89904,upn0382,0,1
89904,upn0389,25,4
89904,upn0389,27,6
89904,upn0389,0,4
89904,upn0389,135,6
89904,upn0465pr0017,0,1
89909,41879a,19,1
89909,64804pr0002,378,1
89909,973c26h25pr1458,19,1
89910,upn0068,0,1
89910,upn0179,8,1
89910,upn0182,0,1
89910,upn0213pr0001,47,1
89910,upn0213pr0002,1141,1
89910,upn0295,0,2
89910,upn0317,1141,1
89910,upn0317,0,1
89910,upn0318,1141,1
89910,upn0318,0,1
89910,upn0389,0,20
89910,upn0389,1,2
89910,upn0389,1141,4
89910,upn0389,4,2
89910,upn0389,1140,4
89911,upn0068,0,1
89911,upn0179,8,1
89911,upn0182,0,1
89911,upn0213pr0002,1141,1
89911,upn0295,0,2
89911,upn0317,1141,1
89911,upn0318,1141,1
89911,upn0389,1,2
89911,upn0389,0,15
89911,upn0389,1141,2
89911,upn0389,1140,2
89913,3626bpr9974,14,1
89913,40251,70,1
89913,upn0183,5,1
89924,11212,72,1
89924,11212,191,1
89924,11477,25,6
89924,15535,25,1
89924,15573,321,3
89924,15573,25,3
89924,22885,71,14
89924,24246,182,25
89924,2431,321,2
89924,2431,25,4
89924,2431,0,4
89924,24866,1050,1
89924,24866,10,2
89924,26604,191,2
89924,28802,71,1
89924,3003,2,2
89924,3003,29,1
89924,3005,29,3
89924,30093,10,2
89924,3020,25,10
89924,3020,321,2
89924,3021,25,5
89924,3022,25,1
89924,3023,47,4
89924,3023,182,3
89924,3024,182,4
89924,3024,25,4
89924,3030,0,2
89924,3034,158,1
89924,3035,0,2
89924,3039,25,2
89924,3040b,25,2
89924,3069b,321,1
89924,3070b,321,4
89924,32028,71,1
89924,32952,25,2
89924,33909,0,4
89924,34103,191,1
89924,3623,25,4
89924,3665,25,4
89924,3795,321,6
89924,3958,0,2
89924,4032a,1,1
89924,4162,321,2
89924,49577,1050,1
89924,54200,25,8
89924,6141,2,3
89924,6223,47,5
89924,63864,25,2
89924,6636,321,2
89924,77331,9999,1
89924,85984,25,3
89924,87580,25,3
89924,93273,321,2
89924,98138pr0060,0,4
89925,11153,226,2
89925,11153,1,2
89925,11211,15,3
89925,11212,15,3
89925,11477,226,6
89925,11477,27,2
89925,11477,0,4
89925,15068,226,2
89925,15068,10,2
89925,15207,19,7
89925,15208,0,2
89925,15573,226,1
89925,15672,27,2
89925,22885,71,13
89925,2420,0,2
89925,2420,322,2
89925,2431,10,1
89925,2431,0,4
89925,25269,226,6
89925,25269,0,18
89925,26604,73,2
89925,28802,71,1
89925,29119,226,1
89925,29120,226,1
89925,3002,15,1
89925,3003,28,2
89925,3003,29,1
89925,3004,10,2
89925,3005,1,1
89925,3005,70,1
89925,3010,226,1
89925,3020,70,2
89925,3020,10,2
89925,3020,226,5
89925,3020,27,4
89925,3021,27,4
89925,3021,15,1
89925,3022,70,2
89925,3022,321,1
89925,3022,27,1
89925,3023,191,1
89925,3023,226,5
89925,3023,71,3
89925,3024,29,1
89925,3024,226,4
89925,3024,15,3
89925,3024,1,2
89925,3030,19,2
89925,3034,3,1
89925,3035,19,2
89925,3040b,15,1
89925,3049d,191,1
89925,3069b,19,1
89925,3070b,226,4
89925,32028,71,1
89925,32952,0,1
89925,32952,378,4
89925,33909,0,4
89925,34103,71,2
89925,35464,25,1
89925,3623,27,2
89925,3623,15,2
89925,3623,226,3
89925,3710,0,1
89925,3710,226,1
89925,3941,15,1
89925,3958,0,2
89925,4032a,72,1
89925,4032a,70,4
89925,41740,70,2
89925,41769,226,1
89925,41770,226,1
89925,43722,0,1
89925,43723,0,1
89925,4865b,19,2
89925,49668,0,1
89925,54200,0,12
89925,54200,27,4
89925,54200,322,2
89925,60478,72,2
89925,6141,2,1
89925,6231,19,2
89925,63864,226,8
89925,63864,15,2
89925,77332,9999,1
89925,87079,226,1
89925,87087,15,3
89925,87087,27,2
89925,87087,72,2
89925,87580,70,2
89925,88930,27,1
89925,91501,19,4
89925,93273,19,2
89925,98138pr0048,70,8
89925,98138pr0060,0,4
89925,99207,27,4
89925,99780,70,4
89939,15210pr9999,0,1
89939,2432,15,1
89939,24946,19,1
89939,3004,71,1
89939,3005pr0024,182,1
89939,3020,15,2
89939,30237b,71,1
89939,3069bpr0300,15,1
89939,37829pr0007,378,1
89939,53020,27,1
89992,31000,1,2
89992,31000,2,2
89992,31000,14,1
89992,31000,4,2
89992,31000pr0001,14,1
89992,45205,4,1
89992,45205,1,1
89992,45205,25,1
89992,45205,14,2
89992,45209,7,1
89992,45209,4,1
89992,45209,25,1
89992,45210pr0001,14,1
89992,45210pr0002,15,1
89992,45210pr0003,15,1
89992,45210pr0004,8,1
89992,45211pr0001,15,1
89992,45211pr0002,15,1
89992,45211pr0003,7,2
89992,45211pr0004,7,1
89992,45212c01,15,1
89992,45215,15,1
89992,45216,14,1
89992,45217,25,1
89992,45218pr0001,14,1
89992,45219c01,1,1
89992,45219c02,4,1
89992,45219c03,25,1
89992,45219c04,14,2
