inventoryId,partNumber,color,quantity
120043,11203pr0019,15,1
120043,15573,15,2
120043,15573,14,1
120043,18674,15,1
120043,3004,14,1
120043,3022,15,2
120043,3023,71,2
120043,3068bpr0546,14,1
120043,3068bpr9735,15,1
120043,4740,2,1
120043,49307,15,8
120043,6541,226,2
120043,66788,14,2
120043,67329,15,1
120043,68211,0,1
120043,99207,15,1
120043,99207,14,1
120046,11203,15,1
120046,11211,28,1
120046,15092,72,1
120046,15573,191,1
120046,15573,19,4
120046,18654,15,2
120046,22388,15,1
120046,22961,15,4
120046,24201,191,4
120046,24246,484,2
120046,26604,191,2
120046,29119,19,1
120046,29120,19,1
120046,3005,19,1
120046,3020,19,2
120046,3020,191,1
120046,3021,191,1
120046,3021,28,1
120046,3022,191,4
120046,3022,70,4
120046,3023,15,2
120046,3023,191,7
120046,3068bpr9738,0,1
120046,3069b,191,2
120046,32000,4,1
120046,32064a,71,2
120046,32556,19,2
120046,35480,15,2
120046,3622,191,2
120046,3622pr0062,191,1
120046,36840,15,2
120046,36841,191,2
120046,4032a,484,2
120046,6091,191,4
120046,66792,15,1
120046,66857pr0010,484,1
120046,67810,0,4
120046,73230,15,2
120046,93273,191,3
120046,93273,19,3
120046,99206,27,1
120048,11211,4,2
120048,11458,71,2
120048,11477,71,6
120048,15068,4,1
120048,15068pr0052,71,1
120048,15672,71,2
120048,18649,71,1
120048,18677,4,2
120048,24201,19,3
120048,2540,71,1
120048,29119,71,2
120048,29120,71,2
120048,3020,71,1
120048,3022,71,2
120048,3023,71,2
120048,3023,308,4
120048,3024,19,1
120048,3024,71,6
120048,3049d,71,1
120048,3068bpr9718,71,1
120048,3069b,4,1
120048,3069b,19,2
120048,32803,15,2
120048,33909,4,1
120048,3623,71,2
120048,3673,71,2
120048,36841,71,2
120048,3710,71,4
120048,44861,71,1
120048,4490,71,2
120048,50950,71,2
120048,6081,71,1
120048,60897,19,2
120048,6141,19,4
120048,73831,308,2
120048,79389,71,6
120049,11211,4,2
120049,11458,71,2
120049,11477,71,4
120049,15068pr0052,71,1
120049,15672,71,2
120049,18649,71,1
120049,18677,4,2
120049,22388,182,2
120049,24201,19,3
120049,2431,71,1
120049,2540,71,1
120049,29119,71,2
120049,29120,71,2
120049,3020,71,1
120049,3022,71,2
120049,3023,71,2
120049,3023,308,5
120049,3024,19,1
120049,3024,71,4
120049,3049d,71,1
120049,3068bpr9719,71,1
120049,3069b,19,2
120049,32474,191,1
120049,32803,15,2
120049,3623,71,2
120049,3673,71,2
120049,36841,71,2
120049,3710,71,2
120049,44861,71,1
120049,4490,71,2
120049,50950,71,2
120049,6081,71,1
120049,60897,19,2
120049,6141,19,4
120049,73831,308,2
120049,79389,71,6
120049,87580,4,1
120050,4274,71,2
120050,57519,71,1
120050,67095pr0012,71,1
120051,14769,1,1
120051,15573,15,1
120051,17485pr9999,1,1
120051,28660,78,2
120051,3003pr0160,78,1
120051,3022,2,1
120051,3937,71,1
120051,4032a,15,1
120051,6134,0,1
120051,66855pr0004,15,1
120051,79750,70,1
120051,98138,4,1
120098,11476,15,4
120098,11477,27,2
120098,14769,85,2
120098,15573,15,3
120098,20482,71,2
120098,22885,15,2
120098,22885,71,14
120098,2412b,71,3
120098,24246,85,2
120098,24299,27,1
120098,24307,27,1
120098,2431,19,1
120098,2431,85,6
120098,2431,0,1
120098,2431pr0180,27,1
120098,3003,29,1
120098,3003,1,2
120098,3020,15,1
120098,3020,85,2
120098,3022,15,3
120098,3023,85,3
120098,3023,15,4
120098,3023,36,3
120098,3024,15,2
120098,3024,27,2
120098,3031,19,1
120098,3031,15,1
120098,3031,27,1
120098,3031,85,2
120098,3062b,1,4
120098,3070b,322,1
120098,3623,85,2
120098,3710,15,1
120098,3710,85,1
120098,3958,0,1
120098,4032a,14,1
120098,4081b,27,2
120098,41740,0,1
120098,41740,19,1
120098,43722pr0002,15,1
120098,43723pr0002,15,1
120098,60478,15,2
120098,6141,179,5
120098,6141,27,2
120098,6141,34,1
120098,6141,36,2
120098,64799,0,1
120098,87079,85,2
120098,87079,19,1
120098,87079,0,1
120098,87087,27,2
120098,98138,71,2
120098,98138,4,1
120098,98138pr0060,0,2
120100,22385,3,1
120100,2412b,70,4
120100,2431,14,2
120100,2817,0,2
120100,28802,14,2
120100,28802,71,2
120100,30136,70,1
120100,3020,70,1
120100,3034,70,1
120100,3037,0,1
120100,3037,14,1
120100,3460,14,2
120100,35654,0,1
120100,3673,71,4
120100,3795,3,1
120100,4032a,3,1
120100,4032a,72,2
120100,51739,72,2
120100,55981,0,4
120100,60470b,72,1
120100,6141,71,2
120100,73562,71,2
120100,92402,0,4
120100,98138,47,6
120100,99780,71,4
120101,14417,72,2
120101,14419,72,2
120101,14704,71,4
120101,15068,2,1
120101,15573,27,3
120101,21459,297,2
120101,22961,308,2
120101,2540,297,1
120101,2736,71,2
120101,28192,27,2
120101,30031,179,1
120101,30136,0,2
120101,3020,2,2
120101,32192,72,2
120101,33909,70,1
120101,35480,72,1
120101,4032a,0,3
120101,48729b,0,1
120101,51138,308,1
120101,54200,2,2
120101,6091,2,4
120101,61252,297,2
120101,61332,0,2
120101,85984,27,2
120101,98137,297,2
120101,98313,297,1
120101,99207,0,1
120101,99563,297,2
120101,99563,70,2
120105,10247,0,1
120105,11215,0,1
120105,14696,0,16
120105,15672,1,2
120105,21459,297,4
120105,2420,72,4
120105,24201,0,2
120105,24299,1,2
120105,24307,1,2
120105,2540,297,1
120105,2926,0,2
120105,30602,40,1
120105,32828,297,2
120105,33909,0,1
120105,35480,28,4
120105,36841,0,4
120105,3937,0,2
120105,43722,0,2
120105,43723,0,2
120105,6014b,71,2
120105,61252,297,2
120105,6134,0,2
120105,78256,0,2
120105,87697,0,2
120105,88072,72,2
120105,98313,0,2
120108,11211,19,1
120108,15068,0,1
120108,18649,0,1
120108,2412b,0,1
120108,3003,72,2
120108,3020,4,2
120108,3021,0,1
120108,3034,72,1
120108,3069b,33,2
120108,3665,1062,6
120108,3710,4,1
120108,3823,41,1
120108,3829c01,1,1
120108,39802pr0001,179,1
120108,51739,72,1
120108,6014b,0,4
120108,6141,47,2
120108,6157,71,2
120108,6179,4,1
120108,6636,4,2
120108,78256,71,2
120108,87697,0,4
120110,11476,1,1
120110,19220,0,1
120110,20482,72,8
120110,298c02,71,1
120110,30150,0,1
120110,3020,71,1
120110,3023,1062,1
120110,3068bpr0368,14,1
120110,3069b,33,1
120110,36840,1,2
120110,3958,2,1
120110,4006,179,1
120110,4595,0,1
120110,60581,72,1
120110,61482,71,1
120110,85984,72,2
120110,88646,0,1
120110,88930pr0018,1,1
120110,98138pr0083,15,1
120110,98313,15,4
120111,11477,15,2
120111,2441,0,1
120111,28802,15,1
120111,30028,0,4
120111,3022,71,1
120111,30925,0,1
120111,35480,15,2
120111,3623,85,2
120111,3623,15,2
120111,3829c01,71,1
120111,4740,0,3
120111,47457,85,1
120111,50943,179,1
120111,59900,25,3
120111,61409,0,2
120111,74967,15,4
120111,90194,15,1
120111,99781,0,2
120119,11477,0,2
120119,18674,71,1
120119,26603,0,2
120119,28802,0,2
120119,28802,71,2
120119,30028,0,2
120119,3020,71,2
120119,3021,0,2
120119,3023,40,4
120119,3034,72,1
120119,34337,71,2
120119,35480,72,4
120119,3623,0,4
120119,41740,0,3
120119,43719,0,1
120119,54200,72,2
120119,54200,40,3
120119,54200,0,4
120119,59895,0,2
120119,60212,0,2
120119,60897,0,2
120119,6157,71,2
120119,63864,0,2
120119,64647,41,3
120119,65578,71,4
120119,74967,71,2
120119,87580,0,2
120119,99563,72,2
120119,99780,71,2
120121,11212,2,1
120121,2453b,70,2
120121,24866,4,1
120121,26047,2,4
120121,2654,19,1
120121,3001,19,3
120121,3003,484,2
120121,3024,288,1
120121,3024,33,1
120121,3024pr0013,15,2
120121,3032,1,1
120121,3068b,14,2
120121,3068b,4,1
120121,3069b,10,4
120121,3070bpr0190,10,2
120121,3176,19,1
120121,33183,10,1
120121,3795,484,2
120121,3958,19,1
120121,4081b,27,1
120121,4727,10,1
120121,61252,10,4
120121,65509,19,3
120121,87580,2,1
120122,11213,27,1
120122,11476,14,4
120122,11477,25,4
120122,15068,321,4
120122,18674,70,2
120122,20482,191,1
120122,24866,26,2
120122,27925,323,4
120122,3022,15,1
120122,3062b,27,4
120122,32607,10,2
120122,35480,5,1
120122,39613,5,2
120122,39739,29,2
120122,51138,71,1
120122,54200,40,1
120122,54657,0,1
120122,60897,25,4
120122,63965,71,1
120122,66956,191,4
120122,67329,0,2
120122,75937,84,1
120122,98138,45,2
120122,98138,41,2
120122,99780,321,4
120123,10884,2,1
120123,18980,15,4
120123,25269,322,14
120123,25269,0,16
120123,25269,31,14
120123,25269,1050,14
120123,25269,10,14
120123,3021,15,4
120123,3032,15,2
120123,3034,15,2
120123,30357,15,4
120123,30357,14,4
120123,3070b,1050,4
120123,3070b,0,10
120123,37452,29,1
120123,3795,14,1
120123,3956,71,2
120123,65426,15,1
120123,88072,14,1
120123,98138,15,2
120123,99207,0,1
120124,11477,2,6
120124,14704,71,2
120124,14769pr1116,15,2
120124,15068,4,1
120124,15573,0,4
120124,2423,2,2
120124,24299,321,1
120124,24307,321,1
120124,25269,321,2
120124,25269,14,4
120124,29119,27,3
120124,29120,27,3
120124,3004,4,1
120124,3021,320,3
120124,3023,320,3
120124,3176,4,4
120124,35480,15,1
120124,3660,4,2
120124,3679,71,1
120124,3680,4,1
120124,3941,70,1
120124,43722,4,1
120124,43723,4,1
120124,47457,4,2
120124,50950,191,1
120124,60470b,4,1
120124,60474,28,1
120124,60478,14,2
120124,66906,4,2
120124,67329,15,2
120124,73562,4,1
120124,85984,4,3
120124,90194,0,1
120125,13548,28,2
120125,14704,71,4
120125,14769,19,2
120125,15573,0,1
120125,15573,19,3
120125,18674,28,1
120125,24947,4,1
120125,25269,70,1
120125,25269,19,6
120125,2736,71,4
120125,3021,27,4
120125,3021,14,3
120125,3021,19,3
120125,3023,28,1
120125,30367c,4,1
120125,3069b,19,4
120125,32064a,19,4
120125,32803,28,3
120125,3623,19,4
120125,3623,4,1
120125,3665,19,4
120125,3795,28,1
120125,3942c,321,1
120125,4032a,19,4
120125,44728,19,1
120125,49307,19,4
120125,49307,4,4
120125,50950,19,2
120125,60474,19,2
120125,63965,15,1
120125,64225,19,1
120125,98138pr0082,15,2
120128,11170,322,1
120128,11198,322,1
120128,11344pr0013,321,1
120128,6510,14,1
120128,6510,27,1
120128,76371,321,1
120147,11408c01pr0131,78,1
120147,16925c01pr0165,1,1
120147,87991,0,1
120147,92198pr0307,78,1
120148,2277c01pr9999,1,1
120148,92198pr0125,78,1
120148,92257,4,1
120148,92456c01pr0426,78,1
120150,2277c01pr0002,15,1
120150,69938pat0001,15,1
120150,92198pr0138,92,1
120150,92456c04pr0432,15,1
120151,11408c05pr0128,92,1
120151,16925c01pr0129,0,1
120151,28649pr0263,92,1
120151,36060,308,1
120152,11211,0,1
120152,11476,1,2
120152,11477,85,2
120152,15207,0,2
120152,15571,71,1
120152,17485,1,2
120152,2412b,0,2
120152,2540,71,2
120152,26603,0,1
120152,28326,4,2
120152,30000,72,1
120152,30031,72,1
120152,3021,1,1
120152,3023,272,2
120152,30367c,41,2
120152,3673,14,6
120152,47759,0,1
120152,4871,72,1
120152,51270,25,1
120152,55981,4,2
120152,55981,71,1
120152,6126b,182,1
120152,6254,27,1
120152,64225pr0010,0,1
120152,70682,4,2
120152,71752,0,1
120152,80324,85,2
120152,80487,4,1
120152,85984,0,1
120152,89201,0,1
120152,92402,0,2
120152,93274,0,1
120152,98100,71,1
120152,99206,27,1
120153,10126,10,1
120153,10127,10,1
120153,11089,0,1
120153,11458,4,2
120153,15535,25,4
120153,2412b,71,6
120153,2419,1,1
120153,25386,19,1
120153,3001,19,1
120153,3001,85,1
120153,3004,85,1
120153,30076,0,2
120153,3010,25,2
120153,3010,85,3
120153,30153,36,1
120153,3020,4,1
120153,3021,71,1
120153,3022,29,1
120153,30236,19,4
120153,30237b,72,1
120153,3031,71,1
120153,3068b,19,1
120153,3069bpr0307,71,1
120153,32000,0,2
120153,32802,0,1
120153,3298,71,1
120153,33078,4,1
120153,34816,71,2
120153,3622,72,4
120153,3710,72,1
120153,3829c01,71,1
120153,4079b,72,1
120153,41740,71,2
120153,4345b,71,1
120153,4346,47,1
120153,43713,25,1
120153,45677,85,1
120153,47753pr0023,71,1
120153,48336,71,2
120153,4865b,72,2
120153,50373,72,1
120153,50950,72,2
120153,55981,85,4
120153,59900,182,2
120153,61072,179,2
120153,61184,71,2
120153,63864,85,2
120153,63868,71,1
120153,66955,72,1
120153,80487,15,1
120153,81911,47,1
120153,87081,0,4
120153,87552,71,2
120153,92402,0,4
120153,92926,72,1
120153,93273,85,1
120153,93273,19,2
120153,99207,1,1
120153,99563,297,1
120154,11290,71,1
120154,14210,5,1
120154,15068,1,1
120154,15068,10,2
120154,15573,14,2
120154,16091,0,1
120154,18980,1,1
120154,2412b,25,2
120154,2431,1,2
120154,2431pr0178,4,1
120154,2432,1,1
120154,3002,4,1
120154,3003,1,1
120154,3004,10,3
120154,30076,0,1
120154,3010,0,2
120154,3023,15,1
120154,30374,35,2
120154,3678b,72,1
120154,3829c01,1,1
120154,3941,47,1
120154,3941,35,3
120154,4079b,1,1
120154,41740,4,1
120154,41740,14,1
120154,45677,0,1
120154,4735,71,2
120154,4865b,41,1
120154,49153,4,1
120154,50950,14,2
120154,54657,0,4
120154,54661,10,6
120154,54671,71,1
120154,55981,1,4
120154,58176,36,1
120154,60219,14,1
120154,60470b,4,2
120154,60478,14,2
120154,60478,71,4
120154,60599,71,1
120154,60616b,41,1
120154,61409,14,8
120154,63864,14,2
120154,66857pr0014,15,1
120154,74166,71,1
120154,74698,0,2
120154,80481,4,1
120154,80481pr0001,4,1
120154,80483pr0001,4,1
120154,80487,5,1
120154,80488,1,2
120154,81911,47,1
120154,85941,41,1
120154,85984,0,4
120154,85984,10,1
120154,85984pr0013,72,1
120154,87081,72,1
120154,87552pr0013,41,1
120154,87620,72,2
120154,89201,0,4
120154,92220,179,2
120154,92582,71,5
120154,95347,14,2
120154,99206,14,1
120155,11477,85,2
120155,11477,5,2
120155,11640pr0006,5,1
120155,11641,15,1
120155,14210,4,1
120155,14210,15,1
120155,14769pr1070,19,2
120155,15068,4,2
120155,15624,4,1
120155,18922,322,1
120155,22886,15,6
120155,22886pr0004,15,1
120155,2412b,179,4
120155,2412b,71,1
120155,2431,1,3
120155,2496,0,2
120155,2540,71,2
120155,27976,15,2
120155,28870,41,1
120155,3001,4,1
120155,3002,15,1
120155,30076,0,1
120155,30150,14,1
120155,3021,1,4
120155,3022,85,2
120155,3022,27,1
120155,3023,1,1
120155,3023,212,1
120155,3034,15,1
120155,3039,15,1
120155,3040b,85,2
120155,3040b,15,2
120155,3069bpr0278,15,1
120155,32064a,0,1
120155,3700,15,4
120155,3710,71,6
120155,3795,1,2
120155,3899,4,1
120155,3941,2,1
120155,41531,5,2
120155,41682,71,1
120155,41948,322,2
120155,42511,25,1
120155,4286,85,1
120155,44568,71,1
120155,4515,272,1
120155,46667,0,2
120155,48336,4,2
120155,4871,72,1
120155,50747pr0017,4,1
120155,50950,1,2
120155,51270,25,1
120155,53118pr0001,0,1
120155,54821,4,1
120155,55981,85,4
120155,57895pr0020,41,1
120155,60470b,15,2
120155,60470b,191,2
120155,60474,5,2
120155,60581,4,1
120155,60596,4,1
120155,61072,179,2
120155,61332,0,2
120155,64225,27,2
120155,64225pr0012,15,1
120155,65186,15,1
120155,65509,15,1
120155,66789,4,2
120155,80324,85,2
120155,80400,1,2
120155,80483pr0001,4,1
120155,80487,4,1
120155,80487,15,1
120155,80488,5,2
120155,87079pr0266,15,1
120155,87580,191,1
120155,89201,0,4
120155,93273,4,3
120155,93551pr0001,84,1
120155,93552pat0002,70,1
120155,95347,1,2
120379,15068,15,1
120379,15573,0,1
120379,15712,0,2
120379,26603,0,1
120379,27393,15,2
120379,28802,0,2
120379,30162,72,2
120379,30166,72,1
120379,3023,42,2
120379,3176,15,1
120379,35480,15,1
120379,36841,71,2
120379,54200,71,2
120379,6141,1103,6
120379,63868,0,2
120379,66956,15,1
120379,69754,71,2
120379,69755,72,2
120379,85861,15,1
120379,90534,9999,1
120379,93273,15,2
120379,95199,72,2
120379,98138,35,1
120379,99780,72,2
120405,11301,1,1
120405,14716,19,4
120405,15068,14,2
120405,15535,28,2
120405,16577,19,2
120405,19121,297,3
120405,23969,322,2
120405,2412b,72,6
120405,2431,15,4
120405,2458,15,2
120405,3004,71,3
120405,3004,14,2
120405,3005,71,6
120405,3010,71,12
120405,3020,71,12
120405,3021,14,4
120405,3022,1,2
120405,3023,14,2
120405,3024,15,4
120405,3035,28,4
120405,30414,71,1
120405,3069b,4,2
120405,3070bpr0235,71,1
120405,32002,19,4
120405,32065,15,2
120405,32530,14,2
120405,3633,15,4
120405,3710,15,6
120405,3795,19,1
120405,4081b,14,4
120405,49307,322,8
120405,6005,19,4
120405,61409,71,2
120405,6141,0,4
120405,6141,297,4
120405,6141,15,4
120405,6231,15,5
120405,64644,297,4
120405,75937,84,2
120405,85984,15,2
120405,85984,14,2
120405,87079pr9972,272,1
120405,99207,71,2
120405,99780,14,2
120439,18674,322,1
120439,22385pr0134,212,1
120439,22388,41,2
120439,25269,322,2
120439,26604,73,2
120439,3004,212,2
120439,3023,322,1
120439,3023,212,2
120439,30363,212,2
120439,3068bpr9691,212,1
120439,3069b,212,1
120439,35787,322,1
120439,4032a,15,1
120439,54200,212,4
120439,65426,322,1
120439,66792,15,1
120439,67329,15,2
120441,11211pr0002,2,1
120441,11476,14,1
120441,15573,484,1
120441,18674,72,1
120441,25269,4,2
120441,27925pr0007,484,2
120441,3023,2,1
120441,3023,0,1
120441,3068bpr9690,15,1
120441,32530,14,2
120441,3700,19,2
120441,37352pr0015,14,1
120441,4070,14,2
120441,48336,14,1
120441,60470b,0,1
120441,61332,0,2
120441,66792,84,1
120441,85984,14,2
120441,87580,2,1
120441,98138,71,2
120441,98375,179,1
120441,99206,2,1
120442,15573,85,2
120442,18674,72,2
120442,26604,0,2
120442,3021,272,1
120442,3062b,0,1
120442,3068b,85,1
120442,3068bpr0587,85,1
120442,3068bpr9694,85,1
120442,3069b,85,1
120442,3623,85,2
120442,37775,182,1
120442,4032a,72,1
120442,49307,85,2
120442,65578,272,2
120442,66792,84,1
120442,66858,4,1
120442,87087,85,2
120442,98138,71,3
120443,15279,10,1
120443,15573,71,1
120443,24246,70,4
120443,24866,5,2
120443,3021,71,1
120443,3022,25,1
120443,3023,71,2
120443,3068bpr0588,25,1
120443,3068bpr9686,25,1
120443,32607,27,2
120443,37352,71,2
120443,66792,10,1
120443,66858,70,1
120443,67329,0,2
120443,85984,25,4
120444,15573,71,1
120444,20310,71,1
120444,26604,71,4
120444,3004,71,1
120444,3023,71,1
120444,3068b,71,1
120444,3068bpr9687,71,1
120444,3070b,288,2
120444,37775,182,1
120444,4032a,378,1
120444,49307,71,2
120444,49307,25,1
120444,64847,72,1
120444,66792,84,1
120444,84867,25,1
120444,85861,71,2
120444,85984pr0034,71,1
120444,87580,71,1
120444,87580,378,1
120444,98283,378,2
120444,99206,71,1
120445,14719,272,2
120445,26603,272,1
120445,26603pr0079,272,1
120445,26604,0,4
120445,29119,14,1
120445,29120,14,1
120445,3020,71,1
120445,3023,0,2
120445,3024,25,2
120445,3068bpr9689,272,1
120445,3069b,272,3
120445,3070b,72,2
120445,3245c,14,1
120445,37775,182,1
120445,6091,14,2
120445,63864,272,2
120445,66792,4,1
120445,66859,2,1
120445,67329,0,2
120445,85861,182,2
120445,87580,71,2
120446,22388,41,1
120446,25269,322,1
120446,25269,15,1
120446,26603,1,1
120446,26604,15,2
120446,3005,15,1
120446,3005pr0030,1,2
120446,3020,15,1
120446,3021,1,1
120446,3024,322,1
120446,30357,322,1
120446,3039,1,2
120446,3040b,1,2
120446,3068bpr9693,1,1
120446,3622,15,1
120446,37352,15,1
120446,43723,15,1
120446,54200,14,1
120446,54200,1,2
120446,63864,15,2
120446,66792,15,1
120446,66859,14,1
120446,87087,1,1
120447,15573,70,1
120447,15712,70,2
120447,18674,72,1
120447,22388,71,1
120447,24866,14,2
120447,26047,15,2
120447,3004,27,1
120447,3005,27,1
120447,3068bpr9684,14,1
120447,3069b,70,1
120447,3069b,14,3
120447,3069bpr0349,70,1
120447,3070b,70,2
120447,32607,2,2
120447,4032a,2,1
120447,49307,27,3
120447,66792,10,1
120447,66858,0,1
120447,67329,14,2
120447,87552,47,2
120448,11609,191,1
120448,26603,2,1
120448,3024,2,1
120448,30357,19,1
120448,3062b,70,4
120448,3068bpr9688,2,1
120448,3069b,84,2
120448,3069b,2,1
120448,32952,378,1
120448,34103,14,2
120448,3622pr0065,2,1
120448,3623,484,1
120448,3623,2,1
120448,6141,70,2
120448,63864,84,1
120448,66792,1,1
120448,66859,1,1
120448,87087,2,4
120448,98138,14,2
120449,18674,72,1
120449,24866,5,1
120449,25269,321,1
120449,27925,321,1
120449,3004pr0085,0,1
120449,3023,272,1
120449,3023,4,1
120449,3062b,70,2
120449,3068bpr9685,4,1
120449,32607,10,1
120449,4032a,321,1
120449,60897,4,2
120449,6141,70,1
120449,66792,14,1
120449,66858,14,1
120449,67928,15,2
120449,85984,272,2
120449,85984pr0033,4,2
120449,87552,47,2
120449,98138pr0048,70,2
120449,99780,272,2
120449,99781,4,2
120460,11477,308,2
120460,13548,71,1
120460,13965,308,1
120460,22888,28,1
120460,2423,27,1
120460,2423,2,3
120460,3040b,308,1
120460,3069b,70,1
120460,32607,10,3
120460,3665,70,1
120460,37829pr0001,378,1
120460,54200,71,1
120460,60481,70,1
120460,73983,70,2
120460,88072,70,2
120460,88292,70,1
120518,3068bpr0376,19,1
120518,36752a,308,1
120518,4332,70,1
120518,92084pr0003,15,1
120592,3001,14,1
120592,3003,14,1
120592,3003pr0001,14,1
120592,3004,14,4
120592,3020,226,1
120592,3021,4,2
120592,3021,25,2
120592,3039,14,2
120592,37352,191,1
120592,6215,14,1
120602,11303,1,1
120602,14769pr1070,19,1
120602,15496,15,2
120602,30089b,0,1
120602,30228,72,1
120602,30385,35,1
120602,35458,272,1
120602,37178,27,1
120602,3837,72,1
120602,3899,4,1
120602,39802pr0001,179,1
120602,4006,0,1
120602,46304,15,1
120602,49661pr0001,14,1
120602,53119,70,1
120602,54568,14,1
120602,64728,4,1
120602,90397,27,1
120602,98138,47,1
120679,15712,4,2
120679,23443,0,1
120679,2412b,0,1
120679,2432,0,1
120679,2496,0,2
120679,2655,71,2
120679,3005,0,1
120679,3020,0,1
120679,4595,0,1
120679,48729b,71,1
120679,54200,0,1
120679,95344,72,1
120679,98138,36,1
120750,3001,73,15
120750,3002,73,6
120750,3003,73,3
120750,3004,73,3
120750,3028,10,1
120750,3039,1,10
120750,32013,14,1
120750,32013,4,1
120750,3700,0,3
120750,3705,0,1
120750,3832,71,1
120750,4274,71,2
120750,4519,71,1
120750,59900,4,1
120750,59900,14,1
120750,6141,1,2
120750,6558,1,1
120750,cardupn0074pr0025,9999,1
120750,cardupn0074pr0026,9999,1
120750,cardupn0074pr0027,9999,1
120750,cardupn0074pr0028,9999,1
120750,cardupn0074pr0029,9999,1
120750,cardupn0074pr0030,9999,1
120750,cardupn0074pr0031,9999,1
120750,cardupn0074pr0032,9999,1
120750,cardupn0074pr0033,9999,1
120750,cardupn0074pr0034,9999,1
120750,cardupn0074pr0035,9999,1
120750,cardupn0074pr0036,9999,1
120750,cardupn0074pr0037,9999,1
120750,cardupn0074pr0038,9999,1
120750,cardupn0074pr0039,9999,1
120750,cardupn0074pr0040,9999,1
120750,cardupn0074pr0041,9999,1
120750,cardupn0074pr0042,9999,1
120750,cardupn0074pr0043,9999,1
120750,cardupn0074pr0044,9999,1
120750,cardupn0074pr0045,9999,1
120750,cardupn0074pr0046,9999,1
120750,cardupn0074pr0047,9999,1
120750,cardupn0074pr0048,9999,1
120750,upn0063c01,10,1
120750,upn0063c02pr0001,14,1
120750,upn0068,1,1
120750,upn0069,9999,1
120750,upn0182,1,1
120750,upn0379,1,4
120750,upn0379,4,4
120750,upn0379,10,4
120750,upn0379,14,6
120750,upn0465pr0001,1,1
120750,upn0466ct01,1,1
120787,28621,36,1
120787,970c22,4,1
120787,973c22h22pr0001,4,1
120946,14769pr1116,15,2
120946,15573,321,1
120946,2412b,321,2
120946,298c02,1,1
120946,3001,321,1
120946,3004,1,4
120946,3022,322,2
120946,3022,1,1
120946,3039,1,4
120946,3040b,1,4
120946,3062b,322,1
120946,3065,47,1
120946,3660,321,1
120946,3795,321,1
120946,3941,272,1
120946,4600,0,2
120946,48336,1,2
120946,50254,0,4
120946,6126b,41,1
120946,6141,72,2
120946,6141,36,1
120946,6141,34,1
120946,6223,33,1
120946,63868,322,2
120946,87087,321,4
120946,87580,1,2
120946,98138pr0083,15,2
120946,99781,1,1
121082,11437,297,1
121082,3626cpr2754,0,1
121082,93223,15,1
121082,970c22,4,1
121082,973c22h27pr5787,4,1
121082,98128,0,1
121084,3626cpr1776,14,1
121084,88286,72,1
121084,970c20,326,1
121084,973c31h01pr5243,2,1
121085,25376,4,1
121085,41879a,272,1
121085,973c24h03pr5577,272,1
121085,98150pr0003,272,1
121086,20953,15,1
121086,25376,4,1
121086,3024,15,1
121086,33183,70,2
121086,3626c,15,1
121086,47905,15,1
121086,93059,28,1
121093,3626cpr2932,14,1
121093,93059,297,1
121093,93069,15,1
121093,970c21pr9836,297,1
121093,973c21h21pr5479,297,1
121161,10001913,9999,1
121161,10126,15,1
121161,10127,15,1
121161,11090,14,2
121161,11211,0,8
121161,11476,0,4
121161,11477,4,11
121161,11477,0,2
121161,13547,0,8
121161,14395,70,4
121161,14769,321,2
121161,14769,27,1
121161,14769,4,1
121161,14769,1,1
121161,15068,27,1
121161,15068,71,4
121161,15207,14,2
121161,15462,70,3
121161,15535,0,2
121161,15535,27,1
121161,15573,14,5
121161,15573,71,3
121161,15573,0,4
121161,15712,288,3
121161,15712,378,2
121161,18651,0,1
121161,18653,70,4
121161,18654,70,7
121161,18674,71,2
121161,18674,72,1
121161,18674,10,1
121161,18677,4,2
121161,20482,321,2
121161,22385,27,5
121161,22886,484,2
121161,2357,70,2
121161,2420,71,2
121161,2420,70,10
121161,24201,4,4
121161,24246,71,1
121161,24246,4,4
121161,24299,71,2
121161,24307,71,2
121161,24309,71,4
121161,2431,0,1
121161,2431,71,2
121161,2431,41,4
121161,2431pr0177,27,10
121161,2445,70,1
121161,2454b,70,2
121161,2456,15,1
121161,25269,27,18
121161,25269,1050,1
121161,2540,2,3
121161,2540,4,2
121161,2654,46,1
121161,26604,71,4
121161,27263,0,6
121161,27266,14,1
121161,29119,4,1
121161,29119,0,2
121161,29119,71,1
121161,29120,71,1
121161,29120,4,1
121161,29120,0,2
121161,3005,484,24
121161,3005,47,3
121161,3005,272,1
121161,3005,70,21
121161,3006,15,1
121161,30099,70,4
121161,3010,70,1
121161,3010,484,3
121161,30153,45,1
121161,30153,47,1
121161,30153,36,1
121161,30153,33,1
121161,30153,41,1
121161,30153,46,1
121161,30153,34,1
121161,3020,0,5
121161,3020,484,2
121161,3020,27,3
121161,3020,70,2
121161,3020,1,1
121161,3021,0,1
121161,3021,29,1
121161,3021,1,1
121161,3021,14,1
121161,3021,71,2
121161,3021,272,4
121161,3022,4,1
121161,3022,14,6
121161,3022,70,2
121161,3022,71,2
121161,3023,0,3
121161,3023,27,19
121161,3023,41,4
121161,3023,14,4
121161,3023,484,11
121161,3023,70,9
121161,3023,4,6
121161,3023,72,2
121161,3023,71,4
121161,3023,1,1
121161,3023,10,15
121161,3024,4,8
121161,3024,70,107
121161,3024,0,4
121161,3024,484,110
121161,3024,14,5
121161,3024,71,8
121161,3031,0,1
121161,3031,14,1
121161,3031,1,1
121161,3031,70,4
121161,3031,27,1
121161,3032,70,2
121161,3034,322,1
121161,30340,14,7
121161,30367c,14,1
121161,30367cpr1024,78,1
121161,30374,27,1
121161,30383,0,2
121161,3039,14,1
121161,3062b,70,14
121161,3068b,29,1
121161,3068b,71,7
121161,3069b,4,1
121161,3069b,0,3
121161,3069b,41,4
121161,3069b,71,5
121161,3070b,484,1
121161,3070b,27,1
121161,3070b,0,4
121161,3070b,10,1
121161,3070b,70,1
121161,32001,71,1
121161,32013,27,1
121161,32064a,0,12
121161,32064a,4,9
121161,3245c,1,1
121161,32607,27,2
121161,32952,0,2
121161,34103,0,4
121161,34103,4,1
121161,3460,28,2
121161,35299,47,1
121161,35480,28,8
121161,35480,0,4
121161,35480,70,2
121161,35480,27,1
121161,3623,14,1
121161,3623,0,4
121161,3623,272,1
121161,3623,4,5
121161,3659,71,1
121161,3660,484,2
121161,3665,27,1
121161,3666,322,2
121161,3666,14,1
121161,36840,0,4
121161,36841,10,30
121161,36841,15,2
121161,36841,27,31
121161,3700,15,4
121161,3700,71,1
121161,3701,70,3
121161,3706,0,1
121161,3710,484,8
121161,3710,0,4
121161,3710,70,4
121161,3710,14,2
121161,3710,27,2
121161,37352,71,4
121161,3737,0,1
121161,3749,19,2
121161,37775,182,1
121161,3795,27,2
121161,3795,1,2
121161,3832,0,1
121161,3941,14,1
121161,3941,47,4
121161,4032a,72,3
121161,4032a,71,1
121161,4032a,78,2
121161,4032a,14,1
121161,4032a,4,1
121161,4032a,308,1
121161,4032a,321,1
121161,4070,47,4
121161,4070,71,4
121161,4070,4,2
121161,4081b,72,2
121161,4162,0,9
121161,41682,71,2
121161,41740,72,1
121161,41740,15,2
121161,41740,272,2
121161,41770,70,4
121161,42445,47,4
121161,4286,272,1
121161,4287c,70,1
121161,43093,1,5
121161,4349,72,2
121161,44567b,0,3
121161,44728,27,3
121161,4477,0,8
121161,44861,4,2
121161,4519,14,1
121161,4599b,71,2
121161,4733,27,1
121161,4733,15,2
121161,4733,0,1
121161,4740,47,1
121161,48267,0,2
121161,51739,71,2
121161,53451,179,2
121161,53451,14,2
121161,54200,14,3
121161,54200,272,2
121161,54200,27,3
121161,54200,70,2
121161,54200,41,3
121161,55982,0,1
121161,57360,0,6
121161,59900,182,1
121161,60478,27,2
121161,60478,4,2
121161,60849,71,4
121161,60897,0,2
121161,61252,71,2
121161,61332,0,2
121161,6141,41,4
121161,6141,70,20
121161,62462,0,2
121161,63864,0,2
121161,63864,4,1
121161,64644,71,1
121161,6541,4,2
121161,6541,0,4
121161,65509,72,1
121161,65509,70,1
121161,65578,47,1
121161,6587,28,1
121161,6636,70,4
121161,67095,4,1
121161,67329,0,1
121161,73230,72,2
121161,78329,0,4
121161,85861,28,4
121161,85861,70,2
121161,85861,0,1
121161,85861,71,2
121161,85861,27,3
121161,85984,14,1
121161,85984,4,2
121161,85984pr0021,71,1
121161,87079,4,1
121161,87079,0,1
121161,87079,14,1
121161,87083,72,2
121161,87544,47,2
121161,87580,0,4
121161,87609,0,10
121161,87994,0,8
121161,87994,1,2
121161,90258,72,1
121161,90258,484,1
121161,92582,71,1
121161,92947,308,1
121161,93691,9999,1
121161,96874,25,1
121161,98138,1,1
121161,98138,72,3
121161,98138,36,2
121161,98138pr0273,15,2
121161,99206,71,3
121161,99206,0,10
121161,99207,14,1
121161,99207,70,1
121161,99780,0,1
121161,99780,2,1
121161,99781,321,1
121197,10190,4,4
121197,10247,4,2
121197,11212,71,1
121197,11213,71,1
121197,11301,70,4
121197,11477,14,4
121197,11477,4,1
121197,11477,0,1
121197,11477,272,2
121197,14418,71,2
121197,15207,15,8
121197,15210,0,2
121197,15461,0,1
121197,15462,70,2
121197,15573,14,2
121197,15573,15,1
121197,16091,0,3
121197,17485,14,2
121197,18653,320,2
121197,18671,272,1
121197,18671,71,2
121197,18674,71,2
121197,18912,71,2
121197,18913,272,2
121197,18990,47,1
121197,19220,0,1
121197,20482,0,4
121197,21229,70,2
121197,21445,0,1
121197,22888,0,1
121197,23443,71,2
121197,23950,14,2
121197,23969,0,2
121197,2412b,272,4
121197,2412b,71,10
121197,2421,0,1
121197,2431,272,4
121197,2431,4,1
121197,2431,15,2
121197,2431,14,2
121197,2431pr0028,72,1
121197,2432,71,10
121197,2432,14,1
121197,2445,71,1
121197,2456,0,3
121197,2458,15,4
121197,2460,4,1
121197,2460,71,1
121197,2540,15,1
121197,2540,0,1
121197,2584,0,1
121197,2585,71,1
121197,2653,71,3
121197,2654,46,2
121197,26601,15,2
121197,27507,14,4
121197,2780,0,7
121197,27940,72,5
121197,2817,71,4
121197,30000,71,1
121197,3001,272,6
121197,3001,15,2
121197,3002,4,2
121197,3002,0,6
121197,3003,15,1
121197,3004,4,2
121197,3004,15,2
121197,3004,272,1
121197,3007,71,1
121197,3007,15,1
121197,30086c01,14,1
121197,30089b,0,1
121197,3009,272,4
121197,3009,15,4
121197,30093,288,1
121197,30094,70,2
121197,30095,72,3
121197,3010,272,6
121197,30150,14,1
121197,30157,71,4
121197,3020,4,1
121197,3020,71,2
121197,3020,72,1
121197,3022,14,2
121197,3022,0,4
121197,3022,4,2
121197,3022,15,2
121197,3022,272,1
121197,3023,71,7
121197,3023,182,12
121197,3023,15,6
121197,3023,4,2
121197,3029,15,2
121197,3031,272,1
121197,3032,19,2
121197,30363,15,6
121197,30395,72,1
121197,3039pr0025,15,1
121197,3039pr0027,15,1
121197,30414,14,1
121197,30602,47,1
121197,3062b,34,2
121197,3062b,272,2
121197,3062b,36,2
121197,3065,41,5
121197,3068b,15,2
121197,3068b,0,1
121197,3068b,28,2
121197,3069b,46,6
121197,3069b,297,3
121197,3069bpr0030,15,1
121197,3069bpr0301,71,1
121197,3070b,272,2
121197,3070bpr0007,71,1
121197,3176,71,1
121197,3176,14,1
121197,32028,0,2
121197,32034,0,2
121197,32059,71,3
121197,32062,4,1
121197,32064a,14,2
121197,32270,0,2
121197,3245c,15,8
121197,3245c,320,2
121197,32530,72,1
121197,32802,72,2
121197,32905,71,1
121197,32952,272,2
121197,3460,4,2
121197,3460,15,6
121197,3460,14,4
121197,3633,0,2
121197,3648b,72,1
121197,3659,15,2
121197,3665,15,2
121197,3665,272,1
121197,3666,71,3
121197,3666,4,6
121197,3673,71,1
121197,3678b,272,4
121197,3700,15,2
121197,3700,14,1
121197,3701,14,2
121197,3703,15,4
121197,3705,0,1
121197,3706,4,1
121197,3710,15,2
121197,3710,272,4
121197,3747b,70,2
121197,3747b,272,1
121197,3747b,0,2
121197,3795,28,1
121197,3795,71,1
121197,3829c01,4,1
121197,3839b,71,1
121197,3899,14,2
121197,3941,0,1
121197,4006,0,1
121197,40244,308,2
121197,4079b,4,6
121197,4081b,0,4
121197,4151b,71,2
121197,4162,14,12
121197,4162,71,4
121197,41740,14,1
121197,41769,71,1
121197,41770,71,1
121197,41862,71,1
121197,4274,71,1
121197,4274,1,4
121197,4286,4,3
121197,4289,15,1
121197,43093,1,2
121197,4349,0,1
121197,4349,4,2
121197,43713,72,1
121197,44728,272,4
121197,4477,272,1
121197,4477,71,1
121197,44861,71,4
121197,4510,71,9
121197,4528,0,2
121197,4595,0,1
121197,4697b,0,3
121197,4740,0,3
121197,47457,4,2
121197,48336,71,9
121197,4865b,47,1
121197,4865b,28,2
121197,4871,71,2
121197,48729b,0,4
121197,48989,71,1
121197,49307,4,8
121197,49668,0,2
121197,50340,15,2
121197,50373,14,1
121197,50949,272,1
121197,51739,272,1
121197,51739,71,2
121197,53914,14,1
121197,54200,70,1
121197,54657,71,1
121197,55013,72,1
121197,56823c50,0,1
121197,57360,71,1
121197,57697,0,4
121197,58380,15,1
121197,58381,15,1
121197,59443,15,4
121197,59900,15,2
121197,60032,15,2
121197,6020,71,1
121197,6041,0,1
121197,60470b,14,4
121197,60470b,0,1
121197,60475b,15,2
121197,60477,0,3
121197,60481,272,2
121197,60601,41,14
121197,6081,15,12
121197,60897,0,1
121197,6091,15,4
121197,6091,4,4
121197,6111,14,2
121197,61252,4,3
121197,61345,272,4
121197,61345,15,2
121197,61409,0,4
121197,6141,71,1
121197,6141,46,2
121197,6141,36,3
121197,6141,15,2
121197,6141,47,4
121197,6141,34,3
121197,61485,15,1
121197,62462,14,1
121197,62462,15,2
121197,62462,71,2
121197,62604pr0003,71,1
121197,62605pr0003,71,1
121197,63864,15,2
121197,6588,47,1
121197,6628,0,2
121197,6636,71,12
121197,6636,15,2
121197,67337pr0001,28,1
121197,67559,9999,1
121197,72454,72,1
121197,73590c03a,0,1
121197,74698,0,2
121197,75937,0,1
121197,85861,71,1
121197,87079,15,13
121197,87079,14,5
121197,87081,15,1
121197,87082,71,1
121197,87580,15,1
121197,88292,15,4
121197,88646,71,1
121197,88930,14,2
121197,89648,15,3
121197,89649,41,3
121197,92099,72,2
121197,92099,15,2
121197,92099,0,1
121197,92107,0,1
121197,92107,15,2
121197,92279,47,1
121197,92438,71,1
121197,92474,47,1
121197,92947,0,1
121197,93273,4,1
121197,93273,15,2
121197,96874,25,1
121197,98100,0,1
121197,98100,71,1
121197,98138,47,2
121197,98138,34,1
121197,98138,182,10
121197,98138,36,1
121197,98138,84,2
121197,99012,72,2
121197,99206,71,2
121197,99207,272,1
121197,99780,0,2
121197,99780,15,3
121262,11476,0,2
121262,11618,191,1
121262,18920,179,1
121262,20482,0,1
121262,20596,26,1
121262,2540,0,2
121262,2654,26,1
121262,3001,191,1
121262,3020,85,1
121262,3062b,41,1
121262,3068b,26,2
121262,32828,0,1
121262,3710,29,1
121262,3852b,29,1
121262,3941,72,1
121262,4590,71,1
121262,4599b,0,1
121262,59900,26,1
121262,60849,297,2
121262,60897,15,2
121262,64644,15,1
121364,11211,15,1
121364,11253,0,1
121364,14716,15,4
121364,15573,19,11
121364,15573,14,11
121364,22885,15,11
121364,22886,15,2
121364,2357,15,6
121364,23969,70,1
121364,2412b,72,2
121364,2431,71,3
121364,2431,15,6
121364,2454b,0,1
121364,24866,2,3
121364,24866,212,4
121364,26603,14,1
121364,2877,72,4
121364,3002,15,1
121364,3003,15,1
121364,3004,15,8
121364,3004,0,3
121364,3004,14,8
121364,3005,47,4
121364,3005,15,6
121364,3005,14,16
121364,3008,15,4
121364,3009,0,2
121364,3009,15,4
121364,3010,14,2
121364,3010,15,3
121364,3020,15,1
121364,3020,71,1
121364,3023,288,4
121364,3023,15,9
121364,3023,0,3
121364,3023,71,8
121364,3023,47,1
121364,3024,71,4
121364,3024,15,6
121364,3030,71,1
121364,3033,71,1
121364,3033,72,2
121364,3035,71,3
121364,3036,72,2
121364,3036,71,1
121364,30414,15,3
121364,3062b,47,1
121364,3068b,4,1
121364,3068b,71,6
121364,3069b,1,3
121364,3069b,27,3
121364,3069b,14,4
121364,3069b,4,4
121364,3069b,19,1
121364,3069b,15,1
121364,3069b,0,2
121364,3069b,30,4
121364,3069b,272,2
121364,3070b,15,5
121364,3070b,71,7
121364,3070b,19,1
121364,3070b,25,2
121364,3070b,320,2
121364,32028,71,2
121364,3245c,4,1
121364,32607,2,4
121364,32607,10,4
121364,33909,71,2
121364,34103,14,5
121364,3460,71,6
121364,3460,15,2
121364,3622,4,1
121364,3622,15,8
121364,3623,15,3
121364,3623,71,5
121364,3623,14,4
121364,3666,19,1
121364,3710,14,2
121364,3710,15,5
121364,3832,0,2
121364,4032a,2,1
121364,4070,47,3
121364,4070,320,1
121364,41740,15,2
121364,4477,0,1
121364,4595,0,1
121364,46212,47,7
121364,47905,70,1
121364,4865b,47,5
121364,49668,191,1
121364,54200,272,1
121364,54200,4,4
121364,54200,320,1
121364,60849,0,2
121364,6141,15,4
121364,6141,191,6
121364,6141,85,3
121364,6141,14,5
121364,6141,10,4
121364,6141,322,7
121364,6141,4,3
121364,63864,15,3
121364,6636,15,7
121364,67095,15,1
121364,69729,14,2
121364,69729,71,4
121364,69729,15,1
121364,87087,15,4
121364,87544,47,1
121364,87552,47,1
121364,87580,71,2
121364,87580,14,1
121364,91501,19,2
121364,92644,9999,1
121364,93273,15,1
121364,98138,4,4
121364,98138,47,12
121364,99780,4,1
121364,99781,4,1
121367,11212,0,2
121367,11477,25,4
121367,11477,0,2
121367,14769pr1117,15,2
121367,15068,15,3
121367,15068,25,2
121367,15573,2,2
121367,15573,15,1
121367,15573,297,3
121367,15672,15,6
121367,15712,0,1
121367,22885,0,5
121367,22888,10,2
121367,2420,25,10
121367,2420,0,4
121367,2420,15,2
121367,24201,0,2
121367,2423,27,2
121367,24309,0,1
121367,24866,4,3
121367,24866,297,2
121367,25269,15,2
121367,25269,29,1
121367,26047,0,1
121367,26047,15,2
121367,26603,2,2
121367,3002,15,2
121367,3003,4,1
121367,3005,25,2
121367,3005,15,2
121367,3020,15,1
121367,3020,0,1
121367,3020,25,2
121367,3020,70,1
121367,3021,25,1
121367,3022,71,2
121367,3022,25,1
121367,3022,0,1
121367,3022,15,2
121367,3023,70,2
121367,3023,2,1
121367,3023,15,8
121367,3023,25,4
121367,3024,25,2
121367,3024,15,2
121367,3024,0,12
121367,3039,0,1
121367,3040b,25,2
121367,3069b,4,4
121367,3069b,297,1
121367,3069b,25,1
121367,32607,2,2
121367,32952,25,6
121367,33909,0,2
121367,3665,25,2
121367,3666,25,1
121367,36841,15,2
121367,3710,25,4
121367,3710,0,5
121367,44861,71,2
121367,50950,25,2
121367,53451,0,2
121367,54200,15,2
121367,54200,25,10
121367,60478,0,2
121367,6091,25,2
121367,61252,25,2
121367,61252,0,2
121367,6141,25,1
121367,6356562,9999,1
121367,76959,15,1
121367,85984,25,2
121367,87087,14,2
121367,87580,0,1
121367,90194,15,1
121367,93273,0,2
121367,99206,25,2
121367,99206,15,2
121434,30173b,179,1
121434,32002,72,3
121434,4643437,9999,1
121434,4643438,9999,1
121434,4643439,9999,1
121434,4643440,9999,1
121434,4643441,9999,1
121434,59900,42,2
121434,6117,297,1
121434,63965,70,1
121434,64567,0,1
121434,64727,1,2
121434,92947,71,1
121434,98139,179,1
121434,98141,297,2
121434,98347,179,3
121461,11476,71,1
121461,15068pr0015,15,1
121461,18649,0,1
121461,2441,0,1
121461,30028,0,4
121461,3023,14,3
121461,3069b,33,1
121461,3069b,46,1
121461,3622,15,2
121461,3829c01,71,1
121461,4083,15,1
121461,60212,1,2
121461,61482,71,1
121461,63864,1,2
121461,74967,15,4
121461,99780,15,1
121462,11303,272,1
121462,3626cpr1144,14,1
121462,970c05,272,1
121462,973c29h01pr5472,212,1
121468,10190,0,2
121468,15445,72,1
121468,21459,179,1
121468,29109,297,1
121475,30374,52,1
121475,64567,80,1
121476,11477,15,2
121476,11477,3,2
121476,11477,25,2
121476,11946,3,1
121476,11946,15,1
121476,11947,15,1
121476,11947,3,1
121476,15462,70,1
121476,15790,0,1
121476,18651,0,2
121476,18654,15,5
121476,18677,15,2
121476,18945,3,2
121476,22961,0,1
121476,24201,72,2
121476,27940,72,1
121476,3010,0,1
121476,3021,15,2
121476,3021,25,1
121476,3022,25,1
121476,3023,0,2
121476,3024,25,2
121476,3024,0,1
121476,30602,40,1
121476,3069b,25,1
121476,3069b,15,2
121476,32002,19,4
121476,32015,0,1
121476,32017,72,2
121476,32034,15,4
121476,32054,25,1
121476,32062,4,5
121476,32065,15,2
121476,32073,71,2
121476,32123b,71,7
121476,32140,15,1
121476,32184,15,1
121476,32270,0,1
121476,32316,15,2
121476,32449,71,4
121476,32524,3,2
121476,3705,0,4
121476,3749,19,1
121476,39793,15,1
121476,42003,3,9
121476,42135,71,1
121476,4274,71,9
121476,42924,1,4
121476,43093,1,5
121476,44294,14,2
121476,4519,14,2
121476,48267,25,2
121476,54200,36,1
121476,54200,34,1
121476,54200,72,4
121476,59895,0,3
121476,61332,0,14
121476,61800,15,1
121476,65746,0,1
121476,6589,19,3
121476,6632,15,2
121476,72378,9999,1
121476,87408,0,1
121476,92907,71,1
121476,93606,25,1
121477,11214,4,2
121477,11946,0,3
121477,11946,27,2
121477,11947,0,3
121477,11947,27,2
121477,15100,72,7
121477,15462,70,4
121477,16091,0,2
121477,18575,19,2
121477,18654,71,16
121477,18948,15,6
121477,22961,71,1
121477,23948,14,2
121477,24316,70,8
121477,2736,71,3
121477,2780,0,47
121477,27938,72,2
121477,27940,72,1
121477,32013,72,4
121477,32014,72,2
121477,32034,72,7
121477,32039,0,9
121477,32054,71,8
121477,32056,72,8
121477,32062,4,15
121477,32123b,71,5
121477,32140,27,2
121477,32184,72,2
121477,32270,0,3
121477,32278,72,7
121477,32278,27,2
121477,32291,71,4
121477,32293,0,4
121477,32316,27,2
121477,32316,72,3
121477,32348,72,2
121477,32523,15,2
121477,32523,72,1
121477,32523,27,2
121477,32524,72,4
121477,32525,27,2
121477,32525,72,1
121477,33299b,0,5
121477,3705,4,8
121477,3706,0,2
121477,3713,71,8
121477,3737,0,3
121477,3749,19,1
121477,40490,15,2
121477,41239,72,1
121477,41678,71,4
121477,42003,25,6
121477,4274,71,9
121477,43093,1,33
121477,44294,14,2
121477,4519,71,9
121477,48989,71,1
121477,59443,72,10
121477,60483,0,7
121477,60484,72,3
121477,60485,71,1
121477,6141,36,1
121477,6141,34,1
121477,6141,47,1
121477,64178,71,1
121477,64781,0,2
121477,6536,15,8
121477,6558,1,17
121477,65781,27,2
121477,6628,0,14
121477,6632,72,12
121477,6632,15,6
121477,66645a,9999,1
121477,66645b,9999,1
121477,87083,72,5
121477,99012,72,4
121522,19729pr0048,4,1
121522,19734,4,1
121522,3069bpr0350,4,2
121579,11153,2,4
121579,11211,27,1
121579,11211,14,1
121579,11477,25,2
121579,11477,191,2
121579,11477,0,4
121579,11477,2,4
121579,15068,191,1
121579,15068,70,1
121579,15068,14,1
121579,15068,27,2
121579,15571,4,2
121579,15573,25,3
121579,15573,191,3
121579,15573,4,2
121579,22888,19,2
121579,2420,14,2
121579,2420,27,6
121579,24246,191,2
121579,24246,25,4
121579,24246,14,2
121579,24246,27,8
121579,24855,70,2
121579,24866,4,4
121579,24866,2,6
121579,25269,191,6
121579,25269,25,6
121579,26601,70,1
121579,26604,191,4
121579,29119,2,6
121579,29119,191,2
121579,29120,2,6
121579,29120,191,2
121579,3001,70,1
121579,3004,5,4
121579,3004,70,2
121579,3009,70,1
121579,3010,27,2
121579,3010,70,2
121579,3020,2,2
121579,3020,27,2
121579,3021,70,4
121579,3022,2,6
121579,3022,27,1
121579,3022,25,1
121579,3022,191,4
121579,3023,4,5
121579,3023,27,3
121579,3023,14,2
121579,3023,29,2
121579,3023,70,11
121579,3023,2,4
121579,3024,26,1
121579,3024,70,1
121579,3036,19,1
121579,3039,70,1
121579,3040b,10,4
121579,3068b,70,2
121579,3069b,70,3
121579,3070b,14,2
121579,3070b,27,2
121579,32607,10,9
121579,32952,191,4
121579,32952,71,4
121579,33909,14,2
121579,3623,19,1
121579,3623,0,4
121579,3660,2,3
121579,3660,27,1
121579,3665,27,2
121579,3665,70,1
121579,3665,4,2
121579,3665,2,6
121579,3678b,27,2
121579,3679,71,2
121579,3680,0,2
121579,36840,70,3
121579,3710,4,2
121579,3710,0,2
121579,3710,70,2
121579,3710,27,2
121579,3710,2,2
121579,3747b,19,1
121579,39739,29,1
121579,39739,5,5
121579,42445,47,1
121579,49668,0,4
121579,49668,71,4
121579,54200,4,4
121579,54200,191,1
121579,54200,25,1
121579,54200,14,2
121579,54200,27,2
121579,54200,70,4
121579,67329,14,2
121579,73825,14,4
121579,78256,0,1
121579,85861,4,1
121579,85984,70,5
121579,87087,14,2
121579,87087,27,6
121579,87087,70,4
121579,98138pr0008,15,4
121579,99207,4,1
121642,2446,15,1
121642,3626cpr2141,14,1
121642,970c38pr1598,191,1
121642,973c38h12pr4505,191,1
121643,11303,4,1
121643,3626cpr0920,14,1
121643,970c22,4,1
121643,973c27h01pr4792,15,1
121647,2447,40,1
121647,3626cpr3540,14,1
121647,69971pr0001,1062,1
121647,970c03pr0408,0,1
121647,973c03h12pr2188,0,1
121648,2447,40,1
121648,3626cpr1675,14,1
121648,69971pr0001,1062,1
121648,970c03pr0408,0,1
121648,973c03h12pr5419,0,1
121649,3626cpr0752,14,1
121649,41879a,272,1
121649,87991,19,1
121649,973c43h01pr5894,29,1
121650,2447,40,1
121650,3626cpr1087,14,1
121650,3834,15,1
121650,3838a,1,1
121650,6158,72,1
121650,970c11pr1609,28,1
121650,973c11h05pr4522,28,1
121651,3626cpr1662,14,1
121651,93224c02,191,1
121651,970c38pr1598,191,1
121651,973c38h12pr4505,191,1
121653,2447,40,1
121653,3626cpr0893,14,1
121653,69971pr0001,1062,1
121653,970c03pr0408,0,1
121653,973c03h12pr2188,0,1
121656,3626cpr3026,14,1
121656,3833,4,1
121656,970c34,25,1
121656,973c28h12pr4571,25,1
121657,16178pat0001,4,1
121657,3626cpr2109,14,1
121657,970c34,25,1
121657,973c28h01pr4204,1,1
121658,3626cpr3667,14,1
121658,80678pat0001,10,1
121658,970c11,28,1
121658,973c01h01pr3815,27,1
121659,16709pat01,3,1
121659,3626cpr3265,14,1
121659,65579,308,1
121659,973c01h01pr5540,322,1
121660,3626cpr1614,14,1
121660,53126,0,1
121660,970c01pr2246,27,1
121660,973c01h01pr5970,15,1
121662,3626cpr2523,14,1
121662,87991,19,1
121662,970c22pat01,4,1
121662,973c01h01pr5971,15,1
121663,3626cpr2523,14,1
121663,41805,41,1
121663,93560,15,1
121663,970c05,272,1
121663,973c27h12pr5878,321,1
121664,2524,70,1
121664,3626cpr3665,14,1
121664,41879a,72,1
121664,44751,1,1
121664,973c29h01pr5967,212,1
121665,3626cpr3561,14,1
121665,41879a,29,1
121665,54647pat0003,226,1
121665,973c46h01pr5207,3,1
121666,3626cpr1966,14,1
121666,970c24,379,1
121666,973c10h01pr5960,320,1
121666,98385,70,1
121667,25378,0,1
121667,3626cpr9729,14,1
121667,37364c27,15,1
121667,973c03h01pr5966,1050,1
121668,11256,70,1
121668,3626cpr1776,14,1
121668,970c05,272,1
121668,973c32h01pr2998,25,1
121669,12897,321,1
121669,35701,308,1
121669,3626cpr2950,14,1
121669,41879a,272,1
121669,973c34h01pr5962,25,1
121670,11303,4,1
121670,12897,4,1
121670,3626cpr0677,14,1
121670,41879a,73,1
121670,973c27h01pr5961,1,1
121674,21268,71,1
121674,3626cpr1559,14,1
121674,970c35,288,1
121674,973c10h01pr4289,320,1
121675,3626cpr2113,14,1
121675,41805,41,1
121675,93560,15,1
121675,970c25,378,1
121675,973c46h03pr5882,1062,1
121677,35660pat0002,272,1
121677,3626cpr2141,14,1
121677,970c27,15,1
121677,973c18h05pr5823,15,1
121678,2446,15,1
121678,2447,40,1
121678,3626cpr1966,14,1
121678,970c18,27,1
121678,973c18h05pr5823,15,1
121681,3626cpr3068,14,1
121681,37823pr0001,0,1
121681,970c32,73,1
121681,973c10h12pr5985,320,1
121682,3626cpr3672,14,1
121682,970c11pr2245,28,1
121682,973c06h01pr5984,10,1
121682,98381,10,1
121683,3626cpr3375,14,1
121683,41805,41,1
121683,93560,15,1
121683,970c05,272,1
121683,973c29h03pr4527,212,1
121684,21778,0,1
121684,3626cpr0893,14,1
121684,970c05,272,1
121684,973c29h01pr3699,212,1
121685,13565,0,1
121685,15439,0,1
121685,3626cpr3062,14,1
121685,970c31,2,1
121685,973c03h07pr5983,0,1
121686,3626cpr2589,14,1
121686,87990,226,1
121686,970c11,28,1
121686,973c27h01pr4565,15,1
121687,27186,308,1
121687,3626cpr3360,14,1
121687,970c03,0,1
121687,973c27h01pr5417,15,1
121688,11303,272,1
121688,3626cpr2523,14,1
121688,970c05,272,1
121688,973c29h01pr3627,212,1
121691,49588pat0004,1103,1
121691,970c34pr0001,326,1
121691,973c47h34pr0001,25,1
121692,3626cpr2255,14,1
121692,69562pat0001,2,1
121692,970c20pr9769,326,1
121692,973e109pr0001,2,1
121693,13785,321,1
121693,3626cpr3624,14,1
121693,970c04,321,1
121693,973c04h01pr5968,15,1
121694,11303,5,1
121694,3626cpr3666,14,1
121694,970c11pr2245,28,1
121694,973c36h01pr5969,5,1
121695,3626cpr3156,14,1
121695,87990,84,1
121695,970c05,272,1
121695,973c29h01pr3699,212,1
121696,2446,0,1
121696,2447,47,1
121696,3626cpr1579,14,1
121696,970c03,0,1
121696,973c27h09pr5735,1050,1
121698,2446,0,1
121698,2447pr0024,27,1
121698,3626cpr3535,14,1
121698,970c41,484,1
121698,973c01h03pr5747,484,1
121700,3626cpr2257,14,1
121700,69558pat0001,308,1
121700,970c24pr9768,379,1
121700,973c28h28pr0001,1,1
121702,11090,72,4
121702,36452,0,1
121702,49588pat0003,25,1
121702,64727,0,4
121702,970c34pr0001,326,1
121702,973c34h12pr0002,1103,1
121703,35660pat0001,15,1
121703,3626cpr1580,14,1
121703,970c25,378,1
121703,973c46h03pr5882,1062,1
121704,3626cpr3361,14,1
121704,41805,41,1
121704,93560,15,1
121704,970c25,378,1
121704,973c46h03pr5882,1062,1
121705,11256,71,1
121705,3626cpr3680,14,1
121705,970c37,26,1
121705,973c29h01pr6001,212,1
121706,36060,25,1
121706,3626cpr0752,14,1
121706,41879a,272,1
121706,973c06h01pr5997,10,1
121707,3626cpr3677,15,1
121707,87995,14,1
121707,970c38,191,1
121707,973c06h38pr5726,10,1
121708,23186,226,1
121708,3626cpr1966,14,1
121708,970c42,322,1
121708,973c15h46pr5670,323,1
121709,3626cpr2951,14,1
121709,78301,0,1
121709,970c42,322,1
121709,973c15h46pr5670,323,1
121710,3626cpr3679,14,1
121710,62696,19,1
121710,970c29,212,1
121710,973c29h01pr5998,212,1
121711,3626cpr2589,14,1
121711,87990,484,1
121711,970c28,1,1
121711,973c32h01pr4900,73,1
121712,3626cpr3676,14,1
121712,80682,0,1
121712,970c05,272,1
121712,973c14h01pr5994,15,1
121714,25379,179,1
121714,3626cpr0412,179,1
121714,970c27pr9767,15,1
121714,973c30h12pr0001,15,1
121715,21268,71,1
121715,3626cpr1964,14,1
121715,970c42,322,1
121715,973c27h01pr5993,15,1
121717,49588pat0003,25,1
121717,970c34pr0001,326,1
121717,973c34h12pr0002,1103,1
121718,3626cpr1579,14,1
121718,970c32,73,1
121718,973c26h01pr4023,19,1
121718,98385,84,1
121719,16178pat0002,0,1
121719,3626cpr2948,14,1
121719,970c05,272,1
121719,973c15h01pr5825,179,1
121722,3626cpr9975,14,1
121722,69560pat0001,308,1
121722,970c23pr9766,84,1
121722,973e113pr0001,4,1
121725,10197,0,2
121725,15406,0,1
121725,15535pr0001,72,2
121725,4032a,25,2
121725,49588pat0004,1103,1
121725,59900,179,2
121725,61332,0,2
121725,61800,3,2
121725,970c34pr0001,326,1
121725,973c47h34pr0001,25,1
121728,3626cpr2399,14,1
121728,41805,41,1
121728,93560,15,1
121728,970c38pr1598,191,1
121728,973c38h12pr4505,191,1
121730,2447,40,1
121730,3626cpr3026,14,1
121730,69971pr0001,1062,1
121730,970c03pr0408,0,1
121730,973c03h12pr5419,0,1
121732,21778,0,1
121732,3626cpr1966,14,1
121732,970c03,0,1
121732,973c27h01pr5893,15,1
121733,2447,40,1
121733,3626cpr1580,14,1
121733,69971pr0001,1062,1
121733,970c03pr0408,0,1
121733,973c03h12pr3205,0,1
121735,30377,0,2
121735,36452,0,1
121735,49588pat0003,25,1
121735,6126b,182,2
121735,72869,0,2
121735,970c34pr0001,326,1
121735,973c34h12pr0002,1103,1
121736,41879a,0,1
121736,49588pat0004,1103,1
121736,973c47h34pr0001,25,1
121737,3626cpr3063,14,1
121737,41805,41,1
121737,93560,15,1
121737,970c05,272,1
121737,973c29h03pr4527,212,1
121740,2447,40,1
121740,3626cpr3376,14,1
121740,69971pr0001,1062,1
121740,970c03pr0408,0,1
121740,973c03h12pr5419,0,1
121741,2446,15,1
121741,2447,40,1
121741,3626cpr1965,14,1
121741,970c05,272,1
121741,973c05h12pr3694,272,1
121742,3626cpr3624,14,1
121742,85974,10,1
121742,970c12,72,1
121742,973c27h01pr4565,15,1
121748,24135,3,1
121748,3626cpr9830,14,1
121748,66912pat0001pr0001,0,1
121748,970c22pat03pr2198,4,1
121748,973c38h01pr5873,191,1
121759,15504,0,1
121759,18986,47,1
121759,3626cpr3615,0,1
121759,53094pr0003,0,1
121759,970c03,0,1
121759,973c22h22pr5871,0,1
121760,3626cpr3619,322,1
121760,93223,25,1
121760,93563,25,1
121760,970c27pr2193,15,1
121760,973c27h46pr5864,15,1
121761,3626cpr9835,14,1
121761,66912pat0001pr0001,0,1
121761,970c27pr2193,15,1
121761,973c27h46pr5864,15,1
121762,3626cpr3416,14,1
121762,66915pr0001,0,1
121762,970c27pr2193,15,1
121762,973c27h46pr5864,15,1
121764,3626cpr3417,14,1
121764,970c27pr2193,15,1
121764,973c27h46pr5864,15,1
121764,99930,0,1
121765,11476,15,1
121765,15573,15,1
121765,2540,15,1
121765,2540,25,1
121765,26047,15,4
121765,3069b,41,1
121765,49668,41,2
121765,58176,182,1
121765,6141,25,1
121765,85861,182,1
121765,93563,25,1
121765,93609,15,4
121765,98313,15,1
121765,99563,15,1
121765,99780,15,1
121772,27456pr0002,1,1
121772,970c28pat22pr2222,1,1
121772,973c02h27pr5927,1,1
121774,11403c01pr0128,5,1
121774,35620,70,1
121774,92198pr0138,92,1
121774,92456c03pr0427,92,1
121775,11408c01pr0130,78,1
121775,2277c01pr0015,379,1
121775,28649pr0287,78,1
121775,98385,320,1
121776,11408c06pr0003,70,1
121776,2268c01pr0012,4,1
121776,2646,0,1
121776,92198pr0349,70,1
121777,16925c01pr0012,321,1
121777,53126,308,1
121777,92198pr0279,70,1
121777,92456c15pr0416,70,1
121778,23955,308,1
121778,92198pr0280,84,1
121778,92456c02pr0421,84,1
121778,92820c01pr0179,15,1
121779,92198pr0124,78,1
121779,92258,0,1
121779,92456c01pr0378,78,1
121779,92818c01pr0200,5,1
121781,11618,26,1
121781,24080,484,1
121781,80336,1055,1
121781,92198pr0252,78,1
121781,92456c01pr0433,78,1
121783,18844,226,1
121783,80336,1053,1
121783,92198pr0257,78,1
121783,92456c01pr0401,78,1
121784,18846pr0001,0,1
121784,19193c01pr0112,322,1
121784,92198pr0311,92,1
121784,92456c03pr0437,92,1
121785,28321,0,1
121785,59794c01pr0241,226,1
121785,92198pr0308,78,1
121785,92456c01pr0436,78,1
121786,20595,25,1
121786,80336,1061,1
121786,92198pr0312,78,1
121786,92456c01pr0438,78,1
121787,18842,226,1
121787,80336,1054,1
121787,92198pr0199,78,1
121787,92456c01pr0440,78,1
121788,15673pr0002,0,1
121788,80336,1060,1
121788,92198pr0181,84,1
121788,92456c02pr0439,84,1
121794,58247,0,1
121801,23186pr0001,0,1
121801,3626cpr3580,78,1
121801,79786,4,1
121801,970c03pr2159,272,1
121801,973c05h02pr5950,272,1
121802,21778,0,1
121802,3626cpr3581,92,1
121802,970c09pr2236,85,1
121802,973c09h13pr5951,320,1
121803,3626cpr3660,92,1
121803,37364c03,0,1
121803,85974,308,1
121803,973c24h13pr5952,379,1
121804,19729pr0041,25,1
121804,970c34,25,1
121804,973c34h03pr5978,25,1
121805,19729pr0051,0,1
121805,970c03,0,1
121805,973c19h22pr5953,0,1
121806,19729pr0052,85,1
121806,970c09,85,1
121806,973c09h09pr6034,85,1
121807,19729pr0049,3,1
121807,970c14,71,1
121807,973c27h14pr5959,15,1
121808,18986,47,1
121808,19729pr0050,72,1
121808,970c41,484,1
121808,973c41h12pr5980,484,1
121810,3626cpr3651,0,1
121810,37364c22,4,1
121810,973c03h22pr5922,0,1
121811,18984pat0027,85,1
121811,3626cpr3632,27,1
121811,37364c09,85,1
121811,973c18h09pr5903,85,1
121812,3626cpr3631,78,1
121812,81848pr0001,1103,1
121812,970c75,1103,1
121812,973c12h12pr5902,72,1
121813,20597,0,1
121813,3626cpr3630,10,1
121813,970c09pat06,85,1
121813,973c06h06pr5901,10,1
121815,3626cpr3628,4,1
121815,37364c28,1,1
121815,973c28h22pr5899,4,1
121816,30381,15,1
121816,3626cpr3629,15,1
121816,37364c09,85,1
121816,973c27h27pr5900,15,1
121817,30377,179,4
121817,3626cpr3633,78,1
121817,36452,0,1
121817,37364c01,14,1
121817,83970,70,1
121817,973c06h01pr5904,10,1
121818,1879,308,1
121818,3626cpr3663,84,1
121818,37364c22,4,1
121818,973c22h23pr5958,1,1
121835,3626cpr9975,14,1
121835,40925pat0015,4,1
121835,41162,1103,1
121835,970c23pr9766,84,1
121835,973e113pr0001,4,1
121836,37614,1103,1
121836,49588pat0004,1103,1
121836,970c34pr0001,326,1
121836,973c47h34pr0001,25,1
121838,3626cpr0412,179,1
121838,40925pat0014,15,1
121838,41162,1103,1
121838,970c27pr9767,15,1
121838,973c30h12pr0001,15,1
121840,3626cpr2258,14,1
121840,40925pat0008,0,1
121840,41162,1103,1
121840,970c11pr9765,28,1
121840,973e110pr0001,0,1
121842,3626cpr2257,14,1
121842,40925pat0013,1,1
121842,41162,1103,1
121842,970c24pr9768,379,1
121842,973c28h28pr0001,1,1
121846,3626cpr9888,14,1
121846,40925pat0005,1103,1
121846,41162,1103,1
121846,970c12pr9764,72,1
121846,973e111pr5886,1103,1
121852,3626cpr9975,14,1
121852,41162,1103,1
121852,69560pat0001,308,1
121852,970c23pr9766,84,1
121852,973e113pr0001,4,1
121853,25405,179,1
121853,35635,297,1
121853,3626cpr9723,15,1
121853,970c05pr9762,272,1
121853,973c27h22pr0001,272,1
121855,3626cpr2382,14,1
121855,93059,19,1
121855,93069,15,1
121855,970c27pr9763,15,1
121855,973c26h01pr0008,19,1
121857,3626cpr2255,14,1
121857,40925pat0012,2,1
121857,41162,1103,1
121857,970c20pr9769,326,1
121857,973e109pr0001,2,1
121858,36452,0,1
121858,49588pat0003,25,1
121858,89522,179,2
121858,970c34pr0001,326,1
121858,973c34h12pr0002,1103,1
121858,98313,0,2
121861,3626cpr9888,14,1
121861,41162,1103,1
121861,76917pat0001,0,1
121861,970c12pr9764,72,1
121861,973e111pr5886,1103,1
121920,80577pat0001,226,1
121920,92198pr0127,78,1
121920,92456c01pr0322,78,1
121920,92820c01pr0149,322,1
121921,11408c01pr0124,78,1
121921,26490c01pr0006,378,1
121921,28649pr0287,78,1
121921,98385,320,1
121922,79737,0,1
121922,92198pr0124,78,1
121922,92456c01pr0290,78,1
121922,92820c01pr0131,323,1
121924,79984pat0001,308,1
121924,92198pr0284,70,1
121924,92456c15pr0419,70,1
121924,92818c01pr0233,5,1
121926,11408c05pr0125,92,1
121926,26490c01pr0007,3,1
121926,92198pr0282,92,1
121926,98726,19,1
121928,11403c01pr0012,326,1
121928,79989pat0001,4,1
121928,92198pr0125,78,1
121928,92456c01pr0324,78,1
121931,23955,308,1
121931,92198pr0280,84,1
121931,92456c02pr0417,84,1
121931,92818c01pr0234,73,1
121932,11408c05pr0125,92,1
121932,2277c01pr0015,379,1
121932,92198pr0282,92,1
121932,98726,19,1
121933,11408c06pr0126,70,1
121933,21778,308,1
121933,26490c01pr0014,191,1
121933,92198pr0281,70,1
121934,80577pat0001,226,1
121934,92198pr0127,78,1
121934,92456c01pr0380,78,1
121934,92820c01pr0017,26,1
121935,11403c01pr0129,25,1
121935,35660pat0005,29,1
121935,92198pr0266,78,1
121935,92456c01pr0428,78,1
121936,79989pat0002,0,1
121936,92198pr0227,92,1
121936,92456c03pr0377,92,1
121936,92820c01pr0202,378,1
121937,37823,321,1
121937,92198pr0296,78,1
121937,92456c01pr0423,78,1
121937,92818c01pr0239,379,1
121938,11256,71,1
121938,16925c01pr0165,1,1
121938,92198pr0301,78,1
121938,92816c01pr0116,78,1
121939,16925c01pr0129,0,1
121939,28649pr0298,70,1
121939,36060,0,1
121939,92815c06pr0118,70,1
121940,16925c01pr0138,1,1
121940,28649pr0299,78,1
121940,62810,308,1
121940,92815c01pr0119,78,1
121941,35701,308,1
121941,69969pr0026,84,1
121941,92198pr0300,84,1
121942,2524,70,1
121942,3626cpr0677,14,1
121942,41879a,73,1
121942,46303,321,1
121942,973c05h01pr4861,272,1
121943,2524,70,1
121943,3626cpr1635,14,1
121943,41879a,73,1
121943,65579,308,1
121943,973c01h01pr3813,15,1
121945,3626cpr3312,70,1
121945,46304,15,1
121945,87555,28,1
121945,970c27pr2225,15,1
121945,973c27h14pr5937,15,1
121946,3626cpr3531,92,1
121946,46304,15,1
121946,87555,28,1
121946,970c27pr2225,15,1
121946,973c27h14pr5937,15,1
121947,3626cpr2859,78,1
121947,46304,15,1
121947,87555,28,1
121947,970c27,15,1
121947,973c27h14pr5911,28,1
121948,3626cpr3531,92,1
121948,48156pr0001,15,1
121948,970c27pr2210,15,1
121948,973c14h27pr5896,15,1
121949,3626cpr3262,92,1
121949,61189pr0370,15,1
121949,970c27pr2143,15,1
121949,973c27h03pr5947,15,1
121952,15307pr0146,308,1
121952,970c07pr2214,308,1
121952,973c07h07,308,1
121953,36043pr0003,72,1
121953,3626cpr3641,78,1
121953,970c14pr2211,15,1
121953,973c27h12pr5906,15,1
121955,2524,15,1
121955,3626cpr3314,84,1
121955,46304,15,1
121955,87555,28,1
121955,970c27,15,1
121955,973c27h14pr5911,28,1
121969,2447,40,1
121969,3626cpr2586,14,1
121969,69971pr0001,1062,1
121969,970c03pr0408,0,1
121969,973c03h12pr5419,0,1
121972,21778,84,1
121972,3626cpr3163,14,1
121972,970c22,4,1
121972,973c22h04pr0001,4,1
121973,35660pat0003,320,1
121973,3626cpr3066,14,1
121973,970c22,4,1
121973,973c22h04pr0001,4,1
121974,3626cpr9864,14,1
121974,92081,0,1
121974,970c22,4,1
121974,973c22h04pr0001,4,1
121975,16178pat0001,15,1
121975,3626cpr1965,14,1
121975,970c24,379,1
121975,973c19h12pr2885,25,1
121976,3626cpr3361,14,1
121976,3833,15,1
121976,970c29,212,1
121976,973c34h12pr2913,25,1
121977,3626cpr9729,14,1
121977,41879a,379,1
121977,80682,308,1
121977,973c22h01pr4807,4,1
121978,3626cpr0893,14,1
121978,85974,308,1
121978,970c29,212,1
121978,973c29h01pr5955,212,1
121979,11303,288,1
121979,3626cpr3661,14,1
121979,970c35,288,1
121979,973c26h01pr4354,19,1
121980,3626cpr3361,14,1
121980,3833,4,1
121980,970c29,212,1
121980,973c14h04pr5982,1062,1
121981,3626cpr1665,14,1
121981,970c04,321,1
121981,973c04h01pr5976,321,1
121981,98385,70,1
121982,21269,28,1
121982,3626cpr3671,14,1
121982,970c41,484,1
121982,973c27h01pr5981,15,1
121983,3626cpr3670,14,1
121983,970c27,15,1
121983,973c27h01pr3403,15,1
121983,99240,70,1
121985,3626cpr0893,14,1
121985,49663pat0001,15,1
121985,89159,272,1
121985,970c38pr2252,321,1
121985,973c38h04pr5974,191,1
121986,3626cpr1769,14,1
121986,49663pat0001,15,1
121986,89159,272,1
121986,970c38pr2252,321,1
121986,973c38h04pr5974,191,1
121987,16178pat0001,4,1
121987,3626cpr2141,14,1
121987,970c29,212,1
121987,973c14h04pr5982,1062,1
121988,3626cpr2522,14,1
121988,49663pat0001,15,1
121988,89159,272,1
121988,970c38pr2252,321,1
121988,973c38h04pr5974,191,1
121989,3626cpr2463,14,1
121989,41811,321,1
121989,49663pat0001,15,1
121989,89159,82,1
121989,970c27pr2255,321,1
121989,973g04c27h27pr5988,15,1
121990,36037,484,1
121990,3626cpr2109,14,1
121990,970c04,321,1
121990,973c04h01pr5976,321,1
121991,21778,308,1
121991,3626cpr2594,14,1
121991,970c04,321,1
121991,973c04h01pr5976,321,1
121992,3626cpr2589,14,1
121992,41811,321,1
121992,49663pat0001,15,1
121992,89159,82,1
121992,970c27pr2255,321,1
121992,973g04c27h27pr5988,15,1
121993,3626cpr2951,14,1
121993,41811,321,1
121993,49663pat0001,15,1
121993,89159,82,1
121993,970c27pr2255,321,1
121993,973g04c27h27pr5988,15,1
121994,3626cpr2255,14,1
121994,40925pat0012,2,1
121994,970c20pr9769,326,1
121994,973e109pr0001,2,1
122009,3009apr0044,1,1
122009,3009apr0045,1,1
122009,3009apr0046,1,1
122009,3009apr0113,15,1
122009,3009pr0020,1,1
122009,3009pr0033,15,1
122009,3009pr0039,1,1
122009,3009pr0040,1,1
122009,3009pr0045,1,1
122009,3009pr0060,1,1
122009,3009pr0062,15,1
122009,3009pr0065,1,1
122009,3009pr0066,1,1
122009,3009pr0067,1,1
122009,3009pr0068,1,1
122009,3009pr0069,1,1
122009,3009pr0070,4,1
122009,3009pr0071,4,1
122012,12825,71,1
122012,2412b,71,2
122012,2420,14,2
122012,2431,4,2
122012,2444,72,1
122012,2460,0,1
122012,2479,0,2
122012,2780,0,2
122012,2877,14,2
122012,3004,0,1
122012,3005,14,2
122012,30165,4,1
122012,3020,14,2
122012,3020,4,3
122012,3020,72,2
122012,3021,14,2
122012,3022,4,5
122012,3022,71,2
122012,30229,72,1
122012,3023,0,3
122012,3024,14,2
122012,3024,4,2
122012,3024,72,2
122012,3031,14,2
122012,30361c,72,2
122012,3040b,4,1
122012,3065,40,4
122012,3068b,72,2
122012,3069b,15,4
122012,3070b,15,4
122012,3298,0,1
122012,3622,14,4
122012,3623,72,1
122012,3665,4,1
122012,3666,14,2
122012,3673,71,1
122012,3710,14,3
122012,3794a,72,4
122012,3795,71,1
122012,3832,4,5
122012,3832,14,1
122012,3942c,72,2
122012,41769,4,1
122012,41770,4,1
122012,4287c,14,6
122012,4349,0,1
122012,43710,4,1
122012,43711,4,1
122012,44728,72,1
122012,48336,71,2
122012,4871,71,3
122012,50950,14,3
122012,51739,72,1
122012,54200,36,1
122012,54200,14,2
122012,54200,72,4
122012,57783,40,1
122012,59900,71,2
122012,60479,0,4
122012,61252,71,2
122012,61409,72,2
122012,6141,71,7
122012,6141,47,1
122012,61678,4,4
122012,6541,0,2
122012,87087,71,6
122013,11090,0,1
122013,11090,15,18
122013,11187,191,2
122013,11203,15,1
122013,11211,28,4
122013,11211,71,2
122013,11458,0,2
122013,11458,15,4
122013,11458,72,2
122013,11476,15,3
122013,11476,71,1
122013,11477,15,5
122013,14210,15,2
122013,14716,0,1
122013,14716,71,1
122013,14769,72,1
122013,14769pr1054,70,1
122013,15068,4,2
122013,15068,15,2
122013,15070,15,5
122013,15092,72,1
122013,15210,15,2
122013,15395,15,1
122013,15535,19,2
122013,15573,288,6
122013,15573,4,2
122013,15573,321,1
122013,15573,84,2
122013,15573,70,10
122013,15573,19,2
122013,15573,15,2
122013,15573,0,1
122013,15573,378,2
122013,15672,2,36
122013,15672,28,2
122013,18671,71,2
122013,18674,15,3
122013,18677,0,4
122013,18677,70,8
122013,18920,179,1
122013,18980,28,2
122013,20309,19,1
122013,20482,0,2
122013,20482,4,1
122013,20482,297,4
122013,22885,19,2
122013,22961,15,1
122013,2357,28,7
122013,23986,15,1
122013,24122,0,1
122013,2412b,0,2
122013,2412b,15,1
122013,2420,70,2
122013,2420,2,4
122013,2420,71,8
122013,2420,378,8
122013,2420,15,4
122013,2420,28,2
122013,2420,0,2
122013,24201,70,6
122013,24246,4,3
122013,2431,72,2
122013,2431,288,2
122013,2431,84,1
122013,2431,378,7
122013,2431,19,1
122013,2431,70,4
122013,2431pr0142,15,1
122013,2435,2,1
122013,2445,15,1
122013,2453b,71,6
122013,2453b,70,3
122013,25269,72,5
122013,25269,15,8
122013,25269,10,4
122013,26047,297,3
122013,26047,0,1
122013,2654,46,1
122013,2654,19,6
122013,26599,71,4
122013,26599,0,2
122013,26601,15,2
122013,26601,70,2
122013,27507,15,1
122013,27507,70,2
122013,2780,0,4
122013,27925,19,4
122013,28802,71,3
122013,28870,297,2
122013,3003,71,2
122013,30031,71,1
122013,3004,378,8
122013,3004,71,8
122013,3004,70,2
122013,3004,28,7
122013,30044,19,3
122013,30046,0,3
122013,3005,378,6
122013,3005,28,10
122013,3005,71,6
122013,3005,70,3
122013,3005,15,2
122013,3005,0,2
122013,3009,378,1
122013,3009,71,1
122013,3009,28,4
122013,3010,70,2
122013,3010,71,3
122013,3010,378,4
122013,3010,28,8
122013,3020,0,1
122013,3020,70,3
122013,3020,84,1
122013,3020,28,2
122013,3020,15,9
122013,3020,19,2
122013,3021,288,8
122013,3021,2,8
122013,3021,19,4
122013,3022,70,4
122013,3022,72,1
122013,3022,71,6
122013,3022,15,2
122013,3022,4,1
122013,3023,308,3
122013,3023,4,1
122013,3023,28,8
122013,3023,0,2
122013,3023,378,24
122013,3023,15,5
122013,3023,71,5
122013,3023,84,2
122013,3023,70,8
122013,3023,321,1
122013,30237b,70,1
122013,30237b,0,4
122013,3024,378,8
122013,3024,28,3
122013,3024,70,11
122013,3024,321,2
122013,3024,15,10
122013,3024,4,2
122013,3024,71,8
122013,3024,0,5
122013,3028,15,2
122013,3029,28,1
122013,3031,0,1
122013,3031,19,1
122013,3031,70,2
122013,3032,15,2
122013,3034,70,2
122013,30350b,70,1
122013,30355,15,1
122013,30356,15,1
122013,30374,15,2
122013,3040b,71,2
122013,3040b,378,8
122013,3045,71,2
122013,30503,15,4
122013,3062b,46,1
122013,3062b,70,6
122013,3062b,15,2
122013,3062b,84,1
122013,3062b,4,2
122013,3068b,10,1
122013,3068b,15,4
122013,3069b,71,3
122013,3069b,378,3
122013,3069b,15,2
122013,3069b,4,2
122013,3069b,70,8
122013,3069b,2,1
122013,3070b,70,2
122013,3070b,4,2
122013,3070b,15,1
122013,3070b,28,4
122013,32028,72,4
122013,32028,19,3
122013,32028,70,4
122013,32062,4,1
122013,32064a,28,1
122013,32064a,378,2
122013,3245c,378,4
122013,32474,4,1
122013,32607,2,1
122013,32802,0,1
122013,32828,0,3
122013,32952,70,4
122013,33303,70,3
122013,33492,71,1
122013,33909,71,1
122013,33909,15,1
122013,33909,70,4
122013,3460,70,2
122013,34816,28,2
122013,35459,15,1
122013,35480,70,2
122013,35480,15,1
122013,35480,72,12
122013,35480,2,8
122013,3622,71,8
122013,3623,71,3
122013,3623,19,1
122013,3623,378,2
122013,3659,28,3
122013,3665,28,2
122013,3666,71,3
122013,3666,378,4
122013,3666,19,3
122013,3666,15,8
122013,3666,0,2
122013,3666,28,2
122013,3666,70,2
122013,3673,71,2
122013,36840,70,6
122013,36840,0,1
122013,36840,4,4
122013,36840,15,1
122013,36841,71,2
122013,36841,0,1
122013,3700,71,1
122013,3705,4,1
122013,3706,0,2
122013,3710,15,3
122013,3710,28,1
122013,3710,0,1
122013,3710,71,2
122013,3710,70,7
122013,3710,19,4
122013,3710,378,2
122013,37352,378,4
122013,37775,182,2
122013,3795,70,1
122013,3795,4,3
122013,3795,15,3
122013,3795,72,1
122013,3795,71,2
122013,38014,15,1
122013,3821,15,1
122013,3821,4,1
122013,3832,15,2
122013,3839b,71,2
122013,3899,4,3
122013,3937,70,2
122013,39611,14,1
122013,4032a,19,2
122013,4032a,308,4
122013,4070,15,2
122013,4070,4,1
122013,4070,0,1
122013,4070,28,2
122013,4079b,19,3
122013,41539,15,2
122013,4162,15,6
122013,41678,0,1
122013,41682,19,6
122013,41682,15,1
122013,41740,71,2
122013,41769,15,3
122013,41770,15,3
122013,42135,0,2
122013,42135,4,1
122013,4274,1,3
122013,4286,70,1
122013,43093,1,4
122013,4349,4,1
122013,43722,15,6
122013,43722,288,4
122013,43723,15,6
122013,44375b,15,1
122013,44861,15,1
122013,4528,179,1
122013,4536,15,1
122013,4733,0,3
122013,47397,15,2
122013,47398,15,2
122013,4740,2,1
122013,47457,4,1
122013,47905,378,2
122013,48336,15,8
122013,48729b,0,2
122013,51591pr0001,84,1
122013,52107,0,1
122013,54200,378,2
122013,54200,2,4
122013,54200,4,2
122013,54200,71,3
122013,54383,15,5
122013,54383,288,4
122013,54384,15,5
122013,54568,14,1
122013,58176,41,6
122013,58176,35,8
122013,58176,36,6
122013,59443,15,4
122013,59900,4,1
122013,59900,40,1
122013,60470b,15,4
122013,60477,70,1
122013,60478,70,1
122013,60479,15,2
122013,60481,378,12
122013,60583b,71,1
122013,60594,19,3
122013,60607,70,6
122013,61252,297,1
122013,61252,15,2
122013,6134,70,2
122013,61409,15,1
122013,6141,15,13
122013,6141,4,10
122013,6141,14,8
122013,6141,182,1
122013,6141,47,1
122013,6141,70,14
122013,6141,27,8
122013,6141,19,13
122013,6141,0,1
122013,62930,47,1
122013,63864,70,3
122013,63864,4,1
122013,63864,72,2
122013,63864,19,1
122013,63965,72,3
122013,64644,0,1
122013,6636,70,4
122013,69388,9999,1
122013,85861,297,9
122013,85984,15,7
122013,85984,19,3
122013,85984,72,1
122013,87079,0,1
122013,87079,10,1
122013,87079,70,1
122013,87079,378,2
122013,87079,71,1
122013,87544,47,1
122013,87580,4,1
122013,87580,378,1
122013,87580,70,5
122013,87580,0,1
122013,87618,71,1
122013,87620,71,2
122013,87994,0,2
122013,87994,70,1
122013,88646,4,1
122013,90194,15,6
122013,92338,297,2
122013,92410,70,1
122013,92593,0,1
122013,92950,70,1
122013,93273,15,1
122013,96874,25,1
122013,98100,71,2
122013,98138,0,5
122013,98138pr0121,19,5
122013,98283,71,14
122013,98560,71,1
122013,99206,71,4
122013,99206,378,2
122013,99207,4,2
122013,99207,15,1
122013,99563,297,1
122013,99563,70,2
122013,99563,15,2
122013,99780,71,3
122013,99780,15,1
122013,99780,70,2
122013,99780,0,2
122013,99781,72,3
122014,3232,7,1
122014,4166,8,4
122061,3023,15,1
122061,3068bpr9795,15,1
122061,69754,297,2
122061,69755,72,2
122061,76959,15,1
122061,85984,15,1
122061,970c27pr1662,15,1
122061,99206,15,1
122096,13792pr0005,14,1
122096,3626cpr3589,71,1
122096,48729b,0,1
122096,63208pr5820,14,1
122096,970c01pr0007,72,1
122098,3626cpr3585,14,1
122098,80505pr0001,4,1
122098,970c10,320,1
122098,973c10h01pr0002,320,1
122099,3626cpr9719,14,1
122099,87693,26,1
122099,88489,1,1
122099,970c28pat03pr0004,1,1
122099,973c05h01pr0002,1,1
122100,26066,15,1
122100,3626cpr3591,14,1
122100,80504pat0001,272,1
122100,970c27pat05pr0001,15,1
122100,973g27c24h05pr0001,15,1
122135,3626cpr3644,14,1
122135,37364c05,272,1
122135,52686pat0004,0,1
122135,973c25h01pr0001,378,1
122137,3626cpr3649,14,1
122137,76925,226,1
122137,970c29,212,1
122137,973e112pr0001,212,1
122138,3626cpr3608,323,1
122138,90396,3,1
122138,970c14pr2303,71,1
122138,973g14c09h39pr0001,71,1
122139,3626cpr3601,14,1
122139,37364c35,288,1
122139,80512pat0001,484,1
122139,83353,2,1
122139,973c35h01pr0001,10,1
122140,35660pat0006,3,1
122140,3626cpr3602,14,1
122140,970c11pat07pr0002,28,1
122140,973g03c01h01pr0001,0,1
122142,18277,71,1
122142,3626cpr3584,14,1
122142,45757pr0002,71,1
122142,970c14pat03,71,1
122142,973c14h03pr0001,71,1
122145,12892pr0002,5,1
122145,28974,0,1
122145,3626cpr3598,5,1
122145,970c09pr2176,0,1
122145,973c09h36pr0001,85,1
122146,3626cpr3603,14,1
122146,80500,322,1
122146,970c03,0,1
122146,973g42c01h46pr0001,322,1
122146,99250pr0001,4,1
122157,upn0475,7,1
122157,upn0475,1124,1
122157,upn0475,1120,1
122157,upn0475,1116,1
122157,upn0475,1119,1
122157,upn0475,0,1
122157,upn0475,1131,1
122157,upn0475,1133,1
122157,upn0475,1129,1
122157,upn0475,15,1
122165,3008apr0004,15,1
122165,3008apr0005,15,1
122165,3008apr0010,15,1
122165,3008apr0015,15,1
122165,3008apr0018,15,1
122165,3008apr0020,15,1
122165,3008apr0024,15,1
122165,3008apr0028,15,1
122165,3008apr0037,15,1
122165,3008apr0055,15,1
122165,3008apr0059,15,1
122165,3008apr0061,15,1
122165,3008apr0063,15,1
122165,3008apr0073,15,1
122165,3008pr0020,15,1
122165,3008pr0023,15,1
122165,3008pr0024,15,1
122165,3008pr0028,15,1
122165,3008pr0029,15,1
122165,3008pr0033,15,1
122165,3008pr0035,15,1
122165,3008pr0036,15,1
122165,3008pr0050,15,1
122165,3008pr0052,15,1
122165,3008pr0054,15,1
122165,3008pr0055,15,1
122165,3008pr0057,15,1
122165,3008pr0058,15,1
122165,3008pr0068,15,1
122165,3008pr0069,15,1
122165,3008pr0071,15,1
122165,3008pr0072,15,1
122165,3009apr0002,15,1
122165,3009apr0012,15,1
122165,3009apr0014,15,1
122165,3009apr0017,15,1
122165,3009apr0019,15,1
122165,3009apr0020,15,1
122165,3009apr0022,15,1
122165,3009apr0024,15,1
122165,3009apr0025,15,1
122165,3009apr0034,15,1
122165,3009apr0043,15,1
122165,3009apr0054,15,1
122165,3009apr0081,15,1
122165,3009apr0089,15,1
122165,3009apr0095,15,1
122165,3009apr0096,15,1
122165,3009apr0117,15,1
122165,3009pr0026,15,1
122165,3009pr0031,15,1
122165,3009pr0032,15,1
122165,3009pr0033,15,1
122165,3009pr0034,15,1
122165,3009pr0035,15,1
122165,3009pr0043,15,1
122165,3009pr0047,15,1
122165,3009pr0062,15,1
122165,3009pr0072,15,1
122165,3009pr0077,15,1
122165,3009pr0079,15,1
122165,3009pr0080,15,1
122165,3009pr0081,15,1
122165,3009pr0082,15,1
122165,3009pr0083,15,1
122165,3009pr0085,15,1
122165,3009pr0086,15,1
122165,3009pr0087,15,1
122165,3009pr0089,15,1
122165,3009pr0090,15,1
122165,3009pr0094,15,1
122165,3009pr0096,15,1
122165,3009pr0097,15,1
122165,3009pr0098,15,1
122165,3009pr0100,15,1
122165,3009pr0102,15,1
122189,25411,158,1
122189,3626cpr2967,42,1
122189,970c31pr1743,2,1
122189,973c31h12pr4809,2,1
122190,20595,158,1
122190,3626cpr9872,42,1
122190,970c10,320,1
122190,973c10h01pr4846,320,1
122191,3626cpr2979,42,1
122191,53798,158,1
122191,970c19,70,1
122191,973c27h01pr4200,15,1
122193,15068pr9997,15,1
122193,15208,15,1
122193,3022,15,1
122193,3023,15,1
122193,3068bpr9962,15,1
122193,4070,15,2
122193,49668,15,2
122193,52107,15,1
122193,54200,15,4
122197,11153,27,2
122197,11211,19,1
122197,11477,27,1
122197,11477,84,4
122197,11477,2,2
122197,11477,1050,4
122197,11477,191,4
122197,11477,70,2
122197,11477,15,4
122197,11477,26,4
122197,15068,15,2
122197,15068,84,1
122197,15068,70,1
122197,15068,19,1
122197,15279,10,3
122197,15395,191,2
122197,15395,322,2
122197,15395,4,1
122197,15573,84,2
122197,15573,15,2
122197,15712,70,2
122197,15712,15,2
122197,15712,0,3
122197,18980,2,1
122197,22888,10,2
122197,22888,27,1
122197,2357,15,2
122197,24246,84,4
122197,24246,19,4
122197,2431,27,2
122197,2456,19,1
122197,24866,10,5
122197,24866,191,4
122197,25269,27,16
122197,25269,2,1
122197,26047,70,2
122197,26047,15,2
122197,26601,15,2
122197,3001,85,1
122197,3003,15,2
122197,3004,2,1
122197,3004,15,1
122197,3004,84,3
122197,3005,84,2
122197,3005,226,2
122197,3009,2,1
122197,3020,27,1
122197,3021,14,2
122197,3021,15,1
122197,3022,15,4
122197,3022,70,1
122197,3022,84,5
122197,3022,27,2
122197,3023,14,1
122197,3023,31,3
122197,3023,2,2
122197,3023,84,4
122197,3023,27,2
122197,3023,15,6
122197,3023,70,3
122197,3024,15,2
122197,3024,29,4
122197,3024,2,2
122197,3024,84,4
122197,3024,27,3
122197,3031,15,1
122197,3031,10,2
122197,3036,10,1
122197,30367c,26,1
122197,30367c,3,1
122197,30367c,4,1
122197,30367c,14,1
122197,30367c,1054,1
122197,3040b,2,1
122197,3062b,27,3
122197,3068b,15,1
122197,3068b,27,3
122197,3069b,27,5
122197,3070b,27,3
122197,3070b,70,2
122197,32607,10,4
122197,32952,70,2
122197,35480,15,2
122197,3622,2,1
122197,3623,2,2
122197,3623,15,3
122197,3623,70,2
122197,3623,27,1
122197,3710,27,2
122197,3710,2,2
122197,3710,84,2
122197,3795,2,4
122197,4032a,85,1
122197,4032a,3,1
122197,4032a,5,1
122197,4032a,322,1
122197,4032a,14,1
122197,44728,71,1
122197,4733,27,3
122197,48092,27,2
122197,49668,191,4
122197,49668,15,4
122197,49668,4,4
122197,50950,2,1
122197,50950,27,2
122197,54200,27,1
122197,54200,2,2
122197,6091,84,2
122197,6091,15,2
122197,6141,70,1
122197,6141,15,1
122197,67329,72,1
122197,85984,84,4
122197,85984,15,4
122197,85984,70,1
122197,87079,27,1
122197,87087,27,1
122197,87087,70,6
122197,87087,15,2
122197,87580,27,2
122197,98138,29,2
122197,98138pr0008,15,4
122197,99207,70,3
122197,99207,15,2
122198,10314,14,1
122198,11476,19,4
122198,11477,85,4
122198,14719,19,2
122198,14719,14,1
122198,14769,29,1
122198,15068,29,3
122198,15068,14,2
122198,15208,15,2
122198,22885,71,26
122198,2420,1,1
122198,2420,85,5
122198,2420,70,2
122198,2420,19,2
122198,2420,2,2
122198,24246,14,6
122198,2431,70,5
122198,2431,308,4
122198,2431,0,2
122198,2431,29,2
122198,2431,19,5
122198,24866,26,1
122198,25269,85,2
122198,25269,29,5
122198,25269,70,2
122198,29120,70,1
122198,3003,1,1
122198,3003,29,1
122198,3003,25,3
122198,3005,15,2
122198,3020,1,2
122198,3020,14,1
122198,3020,4,1
122198,3020,29,1
122198,3020,212,4
122198,3021,70,6
122198,3021,19,2
122198,3022,1,1
122198,3022,14,5
122198,3022,29,1
122198,3023,212,4
122198,3023,19,2
122198,3023,70,2
122198,3023,4,1
122198,3023,85,3
122198,3023,29,2
122198,3023,1,2
122198,3023,14,2
122198,3023,0,2
122198,3024,70,5
122198,3024,15,10
122198,3024,85,6
122198,3024,0,8
122198,3024,14,2
122198,3031,70,1
122198,3031,19,1
122198,30340,15,1
122198,3068b,85,2
122198,3068b,19,2
122198,3069b,29,1
122198,3069b,14,2
122198,3069b,82,1
122198,3069b,70,2
122198,3070b,19,3
122198,3070b,29,2
122198,3070b,14,5
122198,3070b,85,2
122198,3070b,70,3
122198,32028,14,2
122198,32803,484,2
122198,32952,72,4
122198,33909,14,2
122198,35480,15,2
122198,35480,14,3
122198,3623,14,1
122198,3623,19,1
122198,36841,85,1
122198,36841,484,1
122198,3700,15,1
122198,3710,212,1
122198,3710,4,1
122198,3710,29,1
122198,3710,14,3
122198,3795,29,1
122198,3937,1,1
122198,3941,4,1
122198,3958,0,2
122198,4032a,27,5
122198,41740,0,2
122198,41740,19,2
122198,41769,70,1
122198,41770,70,1
122198,4274,71,1
122198,44728,15,2
122198,49492,322,1
122198,49668,4,2
122198,50950,85,4
122198,54200,29,4
122198,61252,297,2
122198,6134,4,1
122198,61409,1,2
122198,6177b,70,1
122198,6215,14,2
122198,6254,15,2
122198,71752,19,1
122198,85984,19,4
122198,87079,0,2
122198,87079,70,1
122198,87079pr0272,15,1
122198,87079pr0273,212,1
122198,87087,15,2
122198,93273,14,2
122198,98138pr0060,0,4
122198,99206,0,2
122198,99206,14,4
122198,99207,212,2
122198,99253,484,1
122199,11211,2,2
122199,11211,25,1
122199,11476,320,3
122199,11476,19,2
122199,14719,19,2
122199,15068,28,3
122199,22385pr0135,320,5
122199,22885,71,13
122199,22885,15,2
122199,22886pr0003,29,1
122199,2357,28,2
122199,2431,0,2
122199,2431,19,1
122199,25269,28,6
122199,26604,72,4
122199,3003,2,2
122199,3003,29,1
122199,3004,28,2
122199,3005,1,4
122199,3010,28,2
122199,3010,1,2
122199,3020,308,4
122199,3020,29,2
122199,3020,28,6
122199,3021,28,3
122199,3021,1,1
122199,3021,29,1
122199,3022,14,1
122199,3022,1,2
122199,3023,1,2
122199,3023,28,5
122199,3023,15,3
122199,3023,2,3
122199,3023,19,4
122199,3024,320,6
122199,3024,308,2
122199,3031,19,1
122199,3069b,308,2
122199,3069b,1,2
122199,3069b,28,2
122199,32028,28,6
122199,32062,4,1
122199,32803,28,5
122199,32952,19,2
122199,35480,320,2
122199,3709,0,1
122199,3710,29,2
122199,3710,28,2
122199,3710,1,2
122199,3941,4,2
122199,3958,0,2
122199,4032a,0,4
122199,41682,28,2
122199,41740,0,2
122199,41740,19,1
122199,4175,28,2
122199,53451,15,4
122199,61252,320,2
122199,63864,28,6
122199,63868,28,4
122199,64799,71,1
122199,67329,0,2
122199,75937,320,1
122199,85984,320,2
122199,85984,19,2
122199,87079,19,1
122199,87079,28,3
122199,87079,0,2
122199,87079,308,4
122199,93274,4,1
122199,98138pr0060,0,2
122199,98138pr0121,19,1
122199,99206,1,2
122200,11212,15,1
122200,3002,15,1
122200,3005,15,2
122200,3068bpr9960,15,1
122200,3069b,15,1
122200,3622pr0057,15,1
122200,3622pr0058,15,1
122200,4070,15,2
122200,54200,15,2
122200,60476,15,1
122200,63864,15,1
122201,11153,321,1
122201,11211,1,2
122201,11476,70,3
122201,11476,321,1
122201,11477,191,2
122201,11477,85,2
122201,11477,70,2
122201,11477,321,1
122201,11477,19,2
122201,15068,321,3
122201,15571,191,1
122201,15573,19,1
122201,15712,1,2
122201,22885,71,12
122201,24201,70,4
122201,24246,226,2
122201,24246,15,2
122201,2431,0,2
122201,25269,19,4
122201,26047,70,2
122201,26601,85,4
122201,3001,321,1
122201,3003,3,1
122201,3003,29,1
122201,3004,70,2
122201,3004,25,2
122201,3005,70,6
122201,3010,70,1
122201,3020,70,5
122201,3020,321,4
122201,3021,85,4
122201,3022,70,5
122201,3022,321,4
122201,3022,26,2
122201,3023,321,8
122201,3023,19,10
122201,3023,70,5
122201,3023,4,2
122201,3023,85,2
122201,3024,85,5
122201,3024,2,2
122201,3024,29,1
122201,3024,226,4
122201,3031,70,2
122201,3069b,85,2
122201,3069b,70,4
122201,3070b,85,1
122201,32062,4,1
122201,32064a,321,1
122201,3245c,19,1
122201,32803,321,1
122201,33909,19,1
122201,34103,191,1
122201,3623,15,1
122201,3623,25,4
122201,3665,321,2
122201,36840,1,1
122201,36841,85,1
122201,3710,70,3
122201,3941,14,1
122201,3958,0,2
122201,4032a,15,3
122201,4070,19,2
122201,41740,0,2
122201,49307,0,1
122201,50950,85,1
122201,54200,85,1
122201,54200,70,2
122201,54200,19,2
122201,60478,1,1
122201,60478,70,1
122201,6091,19,2
122201,67329,0,4
122201,73230,15,1
122201,85984,85,2
122201,87079,70,3
122201,87079,0,2
122201,87087,14,2
122201,93273,70,3
122201,98138pr0060,0,4
122201,99206,378,2
122201,99780,72,2
122203,10928,72,1
122203,13965,19,12
122203,14716,19,8
122203,14769pr1054,70,1
122203,15210,15,1
122203,15462,70,1
122203,15535,28,2
122203,15573,15,2
122203,15745,45,1
122203,16577,19,1
122203,18653,19,6
122203,18654,19,1
122203,20310,19,12
122203,20482,297,1
122203,20482,0,1
122203,22388,4,1
122203,22885,19,2
122203,23444,15,1
122203,2357,19,16
122203,2420,28,2
122203,2465,19,1
122203,24855,2,1
122203,24866,29,3
122203,25269,19,4
122203,2540,28,2
122203,26603,73,2
122203,28192,28,4
122203,28598,378,2
122203,3001,19,4
122203,3003,15,3
122203,3005,84,20
122203,3005pr0029,15,1
122203,3009,19,2
122203,30136,15,4
122203,30136,28,2
122203,30153,46,1
122203,30153,41,1
122203,30166,70,2
122203,3021,71,6
122203,3021,15,2
122203,3022,15,7
122203,3022,28,5
122203,3023,84,10
122203,3024,28,18
122203,3024,378,2
122203,3032,378,4
122203,3035,28,2
122203,3040b,19,8
122203,3044c,378,3
122203,3062b,46,1
122203,3062bpr0031,15,1
122203,3068b,0,1
122203,3068b,73,3
122203,3069b,19,2
122203,3069bpr0168,70,1
122203,30924,15,1
122203,32001,71,1
122203,32123b,71,1
122203,3245c,19,4
122203,32828,0,1
122203,33464pr0008,15,1
122203,33909,73,3
122203,34103,15,6
122203,3460,28,3
122203,35480,15,1
122203,35480,19,4
122203,3622,19,18
122203,3648b,72,1
122203,3649,71,1
122203,3660,19,3
122203,3673,71,2
122203,36752a,70,1
122203,36752a,28,2
122203,36752a,308,1
122203,36841,484,2
122203,3700,19,3
122203,3738,84,1
122203,3749,19,1
122203,37762,15,2
122203,37775,182,2
122203,37776,297,1
122203,3795,28,2
122203,3830,84,4
122203,3831,84,4
122203,38320,15,19
122203,3937,70,4
122203,3941,19,3
122203,40066,19,4
122203,4032a,0,1
122203,4070,15,4
122203,4079b,70,1
122203,4081b,70,2
122203,4083,15,6
122203,4151b,28,4
122203,41740,28,7
122203,44375bpr0006,47,1
122203,44861,84,4
122203,4738c,70,1
122203,47457,297,1
122203,48336,15,1
122203,54200,378,14
122203,59230,0,1
122203,59900,35,1
122203,59900,378,13
122203,59900,45,1
122203,60475b,19,2
122203,60481,19,6
122203,60592,19,18
122203,6081,73,6
122203,6134,70,4
122203,6141,84,4
122203,6141,47,2
122203,6141,15,1
122203,6141,35,1
122203,6141,297,2
122203,64644,297,2
122203,6541,71,8
122203,6587,28,1
122203,6589,19,2
122203,6636,28,6
122203,67632pr0002,379,1
122203,70681,19,2
122203,73825,19,2
122203,80835,70,1
122203,85861,41,1
122203,85861,28,1
122203,85861,182,1
122203,85975,297,3
122203,85984,378,14
122203,85984,15,3
122203,87079,28,2
122203,87083,72,1
122203,87994,70,1
122203,89522,378,6
122203,90195,19,1
122203,91662,9999,1
122203,92950,19,1
122203,98138pr0192,47,1
122203,98283,84,6
122203,99781,71,1
122204,11476,14,1
122204,13548,2,4
122204,14704,71,2
122204,14769pr1168,19,1
122204,15208,15,2
122204,15209,15,2
122204,15571,4,2
122204,15573,19,1
122204,15573,10,2
122204,22388,19,5
122204,2420,191,4
122204,24201,191,4
122204,2431,191,1
122204,2431pr0152,10,1
122204,25269,19,6
122204,28802,19,1
122204,29119,4,1
122204,29119,19,1
122204,29120,19,1
122204,29120,4,1
122204,3003,2,1
122204,3004,191,4
122204,3004,10,3
122204,30166,72,1
122204,3020,10,2
122204,3021,0,2
122204,3022,191,3
122204,3022,0,2
122204,3023,191,4
122204,3023,19,1
122204,3024,191,10
122204,3040b,191,4
122204,3068bpr0062,2,1
122204,3068bpr0434,4,1
122204,3069b,19,2
122204,3069b,191,2
122204,35480,15,2
122204,3659,191,2
122204,3665,191,2
122204,36840,0,2
122204,3710,19,1
122204,3795,19,1
122204,3937,0,4
122204,3938,0,4
122204,4032a,19,2
122204,4070,10,2
122204,41682,0,2
122204,44728,4,1
122204,44861,0,2
122204,52501,19,1
122204,54200,191,2
122204,60478,191,1
122204,6091,19,2
122204,6091,191,8
122204,6141,4,2
122204,6541,191,2
122204,6628,0,2
122204,66857,19,1
122204,67929,15,1
122204,85984,191,2
122204,87580,2,4
122204,87747,19,2
122204,99206,19,1
122204,99207,0,2
122204,99780,4,2
122205,3626cpr2979,42,1
122205,3833,15,1
122205,65726b,42,2
122205,65726d,42,1
122205,970c10pr1858,320,1
122205,973c10h12pr5063,320,1
122206,11203,19,2
122206,11610,484,4
122206,13965,19,4
122206,14716,70,6
122206,14716,19,4
122206,15068,0,8
122206,15573,297,1
122206,15712,70,2
122206,15712,71,1
122206,18674,71,1
122206,20310,70,2
122206,20482,28,4
122206,20482,47,3
122206,22388,41,1
122206,2343,297,1
122206,24093,0,1
122206,2420,70,3
122206,2431,70,1
122206,2431,72,1
122206,2431,28,3
122206,24324,0,1
122206,2454b,0,1
122206,2654,47,1
122206,27925,191,8
122206,29111,0,1
122206,30044,70,1
122206,30046,297,1
122206,3005,70,8
122206,3005,19,2
122206,30136,70,12
122206,30153,34,1
122206,3020,28,1
122206,3022,28,1
122206,3023,70,3
122206,3023,28,6
122206,3024,70,4
122206,3024,28,3
122206,3032,28,1
122206,3062b,19,10
122206,3062b,47,1
122206,3062b,36,1
122206,3068b,191,1
122206,3069bpr0359,19,1
122206,32028,70,1
122206,32828,0,1
122206,33909,70,2
122206,3460,28,6
122206,35480,484,4
122206,35480,28,2
122206,3659,19,1
122206,3660,19,1
122206,3666,72,3
122206,3666,70,1
122206,36752a,308,1
122206,36752a,28,1
122206,3710,28,3
122206,3710,19,1
122206,3710,70,4
122206,3795,70,1
122206,3795,484,1
122206,38648pat0001,0,1
122206,4032a,484,2
122206,4070,70,2
122206,41740,28,3
122206,4282,72,1
122206,44728,28,3
122206,4738c,1103,1
122206,4865b,28,1
122206,54200,28,4
122206,58176,0,1
122206,59900,52,1
122206,59900,0,1
122206,60581,19,1
122206,6141,28,1
122206,6141,484,4
122206,6266,70,1
122206,62810,70,1
122206,63965,70,1
122206,64644,308,3
122206,64647,182,2
122206,65509,70,1
122206,66252,72,4
122206,69934,0,1
122206,69934pr0006,0,1
122206,73825,70,4
122206,73983,70,2
122206,73983,72,2
122206,80835,1103,1
122206,85861,182,1
122206,85984,191,2
122206,87079,72,1
122206,87544,19,3
122206,87580,72,6
122206,90398pr0058,15,1
122206,91704,9999,1
122206,92950,19,1
122206,93160,15,1
122206,93273,191,2
122206,93273,0,4
122206,98138,84,2
122206,98283,19,1
122206,99207,70,2
122206,99207,72,5
122206,99563,70,3
122206,99781,28,1
122208,11203,0,4
122208,11610,72,4
122208,14716,19,4
122208,15068,85,8
122208,15571,71,1
122208,15573,70,2
122208,15573,71,1
122208,18674,70,2
122208,19798,72,1
122208,20310,71,2
122208,20482,28,4
122208,20482,0,3
122208,20482,47,1
122208,22388,71,2
122208,23986,15,1
122208,24093,27,1
122208,24246,19,3
122208,2431,484,1
122208,2431,0,1
122208,24324,27,1
122208,2449,320,4
122208,25269,320,2
122208,27925,191,8
122208,28192,70,1
122208,28621,41,1
122208,3004,320,1
122208,3005,320,26
122208,3005,19,8
122208,30153,47,1
122208,3020,308,1
122208,3023,191,12
122208,3023,320,3
122208,3024,19,4
122208,3031,70,1
122208,3062b,1055,1
122208,3062b,70,8
122208,3068b,191,1
122208,3069bpr0358,19,1
122208,3176,19,1
122208,33909,320,3
122208,3460,28,4
122208,35480,19,1
122208,35480,28,2
122208,3659,19,1
122208,3665,320,4
122208,3666,0,2
122208,36752a,308,2
122208,36752a,484,1
122208,3710,308,2
122208,3710,28,4
122208,37352,84,1
122208,37352,320,2
122208,37775,182,2
122208,38014,15,2
122208,38320,297,4
122208,4032a,308,2
122208,4070,19,2
122208,4070,70,4
122208,41740,70,3
122208,41740,19,3
122208,4282,72,1
122208,44728,19,2
122208,44728,70,4
122208,51283,47,1
122208,54200,19,3
122208,54200,70,4
122208,59900,71,2
122208,59900,46,1
122208,60581,72,1
122208,60592,70,4
122208,60594,70,1
122208,60897,70,3
122208,6091,320,2
122208,6141,297,10
122208,6141,0,3
122208,6141,179,6
122208,64644,19,4
122208,65509,484,1
122208,66252,0,4
122208,69934,85,1
122208,69934pr0005,85,1
122208,70681,0,1
122208,73983,191,2
122208,73983,0,2
122208,85861,70,2
122208,85984,191,2
122208,88072,19,2
122208,88292,320,4
122208,91671,9999,1
122208,92084,19,1
122208,93273,191,2
122208,93273,85,4
122208,93274,72,1
122208,95270,484,2
122208,98138,484,6
122208,99207,28,2
122208,99207,0,4
122208,99207,72,2
122208,99780,0,4
122276,12825,71,4
122276,2412b,72,4
122276,2566,0,2
122276,30033,0,1
122276,3005,25,4
122276,30162,72,2
122276,3022,0,2
122276,3023,47,2
122276,3023,25,3
122276,3023,15,4
122276,3024,15,1
122276,30359b,47,1
122276,30374,45,2
122276,3070b,25,4
122276,3665,0,4
122276,3710,71,1
122276,3795,0,2
122276,4006,0,1
122276,4032a,72,2
122276,4595,0,3
122276,54200,25,6
122276,59900,25,2
122276,60897,25,8
122276,6141,72,5
122276,6179pr0021,0,1
122276,74698,0,1
122276,87580,0,1
122276,92947,71,2
122276,98107pr0002,84,2
122277,2460,0,1
122277,30033,0,1
122277,3022,0,2
122277,3024,14,2
122277,30602,71,1
122277,3069b,14,1
122277,3176,72,1
122277,3623,72,2
122277,3710,14,1
122277,3710,71,1
122277,3794a,14,4
122277,3795,0,2
122277,4032a,72,1
122277,41769,14,1
122277,41770,14,1
122277,4274,71,2
122277,43722,71,1
122277,43723,71,1
122277,54200,40,1
122277,58247,0,1
122277,59900,14,3
122277,59900,71,2
122277,61252,71,2
122277,6141,80,1
122277,6179pr0020,0,1
122277,62462,0,1
122277,62462,14,1
122277,63864,71,2
122277,63965,14,3
122277,6541,14,2
122277,6558,1,1
122277,74698,0,1
122277,90194,71,1
122277,98107pr0001,378,2
122282,15573,27,1
122282,22388,19,2
122282,25269,19,2
122282,26603pr0040,14,1
122282,26604,19,2
122282,3004,14,2
122282,3005,27,2
122282,3020,15,1
122282,3068bpr9988,2,1
122282,3069b,27,2
122282,32952,15,1
122282,32952,1,1
122282,3622,27,1
122282,3622pr0056,27,1
122282,3623,27,1
122282,3623,19,1
122282,3700,14,2
122282,4070,27,2
122282,54200,4,1
122282,6141,71,3
122282,66788,14,2
122282,66857pr0002,19,1
122282,66859,14,1
122282,67931pat0001,2,1
122283,3626cpr9872,42,1
122283,53801pat0001,158,1
122283,970c15pr1763,323,1
122283,973c15h01pr4839,323,1
122284,3626cpr3141,42,1
122284,53821,158,1
122284,57881,378,1
122284,970c07,308,1
122284,973c25h03pr5040,378,1
122285,25411,158,1
122285,3626cpr2967,42,1
122285,3626cpr3141,42,1
122285,65195pr0004,1103,1
122285,65727,42,1
122285,93560,0,1
122285,970c24,379,1
122285,973c24h41pr5056,379,1
122287,3626cpr2967,42,1
122287,3833,15,1
122287,53821,158,2
122287,970c11pr1764,28,1
122287,973c03h23pr4841,25,1
122288,11211,15,1
122288,11211,19,1
122288,14769,15,2
122288,14769pr1169,19,1
122288,22885,19,1
122288,3004pr0057,15,1
122288,3022,19,1
122288,3023,19,1
122288,3023,15,2
122288,3068bpr0753,72,1
122288,37352pr0006,15,1
122288,37352pr0007,15,1
122288,44728,15,1
122288,6541,19,2
122288,66788,323,2
122288,66858,323,1
122288,67013pat0001,72,1
122288,85984,15,1
122288,87087,1,2
122289,11211,226,1
122289,14769,14,2
122289,14769pr1166,226,1
122289,22885,226,1
122289,3004,14,1
122289,3004pr0138,14,1
122289,3022,226,1
122289,3023,14,2
122289,3023,226,1
122289,3068bpr9980,2,1
122289,37352,14,1
122289,37352pr0004,14,1
122289,44728,14,1
122289,6541,226,2
122289,66788,14,2
122289,66858,2,1
122289,67013pat0001,2,1
122289,85984,14,1
122289,87087,1,2
122290,10202pr0008,15,1
122290,22484,4,1
122290,3004,4,1
122290,3004,15,7
122290,3009,15,6
122290,3010,15,7
122290,3023,1,2
122290,3023,70,1
122290,3034,15,1
122290,3068bpr0052,321,1
122290,32952,71,2
122290,3660,15,1
122290,3700,15,1
122290,37352,15,2
122290,3743,15,2
122290,39262,297,1
122290,3941,27,1
122290,3958,15,1
122290,4274,1,1
122290,44728,15,1
122290,6141,71,2
122291,49242,4,1
122291,58101pr0001,1,1
122291,67017pr0001,4,1
122291,98138,14,2
122291,98138,78,2
122292,3626cpr9872,42,1
122292,53801pat0001,158,1
122292,970c11pr1764,28,1
122292,973c14h23pr4843,25,1
122293,3624,320,1
122293,3626cpr2979,42,1
122293,53821,158,1
122293,970c10,320,1
122293,973c29h01pr4844,320,1
122294,15068,84,2
122294,15208,0,2
122294,3003pr0137,84,1
122294,3068bpr9989,84,1
122294,66858,84,1
122294,87087,84,2
122294,87087,15,2
122295,11477,4,3
122295,14769pr0032,4,1
122295,2420,84,1
122295,2420,4,1
122295,3021,4,2
122295,3023,308,2
122295,3023,4,3
122295,3023,84,1
122295,3024,4,1
122295,3024,308,1
122295,3024,84,1
122295,32952,19,1
122295,3700,4,2
122295,37352,4,2
122295,4274,71,2
122295,66859,1,1
122295,67095pr0006,15,1
122295,87087,4,1
122296,14769,4,1
122296,15573,15,1
122296,17485pr9999,1,1
122296,28660,78,2
122296,3003pr0146,78,1
122296,3022,2,1
122296,3937,71,1
122296,4032a,15,1
122296,6134,0,1
122296,66855pr0002,15,1
122296,66858,70,1
122296,98138,4,1
122297,3626cpr3145,42,1
122297,41811,0,1
122297,93560,3,1
122297,970c27pr1856,85,1
122297,973c46h09pr5060,15,1
122298,11211pr0001,78,1
122298,14769,15,1
122298,15573,15,1
122298,17485pr0006,4,1
122298,28660,78,2
122298,3022,2,1
122298,32474,5,2
122298,32828,19,2
122298,3937,71,1
122298,4032a,5,1
122298,6134,0,1
122298,6141,15,2
122298,66855pr0001,5,1
122298,66858,70,1
122298,85861,5,2
122298,99780,19,1
122301,11211,27,2
122301,14769,15,2
122301,15535,4,1
122301,15571,27,1
122301,15573,27,2
122301,18674,15,1
122301,25269,15,2
122301,25269,27,2
122301,2654,4,1
122301,3004pr0056,27,1
122301,3022,27,1
122301,3023,27,1
122301,3069b,15,1
122301,32028,15,1
122301,37352,27,1
122301,37352pr0003,27,1
122301,49307,4,2
122301,6541,27,2
122301,66788,27,2
122301,66858,25,1
122301,99207,27,3
122301,99781,27,1
122302,11303,272,1
122302,28621pr3246,42,1
122302,970c03pr1914,0,1
122302,973c05h01pr9704,272,1
122305,15573,30,1
122305,20482,29,1
122305,22388,191,6
122305,3022,30,3
122305,3068bpr9963,30,1
122305,3069bpr0293,30,1
122305,4032a,85,1
122305,67329,72,2
122308,3626cpr1665,14,1
122308,62810,484,1
122308,970c05,272,1
122308,973c27h01pr1192,0,1
122310,11055,15,2
122310,2412b,4,2
122310,2555,14,1
122310,2877,72,2
122310,3001,72,1
122310,3020,15,2
122310,3023,72,2
122310,30414,71,1
122310,3069b,15,8
122310,3069b,4,6
122310,3705,0,2
122310,3710,72,1
122310,3710,14,1
122310,3710,4,1
122310,3738,71,2
122310,3794b,71,1
122310,3846,71,1
122310,3941,72,2
122310,3957a,71,2
122310,4081b,71,2
122310,4282,15,1
122310,4477,72,2
122310,48336,0,1
122310,48729b,0,2
122310,50950,4,2
122310,52107,0,3
122310,58827,72,2
122310,60479,0,2
122310,6141,34,1
122310,6141,36,3
122310,63868,71,2
122310,6636,1,2
122310,87079,15,1
122310,95668,9999,1
122318,3626cpr3001,42,1
122318,53798,158,1
122318,58665,42,1
122318,970c41pr1770,484,1
122318,973c19h01pr4848,484,1
122319,20482,321,1
122319,3068b,272,1
122319,3068bpr9970,272,1
122319,3068bpr9971,272,1
122319,37775,182,1
122319,66858,14,1
122319,67329,72,2
122319,87580,272,2
122319,98375,484,1
122321,21445,0,1
122321,24593,0,2
122321,30367c,15,1
122321,35480,0,3
122321,60474,4,1
122321,86500pr9999,0,1
122321,87081,0,1
122322,30165pr0004,0,1
122322,3068b,0,1
122322,3068bpr9969,0,1
122322,3700,0,2
122322,4032a,0,1
122322,66788,15,2
122322,99207,0,2
122323,3068bpr9967,272,1
122323,66858pr0001,14,2
122323,67013pat0001,272,1
122323,85984,14,1
122323,85984pr0020,14,1
122323,99781,0,1
122324,15429pr0001,15,1
122324,3024,226,1
122324,3024,15,2
122324,3024,323,1
122324,3622pr9997,29,1
122324,3623,15,1
122324,3623pr9999,29,1
122324,4490,29,1
122324,54200,5,2
122324,6141,158,1
122324,85861,15,1
122324,89522,212,1
122329,3008apr0028,15,1
122329,3008apr0059,15,1
122329,3009apr0013,15,1
122329,3009apr0024,15,1
122329,3009pr0032,15,1
122329,3009pr0035,15,1
122329,3009pr0042,15,1
122329,3009pr0043,15,1
122329,3009pr0083,15,1
122329,3009pr0084,15,1
122329,3009pr0093,15,1
122344,2335,71,2
122344,2343,297,2
122344,2357,71,20
122344,2357,0,2
122344,2376,0,1
122344,2431,70,6
122344,2449,71,2
122344,2454a,71,4
122344,2458,72,3
122344,2460,288,2
122344,2460,71,1
122344,2476a,288,2
122344,2489,70,3
122344,2512,71,1
122344,2540,0,5
122344,2555,71,6
122344,2566,0,2
122344,2587,80,1
122344,2780,0,4
122344,2877,70,4
122344,3001,72,4
122344,3001,288,3
122344,3002,70,2
122344,3003,72,4
122344,3003,288,8
122344,3004,70,2
122344,3004,72,16
122344,3004,71,22
122344,3005,72,2
122344,3005,71,2
122344,3008,72,4
122344,3009,71,5
122344,3010,0,1
122344,3010,71,6
122344,3010,72,2
122344,3010,70,1
122344,3010,288,3
122344,30153,36,1
122344,3020,70,2
122344,3021,70,4
122344,3022,0,2
122344,3022,70,3
122344,30223,70,2
122344,3023,72,2
122344,3023,70,1
122344,30236,72,1
122344,30237a,70,1
122344,3024,0,2
122344,3028,72,3
122344,3029,71,2
122344,30293pat0002,72,1
122344,30294pat0001,72,1
122344,3030,72,7
122344,3034,71,1
122344,30374,0,6
122344,30385,80,4
122344,30385,82,4
122344,3039,71,4
122344,30395,72,1
122344,3040b,0,4
122344,3045,0,2
122344,3046a,72,2
122344,3048c,297,9
122344,3062b,70,2
122344,3069b,72,2
122344,3070b,72,2
122344,3188,288,2
122344,3189,288,2
122344,32012,72,1
122344,3228c,71,6
122344,32316,71,2
122344,32530,0,2
122344,32530,72,4
122344,32556,19,2
122344,32580,135,1
122344,33057,484,1
122344,3308,71,2
122344,3403c01,0,1
122344,3460,71,1
122344,3460,70,2
122344,3581,71,2
122344,3622,71,6
122344,3623,70,4
122344,3623,0,4
122344,3659,0,1
122344,3660,71,2
122344,3665,72,8
122344,3665,71,4
122344,3666,70,2
122344,3673,71,2
122344,3684,72,4
122344,3688,272,2
122344,3700,72,4
122344,3701,72,2
122344,3710,70,1
122344,3713,71,1
122344,3730,0,2
122344,3731,0,2
122344,3794a,0,3
122344,3795,70,11
122344,3830,70,2
122344,3831,70,2
122344,3832,70,2
122344,3837,0,1
122344,3841,72,2
122344,3847,135,1
122344,3894,72,4
122344,3937,71,1
122344,3941,70,9
122344,4032a,70,1
122344,4070,71,2
122344,4070,72,2
122344,41239,72,2
122344,41539,72,1
122344,4274,71,10
122344,4287b,72,4
122344,4287b,70,4
122344,43093,1,2
122344,43337,71,8
122344,4424,70,2
122344,4460b,71,10
122344,4460b,72,4
122344,4477,70,2
122344,4503,80,1
122344,4522,0,1
122344,4589,0,5
122344,4600,0,4
122344,4735,0,4
122344,47847,72,2
122344,47905,0,5
122344,47905,72,1
122344,48183,288,4
122344,48723,70,3
122344,50254,0,8
122344,53451,15,2
122344,53705,1092,8
122344,54200,272,14
122344,54200,0,1
122344,54200,288,4
122344,55013,72,1
122344,55817,132,1
122344,56823c50,0,1
122344,59231pr0002,72,3
122344,6020,0,3
122344,60674,71,1
122344,60752,134,2
122344,6082pat0001,72,1
122344,6083,72,1
122344,6111,71,5
122344,6126a,57,4
122344,6134,0,1
122344,6141,71,4
122344,6141,0,4
122344,6141,57,4
122344,61856pr0001,72,1
122344,6231,71,4
122344,6232,72,2
122344,62462,71,1
122344,6249,72,1
122344,6541,71,1
122344,6636,70,12
122344,75c32,148,1
122450,15672,1,2
122450,15712,15,2
122450,2412b,71,2
122450,298c02,4,1
122450,3004,1,1
122450,3020,0,1
122450,3021,1,1
122450,3023,0,2
122450,3039,71,1
122450,3069b,1,2
122450,32013,15,1
122450,32064a,15,2
122450,3623,15,2
122450,3666,0,2
122450,3673,71,1
122450,3747b,15,1
122450,43713,72,1
122450,44294,71,1
122450,47456,0,1
122450,49153,0,1
122450,6091,1,2
122450,6636,0,4
122450,67737,0,1
122450,90194,15,1
122450,92474,41,1
122450,92842,0,1
122450,99207,15,2
122497,15573,4,3
122497,15712,4,2
122497,24299,4,1
122497,24307,4,1
122497,2540,0,1
122497,3003,70,1
122497,3022,4,1
122497,3023,72,4
122497,3023,0,1
122497,3660,70,2
122497,3795,0,1
122497,44676,15,2
122497,4600,71,3
122497,50254,0,6
122497,54200,4,2
122497,60897,72,2
122497,61252,320,2
122497,6141,297,2
122497,63965,297,1
122497,64567,0,1
122497,87580,4,2
122497,87994,0,2
122497,88292,70,2
122497,95344,297,2
122498,19220,0,1
122498,3022,25,1
122498,3023,3,1
122498,32064a,0,2
122498,4590,3,1
122498,50943,1103,1
122498,57585,71,2
122498,59900,25,2
122498,61800,3,2
122500,24093,27,1
122500,24324,27,1
122500,28621pr3498,47,1
122500,3069bpr0314,19,1
122500,36752a,308,1
122500,6141,84,1
122500,6254,27,1
122515,15070,297,2
122515,21459,179,2
122515,22388,182,2
122515,3024,182,2
122515,30374,297,1
122515,92690,297,1
122520,11211,19,2
122520,15068,84,2
122520,15068pr0053,84,1
122520,18649,71,1
122520,3022,84,1
122520,3023,84,2
122520,3068bpr9732,84,1
122520,66792,71,1
122520,66858,84,1
122520,99207,28,2
122521,11203pr0132,15,1
122521,14769,14,2
122521,18674,15,1
122521,3004,321,2
122521,3020,321,1
122521,3021,321,2
122521,3040b,321,2
122521,37352pr0009,14,1
122521,37352pr0010,14,1
122521,3937,15,1
122521,3942c,321,1
122521,43898,15,1
122521,44728,14,1
122521,6134,15,1
122521,6541,321,2
122521,66788,14,2
122521,66858,4,1
122521,85984,321,1
122521,85984,14,1
122521,87087,14,2
122521,87994,1,1
122521,98138pr0254,0,2
122521,99780,0,1
122522,14769pr1220,0,1
122522,15068,0,2
122522,15068,484,2
122522,2654,0,1
122522,3023,484,2
122522,3068b,484,1
122522,3068bpr0552,484,1
122522,3068bpr9978,484,1
122522,4871,0,1
122522,67329,72,2
122522,79750,70,1
122522,99207,0,2
122524,15573,4,2
122524,15573,15,1
122524,20482,29,1
122524,3022,15,1
122524,30237b,4,2
122524,3068bpr0042,4,1
122524,3069bpr0294,4,1
122524,4032a,15,1
122524,44728,4,2
122524,50950,14,1
122524,67928,15,2
122525,3626cpr2979,42,1
122525,53821,158,1
122525,93560,0,1
122525,970c12pr1750,72,1
122525,973c03h19pr4824,0,1
122527,3626cpr9865,42,1
122527,53800,42,1
122527,57881,191,1
122527,970c38pr1746,191,1
122527,973c38h03pr4820,191,1
122528,3626cpr2979,42,1
122528,53798,158,1
122528,970c23pr1748,84,1
122528,973c26h03pr4821,19,1
122529,11203,19,4
122529,22388,10,11
122529,24866,31,1
122529,3004,28,4
122529,3023,2,4
122529,3068b,28,2
122529,3068bpr0428,191,1
122529,3068bpr9976,28,1
122529,59900,2,4
122529,67329,72,4
122529,87580,191,12
122529,88072,14,4
122529,98262,4,1
122530,15573,191,2
122530,15573,15,1
122530,20482,29,1
122530,3022,15,1
122530,30237b,191,2
122530,3068bpr9968,191,1
122530,3069bpr0294,191,1
122530,4032a,15,1
122530,44728,191,2
122530,50950,14,1
122530,67928,15,2
122531,3626cpr2967,42,1
122531,41879a,379,1
122531,58665,42,1
122531,973c14h01pr4842,71,1
122532,22388,0,6
122532,3068bpr0426,0,1
122532,3068bpr9966,0,1
122532,3070b,0,6
122532,4032a,0,1
122532,67329,72,2
122533,3626cpr9872,42,1
122533,58665,42,1
122533,93560,0,1
122533,970c12pr1750,72,1
122533,973c27h03pr4827,379,1
122535,15068,484,2
122535,3023,484,2
122535,3068b,484,1
122535,3068bpr0432,484,1
122535,3068bpr9978,484,1
122535,66858,70,1
122535,67329,72,2
122536,15068,484,2
122536,3023,484,2
122536,3068b,484,1
122536,3068bpr0427,484,1
122536,3068bpr9978,484,1
122536,66858,70,1
122536,67329,72,2
122541,15068,484,2
122541,3023,484,2
122541,3068b,484,1
122541,3068bpr0430,484,1
122541,3068bpr9978,484,1
122541,66858,70,1
122541,67329,0,2
122551,15068,484,2
122551,26604,0,2
122551,3023,484,2
122551,3068bpr9964,484,1
122551,3068bpr9965,484,1
122551,60897,0,2
122551,66858,70,1
122551,67928,15,2
122551,87087,484,2
122551,99206,19,1
122552,27151,4,1
122552,28621pr3143,42,1
122552,41879a,484,1
122552,65726b,42,2
122552,95674,322,1
122552,973c42h27pr5059,322,1
122553,22388,15,8
122553,2420,4,4
122553,3004,4,3
122553,3022,4,1
122553,3023,4,2
122553,3024,15,8
122553,3069b,15,2
122553,3660,4,1
122553,44567b,72,2
122553,50340,4,1
122553,54661,10,1
122553,6091,15,4
122553,6091,4,4
122553,87087,15,4
122553,99780,15,2
122555,3068bpr9961,4,1
122555,66858pr0001,14,2
122555,67931pat0001,4,1
122555,85984,14,1
122555,85984pr0018,14,1
122555,99781,0,2
122556,2446,484,1
122556,30090,41,1
122556,3626cpr3133,42,1
122556,3838a,484,1
122556,970c26pr1854,484,1
122556,973c26h41pr5054,19,1
122557,3626cpr3020,42,1
122557,53801pat0001,158,1
122557,970c05,272,1
122557,973c05h01pr4850,272,1
122558,10202,71,3
122558,11211,4,1
122558,11477,71,2
122558,15571,71,10
122558,20482,71,4
122558,22885,15,4
122558,26603,71,2
122558,3005,73,2
122558,3010,25,2
122558,3020,1,2
122558,3020,71,2
122558,3021,15,1
122558,3023,19,5
122558,3024,14,6
122558,3031,72,1
122558,3032,71,1
122558,3040b,2,1
122558,30414,4,1
122558,3068bpr0057,71,1
122558,3069b,27,2
122558,32556,19,2
122558,3298,0,1
122558,3622,19,4
122558,3665,1,1
122558,3666,71,11
122558,3673,71,2
122558,3710,71,1
122558,3710,70,1
122558,4081b,71,2
122558,4286,0,2
122558,44728,72,2
122558,6141,2,5
122558,62462,0,2
122558,63864,71,2
122558,6541,226,6
122558,87079pr0229,71,1
122558,87079pr0230,71,1
122558,87609,71,1
122558,93274,71,3
122558,99207,71,3
122558,99780,4,2
122559,11211,226,1
122559,14769,14,2
122559,14769pr1166,226,1
122559,22885,226,1
122559,3004,14,1
122559,3004pr0138,14,1
122559,3022,226,1
122559,3023,226,1
122559,3023,14,2
122559,3068bpr9905,4,1
122559,37352,14,1
122559,37352pr0004,14,1
122559,3957b,47,1
122559,44728,14,1
122559,48729b,15,2
122559,6541,226,2
122559,66788,14,2
122559,66858,4,1
122559,67928,15,2
122559,73715pat0001,4,1
122559,85984,14,1
122559,87087,1,2
122563,11211,226,1
122563,14769,14,2
122563,14769pr1166,226,1
122563,22885,226,1
122563,3004,14,1
122563,3004pr0138,14,1
122563,3022,226,1
122563,3023,226,1
122563,3023,14,2
122563,3068bpr9901,4,1
122563,37352,14,1
122563,37352pr0004,14,1
122563,44728,14,1
122563,48729b,15,2
122563,6541,226,2
122563,66788,14,2
122563,66858,4,1
122563,67928,15,2
122563,73715pat0001,4,1
122563,85984,14,1
122563,87087,1,2
122604,15573,25,1
122604,22388,182,3
122604,3023,182,4
122604,3023,25,1
122604,3068bpr0433,14,1
122604,3068bpr9973,14,1
122604,4032a,14,1
122604,67329,14,2
122606,22388,15,8
122606,22961,15,1
122606,2654,4,1
122606,3004,4,4
122606,3024,15,4
122606,3069b,15,2
122606,32523,4,1
122606,3673,71,10
122606,3710,15,2
122606,3941,10,1
122606,43857,10,9
122606,48336,4,1
122606,60470b,4,1
122606,6091,15,4
122606,6091,4,4
122606,87087,15,4
122606,99780,15,2
122607,15573,25,1
122607,22388,182,3
122607,3023,25,1
122607,3023,182,4
122607,3068bpr0056,14,1
122607,3068bpr0433,14,1
122607,4032a,14,1
122607,67329,14,2
122608,20482,321,1
122608,3068b,272,1
122608,3068bpr9902,272,1
122608,3068bpr9970,272,1
122608,37775,182,1
122608,66858,14,1
122608,67329,72,2
122608,87580,272,2
122608,98375,484,1
122609,3068bpr9898,4,1
122609,66858pr0001,14,2
122609,67931pat0001,4,1
122609,85984,14,1
122609,85984pr0018,14,1
122609,99781,0,2
122610,13547,321,1
122610,2476a,15,2
122610,25269,19,2
122610,26603pr0047,14,1
122610,26604,19,2
122610,3004,14,2
122610,3005,10,3
122610,3005pr0027,10,1
122610,3023,10,3
122610,3024,14,4
122610,3024,321,5
122610,3068bpr9903,321,1
122610,3069b,10,3
122610,3070b,10,2
122610,32952,1,1
122610,33492,71,1
122610,3622pr0059,10,1
122610,3623,14,1
122610,3700,14,2
122610,3957b,71,1
122610,54200,321,3
122610,6141,182,1
122610,6541,70,2
122610,66788,14,2
122610,66857pr0006,19,1
122610,66859,14,1
122610,67931pat0001,321,1
122610,73825,72,1
122611,15068,10,2
122611,15672,4,2
122611,18654,10,1
122611,18677,4,2
122611,22388,15,8
122611,2420,4,4
122611,24316,70,1
122611,2780,0,3
122611,3004,4,2
122611,3022,4,2
122611,3023,70,2
122611,3023,4,4
122611,3024,15,10
122611,3024,4,2
122611,3069b,15,2
122611,32064a,2,2
122611,32123b,71,2
122611,32316,10,2
122611,32607,2,4
122611,32803,320,2
122611,36840,4,2
122611,3701,70,2
122611,3705,4,1
122611,6091,15,4
122611,6091,4,4
122611,61408,4,2
122611,85984,10,2
122611,87087,15,4
122611,99008,19,1
122611,99207,19,2
122611,99780,15,2
122612,11477,4,3
122612,14769pr9993,4,1
122612,20482,321,1
122612,3021,4,2
122612,3023,4,2
122612,3024,4,1
122612,3024,297,1
122612,32952,19,1
122612,3700,4,2
122612,37352,4,2
122612,4274,71,2
122612,54568,321,1
122612,66859,1,1
122612,67095pr0006,15,1
122612,73831,4,1
122612,73831,308,1
122612,73831,84,1
122612,87087,4,1
122613,11610,0,1
122613,15068,484,2
122613,24855,15,1
122613,3023,484,2
122613,3068bpr0493,484,1
122613,3068bpr9887,484,1
122613,43898pr1007,15,1
122613,66858,70,1
122613,67329,0,2
122613,85861,15,2
122613,87580,484,1
122614,15573,0,2
122614,3068bpr9893,0,1
122614,3068bpr9894,0,1
122614,54200,0,4
122614,66858,0,1
122614,67329,0,2
122614,87580,0,2
122615,14719,4,1
122615,26604,0,1
122615,3068b,4,1
122615,3068bpr9890,4,1
122615,3068bpr9891,4,1
122615,3070b,4,1
122615,32828,0,1
122615,32952,72,1
122615,54200,4,2
122615,66858,14,1
122615,67329,0,1
122615,85861,4,2
122615,87087,4,1
122615,87580,4,1
122616,15068,484,2
122616,3023,484,2
122616,3068b,484,1
122616,3068bpr9899,484,1
122616,3068bpr9978,484,1
122616,66858,70,1
122616,67329,72,2
122617,14769,25,12
122617,2654,70,1
122617,3004,14,1
122617,3004pr0066,14,1
122617,3021,25,4
122617,3021,14,4
122617,3022,25,3
122617,3023,14,19
122617,3069b,14,3
122617,3176,14,8
122617,32606,15,1
122617,33909,14,13
122617,34103,14,12
122617,4032a,70,2
122617,41682,14,1
122617,4727,10,1
122617,66859,26,4
122617,73825,14,10
122617,85984,14,4
122617,87580,14,1
122617,88072,25,4
122617,99207,14,10
122618,15068,15,2
122618,3023,15,1
122618,3068b,15,1
122618,3068bpr0494,15,1
122618,3068bpr9892,15,1
122618,34103,3,1
122618,34103pr0001,3,1
122618,66858,3,1
122618,67329,15,2
122619,15429pr0001,15,1
122619,20482,158,1
122619,3024,323,1
122619,3024,226,1
122619,3024,15,2
122619,35459,15,1
122619,3622pr0050,29,1
122619,3623pr0028,29,1
122619,4490,29,1
122619,54200,5,2
122619,85861,15,1
122619,89522,212,1
122620,15429pr0014,5,1
122620,20482,158,1
122620,3024,226,1
122620,3024,323,1
122620,35459,15,1
122620,3622pr0054,29,1
122620,3623pr0028,29,1
122620,4490,29,1
122620,54200,5,2
122620,60481pr0001,15,2
122620,85861,15,1
122620,89522,212,1
122621,15712,70,1
122621,18041,179,1
122621,28974,70,1
122621,3024,70,2
122621,3024,191,2
122621,3622pr0014,4,1
122621,3623,191,1
122621,3623pr0027,72,1
122621,42859pr0001,4,1
122621,4490pr0027,4,1
122621,54200,4,2
122621,85861,72,2
122621,89522,4,1
122622,15712,70,1
122622,18041,179,1
122622,3024,191,2
122622,3024,70,2
122622,3622pr9999,4,1
122622,3623,191,1
122622,3623pr0027,72,1
122622,42446,70,1
122622,42859pr0001,4,1
122622,4490pr0027,4,1
122622,54200,4,2
122622,85861,72,2
122622,89522,4,1
122623,15429pr0001,15,1
122623,3024,15,1
122623,3024,323,1
122623,3024,29,1
122623,3040b,29,1
122623,3622pr0009,29,1
122623,3623,15,1
122623,3623pr0010,29,1
122623,54200,5,2
122623,6141,158,1
122623,85861,15,1
122623,87087,29,1
122623,89522,212,1
122674,132a,7,4
122674,3001a,14,1
122674,3004,14,4
122674,3004,1,4
122674,3004pr9974,4,1
122674,3005,4,2
122674,3005,1,4
122674,3009,1,8
122674,3009,47,1
122674,3009,14,2
122674,3009pr0007,1,2
122674,3010,47,1
122674,3010,1,6
122674,3020,14,2
122674,3021,14,1
122674,3022,47,2
122674,3022,14,3
122674,3022,0,2
122674,3027,7,2
122674,3176,4,1
122674,3192,1,1
122674,3193,1,1
122674,3194,1,1
122674,3195,1,1
122674,7039,4,4
122674,7049bc01,15,1
122674,709,14,1
122674,711,14,1
122674,799c800,15,1
122674,801,14,1
122674,802,14,1
122674,805,7,1
122675,3008apr0008,15,1
122675,3008apr0034,15,1
122675,3008apr0055,15,1
122675,3008pr0014,15,1
122675,3008pr0060,15,1
122675,3008pr0061,15,1
122677,3008apr0008,15,1
122677,3008apr0034,15,1
122677,3008apr0055,15,1
122677,3008pr0014,15,1
122677,3008pr0060,15,1
122677,3008pr0061,15,1
122681,3035a,15,1
122681,upn0177,47,1
122706,3008apr0005,15,1
122706,3008apr0017,15,1
122706,3008apr0027,15,1
122706,3008apr0066,15,1
122706,3008apr0067,15,1
122706,3008apr0069,15,1
122706,3008apr0076,15,1
122706,3008apr0077,15,1
122706,3008pr0020,15,1
122706,3008pr0070,15,1
122707,3008apr0005,15,1
122707,3008apr0017,15,1
122707,3008apr0069,15,1
122707,3008apr0077,15,1
122707,3008pr0020,15,1
122713,3008apr0014,15,1
122713,3008pr0021,15,1
122713,3008pr0024,15,1
122713,3008pr0029,15,1
122713,3008pr0054,15,1
122713,3008pr0066,15,1
122714,3001a,0,13
122714,3004,4,8
122714,3005,47,2
122714,3005,14,8
122714,3005,0,8
122714,3005,4,16
122714,3008,4,4
122714,3008pr0062,0,2
122714,3008pr0063,0,1
122714,3008pr0064,0,1
122714,3009,14,4
122714,3009,0,4
122714,3010,14,16
122714,3010,0,3
122714,3010,4,2
122714,3010pr9945,14,1
122714,3010pr9946,14,1
122714,3010pr9971,14,1
122714,3010pr9972,14,1
122714,3020,1,6
122714,3020,7,20
122714,3020,4,3
122714,3020,0,8
122714,3021,0,5
122714,3021,4,26
122714,3022,0,5
122714,3022,7,2
122714,3022,14,1
122714,3022,1,6
122714,3023,4,4
122714,3023,7,6
122714,3023,0,10
122714,3024,4,2
122714,3024,0,2
122714,3027,7,5
122714,3034,15,20
122714,3037,0,6
122714,3038,0,2
122714,3039,0,4
122714,3040a,0,2
122714,3045,0,2
122714,3058b,7,1
122714,3062a,0,1
122714,3065,47,26
122714,3087bc01,4,2
122714,3192,4,2
122714,3193,4,2
122714,3228a,1,8
122714,3229a,1,16
122714,3230a,1,16
122714,458,7,4
122714,468c01,0,1
122714,7049bc01,15,8
122714,737,4,5
122714,737bc01,4,5
122714,996ac15,15,1
122714,upn0284c02,0,1
122714,upn0384a,4,16
122714,upn0384b,4,4
122734,3035a,15,1
122734,upn0177,47,1
122744,3008apr0008,15,1
122744,3008apr0021,15,1
122744,3008apr0034,15,1
122744,3008apr0054,15,1
122744,3008apr0055,15,1
122744,3008pr0014,15,1
122744,3008pr0060,15,1
122744,3008pr0061,15,1
122744,661pr0001,1121,1
122744,661pr0001,0,1
122744,661pr0001,1126,1
122744,661pr0001,1109,1
122744,661pr0001,4,1
122744,661pr0001,7,1
122747,3007pr0002,14,1
122747,3007pr0003,14,1
122747,3007pr0004,14,1
122747,3007pr0005,14,1
122747,3007pr0006,14,1
122767,111539pat0001,272,2
122767,30374,41,1
122767,upn0470pr0002,0,1
122768,111539pat0001,0,2
122768,3068bpr9640,15,1
122768,3068bpr9641,15,1
122768,3068bpr9642,15,1
122768,3068bpr9643,15,1
122768,3068bpr9644,15,1
122768,3068bpr9645,15,1
122768,3068bpr9646,15,1
122768,3068bpr9647,15,1
122768,3068bpr9648,15,1
122768,3068bpr9649,15,1
122768,3068bpr9650,15,1
122768,3068bpr9651,15,1
122768,3068bpr9652,15,1
122768,3068bpr9653,15,1
122768,3068bpr9654,15,1
122768,3068bpr9655,15,1
122768,3068bpr9656,15,1
122768,upn0470pr0002,0,1
122768,upn0471,272,1
122770,3626cpr0514,78,1
122770,61189pr0003,15,1
122770,970c27,0,1
122770,973c27h03pr0470,15,1
122824,32073,0,1
122824,32174,0,6
122824,32556a,7,1
122824,3706,0,2
122824,41659,2,2
122824,41665,2,2
122824,41666,7,2
122824,41667,7,1
122824,41668,2,2
122824,41669,36,2
122824,41670,27,4
122824,41671pat0002,2,1
122824,41672,0,2
122824,41673,7,1
122824,42074,15,2
122824,4519,0,5
122824,6628b,0,2
122824,85544,2,1
122825,32073,0,1
122825,32174,0,6
122825,32556a,7,1
122825,3706,0,2
122825,41660,15,2
122825,41665,15,2
122825,41666,7,2
122825,41667,7,1
122825,41668,15,2
122825,41669,41,2
122825,41670,7,4
122825,41671pat0002,15,1
122825,41672,0,2
122825,41673,7,1
122825,42074,15,2
122825,4519,0,5
122825,6628b,0,2
122825,85544,2,1
122826,32073,0,1
122826,32174,0,6
122826,32556a,7,1
122826,3706,0,2
122826,41661,4,2
122826,41665,4,2
122826,41666,7,2
122826,41667,7,1
122826,41668,4,2
122826,41669,33,2
122826,41670,25,4
122826,41671pat0002,4,1
122826,41672,0,2
122826,41673,7,1
122826,42074,15,2
122826,4519,0,5
122826,6628b,0,2
122826,85544,2,1
122827,32073,0,1
122827,32174,0,6
122827,32556a,7,1
122827,3706,0,2
122827,41664,1,2
122827,41665,1,2
122827,41666,7,2
122827,41667,7,1
122827,41668,1,2
122827,41669,57,2
122827,41670,73,4
122827,41671pat0002,1,1
122827,41672,0,2
122827,41673,7,1
122827,42074,15,2
122827,4519,0,5
122827,6628b,0,2
122827,85544,2,1
122828,32073,0,1
122828,32174,0,6
122828,32556a,7,1
122828,3706,0,2
122828,41663,0,2
122828,41665,0,2
122828,41666,7,2
122828,41667,7,1
122828,41668,0,2
122828,41669,42,2
122828,41670,8,4
122828,41671pat0002,0,1
122828,41672,0,2
122828,41673,7,1
122828,42074,15,2
122828,42718pr0001,47,1
122828,4519,0,5
122828,6628b,0,2
122828,85544,2,1
122828,upn0004,148,1
122828,upn0482,148,1
122829,32073,0,1
122829,32174,0,6
122829,32556a,7,1
122829,3706,0,2
122829,41662,6,2
122829,41665,6,2
122829,41666,7,2
122829,41667,7,1
122829,41668,6,2
122829,41669,34,2
122829,41670,19,4
122829,41671pat0002,6,1
122829,41672,0,2
122829,41673,7,1
122829,42074,15,2
122829,4519,0,5
122829,6628b,0,2
122829,85544,2,1
122830,32073,7,1
122830,32174,135,6
122830,32556a,7,1
122830,3706,0,2
122830,41665,4,2
122830,41666,7,2
122830,41667,7,1
122830,41668,135,2
122830,41669,33,2
122830,41670,4,4
122830,41671pr0002,135,1
122830,41672,0,2
122830,41673,7,1
122830,4199266,9999,1
122830,42074,15,2
122830,44937,135,2
122830,4519,7,5
122830,6628,0,2
122830,85544,2,1
122831,32073,7,1
122831,32174,135,6
122831,32556a,7,1
122831,3706,0,2
122831,41665,0,2
122831,41666,7,2
122831,41667,7,1
122831,41668,135,2
122831,41669,42,2
122831,41670,0,4
122831,41671pr0001,135,1
122831,41672,0,2
122831,41673,7,1
122831,4199265,9999,1
122831,42074,15,2
122831,4519,7,5
122831,45275,135,2
122831,6628,0,2
122831,85544,2,1
122832,32073,7,1
122832,32174,135,6
122832,32556a,7,1
122832,3706,0,2
122832,41665,15,2
122832,41666,7,2
122832,41667,7,1
122832,41668,135,2
122832,41669,41,2
122832,41670,15,4
122832,41671pr0003,135,1
122832,41672,0,2
122832,41673,7,1
122832,42074,15,2
122832,44938,135,2
122832,4519,7,5
122832,46652,9999,1
122832,6628,0,2
122832,85544,2,1
122833,32073,7,1
122833,32174,135,6
122833,32556a,7,1
122833,3706,0,2
122833,41665,2,2
122833,41666,7,2
122833,41667,7,1
122833,41668,135,2
122833,41669,36,2
122833,41670,2,4
122833,41671pr0004,135,1
122833,41672,0,2
122833,41673,7,1
122833,4199272,9999,1
122833,42074,15,2
122833,44936,135,2
122833,4519,7,5
122833,6628,0,2
122833,85544,2,1
122834,32073,7,1
122834,32174,135,6
122834,32556a,7,1
122834,3706,0,2
122834,41665,6,2
122834,41666,7,2
122834,41667,7,1
122834,41668,135,2
122834,41669,34,2
122834,41670,6,4
122834,41671pr0005,135,1
122834,41672,0,2
122834,41673,7,1
122834,4199273,9999,1
122834,42074,15,2
122834,4519,7,5
122834,45276,135,2
122834,6628,0,2
122834,85544,10,1
122835,32073,7,1
122835,32174,135,6
122835,32556a,7,1
122835,3706,0,2
122835,41665,1,2
122835,41666,7,2
122835,41667,7,1
122835,41668,135,2
122835,41669,57,2
122835,41670,1,4
122835,41671pr0006,135,1
122835,41672,0,2
122835,41673,7,1
122835,4199274,9999,1
122835,42074,15,2
122835,4519,7,5
122835,45274,135,2
122835,6628,0,2
122835,85544,2,1
122859,3068bpr0154,15,1
122859,3068bpr9620,15,1
122859,3068bpr9621,15,1
122859,3068bpr9622,15,1
122859,3068bpr9623,15,1
122859,3068bpr9624,15,1
122859,3068bpr9625,15,1
122859,3068bpr9626,15,1
122859,3068bpr9627,15,1
122859,3068bpr9628,15,1
122859,3068bpr9629,15,1
122859,3068bpr9630,15,1
122859,3068bpr9631,15,1
122859,3068bpr9632,15,1
122859,3068bpr9633,15,1
122859,3068bpr9634,15,1
122859,3068bpr9635,15,1
122859,3068bpr9636,15,1
122859,3068bpr9637,15,1
122859,3068bpr9638,15,1
122859,3068bpr9639,15,1
122859,upn0469,0,1
122865,10197,72,6
122865,10928,72,1
122865,11055,15,6
122865,11055,4,2
122865,11212,71,1
122865,11212,0,1
122865,11214,4,41
122865,11458,72,2
122865,11477,0,1
122865,11478,0,16
122865,11478,72,8
122865,11946,72,1
122865,11947,72,1
122865,15458,0,7
122865,15458,72,3
122865,15462,70,3
122865,15535,0,6
122865,15535,71,1
122865,15672,71,3
122865,18575,19,2
122865,18651,0,42
122865,18654,71,3
122865,18654,0,23
122865,18654,72,20
122865,18674,72,1
122865,18677,0,10
122865,18946,4,4
122865,18947,72,2
122865,20482,71,1
122865,21980,15,1
122865,22169,72,3
122865,22484,72,1
122865,22961,72,20
122865,24116,0,3
122865,24119,0,2
122865,2412b,71,3
122865,2412b,0,5
122865,2431,0,3
122865,24316,70,18
122865,25214,71,2
122865,25214,0,6
122865,2654,0,2
122865,2654,47,2
122865,26603,0,2
122865,2723,0,1
122865,2736,71,3
122865,27940,72,4
122865,2817,0,5
122865,2819,0,1
122865,2825,71,8
122865,29119,72,1
122865,29120,72,1
122865,298c02,0,1
122865,3020,0,4
122865,3021,71,3
122865,3022,71,1
122865,3023,0,4
122865,3023,2,1
122865,3024,182,3
122865,3024,72,6
122865,30367c,4,2
122865,30374,72,4
122865,30374,0,3
122865,3068b,0,3
122865,3068b,71,1
122865,3069b,182,2
122865,3069b,47,2
122865,3069b,36,4
122865,3070b,72,2
122865,3070b,0,2
122865,3070b,182,2
122865,31794,71,10
122865,32002,19,6
122865,32005a,72,1
122865,32009,0,2
122865,32013,0,10
122865,32016,72,2
122865,32034,0,19
122865,32056,0,12
122865,32062,4,33
122865,32063,71,8
122865,32073,14,16
122865,32123b,71,7
122865,32126,72,10
122865,32140,0,10
122865,32140,72,17
122865,32184,72,10
122865,32184,0,1
122865,32192,72,4
122865,32270,0,6
122865,32278,72,2
122865,32316,0,21
122865,32316,326,4
122865,32316,72,8
122865,32449,72,10
122865,32523,72,8
122865,32523,0,10
122865,32523,15,14
122865,32524,72,11
122865,32524,10,5
122865,32525,72,21
122865,32525,10,9
122865,32526,10,4
122865,32526,72,8
122865,32526,0,3
122865,32557,71,4
122865,32828,0,2
122865,35185,1,1
122865,35188,25,2
122865,35442,0,2
122865,3622,71,1
122865,3623,71,1
122865,3623,0,4
122865,3623,72,2
122865,3648b,72,3
122865,3673,71,3
122865,3705,4,3
122865,3705,0,5
122865,3706,4,5
122865,3710,0,1
122865,3713,4,18
122865,3737,0,4
122865,3749,19,10
122865,3941,4,4
122865,3941,15,2
122865,3941,0,2
122865,39793,0,2
122865,39793,15,3
122865,39794,0,2
122865,39888,19,10
122865,4032a,71,1
122865,4032a,0,11
122865,40490,71,1
122865,40490,0,4
122865,41239,0,15
122865,41530,179,1
122865,4162,0,1
122865,41677,0,26
122865,41677,72,29
122865,4185,0,2
122865,42003,71,12
122865,42003,72,5
122865,42135,0,15
122865,42135,72,10
122865,42195,4,4
122865,4274,71,47
122865,42924,1,128
122865,43093,1,102
122865,43857,10,4
122865,43857,0,8
122865,43898,47,2
122865,43898,0,1
122865,44294,71,5
122865,44375b,0,4
122865,44874,0,9
122865,4519,71,48
122865,46490,71,4
122865,46834,15,2
122865,46835,72,2
122865,48267,72,2
122865,48729b,0,3
122865,49130,71,2
122865,49283,1,2
122865,49283,4,2
122865,49283,15,2
122865,49283,2,1
122865,49661pr0001,14,1
122865,52730,72,6
122865,52731,71,7
122865,54200,182,2
122865,54200,0,1
122865,55013,72,3
122865,56908,71,4
122865,59426,72,1
122865,59443,72,29
122865,59900,0,2
122865,60483,71,8
122865,60483,72,11
122865,60484,0,13
122865,60485,14,3
122865,60849,0,2
122865,61184,71,2
122865,61252,71,1
122865,61332,0,348
122865,61408,4,1
122865,6190,0,2
122865,62462,0,25
122865,62462,15,6
122865,62531,72,2
122865,62531,0,4
122865,63869,0,2
122865,63869,71,19
122865,63965,0,4
122865,64179,0,4
122865,64782,0,1
122865,64782,72,5
122865,65304,0,14
122865,65304,71,20
122865,6536,15,1
122865,6536,72,34
122865,65413,4,2
122865,65414,71,2
122865,65487,72,4
122865,65487,71,32
122865,65489,71,7
122865,6573,4,1
122865,6587,28,3
122865,6589,19,13
122865,6629,0,4
122865,6632,0,14
122865,6632,72,10
122865,6636,0,1
122865,66906,4,9
122865,69819,72,2
122865,69912,0,4
122865,71708,72,11
122865,71708,0,6
122865,71709,72,3
122865,71709,0,8
122865,71710,0,2
122865,73507,0,9
122865,75902pr0028,0,1
122865,77590,71,3
122865,77604,9999,1
122865,78c03,179,1
122865,85824,71,1
122865,85861,0,4
122865,87079,71,1
122865,87083,72,26
122865,87761,0,1
122865,87994,72,2
122865,87994,10,1
122865,88646,0,2
122865,89954c01,4,4
122865,92907,0,2
122865,92947,72,1
122865,92947,71,7
122865,93273,0,1
122865,94925,71,12
122865,98138,182,10
122865,98138,47,4
122865,98138,0,3
122865,99008,19,2
122865,99773,71,4
122865,99780,0,2
122876,11214,4,13
122876,14720,71,1
122876,15460,72,2
122876,15462,70,2
122876,18651,0,8
122876,18654,15,1
122876,18654,0,1
122876,18945,26,2
122876,22169,72,2
122876,31794,71,4
122876,32002,19,6
122876,32005a,0,2
122876,32013,0,2
122876,32016,0,2
122876,32017,71,2
122876,32034,4,1
122876,32054,71,9
122876,32062,4,2
122876,32065,0,1
122876,32073,71,3
122876,32123b,14,6
122876,32126,0,4
122876,32140,0,7
122876,32184,71,7
122876,32271,72,2
122876,32316,0,14
122876,32498,0,1
122876,32523,15,3
122876,32524,321,9
122876,32525,0,1
122876,32526,321,2
122876,3673,71,3
122876,3706,0,4
122876,3708,4,1
122876,3713,4,2
122876,39794,0,1
122876,40490,71,6
122876,41239,71,1
122876,42003,0,2
122876,42195,71,1
122876,4274,71,2
122876,42924,1,29
122876,43093,1,11
122876,43857,14,8
122876,4519,14,3
122876,46189,0,5
122876,49130,71,2
122876,49283,1,1
122876,49283,4,1
122876,55013,72,2
122876,56908,15,4
122876,59426,72,2
122876,59443,0,2
122876,60483,0,9
122876,61332,0,77
122876,61408,71,2
122876,62462,1,2
122876,62531,0,1
122876,63869,0,6
122876,64393,26,1
122876,64681,26,1
122876,65098,71,4
122876,6536,15,3
122876,65413,4,1
122876,65414,71,1
122876,65487,71,8
122876,6589,19,5
122876,6628,4,4
122876,6629,0,4
122876,69909,0,4
122876,71682,321,1
122876,71709,321,3
122876,71710,0,2
122876,72204,9999,1
122876,75c14,0,1
122876,76138,71,2
122876,76537,14,2
122876,85824,71,1
122876,87080,0,1
122876,87082,0,5
122876,87083,72,4
122876,87086,0,1
122876,98138,47,2
122878,10928,72,7
122878,11212,0,1
122878,11214,4,45
122878,11214,72,2
122878,11478,0,6
122878,11946,14,1
122878,11947,14,1
122878,14720,14,3
122878,14769,0,2
122878,15038,14,6
122878,15458,14,13
122878,15462,70,20
122878,15535,0,1
122878,15672,14,3
122878,15712,0,4
122878,15712,14,7
122878,18575,19,1
122878,18651,0,31
122878,18654,72,18
122878,18654,0,23
122878,18654,80,1
122878,18677,0,12
122878,18944,14,2
122878,18945,14,18
122878,18946,4,8
122878,18947,72,3
122878,22169,72,1
122878,22172,72,1
122878,22961,72,4
122878,23948,71,1
122878,23948,14,2
122878,24116,71,1
122878,24119,0,1
122878,24119,14,1
122878,24122,0,1
122878,2431,0,8
122878,2431,14,1
122878,24316,70,10
122878,24866,25,2
122878,25214,0,2
122878,25214,80,3
122878,2654,182,1
122878,26603,0,3
122878,27328,179,1
122878,2780,0,420
122878,27940,72,7
122878,2819,0,1
122878,28192,14,2
122878,2825,0,4
122878,2853,14,4
122878,3004,14,1
122878,3023,14,2
122878,3023,0,2
122878,3024,47,4
122878,3024,14,3
122878,30374,0,2
122878,3043,0,4
122878,3069b,14,2
122878,3069b,182,2
122878,3069b,36,2
122878,3070b,14,2
122878,32002,19,2
122878,32009,14,4
122878,32013,25,6
122878,32013,0,7
122878,32016,71,3
122878,32034,25,8
122878,32034,0,3
122878,32034,14,1
122878,32039,14,8
122878,32039,0,2
122878,32054,71,19
122878,32054,25,10
122878,32056,0,4
122878,32062,4,53
122878,32073,71,8
122878,32073,14,2
122878,32123b,14,16
122878,32124,0,1
122878,32140,14,9
122878,32140,0,10
122878,32140,71,9
122878,32184,4,2
122878,32184,14,2
122878,32184,0,9
122878,32198,19,5
122878,32249,0,4
122878,32270,0,8
122878,32271,14,10
122878,32271,71,2
122878,32278,0,5
122878,32278,14,15
122878,32316,71,15
122878,32316,14,4
122878,32316,0,18
122878,32348,14,4
122878,32523,14,19
122878,32523,71,12
122878,32523,2,3
122878,32523,0,4
122878,32524,14,26
122878,32524,0,10
122878,32524,71,2
122878,32525,4,2
122878,32525,14,26
122878,32525,0,8
122878,32526,0,9
122878,32526,14,16
122878,32556,19,6
122878,32557,71,4
122878,35186,14,1
122878,35188,25,1
122878,3622,14,1
122878,3623,0,4
122878,3623,14,3
122878,3648b,72,7
122878,3666,14,3
122878,3673,71,9
122878,3705,0,2
122878,3706,0,3
122878,3706,4,4
122878,3707,0,2
122878,3708,0,1
122878,3710,14,4
122878,3713,71,16
122878,3749,19,2
122878,3941,182,1
122878,39793,14,4
122878,39794,0,2
122878,4032a,0,2
122878,40490,0,1
122878,40490,2,3
122878,40490,71,5
122878,40490,14,7
122878,40918,71,2
122878,41239,71,2
122878,4162,14,2
122878,41677,0,10
122878,41678,0,2
122878,42003,0,14
122878,42003,14,15
122878,42195,71,6
122878,42531,71,1
122878,4274,71,19
122878,4274,1,38
122878,42924,1,192
122878,43093,1,93
122878,43857,14,4
122878,44294,71,1
122878,44294,14,4
122878,4477,14,1
122878,44874,4,7
122878,4519,71,10
122878,4519,14,30
122878,45590,0,1
122878,46189,0,4
122878,46667,0,2
122878,46834,15,1
122878,46835,72,1
122878,46882pr0001,14,2
122878,48267,0,2
122878,48729b,25,2
122878,49130,71,4
122878,49283,26,1
122878,49283,14,4
122878,55013,72,3
122878,55982,0,1
122878,57519,14,6
122878,59426,72,2
122878,59443,71,1
122878,59443,14,37
122878,59443,0,5
122878,60483,0,12
122878,60483,71,20
122878,60484,0,2
122878,60484,14,9
122878,60485,14,2
122878,60485,71,2
122878,61184,71,3
122878,61408,0,2
122878,61903,71,1
122878,61904,72,2
122878,62462,0,6
122878,62462,25,5
122878,62462,15,3
122878,62462,80,5
122878,63864,14,1
122878,63864,80,1
122878,63869,71,3
122878,63869,0,6
122878,64178,71,3
122878,64179,0,10
122878,64179,71,5
122878,64391,14,1
122878,64393,14,1
122878,64393,0,1
122878,64681,0,1
122878,64681,14,1
122878,64683,14,1
122878,64782,0,1
122878,64782,14,4
122878,6536,0,15
122878,6536,14,16
122878,6541,14,2
122878,65413,4,3
122878,65414,71,3
122878,65487,14,31
122878,65487,0,12
122878,65489,71,14
122878,6573,72,1
122878,6575,72,2
122878,6589,19,23
122878,6629,0,6
122878,6632,25,2
122878,6632,0,13
122878,6632,14,6
122878,68303,9999,1
122878,69730,72,1
122878,75c07,25,8
122878,75c20,25,2
122878,85824,71,1
122878,87079,0,2
122878,87080,14,1
122878,87083,72,28
122878,87086,14,1
122878,87087,14,1
122878,87408,0,1
122878,92907,0,6
122878,92907,71,8
122878,92908,71,6
122878,92909,72,6
122878,92912,0,6
122878,94925,71,17
122878,98138,47,4
122878,99008,19,22
122878,99009,71,3
122878,99010,0,3
122910,11212,71,1
122910,11214,4,84
122910,11477,71,1
122910,11478,0,14
122910,11478,14,35
122910,11946,0,2
122910,11946,14,2
122910,11947,0,2
122910,11947,14,2
122910,11954,14,4
122910,13971,71,2
122910,14720,71,1
122910,14720,14,3
122910,15068,71,1
122910,15458,0,8
122910,15458,14,16
122910,15462,70,14
122910,15535,0,16
122910,17485,0,6
122910,18575,0,3
122910,18575,19,6
122910,18651,0,23
122910,18654,15,18
122910,18654,71,6
122910,18654,0,61
122910,18674,71,2
122910,18677,71,6
122910,18677,0,2
122910,18940,72,2
122910,18942,72,2
122910,18945,0,8
122910,18945,14,6
122910,18946,4,15
122910,18947,72,2
122910,22169,72,2
122910,23948,71,7
122910,2412b,0,4
122910,2420,0,2
122910,2431,71,1
122910,24316,70,7
122910,2445,71,2
122910,25214,71,6
122910,26603,71,1
122910,2736,71,1
122910,27938,72,3
122910,27940,72,6
122910,2850b,71,12
122910,2851,14,12
122910,2852,71,12
122910,2853,14,2
122910,2854,19,5
122910,3020,0,1
122910,3024,0,1
122910,3069b,71,2
122910,31794,14,2
122910,32002,19,3
122910,32009,14,4
122910,32013,71,4
122910,32013,0,41
122910,32014,0,11
122910,32015,71,2
122910,32034,0,16
122910,32056,71,4
122910,32056,0,2
122910,32056,4,1
122910,32056,14,3
122910,32062,4,104
122910,32063,0,8
122910,32063,71,4
122910,32063,14,14
122910,32065,15,1
122910,32073,14,44
122910,32123b,14,34
122910,32140,0,18
122910,32140,14,49
122910,32140,71,3
122910,32184,14,18
122910,32192,72,3
122910,32198,19,24
122910,32250,72,2
122910,32270,0,17
122910,32271,72,2
122910,32278,14,20
122910,32278,0,8
122910,32291,15,2
122910,32291,0,9
122910,32316,0,7
122910,32316,14,30
122910,32316,71,12
122910,32333,0,2
122910,32348,71,1
122910,32348,0,2
122910,32449,0,22
122910,32449,71,2
122910,32523,71,3
122910,32523,72,16
122910,32523,14,35
122910,32523,0,9
122910,32524,71,2
122910,32524,0,17
122910,32524,14,45
122910,32525,14,18
122910,32525,71,5
122910,32526,0,10
122910,32526,14,30
122910,32526,71,13
122910,34103,71,1
122910,35186,14,2
122910,35188,25,1
122910,3623,0,1
122910,3623,71,1
122910,3705,0,26
122910,3706,4,7
122910,3707,0,11
122910,3708,0,5
122910,3710,71,2
122910,3713,4,20
122910,3737,4,2
122910,3749,19,7
122910,3941,0,24
122910,39793,0,6
122910,39793,14,9
122910,39794,0,1
122910,39888,19,6
122910,4032a,0,16
122910,40490,71,8
122910,40490,14,9
122910,40490,0,7
122910,41239,0,3
122910,41239,72,11
122910,4162,0,1
122910,41677,0,50
122910,4185,14,6
122910,42003,14,2
122910,42003,0,40
122910,42135,72,4
122910,42135,0,8
122910,42195,0,2
122910,42195,71,10
122910,42529,14,6
122910,42610,71,24
122910,4274,1,32
122910,42924,1,390
122910,43093,1,150
122910,43097,0,6
122910,43857,71,4
122910,43857,0,12
122910,43857,14,30
122910,43898,0,2
122910,43898,4,2
122910,44294,71,14
122910,44809,0,2
122910,44874,71,7
122910,4519,71,98
122910,46490,71,2
122910,46834,15,1
122910,46835,72,1
122910,49130,71,2
122910,49283,1,1
122910,49283,2,1
122910,49283,14,2
122910,49283,4,2
122910,50451,0,2
122910,50951,0,24
122910,52730,72,2
122910,52731,71,2
122910,55013,72,4
122910,59426,72,2
122910,59443,72,22
122910,59443,0,61
122910,60208,14,1
122910,60483,0,38
122910,60483,25,7
122910,60484,14,11
122910,60485,14,2
122910,61332,0,707
122910,6141,4,2
122910,6179,14,1
122910,61903,71,8
122910,61904,72,9
122910,62462,14,38
122910,62462,179,2
122910,62821b,72,1
122910,63864,71,1
122910,63864,0,1
122910,63869,71,15
122910,64178,71,3
122910,64179,14,4
122910,64179,71,6
122910,64781,0,8
122910,64782,14,6
122910,65304,71,20
122910,65304,4,26
122910,6536,71,34
122910,65473,0,2
122910,65487,14,72
122910,65487,0,12
122910,65489,71,4
122910,6587,28,4
122910,6589,19,18
122910,6629,14,11
122910,6632,0,4
122910,6632,14,27
122910,66906,4,5
122910,69730,72,2
122910,69819,0,8
122910,69910,14,116
122910,71708,14,6
122910,71709,14,15
122910,71709,0,6
122910,71710,0,18
122910,73507,0,22
122910,77590,71,2
122910,77607,9999,1
122910,85824,71,1
122910,85984,71,3
122910,87079,71,3
122910,87080,14,2
122910,87083,72,26
122910,87086,14,2
122910,87407,71,2
122910,87408,0,4
122910,91988,71,1
122910,92907,71,2
122910,92907,0,2
122910,94925,71,14
122910,98138,47,10
122910,98585,4,6
122910,99009,71,4
122910,99010,0,4
122910,99773,14,20
123074,3020,7,2
123074,3021,7,1
123074,3023,7,2
123074,3024,36,2
123074,3024,7,2
123074,3035,7,1
123074,3039pr9994,7,1
123074,3062b,34,1
123074,3298pr0039,7,1
123074,3460,7,1
123074,3475a,7,2
123074,3479,7,1
123074,3623,7,2
123074,3794a,7,1
123074,3795,7,3
123074,3829c01,7,2
123074,3839a,7,1
123074,3935,7,2
123074,3936,7,2
123074,3957a,7,1
123074,3959,7,1
123074,3963,7,2
123113,2412b,0,6
123113,2412b,72,3
123113,2419,272,2
123113,2420,272,2
123113,2420,71,2
123113,2431,71,4
123113,2444,0,2
123113,2445,0,2
123113,2450,72,6
123113,2540,0,4
123113,2555,0,4
123113,2714a,71,1
123113,2723,0,2
123113,2780,0,2
123113,2817,71,3
123113,2877,72,8
123113,3002,70,1
123113,3002,71,2
123113,3004,1,1
123113,3007,71,3
123113,3020,71,5
123113,3021,71,2
123113,3022,72,6
123113,3023,36,3
123113,3023,1,14
123113,3024,272,6
123113,3031,72,4
123113,3034,71,1
123113,3035,71,2
123113,30350b,72,1
123113,30365,0,2
123113,30374,72,4
123113,3039,1,4
123113,30503,0,4
123113,3068b,272,11
123113,3068b,70,2
123113,3068b,72,1
123113,3069b,272,4
123113,3069b,71,5
123113,3070b,71,1
123113,32054,71,2
123113,32062,4,2
123113,32126,71,2
123113,32140,71,2
123113,3298,72,1
123113,3648b,72,1
123113,3666,1,2
123113,3673,71,5
123113,3679,71,2
123113,3680,1,2
123113,3705,0,1
123113,3707,0,2
123113,3736,71,1
123113,3794a,72,6
123113,3832,72,3
123113,3839b,72,2
123113,3937,71,3
123113,4032a,19,1
123113,4070,1,8
123113,4095,0,2
123113,4150,71,2
123113,4151b,0,1
123113,41669,135,4
123113,41769,72,1
123113,41769,272,2
123113,41770,72,1
123113,41770,272,2
123113,42003,72,2
123113,4285b,0,1
123113,43093,1,2
123113,43713,72,1
123113,43719,72,2
123113,43722,71,3
123113,43723,71,3
123113,43857,71,2
123113,44301a,72,2
123113,44358,71,2
123113,44359,71,4
123113,44567a,0,2
123113,44675,272,2
123113,44676,272,2
123113,44728,72,10
123113,4477,71,1
123113,4519,71,6
123113,4588,72,6
123113,47457,1,2
123113,47755,272,4
123113,4865a,15,1
123113,4871,272,2
123113,48729a,72,3
123113,50745,72,2
123113,54200,71,2
123113,54200,272,4
123113,58247,0,2
123113,58846,71,4
123113,59443,0,6
123113,59900,0,6
123113,59900,1,2
123113,60471,71,2
123113,60478,71,4
123113,6134,1,3
123113,64286,9999,1
123113,6536,0,4
123113,6636,71,1
123113,85544,1,1
123151,10170,84,1
123151,11062,15,2
123151,11090,0,4
123151,11090,14,8
123151,11153,71,2
123151,11203,0,1
123151,11211,19,73
123151,11211,0,2
123151,11212,71,2
123151,11212,72,2
123151,11213,71,3
123151,11214,72,2
123151,11253,0,3
123151,11476,0,1
123151,11476,71,2
123151,11477,326,6
123151,11610,19,4
123151,11640,4,1
123151,12888pr0001,84,1
123151,13548,71,2
123151,13790,72,1
123151,13793,72,2
123151,13808,297,1
123151,14395,0,4
123151,14413,71,1
123151,14413,0,1
123151,14716,71,7
123151,14716,0,3
123151,14719,272,4
123151,14719,71,12
123151,14769,15,4
123151,14769pr1054,70,1
123151,14769pr1172,15,1
123151,15068,15,2
123151,15068,4,1
123151,15070,15,8
123151,15070,14,8
123151,15207,70,1
123151,15208,19,1
123151,15254,15,2
123151,15279,10,1
123151,15332,0,2
123151,15332,70,1
123151,15395,15,1
123151,15470,15,3
123151,15470,179,2
123151,15535,19,1
123151,15573,0,1
123151,15573,72,10
123151,15573,272,4
123151,15573,4,1
123151,15573,15,61
123151,15573,70,6
123151,15573,19,4
123151,15573,71,84
123151,15573,320,4
123151,15573,28,24
123151,15672,70,1
123151,15672,0,5
123151,15672,71,4
123151,15672,72,4
123151,15712,0,32
123151,15712,15,1
123151,16091,71,4
123151,16770,10,2
123151,18653,15,8
123151,18653,272,6
123151,18674,72,1
123151,18674,70,2
123151,18674,4,1
123151,18674,15,5
123151,18838,70,1
123151,18943,0,2
123151,19119,484,1
123151,19119,2,1
123151,19798,0,3
123151,20193,15,1
123151,20309,0,2
123151,20310,15,25
123151,20482,0,1
123151,20482,297,4
123151,21229,0,3
123151,21445,71,2
123151,22385,71,4
123151,22385,15,1
123151,22484,35,2
123151,22484,72,3
123151,22667,4,2
123151,22885,71,2
123151,23443,71,4
123151,23443,0,6
123151,2357,72,4
123151,2357,15,2
123151,2357,70,1
123151,2357,71,4
123151,2357,19,6
123151,2412b,80,6
123151,2412b,0,8
123151,2412b,15,14
123151,2412b,71,3
123151,2420,71,6
123151,2420,0,12
123151,2420,70,10
123151,2420,15,2
123151,2420,72,5
123151,2423,2,5
123151,24246,15,2
123151,24246,71,46
123151,2431,71,16
123151,2431,0,2
123151,2431,15,10
123151,2445,72,1
123151,2445,15,2
123151,24482,15,1
123151,2450,71,2
123151,2453b,0,4
123151,2453b,71,2
123151,2453b,19,2
123151,2462,71,1
123151,25269,0,4
123151,25269,71,4
123151,25269,19,8
123151,25269pr0001,19,2
123151,2540,0,12
123151,2566,19,2
123151,25975pr0001,84,1
123151,26047,0,4
123151,2639,72,4
123151,2653,0,2
123151,2654,47,4
123151,2654,0,1
123151,2654,46,3
123151,26603pr0001,212,1
123151,26604,19,36
123151,27062pat0002,14,1
123151,2723,0,2
123151,27263,15,12
123151,27263,71,7
123151,27263,72,18
123151,27263,272,4
123151,27507,71,4
123151,2780,0,3
123151,27925,71,6
123151,28192,15,2
123151,28192,72,2
123151,28327,15,1
123151,28327,0,1
123151,28621,47,2
123151,2877,0,2
123151,2877,379,50
123151,2921,71,8
123151,298c02,0,3
123151,298c02,71,2
123151,3001,70,2
123151,3002,0,4
123151,3003,72,4
123151,3003,272,1
123151,3004,70,1
123151,3004,19,9
123151,3004,28,5
123151,3004,378,16
123151,3004,0,21
123151,3004,72,10
123151,3004,71,19
123151,3004,379,20
123151,30044,15,7
123151,30044,72,2
123151,30046,0,2
123151,3005,72,14
123151,3005,379,22
123151,3005,15,12
123151,3005,2,2
123151,3005,71,18
123151,3005,0,3
123151,3005,47,4
123151,3005,28,6
123151,3005,73,4
123151,3005,19,11
123151,3005,378,36
123151,3005,272,2
123151,3008,71,7
123151,3008,72,6
123151,3008,19,13
123151,3009,378,12
123151,3009,71,22
123151,3009,28,1
123151,3009,15,4
123151,3009,19,5
123151,3009,70,14
123151,3009,379,51
123151,3009,72,13
123151,3010,71,19
123151,3010,378,4
123151,3010,72,11
123151,3010,70,3
123151,3010,15,3
123151,3010,28,5
123151,3010,19,14
123151,30134,0,2
123151,30134,70,3
123151,30136,70,3
123151,30136,71,26
123151,30151b,47,1
123151,30153,47,1
123151,3020,71,10
123151,3020,0,9
123151,3020,15,4
123151,3020,70,8
123151,3020,72,5
123151,3020,272,2
123151,3021,272,2
123151,3021,70,5
123151,3021,0,7
123151,3021,71,3
123151,3022,70,2
123151,3022,19,1
123151,3022,15,2
123151,3022,71,9
123151,3022,0,9
123151,3023,19,12
123151,3023,0,25
123151,3023,15,25
123151,3023,72,6
123151,3023,272,8
123151,3023,28,3
123151,3023,71,41
123151,3023,326,3
123151,3023,70,5
123151,3023,47,1
123151,30236,19,6
123151,30237b,72,7
123151,3024,0,17
123151,3024,72,22
123151,3024,71,47
123151,3024,15,34
123151,3024,288,1
123151,3024,272,7
123151,3024,70,5
123151,3024,73,2
123151,3024,19,38
123151,3028,71,2
123151,3029,71,1
123151,3030,72,2
123151,3031,72,1
123151,3031,2,1
123151,3032,19,4
123151,3032,72,8
123151,3033,72,2
123151,3034,71,6
123151,30340,0,1
123151,30340,70,1
123151,30350b,70,1
123151,30357,71,3
123151,30357,15,6
123151,30357,0,3
123151,3036,72,1
123151,3036,19,2
123151,30367c,4,2
123151,30374,0,5
123151,30374,41,1
123151,3039,70,3
123151,3040b,2,2
123151,3040b,72,4
123151,3040b,15,14
123151,3040b,272,4
123151,3040b,71,4
123151,30414,71,1
123151,30503,70,1
123151,30503,2,1
123151,30503,0,1
123151,30565,72,2
123151,30565,71,5
123151,30586,71,4
123151,3062b,272,2
123151,3062b,15,5
123151,3062b,71,2
123151,3062b,47,4
123151,3062b,320,1
123151,3062b,70,9
123151,3062b,297,2
123151,3065,34,7
123151,3065,33,1
123151,3068b,320,4
123151,3068b,19,12
123151,3068b,72,51
123151,3068b,212,2
123151,3068b,15,18
123151,3068b,71,15
123151,3068bpr0197,28,1
123151,3068bpr0201,15,1
123151,3068bpr0273,70,1
123151,3068bpr0292,70,1
123151,3069b,323,4
123151,3069b,70,1
123151,3069b,84,49
123151,3069b,71,25
123151,3069b,28,2
123151,3069b,72,53
123151,3069b,73,4
123151,3069b,19,27
123151,3069b,379,1
123151,3069b,272,13
123151,3069b,320,3
123151,3069b,15,36
123151,3069b,0,12
123151,3069bpr0100,2,2
123151,3069bpr0144,15,1
123151,3070b,15,13
123151,3070b,84,2
123151,3070b,379,1
123151,3070b,272,14
123151,3070b,73,3
123151,3070b,71,4
123151,3070b,25,1
123151,3070b,70,4
123151,3070b,1,5
123151,3070b,0,3
123151,3070b,28,39
123151,3070b,72,4
123151,3176,0,1
123151,32000,71,5
123151,32028,71,10
123151,32028,72,14
123151,32028,4,4
123151,32028,28,30
123151,32028,15,2
123151,32028,70,2
123151,32062,4,1
123151,32474,80,1
123151,33125,15,1
123151,33183,10,1
123151,33291,10,15
123151,33291,4,9
123151,33291,30,3
123151,33291,31,6
123151,33291,2,9
123151,33291,191,5
123151,33291,26,2
123151,3456,19,2
123151,3456,72,7
123151,3460,71,9
123151,3460,19,1
123151,3460,15,5
123151,3460,0,6
123151,3622,72,6
123151,3622,19,16
123151,3622,71,16
123151,3622,0,1
123151,3622,70,4
123151,3622,15,3
123151,3622,4,2
123151,3623,272,4
123151,3623,0,4
123151,3623,71,6
123151,3623,70,2
123151,3623,15,7
123151,3623,72,2
123151,3623,4,4
123151,3633,15,1
123151,3633,0,5
123151,3659,15,14
123151,3660,19,1
123151,3660,71,2
123151,3665,0,6
123151,3665,15,17
123151,3665,71,4
123151,3666,0,11
123151,3666,72,5
123151,3666,70,2
123151,3666,71,21
123151,3666,15,7
123151,3666,19,4
123151,3676,15,1
123151,3678b,320,4
123151,3679,71,4
123151,3680,0,2
123151,3680,15,2
123151,3685,272,7
123151,3688,272,1
123151,3700,15,1
123151,3700,19,5
123151,3705,4,1
123151,3710,379,6
123151,3710,71,49
123151,3710,70,6
123151,3710,28,2
123151,3710,15,10
123151,3710,19,5
123151,3710,0,5
123151,3710,72,9
123151,3795,308,3
123151,3795,71,2
123151,3795,0,2
123151,3811,2,1
123151,3832,71,2
123151,3836,70,1
123151,3837,72,1
123151,3839b,0,1
123151,3857,2,1
123151,3899,14,2
123151,3899,4,3
123151,3941,70,1
123151,3956,71,1
123151,3958,72,1
123151,3960,41,1
123151,4032a,0,6
123151,4032a,1,5
123151,4032a,72,2
123151,4032a,15,4
123151,4032a,19,1
123151,4070,72,8
123151,4070,320,4
123151,4070,71,19
123151,4070,15,4
123151,4079b,1,2
123151,4081b,0,4
123151,4081b,71,3
123151,4162,15,2
123151,4162,0,1
123151,4162,71,19
123151,4176,47,1
123151,4218,47,18
123151,4274,1,14
123151,4282,71,1
123151,4282,15,1
123151,4345b,71,2
123151,4346,47,2
123151,43722,70,1
123151,43888,72,2
123151,43898,15,1
123151,44302a,71,1
123151,44375b,15,1
123151,44567a,71,1
123151,4460b,71,3
123151,4477,15,5
123151,4477,71,13
123151,4477,72,4
123151,4510,71,2
123151,4510,15,2
123151,4519,14,1
123151,4528,0,1
123151,4529,0,1
123151,4533,41,1
123151,4536,15,2
123151,4536,84,1
123151,4599b,71,7
123151,4599b,0,3
123151,4733,72,1
123151,4740,71,4
123151,4740,41,1
123151,4740,15,4
123151,4740,72,1
123151,4740,0,7
123151,4740,80,1
123151,4740,19,2
123151,4740,14,3
123151,47457,15,1
123151,47457,326,2
123151,48336,15,2
123151,48336,0,5
123151,4865b,47,1
123151,4865b,0,1
123151,4865b,15,3
123151,4865b,4,2
123151,48729b,71,4
123151,48729b,0,7
123151,50950,14,8
123151,50950,15,8
123151,53020,71,1
123151,54200,320,1
123151,54200,0,1
123151,54200,47,2
123151,54200,272,4
123151,54200,84,60
123151,54200,72,8
123151,54200,71,17
123151,57895,47,7
123151,58181,40,2
123151,59900,33,1
123151,59900,2,1
123151,59900,46,2
123151,59900,0,2
123151,6003,72,1
123151,6003,19,2
123151,60208,15,1
123151,60470b,15,2
123151,60470b,0,3
123151,60474,0,1
123151,60475b,84,2
123151,60475b,0,4
123151,60476,71,2
123151,60476,15,2
123151,60477,15,2
123151,60478,28,2
123151,60478,0,2
123151,60479,72,1
123151,60592,0,30
123151,60592,15,8
123151,60592,70,1
123151,60592,379,1
123151,60593,15,15
123151,60594,15,2
123151,60594,0,7
123151,60596,0,19
123151,60601,15,8
123151,60601,41,1
123151,60601,47,30
123151,60602,47,15
123151,60603,47,7
123151,60603pr0005,47,1
123151,60608,15,2
123151,60616b,47,4
123151,60616b,70,1
123151,60623,15,7
123151,60623,70,1
123151,60797c02,0,1
123151,60849,71,1
123151,60897,15,1
123151,60897,0,12
123151,60897,71,2
123151,60897,72,12
123151,6091,71,5
123151,6091,26,4
123151,6091,4,2
123151,6091,30,4
123151,6141,71,10
123151,6141,179,9
123151,6141,14,4
123151,6141,15,7
123151,6141,46,6
123151,6141,19,4
123151,6141,297,3
123151,6141,72,1
123151,6141,70,4
123151,6141,29,9
123151,6141,0,10
123151,6154,15,1
123151,6155,71,1
123151,61780,70,2
123151,6179,71,1
123151,6179,15,1
123151,6231,71,2
123151,6231,70,6
123151,62462,15,2
123151,63864,4,2
123151,63864,19,9
123151,63864,71,32
123151,63868,0,1
123151,63965,297,1
123151,63965,0,1
123151,64567,0,1
123151,64644,71,8
123151,64644,0,3
123151,64647,15,1
123151,64647,182,1
123151,64727,2,2
123151,6541,72,12
123151,6564,0,1
123151,6636,15,14
123151,6636,71,36
123151,6636,70,2
123151,6636,0,2
123151,6636,19,5
123151,75904,71,6
123151,85080,28,2
123151,85861,0,16
123151,85861,320,5
123151,85861,15,1
123151,85861,182,3
123151,85975,297,2
123151,85975,15,1
123151,85975,320,2
123151,85984,0,2
123151,85984,71,3
123151,87079,0,3
123151,87079,272,1
123151,87079,4,2
123151,87083,72,1
123151,87087,288,2
123151,87087,0,4
123151,87087,71,6
123151,87087,19,19
123151,87087,15,18
123151,87087,72,1
123151,87087,378,4
123151,87544,15,14
123151,87552,15,17
123151,87552,70,6
123151,87580,71,2
123151,87580,379,2
123151,87580,28,3
123151,87580,2,1
123151,87580,0,2
123151,87580,70,9
123151,87585,70,1
123151,87620,0,4
123151,87994,0,2
123151,87994,10,3
123151,87994,71,4
123151,88072,71,2
123151,88292,15,15
123151,88293,72,3
123151,88646,71,1
123151,90195,19,4
123151,90258,72,1
123151,91501,71,1
123151,91988,71,13
123151,91988,72,1
123151,91988,19,2
123151,92280,71,2
123151,92410,0,1
123151,92410,15,2
123151,92438,71,1
123151,92589,1103,1
123151,92947,4,2
123151,92947,15,4
123151,92950,72,3
123151,93273,15,1
123151,93609,0,2
123151,95342,15,1
123151,96874,25,1
123151,98100,0,1
123151,98138,36,1
123151,98138,70,2
123151,98138,41,1
123151,98138,47,2
123151,98138,297,6
123151,98138,71,5
123151,98138,15,1
123151,98138pr0013,15,2
123151,98138pr0022,84,2
123151,98138pr0050,19,6
123151,98138pr0186,71,2
123151,98283,320,2
123151,98283,84,6
123151,98283,71,2
123151,98313,15,1
123151,98549,15,1
123151,99206,0,3
123151,99206,15,2
123151,99207,71,3
123151,99207,0,5
123151,99780,15,1
123151,99780,71,1
123151,99780,0,1
123153,3626cpr0001,14,1
123153,3898,15,1
123153,970c14,71,1
123153,973c27h01pr9999,15,1
123154,24087,15,1
123154,27186,308,1
123154,3626cpr0001,14,1
123154,970c27,15,1
123154,973c01h01pr4899,29,1
123158,2654,47,1
123158,30173b,179,1
123158,3022,15,1
123158,30374,71,1
123158,30374,297,1
123158,3065,47,2
123158,37,297,2
123158,4643542,9999,1
123158,4643543,9999,1
123158,4643544,9999,1
123158,4643545,9999,1
123158,4643546,9999,1
123158,87747,15,1
123158,92338,297,1
123158,92690,71,1
123158,93058,297,1
123158,98345pr0003,47,1
123158,98354pr0015,143,1
123191,3626cpr0001,14,1
123191,62711,0,1
123191,970c24pr0900,70,1
123191,973c27h01pr4200,15,1
123246,11291,0,2
123246,11477,15,2
123246,11477,4,2
123246,14704,71,2
123246,22890,72,2
123246,26047,71,2
123246,298c02,0,1
123246,3022,0,2
123246,3069bpr0307,71,1
123246,35480,4,4
123246,3679,71,1
123246,3680,4,1
123246,3899,14,1
123246,4345b,15,1
123246,4346,15,1
123246,4522,0,1
123246,4871,15,1
123246,48729b,0,1
123246,6117,72,1
123246,65578,71,1
123246,87580,15,2
123246,93106,0,1
123246,98138,46,2
123246,98138,41,2
123246,98313,15,2
123246,99206,15,1
123246,99207,15,1
123247,11476,71,2
123247,11477,27,3
123247,14769,4,1
123247,15208,15,2
123247,18649,71,1
123247,26047,0,2
123247,3004,27,2
123247,3022,2,2
123247,3023,2,3
123247,3024,2,2
123247,30377,0,2
123247,32803,288,2
123247,32828,70,2
123247,32952,19,2
123247,35480,19,1
123247,3665,70,2
123247,44861,378,2
123247,48336,19,1
123247,4871,19,1
123247,60470b,2,1
123247,6091,288,4
123247,61252,19,1
123247,61332,0,2
123247,6541,70,4
123247,93273,27,2
123247,98138pr0082,15,2
123248,11213,15,1
123248,15470,29,4
123248,18674,15,2
123248,24866,212,12
123248,37762,15,1
123248,37775,182,1
123248,3941,15,1
123248,60474,19,1
123248,60474,14,2
123256,11476,0,3
123256,15573,0,2
123256,18674,71,1
123256,22385,0,1
123256,2441,0,1
123256,28192,0,1
123256,29119,0,2
123256,29120,0,2
123256,30028,0,4
123256,3022,14,4
123256,3023,0,1
123256,30602,40,1
123256,41854,0,1
123256,47458,0,1
123256,61072,179,1
123256,6126b,182,1
123256,6141,179,2
123256,74967,71,4
123256,95199,72,2
123256,98721,0,1
123256,99207,72,1
123256,99780,71,1
123300,24246,70,4
123300,3022,25,1
123300,3068bpr0588,25,1
123300,3068bpr9686,25,1
123300,66858,70,1
123300,67329,0,2
123300,85984,25,4
123325,2756pr0018,15,11
123325,2756pr0019,15,1
123325,2756pr0020,15,4
123325,2756pr0021,15,1
123325,2756pr0022,15,3
123325,2756pr0023,15,1
123325,2756pr0024,15,3
123325,2756pr0025,15,1
123325,2756pr0026,15,15
123325,2756pr0027,15,1
123325,2756pr0028,15,1
123325,2756pr0029,15,1
123325,2756pr0030,15,3
123325,2756pr0031,15,1
123325,2756pr0032,15,7
123325,2756pr0033,15,1
123325,2756pr0034,15,9
123325,2756pr0035,15,1
123325,2756pr0036,15,1
123325,2756pr0037,15,1
123325,2756pr0038,15,1
123325,2756pr0039,15,1
123325,2756pr0040,15,3
123325,2756pr0041,15,1
123325,2756pr0042,15,3
123325,2756pr0043,15,2
123325,2756pr0044,15,8
123325,2756pr0045,15,1
123325,2756pr0046,15,11
123325,2756pr0047,15,1
123325,2756pr0048,15,5
123325,2756pr0049,15,1
123325,2756pr0051,15,1
123325,2756pr0052,15,9
123325,2756pr0053,15,1
123325,2756pr0054,15,9
123325,2756pr0055,15,1
123325,2756pr0056,15,9
123325,2756pr0057,15,1
123325,2756pr0058,15,1
123325,2756pr0059,15,1
123325,2756pr0060,15,1
123325,2756pr0061,15,1
123325,2756pr0062,15,3
123325,2756pr0064,15,1
123325,2756pr0065,15,1
123325,2756pr0066,15,3
123325,2756pr0067,15,1
123325,2756pr0069,15,1
123326,2756pr0019,15,8
123326,2756pr0021,15,4
123326,2756pr0023,15,4
123326,2756pr0025,15,10
123326,2756pr0027,15,24
123326,2756pr0029,15,3
123326,2756pr0031,15,5
123326,2756pr0033,15,8
123326,2756pr0035,15,16
123326,2756pr0037,15,4
123326,2756pr0039,15,6
123326,2756pr0041,15,7
123326,2756pr0043,15,6
123326,2756pr0045,15,8
123326,2756pr0047,15,6
123326,2756pr0049,15,6
123326,2756pr0051,15,4
123326,2756pr0053,15,14
123326,2756pr0055,15,11
123326,2756pr0057,15,10
123326,2756pr0059,15,10
123326,2756pr0061,15,2
123326,2756pr0063,15,3
123326,2756pr0065,15,2
123326,2756pr0067,15,1
123326,2756pr0069,15,2
123326,2756pr0070,15,4
123326,2756pr0071,15,2
123326,2756pr0072,15,2
123337,2756pr0185,15,1
123337,2756pr0186,15,1
123337,2756pr0187,15,1
123337,2756pr0188,15,1
123337,2756pr0189,15,1
123337,2756pr0190,15,1
123337,2756pr0191,15,1
123337,2756pr0192,15,1
123337,2756pr0193,15,1
123337,2756pr0194,15,1
123337,2756pr0195,15,1
123337,2756pr0196,15,1
123337,2756pr0197,15,1
123337,2756pr0198,15,1
123337,2756pr0199,15,1
123337,2756pr0200,15,1
123337,2756pr0201,15,1
123337,2756pr0202,15,1
123337,2756pr0203,15,1
123337,2756pr0204,15,1
123337,2756pr0205,15,1
123337,2756pr0206,15,1
123337,2756pr0207,15,1
123337,2756pr0208,15,1
123337,2756pr0209,15,1
123337,2756pr0210,15,1
123337,2756pr0211,15,1
123337,2756pr0212,15,1
123337,2756pr0213,15,1
123337,2756pr0214,15,1
123337,2756pr0215,15,1
123337,2756pr0216,15,1
123337,2756pr0217,15,1
123337,2756pr0218,15,1
123337,2756pr0219,15,1
123337,2756pr0220,15,1
123337,2756pr0221,15,1
123337,2756pr0222,15,1
123337,2756pr0223,15,1
123337,2756pr0224,15,1
123337,2756pr0225,15,1
123337,2756pr0226,15,1
123337,2756pr0227,15,1
123337,2756pr0228,15,1
123337,2756pr0229,15,1
123337,2756pr0230,15,1
123337,2756pr0231,15,1
123337,2756pr0232,15,1
123337,2756pr0233,15,1
123337,2756pr0234,15,1
123337,2756pr0235,15,1
123337,2756pr0236,15,1
123337,2756pr0237,15,1
123337,2756pr0238,15,1
123337,2756pr0239,15,1
123337,2756pr0240,15,1
123337,2756pr0241,15,1
123337,2756pr0242,15,1
123337,2756pr0243,15,1
123337,2756pr0244,15,1
123337,2756pr0245,15,1
123337,2756pr0246,15,1
123337,2756pr0247,15,1
123337,2756pr0248,15,1
123337,2756pr0249,15,1
123337,2756pr0250,15,1
123337,2756pr0251,15,1
123337,2756pr0252,15,1
123337,2756pr0253,15,1
123337,2756pr0254,15,1
123337,2756pr0255,15,1
123337,2756pr0256,15,1
123337,4196,4,4
123337,cardupn0106pr0001,9999,1
123337,cardupn0106pr0002,9999,1
123337,cardupn0106pr0003,9999,1
123337,cardupn0106pr0004,9999,1
123416,2756pr0257,15,1
123416,2756pr0258,15,1
123416,2756pr0259,15,1
123416,2756pr0260,15,1
123416,2756pr0261,15,1
123416,2756pr0262,15,1
123416,2756pr0263,15,1
123416,2756pr0264,15,1
123416,2756pr0265,15,1
123416,2756pr0266,15,1
123416,2756pr0267,15,1
123416,2756pr0268,15,1
123416,2756pr0269,15,1
123416,2756pr0270,15,1
123416,2756pr0271,15,1
123416,2756pr0272,15,1
123416,2756pr0273,15,1
123416,2756pr0274,15,1
123416,2756pr0275,15,1
123416,2756pr0276,15,1
123416,2756pr0277,15,1
123416,2756pr0278,15,1
123416,2756pr0279,15,1
123416,2756pr0280,15,1
123416,2756pr0281,15,1
123416,2756pr0282,15,1
123416,2756pr0283,15,1
123416,2756pr0284,15,1
123416,2756pr0285,15,1
123416,2756pr0286,15,1
123416,2756pr0287,15,1
123416,2756pr0288,15,1
123416,2756pr0289,15,1
123416,2756pr0290,15,1
123416,2756pr0291,15,1
123416,2756pr0292,15,1
123416,2756pr0293,15,1
123416,2756pr0294,15,1
123416,2756pr0295,15,1
123416,2756pr0296,15,1
123416,2756pr0297,15,1
123416,2756pr0298,15,1
123416,2756pr0299,15,1
123416,2756pr0300,15,1
123416,2756pr0301,15,1
123416,2756pr0302,15,1
123416,2756pr0303,15,1
123416,2756pr0304,15,1
123416,2756pr0305,15,1
123416,2756pr0306,15,1
123416,2756pr0307,15,1
123416,2756pr0308,15,1
123416,2756pr0309,15,1
123416,2756pr0310,15,1
123416,2756pr0311,15,1
123416,2756pr0312,15,1
123416,2756pr0313,15,1
123416,2756pr0314,15,1
123416,2756pr0315,15,1
123416,2756pr0316,15,1
123416,2756pr0317,15,1
123416,2756pr0318,15,1
123416,2756pr0319,15,1
123416,2756pr0320,15,1
123416,2756pr0321,15,1
123416,2756pr0322,15,1
123416,2756pr0323,15,1
123416,2756pr0324,15,1
123416,2756pr0325,15,1
123416,2756pr0326,15,1
123416,2756pr0327,15,1
123416,2756pr0328,15,1
123416,4196,4,4
123416,cardupn0107pr0001,9999,1
123416,cardupn0107pr0002,9999,1
123416,cardupn0107pr0003,9999,1
123416,cardupn0107pr0004,9999,1
123455,2756pr0330,15,1
123455,2756pr0331,15,1
123455,2756pr0332,15,1
123455,2756pr0333,15,1
123455,2756pr0334,15,1
123455,2756pr0335,15,1
123455,2756pr0336,15,1
123455,2756pr0337,15,1
123455,2756pr0338,15,1
123455,2756pr0339,15,1
123455,2756pr0340,15,1
123455,2756pr0341,15,1
123455,2756pr0342,15,1
123455,2756pr0343,15,1
123455,2756pr0344,15,1
123455,2756pr0345,15,1
123455,4196,4,1
123455,cardupn0108,9999,1
123468,11477,322,4
123468,11477,323,4
123468,15068,15,1
123468,15573,15,1
123468,15712,226,4
123468,24201,29,2
123468,25269,5,3
123468,2654,15,2
123468,26601,15,4
123468,26601,14,4
123468,26604,15,2
123468,3003,29,1
123468,3005,226,4
123468,3020,226,1
123468,3022,19,2
123468,3023,1,1
123468,3023,25,4
123468,3068b,27,1
123468,37352,3,4
123468,44728,191,2
123468,49307,15,4
123468,60478,226,4
123468,6091,226,4
123468,6091,15,2
123468,61252,14,2
123468,71752,0,1
123468,93552pat0001,70,1
123468,98138pr0008,15,2
123468,99206,226,1
123468,99207,226,3
123507,10201,71,12
123507,10247,0,2
123507,10928,72,1
123507,11203,19,6
123507,11211,19,4
123507,11212,71,2
123507,11214,4,6
123507,11458,0,2
123507,11477,272,8
123507,11477,15,2
123507,11477,19,2
123507,11477,71,2
123507,11478,0,2
123507,13731,272,2
123507,13971,71,1
123507,14716,19,2
123507,14718,19,2
123507,14719,0,2
123507,14719,272,2
123507,14769,71,1
123507,15068,272,8
123507,15068,72,1
123507,15068,19,4
123507,15068,15,2
123507,15068pr0032,272,14
123507,15068pr0033,15,2
123507,15100,0,1
123507,15207,15,2
123507,15207,71,1
123507,15413,0,4
123507,15460,72,2
123507,15461,0,2
123507,15573,71,2
123507,15573,15,1
123507,15573,0,5
123507,15573,1,1
123507,15672,71,2
123507,15672,4,2
123507,15712,71,6
123507,15712,0,4
123507,15712,19,6
123507,17485,19,2
123507,18651,0,2
123507,18671,71,1
123507,18674,71,2
123507,18674,0,1
123507,18677,0,4
123507,20482,71,2
123507,22961,71,4
123507,2357,0,6
123507,2412b,71,6
123507,2419,0,1
123507,2420,15,4
123507,2420,71,6
123507,2420,272,20
123507,24201,19,2
123507,24299,71,3
123507,24299,272,2
123507,24307,272,2
123507,24307,71,3
123507,2431,272,2
123507,2431,71,8
123507,2431,19,6
123507,2431,14,1
123507,2431,15,7
123507,2431,1,2
123507,24316,70,3
123507,2445,71,1
123507,2450,71,2
123507,2458,0,2
123507,2460,72,1
123507,25214,71,8
123507,25214,0,1
123507,25269,272,2
123507,26047,272,2
123507,26287,4,1
123507,2654,0,7
123507,26601,272,4
123507,26603,15,8
123507,26603,71,2
123507,26603,0,2
123507,26603pr0021,15,4
123507,26604,0,2
123507,2730,71,2
123507,2780,0,37
123507,27925,1,4
123507,27925,272,2
123507,2819,71,1
123507,28326,72,2
123507,2877,0,5
123507,29119,272,4
123507,29120,272,4
123507,2921,272,2
123507,30000,72,2
123507,3001,1,1
123507,3002,0,2
123507,3003,0,3
123507,3004,19,9
123507,3004,323,1
123507,3005,272,2
123507,3010,272,2
123507,3010,71,3
123507,30136,28,28
123507,30137,71,2
123507,30191,0,1
123507,3020,72,2
123507,3020,0,4
123507,3020,71,5
123507,3020,272,20
123507,3020,15,1
123507,3021,272,6
123507,3022,19,4
123507,3022,71,10
123507,3022,272,10
123507,3022,15,1
123507,3023,47,2
123507,3023,36,6
123507,3023,19,32
123507,3023,72,30
123507,3023,272,18
123507,3023,71,4
123507,30236,0,2
123507,3024,272,14
123507,3024,19,6
123507,3024,28,4
123507,3024,71,4
123507,3029,71,4
123507,30292,0,2
123507,3030,71,2
123507,3030,0,1
123507,3034,71,5
123507,3034,19,1
123507,3035,0,2
123507,30357,272,2
123507,30367c,15,1
123507,30374,71,4
123507,30377,71,2
123507,3039,0,2
123507,3040b,272,2
123507,3040b,0,3
123507,30414,1,1
123507,30553,0,1
123507,3062b,71,4
123507,3068b,19,1
123507,3068b,272,7
123507,3068b,15,2
123507,3068b,0,4
123507,3069b,272,10
123507,3069b,1,1
123507,3069b,71,7
123507,3069b,19,5
123507,3070b,272,6
123507,3070b,4,2
123507,3070bpr0007,71,1
123507,32000,15,6
123507,32005a,0,2
123507,32017,71,8
123507,32018,0,4
123507,32028,1,2
123507,32028,0,3
123507,32039,4,2
123507,32039,0,2
123507,32054,4,6
123507,32062,4,6
123507,32062,0,1
123507,32064a,0,6
123507,32073,14,2
123507,32073,71,2
123507,32123b,14,7
123507,32123b,71,4
123507,32184,0,2
123507,32198,19,6
123507,32523,0,2
123507,32523,14,1
123507,32524,0,2
123507,32525,71,1
123507,32532,0,3
123507,32803,0,3
123507,32828,71,3
123507,32905,71,1
123507,32952,19,4
123507,33299b,71,2
123507,33909,272,6
123507,33909,19,6
123507,33909,15,2
123507,33909,0,4
123507,33909,71,1
123507,34103,0,1
123507,3460,71,5
123507,3460,272,7
123507,3622,272,2
123507,3623,0,6
123507,3623,19,8
123507,3623,15,4
123507,3623,71,2
123507,3649,71,1
123507,3660,272,4
123507,3666,272,3
123507,3666,1,4
123507,3666,19,7
123507,3673,71,1
123507,36840,0,6
123507,36841,71,4
123507,36841,484,2
123507,3700,72,2
123507,3701,14,1
123507,3702,0,4
123507,3705,4,1
123507,3710,71,10
123507,3710,19,21
123507,3710,272,4
123507,3710,28,6
123507,3713,71,2
123507,37352,71,2
123507,3747b,0,2
123507,3749,19,2
123507,3795,272,6
123507,3795,0,3
123507,3795,72,2
123507,3832,0,4
123507,3839b,72,1
123507,3894,1,1
123507,3895,0,1
123507,3937,1,6
123507,3938,71,4
123507,3941,15,2
123507,3941,71,2
123507,3956,71,1
123507,3958,19,1
123507,4032a,15,2
123507,4032a,71,7
123507,4035,19,1
123507,4070,71,2
123507,4081b,0,2
123507,4162,272,2
123507,4162,71,5
123507,41677,4,2
123507,41682,71,8
123507,41769,71,1
123507,41769,272,2
123507,41770,71,1
123507,41770,272,2
123507,42610,71,1
123507,42716,179,4
123507,4274,71,4
123507,4286,272,2
123507,42918,15,2
123507,42918,272,4
123507,42918pr0001,15,1
123507,43093,1,9
123507,43720,272,2
123507,43721,272,2
123507,43722,272,1
123507,43723,272,2
123507,43857,0,2
123507,44301b,0,2
123507,44302a,71,2
123507,4460b,272,2
123507,44728,272,18
123507,4477,272,2
123507,4477,72,6
123507,4510,0,3
123507,4519,14,3
123507,4599b,4,1
123507,4697b,0,1
123507,4735,71,2
123507,4740,0,1
123507,4740,47,2
123507,47755,272,8
123507,47755,72,1
123507,48336,72,10
123507,4865b,71,6
123507,49557,9999,1
123507,50955pr0002,272,1
123507,50956pr0002,272,1
123507,51739,71,4
123507,51739,0,2
123507,54200,19,4
123507,54200,15,2
123507,54200,272,10
123507,54200,71,4
123507,57515,72,4
123507,59426,72,3
123507,59443,71,5
123507,60470b,0,5
123507,60471,71,1
123507,60474,1,1
123507,60478,0,2
123507,60479,19,1
123507,60479,0,5
123507,60481,272,2
123507,60483,15,4
123507,60483,71,4
123507,60485,71,2
123507,60897,19,8
123507,6112,0,2
123507,6112,19,1
123507,61252,71,1
123507,61252,4,2
123507,6134,1,2
123507,61409,272,8
123507,6141,4,24
123507,6141,0,10
123507,61903,71,1
123507,62462,179,4
123507,6267,40,2
123507,63864,272,12
123507,63864pr0020,71,1
123507,63869,71,2
123507,6541,19,2
123507,6558,1,6
123507,6628,0,2
123507,6636,19,2
123507,73983,19,4
123507,73983,272,4
123507,76766,1,1
123507,85543,15,2
123507,85861,71,9
123507,85984,272,30
123507,85984,0,2
123507,85984,71,23
123507,87079,19,5
123507,87079,272,22
123507,87079,14,2
123507,87079,15,2
123507,87079pr0186,15,2
123507,87082,0,2
123507,87083,72,2
123507,87087,272,2
123507,87580,72,3
123507,87580,0,4
123507,87609,0,2
123507,87994,0,2
123507,88072,0,4
123507,88646,71,1
123507,88930,272,4
123507,88930pr0032,272,2
123507,91988,272,1
123507,92107,0,1
123507,92280,0,10
123507,92582,71,2
123507,92907,1,2
123507,92947,0,1
123507,93273,0,1
123507,93274,72,4
123507,94925,71,1
123507,96874,25,1
123507,98138,4,3
123507,98138,47,6
123507,98138,71,2
123507,98138pr0089,71,1
123507,98138pr0186,71,2
123507,98560,19,1
123507,99206,19,8
123507,99206,71,4
123507,99207,272,2
123507,99207,71,12
123507,99563,0,2
123507,99780,71,15
123507,99781,0,5
123564,36752a,0,1
123564,93549pat0002,47,1
123699,11127,41,1
123699,13548,15,4
123699,18674,15,1
123699,18980,31,1
123699,22961,15,1
123699,2417,31,1
123699,24866,323,3
123699,3005,41,3
123699,30153,41,2
123699,3022,26,1
123699,3032,31,1
123699,30374,70,1
123699,3040b,15,2
123699,3062b,15,1
123699,3069b,41,1
123699,32607,26,2
123699,33183,70,1
123699,3659,15,1
123699,3710,30,3
123699,37775,182,2
123699,51274,15,1
123699,54200,41,3
123699,60474,30,1
123699,6126b,41,1
123699,73230,15,1
123699,84307pr0001,73,1
123699,85861,182,2
123699,85984,71,4
123699,87079,26,1
123699,87620,15,4
123699,98138,45,2
123711,36752a,70,1
123711,36756pr0001,28,1
123711,37762,15,1
123711,37775,182,1
123717,22388,182,4
123717,30374,0,1
123717,4733,72,1
123717,6141,72,1
123717,6141,182,1
123718,2570,72,1
123723,10169,84,1
123723,3020,288,2
123723,3022,14,1
123757,11601,41,1
123757,18041,297,1
123757,21459,322,1
123757,23860,41,1
123757,23861,57,1
123757,2570,1103,1
123757,30104,42,1
123757,30374,0,1
123757,6117,72,1
123757,6126b,182,1
123757,64567,1103,1
123757,65080pat0001,15,1
123757,85861,41,1
123757,85861,0,1
123757,85861,182,1
123757,87747,15,1
123757,92690,70,1
123757,98139,297,1
123757,98141,297,1
123769,11215,15,2
123769,11215,0,2
123769,11477,70,4
123769,11477,82,12
123769,11478,4,4
123769,11478,0,8
123769,11478,14,4
123769,14769pr1234,272,1
123769,14769pr1237,272,1
123769,15535,0,2
123769,15573,272,1
123769,18654,15,8
123769,22961,4,1
123769,23948,71,2
123769,2420,70,16
123769,2420,4,4
123769,24246,2,4
123769,24246,320,1
123769,24299,70,8
123769,24299,15,2
123769,24299,28,2
123769,24299,2,9
123769,24307,15,1
123769,24307,28,6
123769,24307,2,7
123769,24307,70,8
123769,2431,82,2
123769,2450,28,1
123769,24599,70,4
123769,25269,82,18
123769,25269,15,4
123769,25269,70,1
123769,25269,2,41
123769,2639,28,4
123769,2654,0,16
123769,26603,70,40
123769,26603,2,2
123769,27263,2,16
123769,27925,82,4
123769,27925pr0012,272,4
123769,2825,71,4
123769,28802,0,6
123769,29119,70,1
123769,30000,72,2
123769,3001,4,2
123769,3002,2,7
123769,3003,70,1
123769,3003,28,4
123769,3004,28,1
123769,3020,272,16
123769,3020,71,4
123769,3020,19,4
123769,3021,2,8
123769,3021,28,36
123769,3021,25,15
123769,3021,0,6
123769,3021,72,21
123769,3021,70,2
123769,3022,72,4
123769,3022,1,14
123769,3022,70,12
123769,3022,28,8
123769,3022,2,29
123769,3022,19,5
123769,3023,19,8
123769,3023,70,41
123769,3023,28,30
123769,3023,2,46
123769,3023,0,8
123769,3024,28,11
123769,3024,0,1
123769,3024,2,27
123769,3032,272,16
123769,3034,1,2
123769,3069b,2,1
123769,3069b,70,2
123769,3069b,15,1
123769,3069b,1,4
123769,3069b,82,9
123769,3070b,82,12
123769,3070b,70,1
123769,3176,0,2
123769,32002,19,8
123769,32013,14,4
123769,32016,0,144
123769,32034,72,12
123769,32062,4,42
123769,32064a,72,129
123769,32073,71,80
123769,32123b,14,192
123769,32123b,71,5
123769,32184,14,4
123769,32474,0,2
123769,32523,0,32
123769,32525,72,4
123769,32803,0,1
123769,33909,70,6
123769,34103,0,2
123769,35480,0,2
123769,35787,15,6
123769,35787,2,8
123769,3623,72,2
123769,3623,2,5
123769,3623,70,4
123769,3660,70,32
123769,3665,0,64
123769,3666,72,8
123769,36841,0,38
123769,3701,70,32
123769,3705,0,32
123769,3710,0,2
123769,3710,70,34
123769,3710,2,1
123769,3713,0,2
123769,37352,70,6
123769,3737,0,4
123769,3795,272,16
123769,3795,0,3
123769,3795,70,1
123769,3832,72,2
123769,3937,0,2
123769,3938,71,2
123769,3941,0,1
123769,3956,0,4
123769,3956,15,2
123769,3956,71,2
123769,3958,272,32
123769,4032a,0,1
123769,4032a,15,1
123769,4032a,4,6
123769,4032a,1,1
123769,41539,0,1
123769,41682,84,2
123769,41769,272,16
123769,41769,2,5
123769,41770,2,6
123769,41770,272,16
123769,42003,27,4
123769,42195,71,3
123769,4274,71,32
123769,42918,70,2
123769,42924,1,12
123769,43722,28,4
123769,43722,2,3
123769,43722,15,1
123769,43723,28,2
123769,43723,2,2
123769,44301b,4,16
123769,44728,72,28
123769,44728,70,4
123769,44874,27,2
123769,4519,71,28
123769,46189,70,4
123769,4871,72,16
123769,48729b,72,32
123769,50950,70,4
123769,50990bpr0014,15,1
123769,50990bpr0015,15,1
123769,53586,0,4
123769,54200,70,8
123769,54383,272,16
123769,54384,272,16
123769,54657,0,16
123769,55981,14,4
123769,58090,0,4
123769,58846,70,4
123769,59443,0,2
123769,59443,27,4
123769,59895,0,8
123769,59900,0,16
123769,6005,70,16
123769,60474,0,2
123769,61332,0,38
123769,6141,0,4
123769,6141,19,36
123769,64179,0,2
123769,64644,297,8
123769,6536,0,32
123769,6541,70,32
123769,65617,70,4
123769,66857pr0018,1000,1
123769,66857pr0019,1000,1
123769,66857pr0020,1000,1
123769,66857pr0021,1000,1
123769,66857pr0022,1000,1
123769,66857pr0023,1000,1
123769,66857pr0024,1000,1
123769,66857pr0025,1000,1
123769,66857pr0026,1000,1
123769,67811,288,2
123769,68568,0,12
123769,69729pr0014,272,1
123769,71752,19,12
123769,73230,25,32
123769,73562,71,2
123769,73825,72,42
123769,73983,72,16
123769,78329,0,32
123769,78443,272,16
123769,78443,28,2
123769,78443,2,1
123769,78444,28,1
123769,78444,272,16
123769,78444,2,1
123769,78666,70,8
123769,78c03,179,4
123769,85984,70,28
123769,87079,70,6
123769,87083,72,16
123769,87580,272,1
123769,92947,70,2
123769,93274,72,4
123769,96874,3,1
123769,98138,2,17
123769,98585,71,2
123769,99206,70,2
123769,99207,27,6
123769,99780,70,6
123769,99781,0,26
123853,2756pr0348,15,1
123853,2756pr0349,15,1
123853,2756pr0350,15,1
123853,2756pr0351,15,1
123853,2756pr0352,15,1
123853,2756pr0353,15,1
123853,2756pr0354,15,1
123853,2756pr0355,15,1
123853,2756pr0356,15,1
123853,2756pr0357,15,1
123853,2756pr0358,15,1
123853,2756pr0359,15,1
123853,2756pr0360,15,1
123853,2756pr0361,15,1
123853,2756pr0362,15,1
123853,2756pr0363,15,1
123853,2756pr0364,15,1
123853,2756pr0365,15,1
123853,2756pr0366,15,1
123853,2756pr0367,15,1
123853,2756pr0368,15,1
123853,2756pr0369,15,1
123853,2756pr0370,15,1
123853,2756pr0371,15,1
123853,2756pr0372,15,1
123853,2756pr0373,15,1
123853,2756pr0374,15,1
123853,2756pr0375,15,1
123853,2756pr0376,15,1
123853,2756pr0377,15,1
123853,2756pr0378,15,1
123853,2756pr0379,15,1
123853,2756pr0380,15,1
123853,2756pr0381,15,1
123853,2756pr0382,15,1
123853,2756pr0383,15,1
123853,2756pr0384,15,1
123853,2756pr0385,15,1
123853,2756pr0386,15,1
123853,2756pr0387,15,1
123853,2756pr0388,15,1
123853,2756pr0389,15,1
123853,2756pr0390,15,1
123853,2756pr0391,15,1
123853,2756pr0392,15,1
123853,2756pr0393,15,1
123853,2756pr0394,15,1
123853,2756pr0395,15,1
123853,2756pr0396,15,1
123853,2756pr0397,15,1
123853,2756pr0398,15,1
123853,2756pr0399,15,1
123853,2756pr0400,15,1
123853,2756pr0401,15,1
123853,2756pr0402,15,1
123853,2756pr0403,15,1
123853,2756pr0404,15,1
123853,2756pr0405,15,1
123853,2756pr0406,15,1
123853,2756pr0407,15,1
123853,2756pr0408,15,1
123853,2756pr0409,15,1
123853,2756pr0410,15,1
123853,2756pr0411,15,1
123853,2756pr0412,15,1
123853,2756pr0413,15,1
123853,2756pr0414,15,1
123853,2756pr0415,15,1
123853,2756pr0416,15,1
123853,2756pr0417,15,1
123853,2756pr0418,15,1
123853,2756pr0419,15,1
123853,4196,4,4
123853,cardupn0109pr0001,9999,1
123853,cardupn0109pr0002,9999,1
123853,cardupn0109pr0003,9999,1
123853,cardupn0109pr0004,9999,1
123853,cardupn0110,9999,1
123859,2756pr0420,15,1
123859,2756pr0421,15,1
123859,2756pr0422,15,1
123859,2756pr0423,15,1
123859,2756pr0424,15,1
123859,2756pr0425,15,1
123859,2756pr0426,15,1
123859,2756pr0427,15,1
123859,2756pr0428,15,1
123859,2756pr0429,15,1
123859,2756pr0430,15,1
123859,2756pr0431,15,1
123859,2756pr0432,15,1
123859,2756pr0433,15,1
123859,2756pr0434,15,1
123859,2756pr0435,15,1
123859,2756pr0436,15,1
123859,2756pr0437,15,1
123859,2756pr0438,15,1
123859,2756pr0439,15,1
123859,2756pr0440,15,1
123859,2756pr0441,15,1
123859,2756pr0442,15,1
123859,2756pr0443,15,1
123859,2756pr0444,15,1
123859,2756pr0445,15,1
123859,2756pr0446,15,1
123859,2756pr0447,15,1
123859,2756pr0448,15,1
123859,2756pr0449,15,1
123859,2756pr0450,15,1
123859,2756pr0451,15,1
123859,2756pr0452,15,1
123859,2756pr0453,15,1
123859,2756pr0454,15,1
123859,2756pr0455,15,1
123859,2756pr0456,15,1
123859,2756pr0457,15,1
123859,2756pr0458,15,1
123859,2756pr0459,15,1
123859,2756pr0460,15,1
123859,2756pr0461,15,1
123859,2756pr0462,15,1
123859,2756pr0463,15,1
123859,2756pr0464,15,1
123859,2756pr0465,15,1
123859,2756pr0466,15,1
123859,2756pr0467,15,1
123859,2756pr0468,15,1
123859,2756pr0469,15,1
123859,2756pr0470,15,1
123859,2756pr0471,15,1
123859,2756pr0472,15,1
123859,2756pr0473,15,1
123859,2756pr0474,15,1
123859,2756pr0475,15,1
123859,2756pr0476,15,1
123859,2756pr0477,15,1
123859,2756pr0478,15,1
123859,2756pr0479,15,1
123859,2756pr0480,15,1
123859,2756pr0481,15,1
123859,2756pr0482,15,1
123859,2756pr0483,15,1
123859,2756pr0484,15,1
123859,2756pr0485,15,1
123859,2756pr0486,15,1
123859,2756pr0487,15,1
123859,2756pr0488,15,1
123859,2756pr0489,15,1
123859,2756pr0490,15,1
123859,2756pr0491,15,1
123859,4196,2,4
123859,cardupn0111,9999,1
123859,cardupn0112pr0001,9999,1
123859,cardupn0112pr0002,9999,1
123859,cardupn0112pr0003,9999,1
123859,cardupn0112pr0004,9999,1
123890,18844,226,1
123890,59794c01pr0192,73,1
123890,92198pr0253,78,1
123890,92456c01pr0328,78,1
124017,15712,297,1
124017,23860,41,2
124017,59900,41,1
124017,64567,297,1
124017,73117,297,1
124017,98139,297,1
124120,10197,0,2
124120,10928,72,2
124120,11214,4,8
124120,11455,0,2
124120,11946,25,2
124120,11946,0,2
124120,11947,25,2
124120,11947,0,2
124120,11954,25,2
124120,15100,0,12
124120,15462,70,1
124120,18575,19,1
124120,18651,0,7
124120,18654,71,9
124120,18944,0,3
124120,18944,25,1
124120,22961,71,5
124120,23948,14,1
124120,24116,72,2
124120,24316,70,15
124120,26603,0,1
124120,2780,0,97
124120,2819,0,1
124120,2825,71,2
124120,3023,0,2
124120,3023,25,2
124120,30699,0,4
124120,3069b,25,2
124120,3069b,36,4
124120,32013,25,10
124120,32016,25,6
124120,32034,4,2
124120,32054,0,6
124120,32054,4,8
124120,32062,4,7
124120,32063,0,2
124120,32073,71,10
124120,32123b,14,13
124120,32140,0,9
124120,32184,71,1
124120,32200,25,1
124120,32270,0,3
124120,32278,0,3
124120,32291,71,4
124120,32316,0,2
124120,32316,25,5
124120,32474,0,2
124120,32523,0,2
124120,32523,14,2
124120,32523,25,4
124120,32524,72,3
124120,32525,71,3
124120,32526,0,8
124120,32526,25,14
124120,32557,71,4
124120,35185,1,1
124120,3623,25,2
124120,3673,71,2
124120,3705,0,6
124120,3713,71,8
124120,39888,19,2
124120,40490,0,1
124120,40490,25,7
124120,41239,25,2
124120,41677,4,2
124120,41678,0,3
124120,41769,0,1
124120,41770,0,1
124120,42003,0,12
124120,42135,0,4
124120,42531,25,4
124120,4274,1,28
124120,43093,1,16
124120,43857,4,1
124120,44294,14,2
124120,44809,71,4
124120,4519,14,9
124120,46332,9999,1
124120,48267,47,2
124120,48267,25,2
124120,48989,71,5
124120,50950,25,2
124120,55013,72,1
124120,56904,0,4
124120,59426,72,1
124120,59443,25,11
124120,60483,0,6
124120,60483,25,8
124120,60484,0,2
124120,60485,71,1
124120,61409,0,2
124120,62462,0,2
124120,62821c,72,1
124120,63869,71,4
124120,63869,0,1
124120,64178,71,1
124120,64392,25,1
124120,64682,25,1
124120,6536,25,13
124120,6553,0,3
124120,6558,1,42
124120,6587,28,2
124120,6589,19,3
124120,6632,25,2
124120,6632,0,4
124120,87082,71,3
124139,111539,1,1
124139,111539,4,1
124139,3068b,15,3
124139,3068bpr0163,15,1
124139,3068bpr9615,15,2
124139,3068bpr9616,15,3
124139,3068bpr9617,15,2
124139,3068bpr9618,15,3
124139,3068bpr9619,15,3
124139,upn0470pr0003,1,1
124139,upn0470pr0003,4,1
124139,upn0471,4,1
124140,111539,4,1
124140,111539,1,1
124140,3068b,15,3
124140,3068bpr0163,15,1
124140,3068bpr9615,15,2
124140,3068bpr9616,15,3
124140,3068bpr9617,15,2
124140,3068bpr9618,15,3
124140,3068bpr9619,15,3
124140,upn0470pr0003,1,1
124140,upn0470pr0003,4,1
124140,upn0471,1,1
124143,111539,2,1
124143,111539,0,1
124143,3068bpr9601,15,1
124143,3068bpr9602,15,1
124143,3068bpr9603,15,1
124143,3068bpr9604,15,1
124143,3068bpr9605,15,1
124143,3068bpr9606,15,1
124143,3068bpr9607,15,1
124143,3068bpr9608,15,1
124143,3068bpr9609,15,1
124143,3068bpr9610,15,1
124143,3068bpr9611,15,1
124143,3068bpr9612,15,1
124143,3068bpr9613,15,1
124143,3068bpr9614,15,1
124143,3068bpr9615,15,1
124143,upn0470pr0003,0,2
124143,upn0471,0,1
124147,111539pat0002,272,2
124147,3068bpr9584,15,1
124147,3068bpr9585,15,1
124147,3068bpr9586,15,1
124147,3068bpr9587,15,1
124147,3068bpr9588,15,1
124147,3068bpr9589,15,1
124147,3068bpr9590,15,1
124147,3068bpr9591,15,1
124147,3068bpr9592,15,1
124147,3068bpr9593,15,1
124147,3068bpr9594,15,1
124147,3068bpr9595,15,1
124147,3068bpr9596,15,1
124147,3068bpr9597,15,1
124147,3068bpr9598,15,1
124147,3068bpr9599,15,1
124147,3068bpr9600,15,1
124147,upn0470pr0004,0,1
124147,upn0471,272,1
124148,111539,4,1
124148,111539,1,1
124148,111539,0,1
124148,3068bpr9572,15,1
124148,3068bpr9573,15,1
124148,3068bpr9574,15,1
124148,3068bpr9575,15,1
124148,3068bpr9576,15,1
124148,3068bpr9577,15,1
124148,3068bpr9578,15,1
124148,3068bpr9579,15,1
124148,3068bpr9580,15,1
124148,3068bpr9581,15,1
124148,3068bpr9582,15,1
124148,3068bpr9583,15,1
124150,111539,2,1
124150,111539,1,1
124150,111539,4,1
124221,3068bpr9533,15,1
124221,3068bpr9534,15,1
124221,3068bpr9535,15,1
124221,3068bpr9536,15,1
124221,3068bpr9537,15,1
124221,3068bpr9538,15,1
124221,3068bpr9539,15,1
124221,3068bpr9540,15,1
124221,3068bpr9541,15,1
124221,3068bpr9542,15,1
124221,3068bpr9543,15,1
124221,3068bpr9544,15,1
124221,3068bpr9545,15,1
124221,3068bpr9546,15,1
124221,3068bpr9547,15,1
124221,3068bpr9548,15,1
124221,3068bpr9549,15,1
124221,3068bpr9550,15,1
124221,3068bpr9551,15,1
124221,3068bpr9552,15,1
124221,3068bpr9553,15,1
124221,3068bpr9554,15,1
124221,3068bpr9555,15,1
124221,3068bpr9556,15,1
124221,3068bpr9557,15,1
124221,3068bpr9558,15,1
124221,3068bpr9559,15,1
124221,3068bpr9560,15,1
124221,3068bpr9561,15,1
124221,3068bpr9562,15,1
124221,3068bpr9563,15,1
124221,3068bpr9564,15,1
124221,3068bpr9565,15,1
124221,3068bpr9566,15,1
124221,3068bpr9567,15,1
124221,3068bpr9568,15,1
124221,3068bpr9569,15,1
124221,3068bpr9570,15,1
124221,3068bpr9571,15,1
124226,10314,19,2
124226,11211,19,2
124226,11211,15,2
124226,13971,4,4
124226,15068,10,2
124226,15395,15,1
124226,22886,15,4
124226,2412b,71,6
124226,2415,71,4
124226,2432,71,2
124226,2445,1,1
124226,24866,5,2
124226,2496,85,2
124226,2508,0,1
124226,2926,0,3
124226,3001,2,2
124226,3001,29,2
124226,3001,4,4
124226,3001,30,2
124226,3001,15,6
124226,3001,72,4
124226,3001,70,4
124226,3001,322,2
124226,3001,14,7
124226,3001,85,2
124226,3001,19,4
124226,3001,27,4
124226,3002,0,4
124226,3002,25,4
124226,3002,71,6
124226,3002,4,4
124226,3003,0,4
124226,3003,15,4
124226,3003,27,4
124226,3003,70,8
124226,3003,5,4
124226,3003,4,4
124226,3004,15,4
124226,3004,27,2
124226,3004,322,2
124226,3004,484,2
124226,3004,4,6
124226,3004,191,10
124226,3005,70,4
124226,3005,27,4
124226,3005,191,4
124226,3005,30,4
124226,3005,1,4
124226,3005,29,2
124226,3005,19,4
124226,3006,4,2
124226,3009,1,2
124226,3010,5,2
124226,3010,1,4
124226,3010,191,8
124226,3010,85,2
124226,30136,0,4
124226,30137,29,2
124226,30157,72,2
124226,30165,4,2
124226,3020,25,4
124226,3021,19,2
124226,3023,36,3
124226,3027,71,1
124226,3031,29,1
124226,3031,0,2
124226,3031,85,1
124226,3031,2,2
124226,3031,19,1
124226,3031,14,3
124226,3034,14,1
124226,3034,2,1
124226,3035,322,1
124226,3036,19,1
124226,3039,47,2
124226,3039,27,4
124226,3039,320,2
124226,3040b,4,4
124226,3040b,15,4
124226,3040b,182,2
124226,30414,14,2
124226,3062b,297,2
124226,3062b,14,2
124226,3065,47,8
124226,3297,26,4
124226,34337,15,10
124226,3464,72,2
124226,3622,27,4
124226,3622,25,2
124226,3659,19,2
124226,3660,70,3
124226,3660,15,2
124226,3660,2,2
124226,3710,72,2
124226,3710,14,2
124226,3710,30,2
124226,3795,0,3
124226,3795,70,2
124226,3795,26,2
124226,3832,72,3
124226,3941,25,4
124226,3942c,297,1
124226,3957b,1,1
124226,4032a,85,2
124226,4070,71,2
124226,4286,0,2
124226,44728,71,2
124226,4477,71,2
124226,44865,72,4
124226,4489b,297,2
124226,4489b,71,2
124226,4599b,0,2
124226,4600,0,4
124226,4865b,47,2
124226,50373,4,1
124226,50950,27,2
124226,50950,30,2
124226,51739,1,2
124226,54200,29,2
124226,54200,70,2
124226,54200,47,2
124226,55981,15,4
124226,59895,0,2
124226,59900,19,4
124226,60592,15,2
124226,60594,15,1
124226,60596,212,1
124226,60601,47,2
124226,60614,30,2
124226,60616a,41,1
124226,6091,0,2
124226,61254,0,4
124226,6141,1,2
124226,6141,47,4
124226,6141,34,2
124226,6141,36,2
124226,6141,0,2
124226,85984,484,2
124226,85984,1,2
124226,87087,484,2
124226,87087,19,4
124226,87414,0,10
124226,87552,41,4
124226,87580,14,4
124226,88072,19,2
124226,88930,1,4
124226,92402,0,4
124226,93273,85,2
124226,93273,0,2
124226,96874,25,1
124226,98138pr0008,15,2
124226,98138pr0027,15,2
124226,98263,71,1
124232,3068bpr9510,15,1
124232,3068bpr9511,15,1
124232,3068bpr9512,15,1
124232,3068bpr9513,15,1
124232,3068bpr9514,15,1
124232,3068bpr9515,15,1
124232,3068bpr9516,15,1
124232,3068bpr9517,15,1
124232,3068bpr9518,15,1
124232,3068bpr9519,15,1
124232,3068bpr9520,15,1
124232,3068bpr9521,15,1
124232,3068bpr9522,15,1
124232,3068bpr9523,15,1
124232,3068bpr9524,15,1
124232,3068bpr9525,15,1
124232,3068bpr9526,15,1
124232,3068bpr9527,15,1
124232,3068bpr9528,15,1
124232,3068bpr9529,15,1
124232,3068bpr9530,15,1
124232,upn0469,0,1
124233,3068bpr9489,15,1
124233,3068bpr9490,15,1
124233,3068bpr9491,15,1
124233,3068bpr9492,15,1
124233,3068bpr9493,15,1
124233,3068bpr9494,15,1
124233,3068bpr9495,15,1
124233,3068bpr9496,15,1
124233,3068bpr9497,15,1
124233,3068bpr9498,15,1
124233,3068bpr9499,15,1
124233,3068bpr9500,15,1
124233,3068bpr9501,15,1
124233,3068bpr9502,15,1
124233,3068bpr9503,15,1
124233,3068bpr9504,15,1
124233,3068bpr9505,15,1
124233,3068bpr9506,15,1
124233,3068bpr9507,15,1
124233,3068bpr9508,15,1
124233,3068bpr9509,15,2
124233,upn0469,4,1
124285,11476,4,8
124285,18674,70,2
124285,19119,2,1
124285,24866,191,6
124285,25214,71,1
124285,3749,19,2
124285,4032a,84,2
124285,43093,1,1
124285,43722,4,8
124285,43723,4,8
124285,47456,4,8
124285,61332,0,7
124285,62462,10,9
124285,75937,0,2
124289,3001,15,5
124289,3001,85,13
124289,3002,15,2
124289,3003,15,10
124289,3010,85,4
124290,15424,19,1
124290,15439,0,1
124290,3626cpr9709,4,1
124290,970c19pr9759,70,1
124290,973c03h22pr0005,19,1
124292,10288,308,4
124292,11476,71,1
124292,13564,70,3
124292,14395,19,8
124292,14704,71,4
124292,14718,19,4
124292,14719,73,2
124292,15068,28,4
124292,15100,0,4
124292,15535,28,1
124292,15573,70,4
124292,15672,19,4
124292,15712,71,2
124292,18674,71,1
124292,18674,15,1
124292,18838,19,1
124292,20482,47,2
124292,20482,297,1
124292,20482,0,4
124292,22888,72,1
124292,2343,179,3
124292,2357,70,3
124292,2357,19,8
124292,2412b,71,5
124292,2420,15,4
124292,2420,19,2
124292,2431,73,7
124292,24482,72,2
124292,2450,28,5
124292,2453b,19,2
124292,2454b,19,2
124292,24593,19,1
124292,2462,19,6
124292,24855,2,4
124292,24866,2,4
124292,2489,308,2
124292,2540,73,2
124292,26601,71,2
124292,26603,4,2
124292,27263,71,2
124292,2736,71,4
124292,27507,71,1
124292,2780,0,8
124292,27925,326,4
124292,2926,0,2
124292,3001,19,2
124292,3002,19,4
124292,30029,0,1
124292,3003,71,4
124292,3003,19,3
124292,3004,19,18
124292,3004,72,1
124292,30044,70,6
124292,30046,0,6
124292,3005,19,10
124292,3005,71,4
124292,3005,84,13
124292,3005,73,2
124292,3009,71,1
124292,30136,308,6
124292,30153,36,1
124292,30153,46,2
124292,3020,71,4
124292,3020,72,2
124292,3020,28,4
124292,3021,72,2
124292,3023,84,4
124292,3023,288,2
124292,3023,70,4
124292,3023,15,7
124292,30237b,71,4
124292,3024,0,2
124292,3024,19,11
124292,3024,73,6
124292,3024,47,2
124292,3032,28,1
124292,3035,28,1
124292,30385,35,1
124292,3040b,308,3
124292,3040b,73,2
124292,3040b,72,12
124292,3046a,326,4
124292,30503,70,2
124292,3062b,34,4
124292,3062b,47,4
124292,3062b,46,3
124292,3062b,36,5
124292,3062b,33,6
124292,3062b,308,6
124292,3068bpr0376,19,1
124292,3069b,0,3
124292,3069b,15,1
124292,3069bpr0238,19,1
124292,3070b,71,2
124292,3070b,15,2
124292,32000,71,12
124292,32016,70,8
124292,32028,179,5
124292,32062,4,4
124292,32124,70,4
124292,32607,2,4
124292,3298,70,2
124292,33183,70,4
124292,33320,2,1
124292,3456,72,1
124292,3464,72,1
124292,35336,47,1
124292,35480,19,4
124292,35563,72,2
124292,3622,19,8
124292,3623,28,5
124292,3623,71,4
124292,3659,19,6
124292,3665,73,6
124292,3666,28,4
124292,3666,73,5
124292,36752a,0,1
124292,36752a,28,2
124292,36752a,308,1
124292,36752a,70,1
124292,36840,72,2
124292,36841,73,4
124292,3700,70,4
124292,3701,70,2
124292,3705,0,1
124292,3709,72,1
124292,3710,70,12
124292,3710,73,6
124292,37762,15,3
124292,37775,182,3
124292,37776,1103,1
124292,3795,70,1
124292,3795,73,3
124292,3829c01,71,1
124292,3830,84,2
124292,3831,84,2
124292,3835,0,1
124292,3836,70,1
124292,3941,19,2
124292,3942c,72,1
124292,39642,9999,1
124292,4032a,288,3
124292,40378,308,4
124292,4070,73,2
124292,4070,70,3
124292,4079b,0,1
124292,43093,1,4
124292,4345b,71,1
124292,4346,0,1
124292,43888,19,2
124292,43892,308,12
124292,4449,70,2
124292,4460b,72,3
124292,4522,0,1
124292,45677,73,1
124292,4594,47,1
124292,4740,70,1
124292,47543,72,1
124292,4865b,71,2
124292,4865b,84,4
124292,54200,73,4
124292,54200,288,11
124292,54200,326,5
124292,54200,182,2
124292,54200,71,9
124292,55013,72,1
124292,59426,72,1
124292,59443,4,1
124292,59900,40,2
124292,59900,72,3
124292,59900,46,5
124292,6003,28,2
124292,60474,308,4
124292,60474,71,1
124292,60479,0,2
124292,60481,72,1
124292,60581,72,2
124292,6063,72,1
124292,6081,73,1
124292,6112,19,1
124292,6141,70,8
124292,6141,47,2
124292,6141,36,2
124292,6141,5,2
124292,6141,0,4
124292,6141,46,2
124292,61485,0,1
124292,62361,71,1
124292,6259,70,2
124292,64644,297,1
124292,64644,308,1
124292,64647,15,2
124292,6541,72,4
124292,6585,0,1
124292,6589,19,2
124292,6636,15,2
124292,85861,70,4
124292,85975,297,1
124292,85984,19,7
124292,85984,15,2
124292,87079,28,2
124292,87421,19,6
124292,87552,70,2
124292,87580,0,1
124292,87620,19,6
124292,87994,308,1
124292,88072,71,2
124292,88292,19,5
124292,88646,0,1
124292,89523,72,3
124292,90540,378,1
124292,92084pr0003,15,1
124292,92262pr0002,73,1
124292,92263pr0002,73,1
124292,92409,0,4
124292,92593,326,1
124292,92947,308,1
124292,92947,0,1
124292,92950,70,2
124292,93095,70,2
124292,93273,0,1
124292,93594,179,4
124292,95228,47,2
124292,95228,40,1
124292,96874,25,1
124292,98281,15,1
124292,98283,84,13
124292,98374,1103,2
124292,99207,0,1
124292,99780,70,4
124292,99780,72,1
124292,99781,71,1
124293,3626cpr2676,78,1
124293,88283,0,1
124293,970c03pr9779,0,1
124293,973c03h02pr4416,0,1
124335,18853,29,1
124335,24184,25,1
124335,35182,308,1
124335,92198pr0134,84,1
124335,92456c02pr0344,84,1
124335,92818c01pr0159,26,1
124336,15573,85,2
124336,26604,0,2
124336,3021,272,1
124336,3068b,85,1
124336,3068bpr0587,85,1
124336,3068bpr9694,85,1
124336,3069b,85,1
124336,3623,85,2
124336,49307,85,2
124336,65578,272,2
124336,66858,4,1
124336,87087,85,2
124338,26603,2,1
124338,3024,2,1
124338,3068bpr9688,2,1
124338,3069b,2,1
124338,32952,378,1
124338,34103,14,2
124338,3622pr0065,2,1
124338,3623,2,1
124338,66859,1,1
124338,87087,2,4
124338,98138,14,2
124341,22385pr0134,212,1
124341,26604,73,2
124341,3004,212,2
124341,3023,212,2
124341,30363,212,2
124341,3068bpr9691,212,1
124341,3069b,212,1
124341,4032a,15,1
124341,54200,212,4
124341,67329,15,2
124460,10301pr0006,0,1
124460,10677pr0006,0,1
124460,11938,191,1
124460,15506pr0005,26,1
124460,20606pr0004,1,1
124460,20606pr0006,0,1
124460,3068bpr9486,19,1
124460,3068bpr9488,15,1
124460,35692,36,1
124460,36036pr0039,26,1
124460,36036pr0040,1,1
124460,36036pr9993,0,1
124460,36036pr9994,0,1
124460,36036pr9995,4,1
124460,3626cpr0737,14,1
124460,3626cpr0823,14,1
124460,3626cpr9662,14,1
124460,3626cpr9663,14,1
124460,3626cpr9664,14,1
124460,3626cpr9665,14,1
124460,3626cpr9666,14,1
124460,3626cpr9667,14,1
124460,3626cpr9668,14,1
124460,3626cpr9681,15,1
124460,3626cpr9682,28,1
124460,3626cpr9708,14,1
124460,37191h01,212,1
124460,37829,484,1
124460,45755pr0001,70,1
124460,49516pr0003,320,1
124460,67043pat0003,320,1
124460,67632pr0003,19,1
124460,87995,5,1
124460,93230,308,1
124460,93557,15,1
124460,95674,26,1
124460,970c15pat27pr0003,323,1
124460,970c22pat10pr0001,4,1
124460,970c37pr9757,26,1
124460,970c38pr9758,191,1
124460,973c03h09pr0003,0,1
124460,973c03h27pr9998,0,1
124460,973c05h01pr0003,272,1
124460,973c10h01pr9998,320,1
124460,973c15h01pr9998,3,1
124460,973c15h01pr9999,323,1
124460,973c22h01pr0008,4,1
124460,973c22h01pr0010,4,1
124460,973c22h11pr0001,4,1
124460,973c26h01pr0009,19,1
124460,973c28h01pr9996,1,1
124460,973c30h03pr0001,72,1
124460,973c35h01pr0002,288,1
124460,973c37h37pr0002,26,1
124460,973d39pr0001,323,1
124462,14719,272,2
124462,26603,272,1
124462,26603pr0079,272,1
124462,26604,0,4
124462,29119,14,1
124462,29120,14,1
124462,3023,0,2
124462,3024,25,2
124462,3068bpr9689,272,1
124462,3069b,272,3
124462,3245c,14,1
124462,6091,14,2
124462,63864,272,2
124462,66859,2,1
124462,67329,0,2
124667,11208,179,4
124667,11209,0,4
124667,11477,0,8
124667,15207,14,2
124667,15712,0,2
124667,15712,71,4
124667,2420,14,6
124667,24246,36,2
124667,2432,70,1
124667,2437,40,2
124667,26047,0,2
124667,28324,0,1
124667,3004,14,2
124667,3021,0,1
124667,3022,0,1
124667,3023,2,1
124667,3023,0,4
124667,3024,0,14
124667,3024,14,6
124667,3024,71,6
124667,3035,28,2
124667,3068b,0,1
124667,3069b,71,2
124667,3069b,0,2
124667,33909,4,1
124667,35789,0,4
124667,3622,14,2
124667,3666,0,2
124667,36840,0,2
124667,3710,0,5
124667,3710,71,4
124667,3710,14,2
124667,3829c01,71,1
124667,4081b,14,3
124667,4162,72,1
124667,41769,0,1
124667,41770,0,1
124667,42947,0,2
124667,43719,0,1
124667,4449,70,1
124667,44728,14,2
124667,4740,2,1
124667,4865b,14,2
124667,50943,71,1
124667,50946,1103,1
124667,50950,0,2
124667,53119,70,1
124667,54200,182,3
124667,59900,0,1
124667,6081,14,1
124667,6141,47,4
124667,63864,72,2
124667,63868,71,2
124667,63965,0,1
124667,70681,0,2
124667,78258,72,1
124667,79389,0,6
124667,85984,14,2
124667,87079,72,2
124667,87994,71,2
124667,92926,2,1
124667,93273,0,2
124667,98138,71,2
124667,98138pr0090,84,1
124667,98281,0,1
124812,132a,7,10
124812,3001a,0,28
124812,3001a,1,16
124812,3002a,1,15
124812,3002a,0,26
124812,3003a,1,1
124812,3004,1,19
124812,3004,0,2
124812,3005,1,8
124812,3005,0,2
124812,3005pr9975,15,2
124812,3005pr9979,15,2
124812,3005pr9987,15,2
124812,3005pr9989,15,2
124812,3006,1,8
124812,3007,1,4
124812,3008,1,8
124812,3009,1,8
124812,3020,4,11
124812,3020,7,17
124812,3021,4,3
124812,3021,0,1
124812,3021,7,8
124812,3022,7,5
124812,3023,4,16
124812,3024,1,8
124812,3024,4,2
124812,3034,15,5
124812,3035,15,6
124812,3037,1,14
124812,3038,1,2
124812,3039,1,1
124812,3043,1,1
124812,3045,1,4
124812,3048a,1,2
124812,3065,47,8
124812,3081c01,4,2
124812,36,7,4
124812,7039,4,10
124812,7049a,15,7
124812,715,4,4
124875,3626cpr2399,14,1
124875,90386,0,1
124875,970c12,72,1
124875,973c10h01pr4289,320,1
124927,11212,0,4
124927,2357,0,4
124927,2420,0,4
124927,2465,0,8
124927,3005,0,12
124927,3008,0,20
124927,3010,0,8
124927,3020,0,1
124927,3795,72,8
124927,3795,0,8
124927,4162,0,20
124927,4162pr9988,0,1
124927,4162pr9989,0,1
124927,4282,0,9
124927,44865,0,24
124927,55819,0,1
124927,61332,0,46
124927,6141,0,566
124927,6141,72,216
124927,6141,322,139
124927,6141,323,194
124927,6141,30,95
124927,6141,70,165
124927,6141,92,153
124927,6141,4,112
124927,6141,1,293
124927,6141,19,380
124927,6141,272,423
124927,6141,1103,432
124927,6141,15,257
124927,6141,71,277
124927,6141,484,55
124927,6141,10,210
124927,63864,0,8
124927,65803,0,9
124927,67139,0,2
124927,78169,322,1
124927,87079pr0290,0,1
125009,3626cpr2257,14,1
125009,41162,1103,1
125009,69558pat0001,308,1
125009,970c24pr9768,379,1
125009,973c28h28pr0001,1,1
125077,11212,0,2
125077,11213,71,1
125077,11833,71,1
125077,18674,72,1
125077,22888,71,2
125077,30162,72,1
125077,32028,320,2
125077,32028,72,2
125077,3460,71,1
125077,36840,72,2
125077,36841,71,1
125077,4740,71,1
125077,54383,71,2
125077,54384,71,2
125077,6141,41,6
125077,65578,71,1
125077,85861,71,1
125077,85861,0,4
125077,87079,71,2
125077,98100,71,1
125077,98138pr0035,179,2
125077,99563,71,3
125083,01571,9999,1
125083,11090,71,1
125083,11090,0,1
125083,11153,4,6
125083,11153pr0005,4,12
125083,11203,0,2
125083,11211,19,2
125083,11212,71,1
125083,11212,72,2
125083,11477,71,2
125083,11477,0,3
125083,14418,71,3
125083,14704,72,2
125083,14769,15,2
125083,15068,0,2
125083,15573,2,2
125083,15573,25,16
125083,15573,15,10
125083,15573,4,3
125083,1927,72,1
125083,22484,72,2
125083,22885,15,2
125083,22885,0,2
125083,22890,72,3
125083,2420,0,12
125083,2420,15,10
125083,24201,0,1
125083,24201,72,2
125083,24201,4,3
125083,24299,15,1
125083,24299,0,1
125083,24307,0,1
125083,24307,15,1
125083,2431,71,2
125083,2454b,0,4
125083,24599,15,4
125083,25269,71,8
125083,26047,0,2
125083,2639,15,4
125083,26601,15,4
125083,26603,15,1
125083,26603pr0084,4,1
125083,26604,15,2
125083,27263,15,4
125083,29119,0,1
125083,29120,0,1
125083,3001,15,1
125083,3004,15,4
125083,3004,4,2
125083,3004,0,2
125083,3005,182,4
125083,3010,19,2
125083,3020,0,2
125083,3020,71,2
125083,3020,15,16
125083,3020,1,2
125083,3021,0,5
125083,3021,15,10
125083,3021,4,11
125083,3021,71,2
125083,3022,15,8
125083,3022,2,2
125083,3023,71,1
125083,3023,15,22
125083,3023,182,8
125083,3023,4,8
125083,3023,0,6
125083,3024,4,8
125083,3024,15,18
125083,3024,3,2
125083,3024,0,8
125083,3024,182,4
125083,3031,19,1
125083,3031,0,2
125083,3034,72,1
125083,3034,15,4
125083,30414,0,4
125083,3045,0,4
125083,30565,71,4
125083,30565,15,6
125083,30565,0,2
125083,3068b,4,2
125083,3069b,15,2
125083,3069b,72,4
125083,3069b,0,2
125083,3069b,4,2
125083,3070b,15,2
125083,3070b,71,4
125083,3176,71,2
125083,32002,19,8
125083,32028,0,12
125083,32278,15,2
125083,32324,71,2
125083,32449,4,4
125083,3245c,0,3
125083,32803,0,4
125083,3297,0,4
125083,33909,0,2
125083,34103,70,4
125083,34103,0,5
125083,34103,4,1
125083,3460,0,4
125083,35459,15,2
125083,35480,0,4
125083,35480,15,7
125083,3622,4,3
125083,3623,15,3
125083,3623,4,13
125083,3623,71,2
125083,3623,72,6
125083,3665,4,2
125083,3665,0,2
125083,3666,0,4
125083,3666,15,6
125083,3675,0,4
125083,36840,4,2
125083,3701,0,6
125083,3710,72,1
125083,3710,19,4
125083,3710,0,2
125083,3710,15,12
125083,3747b,0,2
125083,3795,0,1
125083,3795,15,2
125083,3937,0,1
125083,3958,19,1
125083,3960pr0044,15,2
125083,4032a,71,4
125083,4032a,0,1
125083,4070,4,12
125083,4081b,0,4
125083,4081b,4,2
125083,41769,15,1
125083,41770,15,1
125083,44375bpr0012,15,2
125083,4477,0,4
125083,48336,0,2
125083,48729b,0,2
125083,51739,15,2
125083,54200,182,2
125083,54200,4,10
125083,60470b,0,1
125083,60478,72,1
125083,60478,0,2
125083,6060,15,2
125083,6091,72,12
125083,61252,15,1
125083,61252,4,2
125083,61252,0,2
125083,61332,0,6
125083,6134,0,1
125083,6141,25,17
125083,6180pr0026,0,1
125083,62361,15,1
125083,63864,14,1
125083,63864,72,4
125083,63868,4,3
125083,64799,15,1
125083,65734,182,2
125083,67810,72,8
125083,73825,15,3
125083,73831,84,4
125083,75c23.75,14,2
125083,78258,0,2
125083,79393,14,4
125083,85861,0,6
125083,85984,0,1
125083,85984,14,2
125083,85984,15,4
125083,87083,72,2
125083,87087,0,2
125083,87994,71,1
125083,87994,0,1
125083,96874,25,1
125083,98138,14,4
125083,98560,0,4
125083,99206,19,1
125083,99206,71,2
125083,99780,71,2
125085,10247,0,3
125085,11153,0,2
125085,11211,0,4
125085,11212,71,2
125085,11477,0,2
125085,14418,71,4
125085,15573,72,6
125085,15672,0,2
125085,22885,71,14
125085,22890,72,4
125085,2357,19,2
125085,2420,71,34
125085,2420,0,2
125085,24201,72,4
125085,24299,0,1
125085,24299,71,3
125085,24307,0,1
125085,24307,71,3
125085,24309,71,8
125085,2456,19,1
125085,25269,71,4
125085,27263,80,8
125085,27925,72,4
125085,28192,80,4
125085,28802,71,2
125085,29119,0,1
125085,29119,80,1
125085,29120,0,1
125085,29120,80,1
125085,3001,0,1
125085,3003,1,3
125085,3004,25,7
125085,3004,71,2
125085,3008,0,2
125085,3008,71,1
125085,3008,15,1
125085,3009,322,1
125085,30166,72,4
125085,3020,71,10
125085,3020,72,11
125085,3020,322,2
125085,3021,71,19
125085,3022,25,2
125085,3022,0,2
125085,3022,72,4
125085,3023,72,3
125085,3023,71,42
125085,3023,0,9
125085,3024,71,11
125085,3024,4,4
125085,3024,0,4
125085,3032,72,2
125085,3032,71,1
125085,3034,71,2
125085,3034,0,3
125085,3036,71,2
125085,3044c,72,2
125085,3045,0,4
125085,3068b,80,5
125085,3069b,0,2
125085,3069b,19,2
125085,3069b,71,2
125085,3070b,80,7
125085,3070b,0,2
125085,32324,0,2
125085,3245c,0,4
125085,32802,72,4
125085,32803,0,1
125085,32952,71,2
125085,32952,4,14
125085,3297,0,4
125085,33909,0,4
125085,34103,15,2
125085,3460,71,17
125085,3460,0,4
125085,35044,72,4
125085,35044,71,2
125085,3622,71,4
125085,3623,2,4
125085,3623,71,15
125085,3660,72,4
125085,3666,4,5
125085,3675,0,4
125085,3678b,15,4
125085,3700,0,1
125085,3710,71,6
125085,3710,0,3
125085,3710,72,2
125085,3795,71,3
125085,3795,0,8
125085,3832,71,2
125085,3937,0,1
125085,3958,19,4
125085,4032a,0,2
125085,40490,14,2
125085,4070,2,2
125085,41682,71,1
125085,41740,72,4
125085,41769,71,3
125085,41770,71,3
125085,42924,1,2
125085,43722,72,1
125085,43722,71,1
125085,43723,71,1
125085,43723,72,1
125085,44728,71,4
125085,4477,0,3
125085,4510,0,2
125085,4871,72,4
125085,50950,80,12
125085,50950,0,2
125085,60474,72,2
125085,60475b,15,2
125085,60897,14,2
125085,6091,19,4
125085,61332,0,3
125085,6134,0,3
125085,6141,0,8
125085,6180,71,2
125085,6180pr0028,0,1
125085,63864,80,4
125085,64799,0,1
125085,6636,71,2
125085,73825,14,2
125085,78443,71,2
125085,78444,71,2
125085,85984,80,14
125085,85984,72,5
125085,87079,0,2
125085,87083,72,1
125085,87544,71,2
125085,87552,0,8
125085,88930,71,4
125085,96874,25,1
125085,98560,0,6
125085,99206,19,3
125085,99207,4,2
125085,99780,15,1
125085,99780,0,2
125184,11055,4,2
125184,11211,4,1
125184,11455,0,4
125184,11458,72,1
125184,11476,19,1
125184,13971,71,2
125184,14716,15,2
125184,14719,15,2
125184,15068,15,6
125184,15254,2,4
125184,15535,19,3
125184,15712,71,2
125184,18646,19,4
125184,18649,0,2
125184,18980,0,1
125184,22885,15,1
125184,2412b,179,11
125184,2420,2,4
125184,2420,71,4
125184,2420,0,12
125184,24201,15,2
125184,24246,0,5
125184,2431,0,1
125184,2431,15,10
125184,2486,0,1
125184,24866,2,3
125184,24866,10,4
125184,2540,15,3
125184,26047,71,2
125184,2654,19,4
125184,27263,15,2
125184,2780,0,2
125184,27925,71,4
125184,28802,0,6
125184,28974,70,1
125184,3004,15,4
125184,3005,15,4
125184,3008,15,1
125184,3009,2,3
125184,3010,15,1
125184,30136,71,2
125184,30157,72,2
125184,30162,0,1
125184,3020,71,4
125184,3020,0,6
125184,3020,2,2
125184,3020,15,2
125184,3021,15,1
125184,3022,15,2
125184,3022,71,4
125184,3023,182,8
125184,3023,15,7
125184,3023,47,4
125184,3023,46,4
125184,3024,2,9
125184,3024,191,7
125184,3030,15,1
125184,3034,0,2
125184,3034,15,3
125184,3035,0,1
125184,30357,70,4
125184,3037,15,2
125184,30374,71,1
125184,3039pr0001,15,1
125184,3049d,0,8
125184,3062b,14,1
125184,3062b,4,2
125184,3069b,15,1
125184,3069b,0,1
125184,3070b,182,3
125184,3070b,36,2
125184,32000,71,3
125184,32054,4,1
125184,32062,4,2
125184,32123b,14,5
125184,32123b,71,4
125184,32140,72,1
125184,32580,15,2
125184,32952,72,2
125184,33909,4,2
125184,34103,0,8
125184,3460,15,2
125184,3460,0,3
125184,3460,191,2
125184,3623,2,4
125184,3666,0,4
125184,3666,2,4
125184,3666,15,2
125184,3666,71,6
125184,36840,15,2
125184,36840,70,1
125184,3710,15,2
125184,3710,2,5
125184,3710,191,7
125184,3713,4,4
125184,3795,72,4
125184,3821,15,1
125184,3822,15,1
125184,3823,47,2
125184,3829c01,4,1
125184,3894,71,2
125184,3900,71,1
125184,3938,0,1
125184,3958,0,2
125184,3958,71,1
125184,3960pr0024,15,1
125184,4032a,10,4
125184,4032a,70,7
125184,4032a,2,2
125184,4079b,4,2
125184,4162,15,4
125184,4162,0,2
125184,41740,15,3
125184,4274,1,4
125184,43045,71,1
125184,43093,1,1
125184,4445,0,2
125184,44728,4,2
125184,4510,191,1
125184,4510,0,1
125184,4533,41,1
125184,4599b,0,1
125184,4599b,4,2
125184,4599b,14,2
125184,4599b,15,1
125184,4733,70,1
125184,47905,70,1
125184,4865b,47,4
125184,48729b,0,2
125184,52501,72,4
125184,53451,70,1
125184,54200,70,1
125184,54200,15,2
125184,55976,0,4
125184,56145,25,4
125184,58380,15,1
125184,58381,15,1
125184,59426,72,4
125184,59443,4,1
125184,59443,0,2
125184,60474,4,1
125184,60475b,15,1
125184,60478,71,2
125184,60478,0,2
125184,60581,0,2
125184,60581,47,1
125184,60897,4,1
125184,61072,179,4
125184,61254,0,2
125184,6141,4,8
125184,6141,14,7
125184,6141,15,3
125184,6180,15,1
125184,6231,0,2
125184,63868,0,2
125184,63868,15,3
125184,65571,297,2
125184,67113,9999,1
125184,85861,70,5
125184,85861,71,5
125184,85975,70,1
125184,87079,15,3
125184,87083,72,1
125184,87087,191,2
125184,87544,47,2
125184,88292,0,4
125184,88293,19,4
125184,91988,0,2
125184,92410,15,1
125184,95228,34,2
125184,96874,25,1
125184,99207,71,2
125184,99780,15,4
125184,99781,0,4
125195,10314,71,2
125195,11153,4,2
125195,11477,71,2
125195,11477,15,2
125195,11477,4,4
125195,15068,0,1
125195,15068,4,1
125195,15573,4,4
125195,15573,0,3
125195,15672,4,2
125195,15712,15,4
125195,18977,0,4
125195,23186,70,1
125195,2420,0,6
125195,2420,4,12
125195,26603,4,2
125195,28192,15,1
125195,29119,4,1
125195,29120,4,1
125195,30029,0,1
125195,3020,71,3
125195,3021,0,2
125195,3022,71,2
125195,3022,72,2
125195,3023,4,11
125195,3024,15,4
125195,3024,0,12
125195,3024pr0016,4,6
125195,3031,4,2
125195,3065,40,2
125195,3068b,15,2
125195,3069b,4,6
125195,3069bpr0340,40,2
125195,3070b,0,4
125195,3070b,4,4
125195,32828,71,4
125195,32828,0,4
125195,33909,4,2
125195,34103,72,6
125195,35464,71,2
125195,35480,15,8
125195,35480,0,4
125195,3623,71,2
125195,3666,72,1
125195,3710,0,2
125195,3710,4,2
125195,3749,19,4
125195,37762,179,2
125195,3829c01,0,1
125195,3937,4,5
125195,3938,0,2
125195,4032a,0,2
125195,4070,72,2
125195,4070,71,4
125195,4081b,14,2
125195,43722,4,2
125195,43723,4,2
125195,44728,71,1
125195,44728,4,2
125195,44861,0,4
125195,47457,71,1
125195,4865b,0,4
125195,49668,15,2
125195,54200,4,2
125195,6091,15,1
125195,6091,71,2
125195,6134,4,3
125195,61409,4,4
125195,63864,15,2
125195,63864,4,3
125195,63868,71,2
125195,63965,71,1
125195,65635,72,2
125195,6564,4,1
125195,6565,4,1
125195,6636,4,2
125195,66727,297,4
125195,73825,4,4
125195,73825,15,1
125195,78256,4,2
125195,78329,4,5
125195,78329,0,2
125195,78666,4,2
125195,79194,47,4
125195,83350,9999,1
125195,85984,0,1
125195,85984,4,11
125195,85984,71,2
125195,87079,4,3
125195,88072,72,2
125195,92279pr0002,40,1
125195,98138,36,2
125195,98138,71,2
125195,98138,182,2
125195,98282,4,2
125195,99206,71,4
125195,99563,0,2
125195,99781,4,2
125196,11291,288,3
125196,11477,288,2
125196,14704,72,2
125196,14719,72,2
125196,15068,0,1
125196,15573,14,2
125196,15573,72,2
125196,15712,0,2
125196,18649,0,1
125196,18746,288,1
125196,18974,288,4
125196,22385,0,1
125196,22890,72,2
125196,2412b,0,3
125196,2420,0,4
125196,2420,14,6
125196,2431,288,4
125196,25269,14,2
125196,26603,0,1
125196,27262pr0004,40,1
125196,27263,0,2
125196,29119,0,2
125196,29119,288,8
125196,29120,0,2
125196,29120,288,8
125196,3001,71,2
125196,3004,0,2
125196,3009,0,1
125196,3020,1,1
125196,3021,288,2
125196,3022,1,1
125196,3023,288,4
125196,3023,36,4
125196,3024,71,2
125196,3024,288,10
125196,3069b,288,3
125196,3069b,0,1
125196,3070b,288,10
125196,3070b,36,2
125196,32529,0,2
125196,32803,0,1
125196,34103,4,2
125196,35480,0,10
125196,35787,288,8
125196,3623,72,1
125196,3623,288,2
125196,3666,14,2
125196,3666,0,2
125196,3676,72,2
125196,36840,0,4
125196,36841,71,2
125196,36841,0,3
125196,3705,0,1
125196,3710,288,5
125196,3749,19,4
125196,3795,72,1
125196,3829c01,0,1
125196,3937,71,2
125196,3937,0,2
125196,4006,0,1
125196,41682,0,1
125196,43722,288,2
125196,43723,288,2
125196,50950,0,1
125196,52501,0,1
125196,54200,0,1
125196,54200,36,2
125196,61252,0,2
125196,61332,0,2
125196,6134,0,4
125196,62810,70,1
125196,63864,288,2
125196,6536,71,2
125196,65633pr0011,40,1
125196,65634,0,1
125196,65635,72,2
125196,66956,0,2
125196,72206,1103,4
125196,72210b,1103,4
125196,73109,71,2
125196,73230,71,4
125196,73825,0,2
125196,79389,71,2
125196,80177pr0004,288,1
125196,80178pr0004,288,1
125196,81540,9999,1
125196,85861,4,5
125196,85984,72,2
125196,85984,0,1
125196,85984,288,4
125196,87087,288,2
125196,93273,0,1
125196,93606,288,1
125196,99207,0,5
125196,99780,72,1
125196,99780,288,2
125197,11090,72,4
125197,11211,15,3
125197,11477,0,2
125197,11477,15,4
125197,14769pr1230,15,4
125197,15068,15,6
125197,15573,0,8
125197,15672,4,2
125197,15712,15,2
125197,20482,72,2
125197,22961,72,2
125197,23969,15,2
125197,2412b,0,2
125197,2420,0,6
125197,2420,15,4
125197,2431,15,1
125197,25269,0,2
125197,26601,15,2
125197,26603,15,2
125197,27263,0,2
125197,29119,15,1
125197,29120,15,1
125197,3005,47,2
125197,3005,72,4
125197,3005,15,2
125197,3009,72,1
125197,3020,15,2
125197,3021,15,3
125197,3022,72,2
125197,3023,0,1
125197,3023,15,10
125197,3024,47,2
125197,3024,15,4
125197,3024,4,4
125197,30374,0,1
125197,3040b,72,2
125197,3068b,15,1
125197,3069b,4,3
125197,3069b,40,4
125197,3069b,15,3
125197,3070b,15,4
125197,32000,71,3
125197,32828,71,2
125197,32952,15,2
125197,33909,15,2
125197,33909,4,6
125197,34103,4,1
125197,3460,15,1
125197,35480,4,4
125197,3623,15,2
125197,3665,15,2
125197,3666,4,2
125197,36840,15,4
125197,36841,71,4
125197,3710,15,1
125197,3710,0,5
125197,3749,19,4
125197,3795,0,2
125197,3829c01,4,1
125197,3937,15,2
125197,3937,0,2
125197,3938,15,2
125197,4006,0,1
125197,4081b,4,2
125197,4162,15,1
125197,41769,15,1
125197,41770,15,1
125197,42135,0,2
125197,4865b,19,3
125197,4865b,15,2
125197,54200,15,2
125197,54200,4,3
125197,59900,36,2
125197,60470b,0,1
125197,60478,15,2
125197,60897,72,2
125197,61332,0,2
125197,6134,0,2
125197,6179,15,1
125197,62810,308,1
125197,63864,0,1
125197,65426,15,1
125197,65429,15,1
125197,65633pr0009,40,1
125197,65634,0,1
125197,65635,72,2
125197,6636,4,1
125197,6636,15,3
125197,72206,0,4
125197,73109,71,1
125197,73825,0,2
125197,79194,0,2
125197,84201,9999,1
125197,85861,71,2
125197,85984,0,1
125197,85984,15,6
125197,87552,15,1
125197,90370,71,1
125197,93274,15,1
125197,93606,15,2
125197,98282,15,4
125197,99206,4,2
125197,99206,19,2
125197,99207,0,6
125197,99563,0,1
125197,99780,15,2
125197,99781,4,1
125198,10098858,9999,1
125198,11153,27,2
125198,11153,0,1
125198,11211,72,2
125198,11477,288,1
125198,11477,0,2
125198,11477,27,2
125198,14769pr1232,0,4
125198,15068,72,2
125198,15068,4,2
125198,15068,0,4
125198,15207,0,3
125198,15573,72,2
125198,15573,27,3
125198,15573,19,4
125198,15573,0,8
125198,15672,0,3
125198,15712,72,2
125198,15712,0,4
125198,18677,0,2
125198,18759,71,1
125198,20482,72,2
125198,23969,0,2
125198,2420,72,4
125198,2420,0,10
125198,2420,27,4
125198,24299,27,1
125198,24307,27,1
125198,2431,0,3
125198,2431,27,6
125198,25269,0,4
125198,25269,4,2
125198,25269,27,2
125198,26047,71,2
125198,2654,0,2
125198,26603,0,5
125198,26603,72,2
125198,27263,72,4
125198,27925,0,2
125198,28192,0,2
125198,29119,4,1
125198,29119,72,3
125198,29119,27,2
125198,29120,4,1
125198,29120,72,3
125198,29120,27,2
125198,3001,71,1
125198,3004,72,2
125198,3005,0,4
125198,3020,4,3
125198,3020,72,1
125198,3020,27,2
125198,3021,71,4
125198,3022,0,5
125198,3023,47,2
125198,3023,71,16
125198,3023,0,18
125198,3023,72,3
125198,3023,40,2
125198,3023,27,5
125198,3023pr0002,72,1
125198,3024,27,8
125198,3024,36,2
125198,3024,0,13
125198,30357,4,2
125198,30357,0,2
125198,30414,72,1
125198,3062b,72,2
125198,3068b,0,2
125198,3068b,27,3
125198,3069b,36,1
125198,3069b,4,3
125198,3069b,72,3
125198,3069b,27,2
125198,3069b,40,1
125198,3070b,27,4
125198,3070b,288,1
125198,3070b,72,10
125198,32062,4,2
125198,32062,0,1
125198,32064a,71,4
125198,32184,0,1
125198,32828,0,2
125198,34103,72,8
125198,3460,72,1
125198,3460,0,1
125198,35459,0,1
125198,35480,0,3
125198,35789,72,4
125198,3623,72,3
125198,3623,27,5
125198,3623,0,2
125198,3623,71,4
125198,3666,0,4
125198,3666,19,3
125198,36840,71,2
125198,36840,0,2
125198,36840,72,4
125198,36841,71,2
125198,36841,0,2
125198,3701,0,2
125198,3705,4,2
125198,3710,72,3
125198,3710,71,5
125198,3710,27,6
125198,37352,0,3
125198,3749,19,8
125198,37762,179,2
125198,3795,0,1
125198,3821,0,1
125198,3822,0,1
125198,3829c01,0,2
125198,3937,0,2
125198,4006,179,1
125198,4070,0,4
125198,4070,72,2
125198,4070,27,4
125198,4162,0,2
125198,41740,0,2
125198,4274,71,2
125198,42924,1,1
125198,43093,1,2
125198,43710,72,1
125198,43710,0,1
125198,43711,72,1
125198,43711,0,1
125198,43722,4,1
125198,43722,0,1
125198,43722,72,1
125198,43723,72,1
125198,43723,4,1
125198,43723,0,1
125198,44301b,15,2
125198,44728,0,2
125198,4490,0,1
125198,4519,71,1
125198,48336,0,1
125198,4865b,0,3
125198,4865b,72,2
125198,49668,36,2
125198,50340,15,2
125198,50950,27,2
125198,53451,27,2
125198,54200,36,2
125198,54200,0,2
125198,54200,72,4
125198,54200,40,2
125198,54200,4,2
125198,54200,27,8
125198,59443,71,2
125198,60478,0,2
125198,6134,0,2
125198,61409,0,2
125198,6141,0,11
125198,6141,14,8
125198,62711,308,1
125198,63864,72,2
125198,63868,47,2
125198,6541,0,1
125198,65426,27,1
125198,65429,27,1
125198,65633pr0008,40,1
125198,65634,0,1
125198,65635,72,6
125198,6636,4,2
125198,72206,0,8
125198,72210b,0,4
125198,73230,71,4
125198,73825,71,6
125198,73825,0,4
125198,73825,72,4
125198,73983,27,4
125198,78256,19,2
125198,78329,4,4
125198,79389,0,3
125198,79491,14,2
125198,80177,27,1
125198,80177pr0001,72,1
125198,80177pr0002,27,1
125198,80178,27,1
125198,80178pr0001,72,1
125198,80178pr0002,27,1
125198,80222pr0011,40,1
125198,84203,9999,1
125198,85861,4,4
125198,85984,4,2
125198,85984,27,2
125198,85984,72,2
125198,85984,0,2
125198,87079,0,1
125198,87552,40,1
125198,88930,27,1
125198,93273,0,2
125198,93274,0,2
125198,93606,72,1
125198,98138,27,2
125198,98138,1,2
125198,98138,0,2
125198,98282,0,4
125198,98385,70,1
125198,99012,4,1
125198,99206,4,2
125198,99207,27,4
125198,99207,0,2
125198,99780,72,7
125198,99780,0,6
125198,99780,27,2
125198,99781,4,3
125198,99781,72,2
125198,99781,0,2
125218,98138pr0286,15,1
125218,98138pr0287,15,1
125218,98138pr0288,15,1
125218,98138pr0289,15,1
125218,98138pr0290,15,1
125218,98138pr0291,15,1
125218,98138pr0292,15,1
125218,98138pr0293,15,1
125218,98138pr0294,15,1
125218,98138pr0295,15,1
125218,98138pr0296,15,1
125218,98138pr0297,15,1
125218,98138pr0298,15,1
125218,98138pr0299,15,1
125218,98138pr0300,15,1
125218,98138pr0301,15,1
125221,11153,0,2
125221,11291,71,1
125221,11476,0,1
125221,11477,71,4
125221,11477,0,8
125221,14418,71,2
125221,14719,0,2
125221,15068,71,5
125221,15573,0,1
125221,15573,71,8
125221,15573,3,2
125221,15573,14,1
125221,15573,72,5
125221,15712,72,9
125221,18651,0,1
125221,18654,0,1
125221,18974,71,4
125221,18977,0,4
125221,20482,0,2
125221,20482,4,2
125221,21778,0,1
125221,22484,72,2
125221,22885,0,1
125221,22885,4,2
125221,23443,0,2
125221,23950,0,2
125221,2420,0,16
125221,2420,3,2
125221,24246,36,2
125221,24246pr0034,0,1
125221,24246pr0035,320,2
125221,24299,0,6
125221,24307,0,6
125221,2431,0,7
125221,2432,1103,1
125221,25269,0,12
125221,25269,71,2
125221,26047,0,2
125221,26603,15,1
125221,2817,0,1
125221,28192,0,2
125221,28192,71,2
125221,29119,0,6
125221,29119,3,2
125221,29119,71,4
125221,29120,3,2
125221,29120,71,4
125221,29120,0,6
125221,3004,0,1
125221,3005,3,2
125221,3020,0,1
125221,3020,19,1
125221,3022,72,1
125221,3023,71,6
125221,3023,36,7
125221,3023,3,2
125221,3023,0,8
125221,3024,3,12
125221,3024,320,3
125221,3024,36,1
125221,3024,0,19
125221,3024,71,4
125221,30363,72,1
125221,30586,0,2
125221,3068b,0,2
125221,3069b,0,9
125221,3069b,71,6
125221,3070b,72,2
125221,3070b,71,7
125221,3070b,0,8
125221,30925,0,1
125221,32000,72,2
125221,32028,15,2
125221,32028,0,1
125221,32059,0,1
125221,32062,4,1
125221,32064a,322,2
125221,32064a,0,1
125221,32828,0,2
125221,32952,72,2
125221,33909,71,4
125221,34103,71,2
125221,35459,15,1
125221,35480,320,1
125221,35480,0,11
125221,35660pat0006,3,1
125221,35787,0,2
125221,3623,0,6
125221,3666,0,1
125221,3666,71,3
125221,3666,72,2
125221,36840,71,2
125221,36840,0,4
125221,36841,320,7
125221,3705,4,2
125221,3710,72,4
125221,3710,0,3
125221,37352,0,1
125221,3749,19,8
125221,3829c01,0,1
125221,3832,0,2
125221,3894,72,2
125221,3937,0,1
125221,4006,179,1
125221,4070,19,1
125221,4070,0,4
125221,41682,0,4
125221,41740,320,3
125221,43710,71,1
125221,43710,0,1
125221,43711,71,1
125221,43711,0,1
125221,43722,0,1
125221,43722,71,1
125221,43723,71,1
125221,43723,0,1
125221,44301b,15,2
125221,44728,0,1
125221,44861,0,2
125221,4599b,15,2
125221,4697b,0,3
125221,47905,70,1
125221,4865b,0,2
125221,49098pr0003,0,4
125221,50340,15,2
125221,50949,0,2
125221,52107,71,1
125221,52501,72,2
125221,53118,0,1
125221,54200,0,10
125221,54672,0,2
125221,59443,72,4
125221,60477,0,1
125221,60897,71,2
125221,60897,0,2
125221,60897,19,2
125221,61252,71,2
125221,61332,0,4
125221,6134,0,1
125221,61409,0,4
125221,6141,0,6
125221,6239,0,1
125221,63864,0,3
125221,63864,71,2
125221,65633pr0010,40,1
125221,65634,0,1
125221,65635,72,3
125221,6636,3,1
125221,66727,0,4
125221,72206,0,4
125221,72210b,0,4
125221,73825,72,2
125221,75c09,0,1
125221,78256,0,2
125221,78257,72,1
125221,78329,0,1
125221,78329,4,2
125221,78666,0,2
125221,79194,0,2
125221,79194,3,2
125221,79389,0,1
125221,79389,71,10
125221,80177pr0003,71,1
125221,80178pr0003,71,1
125221,80324,71,2
125221,84202,9999,1
125221,85861,72,2
125221,85943,72,1
125221,85984,71,4
125221,85984,0,5
125221,86996,0,18
125221,87087,71,4
125221,87511,9999,1
125221,87994,71,1
125221,88930pr0019,0,1
125221,93273,0,1
125221,98282,0,2
125221,99206,71,1
125221,99206,19,2
125221,99207,72,2
125221,99207,0,4
125221,99207,71,2
125221,99780,0,2
125221,99780,72,4
125221,99781,0,4
125268,10928,72,1
125268,11214,4,1
125268,11947,15,1
125268,14720,71,1
125268,15462,70,2
125268,18651,0,1
125268,18654,15,2
125268,18948,15,1
125268,3035,19,1
125268,32009,71,2
125268,32013,15,2
125268,32056,0,4
125268,32062,4,4
125268,32063,15,2
125268,32123b,71,2
125268,32140,0,2
125268,32184,0,1
125268,32250,0,2
125268,32270,0,2
125268,32316,0,2
125268,32316,15,4
125268,32449,0,2
125268,32449,322,4
125268,32524,0,1
125268,32526,322,2
125268,32905,71,1
125268,3673,71,3
125268,3701,19,2
125268,3705,0,1
125268,3707,0,1
125268,3708,0,1
125268,3713,71,5
125268,39888,19,7
125268,41239,322,1
125268,41677,15,2
125268,42003,15,2
125268,42924,1,8
125268,43093,1,6
125268,43857,0,2
125268,4519,71,10
125268,55981,15,4
125268,59443,71,2
125268,60483,15,4
125268,60483,28,2
125268,60484,0,1
125268,61332,0,10
125268,6536,4,3
125268,65487,0,1
125268,65489,71,2
125268,6632,0,8
125268,92402,0,4
125268,99008,19,1
125271,10197,0,2
125271,10202,2,1
125271,10928,72,1
125271,11214,4,5
125271,11478,4,4
125271,11478,0,2
125271,11946,2,1
125271,11947,2,1
125271,14769,0,1
125271,16091,28,1
125271,18575,19,1
125271,18575,0,1
125271,18651,0,5
125271,18654,0,4
125271,18654,19,2
125271,18677,0,2
125271,24116,0,1
125271,24116,2,2
125271,24119,14,5
125271,24316,70,3
125271,25214,0,2
125271,2736,71,1
125271,27940,72,6
125271,3021,0,2
125271,3021,2,3
125271,3024,2,2
125271,3024,0,2
125271,3069b,0,2
125271,32002,19,2
125271,32009,14,2
125271,32034,72,1
125271,32062,4,15
125271,32073,71,4
125271,32123b,71,1
125271,32140,4,2
125271,32140,2,10
125271,32291,0,2
125271,32316,14,2
125271,32523,2,7
125271,32524,2,5
125271,32524,14,2
125271,32526,2,4
125271,32526,0,2
125271,3648b,72,1
125271,3666,0,2
125271,3705,4,1
125271,3706,0,1
125271,3713,71,1
125271,3749,19,5
125271,40490,0,1
125271,40490,14,1
125271,41239,14,2
125271,41239,0,3
125271,41677,19,6
125271,41677,0,7
125271,42003,0,4
125271,42135,0,2
125271,42195,0,4
125271,42195,71,1
125271,42610,0,1
125271,4274,71,14
125271,42924,1,35
125271,43093,1,10
125271,43857,0,2
125271,44294,14,1
125271,44874,71,2
125271,4519,14,5
125271,46189,0,2
125271,48267,47,2
125271,50950,2,2
125271,50950,0,2
125271,55981,71,4
125271,56145,14,4
125271,59443,2,1
125271,59443,0,1
125271,59443,14,2
125271,60483,72,5
125271,61184,71,1
125271,61332,0,54
125271,63869,4,1
125271,64179,2,2
125271,64391,2,1
125271,64683,2,1
125271,64782,14,1
125271,65249,15,4
125271,65304,0,1
125271,6536,0,7
125271,6536,4,1
125271,65487,4,2
125271,65487,0,3
125271,65489,71,1
125271,6553,0,2
125271,65676,71,1
125271,6632,0,4
125271,6632,2,2
125271,66906,0,1
125271,69819,2,5
125271,70695,0,4
125271,80226,9999,1
125271,80286,0,2
125271,85861,28,1
125271,85940,0,1
125271,87994,71,1
125271,92402,0,4
125271,92907,0,2
125271,98138,47,8
125271,99008,19,2
125271,99009,71,1
125271,99010,0,1
125271,99773,0,4
125273,10197,0,5
125273,10928,72,2
125273,11214,4,20
125273,11478,0,8
125273,11946,15,2
125273,11946,25,2
125273,11947,15,2
125273,11947,25,2
125273,14696,0,21
125273,15458,0,4
125273,15462,70,2
125273,18575,19,3
125273,18651,0,10
125273,18654,71,3
125273,18654,0,15
125273,18946,4,1
125273,18947,72,1
125273,18948,15,1
125273,22961,15,5
125273,24116,15,4
125273,24116,0,1
125273,24119,0,2
125273,24316,70,2
125273,25214,0,6
125273,2736,71,1
125273,27940,72,1
125273,2825,0,4
125273,2850b,71,2
125273,2851,14,2
125273,2852,71,2
125273,2853,14,2
125273,30395,72,1
125273,3069b,47,2
125273,3069b,36,2
125273,32009,25,4
125273,32009,0,4
125273,32013,4,17
125273,32015,0,4
125273,32016,0,2
125273,32034,4,2
125273,32056,0,1
125273,32062,4,15
125273,32065,72,2
125273,32072,0,2
125273,32073,14,10
125273,32123b,71,5
125273,32123b,14,2
125273,32140,0,8
125273,32184,71,12
125273,32198,19,1
125273,32270,0,4
125273,32278,25,2
125273,32316,71,4
125273,32449,4,2
125273,32523,0,4
125273,32524,25,2
125273,32524,0,5
125273,32524,15,5
125273,32525,72,2
125273,32526,71,4
125273,35185,1,1
125273,3673,71,5
125273,3705,0,12
125273,3706,4,1
125273,3713,4,7
125273,3749,19,1
125273,39793,72,1
125273,39888,19,2
125273,40490,15,2
125273,40490,72,7
125273,41677,0,2
125273,42003,0,2
125273,42003,4,6
125273,42135,15,7
125273,42195,0,6
125273,4274,1,23
125273,42924,1,54
125273,43093,1,27
125273,44294,71,3
125273,44874,4,5
125273,4519,71,36
125273,51149,4,1
125273,52031,25,1
125273,55013,72,2
125273,56145,0,6
125273,56823c50,0,1
125273,59443,15,2
125273,59443,25,11
125273,60483,0,21
125273,60483,15,2
125273,60484,72,8
125273,61332,0,58
125273,61408,0,4
125273,6141,15,2
125273,61510,71,1
125273,6190,72,4
125273,62462,4,1
125273,62462,0,2
125273,62821b,72,2
125273,63869,71,16
125273,63869,0,4
125273,64179,71,3
125273,64782,72,2
125273,65304,0,9
125273,65304,25,4
125273,65304,4,2
125273,6536,71,8
125273,65487,0,6
125273,65489,71,4
125273,6553,0,5
125273,6589,19,7
125273,6632,4,6
125273,6632,0,3
125273,66906,4,3
125273,69819,0,2
125273,70695,0,6
125273,71708,0,2
125273,73507,0,2
125273,76138,71,6
125273,80229,9999,1
125273,85543,15,1
125273,87083,72,17
125273,87994,0,2
125273,92907,71,2
125273,92947,70,20
125273,94925,71,1
125273,98138,25,2
125273,98138,47,5
125273,99009,71,2
125273,99010,0,2
125273,99773,72,2
125274,11214,72,19
125274,11455,0,4
125274,11946,15,1
125274,11946,1,2
125274,11947,15,1
125274,11947,1,2
125274,15462,70,16
125274,18654,0,7
125274,22169,72,2
125274,24116,1,1
125274,24116,72,1
125274,24122,72,4
125274,24316,70,10
125274,24375,0,96
125274,2723,0,16
125274,32013,1,3
125274,32013,15,1
125274,32016,72,2
125274,32016,15,2
125274,32017,72,16
125274,32062,4,3
125274,32073,71,2
125274,32123b,71,20
125274,32123b,14,3
125274,32140,1,6
125274,32140,0,2
125274,32184,71,2
125274,32199,15,2
125274,32291,0,2
125274,32316,1,4
125274,32316,0,4
125274,32316,25,2
125274,32523,1,1
125274,32523,0,2
125274,32524,72,5
125274,32524,25,2
125274,32524,1062,2
125274,32525,71,4
125274,32525,72,5
125274,32525,0,2
125274,32526,25,4
125274,32526,1,6
125274,34076,0,2
125274,3673,71,1
125274,3705,4,2
125274,39793,26,1
125274,39793,3,1
125274,39888,19,6
125274,40490,15,2
125274,40490,25,2
125274,41239,25,2
125274,41239,1062,2
125274,41239,71,3
125274,4185,72,16
125274,42195,0,1
125274,42529,72,2
125274,42610,0,3
125274,4274,1,4
125274,4274,71,7
125274,42924,1,55
125274,43093,1,33
125274,43857,1,2
125274,4519,71,3
125274,49151,0,1
125274,49283,2,1
125274,49283,26,3
125274,49283,3,3
125274,50951,0,3
125274,57519,0,2
125274,59426,72,3
125274,60483,0,11
125274,60484,71,2
125274,60484,0,2
125274,61332,0,85
125274,62462,71,20
125274,62462,25,2
125274,62462,15,2
125274,62462,1,4
125274,63869,71,1
125274,63965,72,2
125274,64391,0,1
125274,64391,1,1
125274,64393,1,1
125274,64393,0,1
125274,64681,1,1
125274,64681,0,1
125274,64683,0,1
125274,64683,1,1
125274,65304,25,25
125274,6536,15,2
125274,6536,72,6
125274,65487,1,7
125274,6629,25,2
125274,66906,4,2
125274,67491,0,1
125274,69778,1,2
125274,69779,321,2
125274,71682,1,2
125274,71709,25,1
125274,71710,0,4
125274,73507,0,2
125274,73507,71,2
125274,76138,71,2
125274,77765,71,2
125274,80230,9999,1
125274,80286,1,1
125274,85543,15,1
125274,85824,71,1
125274,88323,0,96
125274,89679,1,1
125274,89679,1062,2
125274,98138,47,7
125274,99008,19,2
125275,11212,0,4
125275,2357,0,4
125275,2420,0,4
125275,2465,0,8
125275,3005,0,12
125275,3008,0,20
125275,3010,0,8
125275,3020,0,1
125275,3795,0,8
125275,3795,72,8
125275,4162,0,20
125275,4162pr9988,0,1
125275,4162pr9989,0,1
125275,4282,0,9
125275,44865,0,24
125275,55819,0,1
125275,61332,0,46
125275,63864,0,8
125275,65803,0,9
125275,67139,0,2
125275,87079pr0251,0,1
125275,92585,297,1
125275,98138,92,258
125275,98138,72,52
125275,98138,308,206
125275,98138,84,182
125275,98138,4,80
125275,98138,272,152
125275,98138,73,230
125275,98138,0,596
125275,98138,484,179
125275,98138,19,106
125275,98138,379,175
125275,98138,320,339
125275,98138,78,360
125275,98138,70,233
125275,98138,71,26
125275,98138,15,71
125367,10563,15,1
125367,12602,322,2
125367,13358,0,1
125367,14222pr9993,15,1
125367,16697,0,1
125367,18806,4,1
125367,19663,1062,1
125367,2291,4,3
125367,25550,4,4
125367,27372pr0008,15,1
125367,3011,71,2
125367,3011,4,6
125367,3011,15,2
125367,3437,15,5
125367,3437,71,7
125367,3437,4,5
125367,3437,19,2
125367,3437,322,2
125367,3437,84,1
125367,35499pr0154,4,1
125367,39787c01,33,1
125367,39926pr0003,4,1
125367,40666,15,1
125367,40666,4,6
125367,40666,1062,4
125367,41160pr0152,4,1
125367,42234,15,4
125367,46376,4,1
125367,4672,15,1
125367,51262,15,1
125367,51703,41,1
125367,51703,182,2
125367,57888,15,2
125367,58498c01,0,1
125367,6414,1062,1
125367,6490,15,1
125367,65110,19,2
125367,65273,4,2
125367,65567c01,15,1
125367,73538,71,2
125367,76371,15,8
125367,76371,47,6
125367,76371,4,8
125367,76371pr0197,47,1
125367,79789,15,2
125367,79790,15,2
125367,79793,15,1
125367,79794,71,1
125367,80166,4,1
125367,98252,1062,2
125368,11211,15,2
125368,11213,322,2
125368,11215,322,2
125368,11267,297,1
125368,11458,15,4
125368,11476,15,1
125368,11477,1050,4
125368,11609,191,2
125368,13392pr0001,212,3
125368,13770,297,1
125368,13808,297,1
125368,13965,226,2
125368,14719,19,2
125368,14769pr1725,297,1
125368,15068,15,2
125368,15068,1050,1
125368,15068,3,4
125368,15469,5,1
125368,15470,29,1
125368,15573,226,1
125368,15573,297,3
125368,15573,5,1
125368,15679pr0002,14,1
125368,15712,297,1
125368,15745,45,1
125368,16577,226,1
125368,18674,5,1
125368,18674,31,6
125368,18970,15,2
125368,18970,297,2
125368,18970,1050,8
125368,18980,322,2
125368,18980,1050,2
125368,19121,297,1
125368,20310,297,10
125368,20482,297,5
125368,20482,47,1
125368,22885,226,3
125368,2343,297,3
125368,2343,47,2
125368,23443,297,7
125368,2453b,3,5
125368,24593,323,1
125368,24599,297,2
125368,24866,212,2
125368,24866,29,2
125368,24947,26,1
125368,26047,297,1
125368,2654,41,2
125368,26601,322,4
125368,26603,73,4
125368,27263,322,4
125368,27448,15,3
125368,27976,297,1
125368,28621,1055,8
125368,28870,41,2
125368,3001,322,2
125368,3003,5,1
125368,3004,15,1
125368,3004,226,20
125368,3005,226,8
125368,3006,19,1
125368,3008,3,2
125368,3010,226,2
125368,30153,47,1
125368,3020,226,1
125368,3020,19,1
125368,3020,322,1
125368,3020,0,2
125368,3020,3,4
125368,3021,3,1
125368,3021,29,1
125368,3022,3,4
125368,3023,3,6
125368,3023,19,2
125368,30237b,19,6
125368,3032,3,1
125368,30367c,1054,3
125368,30367cpr1025,26,1
125368,3037,19,3
125368,30414,321,2
125368,3062b,0,2
125368,3062b,41,1
125368,3068bpr0416,15,1
125368,3069b,297,4
125368,3069b,1050,3
125368,3069b,3,1
125368,3069b,41,2
125368,3069bpr0278,15,2
125368,32072,5,1
125368,32124,0,1
125368,32606,5,2
125368,33322,297,1
125368,34816,71,4
125368,35442,322,3
125368,35480,5,6
125368,35565,226,2
125368,3622,3,2
125368,3626c,71,1
125368,3659,19,2
125368,3659,0,1
125368,3659,3,1
125368,3666,19,2
125368,36752a,297,1
125368,3710,3,6
125368,3710,226,2
125368,37762,297,7
125368,3795,19,3
125368,3832,3,1
125368,3852b,191,1
125368,38583,72,1
125368,3941,3,3
125368,3957b,47,1
125368,39611,226,1
125368,40066,226,4
125368,40066,3,3
125368,4032a,84,2
125368,4032a,71,1
125368,4162,322,4
125368,4162,19,1
125368,41682,19,1
125368,41740,322,2
125368,4217,323,1
125368,42448,297,2
125368,43888,226,7
125368,44861,15,2
125368,4490,226,9
125368,4738c,297,1
125368,4739a,297,1
125368,48336,297,3
125368,4865b,41,2
125368,49577,1050,2
125368,49579pr0001,323,1
125368,53119,15,9
125368,59900,297,9
125368,6003,31,1
125368,60474,15,1
125368,60475b,15,2
125368,60583b,19,2
125368,60897,15,2
125368,60897,19,2
125368,61183,72,1
125368,61252,19,3
125368,61332,0,2
125368,6141,322,2
125368,6182,226,1
125368,6254,15,1
125368,6254,27,1
125368,63868,322,2
125368,64644,297,1
125368,64647,41,3
125368,64847,26,4
125368,65092,1055,4
125368,65138,1050,2
125368,65509,19,9
125368,65617,297,2
125368,6636,3,2
125368,66857,297,2
125368,67051pr0003,4,1
125368,68013,322,1
125368,68013,71,1
125368,73117,297,1
125368,76764,179,1
125368,78666,226,10
125368,79741,179,1
125368,80031,322,2
125368,85080,3,4
125368,85080,322,4
125368,85861,41,4
125368,85941pr0001,323,3
125368,86876,15,1
125368,87079,5,1
125368,87580,1050,1
125368,87580,297,4
125368,87618,71,3
125368,88293,297,2
125368,89522,297,7
125368,92290,297,2
125368,92438,322,2
125368,92950,3,1
125368,93273,3,4
125368,95228,34,1
125368,96874,25,1
125368,98138,1050,11
125369,10190,226,2
125369,10247,0,1
125369,10884,10,2
125369,10884,27,3
125369,11212,19,4
125369,11476,14,2
125369,11477,15,1
125369,11477,321,2
125369,11602pr0025,484,1
125369,13392pr0001,212,1
125369,14395,15,1
125369,14716,15,3
125369,14718,15,1
125369,14719,322,1
125369,14719,15,2
125369,14769,322,2
125369,15068,15,1
125369,15068,321,1
125369,15207,15,1
125369,15279,27,1
125369,15279,326,1
125369,15395,191,5
125369,15396,3,1
125369,15396,26,1
125369,15533,84,9
125369,15535,19,3
125369,15573,0,1
125369,15573,1,4
125369,15573,15,3
125369,15573,25,2
125369,15573,26,4
125369,15573,321,1
125369,15712,15,1
125369,18041,179,1
125369,18674,31,2
125369,18674,85,1
125369,18674,322,2
125369,18854,52,1
125369,1927,15,1
125369,19798,15,1
125369,20482,158,3
125369,20482,71,1
125369,20952,71,1
125369,22667,27,1
125369,22886,15,1
125369,22888,322,1
125369,23950,15,1
125369,23969,15,2
125369,23969,322,2
125369,2412b,71,5
125369,2420,30,3
125369,2420,26,1
125369,2423,27,1
125369,24246,321,2
125369,24246,14,4
125369,2431,84,1
125369,2431,26,2
125369,2431,19,4
125369,2431,15,2
125369,2453b,323,2
125369,2453b,3,2
125369,2453b,25,3
125369,2453b,31,5
125369,2456,72,1
125369,24866,1050,5
125369,24866,2,4
125369,24866,191,4
125369,24947,14,2
125369,25269,322,5
125369,25269,323,4
125369,25269,14,1
125369,25269,15,4
125369,25269pr0002,2,1
125369,26603,1,1
125369,26603,2,2
125369,26603,14,2
125369,27925,14,2
125369,27965,84,1
125369,3001,19,2
125369,3003,15,1
125369,3004,15,3
125369,3004,322,1
125369,3004,321,2
125369,3004,71,9
125369,3004,25,1
125369,3004,30,3
125369,3005,3,2
125369,3005,84,2
125369,3005,30,2
125369,3005,15,5
125369,3005pr9993,27,1
125369,3008,3,1
125369,3008,71,2
125369,30089b,27,1
125369,3009,15,2
125369,3009,321,3
125369,3010,321,1
125369,3010,4,1
125369,3010,3,6
125369,3010,15,4
125369,3010,30,1
125369,30136,70,5
125369,30176,2,2
125369,30176,27,1
125369,3020,322,1
125369,3020,323,1
125369,3020,30,1
125369,3021,322,1
125369,3021,15,1
125369,3022,322,1
125369,3022,15,4
125369,3022,321,3
125369,3023,30,1
125369,3023,3,2
125369,3023,25,4
125369,3023,323,2
125369,3024,25,2
125369,3024,323,3
125369,3024,30,3
125369,3024,3,2
125369,3027,19,2
125369,3027,15,2
125369,3032,28,1
125369,30340,14,1
125369,3035,15,3
125369,30357,29,1
125369,3036,27,1
125369,3036,15,1
125369,3036,19,1
125369,30414,321,1
125369,30414,71,3
125369,30565,19,1
125369,3062b,1,8
125369,3062b,2,2
125369,3062b,70,3
125369,3062b,4,1
125369,3068b,323,5
125369,3068b,322,4
125369,3068b,15,2
125369,3069b,84,2
125369,3069b,1,1
125369,3069b,26,2
125369,3069b,3,4
125369,3069b,15,9
125369,3069b,29,3
125369,3069b,14,2
125369,3070b,25,2
125369,3070b,14,10
125369,3070b,26,1
125369,32064a,321,1
125369,32606,5,1
125369,32828,71,2
125369,32952,15,6
125369,33078,0,1
125369,33085,14,1
125369,34103,19,2
125369,34173,179,1
125369,3460,25,6
125369,3460,15,2
125369,35464,25,1
125369,35480,2,2
125369,35480,226,4
125369,35480,70,2
125369,35809pat0001,323,1
125369,3622,15,2
125369,3622,3,1
125369,3623,15,3
125369,3623,14,1
125369,3626cpr3413,10,1
125369,3660,322,1
125369,3666,70,2
125369,3666,19,3
125369,3666,323,6
125369,36840,72,1
125369,3702,15,4
125369,3710,14,2
125369,3710,25,3
125369,3710,30,5
125369,3710,322,4
125369,3795,19,3
125369,3937,71,1
125369,3937,14,2
125369,3941,14,2
125369,3941,31,1
125369,3957b,15,1
125369,4032a,15,3
125369,4032a,19,1
125369,4070,321,10
125369,4070,15,2
125369,4162,15,4
125369,41740,26,3
125369,41740,15,7
125369,41948,322,1
125369,42205,15,5
125369,4274,71,1
125369,4282,71,2
125369,4287c,25,2
125369,4287c,15,2
125369,43093,1,1
125369,4345b,15,1
125369,4346,47,1
125369,43713,72,1
125369,43722,25,1
125369,43723,25,1
125369,43898,3,1
125369,4519,71,1
125369,4528,179,1
125369,4536,84,3
125369,4536,5,1
125369,4588,15,1
125369,4599b,71,1
125369,46303,321,1
125369,4697b,71,1
125369,4865b,41,8
125369,49307,25,9
125369,49307,3,4
125369,49307,15,4
125369,51274,70,2
125369,53019,15,2
125369,53119,15,2
125369,54200,28,2
125369,57894,26,3
125369,57895,47,3
125369,59349,47,4
125369,59900,45,1
125369,59900,10,2
125369,59900,182,2
125369,6003,19,1
125369,60474,15,1
125369,60581,15,2
125369,60581,41,1
125369,60592,15,2
125369,60596,15,1
125369,60601,47,2
125369,60616b,47,1
125369,61332,0,2
125369,6134,70,2
125369,6134,71,1
125369,6141,70,6
125369,6141,5,2
125369,6141,14,1
125369,6141,0,2
125369,6141,1,1
125369,62462,70,1
125369,6255,10,1
125369,65080pat0001,5,2
125369,65138,19,1
125369,65487,27,1
125369,65578,47,2
125369,65630,71,4
125369,6636,26,4
125369,66857,226,1
125369,73825,70,4
125369,78258,15,1
125369,78329,19,3
125369,79741,179,1
125369,79743,323,1
125369,79811,179,1
125369,80683,41,2
125369,84124,9999,1
125369,85861,15,1
125369,85984,322,2
125369,85984,323,2
125369,85984,84,4
125369,85984,14,2
125369,85984,28,2
125369,85984,15,2
125369,87079,15,2
125369,87079,1,1
125369,87079,29,1
125369,87079,5,1
125369,87079,272,1
125369,87079,0,1
125369,87087,30,3
125369,87087,323,1
125369,87552,15,1
125369,87580,1,1
125369,87580,1050,3
125369,87580,28,1
125369,87994,70,2
125369,88072,15,2
125369,91501,15,2
125369,92410,15,2
125369,92438,323,2
125369,93092,30,1
125369,93095,15,1
125369,93221pr0006,3,1
125369,95344,72,2
125369,96874,25,1
125369,98138,47,1
125369,98138,71,1
125369,98138,0,2
125369,98138,3,3
125369,98138,14,8
125369,98138,29,2
125369,98138pr0048,70,2
125369,98138pr0275,15,2
125369,98283,84,2
125369,98397,15,2
125369,98397,71,1
125369,98726,19,1
125369,99207,14,2
125370,10314,5,1
125370,10884,10,1
125370,11090,15,1
125370,11090,14,2
125370,11211,226,5
125370,11211,29,3
125370,11211,1,5
125370,11211,85,3
125370,11212,191,1
125370,11212,15,2
125370,11267,14,1
125370,11602pr0003,379,1
125370,11618,26,2
125370,14716,226,1
125370,14769,15,2
125370,15068,5,2
125370,15210,15,2
125370,15535,25,1
125370,15573,5,3
125370,15573,323,3
125370,15712,3,2
125370,16577,15,1
125370,17485,14,1
125370,18653,15,2
125370,18654,3,1
125370,18674,5,2
125370,18674,31,1
125370,18674,14,1
125370,18759,15,2
125370,18759,72,2
125370,18855,323,1
125370,18980,322,2
125370,20482,29,2
125370,22888,31,1
125370,22888,323,1
125370,2357,191,2
125370,2357,1,3
125370,23969,41,1
125370,23969,26,2
125370,24183pr0002,484,1
125370,2420,28,1
125370,2420,191,2
125370,2420,15,1
125370,24246,14,4
125370,2431,3,4
125370,2431,322,2
125370,2431,19,2
125370,2453b,15,5
125370,2476a,15,1
125370,24866,25,4
125370,24866,212,2
125370,24866,29,2
125370,2496,0,2
125370,25269,15,1
125370,25269,322,14
125370,25269,19,2
125370,2540,2,2
125370,26047,2,1
125370,2654,15,1
125370,26603,15,1
125370,26603,29,1
125370,27507,3,4
125370,27925,191,4
125370,27925,3,1
125370,27925,321,2
125370,27925,15,1
125370,28192,27,2
125370,28327,15,2
125370,28387,14,1
125370,3001,15,1
125370,3002,15,1
125370,3002,212,2
125370,3003,191,1
125370,3004,322,2
125370,3004,15,2
125370,3004,85,2
125370,3004,2,1
125370,3004,30,1
125370,3004,29,2
125370,3004,5,1
125370,3004,226,4
125370,3005,15,2
125370,3005,85,5
125370,3005,29,5
125370,3005,226,6
125370,3005,1,5
125370,3005,322,1
125370,3005,30,1
125370,3005,2,1
125370,3008,15,1
125370,3009,2,5
125370,3009,15,2
125370,3010,15,2
125370,3010,5,3
125370,3010,226,2
125370,3010,191,4
125370,3010,29,1
125370,3010,2,3
125370,30151b,47,1
125370,3020,15,1
125370,3020,19,1
125370,3021,15,5
125370,3021,2,1
125370,3022,3,3
125370,3022,29,1
125370,3022,322,1
125370,3022,25,2
125370,3023,29,2
125370,3023,226,2
125370,3023,1,1
125370,3023,31,2
125370,3023,15,2
125370,3023,191,1
125370,3024,29,2
125370,3024,25,4
125370,3031,15,1
125370,3032,31,1
125370,3032,19,1
125370,3033,19,2
125370,3034,19,1
125370,30357,31,1
125370,3039,31,1
125370,3040b,15,4
125370,3040b,322,2
125370,30414,15,1
125370,30562,47,4
125370,3062b,41,1
125370,3062b,15,7
125370,3068b,27,1
125370,3068b,322,1
125370,3068b,272,2
125370,3069b,3,6
125370,3069b,27,1
125370,3069b,30,3
125370,3069b,191,7
125370,3069b,5,3
125370,3069b,85,2
125370,3069b,25,4
125370,3069b,41,1
125370,3069b,226,1
125370,3070b,322,1
125370,32607,10,2
125370,32607,27,4
125370,32828,226,1
125370,33172,25,1
125370,33183,10,2
125370,33909,15,2
125370,33909,19,5
125370,33909,322,2
125370,34050pr0006,84,1
125370,34337,1050,4
125370,3460,3,2
125370,35044,15,1
125370,35480,5,1
125370,35480,28,2
125370,35480,14,1
125370,35485,179,1
125370,3622,322,1
125370,3622,15,1
125370,3622,5,1
125370,3622,1,2
125370,3623,25,2
125370,3659,15,1
125370,3660,2,1
125370,3665,226,2
125370,3666,3,2
125370,3666,191,1
125370,3678b,15,1
125370,36841,71,4
125370,3700,322,1
125370,3700,15,1
125370,3700,27,1
125370,3710,14,1
125370,3747b,14,1
125370,3795,27,1
125370,3795,322,2
125370,3821,15,1
125370,3836,70,1
125370,3837,72,1
125370,3852b,322,1
125370,3899,45,2
125370,3941,3,1
125370,3941,322,1
125370,3958,27,1
125370,3958,31,3
125370,3958,19,1
125370,4032a,5,1
125370,4032a,322,1
125370,41682,19,1
125370,41740,26,1
125370,42511,25,1
125370,42924,1,1
125370,43888,15,2
125370,4490,29,1
125370,4490,323,1
125370,4599b,15,3
125370,4697b,15,1
125370,48092,2,1
125370,48092,5,1
125370,48092,15,7
125370,4865b,322,2
125370,49307,15,2
125370,49307,25,6
125370,49668,15,2
125370,49736,45,2
125370,49737,45,3
125370,51274,70,1
125370,53119,70,1
125370,54200,29,2
125370,54200,226,2
125370,54200,15,1
125370,57895,47,4
125370,59900,25,5
125370,59900,10,13
125370,6003,27,7
125370,6003,19,1
125370,6003,31,1
125370,60478,1,4
125370,60593,15,4
125370,60596,15,4
125370,60602,47,4
125370,60616b,41,2
125370,60897,71,2
125370,6111,2,2
125370,61332,0,2
125370,6141,0,4
125370,6182,15,1
125370,62462,3,2
125370,6254,288,1
125370,63864,26,1
125370,65474,323,1
125370,65487,14,1
125370,65509,191,2
125370,65509,19,1
125370,65509,10,1
125370,65578,71,1
125370,65886,25,2
125370,6636,3,3
125370,66857,15,1
125370,66857,3,1
125370,67095,19,1
125370,67095,15,1
125370,67687,0,2
125370,68013,14,1
125370,68568,3,4
125370,70681,15,2
125370,79393,322,4
125370,80015,3,3
125370,83188pr0002,19,1
125370,84122,9999,1
125370,85080,15,12
125370,85861,27,1
125370,85984,25,2
125370,85984,322,1
125370,85984,29,1
125370,87079,10,1
125370,87079,322,1
125370,87079,15,2
125370,87079,26,1
125370,87414,0,4
125370,87544,41,2
125370,87580,191,3
125370,87580,322,1
125370,87994,15,1
125370,93160,15,3
125370,93273,15,2
125370,96874,25,1
125370,98100,5,2
125370,98138,41,3
125370,98138,272,1
125370,98138,36,1
125370,98138pr0056,84,5
125370,99207,226,1
125370,99207,29,1
125370,99781,1,1
125371,10100077,9999,1
125371,11127,41,2
125371,11214,72,1
125371,11214,4,2
125371,11477,15,4
125371,14769,72,2
125371,15068,14,1
125371,15068,15,4
125371,15068pr0058,15,1
125371,15573,19,2
125371,15672,72,4
125371,18674,15,2
125371,18675,15,1
125371,18980,15,2
125371,19159,0,1
125371,20482,321,1
125371,22886,71,4
125371,22889,71,5
125371,2357,71,2
125371,2420,72,2
125371,2431,15,6
125371,2431,272,6
125371,2432,0,1
125371,2540,71,2
125371,26047,0,2
125371,2654,182,1
125371,26599,0,2
125371,26603,15,1
125371,2877,72,7
125371,3001,15,1
125371,3001,1,1
125371,3002,72,2
125371,3003,15,4
125371,3004,0,1
125371,3004,272,4
125371,3007,71,2
125371,30089b,0,1
125371,3009,71,4
125371,3009,15,4
125371,3010,272,2
125371,30136,15,1
125371,30145,19,1
125371,3020,272,1
125371,3020,1,1
125371,3020,71,8
125371,3021,15,2
125371,3021,19,2
125371,3021,72,4
125371,3022,1,1
125371,3022,71,2
125371,3023,1,2
125371,3023,47,1
125371,3023,41,6
125371,30237b,71,2
125371,30237b,15,1
125371,30249,15,4
125371,30292pr9997,272,4
125371,3030,71,2
125371,3032,15,4
125371,3033,19,2
125371,3034,19,1
125371,30361c,72,2
125371,3040b,71,4
125371,3040b,15,2
125371,30414,14,2
125371,3062b,41,1
125371,3068b,0,2
125371,3068b,72,4
125371,3068b,15,1
125371,3069b,72,2
125371,3069b,73,1
125371,3069bpr0276,72,1
125371,3069bpr0305,14,1
125371,32013,14,4
125371,32015,0,2
125371,32028,71,4
125371,32062,4,4
125371,32064a,4,2
125371,3245c,71,3
125371,3245c,15,8
125371,32607,10,1
125371,33085,14,1
125371,3460,72,6
125371,3660,72,2
125371,3665,15,2
125371,3665,71,8
125371,3665,72,2
125371,3666,1,2
125371,3700,1,1
125371,3700,14,2
125371,3701,0,6
125371,3705,0,2
125371,3709,71,3
125371,3710,1,2
125371,3710,72,2
125371,3795,322,2
125371,3795,0,2
125371,3839b,71,1
125371,3894,15,2
125371,3894,72,2
125371,3941,14,4
125371,3960,15,1
125371,4006,179,1
125371,4032a,14,1
125371,4032a,71,1
125371,40527,379,4
125371,41539,71,1
125371,41682,0,1
125371,41740,15,4
125371,42610,71,2
125371,42924,1,2
125371,43093,1,10
125371,4345b,71,1
125371,4346,47,1
125371,43898,71,1
125371,44568,71,8
125371,44861,71,12
125371,4519,71,2
125371,46413,41,8
125371,47457,72,2
125371,48336,297,12
125371,49699,72,4
125371,54200,41,1
125371,54657,72,2
125371,57360,72,1
125371,59443,72,4
125371,59900,182,3
125371,60208,72,1
125371,60476,0,4
125371,60478,0,4
125371,60581,15,2
125371,61252,15,2
125371,61332,0,7
125371,6141,46,12
125371,6141,47,3
125371,62462,14,2
125371,62711,0,1
125371,63868,14,4
125371,64799,71,1
125371,64799,15,1
125371,65578,47,1
125371,65886,272,4
125371,6636,72,2
125371,66792,15,1
125371,67440,15,8
125371,69729,19,2
125371,73230,71,6
125371,80326,14,2
125371,85861,297,9
125371,85984,15,2
125371,87079,0,2
125371,87079,272,2
125371,87398pat0001,179,1
125371,87580,1,2
125371,87620,72,8
125371,87991,19,1
125371,87994,72,1
125371,88072,14,1
125371,88644pat0001,179,1
125371,88930,15,4
125371,89522,179,1
125371,92081,226,1
125371,92099,15,2
125371,92582,0,1
125371,92690,71,1
125371,92832,41,1
125371,92847,15,1
125371,93095,322,2
125371,96874,25,1
125371,98138,46,2
125371,98138,71,2
125371,99008,19,2
125371,99021,72,4
125371,99206,15,1
125371,99207,71,4
125372,15452pr0010,1,1
125372,16697,0,1
125372,25550,15,2
125372,27383,15,1
125372,3011,321,1
125372,3437,321,4
125372,3437,1062,2
125372,35579,322,1
125372,39787c01,33,1
125372,40666,72,2
125372,40666,322,1
125372,40666,1062,1
125372,4196,27,1
125372,4672,72,1
125372,47408,1062,1
125372,65109,19,1
125372,65111,19,2
125372,65161pr0002,15,1
125372,65567c01,15,1
125372,69840pr0151,322,1
125372,76371,15,4
125372,76371pr0149,15,1
125372,76371pr0200,15,1
125372,79793,15,1
125372,79794,71,1
125372,80166,321,1
125372,92094,15,2
125372,98223pr0025,1,1
125372,98465pr0155,322,1
125373,10050,1103,1
125373,11126,0,1
125373,11153,70,2
125373,11212,0,2
125373,11267,70,1
125373,11458,70,1
125373,11476,0,1
125373,11477,308,2
125373,11833,71,1
125373,13564,70,2
125373,14418,71,4
125373,14704,71,1
125373,14716,71,2
125373,14769,19,4
125373,14769pr1079,15,1
125373,14769pr9990,297,1
125373,14769pr9994,297,2
125373,15068,71,1
125373,15068,70,1
125373,15254,70,1
125373,15460,72,1
125373,15535,72,4
125373,15571,0,2
125373,15573,70,3
125373,15672,71,2
125373,15672,0,2
125373,15672,70,2
125373,15706,70,2
125373,17485,0,1
125373,18649,0,4
125373,18651,0,1
125373,18653,70,5
125373,18674,71,6
125373,18674,15,1
125373,18838,71,2
125373,18980,71,1
125373,21459,322,1
125373,21459,226,1
125373,22484,72,1
125373,22885,15,1
125373,22886,71,1
125373,22961,308,2
125373,24122,72,2
125373,2412b,70,4
125373,2417,191,3
125373,2420,70,3
125373,2423,484,2
125373,2431,70,1
125373,2431,0,2
125373,24316,70,2
125373,2432,72,2
125373,2449,71,2
125373,2450,15,2
125373,2450,72,4
125373,26047,0,1
125373,2654,0,4
125373,26601,28,9
125373,26603pr9974,4,1
125373,27263,0,2
125373,27266,297,2
125373,2736,71,2
125373,28192,71,3
125373,28802,0,4
125373,29119,70,1
125373,29120,70,1
125373,29120,15,3
125373,3009,71,1
125373,30115,2,1
125373,30115,4,1
125373,30136,0,3
125373,30136,72,4
125373,3021,70,3
125373,3022,70,1
125373,3022,15,1
125373,3023,288,3
125373,3023,0,1
125373,30294,72,1
125373,3032,28,5
125373,3034,70,2
125373,3035,19,3
125373,30367c,71,2
125373,3037,71,2
125373,3039,72,5
125373,3040b,288,2
125373,3040b,28,8
125373,3062b,70,4
125373,3062b,72,17
125373,32000,72,14
125373,32002,19,4
125373,32062,4,2
125373,32064a,308,4
125373,32072,0,1
125373,32073,71,2
125373,32291,71,1
125373,3245c,70,1
125373,32828,70,5
125373,32828,0,2
125373,33183,70,1
125373,3460,70,1
125373,35480,72,3
125373,35480,70,4
125373,3626c,4,2
125373,3660,71,4
125373,3665,71,2
125373,3666,28,2
125373,3673,71,5
125373,3679,71,1
125373,3680,0,1
125373,36840,72,2
125373,3700,71,2
125373,3710,70,3
125373,3713,4,1
125373,37352,71,2
125373,3738,72,1
125373,3749,19,11
125373,37775,182,4
125373,3941,4,2
125373,3941,70,2
125373,4032a,19,4
125373,4032a,15,1
125373,40379,70,2
125373,4081b,72,4
125373,41769,70,3
125373,41770,70,2
125373,4185,0,2
125373,4286,71,4
125373,4287c,70,2
125373,43722,72,1
125373,43723,72,1
125373,4460b,72,10
125373,44728,71,2
125373,45590,0,2
125373,4740,0,4
125373,47457,72,1
125373,47847,72,2
125373,4865b,0,6
125373,48729b,72,4
125373,49153,71,1
125373,50304,28,1
125373,51274,70,1
125373,51482,0,1
125373,53451,28,4
125373,53923,0,1
125373,54200,70,17
125373,54200,288,17
125373,58176,71,2
125373,59900,297,5
125373,59900,70,2
125373,60470b,4,1
125373,60474,19,1
125373,60474,15,1
125373,60481,71,6
125373,60483,72,1
125373,60897,70,1
125373,61252,72,2
125373,61332,0,1
125373,61409,70,2
125373,6141,2,4
125373,63869,0,1
125373,63965,297,1
125373,64225,19,2
125373,64951,70,1
125373,65138,0,1
125373,6541,70,1
125373,6541,19,4
125373,65578,47,1
125373,65886,288,2
125373,6589,19,1
125373,6636,19,2
125373,66906,0,2
125373,67697,0,1
125373,69783,47,1
125373,69784pat0004,15,1
125373,70681,0,6
125373,71073,0,1
125373,71100,72,1
125373,80497,308,3
125373,85861,297,9
125373,85984,71,4
125373,85984,0,1
125373,87087,70,3
125373,87620,72,6
125373,89523,28,1
125373,92950,71,1
125373,98137,297,1
125373,98138,72,10
125373,98138pr0048,70,2
125373,98139,297,2
125373,98313,0,1
125373,98585,484,2
125373,99207,70,1
125373,99207,0,1
125373,99780,70,2
125374,24246,4,5
125374,24246,1050,5
125374,24246,29,5
125374,24246,27,5
125374,24246,25,5
125374,24246,14,5
125374,24246,5,5
125374,24246,1,5
125374,24246,322,5
125374,24246,85,5
125374,25269,4,11
125374,25269,14,11
125374,25269,27,11
125374,25269,1060,9
125374,25269,5,11
125374,25269,29,11
125374,25269,1050,11
125374,25269,85,11
125374,25269,1,11
125374,25269,322,11
125374,25269,25,11
125374,3070b,27,2
125374,3070b,5,2
125374,3070b,4,2
125374,3070b,85,2
125374,3070b,322,2
125374,3070b,1050,2
125374,3070b,1,2
125374,3070b,14,2
125374,3070b,29,2
125374,3070b,25,2
125374,65092,1055,6
125374,73767,31,2
125374,73767,25,1
125374,78169,322,1
125374,79996,1050,1
125374,79996,322,2
125374,80390,226,2
125374,901956,47,1
125374,901957,322,1
125374,98138,45,6
125374,98138,1053,6
125374,98138pr0226,15,4
125374,98138pr0227,15,2
125374,98138pr0228,15,2
125374,98138pr0229,15,2
125374,98138pr0230,15,4
125374,98138pr0231,15,2
125374,98138pr0232,15,2
125374,98138pr0233,15,2
125374,98138pr0234,15,4
125374,98138pr0235,15,2
125374,98138pr0236,15,2
125374,98138pr0237,15,4
125374,98138pr0238,15,6
125374,98138pr0239,15,4
125374,98138pr0240,15,4
125374,98138pr0241,15,2
125374,98138pr0242,15,2
125374,98138pr0243,15,4
125374,98138pr0244,15,4
125374,98138pr0245,15,4
125374,98138pr0246,15,2
125374,98138pr0247,15,2
125374,98138pr0249,15,2
125374,98138pr0250,15,2
125374,98138pr0251,15,2
125376,10928,72,2
125376,11100,15,1
125376,11153,14,2
125376,11211,4,1
125376,11211,14,2
125376,11477,25,1
125376,11610,19,1
125376,13971,4,2
125376,14769,27,2
125376,14769pr0080,15,4
125376,15068,191,1
125376,15068,25,1
125376,15462,70,1
125376,15535,0,1
125376,15573,323,2
125376,15573,4,1
125376,15573,25,2
125376,15573,191,3
125376,15573,1,2
125376,15712,191,2
125376,17485,15,2
125376,18646,4,3
125376,18646,14,1
125376,18674,15,2
125376,18674,72,1
125376,20482,70,2
125376,22885,15,2
125376,22885,5,4
125376,22885,0,2
125376,2415,71,1
125376,2421,0,1
125376,24246,27,2
125376,2431,4,2
125376,2431,31,4
125376,2431,10,2
125376,24316,70,2
125376,2454b,1,2
125376,24866,31,2
125376,24866,2,4
125376,24866,5,3
125376,2540,25,1
125376,2540,1,1
125376,2654,72,1
125376,26604,191,2
125376,27448,15,12
125376,27925,30,4
125376,2815,0,2
125376,2877,71,3
125376,3001,288,2
125376,3001,322,2
125376,3001,30,1
125376,3003,14,1
125376,3003,70,5
125376,3003,25,2
125376,3003,226,1
125376,3004,84,1
125376,3004,4,4
125376,3004,14,1
125376,3004,10,2
125376,3004,226,2
125376,3004,27,1
125376,3004,29,2
125376,3005,14,2
125376,3005,27,3
125376,3005,4,2
125376,3010,15,2
125376,3010,14,1
125376,3010,30,2
125376,3010,0,3
125376,3010,4,3
125376,30136,0,2
125376,30145,70,2
125376,3020,1,1
125376,3020,322,4
125376,3020,25,2
125376,3020,29,2
125376,3021,191,1
125376,3021,27,2
125376,3022,2,2
125376,3022,84,3
125376,3022,0,2
125376,3023,14,2
125376,3023,47,1
125376,3023,25,2
125376,30237b,0,2
125376,3031,2,1
125376,3032,2,1
125376,3032,15,1
125376,3032,14,1
125376,3035,70,1
125376,3036,19,1
125376,3037,0,2
125376,3039,47,1
125376,3039,27,2
125376,3039,72,2
125376,3039,4,8
125376,3040b,1,5
125376,3040b,25,4
125376,3040b,0,2
125376,3040b,84,2
125376,3040b,70,2
125376,3040b,191,2
125376,30503,2,3
125376,3062b,31,4
125376,3062b,70,2
125376,3062b,27,1
125376,3068b,25,1
125376,3069b,226,1
125376,3069b,323,2
125376,3069b,10,6
125376,3069b,41,2
125376,3069bpr0278,15,2
125376,32001,0,3
125376,32062,4,5
125376,32064a,14,3
125376,32073,14,1
125376,32123b,71,2
125376,32123b,14,5
125376,32270,0,3
125376,3245c,4,1
125376,3300,4,1
125376,33121,4,1
125376,3460,72,4
125376,35442,322,12
125376,35442,2,1
125376,35442,85,2
125376,35443,72,3
125376,35446,27,1
125376,35480,5,2
125376,35480,14,2
125376,3623,1,2
125376,3623,15,4
125376,3660,25,1
125376,3660,14,1
125376,3660,4,4
125376,3660,2,2
125376,3666,27,2
125376,3673,71,1
125376,3678b,70,2
125376,3700,0,2
125376,3700,70,2
125376,3700,15,2
125376,3700,14,2
125376,3700,1,2
125376,3701,0,2
125376,3701,27,2
125376,3709,4,2
125376,3710,70,2
125376,3713,4,4
125376,3713,0,1
125376,37352,226,2
125376,3743,15,1
125376,3749,19,2
125376,37762,297,7
125376,3795,226,1
125376,3795,25,1
125376,3941,31,3
125376,3941,71,2
125376,3941,14,1
125376,3941,182,2
125376,3941,321,5
125376,3957b,0,1
125376,4032a,71,3
125376,4032a,85,1
125376,4070,14,4
125376,4081b,0,2
125376,41677,0,3
125376,4185,27,2
125376,4274,1,2
125376,43722,2,1
125376,43723,2,1
125376,4733,27,1
125376,47905,4,2
125376,49283,322,1
125376,53451,19,1
125376,54200,0,2
125376,54200,191,2
125376,54200,25,2
125376,54200,4,1
125376,54200,27,2
125376,55013,72,1
125376,56903,15,2
125376,59443,72,3
125376,59443,27,3
125376,59443,70,1
125376,59900,25,2
125376,59900,297,2
125376,60474,4,1
125376,60478,226,2
125376,60483,322,1
125376,60483,0,2
125376,60485,14,2
125376,6111,27,1
125376,61254,0,4
125376,6141,10,4
125376,6141,15,2
125376,6141,29,9
125376,6141,36,1
125376,6141,70,2
125376,6141,19,1
125376,61485,15,3
125376,6215,14,1
125376,6232,15,2
125376,62462,3,1
125376,62462,70,1
125376,65140,3,1
125376,65249,15,4
125376,65630,71,1
125376,6587,28,3
125376,66788,15,2
125376,66897,71,1
125376,85861,15,1
125376,85984,25,2
125376,85984,14,1
125376,85984,1,1
125376,87083,72,5
125376,87087,14,2
125376,87087,15,4
125376,87620,4,4
125376,92947,70,1
125376,96874,25,1
125376,98138,29,1
125376,98138,15,1
125376,98138pr0008,15,6
125376,98138pr0026,15,2
125376,98138pr0082,15,4
125376,99780,226,2
125377,10563,15,1
125377,13358,0,2
125377,17865pr0001,15,1
125377,18806,4,1
125377,19440,71,1
125377,19451,1062,1
125377,24911c04,15,1
125377,25081c03,15,1
125377,3437,84,1
125377,39787c01,33,1
125377,39926pr0003,4,1
125377,40666,15,1
125377,41160pr9999,4,1
125377,41169c05,71,1
125377,76371pr0201,15,1
125377,92005,4,1
125377,98222,27,1
125377,98223,27,1
125377,98224,27,1
125377,98225,84,1
125378,11127,41,1
125378,11476,71,2
125378,11477,14,2
125378,14417,72,2
125378,14418,71,2
125378,14419,72,2
125378,15068,14,4
125378,15068pr0058,15,3
125378,15207,71,2
125378,15672,72,2
125378,15712,297,1
125378,18674,72,1
125378,18675,15,2
125378,18977,0,12
125378,20482,0,2
125378,22888,71,2
125378,23949,72,1
125378,2412b,71,7
125378,2431,41,2
125378,2456,72,1
125378,2540,15,1
125378,2921,15,2
125378,3003,15,2
125378,3004,15,2
125378,3010,3,1
125378,30194,72,1
125378,3032,72,3
125378,3034,72,2
125378,3035,71,2
125378,30377,179,4
125378,3039pr0027,15,2
125378,3069b,14,2
125378,3070bpr0234,71,2
125378,32013,72,6
125378,32062,4,6
125378,32739,15,1
125378,32952,272,4
125378,33909,71,6
125378,35480,15,4
125378,3660,272,3
125378,3665,272,2
125378,3666,15,7
125378,3673,71,6
125378,36840,72,3
125378,3710,272,4
125378,3710,14,2
125378,3837,179,1
125378,3957b,71,1
125378,39888,19,6
125378,4162,15,2
125378,41740,71,1
125378,43093,1,6
125378,43710,71,1
125378,43711,71,1
125378,44568,71,1
125378,44861,15,1
125378,4740,71,1
125378,48336,15,2
125378,49699,72,2
125378,50337,72,1
125378,52031,15,2
125378,54200,41,2
125378,59900,179,1
125378,60470b,71,4
125378,60601,41,4
125378,61252,15,4
125378,61252,72,1
125378,61345,272,2
125378,6141,297,9
125378,62462,297,6
125378,6536,0,6
125378,65617,71,2
125378,65635,72,3
125378,66727,297,12
125378,69729,15,1
125378,71752,0,3
125378,72132,15,1
125378,73109,71,2
125378,78256,15,4
125378,79687,0,1
125378,80326,15,1
125378,87398pat0001,179,1
125378,87580,14,1
125378,87618,71,1
125378,87990,226,1
125378,88644pat0001,179,1
125378,89522,297,1
125378,92474,272,4
125378,92583,41,2
125378,93106,0,1
125378,93273,272,4
125378,98138,15,4
125378,98138,41,2
125378,98793,9999,1
125378,99781,72,4
125379,11477,1,2
125379,11610,19,2
125379,14769,27,1
125379,14769,1050,1
125379,15068,85,2
125379,15470,29,1
125379,15573,15,1
125379,18674,5,3
125379,18674,1,1
125379,18674,15,1
125379,18855,323,1
125379,18980,27,1
125379,18980,2,1
125379,18980,26,2
125379,20482,297,1
125379,22885,19,1
125379,22888,2,1
125379,2357,31,6
125379,23969,15,1
125379,2412b,297,2
125379,2423,27,3
125379,2431,26,1
125379,2431,191,4
125379,24314c02,35,2
125379,2445,26,1
125379,2445,15,2
125379,2453b,31,1
125379,2456,19,1
125379,24866,5,2
125379,24866,1050,2
125379,24866,27,2
125379,26047,70,2
125379,2654,47,1
125379,26603,14,2
125379,3002,19,2
125379,3003,71,1
125379,3003,19,1
125379,3004,0,1
125379,3004,191,1
125379,3004,19,1
125379,3004,26,1
125379,3004,70,1
125379,3005,26,6
125379,3005,191,2
125379,3005,19,2
125379,3005,31,8
125379,3009,19,4
125379,3009,191,4
125379,3009,26,8
125379,3010,26,1
125379,3010,15,2
125379,3010,31,9
125379,30136,15,3
125379,3020,272,1
125379,3020,191,2
125379,3020,19,2
125379,3020,27,1
125379,3021,14,1
125379,3023,4,1
125379,3023,19,1
125379,3023,70,1
125379,3023,0,3
125379,30237b,71,1
125379,3024,15,2
125379,3024,272,2
125379,3024,0,2
125379,3036,2,2
125379,3037,191,4
125379,3040bpr0013,15,1
125379,3069b,27,1
125379,3069bpr0303,15,1
125379,3070b,191,2
125379,32474,4,1
125379,32607,27,4
125379,33183,10,3
125379,33243,0,1
125379,34172,15,2
125379,35480,0,2
125379,35700,84,1
125379,3660,26,2
125379,3666,15,2
125379,3666,26,2
125379,36840,0,1
125379,3710,70,1
125379,3795,26,1
125379,3795,19,1
125379,3852b,29,1
125379,3899,45,1
125379,3941,45,1
125379,3941,46,2
125379,3941,35,1
125379,3957b,15,1
125379,3960,85,1
125379,39767,71,1
125379,4032a,14,1
125379,41740,19,2
125379,4286,191,2
125379,44728,70,1
125379,44728,0,1
125379,4533,41,1
125379,4599b,297,2
125379,48336,14,1
125379,4865b,47,2
125379,49307,191,2
125379,49307,84,2
125379,49307,15,2
125379,50015,191,1
125379,52107,71,1
125379,54200,0,2
125379,57895,47,3
125379,60470b,71,2
125379,60470b,15,1
125379,60474,14,1
125379,60478,71,2
125379,60481,70,2
125379,60481,0,1
125379,60596,26,3
125379,60599,15,1
125379,60897,70,2
125379,6141,70,1
125379,6141,4,1
125379,6215,191,4
125379,64951,84,1
125379,67095,0,1
125379,67095,85,1
125379,67095,84,1
125379,68013,19,2
125379,69902pr0001,379,1
125379,79389,19,2
125379,79730,85,1
125379,79743,323,1
125379,80497,0,1
125379,83188pr0001,0,1
125379,84121,9999,1
125379,85080,19,4
125379,85984,27,1
125379,87079,191,4
125379,87079,27,2
125379,87079,15,1
125379,87087,0,1
125379,87087,71,3
125379,87580,14,1
125379,87580,15,5
125379,87580,26,2
125379,92438,2,1
125379,92851,47,1
125379,93088pr0015,484,1
125379,93092,30,1
125379,98100,0,1
125379,98138,41,7
125379,98138pr0056,84,1
125379,98138pr0090,84,1
125379,98138pr0133,15,1
125379,98138pr0185,179,1
125379,98397,71,1
125379,99207,27,2
125380,11211,15,2
125380,11476,84,4
125380,11476,15,2
125380,11477,84,4
125380,11477,15,2
125380,13548,28,2
125380,15068,84,13
125380,15573,19,1
125380,18980,28,2
125380,22885,71,22
125380,2420,28,2
125380,2420,19,4
125380,24246,15,3
125380,2431,4,2
125380,2431,0,2
125380,2431,19,2
125380,25269,19,8
125380,25269,72,2
125380,26047,0,2
125380,26601,72,2
125380,28192,28,2
125380,3003,322,4
125380,3003,29,2
125380,3004,84,4
125380,3005,70,4
125380,3010,70,2
125380,3020,84,9
125380,3020,4,2
125380,3021,19,2
125380,3022,70,5
125380,3022,84,4
125380,3022,4,5
125380,3022,15,1
125380,3022,19,4
125380,3023,84,4
125380,3023,72,4
125380,3023,19,3
125380,3024,19,4
125380,3069b,70,2
125380,3069b,4,2
125380,3070b,84,4
125380,3245c,19,1
125380,32952,72,8
125380,3710,15,2
125380,3710,4,2
125380,3710,19,2
125380,3710,84,5
125380,3941,15,2
125380,3958,0,2
125380,4032a,72,5
125380,41740,0,2
125380,54200,19,4
125380,54200,84,2
125380,73825,84,4
125380,85984,19,8
125380,85984,84,1
125380,87079,0,2
125380,87079,84,4
125380,87079pr0262,4,1
125380,87079pr0263,4,1
125380,87580,15,2
125380,93274,4,2
125380,98138,320,1
125380,98138,0,1
125380,98138pr0060,0,4
125380,99206,19,2
125381,11211,0,2
125381,11211,1,2
125381,11211,14,2
125381,11211,15,2
125381,11211,2,2
125381,11212,19,3
125381,11477,4,2
125381,11477,28,2
125381,11477,226,4
125381,11477,5,4
125381,11477,0,2
125381,14417,72,3
125381,14704,71,3
125381,15573,28,2
125381,15573,14,1
125381,15573,4,2
125381,15573,29,2
125381,15573,25,2
125381,18646,29,1
125381,18653,4,2
125381,18674,28,1
125381,18674,15,1
125381,20482,72,3
125381,22889,15,2
125381,2421,0,2
125381,2456,29,2
125381,2456,10,2
125381,24866,30,2
125381,2540,4,3
125381,26047,297,3
125381,26047,15,2
125381,26601,0,2
125381,26601,4,2
125381,26601,25,4
125381,2877,0,2
125381,3001,4,2
125381,3001,1,2
125381,3003,15,3
125381,3003,72,2
125381,3003,25,2
125381,3003,71,2
125381,3003,2,2
125381,3004,14,2
125381,3004,1,2
125381,3004,4,3
125381,3009,15,2
125381,3009,71,2
125381,3009,19,2
125381,3009,4,2
125381,3009,30,2
125381,30176,27,2
125381,3020,4,3
125381,3020,272,1
125381,3020,70,3
125381,3020,25,1
125381,3020,14,1
125381,3020,72,1
125381,3020,1,3
125381,3020,19,1
125381,3021,14,2
125381,3021,28,3
125381,3022,322,5
125381,3022,29,2
125381,3022,25,3
125381,3022,10,2
125381,3022,4,1
125381,3022,70,2
125381,3023,322,3
125381,30237b,191,2
125381,3031,19,1
125381,3031,2,1
125381,3034,322,2
125381,3034,1,1
125381,3034,71,2
125381,30367c,14,1
125381,3039,47,3
125381,3040b,322,3
125381,30414,70,2
125381,3062b,41,1
125381,3062b,2,2
125381,3070b,191,4
125381,32028,72,3
125381,32607,14,2
125381,32607,10,1
125381,3298,70,4
125381,33243,5,4
125381,34337,15,4
125381,3623,2,2
125381,3623,191,1
125381,3660,70,4
125381,3660,14,4
125381,3666,70,4
125381,3678b,4,2
125381,3700,0,2
125381,3700,25,4
125381,3700,71,2
125381,3710,1,4
125381,37352,321,2
125381,37352,29,1
125381,3747b,25,4
125381,3795,25,1
125381,3795,26,2
125381,3941,15,2
125381,3941,27,1
125381,3941,70,8
125381,4032a,4,2
125381,4032a,72,3
125381,4032a,70,2
125381,4032a,14,2
125381,4032a,2,2
125381,4032a,19,4
125381,4070,2,2
125381,4070,47,2
125381,4070,4,2
125381,43898,26,1
125381,4495b,4,1
125381,4495b,297,1
125381,4599b,14,1
125381,4740,41,3
125381,47905,19,1
125381,47905,5,1
125381,47905,0,1
125381,49577,10,1
125381,49668,191,1
125381,49668,15,2
125381,54200,322,1
125381,54200,27,2
125381,54568,14,1
125381,60475b,14,2
125381,6091,70,4
125381,61252,297,1
125381,61252,0,2
125381,6141,47,2
125381,6141,158,3
125381,6215,14,2
125381,6215,2,2
125381,66897,71,2
125381,67687,0,2
125381,85861,41,1
125381,85984,14,5
125381,87414,0,4
125381,87580,1,2
125381,87580,29,1
125381,93273,322,2
125381,98138pr0008,15,4
125381,98138pr0026,15,2
125381,98138pr0082,15,4
125381,99781,72,3
125381,99781,14,2
125382,14222pr9992,322,1
125382,20302,321,1
125382,2302,15,2
125382,3011,323,3
125382,3437,15,1
125382,3437,1062,2
125382,40666,322,2
125382,40666,323,2
125382,40666,1062,1
125382,4196,15,1
125382,49989pr0001,15,1
125382,61649,15,2
125382,65110,19,1
125382,65112,15,1
125382,65242c02pr0107,15,1
125382,65273,322,1
125382,65273,1050,1
125382,72152pr0058,15,1
125382,76371,323,2
125382,76371pr0189,15,1
125382,76371pr0198,15,1
125382,80106c01pr0001,15,1
125382,90265,19,2
125382,98233,1062,2
125383,25269,322,12
125383,25269,323,12
125383,25269,191,12
125383,25269,158,12
125383,25269,29,12
125383,25269,4,30
125383,25269,1062,30
125383,27925,10,16
125383,27925,4,16
125383,27925,1062,16
125383,27925,14,16
125383,27925,321,16
125383,27925,323,16
125383,27925,31,16
125383,3070b,4,80
125383,3070b,323,30
125383,3070b,29,30
125383,3070b,321,70
125383,3070b,322,30
125383,3070b,1062,80
125383,3070b,158,30
125383,3070b,191,30
125383,98138,10,4
125383,98138,14,4
125383,98138,1055,30
125383,98138,1062,30
125383,98138,31,4
125383,98138,4,4
125383,98138,1053,30
125383,98138,321,4
125384,2445,72,2
125384,25269,1050,12
125384,25269,15,12
125384,25269,323,12
125384,25269,158,12
125384,25269,322,12
125384,25269,29,12
125384,25269,191,12
125384,2639,72,4
125384,27925,29,16
125384,27925,1050,16
125384,27925,323,16
125384,27925,322,16
125384,27925,191,16
125384,27925,15,16
125384,27925,158,16
125384,3022,14,2
125384,3023,72,4
125384,3070b,322,30
125384,3070b,15,30
125384,3070b,158,30
125384,3070b,1050,30
125384,3070b,29,30
125384,3070b,191,30
125384,3070b,323,30
125384,3795,72,7
125384,78168,15,2
125384,78169,322,1
125384,79756,15,24
125384,79757,15,8
125384,902221,226,1
125384,902222,47,1
125384,91405,30,2
125384,96874,25,1
125384,98138,323,4
125384,98138,1055,40
125384,98138,322,4
125384,98138,29,4
125384,98138,1050,4
125384,98138,191,4
125384,98138,15,4
125384,98138,158,4
125385,10884,2,1
125385,10884,10,1
125385,11213,191,1
125385,11477,27,1
125385,14716,84,4
125385,14719,15,4
125385,14769,15,4
125385,15068,323,2
125385,15068,14,2
125385,15573,26,2
125385,15573,15,1
125385,16091,71,1
125385,18674,322,2
125385,22888,27,4
125385,22961,27,1
125385,23969,26,2
125385,2423,27,2
125385,2431,84,3
125385,2454b,84,2
125385,26599,71,1
125385,27448,0,1
125385,28387,323,1
125385,3003,84,1
125385,3004,84,3
125385,3005,182,4
125385,3020,27,1
125385,3020,323,1
125385,3020,15,1
125385,3022,27,1
125385,3022,19,1
125385,3022,14,2
125385,3023,14,1
125385,3023,33,2
125385,3023,46,2
125385,3031,322,1
125385,3031,19,1
125385,3032,25,1
125385,3034,15,1
125385,30374,14,1
125385,3040b,14,4
125385,3045,14,4
125385,3062b,26,1
125385,3069b,26,4
125385,32064a,19,1
125385,32474,191,1
125385,32606,5,4
125385,32607,2,2
125385,33243,27,2
125385,33303,15,3
125385,3623,27,1
125385,37762,15,2
125385,37762,1050,2
125385,3795,26,3
125385,3795,19,1
125385,3836,70,1
125385,3837,72,1
125385,41948,19,1
125385,44728,15,1
125385,44865,15,2
125385,4495b,26,1
125385,4733,15,1
125385,4740,27,1
125385,49153,15,1
125385,51274,70,1
125385,53119,70,2
125385,54200,191,11
125385,54200,5,2
125385,54200,321,2
125385,59900,2,1
125385,59900,14,1
125385,59900,19,4
125385,60475b,14,2
125385,6091,27,1
125385,6141,19,3
125385,6141,41,2
125385,6182,84,4
125385,63868,14,2
125385,65509,484,2
125385,65509,19,2
125385,69901pr0001,15,1
125385,69901pr0002,84,1
125385,74611,19,2
125385,87079,322,1
125385,87079,27,1
125385,87079pr0259,15,1
125385,87087,84,4
125385,87580,15,2
125385,87580,26,2
125385,87580,191,3
125385,87994,70,1
125385,91501,226,4
125385,91501,3,4
125385,92099,15,1
125385,92438,19,1
125385,92926,27,1
125385,93088pr0035,71,1
125385,98138,5,3
125385,98138,3,3
125385,98138,14,2
125385,98138,1050,5
125385,98138,226,1
125385,98138,323,3
125386,11153,323,2
125386,11214,72,4
125386,11215,0,4
125386,11477,4,2
125386,11477,0,4
125386,11477,323,2
125386,15068,323,2
125386,15207,0,2
125386,15573,71,1
125386,16091,0,1
125386,18677,71,4
125386,20482,0,2
125386,2412b,4,2
125386,2412b,0,14
125386,24246,71,2
125386,2431,3,4
125386,2431,323,2
125386,2431,0,2
125386,25214,71,4
125386,25269,3,2
125386,3001,3,1
125386,3004,3,2
125386,3010,4,2
125386,3010,323,2
125386,3021,4,4
125386,3022,4,1
125386,3023,3,6
125386,3023,47,2
125386,3023,36,2
125386,3023,323,2
125386,3024,3,2
125386,3024,4,2
125386,3032,72,2
125386,3032,3,1
125386,3034,0,1
125386,3035,4,2
125386,3069b,3,2
125386,3069b,323,1
125386,3070b,71,2
125386,3070b,323,2
125386,32523,71,2
125386,32530,72,1
125386,32803,0,2
125386,3460,0,6
125386,3665,4,2
125386,3665,323,6
125386,3666,3,8
125386,3666,4,6
125386,3678b,4,3
125386,3701,0,4
125386,3710,4,5
125386,3710,3,2
125386,3710,323,4
125386,37352,71,2
125386,3737,4,2
125386,3795,3,2
125386,3937,0,3
125386,42610,71,1
125386,4274,1,4
125386,42924,1,1
125386,43857,71,2
125386,47457,71,1
125386,50950,3,4
125386,54200,47,2
125386,54200,3,4
125386,55978,0,4
125386,56145,0,4
125386,58181,40,1
125386,60484,71,1
125386,61184,4,3
125386,61332,0,4
125386,6134,0,3
125386,6141,3,4
125386,6231,4,2
125386,62361,3,4
125386,62462,71,6
125386,63868,71,2
125386,65632,40,1
125386,6636,4,1
125386,73562,71,2
125386,73825,72,4
125386,85984,3,4
125386,85984,323,1
125386,87079,4,2
125386,87079,323,2
125386,87079,0,2
125386,93273,0,2
125386,93274,72,4
125386,98138,47,2
125386,98138,71,4
125386,99563,72,2
125386,99780,72,3
125386,99780,4,2
125387,11211,2,1
125387,11477,15,6
125387,14417,72,1
125387,14704,71,1
125387,15068,25,2
125387,15068,15,4
125387,15068,272,2
125387,15571,71,1
125387,22385,272,3
125387,22385,25,2
125387,22889,15,1
125387,2412b,272,1
125387,2420,28,4
125387,24316,70,1
125387,25269,272,2
125387,2730,71,2
125387,29119,272,1
125387,29120,272,1
125387,3020,272,1
125387,3020,15,2
125387,3021,25,1
125387,3021,72,2
125387,3022,15,1
125387,3023,25,5
125387,3023,15,7
125387,3023,72,3
125387,3024,72,6
125387,3024,47,6
125387,3031,71,3
125387,3032,272,1
125387,30504,272,2
125387,30602,47,2
125387,32015,0,1
125387,32062,4,4
125387,32064a,0,2
125387,32124,0,2
125387,32449,71,6
125387,33909,272,2
125387,3460,272,6
125387,35787,15,12
125387,35787,25,6
125387,3623,25,2
125387,3666,25,1
125387,36841,73,2
125387,3688,272,1
125387,3700,71,1
125387,3702,0,2
125387,3710,0,2
125387,3710,15,4
125387,3747b,15,3
125387,3749,19,2
125387,3795,15,2
125387,3832,72,1
125387,3937,15,2
125387,3961a,0,1
125387,4032a,288,2
125387,4070,0,2
125387,4070,15,2
125387,41682,72,2
125387,41769,272,1
125387,41770,272,1
125387,42610,71,3
125387,43093,1,4
125387,43712,272,1
125387,43720,272,1
125387,43721,272,1
125387,43722,25,1
125387,43723,25,1
125387,44568,71,2
125387,44728,15,2
125387,49307,15,2
125387,50304,272,1
125387,50305,272,1
125387,50337,72,2
125387,50951,0,3
125387,52501,15,1
125387,54200,272,4
125387,54200,15,2
125387,59443,0,2
125387,60483,25,1
125387,6134,71,2
125387,6239,25,4
125387,6636,272,2
125387,73562,71,1
125387,76959,15,1
125387,85861,71,2
125387,85959pat0003,36,2
125387,85984,15,3
125387,87079,25,1
125387,90258,72,2
125387,93274,15,2
125387,99780,25,1
125387,99781,272,1
125387,99781,19,1
125388,11211,322,2
125388,15573,323,4
125388,2417,31,2
125388,2454bpr0010,15,2
125388,3004,15,4
125388,30145,15,2
125388,30153,41,2
125388,30165,322,1
125388,3023,322,2
125388,30363,322,2
125388,30374,41,4
125388,3062b,322,2
125388,32607,26,2
125388,3298,15,2
125388,33172,25,2
125388,3852b,322,1
125388,41948,31,1
125388,42409,41,1
125388,4738c,30,1
125388,4739a,30,1
125388,59107,1053,1
125388,87580,322,1
125388,88072,15,2
125388,88292,15,4
125388,92950,15,1
125389,11477,85,13
125389,14418,71,4
125389,15068,85,2
125389,15068,15,2
125389,15070,14,1
125389,15456,71,2
125389,15573,226,3
125389,18674,85,2
125389,20310,15,4
125389,22385,15,1
125389,22890,72,2
125389,2357,85,1
125389,24201,0,2
125389,24246,85,6
125389,24246,226,4
125389,25269,85,6
125389,26047,15,10
125389,26604,191,2
125389,27261,320,3
125389,27263,15,1
125389,27448,15,1
125389,3020,30,1
125389,3022,25,1
125389,3022,15,2
125389,3022,226,2
125389,3022,0,1
125389,3023,15,4
125389,3023,85,5
125389,30357,30,6
125389,3062b,85,4
125389,3069b,30,2
125389,35480,14,3
125389,3665,191,2
125389,3700,14,2
125389,37352,15,2
125389,3795,321,1
125389,38648pat0001,0,1
125389,4032a,15,2
125389,41747,226,1
125389,41748,226,1
125389,41769,85,1
125389,41770,85,1
125389,43093,1,2
125389,43722,15,1
125389,43723,15,1
125389,44728,19,2
125389,44861,15,2
125389,49668,4,6
125389,50950,30,4
125389,54200,191,4
125389,57360,15,2
125389,59900,14,1
125389,59900,15,1
125389,60474,30,1
125389,60897,85,10
125389,6141,4,1
125389,6141,0,2
125389,65617,85,1
125389,67095pr0014,15,2
125389,67329,0,3
125389,67329,15,2
125389,80809,9999,1
125389,85080,4,1
125389,92582,71,2
125389,98138pr0008,15,2
125389,99206,19,4
125390,4186,71,1
125391,4268,2,1
125393,10247,0,4
125393,11090,0,2
125393,11215,0,2
125393,15068,15,1
125393,15712,0,2
125393,16091,0,1
125393,23444,0,1
125393,2412b,27,2
125393,2420,15,2
125393,2450,27,2
125393,2654,72,3
125393,26601,2,2
125393,28802,15,2
125393,3001,72,1
125393,3020,15,2
125393,3021,0,1
125393,3021,2,2
125393,3022,15,2
125393,3023,2,4
125393,3034,15,1
125393,3040b,27,2
125393,3069b,72,1
125393,3070b,27,2
125393,32124,0,2
125393,32530,0,4
125393,32803,72,1
125393,32828,0,4
125393,3460,72,2
125393,35480,71,3
125393,3623,0,2
125393,3701,72,2
125393,3710,2,1
125393,3710,15,1
125393,3713,4,4
125393,3749,19,4
125393,37762,0,2
125393,3795,2,1
125393,4070,2,2
125393,41740,15,2
125393,41769,2,1
125393,41770,2,1
125393,41862,71,1
125393,4274,71,4
125393,44728,15,2
125393,44861,15,4
125393,4697b,0,1
125393,48336,4,2
125393,48336,15,3
125393,50950,27,2
125393,54200,2,4
125393,55982,15,4
125393,56891,0,4
125393,60470b,0,2
125393,60478,15,4
125393,60483,0,4
125393,6091,71,2
125393,61409,27,2
125393,6141,46,4
125393,65571,71,2
125393,6636,27,2
125393,73825,4,2
125393,85861,71,2
125393,85984,72,3
125393,85984,2,4
125393,87083,72,4
125393,88072,4,2
125393,98313,0,2
125393,99206,27,1
125393,99780,15,2
125393,99781,71,2
125394,10190,226,2
125394,10884,2,1
125394,11211,14,1
125394,15068,2,1
125394,15070,15,2
125394,15209,15,1
125394,15395,27,1
125394,15573,26,1
125394,15573,15,1
125394,15573,25,1
125394,15573,2,1
125394,18653,25,2
125394,22385,2,1
125394,22388,10,2
125394,2419,4,1
125394,26047,15,2
125394,28660,84,2
125394,28660,78,2
125394,2877,14,1
125394,298c02,15,1
125394,3001,272,2
125394,3001,29,1
125394,3001,14,1
125394,3003,70,2
125394,3003,19,2
125394,3005,1,2
125394,3005,191,2
125394,3005,4,2
125394,30136,15,2
125394,30136,308,2
125394,3020,2,3
125394,3021,27,1
125394,3022,29,2
125394,3022,321,1
125394,3022,26,2
125394,3022,70,1
125394,3023,288,2
125394,3023,0,2
125394,3023,4,2
125394,3023,1,2
125394,3023,14,2
125394,30236,19,1
125394,30237b,4,1
125394,3039,322,1
125394,3039,26,1
125394,3040b,4,2
125394,32607,10,2
125394,35480,70,1
125394,3660,25,2
125394,3660,30,1
125394,3700,27,2
125394,3795,4,1
125394,4070,2,2
125394,4070,25,2
125394,4070,73,2
125394,49668,15,2
125394,53451,158,1
125394,53451,28,2
125394,54200,25,6
125394,54200,0,2
125394,60481,85,2
125394,60592,322,1
125394,6091,191,2
125394,6126b,182,1
125394,6141,27,2
125394,6141,29,2
125394,6141,70,2
125394,6141,191,1
125394,6141,0,2
125394,6141,4,2
125394,6215,322,2
125394,63868,321,2
125394,64847,26,2
125394,6541,19,2
125394,67329,72,1
125394,67329,29,1
125394,85984,2,2
125394,98138pr0008,15,6
125394,98138pr0082,15,4
125394,99206,27,2
125395,11477,27,4
125395,11477,323,5
125395,11477,322,6
125395,14417,72,6
125395,14418,71,4
125395,14704,71,2
125395,14769pr1116,15,2
125395,15469,26,1
125395,15573,27,2
125395,18980,322,1
125395,22385,70,1
125395,24866,5,3
125395,25269,27,6
125395,25269,322,3
125395,2540,19,1
125395,3020,19,2
125395,3020,70,2
125395,3021,15,2
125395,3022,322,2
125395,3023,15,6
125395,3023,29,2
125395,3023,322,4
125395,3039,19,1
125395,3040b,70,2
125395,30565,19,4
125395,3062b,34,1
125395,3069b,323,2
125395,32606,191,2
125395,32803,15,2
125395,33121,4,1
125395,35480,14,3
125395,3660,27,1
125395,36840,19,2
125395,3941,85,1
125395,4032a,10,1
125395,41740,322,2
125395,43892,5,2
125395,44728,15,2
125395,47759,84,2
125395,60470b,14,1
125395,60478,15,4
125395,60897,321,2
125395,6091,322,9
125395,6091,27,2
125395,61252,19,1
125395,6141,2,3
125395,64225,322,1
125395,67810,322,2
125395,87552,47,2
125395,87580,322,2
125395,98138pr0008,15,2
125395,99780,71,4
125395,99781,19,4
125396,11126,0,1
125396,14769pr9990,297,1
125396,18041,297,1
125396,18674,0,1
125396,2654,0,2
125396,30136,0,3
125396,3023,0,1
125396,59900,36,1
125396,60474,1,2
125396,65138,0,1
125396,69783,47,1
125396,69784pat0003,73,1
125396,71073,0,1
125396,71100,72,1
125396,85984,0,1
125396,93058b,297,2
125396,98341,297,1
125397,11126,0,1
125397,11213,19,1
125397,14769pr9990,297,1
125397,15535,0,1
125397,24482,72,2
125397,2654,0,2
125397,30136,0,3
125397,3022,0,2
125397,3023,0,1
125397,3941,4,3
125397,43898,71,1
125397,60474,4,1
125397,65138,0,1
125397,69783,47,1
125397,69784pat0001,4,1
125397,71073,0,1
125397,71100,72,1
125397,85861,70,2
125397,85984,0,1
125397,93058b,297,2
125398,11126,0,1
125398,14769pr9990,297,1
125398,20953,0,3
125398,2654,0,2
125398,30136,0,3
125398,3023,0,1
125398,37775,182,3
125398,4740,70,3
125398,60474,2,1
125398,65138,0,1
125398,69783,47,1
125398,69784pat0002,27,1
125398,71073,0,1
125398,71100,72,1
125398,85861,297,3
125398,85984,0,1
125398,93058b,297,2
125399,12622c02,15,1
125399,18855,323,1
125399,2431,33,1
125399,2431pr0172,15,1
125399,3004,27,1
125399,3022,226,1
125399,3023,33,1
125399,3039,14,1
125399,3068b,14,1
125399,3069b,46,2
125399,3710,322,5
125399,3823,47,1
125399,3839b,15,2
125399,3941,322,1
125399,41740,1050,2
125399,48336,71,1
125399,4865b,15,1
125399,53020,27,1
125399,6014b,15,4
125399,60581pr0031,15,2
125399,6179,15,1
125399,65886,15,1
125399,85984,15,2
125399,85984,323,2
125399,87580,1050,1
125399,87697,0,4
125399,93088pr0034,19,1
125399,93095,322,1
125399,93273,226,2
125400,23973pr0153,322,1
125400,65161pr0001,19,1
125400,76371,1062,1
125400,76371pr0199,15,1
125400,93702c01pr0014,321,1
125401,11477,4,6
125401,14417,72,5
125401,14418,71,4
125401,14704,71,5
125401,15068,321,2
125401,15068,0,3
125401,15068,71,1
125401,15573,14,8
125401,18649,321,1
125401,22890,72,4
125401,2357,0,2
125401,23969,0,2
125401,24299,321,1
125401,24307,321,1
125401,2431,4,4
125401,2450,0,4
125401,25269,14,4
125401,2540,0,2
125401,26601,4,2
125401,28192,14,2
125401,3002,71,1
125401,3005,321,2
125401,30136,0,2
125401,3020,0,6
125401,3021,72,6
125401,3022,71,4
125401,3022,14,4
125401,3023,321,4
125401,3069b,4,2
125401,32028,72,2
125401,35480,71,2
125401,3660,0,2
125401,3678b,0,2
125401,36841,0,2
125401,3710,14,2
125401,3795,71,3
125401,3839b,71,2
125401,44728,0,2
125401,47457,4,1
125401,50304,4,1
125401,50305,4,1
125401,54200,46,2
125401,60478,0,2
125401,61252,72,4
125401,61409,4,6
125401,6141,46,4
125401,6636,14,2
125401,85984,0,8
125401,85984,71,4
125401,85984,321,2
125401,99207,71,1
125401,99780,14,8
125402,3811,1,1
125403,3811,10,1
125404,3811,15,1
125405,49757,378,1
125482,10001831,9999,1
125482,14718,71,2
125482,15068,72,1
125482,15535,71,2
125482,15573,72,1
125482,15672,72,1
125482,2412b,179,3
125482,2412b,15,2
125482,2420,72,1
125482,2431,72,1
125482,2449,71,5
125482,2456,0,3
125482,2653,0,2
125482,26603,72,1
125482,27448,15,1
125482,27925,71,6
125482,2877,0,4
125482,3001,0,1
125482,3004,0,6
125482,3005,0,1
125482,3005,71,5
125482,3006,0,1
125482,3007,71,1
125482,3008,0,2
125482,30162,0,3
125482,3020,72,1
125482,3021,72,1
125482,3022,72,2
125482,3023,71,1
125482,3023,0,1
125482,3023,72,4
125482,3024,47,1
125482,3024,72,2
125482,3024,36,1
125482,3032,72,1
125482,3034,72,3
125482,3035,72,3
125482,30374,35,1
125482,3069b,72,3
125482,3070b,71,1
125482,3070b,72,1
125482,30987,71,2
125482,32001,0,1
125482,32270,0,1
125482,3298,72,2
125482,35459,71,1
125482,3623,0,1
125482,3710,0,1
125482,3710,72,3
125482,3713,0,1
125482,3832,72,3
125482,4032a,72,4
125482,4162,72,2
125482,4477,72,1
125482,4510,0,1
125482,50950,71,2
125482,60474,72,2
125482,60474,71,1
125482,60481,71,5
125482,60581,71,6
125482,61485,0,1
125482,6180,72,2
125482,64567,80,1
125482,6636,72,3
125482,6636,71,1
125482,85080,71,2
125482,87079,72,1
125482,87083,72,1
125482,95199,0,3
125482,99563,71,3
125482,99780,0,2
125482,99781,72,2
125510,2412b,8,1
125510,2412b,0,2
125510,2412b,14,1
125510,2412b,25,2
125510,2412b,4,2
125510,2412b,2,2
125510,2420,8,1
125510,2420,14,2
125510,2420,0,2
125510,2436,7,2
125510,2436,4,1
125510,2460,7,1
125510,2476b,8,1
125510,2516,0,1
125510,2540,8,2
125510,2540,0,1
125510,2540,4,2
125510,2555,0,1
125510,2555,8,2
125510,2555,4,1
125510,2555,7,3
125510,2654,14,1
125510,2654,8,1
125510,298c02,14,3
125510,298c02,4,2
125510,3001,7,1
125510,3003,0,2
125510,30162,8,2
125510,30165,14,2
125510,3020,8,2
125510,3021,4,1
125510,3021,8,1
125510,3021,25,1
125510,3022,0,1
125510,3022,7,1
125510,3022,8,2
125510,3023,2,1
125510,3023,14,1
125510,3023,4,1
125510,3024,2,1
125510,30365,8,4
125510,30374,0,1
125510,30383,0,6
125510,30386,7,7
125510,3039,4,1
125510,3039,2,2
125510,3040b,14,2
125510,3040b,4,2
125510,3048c,2,1
125510,30540,7,8
125510,30603,2,2
125510,3062b,14,2
125510,3062b,0,4
125510,3062b,4,1
125510,3176,14,3
125510,3176,0,1
125510,3176,27,2
125510,32062,0,1
125510,3300,27,1
125510,3475b,8,2
125510,3623,7,2
125510,3660,8,4
125510,3665,4,2
125510,3665,8,2
125510,3710,0,2
125510,3710,2,1
125510,3794a,8,1
125510,3794a,4,1
125510,3794a,7,2
125510,3794a,14,1
125510,3795,0,1
125510,3839b,0,2
125510,3839b,27,2
125510,3937,27,2
125510,3937,14,2
125510,3938,0,2
125510,3938,2,2
125510,3941,7,1
125510,3957a,0,2
125510,3959,0,1
125510,4019,7,1
125510,4070,2,1
125510,4070,14,2
125510,4070,8,2
125510,4081b,4,1
125510,4085c,4,2
125510,41532,0,6
125510,41769,4,1
125510,41770,4,1
125510,4286,4,2
125510,4360,0,1
125510,43722,2,1
125510,43723,2,1
125510,4589,8,3
125510,4617b,0,1
125510,4733,2,1
125510,4740,33,1
125510,4859,0,2
125510,6019,14,1
125510,6091,2,4
125510,6091,14,2
125510,6126a,57,1
125510,6141,0,6
125510,6141,14,3
125510,6141,57,3
125510,6141,25,7
125510,6141,27,5
125510,6141,36,3
125510,6141,34,2
125510,6141,8,6
125510,6541,7,6
125510,73983,0,2
125520,10202,71,18
125520,11211,0,8
125520,11212,72,2
125520,11213,71,1
125520,15672,72,4
125520,18922,72,2
125520,19729,41,1
125520,20482,72,8
125520,20482,0,1
125520,2357,72,3
125520,2419,72,2
125520,2420,72,4
125520,2420,19,4
125520,24299,72,5
125520,24307,72,5
125520,2450,72,4
125520,2465,71,8
125520,26604,71,8
125520,2723,71,1
125520,28192,71,20
125520,28802,15,4
125520,3001,0,16
125520,3003,0,31
125520,3004,1,14
125520,3004,71,4
125520,3005,71,2
125520,3005,272,1
125520,3006,71,8
125520,3007,19,4
125520,3010,71,8
125520,3021,71,6
125520,3022,19,23
125520,3022,297,3
125520,3023,41,2
125520,3023,71,4
125520,3024,71,2
125520,3024,41,2
125520,3028,71,8
125520,3034,15,2
125520,3035,72,1
125520,30363,71,44
125520,3038,71,4
125520,3039,4,4
125520,3039,71,8
125520,3040b,72,4
125520,3040b,41,6
125520,30414,72,19
125520,3044c,72,7
125520,30503,0,8
125520,3062b,41,8
125520,3065,41,2
125520,3068b,71,8
125520,3069b,71,8
125520,32059,72,2
125520,3245c,71,4
125520,3245c,15,8
125520,33909,71,16
125520,35459,71,8
125520,35787,71,4
125520,3622,72,2
125520,36451a,182,1
125520,36451a,46,1
125520,36451a,36,1
125520,36451a,52,1
125520,36451a,35,1
125520,36451a,33,1
125520,36470,297,1
125520,3660,72,8
125520,3665,72,4
125520,3676,72,2
125520,3679,71,4
125520,3680,0,4
125520,3701,4,4
125520,3703,71,20
125520,3710,71,1
125520,3710,72,4
125520,3795,19,2
125520,3832,4,2
125520,3894,15,4
125520,3937,0,1
125520,3941,272,1
125520,3942c,272,1
125520,4032a,71,2
125520,4162,71,2
125520,4287c,15,8
125520,43710,71,4
125520,43711,71,4
125520,4445,71,4
125520,44728,71,26
125520,4519,71,1
125520,4740,71,1
125520,51739,71,4
125520,54200,41,22
125520,54383,72,2
125520,60474,71,3
125520,60477,72,4
125520,60481,72,3
125520,60581,71,20
125520,6083,72,1
125520,6111,72,8
125520,6112,71,8
125520,61332,0,48
125520,6134,71,1
125520,6141,41,14
125520,6180pr9997,0,1
125520,6183,71,2
125520,63864,71,4
125520,64647,182,1
125520,65130,0,1
125520,69729,71,8
125520,69958,72,1
125520,75904,71,1
125520,85984,4,4
125520,85984,72,3
125520,87079,72,6
125520,87087,19,8
125520,87580,272,4
125520,87609,15,8
125520,87609,72,3
125520,93273,70,112
125520,93273,71,44
125520,93274,72,20
125520,98560,72,2
125520,99206,19,8
125520,99207,71,16
125520,99207,15,30
125568,25269,1050,40
125568,25269,15,40
125568,25269,10,30
125568,25269,31,40
125568,25269,321,106
125568,25269,14,30
125568,2639,72,4
125568,3022,72,6
125568,3034,72,18
125568,3070b,14,97
125568,3070b,31,127
125568,3070b,1050,127
125568,3070b,15,127
125568,3070b,10,97
125568,3795,14,6
125568,78168,321,2
125568,78169,322,1
125568,79756,321,36
125568,79757,321,4
125568,91405,1,4
125568,96874,25,1
125606,15573,0,1
125606,15573,15,1
125606,25269,29,1
125606,3020,25,1
125606,3021,0,1
125606,3022,25,3
125606,3022,15,1
125606,3023,0,2
125606,3023,25,1
125606,3024,25,4
125606,3062b,0,1
125606,3062b,25,1
125606,3710,0,1
125606,44728,25,1
125606,49668,15,2
125606,54200,25,2
125606,59900,25,1
125606,98138pr0008,15,2
125606,99780,25,1
125632,01709,9999,1
125632,11153,0,8
125632,11211,0,5
125632,11212,0,5
125632,11477,0,6
125632,14417,72,2
125632,14704,72,2
125632,15068,0,1
125632,15571,0,12
125632,15573,0,3
125632,15573,72,1
125632,15672,0,8
125632,22885,71,14
125632,2357,72,6
125632,2412b,0,8
125632,2420,28,6
125632,2420,72,4
125632,2420,0,12
125632,24299,0,3
125632,24307,0,3
125632,24309,0,4
125632,2431,0,6
125632,2431,36,2
125632,2445,0,2
125632,2454b,19,2
125632,2456,0,1
125632,25269,0,2
125632,25269,80,4
125632,2654,0,2
125632,26604,19,2
125632,27263,0,2
125632,27925,0,4
125632,29119,0,1
125632,29120,0,1
125632,3001,0,4
125632,3003,0,2
125632,3004,0,2
125632,3004,19,4
125632,3005,0,3
125632,3007,19,1
125632,3007,0,2
125632,3008,72,5
125632,30165,0,2
125632,3020,0,14
125632,3021,0,13
125632,3022,15,6
125632,3022,71,2
125632,3022,0,13
125632,3023,0,40
125632,3024,0,27
125632,3024,71,13
125632,3030,0,2
125632,3031,0,1
125632,3034,4,1
125632,3034,0,10
125632,3036,0,1
125632,30414,71,2
125632,3043,0,8
125632,3045,0,4
125632,30602,0,1
125632,3062b,0,5
125632,3068b,0,2
125632,3070b,0,3
125632,32028,0,7
125632,32028,72,2
125632,32028,4,2
125632,32324,0,2
125632,3245c,15,1
125632,3245c,0,4
125632,32803,0,2
125632,32828,71,2
125632,32952,0,9
125632,3297,0,4
125632,33909,0,8
125632,34103,14,4
125632,3460,0,9
125632,35186,0,2
125632,35480,0,4
125632,35480,72,2
125632,35787,0,4
125632,3623,0,15
125632,3666,14,3
125632,3666,0,16
125632,3675,0,4
125632,36840,0,2
125632,3710,0,9
125632,3710,15,9
125632,3710,72,4
125632,3710,28,3
125632,3795,0,7
125632,3937,0,1
125632,3937,1,8
125632,3937,72,3
125632,3958,19,1
125632,40490,71,2
125632,4070,1,2
125632,4070,0,1
125632,4081b,72,2
125632,4081b,0,4
125632,41854,0,1
125632,42610,0,2
125632,4274,71,8
125632,42918,0,2
125632,43045,0,2
125632,43056,0,2
125632,43722,0,1
125632,43723,0,1
125632,44728,0,7
125632,4477,0,4
125632,48729b,0,2
125632,49307,0,4
125632,50950,0,6
125632,54200,72,2
125632,54200,0,14
125632,6005,0,2
125632,60470b,14,1
125632,60478,72,4
125632,61332,0,4
125632,6134,15,2
125632,6134,0,10
125632,61409,0,4
125632,6141,1103,2
125632,6141,0,6
125632,6141,4,8
125632,6180pr0027,0,1
125632,62462,0,1
125632,63864,0,2
125632,64799,0,1
125632,67329,72,2
125632,68013,71,2
125632,78666,0,3
125632,85080,0,4
125632,85984,0,19
125632,87083,72,2
125632,87087,72,6
125632,93273,0,1
125632,93274,0,2
125632,93606,0,6
125632,96874,25,1
125632,98138,0,2
125632,98560,0,4
125632,99206,0,16
125632,99206,25,4
125632,99207,0,4
125632,99563,0,3
125632,99780,0,2
125632,99781,0,2
125868,35032a,41,2
125868,35032b,41,2
125868,35032c,41,2
125868,35032d,41,2
125868,35032e,41,1
125868,35032f,41,1
125868,35480,320,1
125868,59900,41,1
125868,79194,47,1
125868,85861,41,5
125869,01677,9999,1
125869,10100112,9999,1
125869,10100113,9999,1
125869,10197,0,6
125869,10928,72,2
125869,11214,4,17
125869,11477,25,4
125869,11478,0,12
125869,11946,1,1
125869,11946,25,4
125869,11946,0,1
125869,11947,25,4
125869,11947,0,1
125869,11947,1,1
125869,11950,71,2
125869,14720,0,4
125869,14769,0,4
125869,15458,0,1
125869,15458,25,1
125869,18450,0,4
125869,18575,19,1
125869,18651,0,14
125869,18654,25,1
125869,18654,0,25
125869,18677,0,4
125869,18944,0,1
125869,22961,0,6
125869,22961,25,4
125869,22961,72,4
125869,24116,0,4
125869,24119,1,2
125869,24119,0,2
125869,24316,70,2
125869,26603,0,4
125869,2736,71,6
125869,27940,72,1
125869,2825,71,4
125869,2850b,71,6
125869,2851,14,6
125869,2852,71,6
125869,2853,14,2
125869,2854,19,2
125869,3023,25,4
125869,3068b,25,2
125869,3069b,0,2
125869,3070b,25,4
125869,3070b,36,1
125869,32002,19,3
125869,32009,0,2
125869,32009,25,2
125869,32013,71,2
125869,32013,0,15
125869,32014,25,2
125869,32015,0,2
125869,32034,71,2
125869,32034,0,8
125869,32034,72,2
125869,32056,0,6
125869,32062,0,13
125869,32062,4,13
125869,32063,71,2
125869,32063,25,4
125869,32063,0,8
125869,32064a,0,1
125869,32073,71,19
125869,32123b,71,16
125869,32140,0,10
125869,32184,71,3
125869,32184,25,2
125869,32184,0,1
125869,32184,72,15
125869,32192,0,2
125869,32270,0,1
125869,32278,25,4
125869,32278,1,1
125869,32278,0,8
125869,32291,0,2
125869,32293,0,6
125869,32294,25,1
125869,32294,0,16
125869,32316,25,18
125869,32316,0,8
125869,32333,0,2
125869,32449,71,4
125869,32449,0,4
125869,32494,71,4
125869,32523,0,8
125869,32523,72,6
125869,32523,25,11
125869,32524,0,5
125869,32524,25,10
125869,32525,1,2
125869,32525,25,2
125869,32525,0,2
125869,32526,0,6
125869,35480,15,7
125869,35480,0,5
125869,3673,71,8
125869,3705,0,10
125869,3705,4,5
125869,3706,0,2
125869,3708,0,1
125869,3713,71,8
125869,39790,0,2
125869,4032a,1,4
125869,40490,1,3
125869,40490,0,4
125869,40490,15,2
125869,41239,25,6
125869,41239,0,4
125869,41677,0,38
125869,41677,25,10
125869,42003,0,14
125869,42135,0,8
125869,42195,71,6
125869,4274,71,26
125869,42924,1,119
125869,43045,0,2
125869,43093,1,43
125869,43857,1,3
125869,43857,0,2
125869,44294,14,3
125869,44301b,25,2
125869,4460b,0,1
125869,44874,4,2
125869,4519,71,29
125869,50340,25,2
125869,50950,0,2
125869,50950,25,2
125869,53923,0,2
125869,54657,0,2
125869,56908,0,4
125869,57585,0,2
125869,59426,72,2
125869,59443,0,5
125869,59443,71,8
125869,60483,0,1
125869,60483,15,4
125869,60483,25,10
125869,60484,0,7
125869,6091,0,4
125869,6091,1,8
125869,6091,25,4
125869,61332,0,268
125869,61408,0,2
125869,61408,25,2
125869,6141,0,2
125869,6177b,0,4
125869,6222,72,4
125869,62462,0,8
125869,62531,1,2
125869,62531,25,2
125869,62821b,72,1
125869,63869,71,7
125869,63869,0,3
125869,64178,71,1
125869,64179,25,2
125869,64391,0,1
125869,64392,25,1
125869,64393,0,2
125869,64393,1,2
125869,64393,25,2
125869,64394,0,1
125869,64680,0,1
125869,64681,0,2
125869,64681,25,2
125869,64681,1,2
125869,64682,25,1
125869,64683,0,1
125869,64782,0,4
125869,65098,0,1
125869,65304,0,13
125869,65304,4,2
125869,6536,71,3
125869,6536,25,6
125869,6536,0,3
125869,6536,1,3
125869,65422,0,1
125869,65487,0,12
125869,65487,25,1
125869,65487,1,8
125869,65489,71,1
125869,6575,0,2
125869,65766,0,2
125869,6589,19,3
125869,6632,0,24
125869,66906,4,6
125869,67142,0,1
125869,67142,1,2
125869,67491,0,2
125869,68196,0,1
125869,68196,1,2
125869,69729,0,2
125869,71682,1,2
125869,71682,25,1
125869,71682,0,1
125869,71709,0,4
125869,76537,14,4
125869,78258,15,4
125869,80271,0,3
125869,80272,0,3
125869,80324,0,6
125869,87080,25,1
125869,87083,72,24
125869,87086,25,1
125869,87761,0,1
125869,87994,0,2
125869,89678,4,2
125869,89679,1,4
125869,92906,72,2
125869,92909,72,4
125869,99021,72,6
125893,11477,27,3
125893,11477,15,3
125893,15573,5,2
125893,18853,191,2
125893,20482,15,2
125893,24866,10,3
125893,24866,323,2
125893,30150,14,1
125893,3021,14,1
125893,3069b,14,1
125893,3069bpr0304,15,1
125893,32606,4,3
125893,32803,15,1
125893,32952,15,4
125893,3622,70,2
125893,3623,15,1
125893,3666,15,1
125893,3710,27,2
125893,37695,10,2
125893,3795,19,1
125893,3839b,15,1
125893,4489b,70,2
125893,4600,71,1
125893,59900,15,2
125893,92950,15,1
125893,93092,5,1
125893,98138pr0185,179,1
125893,99781,14,1
125939,10172,297,1
125939,11153,4,1
125939,11477,0,1
125939,13965,19,13
125939,13965,70,2
125939,14417,72,5
125939,14418,71,1
125939,14704,71,4
125939,14769,15,1
125939,15068,0,1
125939,15070,19,2
125939,15470,29,1
125939,15533,84,2
125939,15571,297,1
125939,15573,19,3
125939,15573,70,5
125939,15573,72,1
125939,15706,70,1
125939,15712,297,1
125939,15712,4,1
125939,18674,72,1
125939,18674,15,2
125939,18759,19,7
125939,18838,19,1
125939,19798,72,1
125939,20310,70,2
125939,20310,19,6
125939,21301,70,1
125939,22385,70,1
125939,22388,19,9
125939,2343,297,3
125939,2357,19,12
125939,23949,72,4
125939,23986,15,1
125939,2420,19,2
125939,2431,72,5
125939,2431,0,1
125939,2445,71,1
125939,24482,72,3
125939,24482,19,11
125939,2453b,191,2
125939,2453b,19,2
125939,2454b,19,11
125939,2460,72,1
125939,2476a,28,1
125939,26047,70,2
125939,2654,0,4
125939,27150,29,1
125939,2730,0,2
125939,2780,0,8
125939,29111,0,1
125939,29119,25,1
125939,29119,72,2
125939,29120,72,2
125939,29120,25,1
125939,3003,19,7
125939,3004,19,21
125939,30044,70,2
125939,30046,0,2
125939,3005,84,17
125939,3005,19,33
125939,3008,19,4
125939,3009,84,2
125939,3010,19,20
125939,3010,70,2
125939,30136,484,11
125939,30153,35,1
125939,30153,36,1
125939,30153,33,1
125939,30153,34,1
125939,30153,47,1
125939,30153,46,1
125939,30153,52,1
125939,30165,72,2
125939,3020,28,1
125939,3020,72,2
125939,3021,72,1
125939,3022,320,2
125939,3022,0,5
125939,3023,84,3
125939,3024,297,6
125939,3024,4,2
125939,3024,19,2
125939,3024,182,1
125939,3028,72,1
125939,30292,0,2
125939,3031,72,1
125939,3034,70,3
125939,3034,72,4
125939,30357,70,1
125939,3037,72,4
125939,3037,71,3
125939,30385,36,1
125939,30385,35,2
125939,3039,70,1
125939,3039,19,8
125939,3040b,308,2
125939,3040b,191,2
125939,3040b,71,7
125939,3046a,72,6
125939,30562,19,4
125939,3062b,41,1
125939,3062b,34,1
125939,3062b,46,1
125939,3062b,308,3
125939,3062b,19,11
125939,3068b,320,1
125939,3069b,72,1
125939,3069b,320,1
125939,3070b,72,2
125939,3176,0,1
125939,3245c,72,2
125939,32524,0,1
125939,32607,10,5
125939,32803,71,3
125939,33057,484,1
125939,33320,14,1
125939,3456,71,1
125939,3460,308,5
125939,3460,70,4
125939,35464,19,12
125939,35480,19,2
125939,35563,72,2
125939,3622,19,11
125939,3623,0,1
125939,3626c,42,1
125939,3659,19,4
125939,3660,19,5
125939,3665,19,4
125939,3666,191,2
125939,3666,71,2
125939,36752a,0,2
125939,36752a,308,2
125939,36752a,70,2
125939,36752a,28,2
125939,36756pr0001,28,1
125939,3685,320,2
125939,3700,0,1
125939,3703,0,2
125939,3710,70,2
125939,3710,19,1
125939,3710,72,4
125939,3710,288,4
125939,3747b,70,1
125939,37762,15,4
125939,37775,182,4
125939,37776,1103,1
125939,3795,308,4
125939,38317,72,1
125939,38320,0,40
125939,3836,70,1
125939,38974,308,1
125939,3899,4,1
125939,3937,84,6
125939,3942c,0,1
125939,3942c,72,3
125939,3958,28,1
125939,39800,9999,1
125939,39803,9999,1
125939,40243,84,8
125939,40244,308,1
125939,4070,19,9
125939,4079b,70,2
125939,41539,72,1
125939,4162,70,4
125939,4162,72,2
125939,41769,272,1
125939,41770,272,1
125939,4274,71,4
125939,4282,72,3
125939,4286,19,1
125939,4332,70,1
125939,4332,0,1
125939,4341,0,1
125939,43719,0,1
125939,43888,19,1
125939,4460b,72,1
125939,44728,19,1
125939,4490,19,6
125939,4733,0,1
125939,4738c,70,1
125939,47397,72,2
125939,47398,72,2
125939,4739a,70,1
125939,47543,72,1
125939,48336,297,2
125939,48336,0,2
125939,48729b,72,4
125939,49668,0,3
125939,53451,15,2
125939,53451,4,1
125939,54200,72,2
125939,54200,19,8
125939,54200,70,2
125939,54200,71,10
125939,57895,0,2
125939,59230,0,4
125939,59900,297,3
125939,59900,72,4
125939,6003,28,5
125939,60470b,71,2
125939,60475b,72,3
125939,60478,70,2
125939,60583b,19,2
125939,60592,70,40
125939,60596,28,1
125939,60596,19,1
125939,6112,19,7
125939,61252,0,1
125939,6134,71,6
125939,6141,297,15
125939,6141,70,1
125939,6141,15,1
125939,6141,72,2
125939,6141,29,1
125939,6141,46,2
125939,6254,15,1
125939,63868,0,4
125939,63868,71,4
125939,63965,0,2
125939,64644,297,2
125939,64647,182,2
125939,6541,71,4
125939,85861,0,4
125939,85984,0,4
125939,87079,1,1
125939,87421,19,1
125939,87552,0,1
125939,87580,72,6
125939,87580,320,2
125939,87601,70,2
125939,87618,0,1
125939,87620,19,2
125939,87994,0,1
125939,88292,84,4
125939,89522,179,1
125939,90398,72,2
125939,90540,378,2
125939,91405,72,2
125939,92084pr0003,15,1
125939,92280,0,2
125939,92438,72,1
125939,95344,297,1
125939,96874,25,1
125939,98283,84,11
125939,98313,0,2
125939,98374,1103,1
125939,98560,72,6
125939,98560,320,1
125940,3626cpr2615,78,1
125940,41879a,0,1
125940,75867,484,1
125940,973c12h02pr4458,72,1
126044,2412b,15,1
126044,2431,320,2
126044,2445,0,1
126044,2780,0,2
126044,3010,71,2
126044,3021,71,1
126044,3022,0,3
126044,3023,71,5
126044,30283,0,1
126044,3032,71,2
126044,30350b,72,4
126044,30363,72,1
126044,30367bpr0008,320,1
126044,3037,320,2
126044,30374,0,4
126044,30389c,71,2
126044,3040b,320,2
126044,3068b,72,4
126044,32054,0,2
126044,32064b,72,2
126044,3660,72,2
126044,3700,15,2
126044,3705,0,2
126044,3710,71,1
126044,3747a,72,2
126044,3795,71,1
126044,3941,0,2
126044,4032a,0,4
126044,4150,320,2
126044,4150pr0005,15,1
126044,41769,72,1
126044,41769,320,5
126044,41770,72,1
126044,41770,320,5
126044,41883,40,1
126044,43093,1,2
126044,43713,0,1
126044,43722,71,3
126044,43723,71,3
126044,43857,0,2
126044,44570,71,2
126044,47397,71,2
126044,47398,71,2
126044,4740,42,2
126044,48183,72,2
126044,48336,0,4
126044,4854,0,1
126044,54383,71,2
126044,54384,71,2
126044,6141,0,2
126044,6222,72,2
126044,6636,71,4
126067,3002e,4,3
126067,3002e,15,3
126067,3002e,14,3
126067,3002e,2,3
126067,3065a,15,9
126067,3065a,4,9
126067,3065a,14,9
126067,3065a,2,9
126071,32561c02,7,1
126071,4143421,9999,1
126114,20482,321,1
126114,3068b,272,1
126114,3068bpr9682,272,1
126114,3068bpr9970,272,1
126114,37775,182,1
126114,66858,14,1
126114,67329,72,2
126114,87580,272,2
126114,98375,484,1
126251,3004,1,4
126251,3004pr9970,1,2
126251,3004pr9975,1,2
126251,3005,1,3
126251,3009,1,3
126251,3009,15,1
126251,3010,15,2
126251,3010,1,1
126251,3010apr0004,15,2
126251,3023,15,12
126251,3023,1,1
126251,3024,36,2
126251,3024,1,3
126251,3024,15,2
126251,3034,15,1
126251,3035,0,1
126251,3036,1,1
126251,3036,46,1
126251,3039,15,2
126251,3039pr0026,1,2
126251,3039pr9994,1,2
126251,3040a,15,2
126251,3046a,15,2
126251,3062b,34,2
126251,3066,33,2
126251,3069b,1,4
126251,3482,7,6
126251,3483,0,6
126251,3622,15,4
126251,3623,15,4
126251,3660,1,2
126251,3665,0,2
126251,3665,15,2
126251,3666,7,1
126251,3666,1,1
126251,3666,15,5
126251,3679,7,1
126251,3680,7,1
126251,3710,15,2
126251,3710,7,2
126251,3749,7,6
126251,3829c01,15,1
126251,3830,15,2
126251,3831,15,2
126251,3855a,46,3
126251,3895,0,2
126251,3937,1,4
126251,3938,1,4
126251,3939,33,2
126251,3940a,0,4
126251,3943a,0,2
126251,3956,15,2
126251,3957a,0,2
126251,3960,7,2
126251,3962a,0,1
126251,4006,0,1
126251,4033,1,3
126251,4070,7,4
126251,4079,14,1
126251,4081a,15,2
126251,4085a,15,4
126251,4162,1,1
126251,4175,0,4
126251,4228,33,1
126251,6141,36,2
126310,27bc01,4,1
126310,3004,0,23
126310,3004,15,20
126310,3005,0,4
126310,3005,15,10
126310,3008,15,2
126310,3009,15,13
126310,3020,1,53
126310,3021,1,9
126310,3022,1,2
126310,3023,0,12
126310,3024,1,6
126310,3024,47,6
126310,3036,7,2
126310,3062a,0,2
126310,3081bc01,4,2
126310,33bc01,4,1
126310,646bc01,4,1
126310,664pr0001,0,1
126310,820,7,1
126310,821,15,1
126310,822ac01,4,1
126310,upn0404,2,1
126367,14728c100,0,8
126367,2346,0,8
126367,2431,288,16
126367,2653,0,16
126367,2780,0,24
126367,2815,0,16
126367,2825,7,8
126367,2854,8,8
126367,30000,8,8
126367,3001,288,8
126367,3023,0,48
126367,30395,8,8
126367,3069b,0,16
126367,3069b,4,16
126367,3176,0,8
126367,32002,8,24
126367,32012,8,8
126367,32013,1,8
126367,32014,1,4
126367,32017,7,12
126367,32039,7,8
126367,32062,0,8
126367,32073,7,8
126367,32123a,7,16
126367,3482,14,20
126367,3483,0,4
126367,3634,0,8
126367,3647,7,8
126367,3648b,7,16
126367,3649,7,8
126367,3666,0,16
126367,3673,7,24
126367,3700,14,16
126367,3701,14,16
126367,3702,14,8
126367,3703,14,8
126367,3705,0,16
126367,3706,0,12
126367,3707,0,8
126367,3708,0,8
126367,3709,0,24
126367,3710,0,32
126367,3710,288,8
126367,3713,7,40
126367,3736,7,8
126367,3737,0,8
126367,3749,19,16
126367,3894,14,8
126367,3895,14,16
126367,4185,7,16
126367,4274,7,8
126367,4519,7,8
126367,4716,0,8
126367,5306bc020,0,4
126367,6035,15,4
126367,6536,7,8
126367,6538b,7,8
126367,6553,7,8
126367,6558,0,4
126367,6575,8,8
126367,6587,8,8
126367,6588,47,4
126367,6632,7,8
126367,73090b,0,4
126367,85546,14,16
126421,14210,0,1
126421,2339,0,2
126421,2357,71,29
126421,2357,72,29
126421,2362b,71,19
126421,2412b,72,30
126421,2412b,36,7
126421,2412b,0,18
126421,2420,72,28
126421,2431,72,25
126421,2431pr0017,14,2
126421,2432,71,1
126421,2436,0,6
126421,2444,0,2
126421,2445,0,2
126421,2445,71,13
126421,2449,72,4
126421,2450,72,4
126421,2454a,71,12
126421,2454a,0,7
126421,2456,71,28
126421,2456,72,22
126421,2458,72,4
126421,2462,71,4
126421,2465,71,2
126421,2489,72,4
126421,2496,0,2
126421,2512,71,1
126421,2540,72,14
126421,2555,72,23
126421,2569,42,8
126421,2570,135,1
126421,2585,71,1
126421,2654,72,4
126421,2654,19,14
126421,2655,71,2
126421,2780,0,16
126421,2817,0,5
126421,2877,72,28
126421,2877,0,9
126421,298c02,4,4
126421,298c02,71,2
126421,3001,71,45
126421,3001,72,22
126421,3002,72,9
126421,3002,71,52
126421,3003,72,25
126421,3003,71,43
126421,30033,0,2
126421,3004,320,3
126421,3004,71,86
126421,3004,72,69
126421,3004,70,8
126421,3004,0,38
126421,3005,70,12
126421,3005,0,28
126421,3005,320,1
126421,3005,72,33
126421,30055,0,4
126421,3007,71,25
126421,3008,0,5
126421,3008,71,12
126421,3009,72,5
126421,3009,0,5
126421,3009,71,18
126421,30099,0,2
126421,3010,0,7
126421,3010,15,7
126421,3010,72,36
126421,3010,71,29
126421,30134,0,2
126421,30136,70,8
126421,30145,71,11
126421,3020,0,3
126421,3020,72,74
126421,3020,71,76
126421,3020,1,2
126421,3021,0,5
126421,3021,71,72
126421,3021,72,58
126421,3022,72,37
126421,3022,0,1
126421,3022,71,63
126421,3023,0,26
126421,3023,320,8
126421,3023,72,60
126421,3023,71,46
126421,3024,72,16
126421,3029,71,1
126421,3030,71,33
126421,3030,0,3
126421,30303,71,1
126421,3031,72,3
126421,3031,71,9
126421,3031,0,1
126421,3032,72,3
126421,3032,0,2
126421,3032,71,1
126421,3033,71,4
126421,3034,71,39
126421,3034,0,4
126421,3035,71,11
126421,3035,72,7
126421,3035,0,3
126421,30355,0,3
126421,30355,71,19
126421,30356,71,20
126421,30356,0,2
126421,30357,72,4
126421,3036,0,1
126421,3036,71,3
126421,30361c,288,2
126421,30366pr0002,40,1
126421,30367b,0,1
126421,3037,0,2
126421,30374,36,1
126421,30374,0,3
126421,30374,42,1
126421,30374,41,1
126421,30375,72,2
126421,30377,0,5
126421,30383,72,2
126421,30386,71,16
126421,3039,0,7
126421,3039,71,31
126421,3039pr0002,0,6
126421,30408pr0002,15,2
126421,3040b,72,24
126421,3040b,0,30
126421,3040b,71,19
126421,3040bpr0003,71,2
126421,30414,72,22
126421,30503,71,13
126421,30503,0,3
126421,30504,0,1
126421,30504,71,7
126421,30562,72,11
126421,30565,72,7
126421,30602,14,2
126421,3062b,272,7
126421,3062b,42,28
126421,3062b,72,14
126421,3062b,70,3
126421,3062b,0,8
126421,3062b,320,14
126421,3068b,72,28
126421,3068b,272,3
126421,3069b,40,18
126421,3069b,72,16
126421,3069bpr0086,71,11
126421,3070b,0,12
126421,3070bpr0007,71,1
126421,32000,72,12
126421,32001,0,4
126421,32002,72,8
126421,32009,0,2
126421,32012,72,1
126421,32013,320,3
126421,32014,0,4
126421,32015,0,6
126421,32034,0,3
126421,32039,0,6
126421,32054,71,4
126421,32062,4,16
126421,32064b,72,14
126421,32073,71,6
126421,32123b,71,38
126421,32184,0,4
126421,32187,71,4
126421,32200,0,3
126421,32250,0,2
126421,32270,0,6
126421,32316,0,2
126421,32316,14,2
126421,32449,0,3
126421,32523,72,2
126421,32523,1,2
126421,32525,0,1
126421,32530,72,3
126421,3297,71,5
126421,3298,71,5
126421,33299a,71,1
126421,3456,71,16
126421,3456,0,2
126421,3460,0,4
126421,3460,72,2
126421,3460,71,12
126421,3460,320,7
126421,3622,0,22
126421,3622,72,55
126421,3622,71,14
126421,3623,71,8
126421,3623,0,6
126421,3623,72,25
126421,3647,72,5
126421,3648b,72,1
126421,3650c,71,1
126421,3660,71,37
126421,3665,0,28
126421,3665,71,13
126421,3665,72,22
126421,3666,71,13
126421,3666,72,2
126421,3666,320,3
126421,3666,0,10
126421,3673,71,4
126421,3678b,71,13
126421,3679,71,11
126421,3680,0,11
126421,3700,70,3
126421,3700,71,7
126421,3701,70,3
126421,3705,0,11
126421,3706,0,2
126421,3707,0,2
126421,3708,0,2
126421,3709,15,8
126421,3710,72,32
126421,3710,0,4
126421,3710,15,2
126421,3710,71,22
126421,3713,4,9
126421,3737,0,1
126421,3738,72,5
126421,3743,15,3
126421,3747b,71,7
126421,3749,19,2
126421,3794a,320,5
126421,3794b,0,24
126421,3795,71,38
126421,3795,72,3
126421,3795,0,3
126421,3830,70,4
126421,3831,70,4
126421,3832,0,4
126421,3832,70,2
126421,3937,72,22
126421,3938,15,1
126421,3941,72,6
126421,3941,4,2
126421,3941,272,6
126421,3941,41,4
126421,3942c,71,1
126421,3943b,72,1
126421,3957a,0,2
126421,3957a,71,1
126421,3960pr9979,40,1
126421,3961,72,1
126421,4032a,72,12
126421,4032a,0,7
126421,4032a,4,3
126421,4032b,1,9
126421,40490,72,2
126421,4070,72,2
126421,4070,320,45
126421,4079,0,11
126421,4081b,4,1
126421,4150,4,3
126421,4150,71,1
126421,4151b,72,2
126421,41539,71,10
126421,41539,0,1
126421,4162,71,2
126421,4162,72,6
126421,41677,71,1
126421,41678,72,5
126421,4175,0,1
126421,4215b,40,4
126421,4274,1,17
126421,4286,70,2
126421,4287b,70,2
126421,43093,1,9
126421,43337,72,5
126421,4349,0,1
126421,43722,72,16
126421,43857,0,2
126421,43892,19,1
126421,43898,70,1
126421,43898,0,2
126421,43898,72,2
126421,44294,71,1
126421,44301a,72,2
126421,44302a,72,4
126421,44375a,71,1
126421,44568,71,4
126421,4460b,0,2
126421,4460b,71,4
126421,44728,4,2
126421,4477,72,2
126421,4477,0,4
126421,4477,71,9
126421,4477,70,5
126421,4497,0,2
126421,4519,71,5
126421,4595,0,2
126421,4716,71,1
126421,4733,72,1
126421,47397,0,1
126421,47398,0,1
126421,4740,72,2
126421,4742,72,3
126421,48183,72,2
126421,4854,0,1
126421,4854,72,1
126421,4864b,71,2
126421,4865b,0,6
126421,48729a,0,6
126421,48989,71,1
126421,50304,71,8
126421,50305,71,8
126421,50451,15,1
126421,50950,14,1
126421,50990b,71,2
126421,51739,72,8
126421,51739,71,8
126421,52107,0,8
126421,53586,135,1
126421,53989,0,3
126421,54200,72,23
126421,54200,33,16
126421,54200,0,25
126421,55013,72,4
126421,55236,70,5
126421,55295,0,1
126421,55296,0,1
126421,55297,0,1
126421,55299,0,1
126421,55300,0,1
126421,56823c100,0,2
126421,57028c01,71,1
126421,57796,72,1
126421,57899,0,5
126421,58247,0,5
126421,59233pat0001,41,2
126421,59349,0,3
126421,59426,72,2
126421,59443,71,5
126421,6019,0,17
126421,6020,0,2
126421,60470a,71,1
126421,60471,71,8
126421,60474,0,13
126421,60477,0,4
126421,60478,71,2
126421,6111,0,1
126421,6111,71,2
126421,6112,70,8
126421,6112,0,2
126421,6134,0,21
126421,6140,71,2
126421,6141,4,4
126421,6141,15,4
126421,6141,42,4
126421,6141,57,28
126421,6141,0,12
126421,6141,47,36
126421,6141,36,1
126421,61482,71,1
126421,61485,0,5
126421,6177b,0,2
126421,61780,72,3
126421,6179,0,3
126421,6182,71,2
126421,6222,72,3
126421,6231,0,2
126421,6233,71,2
126421,62462,71,8
126421,6259,72,2
126421,63965,71,8
126421,64169,9999,1
126421,64567,71,4
126421,64567,383,3
126421,6536,14,1
126421,6541,72,5
126421,6541,4,6
126421,6558,1,1
126421,6587,72,7
126421,6588,47,1
126421,6636,70,17
126421,6636,71,3
126421,6636,72,9
126421,6636,15,6
126421,73590c02a,0,1
126421,758c02,71,1
126421,78c02,135,3
126421,78c06,135,3
126421,85080,0,4
126421,85080,71,8
126450,3626cpr0648,78,1
126450,3901,70,1
126450,970c27,0,1
126450,973c27h03pr0520,15,1
126451,3626cpr0648,78,1
126451,3901,70,1
126451,970c19pr0033,70,1
126451,973c26h02pr1331,0,1
126527,11153,28,3
126527,11477,28,3
126527,14417,72,1
126527,14418,71,2
126527,15456,71,1
126527,15712,72,2
126527,24201,72,1
126527,26047,0,2
126527,29119,72,3
126527,29120,72,3
126527,3021,19,1
126527,3022,71,2
126527,3023,19,3
126527,3024,28,8
126527,36840,0,2
126527,3700,71,2
126527,4287c,72,1
126527,4600,71,1
126527,47905,72,1
126527,52107,71,1
126527,54200,19,2
126527,6091,28,2
126527,61332,0,2
126527,6541,71,2
126527,85861,320,4
126527,93061,71,2
126530,11476,71,1
126530,18649,0,1
126530,2432,0,1
126530,298c02,4,2
126530,3679,71,1
126530,3680,0,1
126530,3795,14,1
126530,4595,71,1
126530,4600,71,2
126530,4871,14,1
126530,48729b,71,1
126530,6014b,14,4
126530,87697,0,4
126530,89522,179,1
126550,11090,0,2
126550,11153,226,2
126550,11476,84,2
126550,11476,19,8
126550,11477,226,2
126550,11477,70,2
126550,11477,484,12
126550,11477,4,4
126550,14719,19,4
126550,15068,0,7
126550,15068,226,6
126550,15068,70,3
126550,15573,226,4
126550,20482,0,1
126550,22885,71,69
126550,24201,70,2
126550,2431,0,5
126550,2431,19,4
126550,2431,84,1
126550,25269,70,2
126550,25269,226,6
126550,26601,0,4
126550,26601,484,6
126550,26603,1,2
126550,26603pr0082,1,2
126550,29119,0,2
126550,29119,308,1
126550,29119,4,1
126550,29120,4,1
126550,29120,0,2
126550,29120,308,1
126550,3003,226,2
126550,3003,3,8
126550,3003,29,5
126550,3004pr0083,1,2
126550,3004pr0084,19,10
126550,3010,25,2
126550,3010,0,4
126550,3010,29,4
126550,3020,308,4
126550,3020,484,2
126550,3020,70,2
126550,3020,19,2
126550,3020,84,1
126550,3020,226,6
126550,3020,0,4
126550,3020,1,3
126550,3020,29,3
126550,3021,70,5
126550,3022,29,1
126550,3022,25,1
126550,3022,19,15
126550,3022,84,8
126550,3022,1,5
126550,3023,70,5
126550,3023,29,2
126550,3023,308,10
126550,3023,4,5
126550,3023,0,2
126550,3023,15,4
126550,3023,19,10
126550,3023,27,2
126550,3023,226,2
126550,3023,1,2
126550,3024,0,4
126550,3024,15,2
126550,3024,84,2
126550,3024,226,2
126550,3024,4,4
126550,3024,484,6
126550,3031,70,1
126550,3031,1,1
126550,3031,0,1
126550,3031,19,5
126550,30374,0,2
126550,3068b,84,2
126550,3069b,19,8
126550,3069b,84,3
126550,3070b,226,2
126550,32028,0,3
126550,32028,70,2
126550,32028,226,2
126550,32828,71,1
126550,32828,0,1
126550,32952,4,2
126550,3623,4,2
126550,3623,226,2
126550,3710,1,6
126550,3710,308,2
126550,3710,19,6
126550,3710,25,4
126550,3710,84,1
126550,3710,29,4
126550,3710,0,4
126550,3710,484,8
126550,3795,308,1
126550,3941,15,1
126550,3941,226,1
126550,3941,25,2
126550,3941,27,2
126550,3941,4,2
126550,3958,0,5
126550,4032a,308,23
126550,4032a,0,2
126550,4032a,10,6
126550,4032a,25,2
126550,41740,0,5
126550,41740,19,6
126550,44728,70,1
126550,4740,0,2
126550,50950,0,2
126550,50950,4,4
126550,54200,484,2
126550,54200,308,16
126550,54200,226,4
126550,54200,4,4
126550,54200,19,2
126550,54200,0,2
126550,6091,226,2
126550,6091,4,2
126550,6091,484,4
126550,6091,70,2
126550,6141,308,10
126550,6141,0,1
126550,85984,19,4
126550,85984,84,2
126550,85984,308,4
126550,87079,226,2
126550,87079,84,1
126550,87079,19,2
126550,87079,0,5
126550,87079,70,1
126550,88930,0,2
126550,90370pr0007,0,4
126550,93273,70,6
126550,93273,0,1
126550,93274,1,2
126550,98138pr0013,15,1
126550,98138pr0060,0,10
126550,98313,0,1
126550,99781,1,4
126559,3626cpr1559,14,1
126559,3833,4,1
126559,970c28,1,1
126559,973c32h01pr4900,73,1
126569,3004pr0085,0,1
126569,3023,4,1
126569,3068bpr9685,4,1
126569,60897,4,2
126569,66858,14,1
126569,67928,15,2
126569,85984,272,2
126569,85984pr0033,4,2
126569,99780,272,2
126569,99781,4,2
126570,15573,71,1
126570,26604,71,4
126570,3004,71,1
126570,3023,71,1
126570,3068b,71,1
126570,3068bpr9687,71,1
126570,49307,25,1
126570,49307,71,2
126570,64847,72,1
126570,84867,25,1
126570,85861,71,1
126570,85984pr0034,71,1
126570,87580,71,1
126570,99206,71,1
126573,26603,1,1
126573,26604,15,2
126573,3005,15,1
126573,3005pr0030,1,2
126573,3021,1,1
126573,3039,1,2
126573,3040b,1,2
126573,54200,14,1
126573,54200,1,2
126573,63864,15,1
126573,66859,14,1
126573,87087,1,1
126651,10049,1103,2
126651,10050,1103,3
126651,10509pr0001,70,1
126651,10636,9999,1
126651,12825,72,2
126651,12939,71,4
126651,2343,297,2
126651,2357,72,6
126651,2357,71,18
126651,2419,71,5
126651,2431,70,5
126651,2431,308,2
126651,2431,71,6
126651,2449,71,4
126651,2453b,71,5
126651,2454a,71,5
126651,2456,71,2
126651,2456,72,2
126651,2458,72,4
126651,2540,72,1
126651,2540,0,4
126651,2566,0,1
126651,2780,0,12
126651,2817,0,4
126651,3001,0,1
126651,3001,72,4
126651,3001,71,2
126651,3002,71,46
126651,3002,72,3
126651,3002,70,1
126651,3003,71,14
126651,3003,72,7
126651,30033,0,1
126651,3004,70,1
126651,3004,72,9
126651,3004,71,41
126651,3005,72,4
126651,3005,71,41
126651,3005,378,53
126651,30055,0,4
126651,3007,71,5
126651,3008,0,1
126651,3009,71,6
126651,3010,71,20
126651,3010,378,10
126651,30136,308,6
126651,30145,71,4
126651,3020,72,1
126651,3020,70,4
126651,3020,71,8
126651,3021,70,7
126651,3021,71,6
126651,3022,72,8
126651,3022,70,5
126651,3022,71,2
126651,3023,70,3
126651,3023,28,6
126651,3023,72,32
126651,3023,71,4
126651,30236,72,1
126651,30237b,72,2
126651,3024,70,2
126651,3024,72,6
126651,3024,0,16
126651,3028,28,4
126651,3029,28,2
126651,3029,71,2
126651,30292,288,1
126651,3030,72,1
126651,3030,71,3
126651,3031,71,4
126651,3032,71,5
126651,3032,70,1
126651,3033,71,1
126651,3035,28,4
126651,3035,72,1
126651,30350b,70,1
126651,30357,70,2
126651,3036,28,3
126651,30367c,0,1
126651,3037,71,2
126651,30374,0,2
126651,3039,72,4
126651,3039,71,3
126651,3040b,72,14
126651,3040b,71,2
126651,3041,71,13
126651,3044c,72,13
126651,3045,72,2
126651,3046a,72,6
126651,3048c,71,6
126651,30565,28,2
126651,3062b,72,12
126651,3062b,71,2
126651,3068b,71,13
126651,3068b,1,2
126651,3069b,71,3
126651,3069b,70,4
126651,3069b,308,3
126651,3069b,33,3
126651,3069b,72,2
126651,3069b,378,24
126651,3070b,70,2
126651,3070b,71,2
126651,3070b,1,2
126651,32000,0,22
126651,32062,4,1
126651,32073,71,1
126651,32123b,14,1
126651,32530,0,2
126651,32556,19,1
126651,3298,71,6
126651,33057,484,1
126651,3308,72,1
126651,3308,71,1
126651,3460,0,4
126651,3460,72,2
126651,3460,70,1
126651,3622,72,9
126651,3622,71,34
126651,3623,70,8
126651,3623,0,2
126651,3623,72,2
126651,3623,71,6
126651,3626bpr0895,15,1
126651,3659,71,3
126651,3660,71,35
126651,3665,378,2
126651,3665,70,6
126651,3666,71,3
126651,3666,72,3
126651,3676,72,2
126651,3678b,72,11
126651,3701,0,1
126651,3710,70,5
126651,3710,0,1
126651,3710,72,5
126651,3710,71,6
126651,3713,71,1
126651,3794b,72,2
126651,3795,70,3
126651,3795,71,11
126651,3830,71,19
126651,3831,71,19
126651,3832,19,1
126651,3832,71,2
126651,3942c,72,2
126651,3958,71,2
126651,3958,28,1
126651,40234,71,1
126651,4032a,0,1
126651,4162,70,6
126651,41677,0,4
126651,4274,1,16
126651,4282,71,3
126651,43722,71,8
126651,43723,71,8
126651,43892,0,1
126651,4445,71,1
126651,44728,0,4
126651,4490,71,2
126651,4491b,72,1
126651,4495b,297,2
126651,4495b,288,2
126651,48336,297,3
126651,4865b,72,2
126651,50304,72,2
126651,50305,72,2
126651,53705,1103,3
126651,54200,288,21
126651,54200,70,4
126651,54200,71,28
126651,54384,71,4
126651,58380,70,2
126651,59443,72,2
126651,59900,70,10
126651,6020,0,3
126651,60470b,0,4
126651,60478,72,4
126651,60808,71,10
126651,60897,72,8
126651,60897,0,8
126651,6123,72,1
126651,6141,72,4
126651,6141,0,2
126651,61780,70,1
126651,6256,82,1
126651,63868,0,2
126651,63965,70,3
126651,64644,308,6
126651,64647,57,7
126651,6553,72,2
126651,6587,28,1
126651,6636,71,1
126651,73983,71,27
126651,75902pr0002,320,1
126651,76768,71,2
126651,85984,71,33
126651,87079,71,4
126651,87079,1,1
126651,87087,71,14
126651,87421,71,4
126651,87544,71,4
126651,87552,71,8
126651,87580,72,2
126651,87620,71,36
126651,87994,70,1
126651,88289,308,1
126651,90391pr0001,70,2
126651,92950,72,1
126651,93231,70,1
126651,96874,25,1
126651,98283,71,40
126651,98347,179,2
126651,98370,179,4
126651,98560,71,2
126662,10247,71,4
126662,10247,0,3
126662,10314,0,1
126662,11458,72,4
126662,13971,0,2
126662,14718,72,1
126662,15445,72,2
126662,15573,71,2
126662,15573,320,4
126662,15672,19,2
126662,15712,0,4
126662,15712,72,8
126662,22961,72,4
126662,23444,0,1
126662,2412b,0,4
126662,2412b,71,3
126662,2412b,19,5
126662,2419,72,1
126662,2420,19,2
126662,2420,0,2
126662,2431,0,2
126662,2431,19,1
126662,2432,71,2
126662,2432,0,1
126662,2445,28,2
126662,2508,0,1
126662,2540,0,1
126662,2653,71,2
126662,2654,71,1
126662,28326,0,4
126662,2877,0,2
126662,28802,0,1
126662,3003,1,1
126662,3005,19,2
126662,3009,28,3
126662,30136,72,3
126662,3020,0,1
126662,3021,28,1
126662,3023,71,5
126662,3031,0,2
126662,3032,28,1
126662,3034,71,2
126662,3035,19,1
126662,30383,0,2
126662,3062b,4,1
126662,3069b,36,2
126662,32015,0,4
126662,32062,4,2
126662,3245c,19,2
126662,32952,0,2
126662,35336,47,1
126662,35480,71,2
126662,35654,0,1
126662,3665,72,2
126662,3666,28,1
126662,3666,19,3
126662,3673,71,4
126662,3710,28,2
126662,3795,72,3
126662,3795,320,1
126662,3795,19,2
126662,3821,28,1
126662,3822,28,1
126662,3829c01,71,1
126662,39888,19,4
126662,4032a,72,3
126662,4032a,70,3
126662,4081b,0,2
126662,4162,71,1
126662,43898,71,1
126662,4477,0,2
126662,4519,14,4
126662,4599b,71,1
126662,48729b,0,1
126662,49413pr0001,326,1
126662,49418,484,1
126662,49418pr0001,326,1
126662,50949,0,1
126662,52031,19,2
126662,52031,0,1
126662,53020,14,2
126662,54200,0,2
126662,55981,0,4
126662,59443,72,4
126662,59900,46,5
126662,60475b,19,2
126662,60478,0,6
126662,60592,19,2
126662,60897,0,2
126662,61254,0,2
126662,61332,0,2
126662,6141,0,2
126662,62113,0,1
126662,63864,0,2
126662,64567,0,1
126662,6553,71,4
126662,66252,0,1
126662,6636,0,1
126662,6636,379,2
126662,6636,19,2
126662,77296pr0001,484,1
126662,78451,9999,1
126662,80326,0,1
126662,85984,0,1
126662,87079,71,1
126662,87994,0,1
126662,88072,19,2
126662,91988,72,2
126662,92402,0,4
126662,93273,19,1
126662,93274,71,1
126662,98138,182,2
126662,98138,47,2
126662,98263,71,1
126662,99563,1103,2
126663,11090,70,1
126663,11477,71,2
126663,11477,378,2
126663,11893pr0003,72,1
126663,15068,378,1
126663,15207,0,1
126663,15445,72,2
126663,15573,288,1
126663,15672,19,4
126663,2412b,71,1
126663,2420,28,4
126663,24201,4,2
126663,2431,71,2
126663,2654,47,1
126663,28326,0,4
126663,28802,71,1
126663,3010,0,2
126663,3020,19,1
126663,3020,71,3
126663,3021,71,1
126663,3021,0,2
126663,3021,25,1
126663,3022,71,3
126663,3022,15,1
126663,3022,4,1
126663,3022,0,4
126663,3023,71,3
126663,3023,0,8
126663,3031,70,1
126663,3032,72,2
126663,30367c,0,1
126663,30374,70,1
126663,3039,25,1
126663,3069b,4,1
126663,3070b,47,3
126663,3070b,182,2
126663,3070b,36,2
126663,32028,72,1
126663,32028,14,2
126663,32802,72,4
126663,32828,0,2
126663,33172,25,1
126663,33183,10,1
126663,33909,4,2
126663,33909,15,2
126663,35654,0,1
126663,3623,288,2
126663,3665,0,6
126663,3666,19,2
126663,3666,0,1
126663,3795,2,1
126663,3795,72,2
126663,3829c01,71,1
126663,39767,0,2
126663,4032a,2,1
126663,4032a,0,1
126663,40687,71,2
126663,41740,4,2
126663,41740,71,2
126663,4349,72,1
126663,44728,2,1
126663,44861,84,2
126663,44861,0,2
126663,4865b,47,1
126663,4871,71,3
126663,52031,0,2
126663,53020,14,2
126663,55981,71,4
126663,60477,0,2
126663,60478,71,2
126663,60594,72,1
126663,6141,36,2
126663,63864,71,2
126663,85861,71,5
126663,85984,71,7
126663,87079,4,1
126663,87087,0,4
126663,91988,72,1
126663,92402,0,4
126663,92409,0,4
126663,92583,47,1
126663,93273,0,1
126663,93273,288,2
126663,93593,71,4
126663,98169pr0003,72,1
126663,98170pr0004,19,1
126663,98171pr0004,19,1
126663,98172pr0004,72,1
126663,98173pr0004,72,1
126663,99207,4,1
126663,99563,25,1
126663,99780,72,2
126663,99781,15,7
126663,99781,71,2
126668,2357,15,2
126668,3002,15,3
126668,3003,15,2
126668,3004,15,1
126668,3004,4,4
126668,3008,15,1
126668,3009,4,1
126668,3010,15,3
126668,3010,4,3
126668,3021,15,1
126668,3023,4,1
126668,3038,15,8
126668,3040b,4,6
126668,3068b,15,1
126668,3069b,15,6
126668,3622,15,4
126668,3665,15,10
126668,3665,4,8
126668,4070,15,2
126668,76959,15,14
126668,87087,4,2
126675,10069000,9999,1
126675,10884,2,7
126675,11090,72,1
126675,11203,0,4
126675,11211,27,6
126675,11211,0,1
126675,11211,19,1
126675,11211,4,1
126675,11211,1,1
126675,11212,19,2
126675,11212,0,7
126675,11215,84,2
126675,11476,15,2
126675,11477,484,4
126675,11477,70,12
126675,11477,84,3
126675,11477,19,2
126675,11477,5,1
126675,11477,0,2
126675,13547,19,8
126675,14417,72,4
126675,14418,71,3
126675,14704,71,6
126675,14718,19,2
126675,14719,70,4
126675,14719,484,2
126675,14769pr1240,14,7
126675,15068,70,15
126675,15068,84,3
126675,15068,484,4
126675,15208,15,6
126675,15446,14,1
126675,15573,19,4
126675,15573,320,1
126675,15573,72,16
126675,15672,320,2
126675,15712,320,1
126675,15712,19,3
126675,20482,15,2
126675,22885,19,4
126675,22890,72,5
126675,23444,0,2
126675,2412b,27,4
126675,2412b,0,6
126675,2412b,71,4
126675,2412b,14,1
126675,2417,288,5
126675,2420,84,1
126675,2420,14,2
126675,24201,70,3
126675,24201,19,1
126675,24246,70,1
126675,2431,71,2
126675,2431,19,2
126675,2445,19,1
126675,2450,19,2
126675,2465,0,4
126675,25269,70,4
126675,25269,41,18
126675,25269,484,4
126675,25269,19,2
126675,2540,0,1
126675,26047,70,5
126675,2654,19,2
126675,26601,484,2
126675,26603,0,2
126675,26604,19,2
126675,27263,484,2
126675,27263,19,2
126675,27965,179,6
126675,28192,320,4
126675,28192,0,4
126675,28192,70,4
126675,29119,0,3
126675,29119,70,6
126675,29119,28,3
126675,29120,0,3
126675,29120,28,3
126675,29120,70,6
126675,298c02,0,2
126675,3001,0,1
126675,3003,71,2
126675,3003,15,2
126675,3003,70,2
126675,3004,70,1
126675,3004,19,1
126675,3004,484,2
126675,3005,27,6
126675,3005,0,2
126675,3005,1,2
126675,3005,14,4
126675,3005,4,2
126675,3007,70,1
126675,3009,0,2
126675,3009,27,2
126675,30171,2,1
126675,3020,14,2
126675,3020,28,10
126675,3020,320,1
126675,3020,25,1
126675,3020,70,12
126675,3020,4,2
126675,3020,0,2
126675,3021,72,4
126675,3021,0,7
126675,3021,84,2
126675,3021,19,10
126675,3021,70,1
126675,3022,19,4
126675,3022,484,4
126675,3022,27,2
126675,3022,1,2
126675,3022,25,1
126675,3022,71,4
126675,3022,0,4
126675,3023,29,1
126675,3023,14,4
126675,3023,0,4
126675,3023,36,5
126675,3023,72,4
126675,3023,27,8
126675,3023,28,23
126675,3024,84,2
126675,3024,19,4
126675,3024,4,2
126675,3024,14,8
126675,3024,320,2
126675,3024,1,2
126675,3024,72,4
126675,3024,27,2
126675,3030,0,8
126675,3030,72,1
126675,3030,28,2
126675,3031,19,1
126675,3031,71,2
126675,3034,15,1
126675,3034,0,8
126675,3035,72,2
126675,30374,72,1
126675,3039,19,1
126675,3039,70,3
126675,3040b,70,1
126675,30414,70,2
126675,30414,0,1
126675,30586,0,2
126675,3068b,320,1
126675,3068b,70,5
126675,3068b,71,2
126675,3068b,27,6
126675,3069b,41,12
126675,3069b,15,2
126675,3069b,14,2
126675,3069b,19,3
126675,3069b,71,1
126675,3070b,484,2
126675,3070b,5,1
126675,3070b,320,7
126675,3070b,71,4
126675,3070b,14,8
126675,3070b,19,3
126675,3070b,70,5
126675,32028,19,2
126675,32028,70,8
126675,32803,71,1
126675,32828,320,1
126675,32828,0,4
126675,33909,70,3
126675,3460,71,4
126675,3460,326,1
126675,35336,40,1
126675,35459,71,8
126675,35480,71,2
126675,35789,27,8
126675,3623,19,6
126675,3623,27,10
126675,3623,0,4
126675,3666,0,5
126675,3666,28,7
126675,3666,320,2
126675,3666,29,1
126675,3666,4,1
126675,36840,0,2
126675,36840,19,1
126675,3710,1,2
126675,3710,0,7
126675,3710,84,4
126675,3710,4,2
126675,3710,70,9
126675,37762,4,2
126675,3795,28,1
126675,3795,27,5
126675,3795,70,4
126675,3795,2,1
126675,3795,320,2
126675,3829c01,0,1
126675,3832,70,3
126675,3937,484,2
126675,3958,70,8
126675,4032a,4,1
126675,40687,71,4
126675,4070,0,1
126675,4162,14,4
126675,4162,70,2
126675,41682,19,4
126675,41682,71,5
126675,41740,14,1
126675,41769,484,2
126675,41770,484,2
126675,4282,28,4
126675,4282,71,6
126675,4282,0,3
126675,43093,1,2
126675,43722,19,1
126675,43722,28,4
126675,43722,484,2
126675,43723,484,2
126675,43723,28,4
126675,43723,19,1
126675,44301b,0,1
126675,44567b,72,4
126675,44567b,71,4
126675,44728,70,16
126675,4477,72,2
126675,45677,70,2
126675,4733,0,1
126675,47455,72,2
126675,47457,72,2
126675,47905,70,2
126675,47905,19,1
126675,48171,19,2
126675,48172,0,1
126675,49307,4,2
126675,50340,0,1
126675,51274,70,2
126675,52031,27,1
126675,52107,0,3
126675,52107,70,1
126675,54200,182,4
126675,54200,0,2
126675,54200,47,7
126675,54200,70,2
126675,54657,72,6
126675,57360,0,2
126675,58176,182,2
126675,58176,41,2
126675,60475b,15,4
126675,60478,84,1
126675,60479,19,6
126675,60479,71,4
126675,60849,0,1
126675,60897,484,2
126675,60897,72,2
126675,6091,14,8
126675,61252,19,8
126675,6134,70,2
126675,6141,0,23
126675,6141,47,8
126675,6141,70,1
126675,6141,27,3
126675,6141,1,4
126675,6141,4,4
126675,6148,2,4
126675,62462,70,2
126675,62810,84,1
126675,63864,0,2
126675,63868,19,1
126675,64644,71,2
126675,65509,19,1
126675,65633,40,1
126675,6636,288,2
126675,6636,320,3
126675,6636,71,13
126675,6636,0,12
126675,66727,0,1
126675,68211,36,2
126675,69729,27,4
126675,69729,0,2
126675,69729pr0008,0,1
126675,72206,0,7
126675,73825,14,8
126675,73825,84,4
126675,77808,72,2
126675,78258,0,9
126675,78443,28,4
126675,78444,28,4
126675,79389,19,10
126675,85861,41,2
126675,85975,0,1
126675,85984,484,2
126675,85984,71,24
126675,85984,84,11
126675,87079,71,21
126675,87079,19,2
126675,87079,27,6
126675,87079,72,7
126675,87079,484,2
126675,87079pr0283,0,1
126675,87087,70,1
126675,87087,484,4
126675,87552,40,2
126675,88072,70,4
126675,88072,72,6
126675,88646,0,1
126675,91405,28,1
126675,92107,320,1
126675,92338,72,1
126675,92583,40,1
126675,92692,484,2
126675,93273,70,2
126675,93609,0,8
126675,96874,25,1
126675,99206,320,2
126675,99206,19,2
126675,99206,27,3
126675,99206,70,1
126675,99207,71,4
126675,99207,70,2
126675,99207,19,12
126675,99563,70,7
126675,99563,484,4
126675,99780,19,2
126675,99781,71,8
126675,99781,0,8
126680,11211pr0002,2,1
126680,11476,14,1
126680,25269,4,2
126680,3023,2,1
126680,3023,0,1
126680,3068bpr9690,15,1
126680,32530,14,2
126680,3700,19,2
126680,37352pr0015,14,1
126680,4070,14,2
126680,48336,14,1
126680,60470b,0,1
126680,61332,0,2
126680,85984,14,2
126680,87580,2,1
126680,98375,179,1
126680,99206,2,1
126681,15573,70,1
126681,15712,70,2
126681,22388,71,1
126681,26047,15,2
126681,3068bpr9684,14,1
126681,3069b,70,1
126681,3069b,14,3
126681,3069bpr0349,70,1
126681,3070b,70,2
126681,66858,0,1
126681,67329,14,2
127171,10050,297,5
127171,10078254,9999,1
127171,10247,0,4
127171,11090,70,1
127171,11153,0,4
127171,11153,15,6
127171,11211,71,4
127171,11211,0,3
127171,11211,19,2
127171,11212,2,2
127171,11212,71,2
127171,11215,0,1
127171,11458,0,1
127171,11477,72,2
127171,11477,379,2
127171,11477,288,5
127171,11477,0,2
127171,11477,15,2
127171,11477,71,3
127171,11833,0,1
127171,13547,0,2
127171,13548,71,2
127171,14417,72,4
127171,14418,71,8
127171,14719,0,2
127171,15068,15,5
127171,15068,0,2
127171,15068,19,2
127171,15456,0,4
127171,15540,72,4
127171,15573,0,4
127171,15573,71,1
127171,15573,288,6
127171,15573,15,1
127171,15672,71,4
127171,15672,15,4
127171,15672,0,4
127171,15712,0,2
127171,15712,15,1
127171,18674,0,1
127171,18746,71,4
127171,20482,0,2
127171,20482,71,1
127171,22385,15,2
127171,22385,19,4
127171,22385,71,2
127171,22885,19,8
127171,22961,15,2
127171,23443,0,1
127171,2357,19,1
127171,2412b,179,8
127171,2417,191,3
127171,2420,0,2
127171,2420,2,1
127171,2420,72,5
127171,2420,71,6
127171,2420,28,2
127171,24201,15,8
127171,24299,0,1
127171,24307,0,1
127171,2431,0,6
127171,2431,72,4
127171,2450,71,1
127171,2450,288,2
127171,2450,28,1
127171,24855,2,7
127171,24866,323,3
127171,24866,4,6
127171,24866,1,1
127171,25269,72,6
127171,25269,19,6
127171,25269,15,8
127171,2540,15,4
127171,26047,0,3
127171,26599,71,1
127171,26601,15,4
127171,26601,28,2
127171,26601,71,4
127171,26601,0,2
127171,26601,2,4
127171,26604,0,4
127171,26604,19,2
127171,27263,379,2
127171,27263,72,4
127171,27507,72,2
127171,27507,15,4
127171,27925,15,2
127171,27965,288,1
127171,28192,15,5
127171,28192,0,2
127171,28802,0,8
127171,28802,15,2
127171,29119,19,7
127171,29119,378,1
127171,29120,378,1
127171,29120,19,7
127171,2926,0,1
127171,3002,15,2
127171,3003,19,1
127171,3004,19,4
127171,3004,25,14
127171,3004,15,2
127171,3005,0,2
127171,3005,322,12
127171,3005,71,2
127171,3005,4,1
127171,3008,15,1
127171,3010,15,5
127171,30126,4,1
127171,3020,72,2
127171,3020,2,5
127171,3020,71,5
127171,3020,15,6
127171,3020,0,3
127171,3021,0,11
127171,3021,25,1
127171,3021,14,2
127171,3022,71,1
127171,3022,72,5
127171,3022,28,1
127171,3022,19,1
127171,3022,15,6
127171,3022,0,2
127171,3022,2,2
127171,3023,0,9
127171,3023,4,5
127171,3023,379,4
127171,3023,15,27
127171,3023,288,4
127171,3023,72,16
127171,3023,19,4
127171,3023,71,2
127171,3024,71,4
127171,3024,72,15
127171,3024,0,8
127171,3024,288,6
127171,3024,25,6
127171,3024,15,12
127171,3024,14,6
127171,3030,71,1
127171,3030,2,1
127171,3034,72,1
127171,3034,15,1
127171,3036,28,1
127171,30374,70,1
127171,30374,297,1
127171,30383,0,4
127171,3040b,0,8
127171,30414,15,15
127171,30565,71,4
127171,30602,15,5
127171,3068b,28,2
127171,3068b,2,5
127171,3068b,379,2
127171,3068b,71,3
127171,3069b,15,1
127171,3069b,0,2
127171,3070b,379,2
127171,3070b,72,2
127171,3070b,0,3
127171,3070b,19,2
127171,32000,0,2
127171,32016,0,6
127171,32028,15,2
127171,32028,0,2
127171,32028,71,1
127171,32062,0,3
127171,32062,4,4
127171,32064a,71,4
127171,32073,71,3
127171,32123b,71,2
127171,32192,72,2
127171,32192,15,3
127171,3245c,4,1
127171,32607,10,9
127171,32607,14,9
127171,32803,0,4
127171,32803,15,1
127171,32828,0,2
127171,32952,15,2
127171,32952,72,13
127171,33909,379,2
127171,33909,0,8
127171,34103,19,2
127171,34103,71,5
127171,3460,0,6
127171,35459,15,8
127171,35459,0,5
127171,35480,0,2
127171,35480,71,4
127171,35480,2,2
127171,3623,0,4
127171,3623,72,2
127171,3623,19,1
127171,3659,71,4
127171,3666,15,8
127171,3666,19,16
127171,3666,72,2
127171,3678b,0,3
127171,36840,15,4
127171,36840,72,4
127171,36841,15,4
127171,3705,4,4
127171,3706,4,1
127171,3710,72,2
127171,3710,4,12
127171,3710,0,13
127171,3710,15,12
127171,3710,71,1
127171,3795,19,1
127171,3795,0,3
127171,3839b,15,1
127171,3937,14,1
127171,40379,326,5
127171,4070,0,8
127171,4070,71,4
127171,4070,72,2
127171,4070,70,1
127171,4081b,19,2
127171,41740,0,1
127171,41769,71,1
127171,41769,2,1
127171,41769,379,1
127171,41770,379,1
127171,41770,2,1
127171,41770,71,1
127171,4274,71,8
127171,4286,0,4
127171,43093,1,1
127171,43710,71,1
127171,43711,71,1
127171,43722,0,2
127171,43722,379,1
127171,43722,288,2
127171,43722,28,2
127171,43722,15,2
127171,43723,28,2
127171,43723,379,1
127171,43723,288,2
127171,43723,0,2
127171,43723,15,2
127171,44301b,72,2
127171,4460b,0,4
127171,4477,71,1
127171,4477,72,2
127171,44861,71,6
127171,4499,15,1
127171,4519,71,2
127171,4733,71,1
127171,47455,0,4
127171,47456,15,4
127171,47457,15,6
127171,47458,15,1
127171,47755,15,2
127171,48171,0,4
127171,48336,297,2
127171,48729b,72,1
127171,49153,72,4
127171,49307,0,4
127171,49668,15,3
127171,50304,72,1
127171,50305,72,1
127171,50950,19,2
127171,50950,71,2
127171,51739,15,1
127171,52107,15,3
127171,52107,71,1
127171,52107,0,1
127171,53923,0,1
127171,54200,15,24
127171,54200,0,2
127171,54200,71,3
127171,54657,72,2
127171,57360,0,4
127171,59443,70,2
127171,59443,72,1
127171,59900,320,5
127171,60481,0,4
127171,60849,71,2
127171,61252,25,1
127171,61332,0,2
127171,6134,71,1
127171,6141,36,1
127171,6141,41,1
127171,6141,46,1
127171,6141,71,2
127171,62462,15,3
127171,63864,19,2
127171,63965,72,1
127171,64727,71,1
127171,65304,0,2
127171,65487,0,1
127171,65578,71,14
127171,66897,0,4
127171,66956,15,6
127171,67329,72,4
127171,72869,0,2
127171,73230,25,2
127171,73230,0,24
127171,73825,71,2
127171,73825,72,2
127171,78257,0,1
127171,78258,72,1
127171,78258,0,2
127171,78258,15,3
127171,78329,0,6
127171,79389,71,2
127171,79393,15,2
127171,80431,72,4
127171,85861,320,5
127171,85861,15,1
127171,85861,71,1
127171,85861,2,4
127171,85861,0,4
127171,85984,19,2
127171,85984,0,3
127171,85984,72,5
127171,86208,70,1
127171,86208,72,1
127171,86876,15,1
127171,86996,158,2
127171,87079,71,2
127171,87079,2,2
127171,87079,0,1
127171,87087,15,10
127171,87580,10,1
127171,87620,15,2
127171,88072,70,1
127171,92438,2,1
127171,93273,0,1
127171,96874,25,1
127171,98138,15,2
127171,98138,379,8
127171,98138,40,3
127171,98138,36,1
127171,98313,297,6
127171,98313,0,1
127171,98834,15,1
127171,99206,0,2
127171,99563,0,4
127171,99563,15,8
127171,99563,71,4
127171,99780,19,2
127171,99780,71,10
127171,99781,71,1
127171,99781,15,2
127171,99781,0,6
127229,2780,0,7
127229,32002,72,10
127229,32039,0,2
127229,32039,191,1
127229,32056,72,2
127229,32062,0,10
127229,32072,0,1
127229,32072,191,2
127229,32123b,71,3
127229,32138,0,1
127229,32140,72,2
127229,32140,191,1
127229,32174,0,2
127229,32174,72,1
127229,32175,191,15
127229,32184,0,2
127229,32192,0,2
127229,32199,135,1
127229,32310,191,2
127229,32316,0,3
127229,32316,191,3
127229,32316,72,2
127229,32348,72,2
127229,32348,191,4
127229,32523,191,3
127229,32524,71,4
127229,32526,72,1
127229,32556a,71,2
127229,33299a,135,2
127229,3673,71,2
127229,3705,0,6
127229,3706,0,1
127229,3708,0,1
127229,3713,71,5
127229,41671,191,1
127229,41677,0,4
127229,41677,4,2
127229,41678,0,2
127229,42003,72,4
127229,42003,191,3
127229,42003,0,2
127229,43093,1,10
127229,44294,71,2
127229,44813,135,1
127229,4519,71,8
127229,45275,135,2
127229,45749,72,2
127229,47296,191,2
127229,47298,191,2
127229,47326pat0001,72,6
127229,47328,72,2
127229,47330,0,1
127229,4770,36,1
127229,50899pr0002,4,1
127229,50900,72,1
127229,50901,0,1
127229,50903,14,1
127229,50919,191,1
127229,50923,72,1
127229,6135,71,1
127229,6536,72,1
127229,6536,0,4
127229,6538b,0,4
127229,6553,0,1
127229,6558,0,14
127229,6587,72,2
127229,6632,72,4
127229,78c04,135,1
127235,10100101,9999,1
127235,11214,4,2
127235,11215,71,2
127235,11458,72,4
127235,11476,0,1
127235,11476,71,1
127235,11477,0,1
127235,11477,191,1
127235,14181,71,3
127235,14769,0,1
127235,15068,71,1
127235,15207,0,1
127235,15303,36,3
127235,15400,72,1
127235,15535,71,1
127235,15535pr0001,72,2
127235,15573,297,1
127235,15573,4,4
127235,15712,0,2
127235,1814pr0001,15,1
127235,18654,179,4
127235,18674,70,1
127235,18990,47,1
127235,20482,70,4
127235,22885,0,2
127235,22886,15,4
127235,23443,0,1
127235,23950,71,2
127235,2412b,0,2
127235,2420,19,10
127235,2420,70,4
127235,2431,71,1
127235,2445,72,3
127235,24482,72,2
127235,2450,72,4
127235,24593,71,2
127235,24866,297,3
127235,27925,71,8
127235,2877,70,2
127235,29115,72,1
127235,3001,71,2
127235,3002,2,1
127235,3004,379,2
127235,3004,71,1
127235,3008,15,2
127235,30162,72,1
127235,3020,4,2
127235,3020,72,2
127235,3021,71,2
127235,3022,72,1
127235,30229,72,2
127235,3023,72,5
127235,3023,27,6
127235,3023,191,4
127235,3024,71,1
127235,3031,0,1
127235,30363,71,1
127235,30374,0,2
127235,3062b,72,17
127235,31990,71,4
127235,32028,1,1
127235,32062,0,1
127235,32530,72,1
127235,32828,71,7
127235,32828,0,1
127235,33909,70,2
127235,3460,1,2
127235,35186,71,1
127235,35480,484,2
127235,35480,71,1
127235,3622,0,2
127235,3623,71,3
127235,3660,71,6
127235,3665,1,1
127235,3666,72,2
127235,36840,71,1
127235,36841,0,1
127235,3705,4,1
127235,3710,2,1
127235,3942c,72,2
127235,4006,179,1
127235,4032a,0,2
127235,4070,72,2
127235,41531,1103,4
127235,41740,71,4
127235,41764,71,3
127235,41765,71,3
127235,4185,41,2
127235,41948,84,1
127235,42023,71,8
127235,42195,71,2
127235,42445,0,2
127235,43093,1,1
127235,4349,0,4
127235,43720,72,1
127235,44728,72,1
127235,4477,19,2
127235,44861,71,2
127235,4590,72,4
127235,47397,72,3
127235,47398,72,3
127235,48205,72,3
127235,48208,72,3
127235,49307,72,2
127235,50373,72,1
127235,50451,0,2
127235,54200,0,1
127235,54200,71,3
127235,54383,71,1
127235,54384,71,1
127235,55981,71,1
127235,58176,72,6
127235,60208,71,2
127235,60219,71,1
127235,60474,72,8
127235,60478,70,1
127235,60479,72,1
127235,61332,0,5
127235,61406pat0004,71,1
127235,61409,0,1
127235,61409,179,2
127235,6179,72,1
127235,6231,0,2
127235,63864,72,1
127235,63868,71,2
127235,63965,15,4
127235,64567,71,4
127235,64567,80,1
127235,64644,0,5
127235,65509,70,1
127235,6575,72,4
127235,6587,28,2
127235,67095,71,1
127235,69729,71,2
127235,70681,71,13
127235,73109,71,4
127235,73825,72,1
127235,77808,72,2
127235,78666,71,4
127235,79850,71,2
127235,80222,71,1
127235,80545,71,1
127235,85080,71,4
127235,85861,41,6
127235,85984,71,3
127235,85984,70,1
127235,85984,191,2
127235,86996,0,1
127235,87079,72,4
127235,87994,297,1
127235,88646,15,1
127235,88930,71,4
127235,89678,4,2
127235,90258,72,1
127235,91988,0,1
127235,92279,47,1
127235,92947,0,8
127235,92947,72,1
127235,93095,70,1
127235,96874,25,1
127235,99563,70,1
127235,99563,1103,2
127235,99780,0,1
127235,99781,29,1
127236,01832,9999,1
127236,10314,19,5
127236,10928,72,1
127236,11153,71,2
127236,11153,28,2
127236,11203,72,2
127236,11211,72,3
127236,11211,28,2
127236,11212,72,2
127236,13793,72,1
127236,14395,19,8
127236,14395,70,2
127236,14417,72,1
127236,14704,71,1
127236,14716,19,6
127236,14769,19,2
127236,15068,28,9
127236,15254,19,3
127236,15535,72,1
127236,15573,72,3
127236,15573,71,1
127236,16577,19,1
127236,18651,0,1
127236,18674,28,2
127236,18674,72,1
127236,18677,71,2
127236,18980,28,2
127236,20482,297,1
127236,22888,28,5
127236,2343,179,2
127236,2357,19,17
127236,2357,71,2
127236,24122,72,1
127236,2412b,19,1
127236,2412b,179,12
127236,2420,72,6
127236,2420,19,2
127236,2431,71,1
127236,2431,19,2
127236,2431,70,2
127236,2445,71,1
127236,2453b,19,1
127236,2454b,19,1
127236,2456,70,1
127236,2489,72,1
127236,2653,71,2
127236,26601,19,1
127236,27507,19,2
127236,2877,72,2
127236,2877,71,5
127236,3001,4,3
127236,3002,4,2
127236,3002,19,6
127236,3002,71,3
127236,3004,71,6
127236,3004,28,3
127236,3005,19,8
127236,3005,71,1
127236,3005,28,1
127236,3007,19,1
127236,3007,71,1
127236,3008,71,6
127236,3009,28,3
127236,3010,71,2
127236,30115,4,1
127236,30136,71,14
127236,30136,70,11
127236,3020,71,2
127236,3020,72,2
127236,3021,72,4
127236,3021,28,2
127236,3022,28,2
127236,3022,70,2
127236,3022,71,1
127236,3023,71,4
127236,3023,72,2
127236,3023,28,14
127236,3023,70,4
127236,3023,19,15
127236,3023,182,2
127236,3023,47,1
127236,3023,320,4
127236,30237b,71,4
127236,3024,72,4
127236,3024,28,2
127236,3028,72,2
127236,3029,72,2
127236,3029,71,1
127236,3030,72,2
127236,30304,72,1
127236,3032,70,1
127236,3033,72,5
127236,3034,19,4
127236,3034,28,1
127236,3034,72,2
127236,3035,28,1
127236,3035,19,1
127236,30357,28,4
127236,30367c,28,5
127236,30374,72,1
127236,30374,70,1
127236,3038,71,2
127236,30383,71,4
127236,30385,41,1
127236,3040b,19,2
127236,30565,72,4
127236,30586,71,2
127236,3062b,70,19
127236,3062b,41,3
127236,3069b,19,2
127236,3069b,308,13
127236,3070b,72,2
127236,3070b,28,2
127236,3070bpr0234,71,1
127236,30987,19,2
127236,32000,72,3
127236,32000,0,2
127236,32028,0,2
127236,32062,0,1
127236,32123b,71,3
127236,3245c,19,6
127236,32530,72,2
127236,33909,71,2
127236,33909,19,2
127236,33909,320,5
127236,3460,28,5
127236,35700,84,1
127236,3622,19,3
127236,3623,484,2
127236,3660,19,7
127236,3665,19,4
127236,3666,72,7
127236,3666,70,3
127236,3673,14,1
127236,3678b,19,8
127236,3710,72,5
127236,3710,28,1
127236,3710,19,11
127236,3710,71,4
127236,3713,0,2
127236,3713,4,1
127236,37352,19,4
127236,3738,0,1
127236,3747b,19,3
127236,3795,70,1
127236,3830,71,3
127236,3831,71,3
127236,3832,19,1
127236,3832,72,2
127236,38583,72,1
127236,3899,179,1
127236,4032a,71,3
127236,4032a,70,5
127236,4070,72,2
127236,4070,19,2
127236,4151b,72,1
127236,41682,72,2
127236,4175,72,1
127236,41770,19,1
127236,4216,19,19
127236,4217,19,2
127236,4274,71,2
127236,42876,484,2
127236,4460b,19,10
127236,44861,72,1
127236,4529,0,1
127236,4590,71,1
127236,4599b,71,1
127236,48092,71,4
127236,4865b,28,4
127236,49307,19,2
127236,50950,28,4
127236,53454,179,1
127236,55013,72,2
127236,56903,71,1
127236,57899,0,1
127236,58247,1103,1
127236,59443,70,1
127236,59900,179,2
127236,6003,72,4
127236,60476,71,2
127236,60479,72,1
127236,60481,19,2
127236,60483,72,1
127236,60808,19,4
127236,61184,71,1
127236,6141,179,24
127236,6141,41,1
127236,6141,36,2
127236,6141,47,1
127236,61780,70,1
127236,6192b,19,2
127236,62113,72,2
127236,6254,191,1
127236,63868,72,4
127236,64567,0,1
127236,64567,1103,1
127236,64644,0,2
127236,64799,72,1
127236,6536,71,1
127236,6541,72,1
127236,65578,71,1
127236,6587,28,1
127236,6636,28,4
127236,68568,484,2
127236,69729,71,1
127236,78256,0,1
127236,79194,0,2
127236,85984,19,6
127236,85984,72,2
127236,85984pr0006,72,1
127236,87079,71,2
127236,87087,19,8
127236,88072,0,3
127236,88393,71,2
127236,90258,72,2
127236,91988,19,2
127236,92690,71,1
127236,92738,179,1
127236,92947,72,2
127236,92950,70,2
127236,93160,15,2
127236,95188,28,2
127236,95199,0,2
127236,95228,47,1
127236,96874,25,1
127236,98138,71,2
127236,98138pr0010,179,2
127236,98138pr0302,70,1
127236,98560,28,12
127236,99207,19,2
127236,99563,1103,2
127236,99781,28,4
127342,11089,0,4
127342,11090,4,4
127342,11153,1,4
127342,11476,0,1
127342,11477,85,2
127342,11477,1,2
127342,14417,72,6
127342,14418,71,12
127342,14419,72,6
127342,14704,71,4
127342,15068pr0061,85,1
127342,15209,0,2
127342,15456,0,2
127342,18674,4,2
127342,22385pr0137,4,1
127342,22484,72,4
127342,22890,72,4
127342,23443,0,4
127342,23443,85,1
127342,2420,4,4
127342,24201,27,4
127342,25269,4,10
127342,25269,27,2
127342,26047,0,4
127342,26047,2,4
127342,2654,0,4
127342,26601,85,4
127342,27167,4,1
127342,27167,85,1
127342,27263,27,2
127342,27263,4,2
127342,28192,1,2
127342,28192,85,6
127342,3020,27,1
127342,3020,2,1
127342,3020,4,3
127342,3021,0,1
127342,3022,0,6
127342,3023,4,6
127342,3023,71,4
127342,3023,85,7
127342,3024,1,2
127342,3024,27,2
127342,32124,0,2
127342,32803,1,2
127342,32803,0,2
127342,32828,0,4
127342,33909,72,2
127342,35480,0,2
127342,35480,27,4
127342,36840,71,2
127342,36840,27,4
127342,36841,10,4
127342,36841,0,2
127342,3709,0,2
127342,40379,85,1
127342,4740,72,2
127342,47456,4,2
127342,47457,85,2
127342,47458,4,4
127342,47755,4,2
127342,4871,1,1
127342,4871,72,1
127342,54200,0,8
127342,54200,85,10
127342,60470b,2,1
127342,60470b,4,1
127342,6091,4,4
127342,6141,1,2
127342,63868,4,4
127342,66956,85,2
127342,66956,1,2
127342,66956,4,1
127342,67687,71,2
127342,69754,71,2
127342,69755,72,2
127342,85861,27,4
127342,85984,10,6
127342,85984,4,2
127342,87087,4,2
127342,87747,27,6
127342,87747,0,2
127342,93095,0,2
127342,93273,85,2
127342,93273,4,2
127342,93555,0,4
127342,98138,25,4
127342,98313,72,6
127342,99780,4,2
127342,99780,1,2
127342,99780,2,2
127342,99781,0,2
127342,99781,27,2
127385,10202,71,12
127385,10314,15,7
127385,11153,15,6
127385,11211,19,12
127385,11211,15,41
127385,11212,15,10
127385,11253,0,2
127385,11477,71,44
127385,14719,1,1
127385,14719,71,11
127385,15068,15,24
127385,15207,14,4
127385,15207,15,1
127385,15573,71,2
127385,15573,19,3
127385,15573,1,5
127385,15573,14,10
127385,15573,2,16
127385,15573,25,2
127385,15573,15,8
127385,15672,19,8
127385,15672,1,2
127385,15712,4,24
127385,17485,1,8
127385,18651,0,12
127385,18759,15,16
127385,18980,71,2
127385,1927,0,14
127385,1927,15,6
127385,1927,19,24
127385,1927,71,8
127385,20482,4,28
127385,22385,15,4
127385,2357,19,2
127385,2357,1,2
127385,23950,15,24
127385,23969,33,2
127385,23969pr0001,47,2
127385,2412b,1,8
127385,2412b,179,198
127385,2412b,71,4
127385,2420,19,17
127385,2420,25,148
127385,24299,15,3
127385,24299,0,1
127385,24307,0,1
127385,24307,15,3
127385,2431,19,4
127385,2431,71,2
127385,2431,15,8
127385,2445,1,4
127385,2450,19,2
127385,2450,71,4
127385,2450,15,4
127385,2456,14,8
127385,2456,1,4
127385,25269,1,8
127385,2540,28,8
127385,2540,14,31
127385,2577,0,4
127385,2639,72,4
127385,26603,15,3
127385,27263,15,8
127385,2730,71,6
127385,27507,0,2
127385,2877,72,48
127385,2877,15,2
127385,2877,1,442
127385,30000,72,4
127385,3001,1,32
127385,3001,19,12
127385,3002,0,4
127385,3003,4,3
127385,3003,19,6
127385,3004,1,10
127385,3004,19,63
127385,3004,0,4
127385,3005,1,14
127385,3005,19,44
127385,3005,71,20
127385,3005,15,29
127385,3006,15,2
127385,3007,15,12
127385,3008,72,6
127385,3009,15,14
127385,3010,0,4
127385,3010,1,22
127385,3010,72,2
127385,30165,15,16
127385,3020,1,19
127385,3020,71,8
127385,3020,0,6
127385,3020,25,2
127385,3021,4,6
127385,3021,14,4
127385,3021,0,8
127385,3021,19,15
127385,3021,71,12
127385,3021,15,2
127385,3022,25,6
127385,3022,0,8
127385,3022,15,95
127385,3022,19,12
127385,3023,71,26
127385,3023,25,20
127385,3023,19,120
127385,3023,41,162
127385,3023,0,5
127385,3023,72,4
127385,3023,15,41
127385,3023,1,98
127385,30237b,4,16
127385,3024,25,4
127385,3024,1,4
127385,3024,19,16
127385,3024,72,4
127385,3024,0,8
127385,3024,71,24
127385,3024,41,4
127385,3024,15,6
127385,3027,0,8
127385,3028,15,2
127385,3029,15,2
127385,3031,15,12
127385,3031,1,6
127385,3032,0,4
127385,3034,0,6
127385,3034,71,3
127385,3035,15,1
127385,3036,15,4
127385,3037,4,8
127385,30374,14,7
127385,30383,4,8
127385,3039,14,4
127385,30414,19,24
127385,30414,15,8
127385,30414,14,4
127385,30505,0,4
127385,3062b,2,22
127385,3068b,15,2
127385,3068b,14,26
127385,3068b,71,12
127385,3068bpr0584,71,1
127385,3069b,71,23
127385,3069b,41,6
127385,3069b,1,3
127385,3070b,10,1
127385,3070b,15,26
127385,3070b,1,3
127385,3070b,71,45
127385,3070b,41,5
127385,3070bpr0213,71,1
127385,32018,72,24
127385,32028,19,27
127385,32028,179,34
127385,32028,71,6
127385,32316,14,2
127385,3245c,1,4
127385,32952,19,8
127385,3298,71,6
127385,33909,0,12
127385,33909,19,12
127385,33909,71,2
127385,34103,71,30
127385,34103,1,2
127385,34103,15,1
127385,3460,15,25
127385,35044,0,2
127385,35044,15,8
127385,35459,71,30
127385,35464,15,156
127385,35464,25,28
127385,35480,19,40
127385,35787,71,6
127385,35787,15,4
127385,3622,15,64
127385,3622,19,64
127385,3623,15,31
127385,3623,71,2
127385,3623,25,2
127385,3623,19,16
127385,3623,72,6
127385,3623,0,38
127385,3623,14,14
127385,3623,1,3
127385,3660,19,68
127385,3660,0,8
127385,3665,19,18
127385,3665,14,2
127385,3665,15,8
127385,3666,25,22
127385,3666,1,12
127385,36840,0,10
127385,36840,19,2
127385,36841,19,52
127385,36841,15,8
127385,36841,0,2
127385,3700,14,4
127385,3710,15,6
127385,3710,19,12
127385,3710,0,22
127385,3710,25,31
127385,3710,1,34
127385,3747b,1,4
127385,3795,0,12
127385,3795,72,4
127385,3795,15,14
127385,3830,72,16
127385,3831,72,16
127385,3832,71,12
127385,3832,0,5
127385,3894,0,8
127385,3958,1,4
127385,39613,4,4
127385,4070,15,1
127385,4070,72,2
127385,4162,15,14
127385,4162,1,9
127385,4162pr0088,71,1
127385,41682,15,2
127385,41682,19,2
127385,41740,71,8
127385,4216,15,22
127385,4282,15,4
127385,4286,1,9
127385,4286,19,40
127385,4286,71,2
127385,4287c,1,7
127385,43093,1,4
127385,44728,1,1
127385,44728,2,14
127385,4477,0,10
127385,4477,14,14
127385,44861,71,4
127385,48336,4,8
127385,4865b,15,2
127385,4865b,71,2
127385,50340,15,2
127385,50950,0,2
127385,52501,0,7
127385,54200,1,1
127385,54200,41,56
127385,54200,15,6
127385,54200,19,2
127385,54657,4,8
127385,6005,71,116
127385,60474,19,8
127385,60474,0,16
127385,60475b,15,2
127385,60475b,4,12
127385,60475b,1,8
127385,60477,1,6
127385,60479,72,16
127385,60581,71,38
127385,60897,1,4
127385,60897,25,7
127385,60897,0,16
127385,6091,0,1
127385,6111,0,16
127385,6111,1,4
127385,6112,15,2
127385,61332,0,8
127385,61409,1,68
127385,61409,179,112
127385,6141,72,8
127385,6141,28,40
127385,6141,14,180
127385,61485,71,4
127385,6178,15,2
127385,6179,15,6
127385,6179,0,4
127385,6192b,15,18
127385,6205pr0001,15,2
127385,6232,15,4
127385,6254,288,10
127385,63864,71,3
127385,63864,15,13
127385,63864,0,2
127385,63864,10,2
127385,63965,4,2
127385,64000,15,4
127385,64570,19,8
127385,64644,19,32
127385,65426,15,2
127385,65429,15,2
127385,65886,71,4
127385,6636,0,2
127385,6636,72,4
127385,6636,71,6
127385,6636,15,11
127385,6636,19,4
127385,68325,71,4
127385,69729,71,23
127385,69729,15,4
127385,69729,0,7
127385,69729,14,2
127385,71752,0,1
127385,72454,15,8
127385,73109,71,20
127385,73825,19,46
127385,73825,4,20
127385,76766,15,4
127385,76959,15,44
127385,77808,72,2
127385,78256,71,2
127385,78258,15,6
127385,78329,15,4
127385,78329,19,44
127385,79389,71,1
127385,79389,19,98
127385,79756,19,80
127385,80015,0,4
127385,82476,9999,1
127385,85861,0,16
127385,85984,72,11
127385,85984,1,2
127385,85984,19,52
127385,87079,0,8
127385,87079,71,22
127385,87079,15,6
127385,87544,71,6
127385,87552,47,12
127385,87580,71,1
127385,87994,70,10
127385,87994,4,2
127385,90498pr0013,10,2
127385,90498pr0016,10,1
127385,91501,71,12
127385,91988,71,20
127385,91988,15,1
127385,92582,0,2
127385,93273,19,36
127385,95347,15,2
127385,96874,25,1
127385,99206,19,13
127385,99206,1,15
127385,99206,0,6
127385,99206,71,14
127385,99207,15,8
127385,99207,19,30
127385,99563,15,51
127385,99780,28,26
127385,99780,0,34
127385,99781,15,18
127472,14769pr1188,14,3
127472,15397,0,1
127472,15445,72,1
127472,15573,14,3
127472,18674,72,1
127472,18674,14,1
127472,19220,0,1
127472,22888,72,1
127472,2412b,14,2
127472,2432,70,1
127472,2441,0,1
127472,2445,72,1
127472,24946,19,1
127472,2540,72,1
127472,2654,46,1
127472,27965,179,2
127472,3009,2,3
127472,3010,2,1
127472,30176,27,1
127472,3020,2,1
127472,3022,2,3
127472,30248,72,1
127472,3031,72,1
127472,3031,2,1
127472,3037,2,2
127472,3039,2,2
127472,3040b,2,2
127472,30414,0,1
127472,30592,72,1
127472,30602,182,2
127472,3062b,4,1
127472,3068b,14,1
127472,3068bpr0368,14,1
127472,3069b,46,3
127472,32124,15,1
127472,34337,15,4
127472,35480,15,1
127472,3633,72,2
127472,3666,0,2
127472,3666,2,3
127472,3829c01,14,1
127472,3957b,71,1
127472,4079b,70,1
127472,4151b,71,1
127472,41539,72,2
127472,4162,14,4
127472,42876,484,1
127472,4345b,71,1
127472,4346,47,1
127472,4349,0,1
127472,43898,71,1
127472,44661,15,1
127472,44728,2,1
127472,4599b,71,1
127472,48336,15,1
127472,48729b,25,1
127472,51739,14,1
127472,53020,14,1
127472,6020,0,1
127472,60470b,14,3
127472,61184,4,1
127472,6126b,182,1
127472,63868,0,2
127472,63965,0,2
127472,64448,72,4
127472,64453,47,1
127472,65096,288,1
127472,67737,0,1
127472,71752,19,1
127472,85984,2,1
127472,85984pr0021,71,1
127472,87414,0,4
127472,87580,71,1
127472,87926,71,1
127472,92474,47,1
127472,93273,14,4
127472,93590,2,1
127472,98057pr0003,158,1
127472,98058pr0003,326,1
127472,98059pr0003,326,1
127472,98100,15,1
127472,98159pr0008,158,1
127472,98160pr0005,158,1
127472,98161pr0008,158,1
127472,98162pr0011,158,1
127472,98163pr0011,158,1
127472,99207,0,2
127473,11169,10,4
127473,20302,321,1
127473,31070,70,1
127473,3437,484,1
127473,3437,10,1
127473,35499pr0135,15,1
127473,37062pr0002,31,1
127473,37063pr0002,158,1
127473,40666,27,2
127473,40666,71,1
127473,44524,27,1
127473,44524,72,1
127473,6474,71,4
127473,6510,27,1
127473,6510,25,1
127473,75474pr0001,191,1
127473,76371,71,2
127473,98223,71,1
127473,98233,27,1
127474,11090,15,1
127474,11153,25,2
127474,11477,320,2
127474,11477,379,10
127474,13965,19,3
127474,15068,272,1
127474,15068,15,1
127474,15445,72,2
127474,15573,272,2
127474,15573,15,2
127474,18838,19,2
127474,18980,71,1
127474,22387,379,2
127474,22388,182,1
127474,23405,4,2
127474,23405,0,2
127474,2357,71,2
127474,2412b,179,13
127474,2431,70,3
127474,2431,4,1
127474,2454b,0,2
127474,24946,15,2
127474,26601,72,2
127474,2730,71,4
127474,29111,0,1
127474,2921,71,2
127474,3001,71,2
127474,3003,19,3
127474,3003,28,15
127474,3004,320,2
127474,3005,320,2
127474,3005,182,1
127474,3008,4,1
127474,3008,19,2
127474,3008,71,1
127474,3009,320,1
127474,3009,25,1
127474,3010,320,2
127474,30132,72,1
127474,30136,28,6
127474,30137,84,2
127474,30137,0,4
127474,30145,19,10
127474,30150,84,1
127474,3020,70,2
127474,3021,28,4
127474,3021,25,1
127474,3022,71,16
127474,3022,15,2
127474,3022,0,2
127474,3023,70,8
127474,3023,1,3
127474,3023,19,4
127474,3023,36,1
127474,3031,0,1
127474,3033,70,1
127474,3033,71,1
127474,3034,72,4
127474,3034,28,1
127474,3034,320,1
127474,3034,71,3
127474,3035,70,2
127474,3035,72,1
127474,3036,72,1
127474,3039,71,1
127474,3040b,19,12
127474,30414,0,2
127474,3062b,46,2
127474,3068b,71,6
127474,3069b,14,2
127474,3069b,379,8
127474,3070b,71,2
127474,3070b,182,4
127474,3070b,47,2
127474,3070b,36,2
127474,32059,72,1
127474,32828,0,2
127474,33909,70,2
127474,34816,71,1
127474,35336,47,1
127474,3622,25,2
127474,3622,19,2
127474,3623,72,2
127474,3623,71,2
127474,3666,320,3
127474,3666,71,2
127474,36841,73,4
127474,3702,0,2
127474,3710,70,3
127474,3710,72,2
127474,3710,19,2
127474,3795,19,1
127474,3795,320,3
127474,3829c01,71,1
127474,3832,70,3
127474,3937,84,1
127474,3957b,70,1
127474,39888,19,6
127474,4032a,0,2
127474,4083,15,1
127474,4162,72,10
127474,41740,71,5
127474,41740,72,2
127474,4286,28,3
127474,44728,71,2
127474,44861,71,2
127474,4495b,4,1
127474,45677,320,1
127474,4740,0,2
127474,48336,0,4
127474,48336,71,3
127474,49418,19,1
127474,52031,320,1
127474,53020,14,2
127474,53451,15,3
127474,54200,28,2
127474,55981,71,6
127474,59900,182,1
127474,6005,320,2
127474,60479,71,2
127474,60481,19,1
127474,60581,71,2
127474,60594,4,2
127474,60897,71,4
127474,6112,72,2
127474,61332,0,10
127474,6134,15,1
127474,6140,0,1
127474,6141,179,2
127474,6141,1,2
127474,62113,0,1
127474,62113,72,2
127474,63965,71,2
127474,65886,320,2
127474,65886,0,1
127474,6636,379,1
127474,6636,19,2
127474,6636,72,3
127474,73562,72,4
127474,77711pr0002,19,1
127474,78448,9999,1
127474,85984,72,8
127474,87079,72,7
127474,87087,72,2
127474,87552,47,2
127474,90258,72,4
127474,92402,0,6
127474,92584,70,2
127474,93274,72,2
127474,93609,15,2
127474,96874,25,1
127474,98057pr0003,19,1
127474,98058pr0003,28,1
127474,98059pr0003,28,1
127474,98138,484,2
127474,98138,36,6
127474,98138,46,4
127474,98138,379,4
127474,98159pr0009,19,1
127474,98160pr0008,19,1
127474,98161pr0009,19,1
127474,98162pr0012,19,1
127474,98163pr0012,19,1
127474,99780,72,3
127474,99780,71,4
127474,99781,71,2
127475,11153,72,2
127475,11212,72,2
127475,11293,71,1
127475,11295,72,1
127475,11297,41,1
127475,11477,71,2
127475,11477,320,2
127475,11477,272,2
127475,14719,71,4
127475,15068,71,4
127475,15068,0,2
127475,15068,320,7
127475,15068,272,5
127475,15207,14,1
127475,15254,71,1
127475,15573,15,1
127475,15712,72,1
127475,15790,0,2
127475,18646,71,2
127475,22889,72,1
127475,22961,72,2
127475,2412b,71,2
127475,2415,71,1
127475,2420,71,4
127475,24201,484,2
127475,2431,320,2
127475,2431,71,1
127475,2431,14,2
127475,2445,71,4
127475,2449,71,2
127475,2540,0,2
127475,2654,72,4
127475,26601,0,2
127475,29119,320,2
127475,29120,320,2
127475,3003,71,2
127475,3003,72,1
127475,3005,71,2
127475,3010,71,2
127475,30166,71,1
127475,3020,72,4
127475,3020,28,2
127475,3022,320,4
127475,3023,272,6
127475,3023,72,11
127475,3023,71,3
127475,3023,14,1
127475,3023,320,4
127475,3034,28,1
127475,3035,72,2
127475,3062b,4,1
127475,3068b,19,1
127475,3068b,320,2
127475,3069b,72,2
127475,3069b,0,2
127475,3069b,272,1
127475,3069b,326,4
127475,3069bpr0301,71,1
127475,3070b,71,2
127475,32001,71,2
127475,32739,72,1
127475,32803,0,2
127475,3464,72,1
127475,3622,71,4
127475,3623,326,4
127475,3623,72,6
127475,3660,70,2
127475,3666,272,4
127475,3666,28,4
127475,3673,71,2
127475,36841,71,2
127475,3710,70,6
127475,3710,28,5
127475,3710,320,2
127475,3710,15,2
127475,3747b,71,4
127475,3795,71,1
127475,3795,72,2
127475,39888,19,2
127475,4006,0,1
127475,4032a,0,2
127475,41682,71,2
127475,41740,19,2
127475,41769,320,1
127475,41770,320,1
127475,42195,71,2
127475,42610,71,4
127475,4282,71,3
127475,4287c,320,2
127475,42918,326,2
127475,4519,14,2
127475,4599b,71,1
127475,47397,71,1
127475,47398,71,1
127475,47455,15,2
127475,50950,70,2
127475,50951,0,4
127475,52107,15,2
127475,59895,0,1
127475,60219,72,2
127475,60479,71,2
127475,60581,71,2
127475,60594,70,1
127475,60897,71,2
127475,6141,14,6
127475,6141,72,2
127475,63868,71,2
127475,63868,4,2
127475,63868,0,2
127475,64567,1103,1
127475,6541,71,2
127475,6636,72,1
127475,73825,72,2
127475,77586pr0001,15,1
127475,77588pr0001,15,1
127475,77863pr0001,15,1
127475,77892,25,1
127475,78447,9999,1
127475,85984,71,2
127475,85984,326,2
127475,87079,0,1
127475,87079,320,2
127475,87079,71,4
127475,87079,19,2
127475,90258,72,2
127475,91988,72,1
127475,92099,0,1
127475,92099,72,1
127475,95344,0,1
127475,98138,0,2
127475,98138,71,2
127475,98138,46,1
127477,11211,19,1
127477,11211,15,2
127477,11476,0,4
127477,11477,4,2
127477,11477,71,4
127477,14719,0,2
127477,14769,70,1
127477,15445,72,1
127477,15573,19,1
127477,15712,70,2
127477,15712,72,2
127477,2357,19,2
127477,2412b,179,5
127477,2432,19,1
127477,28192,4,4
127477,28192,70,1
127477,3005,4,4
127477,3009,15,1
127477,3020,71,3
127477,3020,2,1
127477,3022,70,1
127477,3023,70,3
127477,3023,15,4
127477,3024,71,2
127477,3031,2,1
127477,3034,0,2
127477,3069b,36,2
127477,32028,71,8
127477,32607,2,4
127477,34103,71,2
127477,35336,47,1
127477,3622,15,2
127477,3623,4,6
127477,3665,15,6
127477,3666,4,4
127477,3666,71,2
127477,36934,71,1
127477,3710,0,2
127477,37407pr0001,71,1
127477,3829c01,71,1
127477,3937,70,1
127477,3941,71,1
127477,3941,70,2
127477,3958,4,1
127477,4032a,19,2
127477,40687,72,2
127477,41740,71,2
127477,42876,484,1
127477,48729b,72,2
127477,50861,0,2
127477,50862,179,2
127477,52031,4,2
127477,53020,14,1
127477,54200,182,2
127477,54200,47,2
127477,55981,71,4
127477,60470b,2,2
127477,60474,72,4
127477,61332,0,1
127477,6134,70,1
127477,62113,84,4
127477,6636,4,2
127477,72132,72,1
127477,77862pr0001,71,1
127477,87079,4,1
127477,87079,70,1
127477,87552,47,2
127477,88072,71,2
127477,91988,72,1
127477,92338,72,1
127477,92402,0,4
127477,98065pr0013,71,1
127477,98068pr0003,71,1
127477,98069pr0003,71,1
127477,98071pr0013,71,1
127477,98072pr0013,71,1
127477,98165pr0017,71,1
127477,98282,4,4
127477,99206,71,2
127477,99207,71,3
127477,99781,0,2
127478,14395,19,4
127478,14769,19,1
127478,15332,0,1
127478,15445,72,1
127478,15533,19,3
127478,15573,19,4
127478,15573,70,2
127478,15672,72,1
127478,15712,15,1
127478,18646,28,2
127478,18896,0,1
127478,21229,0,1
127478,2412b,179,2
127478,2420,28,2
127478,2420,1,1
127478,2431,28,3
127478,27448,0,1
127478,28192,72,1
127478,3001,19,2
127478,3003,27,1
127478,3003,28,1
127478,30031,72,1
127478,3005,28,1
127478,3005,4,3
127478,3005,70,3
127478,3005pr0024,182,1
127478,3020,1,1
127478,3020,72,2
127478,3021,19,5
127478,3022,4,1
127478,3022,28,4
127478,3022,70,1
127478,3023,28,5
127478,30237b,19,2
127478,3024,182,2
127478,3029,72,1
127478,30356,72,1
127478,3062b,46,1
127478,3069b,27,3
127478,3069b,84,3
127478,32952,70,2
127478,33909,70,3
127478,33909,19,6
127478,34103,0,1
127478,35044,28,2
127478,35442,0,1
127478,35443,322,1
127478,35480,70,2
127478,35700,84,1
127478,35787,19,2
127478,3678b,28,2
127478,3701,70,1
127478,3710,19,1
127478,37494,0,2
127478,37829pr0125,484,1
127478,37829pr0127,378,1
127478,3832,72,1
127478,4081b,15,1
127478,4282,72,1
127478,44709,15,1
127478,4477,19,1
127478,44865,19,2
127478,48092,19,2
127478,49418,15,1
127478,50861,0,2
127478,50862,179,2
127478,53020,14,1
127478,53451,15,2
127478,54200,70,6
127478,60897,71,2
127478,6141,29,1
127478,6141,84,3
127478,61485,15,1
127478,6179,19,2
127478,63864,1,2
127478,63965,72,1
127478,65521,4,1
127478,65886,272,1
127478,77711pr0001,15,1
127478,85861,0,3
127478,87552,70,1
127478,87618,0,2
127478,87620,28,2
127478,92947,19,2
127478,98138,46,1
127478,98283,28,6
127479,10884,2,1
127479,15068,1,2
127479,15207,70,1
127479,15624,84,1
127479,23969,19,2
127479,2412b,15,2
127479,24309,320,3
127479,2431,70,1
127479,2431,1,1
127479,2456,320,1
127479,28326,71,4
127479,3001,28,1
127479,3002,14,2
127479,3004,4,1
127479,3010,1,2
127479,3010,320,2
127479,30145,19,4
127479,30162,0,1
127479,3020,71,1
127479,3020,19,1
127479,3023,15,1
127479,3034,28,1
127479,3035,19,1
127479,3035,1,1
127479,33121,4,1
127479,33909,14,1
127479,3673,14,6
127479,3710,71,2
127479,3823,47,1
127479,3829c01,14,1
127479,41740,28,3
127479,43888,70,1
127479,4523,27,1
127479,4865b,41,2
127479,50950,14,2
127479,55981,15,4
127479,64648,25,1
127479,64648,179,1
127479,65886,1,1
127479,70682,1,2
127479,87079pr9950,19,1
127479,88704,70,1
127479,88930pr0020,71,1
127479,92402,0,4
127479,92926,2,1
127479,93273,19,1
127479,93273,1,1
127479,93274,0,1
127479,98085c06,379,1
127479,98086pr0006,379,1
127479,98087,272,1
127479,98088pat0006,272,1
127479,98089pat0006,272,1
127479,99207,71,1
127479,99253,297,1
127523,15573,4,1
127523,3004,15,1
127523,3005pr0003,15,2
127523,30136,484,2
127523,3020,2,1
127523,3021,15,1
127523,3040b,484,2
127523,54200,484,2
127523,6141,0,1
127755,cardupn0113DEpr001,9999,1
127755,cardupn0113DEpr002,9999,1
127755,cardupn0113DEpr003,9999,1
127755,cardupn0113DEpr004,9999,1
127755,cardupn0113DEpr005,9999,1
127755,cardupn0113DEpr006,9999,1
127755,cardupn0113DEpr007,9999,1
127755,cardupn0113DEpr008,9999,1
127755,cardupn0113DEpr009,9999,1
127755,cardupn0113DEpr010,9999,1
127755,cardupn0113DEpr011,9999,1
127755,cardupn0113DEpr012,9999,1
127755,cardupn0113DEpr013,9999,1
127755,cardupn0113DEpr014,9999,1
127755,cardupn0113DEpr015,9999,1
127755,cardupn0113DEpr016,9999,1
127755,cardupn0113DEpr017,9999,1
127755,cardupn0113DEpr018,9999,1
127755,cardupn0113DEpr019,9999,1
127755,cardupn0113DEpr020,9999,1
127755,cardupn0113DEpr021,9999,1
127755,cardupn0113DEpr022,9999,1
127755,cardupn0113DEpr023,9999,1
127755,cardupn0113DEpr024,9999,1
127755,cardupn0113DEpr025,9999,1
127755,cardupn0113DEpr026,9999,1
127755,cardupn0113DEpr027,9999,1
127755,cardupn0113DEpr028,9999,1
127755,cardupn0113DEpr029,9999,1
127755,cardupn0113DEpr030,9999,1
127755,cardupn0113DEpr031,9999,1
127755,cardupn0113DEpr032,9999,1
127755,cardupn0113DEpr033,9999,1
127755,cardupn0113DEpr034,9999,1
127755,cardupn0113DEpr035,9999,1
127755,cardupn0113DEpr036,9999,1
127755,cardupn0113DEpr037,9999,1
127755,cardupn0113DEpr038,9999,1
127755,cardupn0113DEpr039,9999,1
127755,cardupn0113DEpr040,9999,1
127755,cardupn0113DEpr041,9999,1
127755,cardupn0113DEpr042,9999,1
127755,cardupn0113DEpr043,9999,1
127755,cardupn0113DEpr044,9999,1
127755,cardupn0113DEpr045,9999,1
127755,cardupn0113DEpr046,9999,1
127755,cardupn0113DEpr047,9999,1
127755,cardupn0113DEpr048,9999,1
127755,cardupn0113DEpr049,9999,1
127755,cardupn0113DEpr050,9999,1
127755,cardupn0113DEpr051,9999,1
127755,cardupn0113DEpr052,9999,1
127755,cardupn0113DEpr053,9999,1
127755,cardupn0113DEpr054,9999,1
127755,cardupn0113DEpr055,9999,1
127755,cardupn0113DEpr056,9999,1
127755,cardupn0113DEpr057,9999,1
127755,cardupn0113DEpr058,9999,1
127755,cardupn0113DEpr059,9999,1
127755,cardupn0113DEpr060,9999,1
127755,cardupn0113DEpr061,9999,1
127755,cardupn0113DEpr062,9999,1
127755,cardupn0113DEpr063,9999,1
127755,cardupn0113DEpr064,9999,1
127755,cardupn0113DEpr065,9999,1
127755,cardupn0113DEpr066,9999,1
127755,cardupn0113DEpr067,9999,1
127755,cardupn0113DEpr068,9999,1
127755,cardupn0113DEpr069,9999,1
127755,cardupn0113DEpr070,9999,1
127755,cardupn0113DEpr071,9999,1
127755,cardupn0113DEpr072,9999,1
127755,cardupn0113DEpr073,9999,1
127755,cardupn0113DEpr074,9999,1
127755,cardupn0113DEpr075,9999,1
127755,cardupn0113DEpr076,9999,1
127755,cardupn0113DEpr077,9999,1
127755,cardupn0113DEpr078,9999,1
127755,cardupn0113DEpr079,9999,1
127755,cardupn0113DEpr080,9999,1
127755,cardupn0113DEpr081,9999,1
127755,cardupn0113DEpr082,9999,1
127755,cardupn0113DEpr083,9999,1
127755,cardupn0113DEpr084,9999,1
127755,cardupn0113DEpr085,9999,1
127755,cardupn0113DEpr086,9999,1
127755,cardupn0113DEpr087,9999,1
127755,cardupn0113DEpr088,9999,1
127755,cardupn0113DEpr089,9999,1
127755,cardupn0113DEpr090,9999,1
127755,cardupn0113DEpr091,9999,1
127755,cardupn0113DEpr092,9999,1
127755,cardupn0113DEpr093,9999,1
127755,cardupn0113DEpr094,9999,1
127755,cardupn0113DEpr095,9999,1
127755,cardupn0113DEpr096,9999,1
127755,cardupn0113DEpr097,9999,1
127755,cardupn0113DEpr098,9999,1
127755,cardupn0113DEpr099,9999,1
127755,cardupn0113DEpr100,9999,1
127755,cardupn0113DEpr101,9999,1
127755,cardupn0113DEpr102,9999,1
127755,cardupn0113DEpr103,9999,1
127755,cardupn0113DEpr104,9999,1
127755,cardupn0113DEpr105,9999,1
127755,cardupn0113DEpr106,9999,1
127755,cardupn0113DEpr107,9999,1
127755,cardupn0113DEpr108,9999,1
127755,cardupn0113DEpr109,9999,1
127755,cardupn0113DEpr110,9999,1
127755,cardupn0113DEpr111,9999,1
127755,cardupn0113DEpr112,9999,1
127755,cardupn0113DEpr113,9999,1
127755,cardupn0113DEpr114,9999,1
127755,cardupn0113DEpr115,9999,1
127755,cardupn0113DEpr116,9999,1
127755,cardupn0113DEpr117,9999,1
127755,cardupn0113DEpr118,9999,1
127755,cardupn0113DEpr119,9999,1
127755,cardupn0113DEpr120,9999,1
127755,cardupn0113DEpr121,9999,1
127755,cardupn0113DEpr122,9999,1
127755,cardupn0113DEpr123,9999,1
127755,cardupn0113DEpr124,9999,1
127755,cardupn0113DEpr125,9999,1
127755,cardupn0113DEpr126,9999,1
127755,cardupn0113DEpr127,9999,1
127755,cardupn0113DEpr128,9999,1
127755,cardupn0113DEpr129,9999,1
127755,cardupn0113DEpr130,9999,1
127755,cardupn0113DEpr131,9999,1
127755,cardupn0113DEpr132,9999,1
127755,cardupn0113DEpr133,9999,1
127755,cardupn0113DEpr134,9999,1
127755,cardupn0113DEpr135,9999,1
127755,cardupn0113DEpr136,9999,1
127755,cardupn0113DEpr137,9999,1
127755,cardupn0113DEpr138,9999,1
127755,cardupn0113DEpr139,9999,1
127755,cardupn0113DEpr140,9999,1
127755,cardupn0113DEpr141,9999,1
127755,cardupn0113DEpr142,9999,1
127755,cardupn0113DEpr143,9999,1
127755,cardupn0113DEpr144,9999,1
127755,cardupn0113DEpr145,9999,1
127755,cardupn0113DEpr146,9999,1
127755,cardupn0113DEpr147,9999,1
127755,cardupn0113DEpr148,9999,1
127755,cardupn0113DEpr149,9999,1
127755,cardupn0113DEpr150,9999,1
127755,cardupn0113DEpr151,9999,1
127755,cardupn0113DEpr152,9999,1
127755,cardupn0113DEpr153,9999,1
127755,cardupn0113DEpr154,9999,1
127755,cardupn0113DEpr155,9999,1
127755,cardupn0113DEpr156,9999,1
127755,cardupn0113DEpr157,9999,1
127755,cardupn0113DEpr158,9999,1
127755,cardupn0113DEpr159,9999,1
127755,cardupn0113DEpr160,9999,1
127755,cardupn0113DEpr161,9999,1
127755,cardupn0113DEpr162,9999,1
127755,cardupn0113DEpr163,9999,1
127755,cardupn0113DEpr164,9999,1
127755,cardupn0113DEpr165,9999,1
127755,cardupn0113DEpr166,9999,1
127755,cardupn0113DEpr167,9999,1
127755,cardupn0113DEpr168,9999,1
127755,cardupn0113DEpr169,9999,1
127755,cardupn0113DEpr170,9999,1
127755,cardupn0113DEpr171,9999,1
127755,cardupn0113DEpr172,9999,1
127755,cardupn0113DEpr173,9999,1
127755,cardupn0113DEpr174,9999,1
127755,cardupn0113DEpr175,9999,1
127755,cardupn0113DEpr176,9999,1
127755,cardupn0113DEpr177,9999,1
127755,cardupn0113DEpr178,9999,1
127755,cardupn0113DEpr179,9999,1
127755,cardupn0113DEpr180,9999,1
127755,cardupn0113DEpr181,9999,1
127755,cardupn0113DEpr182,9999,1
127755,cardupn0113DEpr183,9999,1
127755,cardupn0113DEpr184,9999,1
127755,cardupn0113DEpr185,9999,1
127755,cardupn0113DEpr186,9999,1
127755,cardupn0113DEpr187,9999,1
127755,cardupn0113DEpr188,9999,1
127755,cardupn0113DEpr189,9999,1
127755,cardupn0113DEpr190,9999,1
127755,cardupn0113DEpr191,9999,1
127755,cardupn0113DEpr192,9999,1
127755,cardupn0113DEpr193,9999,1
127755,cardupn0113DEpr194,9999,1
127755,cardupn0113DEpr195,9999,1
127755,cardupn0113DEpr196,9999,1
127755,cardupn0113DEpr197,9999,1
127755,cardupn0113DEpr198,9999,1
127755,cardupn0113DEpr199,9999,1
127755,cardupn0113DEpr200,9999,1
127763,cardupn0114DEpr001,9999,1
127763,cardupn0114DEpr002,9999,1
127763,cardupn0114DEpr003,9999,1
127763,cardupn0114DEpr004,9999,1
127763,cardupn0114DEpr005,9999,1
127763,cardupn0114DEpr006,9999,1
127763,cardupn0114DEpr007,9999,1
127763,cardupn0114DEpr008,9999,1
127763,cardupn0114DEpr009,9999,1
127763,cardupn0114DEpr010,9999,1
127763,cardupn0114DEpr011,9999,1
127763,cardupn0114DEpr012,9999,1
127763,cardupn0114DEpr013,9999,1
127763,cardupn0114DEpr014,9999,1
127763,cardupn0114DEpr015,9999,1
127763,cardupn0114DEpr016,9999,1
127763,cardupn0114DEpr017,9999,1
127763,cardupn0114DEpr018,9999,1
127763,cardupn0114DEpr019,9999,1
127763,cardupn0114DEpr020,9999,1
127763,cardupn0114DEpr021,9999,1
127763,cardupn0114DEpr022,9999,1
127763,cardupn0114DEpr023,9999,1
127763,cardupn0114DEpr024,9999,1
127763,cardupn0114DEpr025,9999,1
127763,cardupn0114DEpr026,9999,1
127763,cardupn0114DEpr027,9999,1
127763,cardupn0114DEpr028,9999,1
127763,cardupn0114DEpr029,9999,1
127763,cardupn0114DEpr030,9999,1
127763,cardupn0114DEpr031,9999,1
127763,cardupn0114DEpr032,9999,1
127763,cardupn0114DEpr033,9999,1
127763,cardupn0114DEpr034,9999,1
127763,cardupn0114DEpr035,9999,1
127763,cardupn0114DEpr036,9999,1
127763,cardupn0114DEpr037,9999,1
127763,cardupn0114DEpr038,9999,1
127763,cardupn0114DEpr039,9999,1
127763,cardupn0114DEpr040,9999,1
127763,cardupn0114DEpr041,9999,1
127763,cardupn0114DEpr042,9999,1
127763,cardupn0114DEpr043,9999,1
127763,cardupn0114DEpr044,9999,1
127763,cardupn0114DEpr045,9999,1
127763,cardupn0114DEpr046,9999,1
127763,cardupn0114DEpr047,9999,1
127763,cardupn0114DEpr048,9999,1
127763,cardupn0114DEpr049,9999,1
127763,cardupn0114DEpr050,9999,1
127763,cardupn0114DEpr051,9999,1
127763,cardupn0114DEpr052,9999,1
127763,cardupn0114DEpr053,9999,1
127763,cardupn0114DEpr054,9999,1
127763,cardupn0114DEpr055,9999,1
127763,cardupn0114DEpr056,9999,1
127763,cardupn0114DEpr057,9999,1
127763,cardupn0114DEpr058,9999,1
127763,cardupn0114DEpr059,9999,1
127763,cardupn0114DEpr060,9999,1
127763,cardupn0114DEpr061,9999,1
127763,cardupn0114DEpr062,9999,1
127763,cardupn0114DEpr063,9999,1
127763,cardupn0114DEpr064,9999,1
127763,cardupn0114DEpr065,9999,1
127763,cardupn0114DEpr066,9999,1
127763,cardupn0114DEpr067,9999,1
127763,cardupn0114DEpr068,9999,1
127763,cardupn0114DEpr069,9999,1
127763,cardupn0114DEpr070,9999,1
127763,cardupn0114DEpr071,9999,1
127763,cardupn0114DEpr072,9999,1
127763,cardupn0114DEpr073,9999,1
127763,cardupn0114DEpr074,9999,1
127763,cardupn0114DEpr075,9999,1
127763,cardupn0114DEpr076,9999,1
127763,cardupn0114DEpr077,9999,1
127763,cardupn0114DEpr078,9999,1
127763,cardupn0114DEpr079,9999,1
127763,cardupn0114DEpr080,9999,1
127763,cardupn0114DEpr081,9999,1
127763,cardupn0114DEpr082,9999,1
127763,cardupn0114DEpr083,9999,1
127763,cardupn0114DEpr084,9999,1
127763,cardupn0114DEpr085,9999,1
127763,cardupn0114DEpr086,9999,1
127763,cardupn0114DEpr087,9999,1
127763,cardupn0114DEpr088,9999,1
127763,cardupn0114DEpr089,9999,1
127763,cardupn0114DEpr090,9999,1
127763,cardupn0114DEpr091,9999,1
127763,cardupn0114DEpr092,9999,1
127763,cardupn0114DEpr093,9999,1
127763,cardupn0114DEpr094,9999,1
127763,cardupn0114DEpr095,9999,1
127763,cardupn0114DEpr096,9999,1
127763,cardupn0114DEpr097,9999,1
127763,cardupn0114DEpr098,9999,1
127763,cardupn0114DEpr099,9999,1
127763,cardupn0114DEpr100,9999,1
127763,cardupn0114DEpr101,9999,1
127763,cardupn0114DEpr102,9999,1
127763,cardupn0114DEpr103,9999,1
127763,cardupn0114DEpr104,9999,1
127763,cardupn0114DEpr105,9999,1
127763,cardupn0114DEpr106,9999,1
127763,cardupn0114DEpr107,9999,1
127763,cardupn0114DEpr108,9999,1
127763,cardupn0114DEpr109,9999,1
127763,cardupn0114DEpr110,9999,1
127763,cardupn0114DEpr111,9999,1
127763,cardupn0114DEpr112,9999,1
127763,cardupn0114DEpr113,9999,1
127763,cardupn0114DEpr114,9999,1
127763,cardupn0114DEpr115,9999,1
127763,cardupn0114DEpr116,9999,1
127763,cardupn0114DEpr117,9999,1
127763,cardupn0114DEpr118,9999,1
127763,cardupn0114DEpr119,9999,1
127763,cardupn0114DEpr120,9999,1
127763,cardupn0114DEpr121,9999,1
127763,cardupn0114DEpr122,9999,1
127763,cardupn0114DEpr123,9999,1
127763,cardupn0114DEpr124,9999,1
127763,cardupn0114DEpr125,9999,1
127763,cardupn0114DEpr126,9999,1
127763,cardupn0114DEpr127,9999,1
127763,cardupn0114DEpr128,9999,1
127763,cardupn0114DEpr129,9999,1
127763,cardupn0114DEpr130,9999,1
127763,cardupn0114DEpr131,9999,1
127763,cardupn0114DEpr132,9999,1
127763,cardupn0114DEpr133,9999,1
127763,cardupn0114DEpr134,9999,1
127763,cardupn0114DEpr135,9999,1
127763,cardupn0114DEpr136,9999,1
127763,cardupn0114DEpr137,9999,1
127763,cardupn0114DEpr138,9999,1
127763,cardupn0114DEpr139,9999,1
127763,cardupn0114DEpr140,9999,1
127763,cardupn0114DEpr141,9999,1
127763,cardupn0114DEpr142,9999,1
127763,cardupn0114DEpr143,9999,1
127763,cardupn0114DEpr144,9999,1
127763,cardupn0114DEpr145,9999,1
127763,cardupn0114DEpr146,9999,1
127763,cardupn0114DEpr147,9999,1
127763,cardupn0114DEpr148,9999,1
127763,cardupn0114DEpr149,9999,1
127763,cardupn0114DEpr150,9999,1
127763,cardupn0114DEpr151,9999,1
127763,cardupn0114DEpr152,9999,1
127763,cardupn0114DEpr153,9999,1
127763,cardupn0114DEpr154,9999,1
127763,cardupn0114DEpr155,9999,1
127763,cardupn0114DEpr156,9999,1
127763,cardupn0114DEpr157,9999,1
127763,cardupn0114DEpr158,9999,1
127763,cardupn0114DEpr159,9999,1
127763,cardupn0114DEpr160,9999,1
127763,cardupn0114DEpr161,9999,1
127763,cardupn0114DEpr162,9999,1
127763,cardupn0114DEpr163,9999,1
127763,cardupn0114DEpr164,9999,1
127763,cardupn0114DEpr165,9999,1
127763,cardupn0114DEpr166,9999,1
127763,cardupn0114DEpr167,9999,1
127763,cardupn0114DEpr168,9999,1
127763,cardupn0114DEpr169,9999,1
127763,cardupn0114DEpr170,9999,1
127763,cardupn0114DEpr171,9999,1
127763,cardupn0114DEpr172,9999,1
127763,cardupn0114DEpr173,9999,1
127763,cardupn0114DEpr174,9999,1
127763,cardupn0114DEpr175,9999,1
127763,cardupn0114DEpr176,9999,1
127763,cardupn0114DEpr177,9999,1
127763,cardupn0114DEpr178,9999,1
127763,cardupn0114DEpr179,9999,1
127763,cardupn0114DEpr180,9999,1
127763,cardupn0114DEpr181,9999,1
127763,cardupn0114DEpr182,9999,1
127763,cardupn0114DEpr183,9999,1
127763,cardupn0114DEpr184,9999,1
127763,cardupn0114DEpr185,9999,1
127763,cardupn0114DEpr186,9999,1
127763,cardupn0114DEpr187,9999,1
127763,cardupn0114DEpr188,9999,1
127763,cardupn0114DEpr189,9999,1
127763,cardupn0114DEpr190,9999,1
127763,cardupn0114DEpr191,9999,1
127763,cardupn0114DEpr192,9999,1
127763,cardupn0114DEpr193,9999,1
127763,cardupn0114DEpr194,9999,1
127763,cardupn0114DEpr195,9999,1
127763,cardupn0114DEpr196,9999,1
127763,cardupn0114DEpr197,9999,1
127763,cardupn0114DEpr198,9999,1
127763,cardupn0114DEpr199,9999,1
127763,cardupn0114DEpr200,9999,1
127763,cardupn0114DEpr201,9999,1
127763,cardupn0114DEpr202,9999,1
127763,cardupn0114DEpr203,9999,1
127763,cardupn0114DEpr204,9999,1
127763,cardupn0114DEpr205,9999,1
127763,cardupn0114DEpr206,9999,1
127763,cardupn0114DEpr207,9999,1
127763,cardupn0114DEpr208,9999,1
127763,cardupn0114DEpr209,9999,1
127763,cardupn0114DEpr210,9999,1
127763,cardupn0114DEpr211,9999,1
127763,cardupn0114DEpr212,9999,1
127763,cardupn0114DEpr213,9999,1
127763,cardupn0114DEpr214,9999,1
127763,cardupn0114DEpr215,9999,1
127763,cardupn0114DEpr216,9999,1
127763,cardupn0114DEpr217,9999,1
127763,cardupn0114DEpr218,9999,1
127763,cardupn0114DEpr219,9999,1
127763,cardupn0114DEpr220,9999,1
127763,cardupn0114DEpr221,9999,1
127763,cardupn0114DEpr222,9999,1
127763,cardupn0114DEpr223,9999,1
127763,cardupn0114DEpr224,9999,1
127763,cardupn0114DEpr225,9999,1
127763,cardupn0114DEpr226,9999,1
127763,cardupn0114DEpr227,9999,1
127763,cardupn0114DEpr228,9999,1
127763,cardupn0114DEpr229,9999,1
127763,cardupn0114DEpr230,9999,1
127763,cardupn0114DEpr231,9999,1
127763,cardupn0114DEpr232,9999,1
127763,cardupn0114DEpr233,9999,1
127763,cardupn0114DEpr234,9999,1
127826,11478,4,2
127826,11946,27,1
127826,11947,27,1
127826,14720,71,1
127826,24316,70,2
127826,2780,0,13
127826,32013,0,4
127826,32073,14,1
127826,32123b,71,7
127826,32140,15,2
127826,32140,0,3
127826,32140,27,3
127826,32198,19,1
127826,32270,0,3
127826,32498,0,2
127826,32523,15,1
127826,32523,72,3
127826,32524,4,1
127826,32524,72,2
127826,32526,72,1
127826,32526,27,2
127826,3705,0,1
127826,3706,4,1
127826,3713,4,5
127826,3749,19,4
127826,42003,0,3
127826,43093,1,11
127826,43857,27,1
127826,43857,0,4
127826,44294,71,1
127826,4519,71,5
127826,55982,4,4
127826,59443,72,1
127826,61408,0,1
127826,61904,72,1
127826,62462,4,1
127826,6536,4,2
127826,65481,9999,1
127826,65487,71,3
127826,65489,71,3
127826,6558,1,11
127826,6589,19,1
127826,6632,71,1
127826,87083,72,1
127826,92402,0,4
127826,94925,71,3
127861,3001,15,1
127861,3003,15,2
127861,3021,14,1
127861,3021,4,1
127861,3660,4,1
127861,3665,15,2
127883,10197,72,2
127883,10928,72,4
127883,11153,272,2
127883,11211,71,1
127883,11212,15,2
127883,11212,0,1
127883,11214,4,84
127883,11458,15,2
127883,11477,72,4
127883,11477,28,10
127883,11477,71,4
127883,11478,71,8
127883,11946,272,6
127883,11946,28,7
127883,11946,321,1
127883,11946,71,1
127883,11946,0,8
127883,11946,4,2
127883,11947,28,7
127883,11947,71,1
127883,11947,0,8
127883,11947,321,1
127883,11947,272,6
127883,11947,4,2
127883,11950,71,2
127883,13731,71,2
127883,13731,321,4
127883,14226c11,0,2
127883,14720,71,6
127883,14769,0,3
127883,15068,272,1
127883,15068,28,16
127883,15100,1,17
127883,15100,0,30
127883,15391,71,2
127883,15458,272,4
127883,15458,0,7
127883,15462,70,5
127883,15573,0,3
127883,15672,321,4
127883,15712,71,2
127883,18575,19,7
127883,18651,0,29
127883,18654,0,12
127883,18654,15,23
127883,18677,4,4
127883,18677,0,2
127883,18944,0,1
127883,18944,272,6
127883,18945,0,2
127883,18946,4,11
127883,18947,72,5
127883,18948,15,8
127883,20482,0,8
127883,22961,71,17
127883,23799,0,4
127883,23801,0,2
127883,23948,71,1
127883,24116,272,2
127883,24118,321,2
127883,24118,272,2
127883,24119,28,3
127883,24119,0,1
127883,2412b,0,40
127883,2412b,179,6
127883,24246,71,1
127883,24299,321,1
127883,24307,321,1
127883,2431,71,3
127883,2431,321,2
127883,24316,70,18
127883,2431pr0105,15,1
127883,2445,71,1
127883,2540,72,4
127883,2654,72,4
127883,2730,0,4
127883,2730,71,1
127883,2736,71,5
127883,2741,0,1
127883,2780,0,684
127883,2850b,71,16
127883,2851,14,16
127883,2852,71,16
127883,2853,14,6
127883,2854,19,9
127883,29119,0,1
127883,29119,272,3
127883,29119,72,4
127883,29120,72,4
127883,29120,0,1
127883,29120,272,3
127883,3020,72,1
127883,3020,0,4
127883,3020,28,4
127883,3021,28,2
127883,3022,0,1
127883,3022,28,1
127883,3023,0,4
127883,3023,71,5
127883,3023,15,2
127883,3023,321,2
127883,3023,28,3
127883,3024,15,2
127883,3024,47,8
127883,3024,0,2
127883,3034,71,2
127883,30503,71,2
127883,3069b,272,2
127883,3069b,0,1
127883,3069b,321,4
127883,3069b,28,1
127883,3070b,28,2
127883,3070b,0,1
127883,31794,71,4
127883,32000,0,10
127883,32002,19,2
127883,32005a,0,2
127883,32009,0,20
127883,32009,28,8
127883,32013,0,12
127883,32013,71,7
127883,32015,71,4
127883,32016,0,8
127883,32034,25,3
127883,32034,0,5
127883,32034,71,6
127883,32039,0,8
127883,32054,25,17
127883,32054,71,79
127883,32062,4,60
127883,32072,14,7
127883,32073,71,21
127883,32123b,14,18
127883,32124,1,1
127883,32126,0,4
127883,32140,0,35
127883,32140,272,6
127883,32140,321,12
127883,32184,14,9
127883,32184,71,10
127883,32192,321,6
127883,32200,0,2
127883,32202,321,1
127883,32235,321,2
127883,32235,0,1
127883,32270,0,8
127883,32271,71,2
127883,32278,272,10
127883,32278,0,30
127883,32291,71,10
127883,32316,71,5
127883,32316,321,4
127883,32316,27,3
127883,32316,0,61
127883,32333,71,2
127883,32494,71,4
127883,32523,71,61
127883,32524,71,6
127883,32524,14,1
127883,32524,0,34
127883,32524,272,10
127883,32524,321,11
127883,32525,71,1
127883,32525,272,20
127883,32525,321,9
127883,32525,0,22
127883,32526,321,8
127883,32526,71,54
127883,32526,272,12
127883,32529,0,1
127883,32556,19,10
127883,32580,272,2
127883,33299b,0,6
127883,3460,72,2
127883,3460,71,2
127883,35185,1,4
127883,35186,14,1
127883,35187pr0001,272,4
127883,35188,25,2
127883,35189,72,4
127883,3623,28,4
127883,3623,15,2
127883,3623,0,2
127883,3623,1,2
127883,3648b,72,6
127883,3666,272,2
127883,3673,71,4
127883,3705,0,9
127883,3706,4,10
127883,3707,0,5
127883,3710,1,2
127883,3710,15,2
127883,3710,272,2
127883,3710,28,4
127883,3710,0,1
127883,3713,71,22
127883,3737,4,1
127883,3749,19,1
127883,38973,9999,1
127883,40490,71,15
127883,41239,272,2
127883,41239,71,10
127883,4162,272,2
127883,41669,0,2
127883,41677,71,15
127883,41677,4,1
127883,41678,0,2
127883,41678,71,1
127883,41769,272,1
127883,41770,272,1
127883,42003,321,6
127883,42003,0,64
127883,42195,71,6
127883,42610,71,1
127883,4274,71,63
127883,4287c,0,2
127883,4287c,71,2
127883,43093,1,171
127883,43857,14,2
127883,44294,14,9
127883,44809,71,1
127883,4519,14,35
127883,48267,321,2
127883,48729b,0,2
127883,48729b,71,8
127883,48989,71,4
127883,50303,0,2
127883,51149,4,1
127883,52107,28,2
127883,54200,71,3
127883,55013,72,4
127883,55615,71,10
127883,59426,72,7
127883,59443,4,8
127883,59443,0,11
127883,59443,14,6
127883,60483,272,22
127883,60483,0,46
127883,60484,71,42
127883,60485,71,1
127883,60897,0,4
127883,61069,71,2
127883,6141,15,5
127883,61903,71,4
127883,62462,25,3
127883,62531,0,1
127883,62531,321,2
127883,62821b,72,2
127883,63864,28,8
127883,63869,0,44
127883,64178,71,1
127883,64179,0,16
127883,64392,321,1
127883,64392,272,1
127883,64393,272,2
127883,64393,321,2
127883,64394,321,2
127883,64394,272,2
127883,64394,0,2
127883,64680,272,2
127883,64680,0,2
127883,64680,321,2
127883,64681,272,2
127883,64681,321,2
127883,64682,321,1
127883,64682,272,1
127883,64781,0,1
127883,64782,0,2
127883,64799,0,1
127883,6536,71,29
127883,6558,1,432
127883,6589,19,7
127883,6628,0,23
127883,6629,272,6
127883,6629,0,16
127883,6636,321,2
127883,6636,71,2
127883,75c08,71,2
127883,75c16,71,2
127883,75c26,4,1
127883,75c34,272,1
127883,75c38,71,2
127883,76244,15,1
127883,76537,14,8
127883,85543,15,2
127883,85546,14,2
127883,85984,72,9
127883,87080,272,1
127883,87080,321,2
127883,87080,0,1
127883,87082,71,9
127883,87083,72,17
127883,87086,0,1
127883,87086,272,1
127883,87086,321,2
127883,87408,0,1
127883,87994,71,4
127883,92907,1,4
127883,93273,72,4
127883,93273,0,1
127883,93273,28,1
127883,93609,72,4
127883,94925,71,16
127883,98138,27,2
127883,98138pr0039,272,4
127883,99008,19,9
127883,99206,0,1
127883,99207,0,2
127883,99773,71,4
127906,11153,70,1
127906,11153,320,8
127906,11153,15,1
127906,11211,72,12
127906,11437,297,2
127906,11477,71,3
127906,13564,72,2
127906,14769,70,8
127906,14769,297,1
127906,15068,71,2
127906,15070,15,1
127906,15573,72,2
127906,15672,320,2
127906,15672,71,2
127906,15712,71,1
127906,15712,320,18
127906,18031,0,1
127906,18034,179,1
127906,18910,28,8
127906,18980,28,6
127906,18980,0,2
127906,1927,72,2
127906,2357,28,8
127906,24201,19,2
127906,24201,0,2
127906,24201pr0001,15,1
127906,24201pr0002,70,1
127906,24299,28,1
127906,24307,28,1
127906,2450,28,8
127906,2450,71,1
127906,24866,71,4
127906,25269,28,20
127906,26047,0,1
127906,26047,15,1
127906,26601,28,4
127906,27925,320,6
127906,28192,320,4
127906,28588,72,2
127906,29119,320,1
127906,29119,28,2
127906,29120,320,1
127906,29120,28,2
127906,3005,28,4
127906,3009,28,4
127906,30166,72,2
127906,3020,28,1
127906,3020,484,1
127906,3021,322,1
127906,3021,28,1
127906,3022,71,1
127906,3022,484,3
127906,3023,19,1
127906,3023,4,1
127906,3023,71,9
127906,3023,72,6
127906,3023,320,2
127906,3023,2,1
127906,3023,15,1
127906,3023,70,1
127906,3023,28,14
127906,3023,0,1
127906,3024,320,14
127906,3024,71,2
127906,3024,70,2
127906,3032,19,2
127906,3032,28,2
127906,3040b,28,4
127906,30414,72,10
127906,3049d,72,2
127906,3062b,4,1
127906,3068b,19,1
127906,3070b,71,1
127906,32028,28,4
127906,32064a,0,3
127906,32064a,15,1
127906,32124,72,1
127906,32802,72,1
127906,32828,19,4
127906,32828,297,4
127906,32828,0,4
127906,33183,70,1
127906,33909,320,1
127906,3460,28,2
127906,35044,28,4
127906,35480,72,1
127906,35480,320,2
127906,3623,28,8
127906,3623,320,4
127906,3665,28,2
127906,3666,320,9
127906,3666,28,6
127906,36840,71,1
127906,3700,71,3
127906,3710,72,2
127906,3710,0,1
127906,3710,19,1
127906,3795,320,1
127906,4070,72,4
127906,4081b,70,3
127906,4081b,19,3
127906,41740,28,4
127906,41749,28,2
127906,41750,28,2
127906,41769,28,6
127906,41770,28,6
127906,42022,320,2
127906,4282,71,2
127906,44728,72,4
127906,44861,72,8
127906,44861,0,1
127906,44861,15,1
127906,4599b,4,1
127906,49668,15,1
127906,50304,28,2
127906,50305,28,2
127906,51739,28,1
127906,53454,179,1
127906,54200,72,4
127906,54200,28,4
127906,54200,19,4
127906,54383,71,3
127906,59230,0,1
127906,59443,71,1
127906,60478,72,1
127906,60485,71,1
127906,60596,28,2
127906,60897,320,4
127906,61252,297,2
127906,6141,179,2
127906,6141,1,8
127906,63868,71,4
127906,64567,297,2
127906,64644,70,1
127906,65092,1055,1
127906,6636,28,18
127906,70681,71,2
127906,72132,72,4
127906,73230,15,2
127906,73230,0,2
127906,73562,71,1
127906,75904,71,1
127906,78443,28,1
127906,78444,28,1
127906,85861,297,6
127906,85975,179,1
127906,85984,28,6
127906,85984,320,6
127906,86996,15,1
127906,87083,72,1
127906,87087,484,8
127906,87747,19,2
127906,87994,70,2
127906,87994,15,2
127906,89678,4,2
127906,90529,9999,1
127906,91884,179,8
127906,92438,28,1
127906,93273,71,1
127906,95228,34,1
127906,98138,41,16
127906,98313,15,4
127906,98313,70,4
127906,99206,71,6
127906,99207,320,1
127906,99207,72,2
127947,10113,0,1
127947,15391,0,1
127947,15392,72,1
127947,21459,179,1
127947,25386,19,1
127947,25893,47,1
127947,29111,0,1
127947,30385,42,1
127947,3069bpr0100,2,1
127947,33078,4,1
127947,42876,484,1
127947,61482,71,1
127947,64648,212,1
127947,64728,4,1
127947,85959pat0003,36,1
127947,92585,297,1
127947,95199,72,1
127947,98138,182,2
127947,98138pr0065,35,1
127947,98721,0,1
127961,32039,27,9
127961,32062,15,11
127961,32073,15,8
127961,32171pr0002,0,1
127961,32171pr0003,0,1
127961,32171pr0005,0,1
127961,32171pr0006,0,1
127961,32173,7,17
127961,32174,7,2
127961,32174,8,19
127961,32174,19,45
127961,32174,14,4
127961,32175,73,5
127961,32177,272,2
127961,32475,8,2
127961,32476,25,1
127961,32482,0,2
127961,32489,6,2
127961,32506,15,4
127961,32551,1,7
127961,32558,4,1
127961,32560,135,8
127961,32566,22,1
127961,32566,25,4
127961,32567,0,4
127961,32568,484,1
127961,32569,379,2
127961,32570,8,8
127961,32571,33,7
127961,32573,25,3
127961,32576,484,2
127961,32577,15,7
127961,32578,0,1
127961,32579,8,4
127961,3673,7,3
127961,3704,0,100
127961,3705,2,9
127961,3705,15,5
127961,3706,7,4
127961,3707,15,4
127961,3749,7,1
127961,40339,8,3
127961,40342,4,2
127961,40507,15,1
127961,40507,19,2
127961,41662,0,4
127961,41663,0,8
127961,41663,73,1
127961,41664,1,6
127961,41668,1,6
127961,41669,41,10
127961,41670,73,12
127961,41670,19,49
127961,41672,25,3
127961,41677,8,10
127961,42074,135,10
127961,43093,15,5
127961,43557,73,6
127961,43557,27,2
127961,43559,15,2
127961,43614,2,1
127961,43616,0,2
127961,43856,1,1
127961,44031,135,3
127961,44034,135,2
127961,44138,183,2
127961,4519,4,4
127961,45749,7,2
127961,6587,15,13
128043,15573,19,1
128043,3031,27,1
128043,3040b,26,2
128043,3062b,19,2
128043,33172,25,1
128043,33183,10,1
128043,33291,191,1
128043,33291,70,1
128043,3659,15,1
128043,98387pr0001,15,1
128044,11211,4,1
128044,11211,19,2
128044,11477,70,2
128044,15573,70,1
128044,18649,0,1
128044,18674,70,1
128044,3005,84,2
128044,3005,4,2
128044,3023,4,1
128044,3023,84,1
128044,3024,19,1
128044,34103,19,1
128044,3665,70,2
128044,3665,4,2
128044,3710,84,2
128044,3710,4,1
128044,3710,2,1
128044,39739,5,2
128044,4490,19,1
128044,49307,84,2
128044,54200,4,4
128044,54200,70,2
128044,6091,70,2
128044,61252,19,3
128044,6141,19,2
128044,6141,0,1
128044,85861,70,4
128044,87087,19,1
128044,98138pr0008,15,2
128044,98138pr0027,15,2
128046,13965,70,1
128046,15678pat0001,10,1
128046,15712,70,1
128046,2423,2,1
128046,3023,70,1
128046,3031,2,1
128046,33183,10,1
128046,33291,4,2
128046,4740,57,1
128046,48336,15,1
128046,60581,41,1
128046,87580,27,1
128047,15573,19,1
128047,3031,27,1
128047,3040b,26,2
128047,3062b,19,2
128047,33172,25,1
128047,33183,10,1
128047,33291,70,1
128047,33291,191,1
128047,3659,15,1
128047,98387pr0001,15,1
128048,15712,70,1
128048,22888,19,1
128048,24183pr0002,484,1
128048,3004,26,2
128048,3062b,41,1
128048,33183,10,1
128048,3666,26,1
128048,3700,15,1
128048,3749,19,1
128048,4599b,14,1
128048,60581,47,1
128048,61252,14,8
128048,6141,29,2
128048,75937,179,1
128048,87580,27,1
128049,3024,4,2
128049,3024,15,2
128049,3795,27,1
128049,54200,15,2
128049,54200,4,2
128049,6141,33,2
128049,6256,29,1
128049,93089pr0003,71,1
128050,22667,4,1
128050,2423,2,1
128050,30136,70,1
128050,3020,2,1
128050,3022,19,1
128050,3023,2,1
128050,3023,70,1
128050,3039,70,1
128050,3665,70,2
128050,6231,322,4
128050,98388pr0001,191,1
128051,11153,28,2
128051,11575pr0002,15,1
128051,15573,26,2
128051,15573,15,1
128051,3020,322,1
128051,3022,28,1
128051,3023,288,1
128051,3031,27,1
128051,30565,85,1
128051,3062b,15,2
128051,33291,5,2
128051,33320,2,1
128051,3957b,15,1
128051,3960,191,1
128051,6141,2,1
128051,6256,191,1
128051,93160,15,1
128055,19220,0,1
128055,37829pr0001,378,1
128055,42876,484,1
128061,22889,4,1
128061,3003,85,2
128061,3003,25,2
128061,3004,85,2
128061,3004,26,4
128061,3004,320,2
128061,3004,191,2
128061,3005,26,2
128061,3010pr0062,26,1
128061,3020,191,1
128061,3020,26,1
128061,3021,191,1
128061,3022,320,1
128061,3023,25,2
128061,3023,45,4
128061,3065,47,2
128061,3065,45,1
128061,3245cpr0156,26,1
128061,3245cpr0158,26,1
128061,3660,4,1
128061,3795,26,1
128061,39262,297,1
128061,54200,85,2
128061,54200,25,2
128069,20482,70,1
128069,24855,2,1
128069,85975,70,1
128072,3024,4,2
128072,3024,15,2
128072,3795,27,1
128072,54200,15,2
128072,54200,4,2
128072,6141,33,2
128072,6256,29,1
128072,93089pr0003,71,1
128077,29109,179,1
128077,3001,288,1
128077,30115,27,1
128077,30162,72,1
128077,3020,14,1
128077,3795,72,1
128088,13965,70,1
128088,15678pat0001,10,1
128088,15712,70,1
128088,2423,2,1
128088,3023,70,1
128088,3031,2,1
128088,33183,10,1
128088,33291,4,2
128088,4740,57,1
128088,48336,15,1
128088,60581,41,1
128088,87580,27,1
128090,10190,4,2
128090,3001,27,2
128090,3003,14,1
128090,3010,4,1
128092,29109,179,1
128092,3001,288,1
128092,30115,27,1
128092,30162,72,1
128092,3020,14,1
128092,3795,72,1
128093,3001,288,2
128093,3003,14,1
128093,3010,0,1
128093,3899,4,1
128103,15496,15,2
128109,30089b,0,1
128109,3069bpr0149,1,1
128109,37178,27,1
128135,10190,0,2
128135,13608,179,1
128135,21459,179,1
128135,30192,72,1
128135,85861,297,1
128135,92338,179,1
128311,01023,9999,1
128311,11153,212,9
128311,11211,272,5
128311,11211,212,3
128311,11213,15,1
128311,11476,71,2
128311,11476,70,2
128311,11477,212,8
128311,11477,0,2
128311,13349,212,1
128311,13547,0,2
128311,13547,272,4
128311,13965,212,6
128311,14704,71,2
128311,14769,70,2
128311,14769,0,1
128311,14769pr1112,71,1
128311,15068,28,1
128311,15068,212,5
128311,15068,0,4
128311,15254,212,4
128311,15469,10,1
128311,15535,72,2
128311,15535,19,2
128311,15712,0,1
128311,18646,71,1
128311,18649,0,2
128311,18651,0,1
128311,18653,212,6
128311,18654,72,11
128311,18674,15,2
128311,18674,71,1
128311,18677,71,1
128311,19119,2,1
128311,22885,19,2
128311,22885,71,2
128311,22888,212,2
128311,22961,71,2
128311,23443,71,1
128311,2357,272,4
128311,2420,0,5
128311,2420,272,1
128311,2420,70,2
128311,24201,272,4
128311,24201,212,2
128311,24246,71,4
128311,24246,212,2
128311,24246,0,1
128311,24299,0,1
128311,24299,212,1
128311,24307,0,1
128311,24307,212,1
128311,24309,272,8
128311,2431,28,4
128311,2431,71,2
128311,2431,15,1
128311,2445,71,2
128311,2450,0,2
128311,24866,2,6
128311,25214,0,1
128311,25269,212,4
128311,26047,70,2
128311,2654,0,4
128311,2654,19,1
128311,26601,14,2
128311,26603,272,1
128311,2723,71,7
128311,2723pr0006,71,1
128311,27507,71,2
128311,29119,272,1
128311,29120,272,1
128311,3001,272,1
128311,3001,0,2
128311,3001,15,2
128311,3004,212,2
128311,3004,272,7
128311,3004,0,2
128311,3005,212,5
128311,3005,0,1
128311,3005,272,2
128311,3009,0,3
128311,30099,212,2
128311,3010,212,8
128311,3010,4,1
128311,3010,14,1
128311,3010,0,1
128311,30136,84,2
128311,30137,84,6
128311,3020,2,4
128311,3020,14,8
128311,3020,15,3
128311,3020,71,1
128311,3020,212,2
128311,3020,0,2
128311,3020,272,1
128311,3021,272,5
128311,3021,70,1
128311,3021,4,1
128311,3021,14,3
128311,3021,212,12
128311,3021,15,1
128311,3021,0,2
128311,3022,0,1
128311,3022,19,8
128311,3022,272,5
128311,3022,2,1
128311,3023,15,4
128311,3023,2,6
128311,3023,0,12
128311,3023,212,38
128311,3023,71,4
128311,3023,70,1
128311,3023,36,3
128311,3023,14,6
128311,3023,272,11
128311,30236,84,2
128311,3024,212,26
128311,3024,2,2
128311,3024,14,2
128311,3024,70,2
128311,3024,71,5
128311,3024,0,5
128311,3024,36,2
128311,3031,0,1
128311,3031,19,2
128311,3032,28,1
128311,3032,15,1
128311,3034,15,1
128311,30357,15,2
128311,3039,272,6
128311,3039,212,2
128311,3040b,212,4
128311,30414,71,8
128311,30565,212,4
128311,30565,0,2
128311,3062b,272,2
128311,3068b,212,2
128311,3069b,212,25
128311,3069b,4,1
128311,3069b,36,1
128311,3070b,0,1
128311,3070b,36,1
128311,3070b,272,1
128311,32001,71,2
128311,32016,71,1
128311,32028,0,4
128311,32062,4,3
128311,32062,0,2
128311,32064a,71,1
128311,32073,14,1
128311,32073,71,1
128311,32123b,71,3
128311,32123b,14,1
128311,32124,0,4
128311,32316,212,1
128311,32526,212,2
128311,32606,191,6
128311,32803,0,9
128311,32828,71,6
128311,32952,72,2
128311,32952,4,2
128311,33909,14,2
128311,3460,212,16
128311,3460,71,1
128311,35394,47,1
128311,35480,71,4
128311,35480,0,2
128311,35480,19,1
128311,3622,212,4
128311,3622,272,9
128311,3623,272,7
128311,3623,212,14
128311,3623,2,3
128311,3623,0,7
128311,3623,15,1
128311,3623,71,3
128311,3660,212,1
128311,3666,0,4
128311,3666,212,12
128311,36840,71,2
128311,36840,212,2
128311,36841,212,2
128311,3700,71,2
128311,3700,15,11
128311,3701,212,1
128311,3709,1,1
128311,3710,71,1
128311,3710,0,10
128311,3710,70,1
128311,3710,15,1
128311,3710,212,18
128311,3710,14,1
128311,3795,212,11
128311,3795,272,5
128311,3795,2,1
128311,3795,0,1
128311,39262,14,6
128311,3937,71,2
128311,3937,212,3
128311,3942c,15,1
128311,3942c,212,2
128311,3957b,0,1
128311,4032a,72,4
128311,4032a,212,2
128311,4032a,71,2
128311,4032a,70,3
128311,40379,71,1
128311,4070,212,5
128311,4070,4,1
128311,4081b,0,2
128311,4162,71,3
128311,41677,0,4
128311,41682,19,1
128311,41747,212,1
128311,41748,212,1
128311,41749,212,1
128311,41750,212,1
128311,41751,212,2
128311,42022,212,2
128311,42135,72,2
128311,4274,1,3
128311,4274,71,4
128311,4286,212,4
128311,42918,212,2
128311,42924,1,4
128311,43722,0,1
128311,43722,212,2
128311,43723,212,2
128311,43723,0,1
128311,44294,71,2
128311,4460b,212,2
128311,44728,0,2
128311,44728,71,1
128311,44861,84,2
128311,44861,71,2
128311,4510,0,4
128311,4519,71,3
128311,45590,0,2
128311,4697b,0,1
128311,47753,212,1
128311,48092,212,8
128311,48336,72,1
128311,48336,71,1
128311,48729b,72,4
128311,49612,212,4
128311,50451,0,1
128311,50950,212,6
128311,54200,212,3
128311,54200,71,1
128311,54200,36,2
128311,54383,0,1
128311,54384,0,1
128311,59230,72,2
128311,59900,212,2
128311,6005,15,6
128311,6005,212,2
128311,60470b,14,1
128311,60478,212,2
128311,60478,72,2
128311,60478,71,2
128311,60479,0,2
128311,60849,71,1
128311,60897,15,2
128311,6091,272,7
128311,6091,212,22
128311,6134,71,2
128311,6134,212,3
128311,61409,212,10
128311,6141,47,1
128311,6141,272,4
128311,6141,80,14
128311,6141,0,6
128311,6141,71,3
128311,6141,14,6
128311,61780,212,1
128311,6233,15,1
128311,63864,272,1
128311,63864,212,7
128311,63864,71,2
128311,63868,70,4
128311,63965,72,2
128311,64799,71,1
128311,65098,71,1
128311,65249,71,1
128311,6536,72,2
128311,6541,71,1
128311,6553,71,2
128311,65617,71,2
128311,6564,212,2
128311,6565,212,2
128311,66906,0,2
128311,68325,71,2
128311,68568,71,2
128311,68568,0,2
128311,68568,212,6
128311,69636,71,1
128311,69729,70,1
128311,69729,272,1
128311,73230,71,2
128311,73825,71,2
128311,73983,71,2
128311,76797,212,6
128311,77180,212,1
128311,77182,212,1
128311,78256,71,1
128311,78257,70,2
128311,78258,0,1
128311,78329,19,1
128311,80015,212,10
128311,80542,0,2
128311,84772pat0001,71,2
128311,85080,212,2
128311,85861,71,9
128311,86208,71,2
128311,87079,212,6
128311,87079,71,2
128311,87079,15,1
128311,87087,272,6
128311,87087,14,2
128311,87994,70,2
128311,87994,1,2
128311,87994,72,2
128311,88072,71,1
128311,88293,15,4
128311,92690,71,3
128311,92909,72,1
128311,92950,71,1
128311,93606,0,1
128311,93606,212,2
128311,96874,25,1
128311,98138,0,1
128311,98138,4,2
128311,98138,14,2
128311,98313,72,4
128311,98313,70,2
128311,99206,212,3
128311,99206,71,7
128311,99207,212,6
128311,99207,272,2
128311,99780,212,2
128404,11090,4,2
128404,13548,4,4
128404,15068,4,1
128404,15573,4,3
128404,15672,4,2
128404,15712,71,1
128404,18649,4,1
128404,18674,72,1
128404,18980,4,1
128404,25269,4,6
128404,26601,4,2
128404,26603,4,2
128404,27925,4,2
128404,3021,4,3
128404,3022,15,3
128404,3024,36,1
128404,30414,4,1
128404,3068b,4,2
128404,3069b,4,2
128404,32064a,4,3
128404,32073,14,1
128404,32803,0,1
128404,32828,71,4
128404,35480,4,5
128404,3623,72,2
128404,3666,4,3
128404,3673,71,2
128404,3700,0,1
128404,3710,4,1
128404,3738,72,1
128404,3747b,71,1
128404,3795,4,2
128404,4032a,4,2
128404,4070,4,4
128404,41769,4,1
128404,41770,4,1
128404,44861,4,2
128404,4740,47,1
128404,47753,4,2
128404,48336,4,1
128404,55981,71,2
128404,58090,0,2
128404,6005,4,2
128404,61252,0,2
128404,6232,4,1
128404,63868,4,2
128404,64225,0,1
128404,67810,4,2
128404,70681,4,4
128404,73109,4,1
128404,77598,72,1
128404,77765,71,1
128404,78258,0,2
128404,78329,0,2
128404,85861,0,2
128404,85940,0,2
128404,88292,4,2
128404,93274,0,2
128404,93596,9999,1
128404,93606,4,1
128404,99207,0,2
128492,10053,179,1
128492,11010,334,1
128492,2540,72,2
128492,2817,0,1
128492,3005,0,2
128492,30153,47,1
128492,3020,19,1
128492,3020,71,1
128492,3022,4,1
128492,3023,4,5
128492,3023,28,5
128492,3031,70,1
128492,3034,28,1
128492,30395,320,1
128492,3040b,72,3
128492,30552,0,8
128492,3069b,72,3
128492,3069b,2,2
128492,3069b,70,8
128492,3650c,71,1
128492,3665,70,4
128492,3665,72,1
128492,3673,71,1
128492,3700,4,1
128492,3710,71,1
128492,3710,70,11
128492,3795,70,1
128492,3832,71,1
128492,3937,72,2
128492,41747,0,1
128492,41748,0,1
128492,41751,0,1
128492,41764,0,1
128492,41765,0,1
128492,42021,70,1
128492,43093,1,1
128492,43722,28,1
128492,43723,28,1
128492,44301a,0,16
128492,44302a,70,24
128492,4460b,72,3
128492,4600,71,1
128492,4624,71,2
128492,47455,0,1
128492,47759pr0002,0,1
128492,48169,72,1
128492,48171,72,1
128492,48336,19,1
128492,4865b,72,1
128492,49668,0,6
128492,53451,15,2
128492,54200,4,2
128492,54200,0,4
128492,54200,70,8
128492,54200,72,6
128492,54383,0,1
128492,54384,0,1
128492,55236,288,2
128492,56823c100,15,1
128492,60476,4,2
128492,60897,71,2
128492,6091,0,2
128492,6134,71,2
128492,6141,4,4
128492,61510,71,2
128492,61678,0,4
128492,64648,179,1
128492,6541,71,1
128492,6589,19,2
128492,6636,28,1
128492,73983,0,8
128492,87083,72,1
128492,87747,0,8
128492,88072,4,2
128492,93273,71,1
128492,95673,179,1
128492,98313,0,2
128492,99781,71,2
128578,11601,41,2
128578,53454,36,1
128578,6117,72,1
128578,64567,1103,1
128578,87994,4,1
128638,3626cpr0412,179,1
128638,40925pat0014,15,1
128638,970c27pr9767,15,1
128638,973c30h12pr0001,15,1
128700,15427,70,1
128700,3626cpr0001,14,1
128700,970c26,19,1
128700,973c01h01pr1585,25,1
128701,3626cpr0001,14,1
128701,87991,484,1
128701,970c26,19,1
128701,973c28h01,1,1
128705,58247,0,1
128819,10201,15,1
128819,11211,19,6
128819,11291,4,1
128819,12825,71,2
128819,13269,0,1
128819,13547,4,2
128819,13564,15,2
128819,14718,4,1
128819,14719,71,2
128819,14769,4,2
128819,15068,0,4
128819,15114,9999,1
128819,15207,15,1
128819,15207,4,2
128819,15573,71,24
128819,15672,0,6
128819,17454,1,1
128819,17457,41,1
128819,2412b,71,7
128819,2412b,72,1
128819,2420,4,2
128819,2431,71,2
128819,2431,15,2
128819,2431pr0028,72,1
128819,2432,71,4
128819,2432,14,8
128819,2454a,4,1
128819,2476a,71,4
128819,2495,4,1
128819,2496,0,1
128819,2584,0,1
128819,2585,71,1
128819,2654,4,1
128819,2723,0,3
128819,2730,0,4
128819,2866,14,2
128819,2871b,0,4
128819,2877,14,3
128819,2878,0,10
128819,298c02,71,2
128819,30000,71,2
128819,3001,0,3
128819,3001,19,1
128819,3001,1,4
128819,3001,72,1
128819,3002,0,1
128819,3003,19,1
128819,3004,4,1
128819,3004,0,2
128819,3004,70,1
128819,3005,1,2
128819,3008,70,2
128819,3009,0,2
128819,3009,1,2
128819,3009,71,2
128819,3009,2,3
128819,3010,0,4
128819,3010,4,3
128819,3020,15,2
128819,3020,1,4
128819,3020,0,1
128819,3021,0,5
128819,3022,15,8
128819,3022,0,3
128819,3022,14,3
128819,3023,70,4
128819,3023,72,1
128819,3023,2,10
128819,3023,14,4
128819,3023,0,2
128819,3023,4,2
128819,3024,36,2
128819,3024,182,4
128819,3024,1,4
128819,3027,0,1
128819,3030,0,1
128819,3031,1,1
128819,3031,70,1
128819,3032,72,1
128819,3032,1,1
128819,3033,0,1
128819,3034,0,2
128819,3034,72,1
128819,3035,19,4
128819,3036,0,1
128819,3036,1,1
128819,30374,0,2
128819,30383,15,2
128819,3039,72,1
128819,30395,72,1
128819,3040b,2,2
128819,3040b,4,2
128819,30414,14,3
128819,30414,1,2
128819,30586,71,2
128819,3068b,72,13
128819,3068bpr9407,15,1
128819,3069b,40,3
128819,3069b,1,1
128819,3069b,70,5
128819,3069b,15,1
128819,3069b,46,4
128819,3069bpr0030,15,1
128819,3070b,0,4
128819,3185,0,4
128819,32001,0,1
128819,32028,72,2
128819,32028,0,4
128819,32028,71,6
128819,32054,0,1
128819,32073,71,1
128819,3228c,72,8
128819,3460,71,2
128819,3464,72,1
128819,3622,1,4
128819,3623,4,6
128819,3660,2,2
128819,3665,14,4
128819,3666,4,2
128819,3666,72,2
128819,3666,191,2
128819,3666,2,5
128819,3666,0,6
128819,3700,4,1
128819,3700,71,2
128819,3705,0,2
128819,3706,0,4
128819,3710,19,9
128819,3710,191,5
128819,3710,72,11
128819,3710,0,1
128819,3710,4,3
128819,3710,2,2
128819,3710,1,2
128819,3738,72,1
128819,3747b,1,4
128819,3794b,0,1
128819,3795,2,3
128819,3795,72,4
128819,3821,2,1
128819,3822,2,1
128819,3829c01,0,2
128819,3832,72,4
128819,3832,14,4
128819,3899,4,1
128819,3899,14,1
128819,3937,72,1
128819,3941,15,5
128819,3957b,71,1
128819,3960,15,2
128819,4025,14,5
128819,4032a,4,1
128819,4032a,15,1
128819,4032a,2,1
128819,4070,2,2
128819,4079b,14,1
128819,4079b,4,1
128819,4162,1,2
128819,4181,1,1
128819,4182,1,1
128819,4183,41,2
128819,42446,72,4
128819,42610,71,4
128819,4282,71,2
128819,43093,1,4
128819,44301b,0,2
128819,44302a,0,2
128819,4477,0,2
128819,4477,72,10
128819,4488,0,4
128819,4510,0,4
128819,4518c,0,1
128819,4523,27,1
128819,45707b,72,1
128819,4599b,14,1
128819,4740,2,1
128819,47720,0,2
128819,4870,71,4
128819,50254,0,8
128819,50745,72,2
128819,50950,72,2
128819,51739,0,1
128819,52031,2,1
128819,53400,72,20
128819,53401,72,8
128819,53403,72,1
128819,53406,72,1
128819,54200,14,4
128819,54200,47,2
128819,56823c50,0,1
128819,57051,383,10
128819,57878,0,20
128819,57895,41,1
128819,57999,0,8
128819,58123a,71,1
128819,58176,182,1
128819,59349,4,2
128819,59443,71,2
128819,59895,0,1
128819,6014b,71,4
128819,60169,71,1
128819,60470b,71,12
128819,60470b,15,2
128819,60474,0,8
128819,60474,15,2
128819,60475b,1,4
128819,60478,15,2
128819,60596,15,2
128819,60616a,41,1
128819,6112,14,4
128819,6112,4,2
128819,61252,15,2
128819,61252,0,8
128819,6134,0,1
128819,6140,71,2
128819,61409,0,18
128819,6141,47,3
128819,6141,36,2
128819,6141,71,3
128819,6141,72,4
128819,6141,15,1
128819,6154,4,2
128819,6177b,2,4
128819,61780,72,1
128819,6179,0,2
128819,6179,15,2
128819,6205,1,2
128819,62113,72,2
128819,6259,15,1
128819,63864,72,12
128819,63864,0,4
128819,63864,71,1
128819,64227,71,1
128819,64228,71,1
128819,64415c01,0,2
128819,64450,0,1
128819,64452pr0001,70,1
128819,64644,71,2
128819,64799,71,2
128819,6583,0,13
128819,6583,14,4
128819,6636,0,6
128819,6636,191,6
128819,6636,72,3
128819,72454,15,1
128819,74698,0,2
128819,85080,0,16
128819,85543,15,1
128819,85984,0,2
128819,87079,71,4
128819,87079,14,2
128819,87087,4,2
128819,87574,0,1
128819,87580,72,4
128819,87580,19,5
128819,87580,71,4
128819,87620,1,6
128819,87697,0,4
128819,88072,72,3
128819,88930,1,4
128819,91176,14,5
128819,91405,72,2
128819,91968c01,0,6
128819,91988,0,1
128819,92088,0,1
128819,92099,0,1
128819,92280,0,4
128819,92339,1,2
128819,92409,0,4
128819,92583,41,1
128819,92589,71,6
128819,92926,2,1
128819,92947,4,2
128819,93273,1,2
128819,93273,0,1
128819,93273,72,2
128819,93274,72,2
128819,95343,4,1
128819,95344,28,1
128819,96874,25,1
128819,98282,0,2
128819,98288,27,1
128819,98835,4,1
128819,98835,2,1
128819,99206,4,1
128819,99207,71,2
128819,99780,72,1
128820,11303,4,1
128820,3626cpr0889,14,1
128820,970c05,272,1
128820,973c28h01pr4204,1,1
128821,3626cpr1662,14,1
128821,3833,4,1
128821,970c12,72,1
128821,973c20h01pr2692,326,1
128855,01343,9999,1
128855,11477,2,8
128855,13965,70,5
128855,14395,308,2
128855,18653,70,4
128855,2417,10,6
128855,2420,70,1
128855,2423,2,10
128855,2431,0,2
128855,2445,15,1
128855,24866,25,3
128855,24866,10,13
128855,24866,14,5
128855,24866,4,4
128855,25269,28,1
128855,25269,10,3
128855,26601,28,1
128855,26601,2,4
128855,27507,0,4
128855,3003,70,1
128855,3004,70,2
128855,3004,2,1
128855,3005,70,2
128855,3005,2,2
128855,30093,10,3
128855,30162,72,1
128855,30176,2,2
128855,3020,322,1
128855,3021,2,4
128855,3021,28,3
128855,3022,70,1
128855,3022,10,9
128855,3023,10,13
128855,3023,70,2
128855,3023,41,2
128855,3023,28,3
128855,3023,72,5
128855,3024,70,3
128855,3024,2,7
128855,3024,322,2
128855,3024,28,3
128855,3035,0,4
128855,30357,2,4
128855,3040b,72,2
128855,3040b,2,1
128855,3040b,70,5
128855,30503,2,1
128855,30565,0,4
128855,3069b,28,5
128855,3069b,0,3
128855,3070b,41,10
128855,3070b,2,3
128855,35044,10,1
128855,35480,2,1
128855,3623,70,2
128855,3666,71,5
128855,3666,322,1
128855,3710,28,1
128855,3710,2,5
128855,3710,322,1
128855,37695,10,5
128855,3795,0,2
128855,3795,322,2
128855,3795,19,3
128855,3795,2,2
128855,3795,15,2
128855,3937,0,2
128855,3938,0,2
128855,43722,28,1
128855,43723,2,2
128855,4460b,70,1
128855,54200,70,2
128855,54200,41,1
128855,54200,71,3
128855,6141,70,8
128855,6141,71,3
128855,6636,0,3
128855,85861,2,5
128855,85984,72,2
128855,87079,28,1
128855,87079,0,1
128855,87580,10,2
128855,95327pr0001,0,3
128855,98138,47,5
128873,18792,70,1
128873,3003,71,1
128873,3004pr0036,15,2
128873,3022,4,1
128873,3024,46,1
128873,3024,182,1
128873,3032,2,1
128873,3700,71,2
128873,3713,4,1
128873,4032a,0,1
128873,64644,308,1
128873,87083,72,1
128873,87580,72,3
128873,87580,4,1
128873,98283,71,2
128900,3626cpr3645,78,1
128900,38115pr0001,484,1
128900,970c19pr2216,70,1
128900,973c25h02pr5915,70,1
128901,3626cpr2903,78,1
128901,37364c03,0,1
128901,87991,0,1
128901,973c03h02pr5745,0,1
128902,3626cpr3646,92,1
128902,37364c03,0,1
128902,59363,0,1
128902,973c03h13pr5924,0,1
128905,3626cpr3647,78,1
128905,38798,19,1
128905,970d07pr0001,84,1
128905,973c23h02pr5916,84,1
128910,3626cpr3220,78,1
128910,37364c03,0,1
128910,62810,308,1
128910,973c03h02pr5745,0,1
128912,23187,70,1
128912,3626cpr2265,78,1
128912,37364c03,0,1
128912,973c03h02pr5682,0,1
128919,36036pr0005,15,1
128919,3626cpr3643,78,1
128919,80834pat0001,15,1
128919,973c10h02pr5907,15,1
128920,23187,70,1
128920,3626cpr2265,78,1
128920,37364c28,1,1
128920,973c43h02pr5869,29,1
128921,3626cpr2903,78,1
128921,36762,0,1
128921,37364c11,28,1
128921,973c05h02pr5905,272,1
128922,3626cpr2906,78,1
128922,37364l12r27,72,1
128922,92746,484,1
128922,973c22h02pr5895,4,1
128924,36187c01pr0023,15,1
128924,92198pr0253,78,1
128924,92256,226,1
128924,92456c01pr0434,78,1
128932,3626cpr1675,14,1
128932,49663pat0001,15,1
128932,89159,272,1
128932,970c38pr2252,321,1
128932,973c38h04pr5974,191,1
128933,3626cpr3025,14,1
128933,80682,308,1
128933,970c04,321,1
128933,973c04h01pr5976,321,1
128934,20877,84,1
128934,3626cpr1776,14,1
128934,970c04,321,1
128934,973c04h01pr5976,321,1
128935,3626cpr1580,14,1
128935,41811,321,1
128935,49663pat0001,15,1
128935,89159,82,1
128935,970c27pr2255,321,1
128935,973g04c27h27pr5988,15,1
128937,3626cpr2836,14,1
128937,41811,321,1
128937,49663pat0001,15,1
128937,89159,82,1
128937,970c27pr2255,321,1
128937,973g04c27h27pr5988,15,1
128939,11303,272,1
128939,3626cpr1579,14,1
128939,970c04,321,1
128939,973c10h01pr6007,484,1
128940,3626cpr1662,14,1
128940,41811,321,1
128940,49663pat0001,15,1
128940,89159,82,1
128940,970c27pr2255,321,1
128940,973g04c27h27pr5988,15,1
128941,3626cpr2113,14,1
128941,41811,321,1
128941,49663pat0001,15,1
128941,89159,82,1
128941,970c27pr2255,321,1
128941,973g04c27h27pr5988,15,1
128943,3626cpr3525,78,1
128943,37046,4,1
128943,88283,19,1
128943,970c03,0,1
128943,973c30h02pr6041,0,1
128964,19888,0,1
128964,3626cpr1670,78,1
128964,59276,0,1
128964,970c03pr2273,0,1
128964,973f017pr6023,0,1
129004,80577pat0002,70,1
129004,92198pr0306,92,1
129004,92456c03pr0302,92,1
129004,92818c01pr0163,5,1
129005,11403c01pr0010,15,1
129005,79737,0,1
129005,92198pr0305,1088,1
129005,92456c16pr0430,1088,1
129017,11211,71,2
129017,11253,4,2
129017,11477,28,2
129017,14716,0,4
129017,15068,322,6
129017,15068,28,1
129017,15397,0,1
129017,15462,70,3
129017,15571,4,3
129017,15573,15,2
129017,15573,212,2
129017,15573,0,3
129017,15573,1,1
129017,15573,2,5
129017,15573,28,2
129017,15573,70,10
129017,15573,378,5
129017,15573,19,2
129017,15573,14,6
129017,15712,71,1
129017,15712,0,4
129017,18649,71,1
129017,18674,15,1
129017,20482,0,5
129017,20482,15,3
129017,20953,27,1
129017,22388,4,2
129017,2357,70,5
129017,2412b,80,4
129017,2420,15,1
129017,2420,1,1
129017,2420,14,1
129017,24246,320,1
129017,24246,4,2
129017,2449,72,2
129017,2496,0,4
129017,25269,28,2
129017,26047,71,1
129017,26047,15,4
129017,2655,71,4
129017,26604,19,4
129017,29119,288,1
129017,29120,288,1
129017,2921,70,1
129017,298c02,0,2
129017,3002,15,2
129017,3002,70,3
129017,3004,4,1
129017,3004,2,2
129017,3004,70,4
129017,3005,71,4
129017,3005,14,16
129017,3005,70,9
129017,3007,70,2
129017,3009,70,8
129017,3009,0,6
129017,3020,212,6
129017,3020,15,1
129017,3020,70,8
129017,3021,2,2
129017,3021,4,1
129017,3021,15,1
129017,3021,72,2
129017,3021,212,4
129017,3021,14,11
129017,3022,2,1
129017,3022,15,1
129017,3022,19,1
129017,3023,28,1
129017,3023,212,2
129017,3023,2,1
129017,3023,4,2
129017,3023,70,4
129017,3023,19,2
129017,3023,14,6
129017,3023,78,3
129017,3023,40,3
129017,3023,1,4
129017,3023,0,3
129017,3023,15,4
129017,3023,71,2
129017,3024,19,5
129017,3024,0,28
129017,3024,72,2
129017,3024,70,10
129017,3024,1,6
129017,3024,14,20
129017,3024,4,3
129017,3024,2,2
129017,3024,288,2
129017,3024,15,3
129017,3024pr0013,15,10
129017,3034,3,6
129017,3034,0,2
129017,3035,70,2
129017,3036,28,5
129017,30374,15,1
129017,30374,0,2
129017,3040b,0,4
129017,3044c,4,2
129017,3062b,15,4
129017,3062b,71,1
129017,3068b,70,2
129017,3068b,378,34
129017,3068b,0,42
129017,3068b,28,1
129017,3068b,212,96
129017,3068bpr9480,15,1
129017,3068bpr9481,15,1
129017,3068bpr9482,15,1
129017,3068bpr9483,15,1
129017,3068bpr9484,15,1
129017,3068bpr9485,15,1
129017,3069b,0,7
129017,3069b,15,4
129017,3069b,70,5
129017,3069b,19,2
129017,3069b,378,15
129017,3069b,212,14
129017,3069b,71,9
129017,3069b,1,2
129017,3069b,2,4
129017,3070b,0,1
129017,3070b,40,2
129017,3070b,378,12
129017,3070b,15,1
129017,3070b,4,1
129017,3070b,71,1
129017,32028,4,1
129017,32028,2,3
129017,32064a,15,3
129017,32140,72,2
129017,32291,72,2
129017,32524,72,5
129017,32526,72,2
129017,32606,4,1
129017,32607,2,2
129017,32828,0,1
129017,33909,308,1
129017,34103,0,2
129017,34103,14,9
129017,34103,70,13
129017,35480,15,2
129017,3622,70,9
129017,3623,14,2
129017,3623,70,9
129017,3623,0,3
129017,3623,1,1
129017,3665,70,3
129017,3665,72,1
129017,3673,71,2
129017,3673,14,2
129017,36840,14,3
129017,36840,0,1
129017,36840,1,1
129017,36840,70,2
129017,3700,70,3
129017,3702,71,2
129017,3710,71,2
129017,3710,15,1
129017,3710,2,1
129017,3710,14,2
129017,3710,0,2
129017,3710,4,1
129017,3713,71,5
129017,3795,19,2
129017,3795,31,4
129017,3795,0,1
129017,39794,0,1
129017,4070,4,5
129017,4070,0,1
129017,4070,320,1
129017,4070,70,1
129017,4070,15,5
129017,4070,14,1
129017,4081b,19,1
129017,4162,19,4
129017,4162,71,2
129017,4162pr9986,0,1
129017,42135,71,1
129017,4216,14,8
129017,42195,71,2
129017,4274,71,25
129017,4282,19,2
129017,42924,1,3
129017,43093,1,4
129017,43898,71,1
129017,44728,2,4
129017,4477,0,10
129017,44874,71,2
129017,4519,14,1
129017,4536,84,18
129017,4595,0,3
129017,4697b,15,1
129017,4733,70,1
129017,4733,15,1
129017,4740,71,2
129017,47457,191,6
129017,47905,4,1
129017,47905,15,1
129017,49307,15,1
129017,49307,4,3
129017,49668,4,1
129017,49668,191,1
129017,49668,15,2
129017,54200,14,2
129017,54200,15,4
129017,54200,4,2
129017,54200,272,1
129017,54200,1,4
129017,54200,320,1
129017,54200,0,2
129017,55013,72,1
129017,59443,320,2
129017,60594,70,8
129017,60897,15,1
129017,60897,0,3
129017,6112,0,4
129017,61252,19,1
129017,61252,71,2
129017,61252,15,1
129017,61332,0,6
129017,61408,71,2
129017,6141,19,1
129017,6180,71,1
129017,6231,14,4
129017,6231,71,3
129017,6231,15,4
129017,63864,0,2
129017,63864,70,2
129017,63864,19,2
129017,64179,71,1
129017,6541,4,1
129017,65487,15,2
129017,65509,272,1
129017,6636,70,4
129017,6636,19,2
129017,66906,0,1
129017,67095,15,1
129017,68212,0,1
129017,75904,71,1
129017,78329,0,1
129017,85861,14,3
129017,85861,0,3
129017,85861,15,1
129017,85984,71,4
129017,85984,15,2
129017,87079,2,2
129017,87083,72,2
129017,87087,4,2
129017,87087,14,3
129017,87552,70,12
129017,87580,323,12
129017,87580,70,3
129017,87580,15,6
129017,87580,378,10
129017,87994,71,1
129017,88072,70,2
129017,88704,0,1
129017,90398,320,1
129017,90398,297,1
129017,90398,272,1
129017,90398,72,1
129017,92410,70,9
129017,92438,0,6
129017,92438,2,3
129017,93273,71,2
129017,96874,25,1
129017,98100,71,1
129017,98100,0,1
129017,98138,71,1
129017,98138,19,9
129017,98138,4,5
129017,99780,0,2
129025,28621pr3613,46,1
129025,41163pat0007,73,1
129025,970c24pr9768,379,1
129025,973c32h05pr0001,1,1
129026,28621pr3614,34,1
129026,41163pat0006,27,1
129026,970c20pr9769,326,1
129026,973c18h31pr0001,2,1
129028,11153,28,3
129028,18031,179,1
129028,30031,72,1
129028,35480,72,3
129028,36841,0,2
129028,3957b,71,1
129028,44861,0,3
129028,6141,182,2
129028,6141,52,3
129028,64727,71,2
129028,69755,72,2
129028,69767,1103,2
129028,75904,71,1
129028,92747,52,1
129029,28621pr3612,36,1
129029,41163pat0005,191,1
129029,970c23pr9766,84,1
129029,973c38h10pr0001,4,1
129033,2446,0,1
129033,2447,47,1
129033,3626cpr1665,14,1
129033,970c18pr2213,27,1
129033,973c18h03pr5909,27,1
129034,2446,0,1
129034,2447,47,1
129034,3626cpr2113,14,1
129034,970c12pr2212,72,1
129034,973c12h03pr5908,72,1
129035,2446,0,1
129035,2447,47,1
129035,3626cpr1580,14,1
129035,970c12,72,1
129035,973c03h01pr5965,0,1
129036,2446,0,1
129036,2447,47,1
129036,3626cpr2523,14,1
129036,970c03pr2238,0,1
129036,973c03h03pr5963,0,1
129037,2446,0,1
129037,2447,47,1
129037,3626cpr2594,14,1
129037,970c05,272,1
129037,973c03h12pr5888,0,1
129038,2446,15,1
129038,2447,47,1
129038,3626cpr1579,14,1
129038,970c27pr2177,15,1
129038,973c27h14pr5842,15,1
129040,2446,0,1
129040,2447,47,1
129040,3626cpr3025,14,1
129040,970c35pr2247,288,1
129040,973c35h12pr5972,288,1
129043,35182,308,1
129043,92198pr0134,84,1
129043,92456c02pr0422,84,1
129043,92820c01pr0041,14,1
129045,65579,308,1
129045,69969pr0025,84,1
129045,92198pr0122,84,1
129049,2246c01pr0013,25,1
129049,24184,25,1
129049,92198pr0125,78,1
129049,92257,4,1
129049,92456c01pr0118,78,1
129051,11403c01pr0011,3,1
129051,11408c05pr0003,92,1
129051,24184,25,1
129051,46303,26,1
129051,92198pr0282,92,1
129053,11407c01pr0240,85,1
129053,79989pat0002,226,1
129053,92198pr0127,78,1
129053,92456c01pr0425,78,1
129055,69903,85,1
129055,92198pr0124,78,1
129055,92258,0,1
129055,92456c01pr0389,78,1
129055,92820c01pr0019,30,1
129056,11403c01pr0010,15,1
129056,79737,0,1
129056,92198pr0305,1088,1
129056,92456c16pr0443,1088,1
129060,29634,5,1
129060,3626cpr3688,78,1
129060,970c27pr2271,15,1
129060,973c27h14pr6020,15,1
129062,3626cpr3687,84,1
129062,970c19,70,1
129062,973c11h19pr6016,28,1
129064,970c19pr2269,70,1
129064,973c20h07,70,1
129064,98120pr0002,70,1
129066,3626cpr3569,78,1
129066,69857,0,1
129066,970c03pr2148,0,1
129066,973c03h03pr5774,0,1
129067,1656,78,1
129067,3626cpr3686,78,1
129067,970c03pr2268,0,1
129067,973c03h05pr6015,0,1
129068,01920pr0001,484,1
129068,970c27pr2270,15,1
129068,973c11h41pr6018,72,1
129074,3626cpr3528,14,1
129074,66913,3,1
129074,970c27,15,1
129074,973c22h01pr5737,4,1
129074,98385,226,1
129097,11212,0,5
129097,11477,288,1
129097,11477,27,2
129097,11477,0,3
129097,15397,0,3
129097,24299,4,1
129097,24299,27,1
129097,24307,4,1
129097,24307,27,1
129097,2431,0,1
129097,25269,27,6
129097,29119,0,3
129097,29120,0,3
129097,3022,27,2
129097,3023,4,1
129097,3024,27,3
129097,3024,40,5
129097,3024,0,3
129097,3069b,0,3
129097,3070b,288,3
129097,3070b,27,3
129097,31990,4,1
129097,32828,71,2
129097,3460,15,1
129097,36841,0,6
129097,3710,28,1
129097,38583,72,1
129097,43722,27,1
129097,43722,4,1
129097,43723,27,1
129097,43723,4,1
129097,4599b,0,1
129097,50951,0,4
129097,54200,4,2
129097,66897,71,4
129097,78329,0,2
129097,85861,0,7
129097,91741,9999,1
129097,93273,27,2
129097,93595,0,4
129104,2797c02,41,1
129104,4697b,71,5
129104,47223a,72,3
129104,47225,41,2
129104,5102c06,1,4
129104,5102c12,71,2
129104,5102c12,0,2
129104,5102c12,1,3
129104,5102c24,1,1
129104,5102c24,0,1
129104,5102c24,71,1
129104,5102c40,0,1
129104,5102c40,71,1
129104,64065,47,1
129104,74981,41,1
129104,75974,15,1
129104,upn0468,41,1
129123,2357,15,1
129123,2877,14,3
129123,3023,212,1
129123,3032,27,1
129123,3062b,41,1
129123,33172,25,1
129123,33183,10,1
129123,34050pr0005,71,1
129123,3633,15,3
129123,3666,25,1
129123,3822,15,1
129123,3836,70,1
129123,4599b,1,1
129123,48336,15,1
129123,60897,25,2
129123,6141,308,2
129123,65886,212,1
129123,87580,19,1
129149,16530c01pr0107,4,1
129149,28432,226,1
129149,92198pr0315,78,1
129149,92456c01pr0442,78,1
129150,15677,4,1
129150,16530c01pr0106,3,1
129150,18853,29,1
129150,92198pr0233,78,1
129150,92456c01pr0441,78,1
129151,16530c01pr0106,321,1
129151,28649,78,1
129151,84358pr0001,15,1
129151,92815c01pr0121,78,1
129153,36036pr0032,0,1
129153,3626cpr3526,15,1
129153,41637,85,1
129153,77374,15,1
129153,93160,1000,1
129153,973c27h27pr5733,0,1
129155,11477,15,2
129155,15068,15,2
129155,15068,4,2
129155,15573,72,2
129155,1927,4,2
129155,23948,71,2
129155,24201,4,2
129155,24246,4,2
129155,24299,4,1
129155,24299,0,1
129155,24307,4,1
129155,24307,0,1
129155,2431,320,2
129155,2445,0,2
129155,2450,4,6
129155,2450,0,2
129155,2465,15,2
129155,25214,15,2
129155,25269,320,4
129155,2654,15,4
129155,26603,320,6
129155,26603,71,2
129155,27507,320,2
129155,27925,320,4
129155,29119,0,2
129155,29119,15,2
129155,29120,15,2
129155,29120,0,2
129155,3020,0,2
129155,3021,3,2
129155,3021,0,3
129155,3022,320,1
129155,3023,0,6
129155,3023,4,6
129155,3029,15,4
129155,30503,72,2
129155,3062b,71,4
129155,3068b,4,2
129155,3069b,15,2
129155,3069b,320,2
129155,3069b,4,4
129155,3070b,4,2
129155,3176,4,1
129155,3176,15,1
129155,32028,4,2
129155,32062,4,1
129155,33909,0,2
129155,33909,72,1
129155,34103,320,6
129155,35480,15,2
129155,35787,0,6
129155,35787,4,6
129155,35787,15,4
129155,3623,4,2
129155,3623,15,2
129155,3660,0,1
129155,3666,4,4
129155,3666,0,1
129155,3710,1,5
129155,3710,0,1
129155,3795,3,4
129155,41740,71,1
129155,41740,14,4
129155,43722,0,3
129155,43722,4,2
129155,43722,3,2
129155,43723,4,2
129155,43723,0,3
129155,4477,15,2
129155,44861,84,1
129155,50304,4,1
129155,50305,4,1
129155,53923,71,2
129155,54200,0,3
129155,54657,15,2
129155,60478,71,2
129155,6060,4,2
129155,6111,15,1
129155,6141,71,3
129155,63864,3,4
129155,63864,0,4
129155,63868,0,1
129155,78666,4,2
129155,87079,3,2
129155,87580,1,1
129155,98138,14,1
129155,99781,4,2
129156,11211,19,3
129156,11477,320,4
129156,11477,14,4
129156,15068,320,1
129156,15068,14,4
129156,15207,14,1
129156,23948,71,2
129156,2420,0,2
129156,2420,320,2
129156,24299,14,2
129156,24307,322,2
129156,24307,14,2
129156,2445,1,2
129156,2465,15,2
129156,25214,15,2
129156,25269,320,4
129156,2654,15,4
129156,26601,320,2
129156,26601,14,2
129156,27925,320,2
129156,29119,14,1
129156,29119,0,1
129156,29120,14,1
129156,29120,0,1
129156,3020,0,2
129156,3020,72,5
129156,3020,322,3
129156,3020,320,3
129156,3021,14,2
129156,3022,15,1
129156,3029,15,4
129156,3034,14,3
129156,3062b,71,4
129156,3069b,320,3
129156,3069b,14,1
129156,3069b,0,1
129156,3069b,1,2
129156,3070b,320,2
129156,3176,15,1
129156,32028,14,2
129156,32062,4,1
129156,33909,0,5
129156,35480,15,7
129156,35787,15,4
129156,35787,14,2
129156,35787,320,8
129156,35787,322,4
129156,35787,321,8
129156,3623,15,2
129156,3623,320,4
129156,3666,72,6
129156,3710,14,2
129156,3937,0,1
129156,4070,72,2
129156,4162,14,2
129156,41740,71,1
129156,43722,14,1
129156,43722,320,4
129156,43723,320,4
129156,43723,14,1
129156,4477,15,2
129156,50950,320,2
129156,51739,320,1
129156,53923,71,2
129156,54200,14,2
129156,54657,15,2
129156,6111,15,1
129156,6134,0,1
129156,6180,0,3
129156,63864,320,2
129156,87079,322,6
129156,87079,14,2
129156,99563,71,2
129156,99780,0,3
129156,99781,1,2
129156,99781,320,6
129217,3626cpr3662,78,1
129217,87990,15,1
129217,970c26,19,1
129217,973c25h02pr5957,378,1
129218,2587,179,1
129218,3626cpr2629,14,1
129218,4503,179,1
129218,64647,1,1
129218,970c75pr9843,1103,1
129218,973c47h03pr0001,1,1
129219,3626cpr3533,14,1
129219,3844,80,1
129219,970c75pr9843,1103,1
129219,973c47h03pr0001,1,1
129220,3626cpr1579,14,1
129220,4498,70,1
129220,88283,308,1
129220,970c11,28,1
129220,973c10h01pr9999,320,1
129221,3626cpr2948,14,1
129221,4498,70,1
129221,92746,484,1
129221,970c35,288,1
129221,973c27h01pr5300,2,1
129222,3626cpr2399,14,1
129222,4523,70,1
129222,62810,71,1
129222,970c19,70,1
129222,973c11h01pr0001,28,1
129223,30381,70,1
129223,3626cpr3062,14,1
129223,970c23,84,1
129223,973c28h01pr5115,1,1
129371,10172,297,1
129371,10187,297,2
129371,10247,72,1
129371,11062,0,2
129371,11203,71,6
129371,11203,4,2
129371,11208,179,4
129371,11208,297,4
129371,11209,0,8
129371,11211,4,2
129371,11211,320,1
129371,11212,72,4
129371,11213,1,1
129371,11213,19,1
129371,11289,41,1
129371,11295,14,2
129371,11476,71,1
129371,11640,321,1
129371,12891pr0002,15,1
129371,13770,297,1
129371,13786pr0002,484,1
129371,14210,0,1
129371,14395,70,4
129371,14520,72,2
129371,14716,19,8
129371,14719,72,4
129371,14769pr1172,15,1
129371,15068,72,1
129371,15068,1,1
129371,15118,71,1
129371,15207,40,2
129371,15332,71,2
129371,15456,71,4
129371,15534,72,1
129371,15535,19,1
129371,15571,72,6
129371,15573,72,1
129371,15573,4,3
129371,15573,297,1
129371,15573,1,1
129371,15712,71,1
129371,15712,0,9
129371,15712,72,2
129371,18646,19,2
129371,18646,72,2
129371,18646,2,2
129371,18896,0,1
129371,18973,40,2
129371,20309,15,4
129371,20482,15,2
129371,20482,4,1
129371,20482,71,4
129371,20612,40,1
129371,22885,71,1
129371,2343,297,1
129371,2357,320,1
129371,23969,70,2
129371,24085,19,1
129371,24086,84,1
129371,2412b,72,14
129371,2412b,71,21
129371,2415,71,1
129371,2420,0,2
129371,2420,70,2
129371,2423,2,8
129371,2431,72,10
129371,2431,14,7
129371,2431,71,1
129371,2431,320,2
129371,24314c01,47,2
129371,2432,14,1
129371,2432,1,2
129371,2432,72,1
129371,2445,226,1
129371,2453b,320,4
129371,2454b,320,29
129371,2456,320,2
129371,2456,0,1
129371,2460,71,2
129371,2460,72,1
129371,2460,15,1
129371,2465,19,3
129371,2465,321,1
129371,2476a,71,1
129371,2486,14,2
129371,2496,0,2
129371,2530,72,1
129371,2540,0,8
129371,2569,0,1
129371,2654,19,1
129371,26603,72,4
129371,26603,14,1
129371,27150,0,1
129371,27507,226,1
129371,27507,71,4
129371,2780,0,4
129371,28621,47,2
129371,2926,0,4
129371,298c02,4,1
129371,3001,320,2
129371,3001,70,1
129371,3001,14,5
129371,3001,72,2
129371,3002,4,1
129371,3002,0,4
129371,3002,19,2
129371,30029,191,2
129371,3003,1,1
129371,3003,320,11
129371,3003,28,2
129371,3003,19,2
129371,3003,4,7
129371,3003,484,1
129371,3003,72,1
129371,3003,14,3
129371,3003,0,4
129371,30031,72,3
129371,3004,19,10
129371,3004,0,12
129371,3004,70,2
129371,3004,320,12
129371,3004,84,28
129371,3004,321,4
129371,3005,14,1
129371,3005,72,11
129371,3005,320,10
129371,3005,0,4
129371,3005,19,12
129371,3005,1,1
129371,3005,4,2
129371,3005,70,2
129371,3005,321,2
129371,3005pr0014,15,1
129371,3006,19,2
129371,3007,19,4
129371,3008,19,4
129371,3009,0,2
129371,3009,72,4
129371,3009,320,14
129371,3009,19,4
129371,3009,84,12
129371,3010,321,5
129371,3010,0,10
129371,3010,320,13
129371,3010,72,4
129371,3010,19,12
129371,3020,4,1
129371,3020,0,1
129371,3020,72,5
129371,3020,484,1
129371,3020,226,1
129371,3020,15,2
129371,3020,71,12
129371,3021,4,1
129371,3021,14,2
129371,3021,70,3
129371,3021,19,3
129371,3022,14,1
129371,3022,15,1
129371,3022,4,3
129371,3022,72,3
129371,3022,0,7
129371,3022,71,7
129371,3023,0,2
129371,3023,47,2
129371,3023,19,5
129371,3023,70,7
129371,3023,4,11
129371,3023,1,1
129371,3023,15,5
129371,3023,36,2
129371,3023,72,5
129371,3023,14,1
129371,3023,71,2
129371,3023,226,1
129371,30237b,70,1
129371,3024,14,8
129371,3024,182,2
129371,3024,320,4
129371,3024,0,2
129371,30248,72,1
129371,3028,72,1
129371,3028,70,1
129371,3029,4,1
129371,3031,71,2
129371,3031,0,1
129371,3032,72,6
129371,3032,19,1
129371,3034,71,4
129371,3034,4,2
129371,30340,15,1
129371,3035,71,2
129371,3036,72,4
129371,3037,14,10
129371,3037,72,6
129371,30374,36,3
129371,3039,72,16
129371,3039,2,1
129371,3039,0,1
129371,3039,14,4
129371,3039pr0028,15,2
129371,3039pr0062,71,1
129371,3040b,14,1
129371,3040b,72,10
129371,3040bpr0003,71,1
129371,3045,72,18
129371,30562,41,2
129371,3062b,14,1
129371,3062b,33,1
129371,3062b,4,1
129371,3062bpr0027,15,2
129371,3065,47,1
129371,3068b,4,1
129371,3068b,14,1
129371,3068bpr0443,15,1
129371,3069b,226,1
129371,3069b,71,3
129371,3069b,14,4
129371,3069b,0,5
129371,3069b,4,2
129371,3069b,72,6
129371,3069bpr0303,15,1
129371,3070b,72,2
129371,3070b,0,2
129371,3185,0,3
129371,32028,71,8
129371,32028,72,10
129371,32028,15,4
129371,32062,4,1
129371,32270,0,1
129371,3245c,1,1
129371,3245c,4,1
129371,3245c,14,2
129371,3245c,72,2
129371,3245c,320,6
129371,3245c,321,1
129371,3298,72,4
129371,33909,1,1
129371,3460,0,2
129371,3460,71,4
129371,3622,0,2
129371,3633,72,4
129371,3633,0,4
129371,3660,19,14
129371,3665,0,4
129371,3666,71,2
129371,3666,72,2
129371,3673,71,1
129371,3700,320,2
129371,3700,71,4
129371,3700,0,2
129371,3700,84,2
129371,3710,19,4
129371,3710,321,1
129371,3710,72,5
129371,3710,191,2
129371,3710,4,5
129371,3710,70,4
129371,3710,0,10
129371,3710,226,2
129371,3747b,4,2
129371,37493,14,2
129371,37494,0,1
129371,3795,226,1
129371,3795,0,16
129371,3795,72,1
129371,3795,70,1
129371,3795,14,4
129371,3795,71,1
129371,3821,0,2
129371,3822,0,2
129371,3829c01,1,1
129371,3832,4,1
129371,3832,19,1
129371,3839b,0,2
129371,38781,25,1
129371,3899,14,5
129371,3899pr0009,15,1
129371,3941,4,1
129371,3957b,15,1
129371,4032a,2,3
129371,4032a,0,1
129371,4032a,70,1
129371,4032a,4,3
129371,4032a,19,1
129371,4070,19,2
129371,4079b,4,8
129371,4079b,1,2
129371,4079b,70,2
129371,4162,71,2
129371,4162,72,6
129371,41740,14,2
129371,41854,15,1
129371,42511,27,1
129371,4282,0,1
129371,4282,19,4
129371,4345b,4,1
129371,4345b,71,2
129371,4346,47,2
129371,4346,71,1
129371,43888,84,4
129371,43898,71,2
129371,4449,70,1
129371,44567b,71,2
129371,4460b,70,6
129371,4477,19,3
129371,4477,4,2
129371,4477,320,2
129371,4510,0,4
129371,4523,27,1
129371,4528,0,1
129371,4529,0,1
129371,4533,71,1
129371,45677,0,2
129371,4595,0,1
129371,4598,0,1
129371,4740,71,2
129371,4740,0,3
129371,47753,4,2
129371,48092,84,4
129371,48092,321,4
129371,48336,72,2
129371,48336,19,2
129371,4865b,28,2
129371,4865b,0,2
129371,4871,4,2
129371,48729b,0,1
129371,49311,19,1
129371,49311,71,1
129371,49668,191,3
129371,49668,1,3
129371,49668,4,3
129371,50254,0,8
129371,50745,0,4
129371,50861,0,2
129371,50862,71,2
129371,54200,33,4
129371,54200,70,2
129371,54200,36,2
129371,54200,46,2
129371,54200,4,2
129371,54657,71,1
129371,57783,40,2
129371,58846,4,2
129371,59443,0,1
129371,60169,72,2
129371,60470b,0,1
129371,60470b,71,2
129371,60479,0,2
129371,60581,71,1
129371,60581,40,10
129371,60592,15,26
129371,60592,71,6
129371,60593,15,2
129371,60594,15,1
129371,60596,15,4
129371,60596,0,4
129371,60596,72,1
129371,60601,41,32
129371,60603,41,1
129371,60616b,70,1
129371,60616b,41,2
129371,60616b,40,4
129371,60623,2,2
129371,6111,19,2
129371,6112,72,2
129371,6112,4,1
129371,61252,1,3
129371,61252,14,3
129371,61252,4,3
129371,6141,2,2
129371,6141,71,2
129371,6141,47,2
129371,6141,72,3
129371,6141,33,2
129371,6141,36,5
129371,6141,46,4
129371,6141,4,8
129371,61482,71,1
129371,6157,71,5
129371,61780,70,1
129371,6215,71,2
129371,6239pr0008,4,1
129371,62462,15,1
129371,62698,0,1
129371,62808,297,1
129371,63082,71,4
129371,63864,0,5
129371,63868,72,2
129371,63868,0,1
129371,63965,72,1
129371,64644,0,1
129371,64728,4,1
129371,6541,4,2
129371,65521,4,1
129371,65574,4,1
129371,65630,71,1
129371,6587,28,1
129371,6636,71,1
129371,6636,0,2
129371,6636,14,8
129371,66789,70,1
129371,67338,484,1
129371,67737,0,1
129371,69111,9999,1
129371,73562,71,1
129371,85984,72,2
129371,85984,4,1
129371,85984pr0143,72,1
129371,87079,4,2
129371,87079,14,14
129371,87079,19,4
129371,87079,71,5
129371,87079,226,2
129371,87079,0,6
129371,87081,19,1
129371,87087,0,1
129371,87087,4,2
129371,87544,47,2
129371,87552,41,1
129371,87580,4,3
129371,87580,321,1
129371,87580,71,1
129371,87580,72,3
129371,87994,0,1
129371,88293,19,4
129371,88930,14,3
129371,90370pr0005,0,1
129371,90398,297,1
129371,91405,28,1
129371,91405,72,1
129371,92410,4,1
129371,92438,72,2
129371,92438,71,2
129371,92438,28,1
129371,92582,0,1
129371,92842,0,1
129371,92851,47,2
129371,92947,19,4
129371,92950,0,4
129371,93273,72,2
129371,93273,0,2
129371,93568pat0002,84,1
129371,95343,70,1
129371,95347,0,2
129371,96874,25,1
129371,98138,46,6
129371,98138pr0035,179,2
129371,98138pr0121,19,1
129371,98302,72,2
129371,99206,15,1
129371,99206,70,1
129371,99206,71,20
129371,99207,71,2
129371,99207,4,6
129371,99781,71,1
129450,11090,0,13
129450,11211,71,3
129450,11213,71,1
129450,11253,4,3
129450,11458,72,6
129450,11476,71,1
129450,11477,272,4
129450,11477,379,2
129450,11477pr0014,272,2
129450,13564,0,13
129450,14301,297,1
129450,14417,72,4
129450,14419,72,4
129450,14704,71,8
129450,14719,71,2
129450,14769,72,13
129450,15068,272,10
129450,15392,72,2
129450,15403,71,2
129450,15573,226,3
129450,15712,0,10
129450,15712,4,1
129450,17114,0,1
129450,18395,0,1
129450,18653,71,6
129450,18654,1103,2
129450,18677,71,12
129450,20482,4,1
129450,22385,272,1
129450,22385,71,2
129450,22885,19,1
129450,23443,297,12
129450,2357,72,4
129450,23949,72,2
129450,2420,71,2
129450,2420,272,4
129450,24201,378,5
129450,24299,72,12
129450,24299,272,1
129450,24307,272,1
129450,24307,72,12
129450,2431,1056,10
129450,2432,72,1
129450,2445,288,3
129450,25111,297,1
129450,25214,1103,4
129450,25269,72,14
129450,2540,0,3
129450,26047,297,2
129450,2654,158,8
129450,27150,0,1
129450,27263,72,2
129450,2736,71,4
129450,27507,80,6
129450,27507,72,1
129450,27507,71,4
129450,27925,72,8
129450,27925,297,4
129450,27925,71,2
129450,2921,19,2
129450,298c02,0,2
129450,3002,0,1
129450,3002,71,1
129450,3003,272,2
129450,3003,288,6
129450,3003,72,2
129450,3004,378,9
129450,3004,288,9
129450,3004,72,13
129450,3005,71,4
129450,3005,378,2
129450,3005,3,2
129450,3008,72,7
129450,3009,72,1
129450,3010,379,4
129450,30154,297,1
129450,30166,72,1
129450,3020,378,1
129450,3020,379,5
129450,3020,272,5
129450,3021,72,5
129450,3021,272,5
129450,3022,378,19
129450,3023,72,22
129450,3023,40,9
129450,3023,288,9
129450,3024,3,4
129450,3024,72,14
129450,3030,72,2
129450,3031,378,1
129450,3032,72,2
129450,3034,72,2
129450,3034,272,1
129450,30355,71,1
129450,30356,71,1
129450,3036,72,2
129450,30374,297,2
129450,30375,4,1
129450,3039,288,10
129450,30414,72,17
129450,3065,40,7
129450,3069b,378,12
129450,3069b,272,1
129450,3069b,71,11
129450,3070b,378,2
129450,3070b,72,4
129450,32000,71,4
129450,32062,4,5
129450,32064a,0,5
129450,32192,0,2
129450,32526,72,6
129450,32803,320,6
129450,32803,288,10
129450,32803,71,2
129450,32828,226,1
129450,32828,0,2
129450,32952,320,2
129450,3298,272,2
129450,33909,71,12
129450,3460,72,15
129450,35032a,182,2
129450,35032b,182,2
129450,35032c,182,2
129450,35032d,182,2
129450,35032e,182,1
129450,35032f,182,1
129450,35044,272,2
129450,35480,4,3
129450,35480,320,8
129450,35485,297,2
129450,35787,71,2
129450,3622,71,4
129450,3623,379,10
129450,3633,297,2
129450,3660,72,4
129450,3665,378,14
129450,3666,71,12
129450,36840,0,2
129450,3710,379,8
129450,3747b,272,4
129450,37776,297,1
129450,3795,71,6
129450,3832,3,1
129450,3899,15,1
129450,4032a,84,4
129450,4079b,14,1
129450,41159pat0002,297,1
129450,4162,71,8
129450,41747,320,1
129450,41748,320,1
129450,41769,272,6
129450,41770,272,6
129450,4216,15,1
129450,42924,1,16
129450,43093,1,2
129450,43722,71,2
129450,43723,71,2
129450,44375b,1056,3
129450,44567b,72,1
129450,4477,71,6
129450,44861,71,6
129450,4519,14,2
129450,47407,0,1
129450,47456,272,1
129450,47753,3,1
129450,48205,72,5
129450,48208,72,5
129450,48729b,25,1
129450,48729b,0,1
129450,49307,71,6
129450,50340,0,1
129450,53451,297,19
129450,54383,71,1
129450,54384,71,1
129450,57909b,72,2
129450,58380,72,2
129450,58381,72,2
129450,59443,0,2
129450,59900,46,1
129450,60478,72,4
129450,60479,72,6
129450,60897,72,7
129450,61252,71,1
129450,61332,0,6
129450,61409,71,2
129450,6141,297,5
129450,6141,42,10
129450,6177bpr0009,71,3
129450,6179,72,4
129450,62462,4,1
129450,63864,72,4
129450,63868,378,6
129450,64644,297,1
129450,65080pat0001,15,1
129450,6541,72,14
129450,65426,71,1
129450,65429,71,1
129450,6636,379,11
129450,67095,71,12
129450,69728pat0001,297,1
129450,69858,297,2
129450,69858,1056,8
129450,69859pr0001,272,1
129450,69943,9999,1
129450,73983,72,8
129450,85861,0,3
129450,85861,320,4
129450,85861,297,5
129450,85984,272,1
129450,85984,71,2
129450,85984pr0013,72,1
129450,87079,72,7
129450,87544,40,5
129450,87580,0,1
129450,87747,0,6
129450,87913,72,1
129450,90370pr0005,0,2
129450,90398,15,1
129450,91988,72,6
129450,92013,0,4
129450,92280,378,12
129450,92438,72,1
129450,92585,4,1
129450,93106,0,1
129450,93606,320,1
129450,93609,0,2
129450,96874,25,1
129450,98138,72,1
129450,98141,297,1
129450,98302,72,2
129450,98313,320,2
129450,98313,297,1
129450,99206,379,2
129450,99206,378,1
129450,99207,71,2
129450,99563,15,1
129450,99563,297,6
129450,99780,0,4
129450,99781,3,8
129626,2357,19,14
129626,2420,71,18
129626,2420,0,8
129626,2456,19,4
129626,2465,19,4
129626,3001,19,6
129626,3003,19,5
129626,3003,70,12
129626,30044,70,3
129626,3020,70,2
129626,3023,14,3
129626,3023,1,3
129626,3023,182,2
129626,3023,4,3
129626,3023,70,9
129626,3023,2,3
129626,30238,4,1
129626,30238,1,1
129626,3031,2,4
129626,3031,0,1
129626,3040b,19,4
129626,3062b,0,16
129626,3068b,320,1
129626,3068b,70,29
129626,3068bpr0142,15,1
129626,3068bpr0143,15,1
129626,3068bpr0179,19,1
129626,3068bpr0180,71,1
129626,3068bpr0181,15,1
129626,3068bpr0182,72,2
129626,3069b,70,7
129626,33320,2,1
129626,33320,14,1
129626,3460,72,1
129626,3626b,47,4
129626,3659,71,8
129626,3705,0,1
129626,3794a,71,2
129626,3794a,72,2
129626,3832,2,8
129626,3941,47,1
129626,3942c,378,5
129626,3943b,378,1
129626,3958,72,19
129626,3958,19,1
129626,4006,0,1
129626,4162,71,2
129626,44375a,71,1
129626,4495b,14,1
129626,4495b,4,1
129626,4495b,1,1
129626,4495b,2,1
129626,4865a,19,10
129626,59900,33,1
129626,59900,46,1
129626,59900,34,1
129626,59900,36,1
129626,59900,378,10
129626,6141,1,3
129626,6141,4,3
129626,6141,14,3
129626,6141,2,3
129626,6251,308,1
129626,6259,19,2
129626,63965,70,4
129626,64776pat0001,0,1
129626,6636,71,2
129626,6881b,71,1
129626,85863pr0043,4,1
129626,85863pr0044,2,1
129626,85863pr0045,14,1
129626,85863pr0046,1,1
129626,85863pr0047,320,1
129626,85863pr0048,72,1
129626,85863pr0049,72,1
129626,85863pr0050,72,1
129626,85863pr0051,72,1
129626,87087,19,2
129626,87580,71,12
129626,87580,2,1
129626,87580,1,1
129626,87580,14,1
129626,87580,72,12
129626,87580,4,1
129626,90498,72,4
129626,91501,19,8
129626,92950,19,1
129779,11211,14,2
129779,11211,15,4
129779,11211,226,4
129779,11211,320,1
129779,11477,322,8
129779,11477,27,8
129779,14769pr1003,15,4
129779,15068,191,5
129779,15068,27,4
129779,15068,226,6
129779,15208,191,5
129779,15573,226,3
129779,15573,191,2
129779,15672,226,2
129779,2420,25,4
129779,2420,27,12
129779,24246,226,4
129779,24246,191,4
129779,24299,322,4
129779,24299,191,1
129779,24307,191,1
129779,24307,322,12
129779,25269,226,4
129779,25269,31,16
129779,25269,85,16
129779,25269,191,18
129779,25269,1050,16
129779,2540,14,4
129779,26601,226,10
129779,26601,322,8
129779,26604,15,8
129779,3003,4,1
129779,3003,226,1
129779,3003,322,1
129779,3005,322,4
129779,3020,27,4
129779,3020,31,4
129779,3022,14,7
129779,3022,19,2
129779,3023,31,16
129779,3023,191,12
129779,3024,322,8
129779,3024,226,8
129779,3031,15,2
129779,32028,14,2
129779,32028,226,1
129779,33909,15,4
129779,35464,25,2
129779,41740,5,2
129779,54200,322,12
129779,54200,226,1
129779,54200,191,1
129779,6141,25,4
129779,63868,14,4
129779,64799,71,1
129779,67329,14,5
129779,85984,226,2
129779,87079,5,1
129779,87580,14,1
129779,93273,226,2
129779,99206,14,1
129779,99207,226,2
129788,2348b,41,2
129788,2349b,1,2
129788,2377,1,2
129788,298c01,1,2
129788,3010,1,1
129788,3020,1,1
129788,3022,0,1
129788,3023,1,4
129788,3023,7,1
129788,3024,1,2
129788,3024,46,2
129788,3024,36,2
129788,3034,0,1
129788,3062b,7,2
129788,3069b,1,4
129788,3070b,1,3
129788,3070bpr0027,14,1
129788,3641,0,4
129788,3660pr0001,15,1
129788,3679,7,1
129788,3680,1,1
129788,3710,1,1
129788,3710,7,2
129788,3794a,1,1
129788,3821,1,1
129788,3822,1,1
129788,3823,41,1
129788,3829c01,14,1
129788,3937,1,1
129788,3938,1,1
129788,3960,15,1
129788,4070,15,1
129788,4079,14,1
129788,4081b,7,1
129788,4211,7,2
129788,4215apr0009,1,2
129788,4315,1,2
129788,4589,15,1
129788,4589,7,1
129788,4595,7,1
129788,4600,0,2
129788,4624,7,4
129788,4740,0,1
129788,4862,41,2
129788,6141,7,3
129795,14704,71,2
129795,15068,0,2
129795,2412b,297,2
129795,30192,72,1
129795,44709,0,1
129795,54383,0,1
129795,54384,0,1
129795,59900,0,1
129795,6141,46,4
129795,66906,0,2
129827,10169,84,1
129827,11211,71,13
129827,11214,72,2
129827,11215,84,1
129827,11476,71,6
129827,11477,378,4
129827,11477,288,2
129827,13564,70,2
129827,14716,71,4
129827,15395,179,1
129827,15456,71,1
129827,15462,70,2
129827,15535,4,2
129827,15573,71,5
129827,15573,70,2
129827,15672,72,2
129827,15706,70,4
129827,15712,72,1
129827,18041,179,2
129827,18674,72,7
129827,20312,72,1
129827,20313,72,1
129827,20482,70,1
129827,23969,0,2
129827,23986,15,1
129827,2417,2,1
129827,2417,288,1
129827,2420,84,2
129827,24201,71,4
129827,2423,2,2
129827,2423,326,5
129827,2431,72,4
129827,2431,70,2
129827,2454b,71,1
129827,2460,0,1
129827,24866,10,7
129827,24946,19,1
129827,2654,19,6
129827,26603,72,6
129827,26604,19,3
129827,27150,29,1
129827,27263,0,2
129827,2780,0,10
129827,29111,84,1
129827,3004,72,4
129827,3010,71,7
129827,3020,72,1
129827,3020,70,6
129827,3021,72,1
129827,3022,71,2
129827,3022,484,1
129827,3022,84,5
129827,3023,84,3
129827,3023,19,12
129827,3023,484,2
129827,3024,70,9
129827,3029,71,1
129827,3034,70,1
129827,3035,19,2
129827,3040b,72,2
129827,30565,28,1
129827,3062b,15,1
129827,3062b,46,1
129827,3068b,70,2
129827,3068b,72,2
129827,3068bpr0376,19,1
129827,3069b,28,11
129827,3070b,84,2
129827,3070b,72,10
129827,32028,72,3
129827,32062,4,1
129827,32474,0,1
129827,32555,0,4
129827,32607,2,4
129827,32952,72,6
129827,33183,10,2
129827,33320,70,1
129827,34173,179,1
129827,3460,72,4
129827,3622,72,10
129827,3623,72,2
129827,3623,19,2
129827,3626c,25,3
129827,3659,70,1
129827,3660,72,2
129827,3666,70,1
129827,3666,19,1
129827,36752a,70,1
129827,36752a,28,1
129827,36752a,308,1
129827,3700,19,1
129827,3701,72,2
129827,3702,71,1
129827,3703,72,1
129827,3710,70,3
129827,3710,19,2
129827,37762,15,1
129827,37775,182,2
129827,37776,0,1
129827,3795,19,1
129827,3795,70,2
129827,3830,71,4
129827,3831,71,4
129827,38320,0,3
129827,3836,70,1
129827,3837,179,1
129827,3937,71,1
129827,3943b,72,2
129827,40244,308,1
129827,4032a,70,5
129827,40687,70,1
129827,4070,70,2
129827,4079b,70,3
129827,4274,71,4
129827,43722,72,5
129827,43723,72,5
129827,44861,0,2
129827,4528,297,1
129827,4738c,70,1
129827,4739a,70,1
129827,4740,71,2
129827,48729b,71,5
129827,50100pr0001,71,1
129827,50950,308,2
129827,51270,25,4
129827,53454,179,1
129827,54118,9999,1
129827,54200,72,4
129827,54383,72,5
129827,54384,72,5
129827,59349,72,1
129827,59900,71,2
129827,60169,72,1
129827,60470b,71,2
129827,60474,308,1
129827,60477,72,2
129827,60479,19,1
129827,60481,72,2
129827,60592,70,3
129827,60594,70,1
129827,60596,71,4
129827,60608,0,2
129827,60616b,70,2
129827,60808,71,1
129827,60897,0,1
129827,6091,84,4
129827,6106,19,4
129827,61252,71,3
129827,61252,72,2
129827,6134,71,1
129827,6141,0,5
129827,61780,70,1
129827,61975,0,1
129827,62930,47,1
129827,63864,71,1
129827,63965,0,1
129827,64644,308,1
129827,64647,57,2
129827,6558,1,1
129827,6636,70,1
129827,6636,72,2
129827,75937,1103,2
129827,76766,0,1
129827,85984,72,5
129827,85984,28,4
129827,87079,72,6
129827,87079,71,1
129827,87087,71,6
129827,87087,484,2
129827,90258,72,1
129827,92338,72,1
129827,92593,71,1
129827,92947,308,3
129827,93555,179,1
129827,93606,72,1
129827,95343,70,1
129827,95344,28,1
129827,96874,25,1
129827,98369,179,1
129827,98397,71,1
129827,99207,71,3
129827,99780,0,2
129827,99781,3,2
129846,004847,9999,1
129846,3004,0,5
129846,3004,1,1
129846,3004,47,1
129846,3005,0,2
129846,3005,1,2
129846,3010,1,2
129846,3020,0,3
129846,3021,0,2
129846,3021,1,1
129846,3022,7,6
129846,3022,0,1
129846,3023,0,16
129846,3023,7,10
129846,3023,1,4
129846,3024,7,2
129846,3024,0,8
129846,3024,1,2
129846,3031,0,2
129846,3034,0,1
129846,3034,1,1
129846,3037,0,2
129846,3039,1,3
129846,3040a,0,10
129846,3043,1,1
129846,3045,1,2
129846,3045,0,2
129846,3049c,1,1
129846,3062a,15,4
129846,3062a,14,4
129846,3063b,0,2
129846,3065,36,1
129846,3068b,1,1
129846,3069a,1,1
129846,3460,7,2
129846,3475a,7,2
129846,3634b,0,2
129846,3639,4,1
129846,3640,4,1
129846,3659,0,1
129846,3660a,1,3
129846,3700b,0,4
129846,3705,79,2
129846,3706,79,1
129846,3709a,7,2
129846,569,4,2
129846,585,4,4
129993,11458,72,1
129993,11458,0,2
129993,11476,10,1
129993,11476,15,1
129993,11477,14,1
129993,11477,5,1
129993,11477,70,2
129993,11477,321,1
129993,11477,71,2
129993,13965,70,2
129993,14716,15,2
129993,14719,15,4
129993,14769,71,1
129993,14769,14,1
129993,14769pr0153,191,1
129993,14769pr0155,25,1
129993,14769pr1244,19,1
129993,15068,191,1
129993,15068,19,2
129993,15068,4,2
129993,15395,4,1
129993,15571,14,1
129993,15573,19,2
129993,15573,10,1
129993,15573,25,1
129993,15573,15,1
129993,15672,71,2
129993,15712,4,4
129993,17485pr0009,14,1
129993,1750,15,3
129993,1761pr0001,297,1
129993,18674,15,1
129993,18677,71,2
129993,20482,4,2
129993,22388,182,3
129993,24201,14,1
129993,24201,0,2
129993,2431,15,2
129993,2431,10,2
129993,24316,70,1
129993,2454b,15,1
129993,2454b,70,2
129993,24855,2,1
129993,24866,5,11
129993,25269,19,2
129993,2540,15,1
129993,2654,19,2
129993,2654,4,2
129993,28660,78,2
129993,29119,25,1
129993,3001,322,2
129993,3001,15,4
129993,3003,19,2
129993,3003pr0175,78,1
129993,3004,4,3
129993,3004,15,2
129993,3004pr0075,14,1
129993,3004pr0097,10,1
129993,3005,15,1
129993,3005,84,1
129993,3009,19,1
129993,3010,15,1
129993,30136,19,2
129993,3020,2,4
129993,3020,4,2
129993,3020,72,1
129993,3020,1,1
129993,3020,15,2
129993,3021,19,2
129993,3021,2,1
129993,3022,2,3
129993,3022,71,3
129993,3023,25,1
129993,3023,10,2
129993,3023,182,4
129993,3023,14,6
129993,3023,15,1
129993,3023,5,1
129993,3023,4,2
129993,3024,15,3
129993,3024,191,3
129993,3031,15,1
129993,3034,4,2
129993,3034,2,5
129993,3034,1,3
129993,30374,71,1
129993,3040b,19,10
129993,3068b,10,1
129993,3068bpr0433,14,1
129993,3068bpr9473,10,1
129993,3068bpr9474,71,1
129993,3068bpr9475,15,1
129993,3068bpr9476,15,1
129993,3068bpr9973,14,1
129993,3068bpr9975,0,1
129993,3068bpr9990,14,1
129993,3069b,15,3
129993,3069b,2,2
129993,3069b,10,2
129993,3069b,4,5
129993,32316,72,2
129993,3245c,15,2
129993,3245c,4,3
129993,32474,191,1
129993,32474,27,1
129993,32606,15,2
129993,32606,191,2
129993,32607,27,3
129993,32607,10,3
129993,33492,71,1
129993,33909,70,1
129993,3460,2,1
129993,35700pr0007,191,1
129993,3623,5,1
129993,3623,15,2
129993,3623,321,1
129993,3659,15,1
129993,3660,70,1
129993,3665,70,1
129993,3666,71,2
129993,3666,19,2
129993,3673,71,3
129993,3700,14,2
129993,3710,19,2
129993,37775,182,2
129993,38014,15,2
129993,3937,71,1
129993,3957b,47,1
129993,4032a,14,2
129993,4032a,15,3
129993,4070,10,2
129993,41835,4,1
129993,4460b,70,2
129993,44728,14,1
129993,4519,71,1
129993,50950,19,2
129993,54200,14,2
129993,59443,70,1
129993,59900,15,1
129993,60478,321,1
129993,60478,4,4
129993,60897,14,2
129993,6091,2,3
129993,6126b,182,1
129993,6134,0,1
129993,6141,34,1
129993,6541,19,3
129993,6541,15,1
129993,65578,2,1
129993,65886pr0001,0,1
129993,66787,10,1
129993,66788,14,2
129993,66789,4,1
129993,66789,10,3
129993,66792,1,3
129993,66792,4,1
129993,66792,71,3
129993,66792,25,2
129993,66792,10,6
129993,66855pr0005,15,1
129993,66857pr0029,19,1
129993,66858,14,1
129993,67329,14,3
129993,67810,2,2
129993,67928,15,2
129993,73230,70,1
129993,75c16,71,1
129993,79750,70,1
129993,80674,226,1
129993,80731,29,1
129993,81344,29,1
129993,85861,14,3
129993,85861,71,2
129993,85861,182,1
129993,87083,72,1
129993,87580,2,1
129993,98138,15,6
129993,98138,321,2
129993,98138,4,1
129993,98138,71,7
129993,98283,15,1
129993,99206,14,1
129993,99207,71,2
129993,99780,70,2
129993,99781,28,1
129993,99781,4,4
129993,99781,14,1
129994,11153,15,4
129994,11203pr0205,19,1
129994,11203pr0207,70,1
129994,11211,0,1
129994,11211pr0001,78,1
129994,11213,0,1
129994,11476,484,1
129994,11476,14,1
129994,11477,1,1
129994,11477,0,4
129994,13548,2,4
129994,13965,15,2
129994,14704,71,2
129994,14769,4,1
129994,14769,71,3
129994,14769,70,2
129994,14769,19,1
129994,14769,15,1
129994,14769pr0152,29,1
129994,14769pr1054,70,1
129994,14769pr1168,19,1
129994,15068,1,2
129994,15068,484,2
129994,15068,85,2
129994,15208,15,2
129994,15209,15,2
129994,15332,15,1
129994,15395,27,6
129994,15395,322,2
129994,15456,0,2
129994,15470,29,6
129994,15470,297,2
129994,15470,323,6
129994,15535,70,1
129994,15571,4,2
129994,15573,70,2
129994,15573,10,2
129994,15573,297,4
129994,15573,15,5
129994,15573,4,2
129994,15573,19,1
129994,15573,71,1
129994,15672,15,4
129994,1745,4,3
129994,1746,4,3
129994,1748,19,2
129994,17485pr0006,4,1
129994,1749,15,2
129994,1750,15,6
129994,1751pr0001,15,1
129994,1751pr0002,15,1
129994,18674,322,2
129994,18677,71,4
129994,18838,71,1
129994,18909,15,2
129994,18980,70,2
129994,18980,4,1
129994,1927,4,4
129994,1927,1,4
129994,20482,321,1
129994,21229,15,2
129994,22388,19,5
129994,22885,15,2
129994,22885,71,6
129994,2357,15,2
129994,2357,71,4
129994,2420,191,4
129994,2420,71,2
129994,24201,191,4
129994,2423,2,4
129994,24246,0,4
129994,24246,15,2
129994,24299,4,2
129994,24307,4,2
129994,2431,71,3
129994,2431,191,1
129994,2431,14,2
129994,2431,15,1
129994,2431,4,2
129994,2431pr0152,10,1
129994,2445,15,2
129994,2449,71,2
129994,2450,71,4
129994,2453b,15,2
129994,2454b,15,6
129994,2454b,0,1
129994,2456,0,1
129994,2476a,15,2
129994,24855,2,2
129994,24866,15,10
129994,24866,30,4
129994,24866,5,20
129994,24866,297,4
129994,24947,26,1
129994,25269,19,4
129994,25269,4,2
129994,25269,71,10
129994,2653,15,4
129994,2654,4,4
129994,26599,0,1
129994,26603,4,1
129994,26603pr0047,14,1
129994,26604,19,2
129994,27263,19,4
129994,27448,15,1
129994,27507,70,2
129994,27507,4,2
129994,27507,15,2
129994,27925,15,8
129994,27925,71,4
129994,27925,4,4
129994,27925,297,4
129994,28192,4,2
129994,28660,78,2
129994,28802,19,1
129994,29119,19,1
129994,29119,4,1
129994,29120,4,1
129994,29120,19,1
129994,3001,4,1
129994,3001,15,2
129994,3001,71,2
129994,3002,1,1
129994,3002,0,2
129994,3003,191,2
129994,3003,2,1
129994,3004,10,3
129994,3004,14,2
129994,3004,71,2
129994,3004,15,16
129994,30044,70,4
129994,30046,297,4
129994,3004pr0091,3,2
129994,3005,15,2
129994,3009,15,4
129994,3010,15,7
129994,3010,85,5
129994,30136,15,4
129994,30136,308,4
129994,30166,72,1
129994,3020,71,1
129994,3020,4,2
129994,3020,19,2
129994,3020,84,4
129994,3020,0,3
129994,3020,10,2
129994,3020,70,2
129994,3021,0,2
129994,3021,71,1
129994,3021,70,1
129994,3021,72,2
129994,3022,191,3
129994,3022,2,1
129994,3022,4,1
129994,3022,0,2
129994,3022,84,2
129994,3022,15,2
129994,3022,19,1
129994,3023,4,7
129994,3023,484,3
129994,3023,321,2
129994,3023,72,2
129994,3023,71,17
129994,3023,70,2
129994,3023,191,4
129994,3023,15,6
129994,3023,1,4
129994,3023,19,1
129994,3023,322,1
129994,3023,30,2
129994,3024,70,2
129994,3024,4,10
129994,3024,191,10
129994,3024,1,6
129994,3024,15,8
129994,3024,14,4
129994,3024,19,5
129994,30249,15,2
129994,3031,71,4
129994,3032,85,1
129994,3032,71,1
129994,3033,71,2
129994,3034,84,1
129994,3034,71,2
129994,3034,70,4
129994,3034,15,2
129994,3034,2,2
129994,3034,0,1
129994,3035,71,2
129994,3036,1,1
129994,3036,70,2
129994,30363,15,2
129994,30367c,297,2
129994,30367c,27,6
129994,30374,71,1
129994,3038,72,2
129994,3040b,15,2
129994,3040b,191,4
129994,30414,15,2
129994,3043,0,3
129994,30565,70,2
129994,30565,4,2
129994,3062b,297,2
129994,3062b,70,8
129994,3062b,72,2
129994,3062b,4,1
129994,3062b,47,1
129994,3068b,272,1
129994,3068b,15,3
129994,3068b,484,1
129994,3068b,71,2
129994,3068bpr0432,484,1
129994,3068bpr0434,4,1
129994,3068bpr0651,14,1
129994,3068bpr9460,4,1
129994,3068bpr9461,84,1
129994,3068bpr9462,2,1
129994,3068bpr9463,14,1
129994,3068bpr9475,15,1
129994,3068bpr9477,1,1
129994,3068bpr9682,272,1
129994,3068bpr9737,3,1
129994,3068bpr9970,272,1
129994,3068bpr9978,484,1
129994,3069b,4,5
129994,3069b,14,6
129994,3069b,84,1
129994,3069b,15,20
129994,3069b,10,2
129994,3069b,320,2
129994,3069b,191,2
129994,3069b,71,1
129994,3069b,70,4
129994,3069b,19,2
129994,30987,15,8
129994,3176,4,2
129994,32000,71,3
129994,32028,72,1
129994,32028,19,2
129994,32073,71,1
129994,3245c,15,4
129994,32474,5,2
129994,32526,0,2
129994,32607,10,4
129994,32607,297,2
129994,32803,15,1
129994,32828,19,4
129994,32828,71,2
129994,32828,297,1
129994,32952,15,17
129994,33051,4,1
129994,33085,14,1
129994,33492,71,1
129994,33909,4,2
129994,33909,72,1
129994,33909,70,1
129994,34103,1,2
129994,34103,15,2
129994,3460,71,2
129994,3460,15,2
129994,3460,19,2
129994,34732,85,2
129994,35394,47,1
129994,35442,85,1
129994,35442,322,1
129994,35470,15,1
129994,35480,15,2
129994,3622pr0066,10,1
129994,3623,14,1
129994,3623,71,4
129994,3623,1,3
129994,3659,191,2
129994,3665,191,2
129994,3665,71,2
129994,3666,1,2
129994,3666,71,2
129994,3666,320,2
129994,3666,0,1
129994,3666,4,3
129994,3666,15,1
129994,3673,14,1
129994,3673,71,2
129994,3678b,4,8
129994,3679,71,2
129994,3680,0,2
129994,36840,0,2
129994,36841,14,1
129994,3700,14,2
129994,3701,70,2
129994,3703,0,2
129994,3710,70,5
129994,3710,71,1
129994,3710,15,8
129994,3710,0,1
129994,3710,1,2
129994,3710,484,2
129994,3710,14,1
129994,3710,19,1
129994,37352,15,4
129994,37775,182,3
129994,3795,71,1
129994,3795,72,3
129994,3795,321,4
129994,3795,19,1
129994,3832,1,2
129994,3832,0,2
129994,3832,72,2
129994,3937,0,4
129994,3937,71,1
129994,3938,0,4
129994,3941,27,4
129994,3941,47,3
129994,3942c,4,2
129994,3957b,70,4
129994,39739,29,4
129994,39739,15,8
129994,40066,15,1
129994,4032a,5,2
129994,4032a,0,1
129994,4032a,15,3
129994,4032a,3,1
129994,4032a,19,3
129994,4070,10,2
129994,4070,0,4
129994,4162,85,4
129994,4162,0,8
129994,4162,4,1
129994,4162,15,3
129994,4162,71,4
129994,41682,0,2
129994,41740,71,1
129994,41747,320,2
129994,41748,320,2
129994,41767,15,1
129994,41768,15,1
129994,41769,4,2
129994,41769,320,4
129994,41770,4,2
129994,41770,320,4
129994,42205,15,1
129994,4274,15,4
129994,4282,15,1
129994,43056,71,1
129994,43888,15,2
129994,4460b,71,2
129994,44728,4,1
129994,4477,4,1
129994,4477,15,2
129994,44861,0,2
129994,44865,15,4
129994,4495b,4,5
129994,47753,320,2
129994,4865b,84,2
129994,49311,15,2
129994,50340,0,1
129994,50950,1,4
129994,51739,0,1
129994,51739,71,3
129994,51739,4,1
129994,52107,70,1
129994,52501,19,1
129994,53540,0,4
129994,54200,191,2
129994,54200,70,2
129994,59349,15,2
129994,59900,297,6
129994,60169,72,1
129994,60474,308,1
129994,60474,15,1
129994,60475b,15,4
129994,60478,0,4
129994,60478,191,1
129994,60481,4,4
129994,60481,15,2
129994,60484,71,2
129994,60593,70,1
129994,6091,191,8
129994,6091,19,2
129994,6126b,52,1
129994,61332,0,2
129994,6134,71,1
129994,6141,19,4
129994,6141,10,5
129994,6141,4,2
129994,6141,71,2
129994,61485,0,1
129994,6179,71,2
129994,62361,15,2
129994,63864,10,1
129994,63864,0,2
129994,63864,71,4
129994,63864,70,6
129994,63864,4,2
129994,63868,71,2
129994,63965,71,2
129994,64799,15,1
129994,65066pr0004,47,1
129994,6541,191,2
129994,6541,70,2
129994,65578,2,1
129994,6636,70,4
129994,6636,1,1
129994,6636,84,4
129994,66787,14,1
129994,66788,14,2
129994,66789,10,2
129994,66789,14,1
129994,66789,71,3
129994,66789,85,2
129994,66790,85,1
129994,66792,71,1
129994,66792,10,3
129994,66855pr0001,5,1
129994,66857,19,1
129994,66857pr0027,19,1
129994,66858,70,2
129994,66858,14,1
129994,66859,14,1
129994,66906,0,2
129994,66906,4,2
129994,67329,0,4
129994,67929,15,1
129994,67931pat0001,1,1
129994,68568,212,4
129994,69729,0,1
129994,73230,70,2
129994,73832,321,2
129994,73832,84,2
129994,74166,71,1
129994,74166,15,1
129994,76795,15,2
129994,76959,0,2
129994,79846,321,2
129994,85080,15,4
129994,85543,15,2
129994,85861,41,1
129994,85861,5,2
129994,85861,71,1
129994,85861,15,5
129994,85984,1,2
129994,85984,4,6
129994,85984,191,2
129994,86996,15,4
129994,87079,15,1
129994,87079,0,1
129994,87079,1,2
129994,87079,85,2
129994,87083,72,2
129994,87580,272,2
129994,87580,2,4
129994,87609,15,2
129994,87747,19,2
129994,87994,72,1
129994,87994,15,2
129994,87994,71,3
129994,89681,71,6
129994,89681,1,2
129994,89681,84,2
129994,93273,4,1
129994,93273,15,4
129994,93273,85,1
129994,93606,71,1
129994,96874,25,1
129994,98138,52,6
129994,98138,19,1
129994,98375,484,1
129994,99206,1,2
129994,99206,19,3
129994,99207,14,1
129994,99207,1,2
129994,99207,0,2
129994,99780,4,2
129994,99780,2,4
129994,99780,19,1
129995,11211,72,2
129995,11211,226,1
129995,11211,14,2
129995,11272,1103,1
129995,11477,2,4
129995,14769,191,2
129995,14769,15,2
129995,14769pr1166,226,1
129995,15068,212,1
129995,15068,15,4
129995,15068,2,4
129995,15208,2,2
129995,15571pr0003,14,1
129995,15573,484,2
129995,15573,72,2
129995,15672,2,4
129995,15672,4,2
129995,1747,10,12
129995,1749,47,2
129995,18654,15,1
129995,18677,4,2
129995,20482,70,2
129995,22388,15,8
129995,22388,191,8
129995,22885,226,1
129995,22885,2,4
129995,2420,2,2
129995,2420,4,4
129995,2456,15,2
129995,24866,191,2
129995,25214,15,4
129995,25892,15,1
129995,26599,71,1
129995,26603,2,1
129995,3001,71,2
129995,3002,71,2
129995,3003,19,2
129995,3003,484,2
129995,3004,4,2
129995,3004,19,2
129995,3004,2,1
129995,3004,71,6
129995,3004pr0064,1,2
129995,3004pr0092,15,1
129995,3010,2,1
129995,3010,15,1
129995,30145,19,2
129995,3020,15,5
129995,3020,321,2
129995,3020,2,2
129995,3020,71,2
129995,3021,212,1
129995,3022,2,8
129995,3022,71,6
129995,3022,4,2
129995,3022,212,1
129995,3022,226,1
129995,3022,15,1
129995,3022,14,1
129995,3023,15,13
129995,3023,226,1
129995,3023,2,20
129995,3023,14,1
129995,3023,71,6
129995,3023,4,4
129995,3024,15,10
129995,3024,4,2
129995,3024,2,2
129995,3031,2,1
129995,3032,2,1
129995,3034,321,2
129995,3034,2,1
129995,30357,2,6
129995,3036,10,1
129995,3040b,19,4
129995,3068b,25,2
129995,3068b,272,1
129995,3068bpr0036,1,1
129995,3068bpr9455,212,1
129995,3068bpr9456,15,2
129995,3068bpr9458,1,1
129995,3069b,15,5
129995,3069b,2,4
129995,3069b,484,2
129995,3176,15,4
129995,32062,0,1
129995,32064a,2,2
129995,32123b,71,2
129995,32278,321,2
129995,32316,321,2
129995,32523,15,2
129995,32523,2,1
129995,32525,15,1
129995,32526,321,2
129995,32606,5,2
129995,32607,2,4
129995,32802,2,2
129995,32803,212,1
129995,32803,320,2
129995,34103,15,2
129995,3460,2,3
129995,35464,212,2
129995,35470,15,8
129995,35480,15,2
129995,3623,2,2
129995,3660,2,1
129995,3666,2,2
129995,3673,71,2
129995,36840,4,2
129995,3700,2,2
129995,3700,14,1
129995,3700,15,4
129995,3701,15,3
129995,3702,15,2
129995,3707,4,1
129995,3710,2,1
129995,37352,15,4
129995,37352pr0017,1,1
129995,3795,71,1
129995,3795,321,3
129995,3795,2,2
129995,3795,15,4
129995,3832,2,1
129995,3937,212,2
129995,3941,1,4
129995,3941,15,2
129995,3957b,47,1
129995,39739,15,2
129995,4032a,70,2
129995,4032a,1,3
129995,41677,4,2
129995,41682,2,3
129995,41740,15,2
129995,41740,71,4
129995,4274,71,7
129995,4282,15,1
129995,42924,1,3
129995,43093,1,6
129995,44728,2,2
129995,44728,15,2
129995,4519,71,2
129995,50950,2,4
129995,60485,71,1
129995,6091,212,2
129995,6091,4,4
129995,6091,2,6
129995,6091,15,16
129995,61332,0,16
129995,6134,71,2
129995,6141,70,2
129995,6215,15,2
129995,62462,15,4
129995,63864,2,2
129995,6541,226,2
129995,6541,14,4
129995,65487,15,2
129995,66788,14,2
129995,66789,10,4
129995,66789,321,2
129995,66790,10,1
129995,66792,15,2
129995,66792,25,4
129995,66792pr0193,191,1
129995,66858,1,1
129995,67013pat0001,1,1
129995,67013pat0001,272,1
129995,68568,2,2
129995,68869pr0150,15,1
129995,68888,72,2
129995,76797,2,2
129995,77834,19,2
129995,79387,10,4
129995,85861,15,1
129995,85861,72,8
129995,85943,72,1
129995,86996,0,2
129995,87079,15,1
129995,87083,72,3
129995,87087,15,4
129995,87609,2,1
129995,88930pr0010,2,1
129995,89681,10,2
129995,93273,19,2
129995,93273,15,1
129995,96874,25,1
129995,98138,15,12
129995,98283,71,2
129995,99008,19,2
129995,99206,2,4
129995,99207,15,6
129995,99780,15,2
129995,99781,14,1
129996,11211,19,1
129996,18654,15,2
129996,18838,15,2
129996,22388,0,12
129996,2476a,0,2
129996,2654,71,2
129996,26599,71,2
129996,2723,0,2
129996,3001,321,5
129996,3002,15,4
129996,3004,321,6
129996,3004,15,5
129996,3004pr0091,3,2
129996,3009,15,2
129996,3010,321,2
129996,3020,321,4
129996,3022,321,1
129996,3023,15,2
129996,3040b,321,4
129996,3068bpr0426,0,1
129996,3068bpr0647,0,1
129996,3068bpr9479,3,1
129996,3068bpr9966,0,2
129996,3069b,25,2
129996,3069b,321,4
129996,3069b,14,2
129996,3069b,2,2
129996,3069b,4,2
129996,3070b,0,12
129996,32525,15,1
129996,32606,191,1
129996,32607,2,1
129996,3460,15,1
129996,35470,15,1
129996,3700,15,3
129996,3701,15,2
129996,37352,15,7
129996,3795,15,2
129996,3832,15,4
129996,3894,15,1
129996,3957b,47,1
129996,4032a,3,1
129996,42924,1,2
129996,43093,1,2
129996,50950,321,4
129996,6091,15,4
129996,6215,15,3
129996,62462,0,2
129996,66789,10,3
129996,66792,25,1
129996,66792,15,1
129996,67329,72,4
129996,77834,19,1
129996,85861,15,1
129996,87079,25,2
129996,87083,72,2
129996,93273,19,2
129996,98138,15,3
129997,15068,484,2
129997,18674,72,1
129997,18980,14,2
129997,18980,10,2
129997,2431,14,1
129997,2431,10,2
129997,3001,0,1
129997,3004,10,4
129997,3020,15,1
129997,3022,4,1
129997,3023,10,1
129997,3023,70,2
129997,3023,484,2
129997,3024,10,2
129997,3024,14,2
129997,30374,0,1
129997,3068b,4,1
129997,3068b,484,1
129997,3068bpr0552,484,1
129997,3068bpr9478,70,1
129997,3068bpr9978,484,1
129997,3069b,15,1
129997,32064a,0,2
129997,32123b,14,2
129997,32803,15,1
129997,3622,10,2
129997,3700,15,2
129997,3705,4,1
129997,3710,70,4
129997,4032a,70,1
129997,4274,71,2
129997,45590,0,1
129997,60470b,15,1
129997,6091,10,4
129997,6091,14,2
129997,66787,10,1
129997,66792,14,1
129997,66858,70,1
129997,67329,72,2
129997,67810,10,2
129997,87580,484,1
129997,98138,71,1
129997,98283,484,2
129997,98375,179,1
129997,99207,10,1
129997,99780,14,3
129997,99781,71,2
129998,10247,71,4
129998,11090,25,1
129998,11203pr0132,15,1
129998,11211,19,1
129998,11213,71,1
129998,11458,15,1
129998,11477,15,2
129998,11477,321,2
129998,13548,4,2
129998,14769,14,2
129998,14769,4,1
129998,14769pr0156,14,1
129998,15068,71,1
129998,15068,25,2
129998,15254,15,1
129998,15395,322,1
129998,15395,191,1
129998,15573,15,2
129998,15573,297,2
129998,15672,15,2
129998,1740pr0001,29,1
129998,17485pr9999,1,1
129998,1749,47,1
129998,1750,15,2
129998,1752,15,1
129998,1753,15,1
129998,18654,19,1
129998,18674,322,1
129998,18674,15,1
129998,18980,15,1
129998,1928pr0001,29,1
129998,20310,15,2
129998,22885,15,4
129998,2357,15,4
129998,2431,71,1
129998,2431,15,4
129998,2445,71,1
129998,2445,15,1
129998,2454b,15,2
129998,2476a,71,1
129998,24855,2,1
129998,24866,15,5
129998,24866,5,9
129998,2489,84,1
129998,25269,71,2
129998,25269,15,2
129998,2653,71,2
129998,26601,72,2
129998,2730,15,1
129998,27925,15,2
129998,28192,15,2
129998,28660,78,2
129998,3001,71,2
129998,3001,4,1
129998,3003,19,2
129998,3003pr0160,78,1
129998,3004,15,5
129998,3004,71,1
129998,3004,321,2
129998,3004,1,1
129998,30044,70,1
129998,30046,297,1
129998,3008,15,2
129998,3010,15,3
129998,3020,15,3
129998,3020,71,2
129998,3020,321,1
129998,3020,19,2
129998,3020,4,1
129998,3021,321,1
129998,3021,15,1
129998,3022,15,2
129998,3022,0,3
129998,3022,19,5
129998,3022,2,1
129998,3023,0,1
129998,3023,321,1
129998,3023,71,4
129998,3023,4,1
129998,3023,19,5
129998,3023,25,1
129998,3023,15,5
129998,3024,4,1
129998,3024,15,2
129998,3024,25,1
129998,3024,321,2
129998,30294,41,1
129998,3031,19,1
129998,3031,4,2
129998,3034,2,1
129998,3034,4,1
129998,3034,321,2
129998,3035,2,2
129998,3036,1,2
129998,30367c,14,1
129998,30374,14,1
129998,3038,4,4
129998,3039,4,2
129998,3040b,321,2
129998,3040b,41,1
129998,30565,4,6
129998,30565,2,2
129998,3062b,70,2
129998,3065,41,3
129998,3068bpr0653,25,1
129998,3068bpr9468,25,1
129998,3068bpr9469,484,1
129998,3068bpr9720,1,1
129998,3068bpr9730,19,1
129998,3068bpr9974,1,2
129998,3069b,15,8
129998,3069b,14,2
129998,3069b,321,1
129998,3069b,25,1
129998,3069b,71,5
129998,32028,19,2
129998,32123b,14,1
129998,3245c,71,3
129998,3245c,321,1
129998,32523,15,3
129998,32524,71,4
129998,32525,15,1
129998,32607,10,9
129998,32828,70,1
129998,32952,15,4
129998,3298,72,1
129998,33909,71,1
129998,3460,71,2
129998,3460,4,1
129998,35480,71,2
129998,35480,15,2
129998,35565,15,4
129998,3660,71,2
129998,3666,4,1
129998,3673,71,5
129998,3678b,4,2
129998,3678b,15,2
129998,36841,15,1
129998,3700,72,3
129998,3701,72,3
129998,3701,15,2
129998,3710,15,10
129998,3710,4,2
129998,3710,19,2
129998,37352,321,1
129998,37352pr0009,14,1
129998,37352pr0010,14,1
129998,3749,19,1
129998,3795,10,1
129998,3795,0,2
129998,3795,71,1
129998,3937,15,1
129998,3937,71,1
129998,3941,72,4
129998,3941,25,1
129998,3942c,321,1
129998,3942c,4,1
129998,3957b,70,1
129998,39888,19,2
129998,40066,15,1
129998,4032a,15,1
129998,4032a,70,1
129998,40687,19,1
129998,4162,71,2
129998,4162,2,4
129998,4162,15,2
129998,41740,72,1
129998,41835,15,1
129998,4286,15,2
129998,42924,1,2
129998,43898,15,1
129998,43898,14,1
129998,44294,71,1
129998,44728,14,1
129998,4477,71,1
129998,4495b,4,1
129998,47457,15,2
129998,47847,41,3
129998,48092,15,4
129998,48092,71,4
129998,49153,71,1
129998,49311,15,1
129998,54200,25,2
129998,54200,41,14
129998,55013,72,2
129998,58176,15,1
129998,59900,297,2
129998,59900,14,1
129998,60474,72,1
129998,60474,71,1
129998,60481,15,2
129998,6126b,41,1
129998,61332,0,1
129998,6134,15,1
129998,6134,0,1
129998,6141,36,1
129998,6141,41,2
129998,6141,15,2
129998,61485,15,1
129998,62462,19,2
129998,63965,71,1
129998,65138,320,2
129998,65304,71,2
129998,6541,321,2
129998,65578,2,1
129998,66788,14,2
129998,66789,71,2
129998,66789,10,2
129998,66790,84,1
129998,66792,71,3
129998,66792,10,1
129998,66855pr0002,15,1
129998,66858,70,1
129998,66858,4,1
129998,66858,15,1
129998,67095,84,2
129998,67329,15,2
129998,68568,15,2
129998,73562,71,4
129998,73832,321,3
129998,73832,10,1
129998,74166,15,1
129998,76795,4,2
129998,76959,15,6
129998,85861,41,1
129998,85984,321,1
129998,85984,14,1
129998,85984,4,8
129998,87079,71,1
129998,87087,15,2
129998,87087,14,2
129998,87580,297,1
129998,87580,15,1
129998,87620,15,4
129998,87994,1,1
129998,88292,15,4
129998,90258,72,2
129998,93273,15,4
129998,96874,25,1
129998,98138,4,1
129998,98138pr0254,0,2
129998,98138pr9982,226,10
129998,98283,484,2
129998,99206,71,1
129998,99780,0,1
129998,99780,2,1
129999,11211,19,3
129999,11211,27,2
129999,11477,2,2
129999,13965,70,2
129999,14769,15,2
129999,14769,19,1
129999,14769pr0153,191,1
129999,14769pr0157,226,1
129999,15068,84,2
129999,15068,70,1
129999,15208,0,2
129999,15395,27,1
129999,15395,4,1
129999,15533,19,2
129999,15535,4,1
129999,15535,72,1
129999,15571,27,1
129999,15573,84,2
129999,15573,2,2
129999,15573,27,2
129999,15672,70,2
129999,15712,70,1
129999,1748,15,1
129999,18674,15,1
129999,18674,70,1
129999,22885,71,2
129999,23950,70,1
129999,2412b,70,5
129999,2420,19,2
129999,2431,2,3
129999,24316,70,1
129999,2454b,19,1
129999,24866,191,2
129999,24866,26,3
129999,25269,27,2
129999,2654,4,1
129999,27448,484,2
129999,3003,70,1
129999,3004,84,1
129999,3004pr0056,27,1
129999,3004pr0096,84,1
129999,3005,19,2
129999,3009,2,1
129999,3020,2,4
129999,3020,19,4
129999,3020,70,1
129999,3021,72,1
129999,3022,19,1
129999,3022,2,2
129999,3022,27,1
129999,3023,70,1
129999,3023,19,7
129999,3023,27,3
129999,3023,2,5
129999,3031,2,2
129999,3034,19,1
129999,3037,2,2
129999,3068b,2,1
129999,3068bpr9470,4,1
129999,3068bpr9471,72,1
129999,3068bpr9472,27,1
129999,3068bpr9989,84,1
129999,3069b,2,4
129999,3069b,15,1
129999,3069bpr0303,15,1
129999,3070b,71,1
129999,3176,71,1
129999,32028,15,1
129999,3245c,19,1
129999,32607,27,1
129999,32952,70,2
129999,35442,2,1
129999,35443,72,1
129999,35470,15,1
129999,35700pr0007,191,1
129999,3623,71,1
129999,3710,2,7
129999,37352,27,1
129999,37352,4,2
129999,37352pr0003,27,1
129999,3747b,70,1
129999,37695,10,1
129999,3832,2,1
129999,40066,19,1
129999,4032a,70,1
129999,4032a,15,1
129999,4032a,4,1
129999,41740,72,2
129999,41835,321,1
129999,4345b,4,1
129999,4346,4,1
129999,44728,2,2
129999,4740,28,1
129999,48336,70,4
129999,4865b,71,1
129999,49307,4,2
129999,54200,71,1
129999,54200,15,1
129999,59426,72,1
129999,59900,4,1
129999,6081,2,4
129999,6091,2,8
129999,61408,71,1
129999,6141,308,1
129999,6192b,19,1
129999,62462,70,1
129999,64647,182,1
129999,6541,27,2
129999,6541,19,2
129999,65578,2,2
129999,6636,70,1
129999,66788,27,2
129999,66789,10,3
129999,66792,10,3
129999,66858,25,1
129999,66858,84,1
129999,67329,484,1
129999,67810,2,8
129999,73230,70,1
129999,73825,15,1
129999,79387,28,1
129999,79846,2,2
129999,85984,70,1
129999,87079,2,2
129999,87079,15,2
129999,87079pr0291,84,1
129999,87087,84,2
129999,87087,15,2
129999,87580,70,1
129999,87580,19,1
129999,87609,15,2
129999,88930,15,1
129999,92947,70,1
129999,98138,4,1
129999,98138,70,1
129999,98283,19,4
129999,99206,19,2
129999,99207,71,1
129999,99207,27,3
129999,99780,70,4
129999,99781,27,1
