inventoryId,partNumber,color,quantity
130007,10928,72,6
130007,11214,4,7
130007,11477,4,1
130007,11478,0,2
130007,11947,14,1
130007,15068,14,4
130007,15379,0,86
130007,15573,0,1
130007,18575,19,1
130007,18651,0,12
130007,18654,0,5
130007,18654,71,1
130007,18677,0,2
130007,18938,0,1
130007,18939,71,1
130007,22961,72,7
130007,24116,47,1
130007,24116,14,3
130007,24120,72,1
130007,2412b,0,4
130007,24316,70,10
130007,27940,72,1
130007,3022,0,1
130007,3023,14,1
130007,3032,14,1
130007,3069b,71,2
130007,3070b,4,2
130007,32000,0,1
130007,32002,19,4
130007,32009,14,2
130007,32013,0,1
130007,32014,0,3
130007,32034,0,3
130007,32054,71,6
130007,32062,4,6
130007,32063,14,4
130007,32073,71,1
130007,32123b,14,5
130007,32126,0,2
130007,32140,14,6
130007,32140,0,2
130007,32184,0,1
130007,32184,71,5
130007,32198,19,1
130007,32250,0,6
130007,32270,0,3
130007,32271,0,4
130007,32278,72,6
130007,32316,0,5
130007,32523,14,5
130007,32523,0,2
130007,32524,72,1
130007,32524,14,4
130007,32525,14,2
130007,32525,72,5
130007,32526,14,3
130007,32526,0,5
130007,3623,4,1
130007,3705,0,6
130007,3706,4,1
130007,3710,14,1
130007,3713,71,1
130007,3749,19,2
130007,39793,0,3
130007,39888,19,4
130007,40490,15,1
130007,40490,0,4
130007,41677,0,10
130007,41678,71,4
130007,42195,71,3
130007,4274,71,15
130007,42924,1,63
130007,43093,1,14
130007,44294,14,1
130007,44567b,0,1
130007,44809,14,2
130007,44874,71,5
130007,4519,71,13
130007,47905,4,1
130007,54200,0,1
130007,57360,0,1
130007,58176,182,1
130007,59426,72,1
130007,59443,14,1
130007,59900,4,4
130007,60483,72,20
130007,60485,71,1
130007,60849,71,2
130007,61332,0,38
130007,61409,0,4
130007,6141,15,4
130007,61903,71,4
130007,61904,72,1
130007,62462,0,4
130007,63869,0,2
130007,63869,71,4
130007,64391,14,1
130007,64683,14,1
130007,65304,4,4
130007,6536,0,8
130007,65487,14,5
130007,65489,71,1
130007,6589,19,1
130007,6632,14,2
130007,71708,0,2
130007,71708,14,4
130007,72184,9999,1
130007,87079,14,1
130007,87083,72,2
130007,87580,4,4
130007,92693,71,2
130007,92907,71,1
130007,94925,71,4
130007,98138,47,2
130007,98138,71,1
130007,99773,0,4
130102,15307pr0001,308,1
130102,970c07pr0575,308,1
130102,973c07h07,308,1
130148,10201,0,2
130148,12825,14,2
130148,12825,71,2
130148,2412b,71,1
130148,2420,19,2
130148,2431,0,2
130148,2445,72,1
130148,2449,320,2
130148,2454a,19,4
130148,2456,19,4
130148,2456,14,1
130148,2653,71,2
130148,3001,0,2
130148,3002,19,12
130148,3003,272,4
130148,3003,0,4
130148,3003,19,14
130148,3003,28,2
130148,3004,19,6
130148,3004,0,7
130148,3004,28,16
130148,30044,71,1
130148,30046,0,1
130148,3007,19,4
130148,3009,71,4
130148,3009,0,3
130148,3009,19,2
130148,3010,19,1
130148,3010,14,2
130148,3010,0,1
130148,30141,72,1
130148,30149,320,1
130148,30169,297,2
130148,30176,2,4
130148,3020,72,11
130148,3021,19,22
130148,3021,72,3
130148,3022,19,4
130148,3022,484,8
130148,3023,0,8
130148,3023,28,10
130148,3023,4,2
130148,30237b,0,1
130148,30249,19,4
130148,3032,72,2
130148,3034,19,1
130148,3036,28,3
130148,30363,19,7
130148,30364,71,8
130148,30365,72,16
130148,3037,272,3
130148,3037,320,1
130148,3039,19,5
130148,3039,272,3
130148,3040b,272,2
130148,3040b,28,10
130148,3040b,320,8
130148,30414,71,2
130148,3045,272,4
130148,3045,320,4
130148,3048c,297,4
130148,3062b,19,12
130148,3062b,272,6
130148,3068b,28,2
130148,3068b,19,3
130148,3070b,71,2
130148,32028,14,4
130148,32474,0,1
130148,3623,19,8
130148,3678b,0,2
130148,3684,28,4
130148,3685,0,2
130148,3700,71,2
130148,3710,19,4
130148,3710,0,4
130148,3747b,0,1
130148,3747b,320,6
130148,3794a,272,6
130148,3794b,0,3
130148,3795,28,5
130148,3829c01,0,1
130148,3832,19,1
130148,3841,72,1
130148,4032a,72,4
130148,4282,71,2
130148,43710,0,1
130148,43711,0,1
130148,44301a,71,10
130148,44302a,0,2
130148,44728,71,4
130148,4497,0,1
130148,45677,0,1
130148,4599b,0,2
130148,47455,0,4
130148,47457,71,1
130148,47720,71,2
130148,47753,0,1
130148,48169,72,4
130148,48170,72,4
130148,48336,297,2
130148,4865a,19,4
130148,4865a,47,1
130148,49668,0,18
130148,54200,0,6
130148,54200,297,2
130148,54200,72,2
130148,55013,72,1
130148,56902,71,4
130148,59900,297,2
130148,6005,320,4
130148,60470b,0,2
130148,60481,0,12
130148,60897,0,2
130148,6091,320,2
130148,61254,0,4
130148,6141,47,2
130148,6141,36,10
130148,6141,14,4
130148,63864,71,4
130148,64728,4,1
130148,6636,19,6
130148,85975,320,2
130148,86208,71,2
130148,87079,19,4
130148,87087,0,6
130148,87087,72,2
130148,87580,320,2
130148,93247,1103,1
130148,93247,297,1
130148,94259,9999,1
130247,3022,72,1
130247,3023,72,1
130247,30602,72,1
130247,30602,0,1
130247,3795,4,1
130247,3795,72,1
130247,41854,0,1
130247,43719,4,1
130247,50944pr0001,0,4
130247,51011,0,4
130247,54200,4,2
130247,6157,72,2
130247,upn0068,0,1
130247,upn0182,0,1
130247,upn0277,179,1
130247,upn0323,4,2
130247,upn0323,179,2
130247,upn0382,0,1
130247,upn0389,15,2
130247,upn0389,179,2
130247,upn0389,4,6
130247,upn0389,0,6
130247,upn0465pr0013,0,1
130347,11153,272,4
130347,12825,0,1
130347,2357,0,2
130347,2412b,320,13
130347,2654,0,7
130347,298c02,0,2
130347,30154,72,1
130347,30162,72,2
130347,30162,71,1
130347,30165,0,2
130347,3020,71,4
130347,3020,0,2
130347,3023,0,4
130347,3023,19,8
130347,3023,72,2
130347,3034,0,1
130347,30367b,71,1
130347,30367b,15,3
130347,30374,71,1
130347,3039,272,1
130347,30414,0,1
130347,3062b,0,4
130347,30663,0,3
130347,3069bpr0101,71,3
130347,3070b,272,2
130347,3070bpr0007,71,2
130347,3176,0,1
130347,32001,0,1
130347,32039,0,3
130347,32062,4,3
130347,32064b,0,5
130347,32073,71,1
130347,32449,15,2
130347,3298,71,2
130347,3647,72,1
130347,3666,0,1
130347,3673,71,2
130347,3700,71,2
130347,3701,71,2
130347,3709,72,1
130347,3710,0,7
130347,3713,71,1
130347,3743,71,1
130347,3794a,272,1
130347,3795,71,1
130347,3941,0,2
130347,3942c,0,1
130347,4032a,19,5
130347,4070,0,8
130347,4079b,70,1
130347,4150pr0022,71,1
130347,42446,71,1
130347,4282,15,1
130347,4285b,71,2
130347,4286,0,2
130347,43093,1,2
130347,4477,19,1
130347,4519,71,1
130347,4733,71,1
130347,48336,0,3
130347,49668,19,2
130347,50304,71,2
130347,50305,71,2
130347,55013,72,1
130347,58176,33,1
130347,59900,71,5
130347,6141,19,6
130347,6141,15,5
130347,6141,36,1
130347,6141,34,1
130347,63868,0,6
130347,63965,0,1
130347,64567,71,1
130347,64799,71,2
130347,6541,0,2
130347,6553,71,1
130347,85984,15,2
130347,87552,0,2
130347,87580,71,2
130347,87751,179,2
130347,88072,0,1
130347,92338,297,2
130347,92593,15,2
130347,92947,71,2
130347,98138,71,2
130347,98567,0,1
130347,99207,71,1
130348,2420,15,6
130348,2431,0,2
130348,2817,0,2
130348,298c02,0,1
130348,3001,0,2
130348,3003,15,3
130348,3005,0,8
130348,3005,15,4
130348,3009,19,1
130348,3010,15,2
130348,3010,0,3
130348,30176,2,1
130348,3021,272,8
130348,3021,71,4
130348,3023,15,9
130348,3023,0,7
130348,3024,15,6
130348,3033,288,2
130348,3034,15,1
130348,3037,272,2
130348,30377,15,2
130348,3039,72,2
130348,3039,272,4
130348,3040b,72,2
130348,3044c,272,1
130348,3045,272,6
130348,3062b,320,6
130348,3062b,15,6
130348,3069b,71,6
130348,32028,15,12
130348,32073,71,2
130348,32270,0,4
130348,3460,0,1
130348,3460,15,3
130348,3622,72,2
130348,3623,15,6
130348,3666,15,2
130348,3666,320,1
130348,3701,71,4
130348,3705,0,2
130348,3710,0,3
130348,3794a,320,1
130348,3794a,19,3
130348,3795,15,1
130348,3832,15,2
130348,4070,0,6
130348,4070,15,4
130348,4081b,15,4
130348,4162,71,2
130348,4216,15,14
130348,4477,71,2
130348,4599b,15,2
130348,4733,71,1
130348,4740,71,1
130348,48336,71,1
130348,54200,0,2
130348,54200,320,2
130348,54200,272,7
130348,59900,19,1
130348,60474,320,1
130348,61409,0,2
130348,6141,179,5
130348,6141,15,17
130348,61485,0,1
130348,6636,0,2
130348,73983,0,1
130348,87079,15,2
130348,87580,15,1
130348,92947,15,10
130348,92950,15,1
130348,98283,71,3
130349,12825,0,2
130349,2420,19,6
130349,2431,320,2
130349,2449,19,2
130349,2458,72,4
130349,2540,0,12
130349,2654,71,6
130349,2921,0,2
130349,3004,272,3
130349,3004,19,3
130349,3005,19,4
130349,3009,19,2
130349,3020,19,1
130349,3023,19,4
130349,3023,320,7
130349,30237b,0,2
130349,3024,19,3
130349,3032,19,3
130349,3035,19,2
130349,3039,19,8
130349,3040b,19,2
130349,3040b,0,4
130349,3069b,272,16
130349,3070b,320,1
130349,32001,71,2
130349,32124,0,1
130349,32270,0,2
130349,32316,0,2
130349,32498,0,2
130349,3298,71,1
130349,3460,19,2
130349,3622,19,2
130349,3623,19,3
130349,3660,19,2
130349,3665,19,10
130349,3666,19,2
130349,3673,71,1
130349,3700,15,3
130349,3705,0,2
130349,3706,0,2
130349,3709,72,2
130349,3710,72,2
130349,3713,71,2
130349,3794b,19,4
130349,3795,19,2
130349,3894,0,4
130349,3900,71,1
130349,42023,19,12
130349,4460b,19,1
130349,4519,71,1
130349,4599b,0,1
130349,4733,15,1
130349,4740,0,1
130349,54200,19,3
130349,59443,0,2
130349,60483,0,1
130349,6141,0,9
130349,64566,0,2
130349,6589,19,5
130349,6636,72,3
130349,87083,72,2
130349,98138,47,2
130350,10314,15,2
130350,10830pat0001,0,1
130350,11153,27,4
130350,12825,0,2
130350,2412b,71,2
130350,2431,0,2
130350,2431,27,3
130350,2446,179,1
130350,298c02,0,2
130350,3004,71,1
130350,3005,15,1
130350,3020,71,1
130350,3020,2,4
130350,3021,15,2
130350,3021,85,5
130350,3022,27,1
130350,3022,0,3
130350,3022,71,5
130350,3023,33,26
130350,3023,2,1
130350,3023,15,7
130350,3023,0,5
130350,3023,71,5
130350,3023,27,7
130350,30236,15,2
130350,3024,33,4
130350,3024,71,8
130350,3028,71,2
130350,3031,27,1
130350,30357,15,2
130350,30359b,0,4
130350,3036,71,1
130350,30367c,0,2
130350,30407,0,2
130350,3040b,0,2
130350,3045,71,4
130350,30602,40,1
130350,3062b,0,6
130350,3062b,15,4
130350,3062b,2,4
130350,3068b,27,5
130350,3069b,71,1
130350,3069b,2,1
130350,3069b,27,2
130350,3069bpr0070,0,1
130350,3070b,2,1
130350,3070b,27,13
130350,3070b,36,15
130350,3460,27,3
130350,3623,15,1
130350,3623,2,1
130350,3626bpr0001,14,2
130350,3660,0,2
130350,3660,15,1
130350,3660,71,1
130350,3666,27,2
130350,3666,15,1
130350,3666,71,1
130350,3710,27,6
130350,3710,2,1
130350,3795,15,1
130350,3957a,80,2
130350,3957a,42,1
130350,4032a,15,1
130350,4032a,71,2
130350,4081b,71,4
130350,4081b,15,2
130350,4162,71,1
130350,41747,0,1
130350,41748,0,1
130350,41769,15,1
130350,41770,15,1
130350,4287b,71,2
130350,44567a,71,2
130350,44661,15,1
130350,44728,0,5
130350,4599b,0,2
130350,4599b,71,3
130350,4733,0,1
130350,4733,15,1
130350,4740,0,2
130350,4865a,0,2
130350,49668,15,2
130350,50950,27,3
130350,51739,15,1
130350,54200,71,2
130350,54200,85,2
130350,54200,27,10
130350,54200,0,6
130350,57908,72,1
130350,57909a,72,4
130350,59900,80,6
130350,59900,15,1
130350,6005,0,2
130350,60470b,71,1
130350,60478,71,4
130350,60481,15,2
130350,60481,0,2
130350,6087,71,2
130350,6091,27,4
130350,61409,27,2
130350,6141,80,6
130350,6141,41,11
130350,6141,27,4
130350,6141,85,16
130350,6141,0,12
130350,6564,0,1
130350,6565,0,1
130350,73983,0,4
130350,86035,15,1
130350,87079,71,12
130350,87752,41,1
130350,87777,80,1
130350,92013,0,6
130350,92280,71,4
130350,970c18,15,2
130350,973c18h27pr1815,27,2
130366,18895,4,1
130366,18896,0,1
130366,30031,71,1
130366,50861,0,2
130366,50862,179,2
130383,2446,4,1
130383,2447,47,1
130383,3626cpr1966,14,1
130383,970c03,0,1
130383,973c22h12pr4939,15,1
130430,2377,4,2
130430,2399,4,2
130430,2431,15,1
130430,2431,1,2
130430,2431,4,1
130430,2432,15,2
130430,2437,41,1
130430,298c02,15,2
130430,3003,15,1
130430,3004,4,1
130430,3010,4,3
130430,3020,15,2
130430,3020,4,1
130430,3022,4,1
130430,3022,1,1
130430,3022,7,2
130430,3023,0,1
130430,3023,15,1
130430,3023,4,5
130430,3023,7,2
130430,3024,7,4
130430,3024,4,3
130430,3024,46,2
130430,3031,4,1
130430,3032,15,1
130430,3034,7,1
130430,3039,4,2
130430,3039pr9970,0,1
130430,3040b,15,2
130430,3068b,15,1
130430,3068b,4,1
130430,3069b,4,1
130430,3069b,15,1
130430,3069b,7,1
130430,3070b,4,2
130430,3139,0,10
130430,3298,4,2
130430,3430c01,7,1
130430,3460,15,3
130430,3474,15,1
130430,3585,15,1
130430,3586,15,1
130430,3622,4,6
130430,3623,15,2
130430,3623,4,3
130430,3641,0,6
130430,3666,4,3
130430,3666,15,2
130430,3679,7,1
130430,3680,7,1
130430,3710,4,3
130430,3710,15,1
130430,3710,7,1
130430,3747a,7,1
130430,3788,4,1
130430,3794a,15,1
130430,3795,4,1
130430,3795,0,1
130430,3829c01,4,1
130430,4081b,4,2
130430,4084,0,2
130430,4162,1,2
130430,4175,4,1
130430,4282,1,1
130430,4286,4,2
130430,4345a,14,3
130430,4346,14,3
130430,4477,15,3
130430,4600,0,4
130430,4624,15,8
130430,4624,7,10
130430,4625,4,3
130430,4854,7,3
130430,4855,7,1
130430,4856a,15,1
130430,4856a,4,1
130430,4857,15,3
130430,4858,4,1
130430,4859,15,2
130430,4861,15,1
130430,4862,41,2
130430,4864a,4,4
130430,4864apr0010,4,2
130430,4865a,1,1
130430,4865a,4,6
130430,4867pr0004,15,1
130430,4868a,15,4
130430,4869,7,4
130430,4870,7,5
130430,4871,7,2
130430,6141,36,2
130430,6141,34,1
130430,73983,4,2
130491,122c01,0,4
130491,196705,9999,1
130491,298c02,0,2
130491,3001,0,1
130491,3001,15,1
130491,3002,15,2
130491,3003a,15,1
130491,3003a,0,1
130491,3004,0,2
130491,3004,4,4
130491,3004,14,12
130491,3004,15,4
130491,3005,4,4
130491,3005,14,38
130491,3008,15,1
130491,3008,0,2
130491,3009,14,1
130491,3010,0,4
130491,3010,14,16
130491,3010,4,2
130491,3020,47,1
130491,3020,0,1
130491,3020,15,1
130491,3020,2,6
130491,3021,4,1
130491,3021,15,1
130491,3022,4,2
130491,3022,15,3
130491,3022,0,1
130491,3023,15,4
130491,3023,0,1
130491,3023,4,2
130491,3024,36,1
130491,3024,14,2
130491,3024,4,6
130491,3024,15,5
130491,3030,14,2
130491,3031,4,1
130491,3031,0,1
130491,3031,15,1
130491,3033,14,2
130491,3038,15,2
130491,3039,4,1
130491,3039pr9994,15,3
130491,3040b,14,8
130491,3040bpr0010,4,1
130491,3062b,15,3
130491,3062b,0,2
130491,3068b,15,1
130491,3069b,15,1
130491,3069b,4,5
130491,3070b,4,1
130491,3070b,15,3
130491,3139,0,6
130491,3185,4,3
130491,3460,15,3
130491,3460,4,1
130491,3460,0,1
130491,3461,0,1
130491,3462,15,1
130491,3474,15,1
130491,3480,0,1
130491,3481,15,1
130491,3581,14,2
130491,3582,4,2
130491,3585,15,1
130491,3586,15,1
130491,3622,0,2
130491,3622,14,2
130491,3623,4,1
130491,3623,14,2
130491,3623,15,2
130491,3633,4,2
130491,3641,0,8
130491,3660,0,4
130491,3660b,15,2
130491,3665,15,1
130491,3666,15,1
130491,3666,4,3
130491,3679,7,3
130491,3680,7,2
130491,3680,0,1
130491,3710,4,3
130491,3710,0,1
130491,3710,15,1
130491,3730,0,1
130491,3731,0,1
130491,3747a,15,1
130491,3794a,15,3
130491,3795,15,2
130491,3795,0,1
130491,3821,15,1
130491,3822,15,1
130491,3823,41,1
130491,3829c01,4,1
130491,3832,0,1
130491,3857,2,1
130491,3899,4,2
130491,3900,15,3
130491,3935,0,1
130491,3936,0,1
130491,3937,0,1
130491,3938,0,1
130491,3942cpr0003,15,1
130491,3957a,7,2
130491,3958,14,1
130491,4070,15,2
130491,4079,14,5
130491,4079,15,4
130491,4079,4,2
130491,4085b,4,2
130491,4150pr0001,15,1
130491,4162,4,1
130491,4213,15,1
130491,4215a,15,1
130491,4275b,0,2
130491,4276b,0,2
130491,4282,2,2
130491,4282,4,1
130491,4285a,7,1
130491,4286,15,1
130491,4315,15,1
130491,4347,0,6
130491,4447,0,2
130491,4448,47,2
130491,4449,7,1
130491,4449,0,1
130491,4477,15,2
130491,4477,4,1
130491,4477,0,3
130491,4589,0,2
130491,4589,15,1
130491,4624,7,6
130491,4625,15,4
130491,4854,15,4
130491,4855,15,4
130491,4856a,15,1
130491,4856a,4,2
130491,4857,15,4
130491,4858,15,2
130491,4858,4,1
130491,4859,4,4
130491,4859,15,2
130491,4861,15,1
130491,4862,41,16
130491,4863,15,2
130491,4863,4,6
130491,4864a,4,2
130491,4864a,41,2
130491,4865a,15,5
130491,4865a,4,5
130491,4866,41,1
130491,4867pr0003,15,1
130491,4868a,15,4
130491,4869,7,4
130491,4870,7,3
130491,4871,15,1
130491,4872,47,3
130491,4873,15,2
130491,606pr0003,2,2
130491,608pr0004,2,1
130491,6099pr0001,2,1
130491,6141,15,39
130491,6141,33,10
130491,6141,34,1
130491,6141,46,2
130491,6141,36,11
130491,6141,47,22
130491,73194c01,0,2
130628,2419,4,2
130628,2423,2,2
130628,24309,4,2
130628,3022,2,1
130628,3022,27,1
130628,3023,19,3
130628,3039,288,1
130628,3069b,2,1
130628,3665,2,2
130628,3941,2,1
130628,4599b,71,2
130628,48336,2,2
130628,53451,15,4
130628,60481,288,2
130628,6091,2,4
130628,63868,70,4
130628,85861,15,4
130628,85861,14,2
130628,87081,0,1
130628,98138pr0062,15,2
130745,11213,15,1
130745,11458,72,2
130745,11477,71,1
130745,15397,70,1
130745,15712,71,2
130745,18990,47,1
130745,22961,71,1
130745,2357,71,2
130745,24201,15,1
130745,24866,27,2
130745,24946,15,2
130745,26047,71,2
130745,3003,71,1
130745,3020,19,1
130745,3023,19,1
130745,32013,71,1
130745,3665,15,2
130745,37829pr0002,484,1
130745,4081b,15,1
130745,4274,1,2
130745,44861,0,2
130745,49153,0,1
130745,60208,15,1
130745,61332,0,2
130745,6141,4,2
130745,93273,15,1
130775,2780,0,3
130775,32002,72,3
130775,32013,71,1
130775,32062,0,1
130775,32174,191,5
130775,32199,72,1
130775,32209,72,1
130775,3705,0,1
130775,43093,1,1
130775,4519,71,2
130775,47306,191,1
130775,47328,148,2
130775,50898,191,4
130775,53542,148,2
130775,53543,148,2
130775,53544,148,2
130775,53545,191,1
130775,53546,148,1
130775,53548,148,2
130775,53550,135,1
130775,53551,135,15
130775,53558pat0001,27,1
130775,53585,0,1
130775,54263,148,1
130775,54271,148,1
130775,54821,182,4
130775,55827,135,1
130775,6558,0,1
130838,10069221,9999,1
130838,10247,0,2
130838,10247,72,4
130838,11090,179,4
130838,11203,72,4
130838,11211,0,4
130838,11212,0,1
130838,11214,72,10
130838,11215,0,2
130838,11458,71,14
130838,11477,80,12
130838,11477,0,2
130838,11477,84,4
130838,11478,15,2
130838,11478,4,2
130838,11478,0,12
130838,14417,72,4
130838,14418,71,4
130838,14704,71,2
130838,14716,322,1
130838,14719,72,4
130838,14719,0,6
130838,14769,0,1
130838,15068,0,8
130838,15068,72,2
130838,15207,19,2
130838,15207,72,1
130838,15207,71,6
130838,15534,179,1
130838,15535,28,1
130838,15535pr0001,72,1
130838,15573,0,9
130838,15573,71,15
130838,15672,0,7
130838,15672,72,4
130838,15672,379,2
130838,15712,0,11
130838,18651,0,6
130838,18654,0,2
130838,18654,4,1
130838,18654,15,1
130838,18677,71,2
130838,18838,72,2
130838,1927,0,2
130838,20482,191,1
130838,20482,0,6
130838,22885,71,6
130838,23443,0,1
130838,2357,19,2
130838,23950,71,4
130838,24122,0,1
130838,2412b,179,5
130838,2412b,0,1
130838,2420,71,12
130838,2420,14,12
130838,24201,0,2
130838,24246,71,2
130838,24246,15,2
130838,24246,0,1
130838,2431,14,1
130838,2431,1,1
130838,2431,0,10
130838,2431,71,3
130838,2445,0,1
130838,2449,0,6
130838,2456,15,1
130838,2456,0,6
130838,25214,4,2
130838,25269,71,2
130838,25269,5,2
130838,25269,72,4
130838,26047,0,3
130838,2639,72,2
130838,2654,0,4
130838,2654,71,2
130838,26599,0,2
130838,26601,0,8
130838,26601,15,2
130838,26601,4,2
130838,26601,72,2
130838,26603,71,6
130838,26603,0,6
130838,26604,0,6
130838,2723pr0006,71,4
130838,27263,71,2
130838,27263,0,6
130838,2730,71,4
130838,27328,179,2
130838,2736,71,4
130838,2744,71,2
130838,27925,80,4
130838,27925,0,2
130838,27940,72,1
130838,27965,0,4
130838,28192,71,4
130838,28192,0,2
130838,28192,72,6
130838,2877,72,1
130838,28802,71,2
130838,3001,4,1
130838,3001,72,2
130838,3003,0,4
130838,3004,0,4
130838,30043,71,2
130838,30043,0,4
130838,3005,47,4
130838,3005,72,2
130838,3005,0,2
130838,3005,71,2
130838,3009,71,1
130838,3009,72,2
130838,3010,322,1
130838,30136,19,1
130838,3020,71,9
130838,3020,5,1
130838,3020,72,4
130838,3020,0,1
130838,3021,71,8
130838,3021,0,10
130838,3022,0,12
130838,3022,15,8
130838,3022,72,4
130838,3023,71,13
130838,3023,72,6
130838,3023,4,26
130838,3023,379,6
130838,3023,41,21
130838,3023,5,1
130838,3023,0,30
130838,3024,71,10
130838,3024,4,1
130838,3024,14,6
130838,3024,72,13
130838,3024,47,2
130838,3024,41,6
130838,3024,0,20
130838,3029,72,1
130838,3030,0,1
130838,3031,19,2
130838,3031,72,2
130838,3032,28,1
130838,3032,72,2
130838,3034,4,1
130838,3034,322,2
130838,3034,0,2
130838,3034,15,1
130838,3035,72,2
130838,3035,0,4
130838,30357,0,2
130838,3037,0,1
130838,30377,0,1
130838,3039,14,1
130838,3039,0,2
130838,3040b,0,2
130838,3040b,1,2
130838,3040b,19,2
130838,30414,71,3
130838,30414,14,2
130838,3062b,15,1
130838,3062b,320,3
130838,3062b,1,2
130838,3062b,297,1
130838,3062b,47,2
130838,3065,47,4
130838,3068b,72,2
130838,3068b,71,6
130838,3069b,47,1
130838,3069b,379,1
130838,3069b,0,8
130838,3069b,1,1
130838,3069b,72,5
130838,3069b,71,7
130838,3069b,84,4
130838,3069b,80,2
130838,3069bpr0301,71,2
130838,3070b,72,2
130838,3070b,71,4
130838,3070b,80,4
130838,3070b,47,6
130838,3070b,36,8
130838,3070b,379,2
130838,3070bpr0234,71,1
130838,3176,72,1
130838,32002,19,14
130838,32028,379,4
130838,32028,0,10
130838,32062,4,9
130838,32064a,72,1
130838,32123b,14,10
130838,32123b,71,4
130838,32124,0,2
130838,32140,0,4
130838,32184,0,2
130838,32192,0,1
130838,32278,71,2
130838,32449,322,4
130838,32523,15,2
130838,32523,4,2
130838,32524,0,1
130838,32525,14,2
130838,32555,0,4
130838,32803,0,5
130838,32828,71,2
130838,32952,0,6
130838,32952,71,6
130838,33085,14,1
130838,33909,71,2
130838,33909,72,2
130838,33909,0,8
130838,34076,0,1
130838,34103,0,17
130838,34103,71,2
130838,3460,72,1
130838,3460,0,14
130838,3460,28,2
130838,3460,71,3
130838,3460,322,3
130838,34816,71,2
130838,35459,71,2
130838,35459,0,2
130838,35480,15,2
130838,35480,0,6
130838,35480,71,7
130838,35787,71,10
130838,3622,0,2
130838,3623,72,5
130838,3623,378,6
130838,3623,0,7
130838,3623,379,2
130838,3623,71,6
130838,3660,0,2
130838,3660,71,3
130838,3660,1,3
130838,3665,19,2
130838,3665,71,2
130838,3666,1,1
130838,3666,15,1
130838,3666,71,6
130838,3666,0,7
130838,3666,4,1
130838,3666,14,1
130838,3679,71,1
130838,3680,0,1
130838,36840,0,4
130838,36840,72,4
130838,36840,4,1
130838,36841,484,12
130838,36841,71,1
130838,36841,0,4
130838,3701,4,1
130838,3701,72,6
130838,3702,0,2
130838,3705,0,4
130838,3705,4,1
130838,3707,0,2
130838,3710,71,8
130838,3710,0,7
130838,3710,4,7
130838,3710,72,10
130838,3713,71,2
130838,37352,72,2
130838,3747b,71,2
130838,3747b,0,5
130838,3749,19,4
130838,37762,179,10
130838,3795,19,3
130838,3795,0,3
130838,3795,71,1
130838,3832,19,1
130838,3839b,72,1
130838,3937,14,1
130838,3937,72,12
130838,3938,0,4
130838,4032a,0,1
130838,4032a,5,1
130838,4070,71,8
130838,4070,0,14
130838,4070,47,2
130838,4081b,378,2
130838,4162,72,2
130838,4162,0,6
130838,4162,71,1
130838,41682,0,8
130838,41740,0,2
130838,41769,0,1
130838,41770,0,1
130838,42135,4,2
130838,42195,0,4
130838,42195,4,2
130838,4274,15,2
130838,4282,0,1
130838,4287c,0,7
130838,4287c,71,2
130838,42924,1,8
130838,43093,1,4
130838,4341,0,1
130838,43722,0,1
130838,43723,0,1
130838,43857,15,1
130838,43898,4,4
130838,43898,0,1
130838,43898,15,1
130838,44567b,71,1
130838,44728,71,4
130838,4477,71,1
130838,4477,72,2
130838,4477,0,3
130838,4477,19,5
130838,44861,14,4
130838,44861,0,1
130838,44861,72,4
130838,44861,71,2
130838,4510,0,2
130838,4515,0,1
130838,4519,14,2
130838,45590,0,1
130838,4590,71,3
130838,4595,26,2
130838,4599b,1,2
130838,4599b,71,2
130838,4697b,0,1
130838,4740,80,4
130838,47755,71,8
130838,48267,25,2
130838,48336,0,5
130838,48336,72,1
130838,4865b,0,3
130838,4865b,19,2
130838,4865b,14,1
130838,49307,19,2
130838,49307,378,1
130838,49492,0,1
130838,51239,71,1
130838,51266,47,1
130838,52107,4,3
130838,53586,179,4
130838,54200,72,9
130838,54200,182,4
130838,54200,322,4
130838,54200,71,6
130838,54200,0,4
130838,54200,14,2
130838,55013,72,6
130838,56904,15,4
130838,56904,179,4
130838,59349,71,1
130838,59426,72,4
130838,59443,71,8
130838,59900,179,1
130838,60470b,71,2
130838,60478,72,4
130838,60478,0,2
130838,60478,15,1
130838,60479,71,5
130838,60479,28,2
130838,60593,0,1
130838,60602,47,2
130838,60897,0,4
130838,6111,15,1
130838,6112,71,2
130838,61332,0,22
130838,6134,71,1
130838,6134,0,8
130838,61409,71,8
130838,61409,0,12
130838,6141,182,1
130838,6141,80,4
130838,6141,25,4
130838,6141,15,22
130838,6141,179,3
130838,6179,0,2
130838,6231,14,4
130838,6232,14,2
130838,6266,4,1
130838,62930,47,1
130838,63082,0,2
130838,63864,80,8
130838,63864,72,4
130838,63864,71,6
130838,63868,71,2
130838,63869,71,4
130838,65249,71,4
130838,65249,15,2
130838,6536,0,4
130838,6536,25,8
130838,6541,15,2
130838,6587,28,6
130838,6632,72,4
130838,6636,0,8
130838,6636,72,3
130838,6636,71,4
130838,66897,0,2
130838,66906,0,4
130838,67811,0,1
130838,68495pat0001,47,1
130838,68568,0,4
130838,69729,0,3
130838,69729,71,2
130838,69729,5,1
130838,70490,0,4
130838,71708,0,4
130838,73562,0,2
130838,73562,19,2
130838,73590c03a,0,2
130838,73825,0,6
130838,73831,308,2
130838,78256,0,2
130838,78258,72,6
130838,78329,84,2
130838,78c06,179,2
130838,79389,71,2
130838,80545,71,6
130838,80573,47,1
130838,81859,9999,1
130838,85543,15,4
130838,85861,71,4
130838,85861,0,4
130838,85943,72,1
130838,85984,72,10
130838,85984,0,13
130838,85984,71,38
130838,85984pr0037,0,1
130838,86996,84,10
130838,87079,71,6
130838,87079,0,4
130838,87079,72,4
130838,87079,14,3
130838,87083,72,4
130838,87087,71,2
130838,87087,19,4
130838,87544,0,2
130838,87580,0,3
130838,87580,71,2
130838,87994,72,2
130838,88072,72,4
130838,88072,71,2
130838,88072,0,1
130838,88292,0,2
130838,88646,0,1
130838,89522,378,4
130838,89678,4,4
130838,90258,72,2
130838,90370,0,1
130838,91501,19,4
130838,91988,0,1
130838,91988,72,1
130838,93095,0,8
130838,93274,72,6
130838,94925,71,8
130838,96874,25,1
130838,98138,84,4
130838,98138,0,1
130838,98138,182,3
130838,98138pr0035,179,1
130838,98585,0,1
130838,99021,72,2
130838,99206,19,7
130838,99206,0,8
130838,99207,71,12
130838,99207,0,4
130838,99207,72,5
130838,99780,0,8
130838,99780,72,12
130838,99781,0,2
130838,99781,71,22
130935,11213,322,1
130935,11609,191,1
130935,15535,15,1
130935,15745,41,1
130935,18970,5,1
130935,23969,26,2
130935,3005,15,1
130935,30093,10,1
130935,3022,26,1
130935,3023,45,1
130935,30237b,71,1
130935,3039,71,1
130935,32607,10,1
130935,47457,15,1
130935,48336,297,1
130935,60470b,15,1
130935,67051pr0001,4,1
130937,10190,4,2
130937,3001,27,2
130937,3003,14,1
130937,3010,4,1
130944,10247,15,1
130944,11477,2,2
130944,15573,26,2
130944,15745,41,1
130944,18852pr0001,15,2
130944,23969,26,2
130944,2423,2,1
130944,24866,14,1
130944,3004,70,2
130944,3031,10,1
130944,32606,5,3
130944,3795,31,1
130944,44865,15,1
130944,60481,70,2
130944,6091,2,1
130944,85861,297,1
130944,87580,297,1
131258,2447,40,1
131258,3626cpr0279,14,1
131258,87781,15,1
131258,970c27,15,1
131258,973c27h12pr1695,15,1
131260,3626cpr0387,14,1
131260,3834,15,1
131260,970c03,0,1
131260,973c03h01pr1187,0,1
131261,2544,0,1
131261,3626cpr0566,14,1
131261,970c26,19,1
131261,973c01h01pr1440,1,1
131264,3626cpr1070,78,1
131264,87991,14,1
131264,970c31,2,1
131264,973c34h31pr2168,25,1
131266,3626cpr0878,378,1
131266,3678bpr0063,378,1
131266,973c25h25pr1949,378,1
131266,98377,378,1
131270,3626cpr0389,14,1
131270,3833,4,1
131270,970c34,25,1
131270,973c28h12pr1160,1,1
131273,10113,0,1
131273,3626cpr0896,78,1
131273,56630,0,1
131273,970c03,0,1
131273,973c03h03pr1961,0,1
131276,30368,0,1
131276,3626cpr0639,71,1
131276,50231,0,1
131276,970c03,0,1
131276,973c03h03pr1469,0,1
131278,3626cpr0514,78,1
131278,61183,70,1
131278,970c03,0,1
131278,973c19h03pr1358,0,1
131279,3626cpr0525,78,1
131279,61189pr0011,15,1
131279,970c27pr0309,0,1
131279,973c27h03pr2008,15,1
131361,11211,2,2
131361,15573,2,1
131361,1881,2,2
131361,3001,2,1
131361,3005,2,2
131361,3020,2,1
131361,3023,2,1
131361,3068bpr9697,2,1
131361,3069b,2,1
131361,32607,2,1
131361,3665,2,4
131361,37352,2,2
131361,6541,2,2
131361,66857pr0015,2,1
131361,85984pr0036,2,1
131361,99780,2,1
131363,15068pr0057,4,1
131363,15573,4,1
131363,1881,4,2
131363,3004,4,2
131363,3022,4,1
131363,3023,4,1
131363,3039,4,1
131363,3068bpr9696,4,1
131363,4032a,4,1
131363,54200,4,3
131363,6541,4,2
131363,85984pr0035,4,1
131363,99207,4,2
131363,99780,4,1
131364,15573,15,1
131364,17485pr9999,1,1
131364,28660,78,2
131364,3003pr0164,78,1
131364,3022,2,1
131364,3937,71,1
131364,4032a,15,1
131364,6134,0,1
131364,66855pr0002,15,1
131364,66858,70,1
131364,98138,4,1
131370,10202pr0015,15,1
131370,15535,15,1
131370,3004,15,2
131370,3005,15,2
131370,3009,15,6
131370,3010,15,6
131370,30136,19,2
131370,30153,45,1
131370,3021,15,2
131370,3023,72,1
131370,3068bpr9698,321,1
131370,32064a,71,2
131370,3245c,15,2
131370,32952,71,2
131370,3660,15,1
131370,3700,15,1
131370,3705,4,1
131370,37352,15,2
131370,39262,297,1
131370,3941,45,1
131370,3958,15,1
131370,4032a,5,1
131370,4274,71,1
131370,44728,15,1
131370,6141,71,2
131377,4528,179,1
131377,64648,25,1
131377,79811,179,1
131377,98138pr0081,15,1
131379,31895pat0002,15,1
131379,3626cpr0893,14,1
131379,970c12,72,1
131379,973c27h01pr3490,15,1
131381,30367c,4,2
131381,3626cpr0001,14,1
131381,3901,308,1
131381,62696,308,1
131381,63965,15,1
131381,970c03,0,1
131382,11213,71,1
131382,11833,30,2
131382,2423,2,2
131382,24299,4,4
131382,26604,19,4
131382,30361c,4,1
131382,30367c,4,1
131382,32034,308,1
131382,32062,4,3
131382,4032a,15,2
131382,51739,4,4
131382,59443,70,1
131383,30153,41,1
131383,59900,297,1
131383,85861,41,1
131383,98139,1103,1
131393,15070,297,5
131393,3003,28,3
131393,3005,31,2
131393,30136,31,7
131393,3021,28,5
131393,3022,31,2
131393,3024,297,3
131393,3033,0,1
131393,30367c,320,1
131393,3040b,28,2
131393,3062b,15,4
131393,3068b,28,2
131393,3070b,320,1
131393,3623,31,1
131393,3710,28,1
131393,3941,19,3
131393,4286,28,2
131393,43710,28,1
131393,4490,15,1
131393,54200,320,6
131393,59900,320,5
131393,60897,15,1
131393,85080,19,2
131393,85861,297,5
131393,90540,297,6
131394,15406,0,1
131394,18987,0,1
131394,3626cpr2942,0,1
131394,970c12,72,1
131394,973c12h03pr4779,72,1
131397,13564,0,6
131397,15406,0,1
131397,30367c,47,1
131397,32062,4,1
131397,4032a,3,2
131397,49588pat0002,0,1
131397,75937,0,1
131397,88072,0,1
131397,973d37pr0001,0,1
131397,98313,0,6
131522,3647,7,4
131522,3648a,7,2
131522,3650c,7,3
131522,3743,7,4
131522,4019,7,2
131522,4716,0,2
131522,6542a,8,1
131522,6589,7,4
131522,9244,7,1
131537,2412b,36,1
131537,3626cpr9868,0,1
131537,41811,0,1
131537,970c03,0,1
131537,973d01pr4974,0,1
131537,99563,72,1
131557,11203pr0021,71,1
131557,11211,0,8
131557,11212,72,2
131557,11214,72,2
131557,11458,72,3
131557,11477,71,1
131557,15397,70,1
131557,15573,72,3
131557,15573,70,7
131557,15573,4,4
131557,15672,72,3
131557,19798,72,1
131557,22885,0,8
131557,22889,72,2
131557,2357,0,2
131557,2357,72,2
131557,24014,71,1
131557,2412b,80,8
131557,2412b,0,1
131557,2420,72,1
131557,2420,70,3
131557,2420,71,1
131557,2420,0,4
131557,24246,70,4
131557,2431,72,14
131557,24316,70,2
131557,2432,72,1
131557,2445,71,4
131557,2445,70,2
131557,2449,71,1
131557,25214,71,1
131557,26047,71,3
131557,2639,72,1
131557,2653,0,12
131557,26599,71,8
131557,26603,72,4
131557,26603,0,4
131557,27263,72,2
131557,2730,71,1
131557,27925,72,4
131557,28192,71,3
131557,2853,71,1
131557,2877,71,3
131557,28802,71,2
131557,3003,19,2
131557,3004,0,4
131557,3010,0,4
131557,3010,70,1
131557,3020,72,1
131557,3020,70,8
131557,3021,72,1
131557,3021,0,7
131557,3022,72,8
131557,3022,70,4
131557,3023,72,35
131557,3023,70,1
131557,3024,0,2
131557,3024,72,6
131557,3030,72,9
131557,3034,72,6
131557,3034,0,5
131557,30362,71,1
131557,30374,72,1
131557,30375,72,1
131557,30383,72,6
131557,3039,72,1
131557,3040b,71,2
131557,3068b,72,4
131557,3069b,72,61
131557,3070b,0,2
131557,3070b,28,29
131557,3070b,40,83
131557,3070b,70,35
131557,3176,72,2
131557,32028,72,4
131557,32062,0,2
131557,32064a,0,4
131557,33909,71,1
131557,33909,70,2
131557,34103,70,3
131557,34103,71,2
131557,3460,72,16
131557,35480,70,4
131557,3622,0,6
131557,3623,70,2
131557,3623,72,1
131557,3623,71,2
131557,3660,72,1
131557,3666,0,1
131557,3666,71,1
131557,36841,71,2
131557,3685,72,1
131557,3702,0,2
131557,3710,0,3
131557,3710,72,4
131557,3743,71,1
131557,3795,71,2
131557,3795,70,2
131557,3832,72,8
131557,3937,72,1
131557,3938,71,14
131557,4162,0,9
131557,4162,72,2
131557,41682,72,6
131557,41682,71,2
131557,42195,71,1
131557,4274,71,2
131557,4282,0,1
131557,4286,72,2
131557,4477,72,3
131557,4477,71,2
131557,4510,72,2
131557,4735,71,1
131557,48729b,71,2
131557,51482,0,1
131557,54657,71,1
131557,54662,71,1
131557,57360,71,4
131557,58176,36,1
131557,58247,0,2
131557,6005,71,2
131557,60481,72,2
131557,6060,71,1
131557,6091,72,1
131557,61184,71,1
131557,6134,71,1
131557,61409,72,2
131557,63864,0,6
131557,63864,70,21
131557,63868,71,1
131557,64567,71,2
131557,65571,71,1
131557,65578,71,2
131557,6636,70,24
131557,67810,70,1
131557,68013,71,1
131557,69729,70,4
131557,69729pr0013,0,1
131557,70681,71,1
131557,73590c03a,0,1
131557,78258,72,3
131557,85861,71,13
131557,85861,0,2
131557,87079,72,12
131557,87079,70,11
131557,87079pr0277,0,1
131557,87580,72,1
131557,90258,72,3
131557,91988,0,4
131557,92438,72,3
131557,92947,72,1
131557,96874,25,1
131557,98100,71,1
131557,98138,182,8
131557,98138,72,2
131557,98560,72,2
131557,99206,72,16
131557,99206,0,5
131559,11211,0,10
131559,11458,72,3
131559,11477,19,4
131559,11477,70,3
131559,13965,70,1
131559,14395,308,1
131559,15068,19,3
131559,15279,326,4
131559,15573,19,1
131559,15672,19,5
131559,18653,19,1
131559,18653,70,4
131559,19119,484,2
131559,20482,47,1
131559,20482,72,1
131559,22388,41,1
131559,2357,19,3
131559,2412b,80,10
131559,2417,288,6
131559,2420,70,7
131559,2420,28,8
131559,2420,15,2
131559,2420,19,7
131559,24201,70,1
131559,2445,0,2
131559,24482,19,1
131559,2449,70,1
131559,24855,70,14
131559,26601,28,5
131559,26603,28,1
131559,26603,15,1
131559,3003,84,1
131559,3003,19,1
131559,3003,71,1
131559,3004,0,1
131559,3004,19,1
131559,3005,19,7
131559,3009,0,7
131559,30093,288,6
131559,30099,70,3
131559,3010,0,4
131559,30115,2,1
131559,30136,70,24
131559,3020,71,3
131559,3020,28,5
131559,3020,70,4
131559,3020,19,5
131559,3021,28,5
131559,3021,19,3
131559,3022,0,2
131559,3022,28,4
131559,3022,70,4
131559,3022,15,4
131559,3022,71,12
131559,3022,19,4
131559,3023,71,7
131559,3023,308,11
131559,3023,28,6
131559,3023,19,20
131559,3023,70,5
131559,3024,34,78
131559,3024,28,14
131559,3024,70,3
131559,3024,0,2
131559,3024,326,2
131559,3024,19,32
131559,3024,15,1
131559,3024,308,16
131559,3031,19,3
131559,3032,19,2
131559,3033,71,1
131559,3034,0,7
131559,3035,0,1
131559,3035,15,1
131559,30357,28,3
131559,3040b,308,2
131559,3040b,70,2
131559,3062b,308,4
131559,3062b,19,1
131559,3062b,70,15
131559,3068b,28,2
131559,3069b,70,1
131559,3069b,0,2
131559,3069b,28,5
131559,3070b,19,2
131559,3070b,70,2
131559,3070b,28,3
131559,3070b,34,183
131559,33320,2,1
131559,33909,19,1
131559,3622,0,6
131559,3623,19,2
131559,3623,0,1
131559,3623,70,4
131559,3665,70,1
131559,3665,19,1
131559,3666,15,1
131559,3666,19,3
131559,3666,70,1
131559,3666,28,2
131559,3673,71,1
131559,3679,71,1
131559,3680,0,1
131559,3710,15,1
131559,3710,19,8
131559,3710,71,1
131559,37776,1103,1
131559,3795,19,2
131559,3795,28,1
131559,3795,71,2
131559,3832,70,1
131559,3937,0,1
131559,3938,0,1
131559,3958,28,3
131559,4070,19,1
131559,41539,0,1
131559,4162,0,12
131559,41740,28,2
131559,42610,71,1
131559,4274,71,1
131559,4287c,70,1
131559,43723,28,3
131559,4460b,19,2
131559,4477,0,2
131559,4477,19,1
131559,4477,71,1
131559,49097,19,2
131559,54200,70,1
131559,54200,326,4
131559,54200,308,13
131559,54200,28,3
131559,54200,19,16
131559,54383,15,1
131559,54657,71,1
131559,59900,72,1
131559,6005,70,8
131559,6005,19,5
131559,60481,308,4
131559,60481,19,1
131559,6060,308,1
131559,6060,70,3
131559,6091,70,14
131559,6091,19,10
131559,61252,19,1
131559,6141,326,6
131559,6141,182,3
131559,6141,46,1
131559,6141,34,15
131559,6141,308,17
131559,63864,308,3
131559,63864,15,1
131559,63864,320,2
131559,63864pr0043,15,1
131559,63965,71,1
131559,64567,71,2
131559,64567,80,1
131559,64647,15,1
131559,65138,19,1
131559,65509,19,1
131559,65617,19,2
131559,67810,70,1
131559,68211,19,4
131559,68568,19,4
131559,69729pr0012,0,1
131559,78258,15,1
131559,78666,19,6
131559,78666,70,6
131559,79194,47,1
131559,85861,71,2
131559,85861,70,10
131559,85861,28,2
131559,85984,19,2
131559,85984,308,3
131559,87079,28,1
131559,87079pr0277,0,1
131559,87087,19,10
131559,87580,72,2
131559,87994,70,1
131559,88292,19,7
131559,91988,0,4
131559,92438,0,3
131559,92582,0,1
131559,92947,308,1
131559,95344,0,1
131559,96874,25,1
131559,98138,34,9
131559,98138,72,1
131559,98138,182,3
131559,98138,36,1
131559,98374,1103,1
131559,99206,0,5
131559,99206,19,2
131559,99781,19,2
131560,11211,0,6
131560,11253,71,5
131560,11610,71,2
131560,14719,71,1
131560,15207,71,3
131560,15462,70,1
131560,15573,72,1
131560,15573,15,2
131560,15573,71,11
131560,15672,0,6
131560,15712,72,3
131560,15712,71,5
131560,16091,71,2
131560,18654,71,1
131560,18674,72,1
131560,20482,72,15
131560,22385,71,1
131560,22885,71,1
131560,23969,71,2
131560,2412b,71,6
131560,2412b,72,2
131560,2412b,80,6
131560,2420,71,1
131560,24246,71,3
131560,24299,15,2
131560,24307,15,2
131560,2431,71,5
131560,2654,71,2
131560,26604,71,2
131560,27263,71,2
131560,27507,71,1
131560,28192,71,7
131560,28192,0,6
131560,28802,71,6
131560,3001,71,2
131560,3003,29,1
131560,3003,71,5
131560,3004,0,2
131560,3005,71,2
131560,3005,0,2
131560,3008,0,2
131560,30094,71,1
131560,3010,0,9
131560,30153,45,4
131560,3020,71,3
131560,3021,72,2
131560,3021,0,2
131560,3022,72,2
131560,3023,71,22
131560,3023,15,1
131560,3024,71,14
131560,3024,15,3
131560,3033,72,4
131560,3034,71,8
131560,3034,0,2
131560,30359b,71,1
131560,30367c,71,2
131560,30374,71,1
131560,30374,35,4
131560,3038,71,2
131560,30383,72,2
131560,3039,71,2
131560,3045,71,2
131560,3062b,71,1
131560,3062b,47,1
131560,3062b,72,2
131560,3069b,15,1
131560,3069b,0,2
131560,3070b,71,8
131560,3176,71,4
131560,32028,71,1
131560,32064a,71,6
131560,3245c,71,1
131560,32474,71,1
131560,32828,71,15
131560,3298,71,1
131560,33492,71,3
131560,35186,71,1
131560,35464,15,1
131560,35480,72,16
131560,35480,15,1
131560,35787,71,4
131560,3623,71,2
131560,3623,320,1
131560,3626c,71,1
131560,3666,72,3
131560,36840,15,2
131560,36841,71,1
131560,3685,71,4
131560,3700,25,1
131560,3710,72,5
131560,3710,71,5
131560,3937,71,2
131560,3938,71,2
131560,3957b,47,4
131560,4032a,72,1
131560,4032a,15,1
131560,4032a,0,4
131560,4032a,71,2
131560,4070,72,1
131560,4070,71,2
131560,4162,0,9
131560,41682,71,3
131560,41682,15,1
131560,4282,0,3
131560,42862,71,1
131560,43722,71,1
131560,43723,71,1
131560,4477,72,1
131560,4477,0,2
131560,4599b,71,3
131560,4733,71,3
131560,4733,72,1
131560,4735,71,1
131560,47905,72,2
131560,47905,71,1
131560,48092,71,1
131560,48165,71,1
131560,48336,71,4
131560,4865b,71,2
131560,48729b,71,2
131560,49307,71,3
131560,51739,0,8
131560,52107,71,12
131560,52494,72,4
131560,54200,40,1
131560,54200,71,8
131560,54200,72,4
131560,58176,71,2
131560,60897,71,3
131560,61184,71,1
131560,61252,320,4
131560,61252,71,4
131560,61252,15,4
131560,61409,71,6
131560,6141,71,4
131560,6231,71,2
131560,63864,71,2
131560,63965,71,3
131560,64567,71,14
131560,64644,71,5
131560,65578,47,1
131560,65578,71,2
131560,6636,71,1
131560,66909,72,2
131560,69729pr0010,0,1
131560,73111,71,1
131560,73562,71,3
131560,78258,72,2
131560,85861,72,4
131560,85861,71,32
131560,85861,41,1
131560,85984,71,5
131560,87079,71,5
131560,87079pr0277,0,1
131560,87083,72,1
131560,87087,71,1
131560,87580,71,12
131560,87994,72,1
131560,90258,72,1
131560,90540,72,4
131560,91501,71,4
131560,91988,0,2
131560,92438,72,3
131560,92582,71,2
131560,96874,25,1
131560,98100,71,2
131560,98138,71,18
131560,98138pr0253,47,3
131560,98138pr0303,71,1
131560,99206,0,5
131560,99563,71,60
131560,99780,71,1
131738,2335pr0005,15,1
131738,2357,15,1
131738,2453a,15,3
131738,2462,15,2
131738,2518,2,4
131738,2525pr0006,15,1
131738,2527,4,1
131738,2530,8,3
131738,2536a,6,4
131738,2542,6,2
131738,2551,4,1
131738,2561,6,2
131738,2562,6,1
131738,2563,6,1
131738,2566,6,1
131738,3004,14,2
131738,3004,15,1
131738,3005,15,5
131738,3005,14,5
131738,3020,0,1
131738,3020,7,2
131738,3023,7,4
131738,3024,14,2
131738,3024,15,1
131738,3031,0,1
131738,3062b,2,1
131738,3062b,0,6
131738,3185,7,1
131738,3403,0,1
131738,3404,0,1
131738,3455,14,1
131738,3622,15,1
131738,3633,7,3
131738,3849,8,1
131738,3867pr0001,7,1
131738,3957a,0,1
131738,3958,0,1
131738,3959,0,1
131738,4032a,2,1
131738,4070,14,1
131738,4085b,14,1
131738,4085b,15,1
131738,4444,15,2
131738,4444pr0007,15,1
131738,518,8,1
131739,3149ac01,4,5
131739,3190a,4,2
131739,3191,4,2
131739,3192a,1,1
131739,3192a,14,1
131739,3193a,1,1
131739,3193a,14,1
131739,3194a,1,1
131739,3194a,14,1
131739,3195a,14,1
131739,3195a,1,1
131740,3001,1,1
131740,3003a,1,3
131740,3004,1,3
131740,3004pr9970,1,2
131740,3004pr9981,1,2
131740,3005,1,2
131740,3010a,1,2
131740,3020,1,2
131740,3022,1,4
131740,3023,1,10
131740,3024,36,2
131740,3024,1,4
131740,3039,1,1
131740,3039pr0026,1,1
131740,3065,46,4
131740,3066,46,2
131740,3069b,1,11
131740,3622,1,2
131740,3623,1,8
131740,3639,1,1
131740,3640,1,1
131740,3673,7,4
131740,3700,1,4
131740,3710,1,7
131740,3713,7,8
131740,3737,0,4
131740,3747a,1,6
131740,3794a,1,1
131740,3829c01,1,1
131740,3830,1,2
131740,3831,1,2
131740,3876,36,2
131740,3894,1,4
131740,3957a,7,2
131740,3957a,36,1
131740,3959,7,2
131740,3959,0,1
131740,3960,7,4
131740,3962a,0,1
131740,4006,0,1
131740,4070,1,4
131740,4081a,1,2
131740,4085a,1,6
131740,4175,7,3
131740,4213,46,1
131740,4275b,1,2
131740,4276b,7,2
131740,4286,1,4
131740,4288,0,16
131740,4315,1,2
131740,4349,7,2
131740,4474,46,1
131740,4479,7,2
131740,4522,0,1
131740,4588,7,2
131740,4590,1,2
131740,4596,1,6
131740,4596,7,2
131740,4597,1,2
131740,6141,36,4
131752,11211,14,2
131752,14769,15,2
131752,15535,15,1
131752,15571,14,1
131752,15573,14,2
131752,18674,4,1
131752,25269,14,2
131752,25269,15,2
131752,2654,4,1
131752,3004pr0056,14,1
131752,3022,14,1
131752,3023,14,1
131752,3069b,15,1
131752,32028,15,1
131752,37352,14,1
131752,37352pr0004,14,1
131752,49307,4,2
131752,6541,14,2
131752,66788,14,2
131752,66858,2,1
131752,99207,14,3
131752,99781,14,1
131753,15573,4,3
131753,20482,29,1
131753,3022,15,1
131753,30237b,4,2
131753,3068bpr0042,4,1
131753,3069bpr0294,4,1
131753,4032a,15,1
131753,44728,4,2
131753,50950,14,1
131753,67928,15,2
131754,11153,1,2
131754,15068,1,1
131754,24869,72,2
131754,26021,15,1
131754,29119,1,1
131754,29120,1,1
131754,3020,1,1
131754,3023,4,1
131754,3023,1,4
131754,3023,15,2
131754,3068bpr9692,1,1
131754,3666,1,1
131754,37352,1,1
131754,37352,15,1
131754,43719,1,1
131754,44728,1,1
131754,51739,1,2
131754,85984pr0032,1,1
131754,99780,1,1
131756,11211,15,2
131756,15573,30,17
131756,20482,29,1
131756,22388,191,19
131756,22885,71,6
131756,25269,30,4
131756,3001,30,2
131756,3020,30,9
131756,3022,72,4
131756,3023,30,4
131756,30414,19,2
131756,3068bpr9674,30,1
131756,3069b,30,1
131756,87079pr0269,30,1
131756,87580,30,3
131823,2420,72,2
131823,2432,70,1
131823,2436,71,4
131823,2445,70,2
131823,2654,72,2
131823,3009,71,1
131823,3020,0,4
131823,3021,70,1
131823,3021,72,3
131823,3022,14,2
131823,3031,71,1
131823,3032,71,1
131823,3034,0,2
131823,3039,70,1
131823,3048c,0,2
131823,32000,72,3
131823,32056,72,1
131823,32062,4,1
131823,32073,71,2
131823,32123b,71,1
131823,32269,0,1
131823,32270,0,1
131823,3666,0,2
131823,3710,0,2
131823,3795,71,2
131823,3941,47,1
131823,3941,0,4
131823,3956,71,1
131823,4032a,71,3
131823,4150,71,3
131823,41769,71,3
131823,41770,71,3
131823,4286,0,4
131823,43093,1,1
131823,43713,0,2
131823,45301,0,1
131823,47397,71,1
131823,47398,71,1
131823,4740,42,2
131823,48336,0,6
131823,4854,0,1
131823,54383,71,3
131823,54384,71,3
131823,58247,0,1
131823,59443,14,2
131823,59900,0,4
131823,60474,0,3
131823,60481,0,4
131823,6141,72,6
131823,61678,0,2
131823,6222,0,2
131823,63868,0,8
131823,6541,14,1
131823,87079,71,2
131823,92280,71,6
131823,92579,40,1
131823,93578,9999,1
131824,30361cpr0012,179,1
131824,30362,179,2
131824,30367bpr0009,179,1
131957,10100467,9999,1
131957,11203,71,2
131957,11211,15,6
131957,11214,72,1
131957,13349,0,1
131957,13548,15,2
131957,13591,0,1
131957,13786pr0021,191,1
131957,14704,72,1
131957,15573,71,1
131957,15672,15,2
131957,18677,0,10
131957,18677,15,2
131957,20482,4,1
131957,22385,15,1
131957,22385,71,1
131957,22484,72,1
131957,22889,0,1
131957,23969,72,2
131957,24093,15,1
131957,2419,0,2
131957,2420,0,6
131957,2432,72,1
131957,24324,15,1
131957,2450,15,2
131957,2450,321,4
131957,2456,15,1
131957,2540,71,1
131957,2653,0,2
131957,26601,0,2
131957,26601,71,2
131957,26601,15,2
131957,27263,71,2
131957,27263,15,10
131957,2817,0,1
131957,28192,71,6
131957,28192,15,8
131957,29115,0,1
131957,29119,15,1
131957,29120,15,1
131957,3003,0,1
131957,3004,15,2
131957,3004,71,2
131957,3005,15,1
131957,3005pr0031,41,1
131957,3009,71,4
131957,3010,15,5
131957,3020,0,7
131957,3020,321,2
131957,3020,71,4
131957,3021,71,4
131957,3021,4,2
131957,3021,15,2
131957,3021,2,1
131957,3022,0,5
131957,3023,72,5
131957,3023,3,3
131957,3023,321,4
131957,3023,46,4
131957,3023,15,9
131957,3024,71,1
131957,3024,15,12
131957,3024,46,10
131957,3024,4,2
131957,3035,0,1
131957,30374,321,2
131957,3062b,288,1
131957,3065,46,2
131957,3068b,321,1
131957,3069b,321,1
131957,3069b,71,2
131957,3069b,15,2
131957,3069bpr0300,15,1
131957,3070b,36,3
131957,3070b,34,3
131957,3070b,71,1
131957,3176,71,1
131957,32000,72,2
131957,32064a,0,1
131957,32073,14,2
131957,32803,0,5
131957,32828,0,1
131957,33909,71,1
131957,3460,72,2
131957,35480,14,1
131957,35787,15,4
131957,35787pr0009,71,1
131957,3622,71,2
131957,3623,71,2
131957,3623,321,4
131957,3623,0,4
131957,3623,15,6
131957,3623,4,4
131957,3626cpr3719,78,1
131957,3660,71,2
131957,3665,321,2
131957,36840,191,2
131957,36841,15,2
131957,3700,0,3
131957,3710,72,8
131957,3710,15,6
131957,3710,321,2
131957,3738,0,1
131957,3747b,0,1
131957,3795,321,3
131957,3795,0,3
131957,4070,71,4
131957,41682,72,2
131957,41740,15,2
131957,41740,71,2
131957,41769,321,3
131957,41770,321,3
131957,42195,0,4
131957,42862,15,2
131957,4287c,71,2
131957,43045,71,2
131957,43056,0,2
131957,43719,15,1
131957,43722,15,3
131957,43723,15,3
131957,44709,15,1
131957,4515,0,1
131957,47397,321,2
131957,47398,321,2
131957,48165,15,2
131957,50340,71,1
131957,54200,72,2
131957,59900,321,2
131957,59900,14,1
131957,60219,0,1
131957,60470b,72,1
131957,60477,72,2
131957,60478,71,4
131957,60479,0,2
131957,60479,321,2
131957,60594,72,1
131957,6106,0,2
131957,61332,0,8
131957,61409,321,2
131957,61409,72,2
131957,6141,36,2
131957,6141,226,6
131957,6179,15,2
131957,6179,71,1
131957,6180,72,1
131957,6239,15,2
131957,62462,0,2
131957,63864,15,6
131957,65249,15,4
131957,65304,71,4
131957,65414,71,2
131957,65487,72,2
131957,65578,71,1
131957,6589,19,2
131957,6629,0,2
131957,6636,15,2
131957,69729,0,1
131957,69755,72,1
131957,69767,1103,1
131957,69963,72,2
131957,73111,71,2
131957,73230,378,4
131957,73562,71,2
131957,73825,72,10
131957,73825,15,2
131957,78443,15,2
131957,78444,15,2
131957,79194,72,2
131957,79389,0,3
131957,79688,0,1
131957,79987,72,2
131957,85861,72,1
131957,85984,15,10
131957,85984,72,2
131957,85984,321,3
131957,86996,0,2
131957,86996,15,2
131957,87083,72,1
131957,90258,72,1
131957,93217,71,1
131957,98385,308,1
131957,98878,46,1
131957,99206,71,1
131957,99206,321,2
131957,99563,15,1
131957,99563,70,4
131957,99563,72,6
131957,99781,72,1
131958,10100154,9999,1
131958,11090,72,1
131958,11477,85,4
131958,11477,72,2
131958,13786pr0021,191,1
131958,14417,72,6
131958,14418,71,6
131958,14419,72,2
131958,14704,71,2
131958,14769,71,1
131958,15068,85,2
131958,15535,0,2
131958,15712,72,1
131958,17485,71,1
131958,18651,0,1
131958,18674,72,5
131958,20482,0,2
131958,22385,85,4
131958,22484,72,2
131958,2420,72,4
131958,2420,0,4
131958,2420,15,1
131958,24201,0,4
131958,24299,0,1
131958,24307,0,1
131958,25269,15,2
131958,2569,36,1
131958,2654,71,1
131958,2654pr9999,72,1
131958,26601,85,2
131958,26604,0,2
131958,27263,0,2
131958,3003,15,1
131958,3004,15,1
131958,3005pr0031,41,1
131958,3022,322,1
131958,3022,0,2
131958,3023,85,8
131958,3023,15,1
131958,3024,4,2
131958,3024,85,6
131958,3024,71,1
131958,30602,0,2
131958,3070b,71,1
131958,3176,85,2
131958,32001,0,2
131958,32828,71,1
131958,32828,0,6
131958,32828,4,2
131958,32952,0,2
131958,33909,0,4
131958,35459,0,2
131958,35480,4,8
131958,35480,72,2
131958,3623,4,2
131958,3626cpr3719,78,1
131958,3626cpr3720,70,1
131958,36840,72,4
131958,36841,85,4
131958,3709,0,2
131958,4032a,71,2
131958,44709,15,1
131958,44728,85,8
131958,47457,85,2
131958,48336,0,4
131958,48729b,4,6
131958,50950,85,2
131958,54200,85,6
131958,59900,72,4
131958,60478,72,2
131958,60897,72,2
131958,61409,0,2
131958,6141,36,2
131958,6141,14,2
131958,65579,0,1
131958,66956,85,3
131958,69755,72,1
131958,69767,179,1
131958,73825,72,2
131958,79194,72,1
131958,79194,47,1
131958,79389,71,2
131958,80177,85,1
131958,80178,85,1
131958,85861,0,1
131958,85984,0,4
131958,85984,85,3
131958,89522,4,1
131958,93273,72,3
131958,93606,0,1
131958,98138,71,2
131958,98282,0,2
131958,98385,308,1
131958,98877pr0001,85,1
131958,99206,0,4
131958,99207,15,1
131958,99207,0,6
131958,99563,0,2
131958,99563,85,9
131958,99780,4,2
131958,99780,0,6
131959,01598pr0001,28,1
131959,11476,15,2
131959,14417,72,2
131959,14704,71,2
131959,14769,14,1
131959,14769,25,2
131959,15535,4,1
131959,15573,70,1
131959,18674,71,1
131959,19220,0,1
131959,22889,72,1
131959,23969,71,1
131959,2431,70,2
131959,2654pr9999,72,1
131959,30031,72,1
131959,3004,19,2
131959,3020,71,3
131959,3021,14,1
131959,3023,85,2
131959,30237b,72,1
131959,3035,28,1
131959,3039,71,1
131959,30414,1,2
131959,3069b,14,2
131959,3069b,1,2
131959,35700,84,1
131959,3700,0,3
131959,3710,28,1
131959,4006,0,1
131959,4032a,85,1
131959,43719,4,2
131959,43898,182,1
131959,47457,14,5
131959,48729b,72,1
131959,60212,0,1
131959,60470b,4,2
131959,61332,0,1
131959,63783,19,1
131959,64225,14,2
131959,64644,378,1
131959,70943c01,14,1
131959,70946c01,14,1
131959,71752,19,2
131959,79846,14,2
131959,79850pr0001,14,1
131959,86208,71,1
131959,93604,14,3
131959,93604pr0009,71,1
131959,95199,0,2
131959,99207,4,2
131969,3626cpr0878,378,1
131969,3678bpr0063,378,1
131969,75872,378,1
131969,973c25h25pr1949,378,1
132207,11211,85,1
132207,11477,85,1
132207,15573,85,2
132207,3003,85,4
132207,3004,85,1
132207,3004pr0088,85,1
132207,3022,85,1
132207,3024,85,1
132207,3068bpr9678,85,1
132207,3666,85,1
132207,3710,85,2
132207,44728,85,1
132207,60474,0,1
132207,6141,85,2
132207,85861,0,6
132207,85984,85,4
132207,87079pr0270,85,1
132207,89522,85,6
132208,11212,15,1
132208,3002,15,1
132208,3068bpr9960,15,1
132208,3069b,15,1
132208,3622,15,1
132208,3622pr0057,15,1
132208,3622pr0058,15,1
132208,3957b,47,1
132208,4032a,15,1
132208,4070,15,2
132208,54200,15,2
132208,63864,15,1
132208,85861,15,1
132209,15573,15,1
132209,3022,4,1
132209,3022,15,2
132209,3023,15,3
132209,3069bpr0351,15,1
132209,37352pr0014,15,1
132209,53451,15,1
132209,66956,15,1
132209,84867,15,1
132209,85861,15,1
132209,99206,15,1
132209,99781,15,1
132210,14769,1,2
132210,15068,15,1
132210,18653,1,2
132210,25269,1,2
132210,2654,1,4
132210,26601,15,2
132210,29119,1,2
132210,29120,1,2
132210,3004,1,1
132210,3004,15,1
132210,3020,1,2
132210,3020,15,1
132210,3021,15,1
132210,3022,70,1
132210,3023,1,5
132210,3023,4,1
132210,3024,1,2
132210,3031,1,1
132210,3034,1,1
132210,3068b,15,1
132210,3068bpr9679,1,1
132210,3069b,1,1
132210,3069bpr0348,14,1
132210,3070b,1,4
132210,3623,1,2
132210,37352,1,2
132210,3795,1,1
132210,44728,1,1
132210,66956,1,5
132210,67329,1,1
132210,85984,1,1
132210,99207,15,1
132211,14769pr9991,191,1
132211,15068pr0059,191,1
132211,15573,191,1
132211,15672,191,4
132211,1881,191,2
132211,3022,191,2
132211,3023,191,2
132211,3069b,191,1
132211,32952,191,4
132211,4032a,72,1
132211,54200,191,1
132211,6091,191,2
132211,6541,191,2
132211,85984,191,2
132212,17485pr0007,15,1
132212,3004pr0089,78,1
132212,3023,78,1
132212,37775,15,1
132212,4032a,0,1
132212,66788,15,2
132212,66858,70,1
132212,85861,15,1
132212,87087,78,2
132212,87580,78,1
132212,98138,78,2
132212,98138pr0282,0,2
132212,99780,0,1
132230,10928,72,4
132230,11153,15,2
132230,11211,71,2
132230,11476,15,1
132230,14137,15,2
132230,15068,0,2
132230,15068,15,2
132230,15392,72,4
132230,15403,15,2
132230,15403,0,2
132230,15535pr0001,72,4
132230,15571,0,7
132230,18649,0,3
132230,18654,0,1
132230,18674,0,1
132230,18746,191,1
132230,22385,0,1
132230,22387,0,1
132230,23860,35,1
132230,23861,57,4
132230,24122,0,3
132230,2412b,297,2
132230,2412b,71,2
132230,24309,15,1
132230,2431,15,2
132230,2454b,0,2
132230,25269,3,2
132230,2654,0,2
132230,27262,15,1
132230,28192,15,2
132230,28192,85,2
132230,3002,4,1
132230,30031,72,1
132230,30166,72,1
132230,3020,10,1
132230,3020,4,1
132230,3020,71,2
132230,3021,15,1
132230,3021,14,2
132230,3022,0,2
132230,3022,71,2
132230,30236,19,1
132230,3024,0,1
132230,3031,72,1
132230,3032,0,1
132230,30350b,26,2
132230,30374,4,1
132230,30377,0,1
132230,30414,0,2
132230,30541,15,4
132230,3069b,35,2
132230,3069bpr0155,14,2
132230,32000,0,4
132230,32015,0,1
132230,32059,72,1
132230,32062,4,1
132230,32064a,2,1
132230,32524,15,4
132230,32828,0,4
132230,33909,71,2
132230,3460,0,1
132230,35480,15,2
132230,36017,15,1
132230,3623,15,3
132230,3626cpr0895,15,1
132230,3666,72,1
132230,3700,14,2
132230,3707,4,1
132230,3710,15,2
132230,3749,19,4
132230,3795,15,2
132230,3958,72,1
132230,4162,72,1
132230,41677,0,1
132230,41769,15,1
132230,41770,15,1
132230,4274,71,4
132230,4286,0,2
132230,44302a,71,1
132230,44309,0,2
132230,4515,72,1
132230,4522,0,1
132230,4697b,0,1
132230,47905,0,1
132230,52107,4,1
132230,53540,72,2
132230,53540,71,4
132230,54200,14,2
132230,54200,85,4
132230,57906,35,2
132230,60470b,71,3
132230,60474,0,1
132230,60476,15,1
132230,60478,15,1
132230,60596,0,1
132230,60621,71,1
132230,6141,297,6
132230,6141,57,4
132230,6141,35,5
132230,61485,0,1
132230,64847,72,2
132230,6558,1,1
132230,66155,10,2
132230,66909,82,2
132230,66909,72,3
132230,66915pr0001,0,1
132230,67354,9999,1
132230,85984,10,4
132230,85984,72,1
132230,87580,4,2
132230,87994,0,1
132230,91988,72,1
132230,92280,71,2
132230,92582,0,1
132230,92690,71,4
132230,92690,1103,1
132230,93095,15,1
132230,96874,3,1
132230,98138,46,2
132230,98138,41,4
132230,98138,36,2
132230,99207,15,2
132230,99780,14,2
132241,2340,15,2
132241,2412b,15,4
132241,2456,15,1
132241,2540,14,1
132241,2547,72,1
132241,2614a,0,1
132241,298c02,71,1
132241,3001,15,1
132241,3003,272,2
132241,3004,15,2
132241,3010,272,2
132241,30162,72,2
132241,3034,4,1
132241,30340,14,1
132241,3039pr0005,15,1
132241,3666,272,1
132241,3794b,15,3
132241,3899,4,1
132241,3958,4,1
132241,4079b,4,2
132241,4081b,15,1
132241,4289,15,1
132241,44126,15,3
132241,4460b,15,2
132241,56823c50,0,1
132241,58181,40,1
132241,59230,0,1
132241,60581,15,2
132241,6141,4,2
132241,6141,34,2
132241,6141,36,2
132241,62360,15,1
132241,64648,179,1
132241,87587,72,1
132241,92710,15,1
132241,92711,72,1
132241,93846,9999,1
132243,3626bpr0677,14,1
132243,41879a,1,1
132243,86035,27,1
132243,973c27h01pr1573,15,1
132243,97895,14,1
132244,3626bpr0498,14,1
132244,62810,484,1
132244,970c28,1,1
132244,973c05h01pr1163,272,1
132244,97895,14,1
132315,10001722,9999,1
132315,10247,0,4
132315,11211,15,1
132315,11212,0,2
132315,11215,0,4
132315,15068,71,1
132315,15303,36,3
132315,15400,72,2
132315,20482,0,2
132315,21849,15,1
132315,23949,320,2
132315,2412b,320,2
132315,24299,15,1
132315,24307,15,1
132315,2432,70,1
132315,2449,15,2
132315,2456,15,3
132315,2540,72,4
132315,2654,71,1
132315,26603,15,3
132315,2877,0,4
132315,3001,71,2
132315,3002,15,2
132315,3004,15,4
132315,3009,72,4
132315,3010,71,4
132315,3023,40,5
132315,3023,27,6
132315,3023,36,4
132315,3029,0,2
132315,3032,320,1
132315,30374,52,1
132315,30503,320,2
132315,3068b,320,4
132315,3069bpr0276,72,1
132315,32018,71,2
132315,32028,15,2
132315,32803,72,2
132315,34103,15,2
132315,35787,15,4
132315,3622,15,2
132315,3623,72,2
132315,3665,15,2
132315,3666,15,6
132315,3666,0,2
132315,3666,320,3
132315,3673,71,4
132315,36840,15,2
132315,3700,0,2
132315,37762,0,1
132315,3795,15,1
132315,3795,0,2
132315,3795,320,7
132315,3958,19,1
132315,4162,320,2
132315,42023,0,2
132315,42610,0,4
132315,4274,71,2
132315,4286,15,2
132315,42918,15,2
132315,43710,320,1
132315,43711,320,1
132315,43722,15,3
132315,43723,15,3
132315,44567b,71,1
132315,44728,15,6
132315,4519,14,2
132315,48336,15,1
132315,49618,15,2
132315,50304,0,1
132315,50305,0,1
132315,50340,0,1
132315,54200,15,2
132315,54200,320,2
132315,54383,320,1
132315,54384,320,1
132315,57899,0,1
132315,58247,0,2
132315,58247,1103,2
132315,59443,72,2
132315,60470b,0,1
132315,61332,0,2
132315,6179,15,1
132315,63965,71,2
132315,64567,80,1
132315,65138,320,1
132315,66909,72,1
132315,69729,320,2
132315,69729,15,2
132315,73230,71,4
132315,79393,15,2
132315,85984,27,2
132315,85984,320,4
132315,85984,15,6
132315,87081,15,2
132315,88646,0,1
132315,92950,15,4
132315,93348,15,1
132315,93550,179,2
132315,93609,15,2
132315,99563,15,8
132341,3626cpr2587,78,1
132341,62810,70,1
132341,970c32pr2263,73,1
132341,973c12h02pr6009,4,1
132342,21269,15,1
132342,3626cpr3685,78,1
132342,970c01pr2267,14,1
132342,973c01h02pr6013,14,1
132345,17018pr0001,191,1
132345,3626cpr3652,78,1
132345,970c38,191,1
132345,973c02h28pr5926,191,1
132347,28631pr0369,320,1
132347,3626cpr2552,78,1
132347,970c21pr2223,297,1
132347,973c10h21pr5928,297,1
132348,25264,0,1
132348,3626cpr3655,0,1
132348,970c03,0,1
132348,973c03h03pr5930,0,1
132349,18984pat0002,85,1
132349,3626cpr3368,10,1
132349,970c09,85,1
132349,973c06h09pr5434,85,1
132351,11090,4,8
132351,11090,0,2
132351,11203,0,1
132351,11476,0,1
132351,11477,0,4
132351,14417,72,2
132351,14418,71,4
132351,14419,72,6
132351,14704,71,2
132351,15460,72,1
132351,15571,0,1
132351,15672,4,2
132351,18674,4,1
132351,22385pr0113,0,1
132351,22484,72,2
132351,23443,73,2
132351,24201,4,2
132351,24246,0,2
132351,2540,4,2
132351,2540,0,2
132351,25893,47,1
132351,2654,0,2
132351,27167,0,1
132351,27263,4,2
132351,27263,0,3
132351,29119,4,2
132351,29120,4,2
132351,3020,4,1
132351,3023,72,2
132351,3023,4,2
132351,3070b,4,2
132351,32124,0,2
132351,35480,4,8
132351,36083a,41,2
132351,36083b,41,1
132351,36083c,41,1
132351,36083d,41,2
132351,36083e,41,1
132351,36083f,41,2
132351,36840,4,2
132351,36840,72,2
132351,36841,0,2
132351,3700,72,1
132351,3709,72,1
132351,44567b,72,1
132351,4740,0,1
132351,4871,0,1
132351,54200,0,4
132351,59900,41,2
132351,60470b,0,1
132351,60478,0,2
132351,61332,0,1
132351,66956,0,1
132351,85861,71,4
132351,85861,41,3
132351,92280,4,1
132351,92280,0,2
132351,93095,0,1
132351,93273,0,2
132351,99207,4,1
132351,99563,0,4
132351,99781,0,2
132359,24866,30,2
132359,30031,72,1
132359,35480,72,1
132359,3626cpr3568,30,1
132359,36841,0,2
132359,44861,0,1
132359,4697b,0,1
132359,6266,0,2
132359,85861,320,6
132360,3626cpr3559,379,1
132360,39260,1103,1
132360,78940,379,1
132360,970c07pr2284,308,1
132360,973c24h24pr6048,379,1
132375,10001510,9999,1
132375,10247,72,4
132375,11211,15,2
132375,11213,71,1
132375,11214,72,1
132375,11476,0,2
132375,11477,71,2
132375,11477,272,2
132375,11477,26,4
132375,14716,15,1
132375,15068,71,1
132375,15207,15,6
132375,15210,0,4
132375,15535,72,3
132375,15573,71,6
132375,15573,26,2
132375,15573,72,12
132375,15573,297,1
132375,15712,297,2
132375,17485,15,1
132375,18651,0,1
132375,18653,15,1
132375,18674,15,1
132375,18674,0,2
132375,18677,71,3
132375,18910,15,6
132375,18980,272,2
132375,19798,15,1
132375,20482,297,3
132375,20482,0,1
132375,20953,191,1
132375,22886,15,1
132375,22888,212,1
132375,23443,297,3
132375,2357,15,2
132375,23969,26,3
132375,24093,0,1
132375,2412b,179,2
132375,2412b,15,7
132375,2412b,297,2
132375,2412b,0,3
132375,24201,71,1
132375,24246,15,2
132375,2431,26,2
132375,2431,0,1
132375,2431,322,2
132375,2431,71,3
132375,2432,71,1
132375,2445,15,1
132375,2446,15,2
132375,2447,0,1
132375,2447,297,2
132375,2453b,15,3
132375,2454b,15,5
132375,2456,15,1
132375,2465,15,4
132375,24866,26,2
132375,25269,272,2
132375,25269,71,2
132375,25269,15,8
132375,26047,297,1
132375,2654,15,5
132375,2654,40,1
132375,2654,72,1
132375,26601,15,2
132375,26603,15,3
132375,2736,71,1
132375,27448,0,3
132375,27448,15,2
132375,27507,26,2
132375,27925,15,2
132375,2817,0,2
132375,2877,15,1
132375,29115,0,1
132375,2921,71,1
132375,3001,72,1
132375,3002,15,3
132375,3002,0,1
132375,3003,272,1
132375,3003,15,3
132375,3004,272,1
132375,3004,15,5
132375,3004,1050,1
132375,3005,15,14
132375,3005,191,1
132375,3005,272,3
132375,30089b,0,1
132375,3009,272,5
132375,3009,15,2
132375,3010,272,1
132375,3010,0,1
132375,3010,15,3
132375,30136,15,1
132375,30136,72,1
132375,30136,71,1
132375,30162,297,1
132375,3020,71,1
132375,3020,0,2
132375,3020,15,2
132375,3021,15,3
132375,3021,0,3
132375,3021,272,1
132375,3022,71,2
132375,3022,322,2
132375,3022,15,2
132375,3023,72,4
132375,3023,191,1
132375,3023,25,1
132375,3023,15,13
132375,3024,15,10
132375,3024,71,6
132375,3024,191,3
132375,3024,26,1
132375,30261,0,3
132375,3027,71,1
132375,3027,31,1
132375,3030,15,1
132375,3032,15,1
132375,3032,31,1
132375,3034,26,1
132375,3034,0,4
132375,3034,272,2
132375,3034,15,1
132375,3035,71,2
132375,30357,26,1
132375,3036,272,2
132375,3040b,15,1
132375,30562,212,2
132375,30586,71,1
132375,3062b,15,1
132375,3062b,4,1
132375,3062b,0,1
132375,3065,47,1
132375,3068b,26,1
132375,3068b,71,1
132375,3069b,1050,3
132375,3069b,15,3
132375,3069b,26,2
132375,3069b,272,1
132375,3069b,71,4
132375,3069bpr0300,15,1
132375,3069bpr0357,47,2
132375,3070b,0,3
132375,3176,71,2
132375,32000,15,2
132375,32000,71,3
132375,32013,15,5
132375,32062,0,2
132375,32063,71,2
132375,32270,0,2
132375,3245c,15,4
132375,32474,1,1
132375,32498,0,1
132375,32523,15,1
132375,32523,0,4
132375,32524,0,1
132375,32524,15,2
132375,32530,72,2
132375,32803,0,8
132375,32828,71,2
132375,32952,72,2
132375,33243,15,2
132375,33909,0,2
132375,33909,15,4
132375,3460,15,2
132375,3460,71,2
132375,3460,72,2
132375,3460,26,4
132375,35442,85,4
132375,35443,72,1
132375,35480,71,4
132375,35480,272,1
132375,35480,0,4
132375,35480,15,1
132375,35787,15,4
132375,3623,71,2
132375,3623,272,2
132375,3666,15,2
132375,3673,71,1
132375,3700,72,2
132375,3701,71,2
132375,3705,0,1
132375,3706,0,1
132375,3710,26,2
132375,3710,72,3
132375,3710,15,7
132375,3713,71,1
132375,37352,26,1
132375,37352,15,4
132375,3795,212,1
132375,3899,179,1
132375,3937,72,4
132375,3941,15,1
132375,3941,0,2
132375,3958,71,1
132375,39888,19,2
132375,4032a,4,2
132375,4032a,15,4
132375,4070,71,12
132375,4162,15,2
132375,4162,71,1
132375,41677,0,2
132375,41740,15,4
132375,41740,26,1
132375,41948,31,1
132375,42003,15,1
132375,42195,71,2
132375,4274,71,2
132375,42924,1,1
132375,43093,1,8
132375,43898,15,1
132375,44294,71,1
132375,44375b,71,1
132375,4477,15,6
132375,44861,71,6
132375,4588,15,1
132375,4599b,0,3
132375,46212,52,2
132375,4733,72,1
132375,47397,0,1
132375,47398,0,1
132375,4740,80,1
132375,4742,0,1
132375,4865b,15,2
132375,4865b,47,2
132375,48729b,71,8
132375,49307,71,2
132375,49656pat0001,28,1
132375,50950,15,2
132375,50950,0,2
132375,51149,4,1
132375,52501,0,1
132375,54200,0,2
132375,57895,41,3
132375,58176,15,1
132375,59349,52,4
132375,59349,212,2
132375,59349,15,2
132375,59900,15,5
132375,59900,72,2
132375,6003,31,2
132375,6005,191,1
132375,60219,0,2
132375,60474,0,1
132375,60478,71,2
132375,60479,0,2
132375,60483,71,5
132375,60484,0,2
132375,60581,0,1
132375,60596,212,4
132375,60897,71,1
132375,6091,15,13
132375,6091,191,1
132375,6106,71,2
132375,61332,0,20
132375,6134,0,4
132375,6141,41,2
132375,6141,297,6
132375,6141,272,2
132375,61485,71,1
132375,6183,15,2
132375,6233,72,3
132375,6239,15,1
132375,63864,71,1
132375,64448,26,1
132375,64567,297,1
132375,64644,71,1
132375,65304,0,1
132375,6536,15,1
132375,6541,72,2
132375,6541,0,1
132375,6553,0,2
132375,6587,28,1
132375,6636,71,2
132375,6636,26,1
132375,6636,15,4
132375,6636,85,2
132375,67095,0,2
132375,67810,15,4
132375,69729,71,1
132375,69729,15,2
132375,75c12,297,1
132375,75c16,297,1
132375,75c20,297,1
132375,75c26,297,1
132375,76796,47,1
132375,76797,15,2
132375,77107,15,1
132375,78256,15,1
132375,78258,0,1
132375,78443,15,2
132375,78443,0,1
132375,78444,15,2
132375,78444,0,1
132375,85861,297,1
132375,85861,0,2
132375,85941,15,1
132375,86876,15,1
132375,87079,15,1
132375,87083,72,2
132375,87087,15,2
132375,87544,15,2
132375,87552,15,2
132375,87580,272,3
132375,87580,26,2
132375,87580,72,1
132375,88072,15,1
132375,88293,15,4
132375,88930,322,1
132375,89522,179,1
132375,90258,72,1
132375,92690,71,1
132375,93095,15,1
132375,93095,322,2
132375,93273,71,1
132375,93273,15,1
132375,93560,15,1
132375,96874,25,1
132375,98138,0,1
132375,98138pr0197,47,1
132375,99206,0,2
132375,99206,15,2
132422,11169,84,1
132422,12602,15,1
132422,1644pr0001,15,1
132422,1667,15,1
132422,17865pr0019,191,1
132422,29304,27,2
132422,31059,10,2
132422,31110pr0159,15,1
132422,3437,84,2
132422,3437,25,1
132422,3437pr0167,15,1
132422,42025pr9994,15,1
132422,44524,27,1
132422,51703,41,2
132422,61649,71,2
132422,6510,1050,2
132422,6510,10,1
132422,65273,323,1
132422,70676,71,1
132422,76371,84,1
132422,76371pr0205,1053,1
132422,89157,2,1
132422,92009,15,1
132422,92011,321,1
132422,98222,27,2
132422,98225,84,1
132422,98233,10,2
132422,98459,27,2
132424,11211,272,4
132424,11211,14,4
132424,11211,2,4
132424,11211,78,2
132424,14769pr1003,15,2
132424,15068,4,4
132424,15068,2,4
132424,15208,297,4
132424,15332,0,2
132424,15456,71,2
132424,15456,0,2
132424,15535,2,2
132424,15573,0,4
132424,15573,71,4
132424,15573,14,4
132424,15573,297,4
132424,18677,71,2
132424,19798,72,1
132424,21459,297,4
132424,22385,272,1
132424,22885,226,6
132424,22885,71,4
132424,22885,4,4
132424,22886,484,4
132424,22961,4,2
132424,24122,0,2
132424,2412b,4,4
132424,2412b,72,4
132424,2431pr0158,14,1
132424,2431pr0160,272,1
132424,2432,0,2
132424,2432,1,2
132424,2432,70,2
132424,2450,71,4
132424,2450,4,2
132424,2454bpr0008,19,1
132424,2456,72,2
132424,2456,272,1
132424,2456,4,4
132424,24866,5,6
132424,24866,30,6
132424,24866,10,6
132424,24866,191,6
132424,24866,323,6
132424,25214,71,2
132424,25214,25,2
132424,25269,3,8
132424,25269,322,6
132424,25269,2,6
132424,25269,1050,6
132424,25269,0,6
132424,2817,0,2
132424,2817,4,2
132424,2877,0,4
132424,3001,4,4
132424,3001,15,4
132424,3001,1,4
132424,3001,14,4
132424,3001,0,4
132424,3001,71,6
132424,3001,72,4
132424,3001,322,4
132424,3001,19,4
132424,3001,25,4
132424,3002,2,4
132424,3002,5,4
132424,30028,0,4
132424,3003,484,4
132424,3003,322,4
132424,3003,1,4
132424,3003,14,10
132424,3003,27,4
132424,3003,4,4
132424,3003,72,4
132424,3003,226,4
132424,3004,27,6
132424,3004,191,6
132424,3004,29,6
132424,3004,19,6
132424,3004,26,6
132424,3004,3,6
132424,3004,15,10
132424,3004,85,6
132424,3005,15,6
132424,3005,29,6
132424,3006,0,1
132424,3008,19,2
132424,3008,71,2
132424,3009,191,4
132424,3009,322,4
132424,3010,15,8
132424,3010,4,6
132424,3010,0,4
132424,3010,3,4
132424,3010,26,4
132424,3010,19,6
132424,3010,5,4
132424,3010,322,4
132424,30136,72,6
132424,30136,28,6
132424,30136,70,6
132424,30136,71,6
132424,30153,36,1
132424,30153,33,1
132424,30165,1,4
132424,30169,272,1
132424,30176,2,4
132424,3020,71,4
132424,3020,14,2
132424,3020,1,2
132424,3020,5,4
132424,3020,322,4
132424,3020,85,3
132424,3020,4,4
132424,3021,14,4
132424,3021,27,4
132424,3021,272,4
132424,3021,72,4
132424,3021,4,4
132424,3022,0,8
132424,3022,4,4
132424,3022,15,4
132424,3022,85,4
132424,3022,70,4
132424,3022,29,4
132424,3023,3,6
132424,3023,25,6
132424,3023,15,6
132424,3023,2,6
132424,3023,14,6
132424,3023,26,6
132424,3023,85,6
132424,30237b,0,2
132424,3024,4,4
132424,3031,14,2
132424,3031,1,2
132424,3032,27,2
132424,3032,71,2
132424,3032,15,2
132424,3034,71,2
132424,3034,85,2
132424,3035,70,1
132424,3036,2,1
132424,3039,85,4
132424,3039,4,4
132424,3039,47,4
132424,3039,322,4
132424,3039,46,4
132424,3040b,484,4
132424,3040b,4,4
132424,3040b,28,6
132424,3040b,1,4
132424,3040b,72,4
132424,3040b,71,4
132424,3040b,19,6
132424,3044c,72,2
132424,3065,47,12
132424,3068b,71,4
132424,3068b,19,4
132424,32062,4,2
132424,32316,72,4
132424,32316,14,4
132424,3245c,25,4
132424,3245c,15,4
132424,3245c,14,10
132424,32828,0,4
132424,33320,2,1
132424,33909,14,2
132424,34816,28,2
132424,35700,14,4
132424,35787,15,4
132424,3622,14,4
132424,3622,1,4
132424,3622,72,4
132424,3622,84,4
132424,3626cpr0895,15,1
132424,3659,14,4
132424,3660,72,4
132424,3660,484,4
132424,3660,70,4
132424,3700,4,4
132424,3700,71,2
132424,3701,14,4
132424,37352,15,4
132424,3747b,15,4
132424,3795,0,2
132424,3795,272,2
132424,3795,191,4
132424,3795,5,1
132424,3795,25,2
132424,3832,1,2
132424,3899,14,1
132424,3941,70,5
132424,3957b,15,2
132424,3958,19,1
132424,3960,15,2
132424,39767,0,4
132424,4032a,15,4
132424,4070,4,6
132424,41682,0,2
132424,43093,1,4
132424,43719,0,2
132424,4477,14,2
132424,4489b,297,4
132424,4495b,5,2
132424,4727,10,4
132424,4740,4,2
132424,47457,297,4
132424,47457,4,4
132424,4865b,1,2
132424,49153,15,1
132424,49307,84,4
132424,49307,71,2
132424,49307,4,4
132424,49307,3,4
132424,49307,26,4
132424,50254,4,12
132424,54200,19,4
132424,54200,15,4
132424,54200,5,4
132424,54200,71,4
132424,59900,71,6
132424,59900,15,6
132424,59900,0,6
132424,59900,378,4
132424,59900,46,6
132424,6014b,14,4
132424,60474,28,2
132424,60481,70,4
132424,60481,71,4
132424,60592,4,4
132424,60592,15,4
132424,6064,2,1
132424,6091,71,4
132424,61332,0,10
132424,6141,179,6
132424,6141,297,6
132424,6141,15,6
132424,6182,15,2
132424,6182,84,4
132424,6183,5,2
132424,6215,2,4
132424,63082,71,2
132424,63082,0,2
132424,67687,71,8
132424,74967,71,4
132424,78666,0,4
132424,85959pat0003,36,1
132424,85984,378,4
132424,85984,191,4
132424,85984,71,4
132424,85984,4,4
132424,87079,1,2
132424,87087,84,4
132424,87087,70,4
132424,87087,0,4
132424,87087,15,4
132424,87580,322,4
132424,87580,226,2
132424,87580,0,4
132424,87580,72,3
132424,87697,0,4
132424,88072,14,2
132424,88289,0,1
132424,92842,0,1
132424,96874,3,1
132424,98100,71,4
132424,98138,27,6
132424,98138,29,6
132424,98138,36,4
132424,98138,47,4
132424,98138,191,6
132424,98138pr0008,15,10
132424,98138pr0026,15,6
132424,98138pr0082,15,6
132424,98138pr0107,0,2
132424,98283,19,6
132424,98283,84,6
132424,99206,71,2
132424,99563,71,4
132424,99563,297,4
132520,15712,71,4
132520,22885,0,2
132520,22885,71,1
132520,25893,47,1
132520,3021,71,2
132520,30237b,71,1
132520,3062b,71,2
132520,3068b,71,3
132520,32828,71,2
132520,34103,71,4
132520,36841,71,2
132520,4740,71,4
132520,47905,71,1
132520,54200,71,1
132520,60478,71,4
132520,60897,71,1
132520,61409,71,2
132520,63868,71,8
132520,73825,71,2
132520,78257,72,4
132520,85984,71,1
132550,111539pat0001,272,2
132550,30374,41,1
132550,upn0470pr0002,0,1
132552,3626bpr0525,78,1
132552,61183,70,1
132552,970c03,0,1
132552,973c19h03pr1358,0,1
132604,2412b,70,2
132604,2450,71,1
132604,2780,0,2
132604,30031,0,2
132604,3004,72,5
132604,3010,72,2
132604,3022,14,5
132604,3023,70,6
132604,3023,71,9
132604,30374,36,4
132604,30374,41,1
132604,3039,72,9
132604,3045,71,2
132604,3068b,72,6
132604,3069b,70,4
132604,3070b,36,1
132604,32000,72,4
132604,3460,71,3
132604,3622,72,3
132604,3623,72,3
132604,3623,70,9
132604,3666,19,2
132604,3666,72,4
132604,3710,72,2
132604,3710,70,4
132604,4070,70,2
132604,4287c,72,10
132604,43722,72,2
132604,43723,72,2
132604,44728,71,3
132604,4477,70,1
132604,4497,1103,1
132604,48933pr0001,72,2
132604,48933pr0002,72,4
132604,50304,72,2
132604,50305,72,2
132604,50955,72,1
132604,50956,72,2
132604,52107,0,6
132604,53454,1103,1
132604,54200,72,5
132604,54200,40,4
132604,54383,71,1
132604,54384,71,1
132604,55013,72,1
132604,58176,36,2
132604,59900,72,2
132604,60470b,71,2
132604,60477,72,11
132604,60481,70,2
132604,61184,71,3
132604,61199,71,2
132604,63864,72,3
132604,63864,71,2
132604,63965,0,2
132604,64567,80,2
132604,6541,71,10
132604,6541,1,2
132604,85970,72,1
132604,87083,72,1
132604,92280,71,2
132604,93274,4,4
132604,95683,9999,1
132606,3626cpr0808,0,1
132606,92761pr0001,0,1
132606,93565pr0003,0,1
132606,970c03,0,1
132606,973c03h01pr1796,0,1
132608,3626cpr0549,15,1
132608,970c03pr0259,0,1
132608,973c14h27pr1794,0,1
132647,3626cpr0790,78,1
132647,95221pr0001,0,1
132647,970c19pr0218,70,1
132647,973c27h02pr1771,272,1
132648,3626cpr0799,78,1
132648,3678bpr0022,320,1
132648,95225,84,1
132648,973c10h02pr1787,320,1
132649,3626cpr0821,15,1
132649,64647,272,1
132649,93060,15,1
132649,93061,15,2
132649,93062c01,15,2
132649,93554,0,1
132650,3626cpr0800,78,1
132650,64647,272,1
132650,93554,0,1
132650,970c03pr0235,0,1
132650,973c03h02pr1788,0,1
132684,2343,71,1
132684,2420,4,1
132684,2555,4,2
132684,298c02,0,1
132684,3005,71,2
132684,3022,2,1
132684,3023,272,1
132684,3023,2,2
132684,3023,72,2
132684,3023,14,1
132684,3023,0,1
132684,3024,71,8
132684,3024,72,2
132684,3024,2,5
132684,3024,4,2
132684,3069b,272,7
132684,3069b,2,4
132684,3069b,71,1
132684,3070b,70,7
132684,3070b,4,2
132684,3070b,2,9
132684,3070b,0,1
132684,3070b,14,4
132684,3070b,71,4
132684,3622,71,1
132684,3665,71,2
132684,3794a,2,3
132684,3794a,14,5
132684,3794a,272,1
132684,3958,19,1
132684,4032a,2,1
132684,4070,70,2
132684,4070,2,4
132684,4070,0,1
132684,4070,71,11
132684,4081b,71,1
132684,42022,288,1
132684,4274,1,1
132684,44302a,71,2
132684,44567a,71,2
132684,4599b,71,2
132684,4733,71,5
132684,4733,0,1
132684,4735,0,1
132684,54200,72,2
132684,55295,0,1
132684,55297,0,1
132684,59900,71,1
132684,60897,4,1
132684,61252,71,1
132684,6141,0,1
132684,6141,14,2
132684,6141,4,2
132684,62462,0,1
132684,6541,70,2
132684,73983,71,2
132684,87087,71,2
132701,3626cpr0760,0,1
132701,87557pr0003,0,1
132701,970c03,0,1
132701,973c03h03pr1733,0,1
132784,132a,0,2
132784,3003apr0058,1,1
132784,3004,47,2
132784,3004,1,1
132784,3010,47,1
132784,3020,1,1
132784,3021,1,4
132784,3021,4,2
132784,3024,1,2
132784,3034,1,1
132784,3062a,0,1
132784,3137c01,0,1
132784,3139,0,2
132784,3183b,4,1
132784,3314,4,1
132784,3317,1,1
132784,7039,4,2
132784,7049bc01,0,1
132784,784,4,1
132852,11211,14,5
132852,11213,27,1
132852,11477,71,2
132852,11477,2,8
132852,11833,47,3
132852,14719,0,4
132852,14719,15,5
132852,14719,2,5
132852,15068,71,1
132852,15068,2,10
132852,15573,2,15
132852,15573,72,5
132852,15573,71,1
132852,15573,15,1
132852,15573,10,7
132852,18980,15,1
132852,22388,71,2
132852,23950,71,1
132852,2420,71,4
132852,2420,15,18
132852,24309pr0017,71,8
132852,2431,14,2
132852,2431,0,4
132852,2431,15,3
132852,2445,0,7
132852,2456,19,1
132852,24866,10,5
132852,24866,25,13
132852,25269,15,4
132852,25269,2,1
132852,25269,10,2
132852,26601,14,2
132852,26603,71,2
132852,26603,2,10
132852,26603,15,3
132852,26603,10,20
132852,27507,70,8
132852,27925,10,6
132852,3002,71,11
132852,3003,15,1
132852,3003,14,3
132852,3004,1,4
132852,3004,4,1
132852,3004,15,1
132852,3004,14,3
132852,3004,27,1
132852,3005,71,11
132852,3005,41,68
132852,3005,15,12
132852,3005,40,43
132852,3005,14,11
132852,3009,27,2
132852,3010,19,3
132852,3020,1,5
132852,3021,71,13
132852,3021,4,10
132852,3021,14,4
132852,3021,15,12
132852,3022,19,1
132852,3022,10,2
132852,3022,15,9
132852,3022,326,7
132852,3023,14,17
132852,3023,40,15
132852,3023,41,59
132852,3023,47,2
132852,3023,15,33
132852,3023,10,2
132852,3023,71,14
132852,3024,14,51
132852,3024,40,49
132852,3024,2,39
132852,3024,71,29
132852,3024,41,223
132852,3024,15,33
132852,3029,0,1
132852,3030,0,2
132852,3031,2,3
132852,3032,1,2
132852,3033,70,3
132852,3035,14,1
132852,3036,15,9
132852,3065,41,12
132852,3065,40,12
132852,3068b,10,7
132852,3068b,71,1
132852,3068b,15,3
132852,3068b,2,8
132852,3069b,71,2
132852,3069b,41,3
132852,3069b,2,25
132852,3069b,15,1
132852,3069b,10,11
132852,3070b,0,4
132852,3070b,41,9
132852,3070b,72,10
132852,3070b,15,4
132852,3070b,10,1
132852,3070b,28,5
132852,3070b,2,41
132852,3070b,71,83
132852,32028,2,1
132852,34103,2,6
132852,34103,15,4
132852,35464,15,1
132852,3622,71,2
132852,3622,14,1
132852,3623,15,1
132852,3623,72,11
132852,3623,14,3
132852,3659,71,2
132852,3659,14,2
132852,3659,15,2
132852,3666,14,1
132852,3666,19,6
132852,3710,15,6
132852,3710,14,3
132852,3710,70,7
132852,3795,70,5
132852,3795,71,2
132852,3795,15,7
132852,3958,10,1
132852,4070,71,3
132852,4162,15,2
132852,4162,0,7
132852,4162pr0097,0,1
132852,41740,4,2
132852,43722,2,1
132852,44728,15,1
132852,4477,70,1
132852,4865b,40,2
132852,54200,47,4
132852,54200,71,1
132852,54200,41,6
132852,59900,10,26
132852,60474,15,1
132852,6141,70,26
132852,6180,15,2
132852,6182,15,1
132852,63864,10,3
132852,63864,71,1
132852,63864,15,2
132852,63864,14,14
132852,63864,2,4
132852,6636,0,4
132852,6636,15,2
132852,70681,71,2
132852,73825,15,1
132852,78329,15,1
132852,79389,71,2
132852,79393,10,4
132852,85984,15,2
132852,85984,2,1
132852,87087,15,2
132852,87580,10,1
132852,87580,2,5
132852,98138,71,3
132852,98138,41,1
132852,99206,15,8
132852,99207,15,2
132852,99780,71,1
132945,10102479,9999,1
132945,10102526,9999,1
132945,10102527,9999,1
132945,10197,0,6
132945,10928,72,2
132945,11214,4,17
132945,11477,25,4
132945,11478,0,12
132945,11946,1,1
132945,11946,0,1
132945,11946,25,4
132945,11947,1,1
132945,11947,25,4
132945,11947,0,1
132945,11950,71,2
132945,14720,0,4
132945,14769,0,4
132945,15458,0,1
132945,15458,25,1
132945,18450,0,4
132945,18575,19,1
132945,18651,0,14
132945,18654,25,1
132945,18654,0,25
132945,18677,0,4
132945,18944,0,1
132945,22961,0,6
132945,22961,25,4
132945,22961,72,4
132945,24116,0,4
132945,24119,0,2
132945,24119,1,2
132945,24316,70,2
132945,26603,0,4
132945,2736,71,6
132945,27940,72,1
132945,2825,71,4
132945,2850b,71,6
132945,2851,14,6
132945,2852,71,6
132945,2853,14,2
132945,2854,19,2
132945,3023,25,4
132945,3068b,25,2
132945,3069b,0,2
132945,3070b,25,4
132945,3070b,36,1
132945,32002,19,3
132945,32009,0,2
132945,32009,25,2
132945,32013,0,15
132945,32013,71,2
132945,32014,25,2
132945,32015,0,2
132945,32034,71,2
132945,32034,72,2
132945,32034,0,8
132945,32056,0,6
132945,32062,0,13
132945,32062,4,13
132945,32063,71,2
132945,32063,0,8
132945,32063,25,4
132945,32064a,0,1
132945,32073,71,19
132945,32123b,71,16
132945,32140,0,10
132945,32184,72,15
132945,32184,71,3
132945,32184,25,2
132945,32184,0,1
132945,32192,0,2
132945,32270,0,1
132945,32278,25,4
132945,32278,0,8
132945,32278,1,1
132945,32291,0,2
132945,32293,0,6
132945,32294,25,1
132945,32294,0,16
132945,32316,25,18
132945,32316,0,8
132945,32333,0,2
132945,32449,71,4
132945,32449,0,4
132945,32494,71,4
132945,32523,72,6
132945,32523,0,8
132945,32523,25,11
132945,32524,0,5
132945,32524,25,10
132945,32525,1,2
132945,32525,0,2
132945,32525,25,2
132945,32526,0,6
132945,35480,15,7
132945,35480,0,5
132945,3673,71,8
132945,3705,0,10
132945,3705,4,5
132945,3706,0,2
132945,3708,0,1
132945,3713,71,8
132945,39790,0,2
132945,4032a,1,4
132945,40490,0,4
132945,40490,1,3
132945,40490,15,2
132945,41239,25,6
132945,41239,0,4
132945,41677,0,38
132945,41677,25,10
132945,42003,0,14
132945,42135,0,8
132945,42195,71,6
132945,4274,71,26
132945,42924,1,119
132945,43045,0,2
132945,43093,1,43
132945,43857,0,2
132945,43857,1,3
132945,44294,14,3
132945,44301b,25,2
132945,4460b,0,1
132945,44874,4,2
132945,4519,71,29
132945,50340,25,2
132945,50950,25,2
132945,50950,0,2
132945,53923,0,2
132945,54657,0,2
132945,56908,0,4
132945,57585,0,2
132945,59426,72,2
132945,59443,0,5
132945,59443,71,8
132945,60483,0,1
132945,60483,15,4
132945,60483,25,10
132945,60484,0,7
132945,6091,0,4
132945,6091,25,4
132945,6091,1,8
132945,61332,0,268
132945,61408,25,2
132945,61408,0,2
132945,6141,0,2
132945,6177b,0,4
132945,6222,72,4
132945,62462,0,8
132945,62531,25,2
132945,62531,1,2
132945,62821b,72,1
132945,63869,0,3
132945,63869,71,7
132945,64178,71,1
132945,64179,25,2
132945,64391,0,1
132945,64392,25,1
132945,64393,0,2
132945,64393,25,2
132945,64393,1,2
132945,64394,0,1
132945,64680,0,1
132945,64681,0,2
132945,64681,1,2
132945,64681,25,2
132945,64682,25,1
132945,64683,0,1
132945,64782,0,4
132945,65098,0,1
132945,65304,4,2
132945,65304,0,13
132945,6536,25,6
132945,6536,0,3
132945,6536,71,3
132945,6536,1,3
132945,65422,0,1
132945,65487,1,8
132945,65487,0,12
132945,65487,25,1
132945,65489,71,1
132945,6575,0,2
132945,65766,0,2
132945,6589,19,3
132945,6632,0,24
132945,66906,4,6
132945,67142,0,1
132945,67142,1,2
132945,67491,0,2
132945,68196,1,2
132945,68196,0,1
132945,69729,0,2
132945,71682,0,1
132945,71682,25,1
132945,71682,1,2
132945,71709,0,4
132945,78258,15,4
132945,80271,0,3
132945,80272,0,3
132945,80324,0,6
132945,87080,25,1
132945,87083,72,24
132945,87086,25,1
132945,87761,0,1
132945,87994,0,2
132945,89678,4,2
132945,89679,1,4
132945,89954c01,14,4
132945,92906,72,2
132945,92909,72,4
132945,99021,72,6
133027,30374,71,1
133027,87747,15,1
133027,92690,71,1
133027,98138,36,1
133056,10247,15,2
133056,11055,4,4
133056,11090,0,1
133056,11153,70,4
133056,11153,0,2
133056,11211,4,2
133056,11211,15,4
133056,11214,72,1
133056,11215,84,2
133056,11476,321,1
133056,11477,2,2
133056,11477,70,8
133056,11477,72,2
133056,11477,321,2
133056,11477,0,2
133056,14395,70,2
133056,14417,72,3
133056,14418,71,2
133056,14704,71,2
133056,14719,4,1
133056,15068,71,1
133056,15068,0,1
133056,15068,72,1
133056,15208,15,3
133056,15397,70,2
133056,15535,0,3
133056,15573,297,10
133056,15573,72,2
133056,15672,321,1
133056,15712,4,2
133056,18653,0,4
133056,18654,70,1
133056,18910,15,14
133056,18980,0,1
133056,20482,47,1
133056,22885,15,14
133056,22890,72,1
133056,2343,297,1
133056,23948,71,1
133056,2412b,0,4
133056,2420,70,4
133056,2420,0,2
133056,24201,4,1
133056,24246,0,5
133056,2431,0,3
133056,2431,72,2
133056,2432,70,1
133056,2449,70,2
133056,2458,0,2
133056,2489,70,1
133056,25269,0,6
133056,25269,272,2
133056,2527,4,2
133056,2530,72,2
133056,2540,72,8
133056,2540,15,1
133056,2562,1103,1
133056,2566,0,2
133056,26047,71,1
133056,26047,2,1
133056,2654,4,1
133056,2654,15,1
133056,2654,1,12
133056,2654,0,1
133056,2654,71,1
133056,26604,15,2
133056,27263,0,4
133056,27507,0,4
133056,27940,72,2
133056,27965,84,10
133056,28192,70,6
133056,28802,15,4
133056,3002,72,5
133056,3003,2,1
133056,3003,70,2
133056,3003,4,1
133056,3004,321,1
133056,3004,4,4
133056,3004,70,1
133056,3004,2,1
133056,30044,70,1
133056,30046,297,1
133056,3005,2,1
133056,3005,70,9
133056,3005,4,11
133056,3006,70,1
133056,30099,0,2
133056,3010,71,11
133056,30136,84,7
133056,30153,36,1
133056,30153,34,1
133056,3020,2,2
133056,3020,4,2
133056,3020,70,10
133056,3021,71,1
133056,3021,0,6
133056,3022,71,2
133056,3022,0,7
133056,3022,2,1
133056,3022,4,2
133056,3022,1,2
133056,3022,70,4
133056,3022,19,2
133056,3023,70,20
133056,3023,15,2
133056,3023,71,1
133056,3023,72,1
133056,3023,1,6
133056,3023,2,10
133056,3023,0,10
133056,3023,4,11
133056,30237b,70,1
133056,3024,191,18
133056,3024,4,17
133056,3024,297,17
133056,3024,70,19
133056,3024,0,1
133056,3027,28,2
133056,3031,70,3
133056,3031,19,2
133056,3032,0,2
133056,3034,70,1
133056,3035,15,4
133056,30363,70,1
133056,30374,0,1
133056,30374,70,5
133056,30374,14,1
133056,3039,0,2
133056,3039,70,2
133056,3040b,72,1
133056,3040b,0,2
133056,30414,15,6
133056,30504,15,2
133056,30565,70,4
133056,3062b,70,12
133056,3062b,0,8
133056,3062b,46,2
133056,3068bpr0240,19,1
133056,3069b,297,2
133056,3069b,0,4
133056,3070b,14,1
133056,3070b,70,2
133056,3070b,0,2
133056,3176,72,6
133056,32001,71,1
133056,32013,0,1
133056,32015,0,1
133056,32016,70,2
133056,32028,70,3
133056,32062,4,9
133056,32064a,0,2
133056,32123b,14,2
133056,32124,70,2
133056,32530,0,1
133056,32803,15,2
133056,32952,0,4
133056,32952,15,2
133056,33909,0,2
133056,3460,70,7
133056,3460,19,3
133056,3460,15,4
133056,34816,70,2
133056,35044,0,2
133056,35480,0,4
133056,35480,70,6
133056,35480,14,2
133056,35787,0,4
133056,3622,2,1
133056,3622,70,2
133056,3622,4,3
133056,3623,0,4
133056,3623,70,12
133056,3623,4,1
133056,3623,2,2
133056,3623,19,8
133056,3659,70,1
133056,3659,0,4
133056,3660,70,22
133056,3665,70,1
133056,3666,0,8
133056,3666,2,2
133056,3666,4,2
133056,3666,15,1
133056,3666,70,2
133056,36840,4,1
133056,3700,1,2
133056,3700,0,1
133056,3700,14,2
133056,3706,4,3
133056,3709,72,3
133056,3710,70,8
133056,3710,0,20
133056,3710,1,2
133056,3710,4,2
133056,3710,2,1
133056,3713,71,8
133056,3737,0,3
133056,3738,71,1
133056,3747b,70,3
133056,3747b,71,1
133056,3747b,1,2
133056,3749,19,1
133056,3795,2,1
133056,3795,70,1
133056,3795,1,1
133056,3832,0,1
133056,3832,19,2
133056,38320,297,8
133056,3937,4,2
133056,3938,0,2
133056,3941,14,1
133056,3941,0,3
133056,3957b,70,1
133056,3958,70,1
133056,4032a,70,9
133056,4081b,4,2
133056,4081b,1,1
133056,41539,19,2
133056,4162,0,2
133056,41677,72,2
133056,41740,0,5
133056,41740,70,8
133056,41769,15,2
133056,41769,0,1
133056,41770,0,1
133056,41770,70,1
133056,41770,15,2
133056,4282,15,2
133056,4287b,72,1
133056,43093,1,2
133056,43720,0,1
133056,43721,0,1
133056,43722,72,2
133056,43723,72,2
133056,43723,0,2
133056,4477,70,2
133056,4477,0,8
133056,4477,19,3
133056,44861,15,2
133056,4519,71,4
133056,4600,0,4
133056,4735,0,2
133056,4738c,70,1
133056,4739a,70,1
133056,4740,0,2
133056,47458,297,3
133056,47905,19,1
133056,48092,0,2
133056,48336,0,2
133056,48723,70,1
133056,49307,0,2
133056,50254,0,8
133056,50304,0,1
133056,50304,15,2
133056,50305,0,1
133056,50305,15,2
133056,50340,0,1
133056,51739,0,1
133056,51739,72,1
133056,53923,0,1
133056,54200,321,1
133056,54200,2,2
133056,54200,0,10
133056,54200,72,3
133056,54200,4,1
133056,54200,70,7
133056,59443,0,15
133056,59900,70,1
133056,59900,297,10
133056,6005,70,4
133056,6005,0,2
133056,6005,2,2
133056,60169,72,1
133056,60470b,0,7
133056,60474,0,2
133056,60475b,0,4
133056,60478,70,4
133056,60479,0,12
133056,60479,71,1
133056,60481,72,3
133056,60483,0,5
133056,60592,70,2
133056,60592,4,6
133056,60594,4,2
133056,6060,70,12
133056,60607,297,4
133056,6091,4,2
133056,6091,70,4
133056,6091,0,4
133056,61252,0,4
133056,61252,14,3
133056,61252,15,1
133056,61252,297,2
133056,61332,0,5
133056,6141,47,1
133056,6141,2,11
133056,6141,4,11
133056,6141,70,10
133056,6141,297,57
133056,6141,1,4
133056,6141,14,4
133056,6232,14,2
133056,62361,70,4
133056,62462,70,13
133056,63864,70,2
133056,63868,72,2
133056,63868,70,8
133056,63965,0,1
133056,64644,297,5
133056,64644,308,1
133056,64644,0,2
133056,64647,182,1
133056,64951,70,1
133056,6636,308,1
133056,73562,71,4
133056,73983,4,2
133056,73983,0,6
133056,75937,84,1
133056,84943,1103,2
133056,85984,4,2
133056,85984,72,1
133056,85984,70,8
133056,87079,70,1
133056,87087,72,6
133056,87580,28,9
133056,87618,0,1
133056,88292,70,2
133056,91988,0,1
133056,91988,19,2
133056,93273,0,12
133056,93606,72,1
133056,95354,0,1
133056,96874,25,1
133056,98138,4,4
133056,98138pr0027,15,2
133056,98284,70,1
133056,99021,72,2
133056,99206,0,2
133056,99206,15,2
133056,99207,70,1
133056,99781,72,1
133071,30165pr0001,19,2
133071,3020,19,1
133071,3022,191,2
133071,3623,27,1
133071,4032a,4,2
133071,43722,27,2
133071,54200,70,2
133072,3004,14,1
133072,3004pr0034,14,1
133072,3005,14,2
133072,3622,14,3
133072,3878,0,1
133072,6141,15,2
133073,3001,321,2
133073,3001pr1020,321,1
133073,3004,321,3
133073,3069b,321,4
133073,3878,0,1
133073,6141,47,2
133073,87087,321,2
133073,87580,321,1
133074,2496,0,2
133074,2655,71,2
133074,298c02,1,1
133074,3004,15,1
133074,3020,1,1
133074,35480,19,1
133074,3622pr0037,321,1
133074,3623,321,2
133074,87580,15,1
133075,15573,14,2
133075,2431,191,1
133075,3001pr1018,226,1
133076,3024,14,2
133076,3024,321,1
133076,3622pr0036,321,1
133076,3623,321,1
133076,3623,158,2
133076,60897,14,2
133077,18674,322,2
133077,20482,0,1
133077,3023,72,1
133077,3942c,1,1
133077,43898,72,2
133077,52107,0,1
133077,98138pr0008,15,2
133078,11211,15,2
133078,3003pr0115,15,1
133078,30165,15,3
133078,3020,15,2
133078,3022,15,2
133078,6091,15,4
133081,30375,72,1
133081,46303,71,1
133081,53989,179,2
133081,54200,71,1
133081,61252,72,1
133081,6141,46,1
133081,6141,179,1
133081,88811,179,2
133082,11211,15,1
133082,15068,15,2
133082,15068,0,1
133082,15573,15,1
133082,15573,191,2
133082,3002,0,1
133082,3004,30,5
133082,3004,1050,3
133082,3004,15,1
133082,3005,30,2
133082,3005,191,2
133082,3020,30,1
133082,3023,191,1
133082,3023,0,3
133082,3023,15,2
133082,3024,1050,1
133082,3245cpr0152,15,1
133082,36841,30,2
133082,3710,30,1
133082,37352,1050,1
133082,37352,15,1
133082,41740,1050,3
133082,49307,30,2
133082,54200,191,2
133082,54200,1050,1
133082,54200,15,1
133082,6091,191,2
133082,85984,0,2
133082,87087,1050,2
133082,98138pr0008,15,2
133082,99780,15,2
133083,11476,15,1
133083,11477,15,2
133083,3004pr0051,15,1
133083,30165pr0002,14,1
133083,3022,14,1
133083,3022,297,1
133083,3023,15,1
133083,3024,191,2
133083,3024,15,2
133083,3069b,191,1
133083,4070,15,2
133083,54200,191,2
133083,60478,191,1
133084,26604,15,2
133084,3004,15,1
133084,30165pr0003,31,1
133084,3022,297,1
133084,3022,15,2
133084,3023,31,2
133084,43892,31,4
133085,11476,15,1
133085,11477,5,3
133085,15429,26,1
133085,15573,5,1
133085,25269,5,4
133085,26047,15,1
133085,26601,26,2
133085,3003,29,1
133085,3004,29,1
133085,3004,15,1
133085,3004pr0050,15,1
133085,3005,5,1
133085,30165,29,1
133085,3021,29,1
133085,3022,297,1
133085,3022,15,1
133085,3022,29,2
133085,3069b,5,1
133085,3070b,5,2
133085,35480,15,4
133085,35480,5,2
133085,39613,5,1
133085,39739,5,4
133085,50950,29,2
133085,60478,15,2
133085,60897,15,2
133085,63965,5,2
133085,85861,5,2
133085,87087,29,2
133085,98138pr0008,15,2
133086,18671,4,1
133086,3004,26,1
133086,3004pr0047,26,1
133086,3004pr0048,4,1
133086,3005,4,1
133086,3005,45,1
133086,3010,25,1
133086,3010,320,1
133086,3040b,26,1
133086,39262,297,1
133086,54200,191,1
133086,54200,85,1
133086,54200,25,1
133086,54200,320,1
133086,87580,25,1
133087,10187,179,2
133087,11458,4,4
133087,18677,4,1
133087,2540,72,1
133087,30374,70,1
133087,32556,19,1
133087,35459,191,1
133087,3622pr0047,4,1
133087,3623pr0027,72,1
133087,4274,71,2
133087,42859pr0001,4,1
133087,48729b,25,1
133087,54200,191,2
133087,54200,4,2
133087,60470b,4,1
133087,85861,72,1
133087,85861,70,2
133087,89522,4,1
133087,92280,4,1
133088,15573,26,1
133088,3002,25,1
133088,3003,85,1
133088,3004,26,2
133088,3004pr0047,26,1
133088,3005,52,1
133088,3023,322,2
133088,3040b,26,1
133088,3065,45,1
133088,39262,297,1
133088,4286,85,1
133088,85984,321,1
133089,11477,15,4
133089,15573,15,2
133089,3004pr0052,15,1
133089,30165,15,1
133089,3021,15,1
133089,3023,3,1
133089,3024,26,4
133089,3024,15,1
133089,3070b,26,1
133089,34103,71,3
133089,35787pr0003,15,2
133089,37352,3,2
133089,4070,15,6
133089,4490,15,1
133089,51739,15,2
133089,6091,26,1
133089,61252,15,1
133089,87087,71,2
133089,99780,15,2
133108,01935pr0001,0,1
133108,11477,484,2
133108,13548,70,1
133108,13965,70,2
133108,15456,71,1
133108,18759,71,4
133108,2357,70,1
133108,2397,0,1
133108,2417,2,1
133108,2423,2,3
133108,2540,72,4
133108,26047,72,2
133108,26603pr0089,15,1
133108,28192,0,2
133108,2926,71,2
133108,3003,72,1
133108,3005,0,1
133108,30136,484,7
133108,3020,484,1
133108,3023,72,8
133108,3040b,70,2
133108,30565,2,1
133108,3062b,70,2
133108,3069b,70,1
133108,3070b,320,1
133108,32607,191,1
133108,33051,10,1
133108,33183,70,1
133108,33909,0,1
133108,3460,71,2
133108,3633,0,1
133108,36752a,308,1
133108,36752a,70,1
133108,3710,72,1
133108,3795,70,2
133108,3821,0,1
133108,38547pat0003,0,2
133108,39652,0,1
133108,4070,72,2
133108,4079,70,2
133108,44728,72,1
133108,4489b,1103,4
133108,4740,4,1
133108,4865b,0,2
133108,53451,0,2
133108,54200,308,1
133108,59900,0,2
133108,59900,15,1
133108,60219,0,3
133108,60470b,0,2
133108,60481,308,1
133108,6141,179,8
133108,6141,46,2
133108,6141,484,2
133108,61976,272,1
133108,63082,0,1
133108,6636,0,2
133108,73825,72,4
133109,10077559,9999,1
133109,11062,0,2
133109,11211,70,4
133109,11211,28,4
133109,11212,0,1
133109,11610,484,4
133109,13786pr0024,25,1
133109,15332,0,3
133109,15395,179,1
133109,15573,72,10
133109,15573,0,11
133109,18674,0,6
133109,19121,0,3
133109,22385,320,1
133109,22388,0,2
133109,2343,297,1
133109,2343,47,2
133109,2343,179,1
133109,2357,15,1
133109,2357,70,8
133109,2357,72,16
133109,24122,0,1
133109,2419,72,2
133109,2420,0,4
133109,2420,70,2
133109,2431,71,1
133109,2431,15,2
133109,2450,72,2
133109,2453b,15,2
133109,2454b,70,2
133109,2454b,84,2
133109,2456,0,3
133109,2489,379,1
133109,2653,71,11
133109,2654,19,18
133109,26601,28,2
133109,26601,0,6
133109,26603,320,1
133109,26603,272,1
133109,27150,0,1
133109,27925,0,4
133109,27925,70,8
133109,27965,84,1
133109,28192,71,2
133109,2921,0,4
133109,3001,322,2
133109,3002,71,6
133109,3003,27,1
133109,3003,72,2
133109,3003,0,2
133109,3004,84,8
133109,3005,47,2
133109,3005,84,22
133109,3005,71,7
133109,3005,72,6
133109,3009,84,2
133109,3009,15,2
133109,3009,70,5
133109,3010,272,6
133109,3010,484,5
133109,3010,320,6
133109,3010,71,2
133109,3010,84,2
133109,3010,15,3
133109,30103,19,2
133109,30136,0,5
133109,30136,70,35
133109,30136,15,1
133109,30151b,47,2
133109,30153,36,1
133109,30153,47,8
133109,30165,0,3
133109,3020,72,3
133109,3020,70,4
133109,3020,27,1
133109,3020,0,5
133109,3021,0,13
133109,3021,72,2
133109,3021,71,1
133109,3023,272,1
133109,3023,72,7
133109,3023,33,1
133109,3023,0,3
133109,3023,379,2
133109,3023,320,1
133109,3023,71,2
133109,3023,84,8
133109,3023,322,1
133109,3024,72,6
133109,3024,84,4
133109,3024,0,2
133109,3024,378,5
133109,3024,71,2
133109,3024,15,18
133109,3030,72,1
133109,3031,72,1
133109,3033,28,2
133109,3033,71,1
133109,3033,0,1
133109,3034,72,9
133109,3034,70,2
133109,3035,0,2
133109,3040b,72,2
133109,3040b,71,7
133109,30414,70,1
133109,30414,15,4
133109,30414,71,1
133109,3045,71,2
133109,30504,71,4
133109,30504,28,4
133109,3062b,70,3
133109,3062b,15,1
133109,3062b,14,1
133109,3068b,28,5
133109,3068bpr0644,19,1
133109,3069b,322,3
133109,3069b,71,2
133109,3069bpr0086,71,1
133109,3069bpr0278,15,2
133109,3070b,71,8
133109,3070b,15,16
133109,32028,71,4
133109,32028,15,6
133109,32072,0,2
133109,33320,2,1
133109,33909,71,1
133109,33909,308,6
133109,3460,72,2
133109,3460,322,3
133109,3460,84,8
133109,3460,15,1
133109,35480,72,2
133109,35787,0,6
133109,3622,70,10
133109,3622,27,2
133109,3622,0,2
133109,3623,0,5
133109,3623,15,2
133109,3626cpr0895,15,2
133109,3659,71,1
133109,3659,15,2
133109,3660,70,2
133109,3665,19,2
133109,3665,72,2
133109,3666,72,4
133109,3666,84,5
133109,3666,378,1
133109,3666,70,2
133109,3666,15,1
133109,36752a,484,1
133109,36752a,70,3
133109,36752a,0,2
133109,36752a,308,2
133109,3676,71,4
133109,3710,28,1
133109,3710,71,3
133109,3710,72,2
133109,3749,19,2
133109,37762,15,1
133109,37762,0,28
133109,37775,182,1
133109,3795,0,4
133109,3795,15,4
133109,3795,70,1
133109,3795,28,4
133109,3795,71,4
133109,3832,70,1
133109,3832,71,6
133109,3899,15,8
133109,3899,4,1
133109,3957b,70,2
133109,3957b,0,2
133109,3958,72,2
133109,4032a,70,6
133109,4070,15,24
133109,4070,71,12
133109,4162,71,1
133109,41740,28,6
133109,44728,28,2
133109,4477,71,3
133109,4510,0,6
133109,4528,297,1
133109,4529,0,1
133109,4533,72,2
133109,4697b,0,2
133109,47457,297,1
133109,47905,0,2
133109,4865b,28,2
133109,4865b,0,2
133109,49153,0,8
133109,49307,0,2
133109,49307,19,2
133109,54200,0,2
133109,57895,0,2
133109,59349,84,5
133109,59349,15,2
133109,59900,297,3
133109,60592,15,20
133109,60592,71,10
133109,60596,15,4
133109,60596,71,1
133109,60601,47,30
133109,60616b,0,1
133109,60616b,70,1
133109,60849,71,2
133109,60897,71,4
133109,60897,72,4
133109,6111,71,2
133109,6141,179,1
133109,6141,0,8
133109,6141,297,1
133109,63864,72,4
133109,63864,71,1
133109,63864,28,2
133109,63864,27,2
133109,63864,0,2
133109,63864,70,4
133109,64451,72,4
133109,64644,0,6
133109,65578,84,1
133109,6636,71,7
133109,6636,15,4
133109,6636,0,4
133109,69729,70,3
133109,76766,71,8
133109,78258,0,2
133109,78329,0,13
133109,79757,0,2
133109,87079,28,1
133109,87079,71,2
133109,87087,378,6
133109,87580,28,5
133109,87580,71,4
133109,87620,71,2
133109,88283,4,1
133109,88292,70,6
133109,89522,297,4
133109,90826,19,1
133109,90826,308,2
133109,92410,0,2
133109,92950,0,2
133109,93095,15,2
133109,93273,71,1
133109,96874,3,1
133109,98100,0,2
133109,98138,28,4
133109,98138pr0321,179,1
133109,98138pr0322,78,1
133109,98283,84,36
133109,98283,72,14
133109,98283,71,4
133109,99206,0,6
133109,99206,379,1
133109,99563,15,2
133109,99563,72,12
133110,10077560,9999,1
133110,11211,71,5
133110,11213,322,1
133110,11458,72,2
133110,11609,297,2
133110,11618,26,2
133110,13786,1003,1
133110,14718,0,1
133110,14719,0,2
133110,14769,15,2
133110,14769,71,1
133110,14769pr1172,15,1
133110,15254,288,2
133110,15535,72,1
133110,15573,297,2
133110,15573,26,2
133110,15706,72,4
133110,15712,378,6
133110,18646,29,1
133110,18651,0,2
133110,18674,0,18
133110,18677,0,2
133110,18759,72,2
133110,18838,288,2
133110,18855,323,1
133110,19121,0,4
133110,19798,0,1
133110,20310,297,8
133110,20482,47,1
133110,20482,0,3
133110,20482,297,18
133110,22888,0,4
133110,23187,70,1
133110,2357,0,12
133110,23986,15,1
133110,2420,4,6
133110,24316,70,3
133110,2449,0,1
133110,2450,72,2
133110,2453b,0,15
133110,25214,4,1
133110,26047,297,4
133110,26603,92,2
133110,26603,72,8
133110,27263,4,2
133110,27507,72,12
133110,2877,19,12
133110,28870,297,2
133110,29119,4,4
133110,29120,4,4
133110,3002,70,2
133110,3004,4,1
133110,3005,4,4
133110,3005,288,6
133110,3005,114,1
133110,3010,4,2
133110,3010,288,6
133110,30136,308,13
133110,30151b,47,2
133110,30153,33,3
133110,30153,35,3
133110,3020,26,1
133110,3020,288,10
133110,3020,484,2
133110,3020,70,4
133110,3021,4,4
133110,3022,4,1
133110,3022,19,4
133110,3023,28,3
133110,30237b,4,1
133110,30292,15,1
133110,3031,4,2
133110,3031,72,2
133110,3032,0,1
133110,30377,179,2
133110,3039,288,10
133110,30565,72,4
133110,30565,0,8
133110,3062b,1055,14
133110,3068b,15,1
133110,3068b,19,3
133110,3068b,70,1
133110,3068bpr0648,19,4
133110,3069b,15,1
133110,32000,72,22
133110,32028,4,2
133110,32028,28,29
133110,3245c,4,3
133110,32607,297,22
133110,32952,0,14
133110,33320,297,4
133110,33492,0,2
133110,33909,0,1
133110,33909,72,13
133110,3460,0,1
133110,35480,72,4
133110,35480,4,3
133110,3622,0,8
133110,3633,0,2
133110,3660,0,17
133110,3673,71,2
133110,36752a,484,1
133110,36752a,28,1
133110,36752a,70,1
133110,36752a,0,2
133110,36752a,308,2
133110,36752a,297,1
133110,3700,0,4
133110,3705,4,2
133110,3710,72,2
133110,3710,4,2
133110,3713,4,2
133110,37352,29,2
133110,3738,0,1
133110,37762,297,2
133110,37762,4,80
133110,37775,41,1
133110,3795,308,4
133110,3795,288,2
133110,3795,5,2
133110,38014,15,1
133110,3899,4,2
133110,3941,35,1
133110,3941,47,1
133110,3957b,47,2
133110,4032a,378,4
133110,4032a,484,3
133110,4032a,5,2
133110,4079b,0,4
133110,4162,4,4
133110,41682,72,2
133110,41740,0,2
133110,4449,70,2
133110,4449,0,1
133110,4460b,288,8
133110,44728,28,2
133110,4599b,297,1
133110,4740,47,2
133110,48092,288,4
133110,4871,72,1
133110,49661pr0001,14,1
133110,54568,0,2
133110,59900,40,2
133110,59900,297,5
133110,60475b,0,4
133110,60478,28,2
133110,60479,4,2
133110,60592,15,24
133110,60593,308,1
133110,60596,4,1
133110,60601,47,20
133110,60601pr0007,19,4
133110,60602,308,1
133110,60616bpr0002,47,1
133110,60897,4,16
133110,6091,288,12
133110,6106,72,16
133110,6111,0,10
133110,61332,0,6
133110,6141,47,1
133110,6141,297,4
133110,6190,0,1
133110,62462,4,1
133110,62810,0,1
133110,63864,15,4
133110,63864,72,12
133110,63965,297,1
133110,64647,35,4
133110,64647,15,1
133110,65092,1055,16
133110,65509,72,1
133110,6553,72,2
133110,65676,15,2
133110,6636,70,3
133110,6636,26,2
133110,68547,35,2
133110,78594,288,12
133110,79194,47,3
133110,79741,179,1
133110,85861,41,2
133110,85861,71,2
133110,85975,320,1
133110,85975,297,1
133110,85984,288,4
133110,85984,378,1
133110,87079,0,3
133110,87580,30,2
133110,87580,15,3
133110,87991,484,1
133110,88293,288,4
133110,89678,4,1
133110,92585,297,4
133110,92947,0,3
133110,92950,0,2
133110,93221pr0003,71,1
133110,96874,25,1
133110,98138,484,1
133110,98138pr0192,47,1
133110,98138pr0208,47,1
133110,98138pr0321,179,1
133110,98283,288,48
133110,99206,0,1
133110,99207,70,2
133110,99563,1103,17
133112,10077931,9999,1
133112,10247,72,2
133112,11211,28,6
133112,11213,71,1
133112,11477,72,2
133112,11477,15,4
133112,13548,72,1
133112,13965,70,1
133112,14395,70,4
133112,14716,70,4
133112,15068,72,2
133112,15070,15,13
133112,15535,0,1
133112,15573,70,1
133112,15573,72,2
133112,15573,15,1
133112,15672,15,2
133112,15672,70,4
133112,15706,72,1
133112,15712,15,1
133112,18653,70,1
133112,18674,0,1
133112,18674,70,1
133112,18677,70,2
133112,18980,15,1
133112,19119,288,8
133112,1927,72,1
133112,20482,15,4
133112,22385,72,3
133112,22385,28,2
133112,22388,15,4
133112,22961,308,4
133112,2343,179,1
133112,2357,70,4
133112,2412b,297,1
133112,2420,28,2
133112,2420,70,5
133112,2420,15,2
133112,24201,71,1
133112,24204,70,8
133112,24246,15,4
133112,24307,15,1
133112,24307,0,1
133112,2431,308,1
133112,2431,15,4
133112,2431,28,1
133112,2431,70,5
133112,2431pr0156,84,6
133112,2449,70,11
133112,2450,15,2
133112,25269,15,4
133112,2654,71,3
133112,26601,72,2
133112,26601,15,1
133112,26603,72,5
133112,26603,272,1
133112,27263,72,11
133112,27263,70,2
133112,27263,484,2
133112,27925,70,4
133112,28192,70,2
133112,28192,72,1
133112,28192,15,1
133112,29119,308,1
133112,29119,70,1
133112,29120,15,2
133112,29120,70,1
133112,29120,308,1
133112,3001,72,2
133112,3002,72,1
133112,3003,70,1
133112,3004,70,11
133112,3004,72,1
133112,3005,72,1
133112,3005,70,12
133112,3009,70,1
133112,3010,70,8
133112,3010,0,1
133112,30136,308,11
133112,3020,72,3
133112,3020,0,1
133112,3020,70,1
133112,3021,72,3
133112,3021,378,2
133112,3022,71,1
133112,3022,15,2
133112,3022,72,2
133112,3022,28,6
133112,3023,28,2
133112,3023,72,2
133112,3023,70,13
133112,3023,0,2
133112,3024,70,2
133112,3024,72,7
133112,3030,72,2
133112,3030,15,1
133112,3031,72,3
133112,3032,72,3
133112,3032,15,1
133112,3032,70,1
133112,3034,72,1
133112,30357,0,1
133112,3036,72,2
133112,3040b,72,1
133112,3040b,70,3
133112,3049d,15,2
133112,30503,72,2
133112,30565,15,1
133112,3062b,47,1
133112,3062b,308,15
133112,3068b,28,3
133112,3068b,72,1
133112,3068b,15,3
133112,3068b,272,1
133112,3069b,72,4
133112,3069b,28,2
133112,3069b,70,1
133112,3069b,15,2
133112,3069bpr0278,15,2
133112,3070b,70,3
133112,3070b,28,2
133112,3070b,15,7
133112,32000,70,1
133112,32013,308,4
133112,32028,28,2
133112,32123b,71,1
133112,32952,72,1
133112,33320,70,1
133112,33909,0,1
133112,3460,70,1
133112,35470,15,1
133112,35480,0,1
133112,35480,15,1
133112,35787,15,2
133112,3622,70,8
133112,3623,70,7
133112,3623,72,1
133112,3659,308,5
133112,3659,70,4
133112,3660,70,5
133112,3665,70,10
133112,3666,72,2
133112,3666,70,6
133112,36752a,308,1
133112,36752a,28,1
133112,36752a,70,2
133112,36756pr0001,28,1
133112,36840,70,4
133112,36841,0,2
133112,3700,70,4
133112,3710,288,2
133112,3710,0,2
133112,3710,70,6
133112,3710,28,1
133112,3710,72,1
133112,3737,0,1
133112,3747b,70,2
133112,37776,0,1
133112,3795,72,1
133112,3795,70,1
133112,3832,72,2
133112,3937,70,2
133112,3941,70,1
133112,3957b,0,3
133112,4032a,308,1
133112,4079b,288,1
133112,41740,72,1
133112,41740,484,1
133112,41770,70,1
133112,41770,72,3
133112,41948,15,1
133112,42445,47,1
133112,4282,15,1
133112,4286,70,1
133112,43093,1,4
133112,43721,72,1
133112,43722,15,5
133112,43722,72,3
133112,43723,15,2
133112,43723,72,2
133112,4460b,72,1
133112,4477,70,1
133112,4599b,0,2
133112,4697b,15,3
133112,4738c,1103,1
133112,47847,72,1
133112,48205,15,1
133112,49307,378,3
133112,49307,15,3
133112,49668,15,2
133112,51739,15,1
133112,52107,0,2
133112,54200,15,10
133112,54200,70,6
133112,55013,72,1
133112,55236,70,9
133112,59900,40,2
133112,59900,0,3
133112,59900,72,1
133112,6003,15,1
133112,60474,15,2
133112,60474,308,4
133112,60475b,72,1
133112,60477,70,1
133112,60481,72,1
133112,60481,70,3
133112,60593,28,8
133112,60596,28,1
133112,60602,308,8
133112,60616b,308,1
133112,60897,15,6
133112,60897,70,1
133112,61332,0,4
133112,6134,70,2
133112,6141,15,2
133112,6141,308,25
133112,61485,0,3
133112,6259,70,2
133112,6266,70,2
133112,63864,70,2
133112,63864,308,1
133112,63868,308,2
133112,63868,28,2
133112,63868,70,2
133112,64644,308,2
133112,6541,70,4
133112,65676,28,2
133112,6585,0,1
133112,65886,72,2
133112,6589,19,2
133112,6636,15,2
133112,6636,70,3
133112,6636,84,1
133112,67095,1000,1
133112,68888,70,4
133112,73230,0,4
133112,78256,71,1
133112,78444,28,1
133112,78444,71,1
133112,80835,1103,1
133112,85080,0,2
133112,85861,288,4
133112,85984,15,4
133112,87079,72,1
133112,87079,272,1
133112,87079,15,2
133112,87087,70,18
133112,87087,308,4
133112,87544,70,5
133112,87580,484,2
133112,87620,15,1
133112,87620,72,1
133112,88072,70,1
133112,88072,72,1
133112,88292,70,1
133112,89522,15,7
133112,92586pr0009,0,1
133112,92947,0,1
133112,93274,0,1
133112,96874,3,1
133112,98313,70,8
133112,99207,28,1
133112,99563,70,2
133112,99563,0,1
133112,99780,28,5
133112,99781,72,1
133112,99781,15,1
133113,10077547,9999,1
133113,11211,19,2
133113,11610,72,1
133113,13786pr0023,28,1
133113,13965,19,2
133113,14716,19,10
133113,14719,28,2
133113,15573,70,5
133113,15573,297,1
133113,15672,19,2
133113,15712,70,2
133113,15712,297,5
133113,16577,19,1
133113,18674,0,2
133113,18674,15,1
133113,18759,19,2
133113,19121,297,2
133113,20310,19,2
133113,20482,297,2
133113,20482,15,2
133113,20482,47,4
133113,22385,70,2
133113,22385,19,1
133113,22388,19,6
133113,2357,19,4
133113,24093,0,1
133113,24093,70,1
133113,2412b,297,1
133113,2420,70,1
133113,2431,28,13
133113,2431,19,2
133113,2431,70,2
133113,24324,0,1
133113,24324,70,1
133113,2450,28,2
133113,2453b,19,2
133113,24866,27,2
133113,2654,1053,1
133113,26603,28,1
133113,26604,0,2
133113,27507,71,2
133113,27925,28,4
133113,28598,378,3
133113,28621,46,1
133113,3001,70,1
133113,3003,19,1
133113,3004,19,20
133113,30044,70,3
133113,30046,0,2
133113,30046,297,1
133113,3005,19,6
133113,3005,84,17
133113,3005,0,2
133113,3009,19,1
133113,3010,19,12
133113,30136,308,2
133113,30153,47,2
133113,3020,308,2
133113,3020,484,1
133113,3020,378,1
133113,3020,19,1
133113,3023,1,1
133113,3023,71,2
133113,3023,320,6
133113,3023,19,11
133113,3023,272,6
133113,3023,26,4
133113,3023,191,3
133113,3023,288,1
133113,3023,378,1
133113,3023,212,2
133113,3023,72,2
133113,3023,70,1
133113,3023,85,2
133113,3024,19,6
133113,3024,84,2
133113,3034,0,1
133113,3035,28,4
133113,30357,28,4
133113,30357,19,4
133113,30367c,15,1
133113,30367c,297,2
133113,3037,378,4
133113,3044c,378,1
133113,30504,28,2
133113,3062b,308,4
133113,3062b,46,2
133113,3062b,47,4
133113,3062b,0,1
133113,3068b,308,2
133113,3069b,272,2
133113,3069b,378,2
133113,3069b,308,2
133113,3069b,28,5
133113,3069b,70,4
133113,3069b,2,1
133113,3069b,71,1
133113,3069bpr9989,15,1
133113,3070b,71,2
133113,3070b,70,2
133113,3070b,28,2
133113,30987,19,4
133113,3176,19,2
133113,32000,71,1
133113,32607,10,3
133113,32952,70,6
133113,32952,0,4
133113,32952,19,2
133113,33320,70,1
133113,33909,70,1
133113,3460,70,2
133113,3460,19,3
133113,3460,71,3
133113,35480,70,2
133113,3622,19,12
133113,3622,70,2
133113,3633,297,2
133113,3659,19,4
133113,3660,19,4
133113,3665,19,4
133113,3666,308,4
133113,3673,71,2
133113,36752a,0,2
133113,36752a,308,1
133113,36752a,28,2
133113,36840,19,2
133113,3701,19,2
133113,3710,28,1
133113,3710,70,2
133113,3710,19,2
133113,37775,182,2
133113,37776,297,1
133113,37776,1103,1
133113,3830,19,4
133113,3831,19,4
133113,38317,378,1
133113,38320,0,2
133113,38320,297,5
133113,38974,308,1
133113,3941,19,4
133113,40066,19,6
133113,4032a,19,2
133113,4070,320,8
133113,4070,72,4
133113,4079b,70,2
133113,4151b,28,3
133113,4162,70,2
133113,41740,19,2
133113,41740,28,12
133113,41835pr0001,4,1
133113,4217,19,1
133113,4287c,19,4
133113,43888,19,2
133113,4460b,19,2
133113,44728,70,1
133113,4490,19,6
133113,4599b,297,3
133113,47543,378,1
133113,49307,191,4
133113,49307,3,2
133113,49307,26,2
133113,49307,85,4
133113,54200,2,2
133113,54200,19,2
133113,55236,70,1
133113,59900,40,2
133113,60474,71,1
133113,60592,70,7
133113,6106,28,2
133113,6141,46,2
133113,6141,19,4
133113,6141,0,1
133113,6141,84,3
133113,6231,70,2
133113,63864,70,2
133113,63864,28,2
133113,64644,0,1
133113,65066,28,1
133113,6541,71,16
133113,65509,484,2
133113,65509,70,2
133113,65734,71,2
133113,6636,308,3
133113,6636,28,4
133113,68013,19,1
133113,68503pat0001,179,1
133113,68888,72,1
133113,78666,19,2
133113,79194,0,4
133113,79389,0,2
133113,85080,19,6
133113,85975,297,2
133113,85984,378,4
133113,85984,19,2
133113,86996,0,1
133113,87079,70,1
133113,87087,70,3
133113,87620,19,28
133113,87693,4,1
133113,88292,70,2
133113,89522,378,2
133113,92438,28,1
133113,92950,19,5
133113,96874,25,1
133113,98138,84,2
133113,98283,84,6
133113,98560,19,2
133113,99207,72,2
133113,99780,72,4
133114,10077546,9999,1
133114,11211,19,6
133114,11477,326,2
133114,11610,0,1
133114,13965,19,4
133114,14716,19,5
133114,14719,28,7
133114,15573,19,4
133114,15672,19,12
133114,15712,0,2
133114,18980,19,4
133114,18980,70,2
133114,20312,179,1
133114,20313,179,1
133114,22388,19,4
133114,2357,19,7
133114,2423,2,4
133114,2453b,19,1
133114,2462,19,1
133114,24855,70,1
133114,24866,27,7
133114,2489,308,1
133114,26603,28,4
133114,28598,378,1
133114,2921,19,2
133114,3003,19,1
133114,3004,19,7
133114,30044,70,1
133114,30046,0,1
133114,3005,19,4
133114,3005,84,16
133114,3009,19,2
133114,3010,19,6
133114,30136,70,1
133114,3020,72,1
133114,3022,19,1
133114,3022,15,1
133114,3023,19,4
133114,3024,19,2
133114,3024,72,1
133114,3034,28,2
133114,30357,70,1
133114,30367c,70,1
133114,3040b,378,4
133114,3045,378,2
133114,30504,28,4
133114,30562,19,1
133114,3062b,0,7
133114,3069b,28,3
133114,3070b,28,5
133114,30987,19,2
133114,32000,71,6
133114,32607,10,5
133114,33320,297,4
133114,33909,15,1
133114,3622,19,1
133114,3623,19,2
133114,3659,19,1
133114,3660,19,2
133114,3665,19,5
133114,3673,71,4
133114,36752a,308,1
133114,36752a,28,1
133114,3676,19,1
133114,3679,71,1
133114,3680,0,1
133114,36841,19,2
133114,3710,378,2
133114,37762,15,1
133114,37775,182,2
133114,3795,28,2
133114,3795,70,1
133114,3795,19,2
133114,38317,378,1
133114,38320,0,1
133114,3941,19,4
133114,3957b,484,1
133114,40066,19,4
133114,40243,84,11
133114,4151b,28,1
133114,41740,28,8
133114,42876,484,1
133114,4287c,19,1
133114,43888,19,1
133114,4460b,19,4
133114,48092,19,1
133114,4865b,19,4
133114,50100pr0002,15,1
133114,54200,19,4
133114,55236,70,2
133114,59900,46,2
133114,6003,28,2
133114,60470b,15,2
133114,60474,28,2
133114,60475b,19,1
133114,60592,70,1
133114,60596,19,1
133114,60621,1103,1
133114,60808,19,2
133114,61252,71,1
133114,6141,84,6
133114,6141,0,2
133114,61482,71,1
133114,6231,19,1
133114,63864,72,1
133114,64647,15,1
133114,6541,71,14
133114,6636,28,5
133114,85861,297,2
133114,85984,378,6
133114,87087,19,4
133114,87544,19,1
133114,87580,72,1
133114,89522,378,1
133114,90826,308,1
133114,92950,19,2
133114,98138pr0192,47,1
133114,98283,84,2
133115,10077587,9999,1
133115,11089,19,1
133115,11090,19,3
133115,11214,4,2
133115,11215,0,1
133115,11458,70,4
133115,11477,0,4
133115,11477,70,3
133115,13547,28,4
133115,13548,71,2
133115,14413,0,4
133115,14417,72,4
133115,14418,71,2
133115,14419,72,3
133115,14704,71,3
133115,15068,70,4
133115,15070,70,1
133115,15208,19,4
133115,15397,70,2
133115,15571,0,9
133115,15573,0,3
133115,15573,27,3
133115,15712,70,2
133115,1754,28,1
133115,1755,28,1
133115,18653,72,2
133115,18654,0,6
133115,18677,0,4
133115,1927,19,2
133115,22385,70,2
133115,22385,72,2
133115,22385,0,6
133115,22484,72,1
133115,2357,28,2
133115,24122,28,6
133115,2420,72,8
133115,24201,28,8
133115,2431,71,3
133115,24316,70,4
133115,24946,82,1
133115,25269,0,6
133115,25269,10,4
133115,25269,28,2
133115,26047,0,9
133115,26601,70,12
133115,2736,28,10
133115,28192,71,2
133115,29119,308,10
133115,29119,28,1
133115,29120,28,1
133115,29120,308,10
133115,3003,25,1
133115,3004,14,2
133115,3005,0,2
133115,3009,28,1
133115,3009,19,2
133115,3010,72,1
133115,3020,0,4
133115,3020,71,2
133115,3020,28,5
133115,3021,25,2
133115,3021,70,5
133115,3022,28,2
133115,3022,70,4
133115,3022,27,2
133115,3022,72,7
133115,3023,52,1
133115,3023,70,21
133115,3024,70,3
133115,3032,28,1
133115,3034,70,2
133115,30383,0,2
133115,30565,70,2
133115,3069b,72,2
133115,3070b,19,1
133115,3176,72,1
133115,32000,70,2
133115,32001,0,2
133115,32034,70,2
133115,32062,4,3
133115,32072,0,4
133115,32073,71,2
133115,32123b,14,3
133115,32140,72,1
133115,32198,19,1
133115,32270,0,1
133115,32316,70,2
133115,32523,0,1
133115,32524,70,4
133115,32557,0,2
133115,32803,28,6
133115,3298,0,3
133115,34103,14,1
133115,3460,308,1
133115,35044,28,2
133115,35480,0,6
133115,35480,28,14
133115,35787,70,2
133115,3622,70,2
133115,3623,70,6
133115,3665,28,4
133115,3666,70,3
133115,3673,71,8
133115,36752a,70,1
133115,36840,72,2
133115,36841,0,2
133115,3700,25,3
133115,3705,4,1
133115,3710,25,2
133115,3710,0,3
133115,3713,71,2
133115,37762,28,8
133115,3795,72,1
133115,3832,19,2
133115,3957b,484,1
133115,39888,19,2
133115,4032a,70,2
133115,4070,70,1
133115,4081b,70,2
133115,41682,70,1
133115,41682,28,1
133115,42003,0,2
133115,42445,47,1
133115,4274,15,12
133115,4287c,70,2
133115,43093,1,4
133115,43710,71,1
133115,43711,71,1
133115,44301b,72,4
133115,44728,0,14
133115,4519,71,5
133115,4595,0,2
133115,4697b,0,1
133115,4733,0,1
133115,51274,70,2
133115,52107,28,3
133115,53451,70,2
133115,53451,19,26
133115,54200,308,20
133115,54657,71,1
133115,54657,0,4
133115,54672,71,2
133115,57585,0,4
133115,57909b,308,1
133115,59443,70,6
133115,59443,72,1
133115,59900,70,6
133115,60483,28,2
133115,6063,72,2
133115,60897,70,10
133115,61252,71,1
133115,61332,0,14
133115,61408,0,2
133115,6141,297,6
133115,61482,71,1
133115,62462,70,2
133115,62462,0,2
133115,63864,28,2
133115,63868,308,6
133115,63869,71,1
133115,64847,19,6
133115,64867,72,1
133115,6536,19,2
133115,6553,0,4
133115,65578,47,1
133115,6589,19,4
133115,6636,28,2
133115,66906,0,2
133115,67696,308,1
133115,69729,72,2
133115,69819,0,2
133115,78258,72,6
133115,85861,182,2
133115,85861,41,1
133115,85943,72,2
133115,85959pat0001,1059,1
133115,85984,308,6
133115,85984,72,3
133115,87079,72,1
133115,87079,0,1
133115,87408,0,1
133115,87580,326,1
133115,87747,19,12
133115,90826,308,1
133115,92582,71,1
133115,93274,0,4
133115,93604,70,2
133115,99207,72,7
133115,99780,15,7
133115,99780,70,2
133115,99781,72,2
133132,2412b,297,4
133132,2412b,42,2
133132,2419,1,2
133132,2420,15,4
133132,2555,0,4
133132,2736,71,2
133132,298c02,15,1
133132,3001,1,7
133132,30176,2,2
133132,3020,0,1
133132,3020,15,5
133132,3021,0,3
133132,3022,4,2
133132,3022,72,5
133132,3023,1,12
133132,30237a,72,1
133132,30355,1,1
133132,30356,1,1
133132,30363,0,1
133132,30503,1,2
133132,3068b,272,7
133132,3069b,0,1
133132,32064a,15,8
133132,3298,15,1
133132,3460,15,2
133132,3623,15,2
133132,3660,1,6
133132,3666,1,2
133132,3678b,28,2
133132,3700,1,1
133132,3710,0,4
133132,3747b,72,2
133132,3794b,15,1
133132,3795,72,6
133132,3832,72,3
133132,4032a,71,4
133132,4070,0,2
133132,4085c,72,2
133132,43093,1,1
133132,43713,0,1
133132,43719,0,1
133132,43722,2,1
133132,43723,4,1
133132,48336,15,2
133132,4865a,0,2
133132,4871,0,1
133132,50304,0,1
133132,50305,0,1
133132,50373,1,1
133132,50943,72,1
133132,51739,15,1
133132,54200,297,2
133132,54200,0,2
133132,54383,0,1
133132,54383,1,1
133132,54384,0,1
133132,54384,1,1
133132,55982,0,1
133132,59229,72,1
133132,60479,0,2
133132,6091,15,2
133132,6091,72,2
133132,61252,15,2
133132,6126b,182,2
133132,61409,0,4
133132,6141,297,6
133132,6231,0,2
133132,6239,272,2
133132,6553,71,2
133132,6564,0,2
133132,6565,0,2
133132,6636,0,4
133132,71576,9999,1
133132,73983,1,12
133132,85544,1,1
133132,85970,1,2
133132,87079,0,2
133132,92280,0,2
133132,92579,40,1
133132,92690,297,2
133132,92946,1,4
133132,93273,1,2
133132,93606,0,2
133132,98134,297,1
133132,98135,297,4
133132,98137,297,2
133132,98138,34,2
133132,98138,36,2
133132,98138,297,8
133132,98138pr0003,36,1
133132,98141,297,2
133132,98283,28,4
133133,2346,0,4
133133,2713,14,2
133133,2714a,4,2
133133,2717,7,1
133133,3004,15,2
133133,3020,15,1
133133,3021,15,1
133133,3022,15,5
133133,3068b,15,1
133133,3482,15,4
133133,3651,7,4
133133,3700,15,4
133133,3701,15,3
133133,3705,0,2
133133,3706,0,3
133133,3707,0,1
133133,3710,7,2
133133,3713,7,6
133133,3743,7,1
133133,3749,7,10
133133,3895,15,2
133133,3937,15,2
133133,3938,15,2
133133,4019,7,1
133133,4085b,15,2
133133,4185,7,1
133133,4261,7,2
133133,4262,7,3
133133,4263,7,2
133133,4265a,7,10
133133,4273a,7,6
133133,4459,0,4
133133,4519,0,2
133144,2412b,71,1
133144,2512,14,1
133144,3062b,70,3
133144,3795,72,1
133144,3829c01,14,1
133144,3837,72,1
133144,3937,0,1
133144,39767,71,2
133144,4079b,14,1
133144,4865b,71,1
133144,6014b,14,4
133144,6134,0,1
133144,87697,0,4
133158,3626cpr3361,14,1
133158,3833,15,1
133158,970c34,25,1
133158,973c05h01pr3493,272,1
133163,11092,1103,2
133163,29109,297,2
133163,64567,297,1
133265,13548,3,4
133265,15573,14,1
133265,22885,71,4
133265,24299,27,6
133265,24307,27,6
133265,25269,5,4
133265,25269,85,4
133265,25269,322,4
133265,25269,25,4
133265,2877,14,2
133265,3005,27,4
133265,3022,3,1
133265,3022,14,1
133265,3023,14,1
133265,3024,27,8
133265,3031,27,1
133265,3068b,25,1
133265,54200,25,1
133265,87620,29,4
133265,98138pr0107,0,2
133319,3626cpr9975,14,1
133319,40925pat0015,4,1
133319,970c23pr9766,84,1
133319,973e113pr0001,4,1
133320,2335,15,2
133320,2412b,25,4
133320,2412b,0,4
133320,2431,15,4
133320,2432,72,2
133320,2454a,15,8
133320,2456,19,1
133320,2458,15,1
133320,2540,72,3
133320,2584,0,1
133320,2585,71,1
133320,2654,72,1
133320,2817,71,1
133320,3005,15,2
133320,3010,15,1
133320,30192,72,1
133320,3020,72,7
133320,3020,15,6
133320,3021,15,1
133320,3022,71,5
133320,3023,71,7
133320,3023,15,5
133320,3029,15,1
133320,3030,71,2
133320,3031,72,5
133320,3033,15,1
133320,3035,71,1
133320,30359b,71,2
133320,3036,71,1
133320,30363,71,4
133320,30372pr0001,40,1
133320,30374,41,1
133320,3039,72,1
133320,3039,15,9
133320,3040b,15,11
133320,3040b,25,4
133320,30414,72,2
133320,3068b,72,2
133320,3068b,15,8
133320,3068b,14,2
133320,3069b,15,6
133320,3069b,72,2
133320,32064a,71,1
133320,32073,71,1
133320,32270,0,1
133320,3298,15,4
133320,33057,484,1
133320,3456,72,1
133320,3622,71,1
133320,3665,15,2
133320,3666,19,2
133320,3684,15,5
133320,3700,15,2
133320,3710,72,4
133320,3743,0,1
133320,3795,19,2
133320,3832,15,2
133320,3937,71,2
133320,3938,15,2
133320,4032a,72,4
133320,4081b,19,4
133320,4150,15,2
133320,41769,15,2
133320,41770,15,2
133320,42446,71,1
133320,42610,71,2
133320,4286,15,2
133320,4287c,71,2
133320,43093,1,1
133320,43337,15,4
133320,4349,0,1
133320,43719,15,1
133320,43722,71,1
133320,43723,71,1
133320,44294,71,2
133320,44301b,72,6
133320,44302a,14,4
133320,44728,71,3
133320,4477,15,2
133320,4510,71,2
133320,4588,72,2
133320,4623,71,1
133320,47397,15,1
133320,47398,15,1
133320,47847,72,1
133320,4855,15,1
133320,4858,15,1
133320,49668,15,4
133320,53451,15,8
133320,54200,15,11
133320,56823c50,0,1
133320,59443,72,2
133320,59900,72,2
133320,60479,15,1
133320,61252,71,1
133320,6141,15,8
133320,6141,0,4
133320,6238,40,1
133320,64567,80,1
133320,6541,19,4
133320,87079,15,1
133320,90346,9999,1
133424,15672,379,1
133424,28660,379,2
133424,3010,379,2
133424,3020,85,1
133424,3700,72,2
133424,4070,72,2
133424,54200,379,7
133424,87079pr0135,379,1
133425,15672,379,2
133425,17485pr0003,379,1
133425,28660,379,2
133425,3941,72,2
133425,54200,379,2
133425,87580,379,1
133426,2446pr0046,0,1
133426,2447,46,1
133426,3626bpr0163,14,1
133426,41850,4,1
133427,2446pr0043,27,1
133427,2447,0,1
133427,3626bpr9994,0,1
133427,41850,4,1
133428,2446pr0045,1,1
133428,2447,46,1
133428,3626bpr0205,14,1
133428,41850,8,1
133429,2446pr0044,0,1
133429,2447,0,1
133429,3626bpr0156,14,1
133429,41850,8,1
133438,11211,15,2
133438,11458,72,1
133438,11476,322,1
133438,14719,484,2
133438,15068,15,1
133438,15571,297,4
133438,15573,297,1
133438,15712,297,2
133438,15745,45,1
133438,18674,15,1
133438,18674,31,3
133438,20310,297,4
133438,20482,297,4
133438,22385,30,5
133438,22886,484,1
133438,2357,26,2
133438,24593pr0009,15,2
133438,24866,191,2
133438,24866,212,2
133438,26047,297,1
133438,3005,26,2
133438,3022,15,1
133438,3023,41,3
133438,3031,31,2
133438,3032,31,1
133438,30350bpr0012,297,1
133438,30613,15,1
133438,3176,15,2
133438,33320,2,1
133438,35563,26,2
133438,3626cpr9705,19,1
133438,3633,297,4
133438,3673,71,1
133438,3710,15,2
133438,39262,297,1
133438,39613,5,2
133438,4032a,297,3
133438,43045,15,1
133438,4345b,15,1
133438,4346,15,1
133438,4528,297,1
133438,48336,297,2
133438,49579pr0001,323,1
133438,54200,14,1
133438,60897,71,2
133438,64647,41,4
133438,65196,15,1
133438,65196pr0009,15,1
133438,65200,297,1
133438,65304,297,4
133438,65474pr0008,297,1
133438,70844pr0001,84,1
133438,79603,9999,1
133438,85975,297,1
133438,87079,30,1
133438,87580,30,3
133438,87580,322,2
133438,87580pr0001,15,2
133438,98283,484,2
133438,99207,15,2
133445,01041,9999,1
133445,11090,0,4
133445,11458,191,2
133445,11476,0,1
133445,11477,70,2
133445,13547,14,8
133445,14769,4,2
133445,14769pr1079,15,1
133445,15068,1,2
133445,15535,0,1
133445,15571,191,1
133445,15712,71,4
133445,17485,25,1
133445,18654,71,1
133445,18674,14,2
133445,22888,10,1
133445,23443,71,4
133445,24246,70,2
133445,2454b,4,1
133445,2454b,70,4
133445,2458,19,2
133445,24866,212,2
133445,26047,0,4
133445,2654,1,1
133445,27263,322,4
133445,27448,15,1
133445,3004,70,2
133445,3020,30,1
133445,3020,14,2
133445,3022,19,2
133445,30222,33,1
133445,3023,191,2
133445,3023,5,2
133445,30237b,191,2
133445,3031,14,1
133445,3031,27,1
133445,3034,70,1
133445,32028,70,2
133445,32064a,321,2
133445,32123b,14,1
133445,32607,2,4
133445,3298,321,1
133445,33085,14,2
133445,33320,14,2
133445,3460,2,1
133445,35480,70,3
133445,35485,179,2
133445,3707,4,1
133445,3713,0,1
133445,3795,19,2
133445,3795,27,6
133445,3937,14,2
133445,4032a,85,1
133445,4081b,70,2
133445,41740,14,2
133445,42135,15,1
133445,4274,71,2
133445,4740,14,2
133445,4865b,19,2
133445,49307,19,2
133445,49661pr0001,14,2
133445,52031,27,1
133445,60474,1,1
133445,6091,70,4
133445,6134,71,2
133445,6141,27,2
133445,6141,70,2
133445,63868,70,2
133445,63965,0,5
133445,6536,4,1
133445,6553,71,1
133445,6587,28,1
133445,6632,71,2
133445,67075,226,1
133445,75937,0,1
133445,85984,321,1
133445,85984,19,2
133445,87081,19,1
133445,87083,72,1
133445,90194,70,2
133445,98138pr0107,0,2
133445,99206,70,1
133445,99780,2,2
133586,11156,297,1
133586,85861,41,1
133638,22402,321,1
133638,3626cpr1817,179,1
133638,89520,1,1
133638,970c14pr0968,1,1
133638,973c30h28pr3190,71,1
133697,3626cpr1785,179,1
133697,3844,179,1
133697,4740,4,1
133697,47905,4,1
133697,48729b,0,2
133697,59900,4,1
133697,85861,71,2
133698,11203,72,2
133698,28660,379,2
133698,3005,379,2
133698,3700,72,2
133698,4070,72,2
133698,54200,379,2
133698,87079pr0106,379,1
133699,11203,72,1
133699,28660,379,2
133699,3004,72,1
133699,3068bpr0326,379,1
133699,6541,72,2
133704,11203,72,2
133704,27261,72,1
133704,28660,379,2
133704,3023,72,2
133704,3700,72,2
133704,4070,72,2
133704,54200,379,2
133704,87079pr0106,379,1
133705,28660,379,2
133705,3003,72,1
133705,3021,72,1
133705,3068bpr0326,379,1
133705,54200,379,2
133705,6541,72,2
133707,2780,0,1
133707,28660,379,2
133707,3068bpr0326,379,1
133707,32000,72,2
133709,23860,179,1
133709,27257,57,1
133709,64567,272,1
133709,85861,297,1
133710,22380,272,1
133710,22393,57,1
133710,35049,297,1
133710,3626cpr1782,14,1
133710,970c28pr1421,1,1
133710,973e042pr4067,1,1
133712,11090,0,2
133712,15712,1,2
133712,30162,297,1
133712,4595,0,1
133712,4697b,71,1
133712,49668,179,2
133712,60849,71,2
133712,61409,1,1
133712,6141,1,1
133712,6266,0,2
133715,11089,378,7
133715,11090,378,10
133715,11212,288,1
133715,11476,2,4
133715,11476,320,4
133715,11477,1050,8
133715,11477,326,12
133715,11477,27,8
133715,15362,378,3
133715,15469,10,1
133715,15470,323,1
133715,15535,28,1
133715,15573,28,2
133715,16770,10,8
133715,1762,191,4
133715,18651,0,1
133715,18674,70,2
133715,18674,72,3
133715,20482,158,4
133715,20952,378,1
133715,21560,31,8
133715,22388,320,7
133715,23443,85,4
133715,24866,27,2
133715,24866,25,9
133715,24866,14,1
133715,24946,158,35
133715,25269,379,12
133715,26047,378,6
133715,26047,2,6
133715,2654,379,4
133715,27448,0,1
133715,29120,320,2
133715,3001,2,4
133715,3001,288,2
133715,3004,288,2
133715,3004,2,1
133715,3005,0,36
133715,3010,288,2
133715,3010,2,4
133715,3021,288,4
133715,3023,1050,8
133715,3023,320,12
133715,3023,288,2
133715,3024,1050,8
133715,3024,288,2
133715,3024,326,4
133715,3031,2,1
133715,30367c,10,1
133715,3037,326,8
133715,30374,71,1
133715,30374,70,2
133715,3062b,25,1
133715,3062b,70,4
133715,32062,0,3
133715,32062,4,12
133715,32064a,0,72
133715,32606,5,1
133715,32607,2,4
133715,32952,320,12
133715,35480,19,16
133715,35480,27,2
133715,3666,326,4
133715,3710,71,2
133715,3710,1050,8
133715,37352,2,1
133715,3937,378,1
133715,3937,70,1
133715,3941,72,1
133715,3941,2,1
133715,3958,0,9
133715,39789,2,1
133715,4032a,70,2
133715,4032a,288,1
133715,4032a,10,4
133715,4032a,378,6
133715,4032a,191,6
133715,4185,0,2
133715,42135,71,3
133715,43898,1050,1
133715,4733,15,2
133715,4733,27,13
133715,4865b,0,36
133715,48729b,72,2
133715,49668,158,12
133715,49668,378,8
133715,49668,191,4
133715,50950,378,8
133715,53923,378,3
133715,54200,1050,8
133715,57360,0,3
133715,57585,0,1
133715,59900,378,2
133715,59900,19,4
133715,60474,2,1
133715,61252,10,16
133715,6134,70,1
133715,6134,71,1
133715,61409,378,2
133715,6141,70,16
133715,6141,4,4
133715,62462,288,1
133715,62885,0,6
133715,63965,70,3
133715,63965,0,1
133715,65578,2,20
133715,66956,320,6
133715,68211,19,8
133715,68888,72,4
133715,71752,0,1
133715,75937,378,5
133715,78258,0,1
133715,85861,27,8
133715,85861,288,10
133715,85861,28,11
133715,85984,4,1
133715,85984,19,4
133715,87994,10,1
133715,88489,2,4
133715,89678,4,8
133715,90202,70,1
133715,91501,0,36
133715,91501,19,4
133715,93273,320,12
133715,96874,25,1
133716,11090,15,18
133716,11214,72,3
133716,11289,288,2
133716,14769,70,6
133716,15279,288,5
133716,15470,29,3
133716,15571,379,32
133716,21560,15,12
133716,2476a,71,16
133716,2586,15,18
133716,27261,70,7
133716,27261,308,7
133716,27507,15,8
133716,27507,0,8
133716,2817,0,3
133716,3020,288,2
133716,3020,379,32
133716,3041,379,32
133716,3062b,288,5
133716,3068b,288,3
133716,3070b,288,3
133716,32013,308,6
133716,32016,288,22
133716,32056,0,2
133716,32062,4,37
133716,32072,5,6
133716,32123b,15,6
133716,32192,0,3
133716,32524,25,4
133716,32524,3,4
133716,32524,71,4
133716,32524,14,4
133716,32828,0,3
133716,33320,26,6
133716,3626c,15,2
133716,3700,3,8
133716,3700,25,8
133716,3941,70,6
133716,4032a,2,2
133716,4032a,25,2
133716,40379,326,2
133716,41677,0,2
133716,41751,288,4
133716,42195,288,19
133716,42924,1,8
133716,43093,1,3
133716,4519,14,3
133716,4519,71,2
133716,4697b,0,6
133716,48267,29,12
133716,50340,0,1
133716,50450,0,2
133716,50955,288,2
133716,50956,288,2
133716,51274,326,2
133716,53923,0,1
133716,54001pr0002,15,2
133716,55013,72,1
133716,55236,70,2
133716,59900,0,2
133716,60470b,0,2
133716,60483,15,6
133716,60483,0,3
133716,61332,0,24
133716,61485,71,3
133716,65304,27,8
133716,6541,14,8
133716,6541,71,8
133716,6587,28,6
133716,68325,4,2
133716,74611,19,4
133716,75937,15,6
133716,79741,15,18
133716,85861,288,5
133716,87081,15,1
133716,87994,10,5
133716,89678,72,16
133716,89678,4,32
133716,96874,25,1
133716,98138,288,11
133716,98284,378,1
133817,3005pr0021,15,1
133817,35480,272,2
133817,44709,15,1
133818,14769pr1105,70,1
133818,15070,297,2
133818,15571,297,1
133818,3245cpr0139,70,1
133818,52107,70,1
133819,23986pr0001,15,1
133819,24866,31,1
133820,14769pr1105,70,1
133820,15070,297,2
133820,30136,70,2
133820,44728,71,1
133820,54200,70,2
133822,3005pr0023,70,1
133822,6141,297,1
133825,15573,297,1
133825,3245cpr0178,15,1
133825,6141,297,1
133827,24093pr0011,70,1
133827,24324,70,1
133827,3069bpr0148,15,1
133827,61976,70,1
133829,18854,45,1
133829,29236,26,1
133829,92198pr0037,78,1
133829,92456c03pr0003,92,1
133829,92818c01pr9999,322,1
133830,14769pr1105,70,1
133830,15070,297,2
133830,4216,70,1
133830,52107,70,1
133830,98375,179,1
133830,99563,70,1
133831,3062bpr0023,15,1
133831,37775,182,1
133831,85975,297,1
133831,98383,297,1
133832,11211,15,1
133832,15571,15,1
133832,22385pr0110,15,1
133832,3001,15,1
133832,47457,19,2
133832,49311,15,1
133832,60594,15,1
133832,60614,158,2
133922,15672,72,4
133922,15712,72,1
133922,18674,0,1
133922,20482,0,2
133922,26047,0,4
133922,298c02,0,1
133922,30377,72,1
133922,30503,15,1
133922,32828,0,1
133922,35480,72,4
133922,3957b,47,1
133922,4733,0,2
133922,4740,72,1
133922,48729b,72,1
133922,54200,72,4
133922,58176,0,2
133922,60474,72,1
133922,60849,0,1
133922,6141,72,3
133922,79194,0,1
133922,85861,0,4
133922,87994,72,1
133922,93061,0,3
133926,30367c,15,1
133926,30370pr0210,15,1
133926,33183,70,2
133926,3626cpr9924,15,1
133926,47905,15,1
133928,15395,15,1
133928,30367c,15,1
133928,4070,15,1
133928,53451,4,1
133928,57900,15,1
133929,92738,0,1
133931,3626cpr2246,78,1
133931,62810,0,1
133931,970c34pr0581,71,1
133931,973c34h03pr0990,25,1
133939,14418,71,1
133939,15392,72,1
133939,15403,0,1
133939,15456,71,1
133939,30375,72,4
133939,30377,72,1
133939,3941,47,1
133939,4032a,72,2
133939,4274,1,1
133939,44358,71,1
133939,44359,71,2
133939,4519,71,1
133939,54200,72,1
133939,6141,36,2
133939,6190,72,1
133939,63868,72,8
133939,75937,0,1
133939,92280,71,4
133939,93550,179,1
133940,14418,71,1
133940,15392,72,1
133940,15403,0,1
133940,15456,71,1
133940,30375,72,4
133940,30377,72,1
133940,3941,47,1
133940,4032a,72,2
133940,4274,1,1
133940,44358,71,1
133940,44359,72,2
133940,4519,71,1
133940,54200,72,1
133940,6141,36,3
133940,6190,72,1
133940,63868,72,8
133940,75937,0,1
133940,92280,71,4
133940,93550,179,1
133941,298c02,71,1
133941,30375,72,4
133941,30377,72,1
133941,30553,72,1
133941,3941,47,1
133941,4032a,72,1
133941,4274,1,1
133941,44358,71,1
133941,44359,72,2
133941,44567a,72,1
133941,4519,71,1
133941,48336,71,1
133941,59900,72,1
133941,60470b,71,1
133941,6141,36,2
133941,6141,71,2
133941,6190,72,1
133941,63868,71,8
133941,75937,0,1
133941,92280,71,4
133944,2432,0,1
133944,2460,72,1
133944,2569,72,1
133944,30208,379,1
133944,30209,72,1
133944,3022,72,1
133944,30377,72,1
133944,30386,272,4
133944,30553,0,1
133944,32529,71,1
133944,3700,0,1
133944,4095,0,1
133944,4274,1,1
133944,44300,72,4
133944,44302a,0,4
133944,44567a,71,1
133944,4589,36,1
133944,4589,72,1
133944,6019,72,2
133944,6141,57,2
133944,6190,72,1
133950,11100,25,2
133950,12825,297,2
133950,15086,297,1
133950,16656pr0004,25,1
133950,3626cpr1421,25,1
133950,970c34pr0660,72,1
133950,973c12h01pr2685,4,1
133950,98138pr0023,182,1
133994,18788,179,1
133994,19727pr0006,15,1
133994,24008pr0001,14,1
133994,3003,15,1
133994,3021,15,1
133994,3023,15,2
133994,3024,14,1
133994,3024,70,2
133994,3623,14,1
133994,4216,19,2
133994,60478,14,1
133994,61252,14,1
133994,6141,14,2
133994,63864,14,1
133994,64648,179,1
133994,88704,70,1
134001,3626bpr0578,378,1
134001,71015,1092,1
134001,86038,70,1
134001,970c19,72,1
134001,973c25h25pr1473,72,1
134030,23186,84,1
134030,3626cpr2579,78,1
134030,970c05pr1518,272,1
134030,973c22h02pr5638,4,1
134031,3626cpr2265,78,1
134031,59363,70,1
134031,970c05,272,1
134031,973c20h03pr5636,326,1
134034,23186,84,1
134034,3626cpr2579,78,1
134034,970c05pr2128,272,1
134034,973c12h41pr5637,72,1
134035,3626cpr2040,78,1
134035,85974,0,1
134035,970c03,0,1
134035,973c12h03pr5668,72,1
134036,11303,288,1
134036,3626cpr1363,78,1
134036,970c25,378,1
134036,973c20h03pr5631,326,1
134037,3626cpr3489,78,1
134037,88283,70,1
134037,970c03pr2102,0,1
134037,973f032pr5639,72,1
134040,3626cpr3489,78,1
134040,88283,70,1
134040,970c03pr2102,0,1
134040,973f032pr5635,72,1
134041,3626cpr2265,78,1
134041,52686pat0005,70,1
134041,970c05,272,1
134041,973c20h03pr5636,326,1
134044,3626cpr2580,78,1
134044,85974,484,1
134044,970c05,272,1
134044,973c46h02pr5630,3,1
134045,20877,84,1
134045,3626cpr3105,70,1
134045,970c20,326,1
134045,973c11h19pr5632,28,1
134049,3626cpr2764,78,1
134049,85974,19,1
134049,970c03pr2134,0,1
134049,973c02h02pr5712,15,1
134050,3626cpr2580,78,1
134050,85974,484,1
134050,970c03,0,1
134050,973c03h03pr5918,0,1
134051,21778,0,1
134051,3626cpr3674,92,1
134051,970c03,0,1
134051,973c03h03pr5991,0,1
134052,3626cpr3168,78,1
134052,62810,70,1
134052,970c12,72,1
134052,973c05h02pr4713,272,1
134053,3626cpr1709,78,1
134053,41334,72,1
134053,970c05,272,1
134053,973c14h02pr3053,71,1
134055,21268,71,1
134055,3626cpr3485,92,1
134055,970c03,0,1
134055,973c03h13pr5664,0,1
134056,3626cpr2049,78,1
134056,87990,84,1
134056,970c03,0,1
134056,973c05h03pr4248,272,1
134058,3626cpr3512,78,1
134058,85974,226,1
134058,970c20,326,1
134058,973c41h02pr5709,484,1
134060,11090,19,6
134060,11211,72,1
134060,11213,0,1
134060,11215,71,1
134060,11289,40,1
134060,11477,71,2
134060,14718,15,2
134060,14718,71,2
134060,14769,15,1
134060,15068,15,1
134060,15068,71,7
134060,15068,0,2
134060,15210,15,2
134060,15279,326,4
134060,15397,0,1
134060,15535,19,1
134060,15573,72,7
134060,15573,1,3
134060,15573,15,3
134060,15712,4,1
134060,15712,15,2
134060,18649,71,1
134060,18654,72,1
134060,18990,47,1
134060,19220,0,2
134060,19798,72,1
134060,20442pr0001,326,1
134060,21144c02pr0004,326,1
134060,21353c02pr0002,326,1
134060,22388,182,3
134060,22885,4,1
134060,22886,71,3
134060,22888,15,2
134060,22889,15,1
134060,2340,15,1
134060,23443,71,2
134060,2357,15,2
134060,2357,71,2
134060,24093,41,5
134060,2412b,72,6
134060,2412b,0,6
134060,2412b,179,4
134060,2412b,25,4
134060,24201,15,1
134060,2421,0,1
134060,24299,15,2
134060,24307,15,2
134060,24309,71,6
134060,2431,4,2
134060,2431,19,2
134060,2431,1,1
134060,2431,41,1
134060,24316,70,1
134060,2432,71,1
134060,2432,0,2
134060,2432,72,2
134060,24946,15,2
134060,25269,71,2
134060,2540,72,1
134060,2569,71,1
134060,2571,41,4
134060,26601,19,2
134060,2730,71,2
134060,27925,71,2
134060,27925,15,2
134060,28192,15,2
134060,28192,71,3
134060,2853,71,1
134060,2877,71,6
134060,2877,15,7
134060,28802,15,2
134060,29119,71,1
134060,29120,71,1
134060,2921,71,2
134060,298c02,15,3
134060,30000,72,6
134060,3002,15,1
134060,3004,15,2
134060,3004,71,3
134060,3004,1,2
134060,3005,15,5
134060,3005,41,1
134060,3005,4,2
134060,3005,71,11
134060,3005pr0024,182,1
134060,3009,15,1
134060,3009,71,2
134060,3010,71,1
134060,3010,15,3
134060,30176,2,6
134060,30176,27,2
134060,3020,72,5
134060,3020,484,1
134060,3020,15,4
134060,3021,71,2
134060,3021,72,6
134060,3022,1,3
134060,3022,71,10
134060,3022,72,3
134060,3023,27,6
134060,3023,182,1
134060,3023,0,10
134060,3023,322,2
134060,3023,41,4
134060,3023,71,3
134060,30237b,71,1
134060,3024,4,4
134060,3024,1,1
134060,3024,322,1
134060,3024,0,4
134060,3024,15,18
134060,3024,71,12
134060,30248,72,1
134060,3029,71,1
134060,3029,0,1
134060,3032,72,1
134060,3033,28,1
134060,3034,0,6
134060,3035,0,1
134060,3035,2,2
134060,30356,71,1
134060,30357,71,2
134060,30367c,71,1
134060,3037,15,1
134060,3037,71,1
134060,30374,71,1
134060,30377,72,4
134060,3040b,10,1
134060,3040b,71,2
134060,30562,41,2
134060,30565,71,2
134060,30565,72,2
134060,3062b,27,5
134060,3062b,14,1
134060,3062b,2,3
134060,3065,40,1
134060,3068b,0,2
134060,3068b,70,2
134060,3069b,0,10
134060,3069bpr0307,71,1
134060,3070b,27,1
134060,3070b,47,1
134060,3070b,71,3
134060,3070b,14,4
134060,3070b,15,2
134060,3070bpr0234,71,1
134060,32000,72,6
134060,32028,71,4
134060,32062,4,3
134060,3245c,71,1
134060,32803,0,1
134060,32828,0,2
134060,32952,71,4
134060,32952,1,4
134060,32952,15,8
134060,33909,0,1
134060,35480,72,3
134060,3622,71,3
134060,3622,72,2
134060,3623,15,4
134060,3623,72,6
134060,3665,15,4
134060,3665,4,2
134060,3665,27,1
134060,3666,15,4
134060,3666,72,4
134060,3679,71,2
134060,3680,0,2
134060,36840,15,2
134060,36841,15,3
134060,36841,0,1
134060,3700,27,4
134060,3706,4,2
134060,3710,71,4
134060,3710,0,4
134060,3710,72,8
134060,3710,15,4
134060,37352,27,2
134060,37352,15,4
134060,37407,72,1
134060,3747b,0,2
134060,3795,71,2
134060,3841,72,1
134060,3894,72,2
134060,3895,72,2
134060,3899,14,2
134060,39039pr0004,28,1
134060,39040pr0004,72,1
134060,3958,72,3
134060,3958,28,1
134060,39767,0,2
134060,4006,0,1
134060,40687,71,1
134060,4070,27,6
134060,4070,72,2
134060,4079b,70,1
134060,41531,15,2
134060,4162,0,4
134060,41682,72,1
134060,4175,72,1
134060,41769,15,2
134060,41770,15,3
134060,4216,70,2
134060,42195,0,2
134060,4285b,72,1
134060,4286,2,1
134060,4286,71,2
134060,42924,1,4
134060,43093,1,4
134060,43722,0,1
134060,43723,0,1
134060,43898,15,1
134060,44709,0,1
134060,44709,15,1
134060,44728,0,3
134060,44861,72,1
134060,44861,4,2
134060,44861,15,6
134060,44861,0,4
134060,4599b,0,1
134060,46667,0,2
134060,47398,0,1
134060,48336,72,2
134060,4871,15,3
134060,48729b,0,2
134060,49153,0,1
134060,52494,72,1
134060,52501,15,1
134060,53020,71,1
134060,53020,14,1
134060,53451,15,1
134060,54200,72,3
134060,54200,326,5
134060,54200,15,2
134060,57895,41,2
134060,59443,4,1
134060,59443,0,2
134060,6003,0,1
134060,6020,71,1
134060,60470b,71,1
134060,60470b,0,7
134060,60474,15,1
134060,60475b,72,2
134060,60479,0,6
134060,60581,41,3
134060,60581,71,1
134060,60596,71,3
134060,60616b,41,1
134060,60897,0,3
134060,61184,71,1
134060,61332,0,4
134060,6134,0,2
134060,61409,71,2
134060,6141,72,4
134060,63864,15,4
134060,63868,15,4
134060,63965,72,2
134060,64225,15,1
134060,65138,0,1
134060,65304,71,2
134060,6536,72,1
134060,6541,71,2
134060,6636,71,5
134060,6636,15,3
134060,66956,0,1
134060,67687,71,1
134060,67737,0,1
134060,69819,71,1
134060,73230,25,4
134060,73825,0,6
134060,75c16,71,2
134060,77557pr0001,72,1
134060,77927pr0001,326,1
134060,78256,71,3
134060,78449,47,1
134060,79600,72,1
134060,79601,72,1
134060,85080,71,2
134060,85080,15,2
134060,85861,4,2
134060,85861,71,7
134060,85984,15,1
134060,85984,0,3
134060,85984,4,3
134060,87079,15,1
134060,87079,0,2
134060,87081,15,1
134060,87081,72,2
134060,87544,71,2
134060,87580,72,1
134060,87580,15,2
134060,87747,19,6
134060,88072,71,1
134060,88292,71,2
134060,88704,0,1
134060,90258,72,2
134060,91176,71,2
134060,92409,0,4
134060,92438,28,1
134060,92947,15,1
134060,92947,19,1
134060,93273,15,2
134060,93273,0,2
134060,93593,71,4
134060,96874,25,1
134060,98058pr0003,326,1
134060,98059pr0003,326,1
134060,98071pr0014,72,1
134060,98072pr0014,72,1
134060,98138,15,1
134060,98138,47,1
134060,98138,182,4
134060,98138,46,2
134060,98162pr0013,326,1
134060,98163pr0013,326,1
134060,99780,71,4
134066,3626cpr3510,78,1
134066,61506,308,1
134066,970c12,72,1
134066,973c28h02pr5707,1,1
134067,3626cpr3511,92,1
134067,970c12,72,1
134067,973c19h13pr5708,70,1
134067,99930,0,1
134068,3626cpr3699,92,1
134068,61183,0,1
134068,970c03,0,1
134068,973c03h13pr6055,0,1
134069,3626cpr3694,78,1
134069,61506,28,1
134069,970c11,28,1
134069,973c28h02pr6042,1,1
134070,3626cpr3696,78,1
134070,3901,28,1
134070,41879a,28,1
134070,973d40pr6046,212,1
134071,3626cpr3695,78,1
134071,41879a,28,1
134071,88286,28,1
134071,973d41pr6043,30,1
134073,35701,484,1
134073,3626cpr1635,14,1
134073,41879a,1,1
134073,973c27h01pr4790,15,1
134074,11303,272,1
134074,3626cpr1786,14,1
134074,41879a,4,1
134074,973c05h01pr4861,272,1
134095,21269,15,1
134095,24093pr0031,15,1
134095,3626cpr3658,15,1
134095,38583,15,1
134095,88646,0,1
134096,88646,0,1
134096,93549pat0007,47,1
134098,19220,71,1
134098,3069bpr0347,71,1
134098,88646,0,1
134099,88646,0,1
134099,95342pr0002,15,1
134101,27925pr0011,15,1
134101,80716pr0001,179,1
134101,88646,0,1
134102,26603pr0077,15,1
134102,88646,0,1
134103,11090,0,1
134103,30374,0,1
134103,33085,14,1
134103,4740,0,1
134103,88646,0,1
134103,90370,0,1
134104,14769,15,1
134104,14769pr1235,15,1
134104,17485,4,1
134104,36752a,28,2
134104,3900,71,1
134104,4032a,4,1
134104,4274,71,1
134104,4740,82,1
134104,6141,71,2
134104,65578,71,1
134104,88646,0,1
134105,3068bpr9487,15,1
134105,38014,15,1
134105,38799,15,1
134105,88646,0,1
134106,24093pr0030,15,1
134106,24324,15,1
134106,3069bpr0300,15,1
134106,88646,0,1
134107,32607,10,1
134107,3626cpr3657,4,1
134107,79808,71,1
134107,88646,0,1
134108,11640pr0005,484,1
134108,88646,0,1
134163,37614,1103,1
134163,49588pat0003,25,1
134163,970c34pr0001,326,1
134163,973c34h12pr0002,1103,1
134174,11211,28,1
134174,11477,226,4
134174,11477,28,2
134174,15573,14,1
134174,15573,28,1
134174,15573,15,1
134174,3005,484,2
134174,3020,70,2
134174,3020,19,1
134174,3020,28,1
134174,3021,28,3
134174,3022,70,3
134174,3023,71,1
134174,3023,0,1
134174,3023,25,1
134174,3032,2,1
134174,3040b,484,2
134174,3040b,14,2
134174,3700,15,2
134174,3710,14,1
134174,4032a,19,1
134174,4274,1,2
134174,60478,70,2
134174,61252,19,2
134174,6141,29,1
134174,6141,15,1
134174,85984,70,1
134174,98138,84,2
134174,98138pr0008,15,2
134174,99781,72,1
134185,10090572,9999,1
134185,11090,70,4
134185,11213,0,1
134185,11477,288,2
134185,14417,72,2
134185,14419,72,2
134185,14704,71,2
134185,15068,288,2
134185,15082,0,2
134185,15208,0,1
134185,15672,70,2
134185,15712,71,1
134185,16770,0,2
134185,18031,0,1
134185,18649,0,2
134185,20482,0,2
134185,22885,71,2
134185,23443,0,4
134185,3003,27,1
134185,3020,72,1
134185,3021,288,2
134185,3022,70,2
134185,3022,15,3
134185,3023,288,2
134185,33183,70,1
134185,35480,70,14
134185,3937,70,4
134185,4081b,0,2
134185,44861,288,6
134185,53451,0,18
134185,53454,179,1
134185,55236,288,4
134185,60474,72,1
134185,60478,70,4
134185,6134,0,4
134185,63868,72,2
134185,64225,0,3
134185,64644,70,1
134185,67329,0,2
134185,75904,71,1
134185,85861,70,6
134185,85975,179,1
134185,85984,288,12
134185,87747,0,2
134185,93273,288,3
134185,98138pr0304,0,2
134185,99207,71,1
134185,99780,70,2
134185,99781,72,3
134293,15712,4,3
134293,19729,41,1
134293,30031,72,1
134293,6141,41,2
134293,75902pr0019,72,1
134372,10190,0,2
134372,13608,179,1
134372,21459,179,1
134372,89522,297,1
134381,15712,72,1
134381,24946,15,1
134381,2540,0,2
134381,3004,70,1
134381,3005pr0024,182,1
134381,30136,308,2
134381,35700,84,1
134381,3633,0,3
134381,3666,70,2
134381,3747b,70,1
134381,37829pr0002,484,1
134381,3958,28,1
134381,4740,72,1
134381,60593,0,2
134381,6141,182,1
134381,6141,179,2
134381,66956,308,6
134381,92950,70,1
134384,3626cpr2587,78,1
134384,90541,72,1
134384,970c07,308,1
134384,973c14h02pr3053,71,1
134439,12825,72,4
134439,2341,71,4
134439,2412b,297,2
134439,2420,72,2
134439,2431,19,2
134439,2450,308,8
134439,2456,72,1
134439,2654,27,6
134439,2654,182,1
134439,2730,71,2
134439,2780,0,12
134439,2877,71,2
134439,3003,28,1
134439,30173b,297,2
134439,3020,72,3
134439,3021,15,2
134439,3022,19,1
134439,3023,36,2
134439,3023,27,6
134439,30236,72,2
134439,3035,288,1
134439,30367b,0,4
134439,30374,297,1
134439,3044c,72,4
134439,30526,72,2
134439,30552,71,2
134439,3062b,72,2
134439,3069b,308,5
134439,3069bpr0101,71,1
134439,3070b,71,2
134439,32000,0,2
134439,32016,71,2
134439,32062,4,2
134439,32064a,4,2
134439,32138,71,4
134439,32291,72,2
134439,32316,15,2
134439,32324,71,2
134439,32523,72,2
134439,32525,72,2
134439,32526,72,2
134439,32530,72,2
134439,3460,308,1
134439,3660,27,7
134439,3666,72,2
134439,3673,71,1
134439,3700,15,4
134439,3701,72,2
134439,3701,71,1
134439,3703,0,2
134439,3705,0,1
134439,3706,0,1
134439,3710,70,3
134439,3713,71,6
134439,3894,0,4
134439,4032a,71,5
134439,4150,71,2
134439,42023,27,4
134439,4274,71,4
134439,4286,72,2
134439,4287c,72,4
134439,43722,0,1
134439,43723,0,1
134439,44300,0,2
134439,44728,15,2
134439,4519,71,1
134439,47456,72,1
134439,55013,72,2
134439,56145,297,2
134439,56908,71,2
134439,57028c01,71,1
134439,57796,72,1
134439,57906,0,6
134439,59426,72,2
134439,60474,72,2
134439,60483,72,2
134439,6087,71,1
134439,6091,71,2
134439,61072,0,4
134439,61252,297,2
134439,61409,0,4
134439,6141,297,12
134439,61480,0,2
134439,61481,0,2
134439,61678,0,4
134439,6553,72,2
134439,6558,1,14
134439,6587,28,2
134439,6628,0,2
134439,6636,0,2
134439,71574,9999,1
134439,72454,0,2
134439,73983,72,2
134439,85543,15,2
134439,87747,297,1
134439,92218,297,2
134439,92280,0,2
134439,92579,40,1
134439,92582,0,2
134439,92690,297,1
134439,92947,71,1
134439,98134,297,1
134439,98136,272,1
134439,98137,297,2
134439,98138pr0002,33,1
134439,98341,297,2
134475,10001572,9999,1
134475,11211,72,1
134475,11211,4,1
134475,11211,14,2
134475,11212,72,1
134475,11212,0,25
134475,11212,15,9
134475,11253,179,3
134475,11477,72,16
134475,13547,92,68
134475,13731,72,3
134475,14417,72,2
134475,14704,71,2
134475,14719,72,1
134475,14719,320,1
134475,15068,72,14
134475,15397,19,1
134475,15462,70,2
134475,15573,320,11
134475,15573,92,22
134475,15573,71,7
134475,15712,72,1
134475,15712,71,1
134475,15712,0,4
134475,18653,320,6
134475,18674,72,2
134475,18677,71,3
134475,20482,28,1
134475,22484,72,1
134475,22885,0,2
134475,22885,19,20
134475,22890,72,2
134475,2357,0,2
134475,2412b,72,1
134475,2412b,0,2
134475,2420,0,2
134475,2420,72,17
134475,2420,378,4
134475,2420,70,2
134475,24201,72,5
134475,2431,0,22
134475,2431,320,9
134475,2431,72,3
134475,2431,378,4
134475,2445,0,2
134475,2445,70,1
134475,2450,320,4
134475,2456,72,4
134475,2456,71,2
134475,2465,71,2
134475,25269,0,20
134475,25269,320,10
134475,2654,47,6
134475,2654,0,6
134475,26601,0,4
134475,26603,92,16
134475,26603,0,7
134475,26603,320,2
134475,26603,71,2
134475,26604,19,1
134475,27263,0,4
134475,2741,72,1
134475,27507,320,8
134475,27507,92,1
134475,27925,320,6
134475,27925,72,4
134475,27965,70,1
134475,2819,71,1
134475,28192,92,9
134475,28802,71,2
134475,29119,71,2
134475,29120,71,2
134475,3001,25,4
134475,3001,72,7
134475,3002,0,1
134475,3002,19,1
134475,3003,322,7
134475,3003,72,2
134475,3004,28,1
134475,3004,320,3
134475,3005,320,4
134475,3005,72,3
134475,3005,4,3
134475,3006,15,1
134475,3007,4,1
134475,3009,320,2
134475,3009,14,3
134475,30099,320,5
134475,3010,72,1
134475,30136,3,2
134475,30166,71,4
134475,30191,71,1
134475,3020,92,57
134475,3020,72,4
134475,3020,0,2
134475,3020,320,4
134475,3020,2,17
134475,3021,321,2
134475,3021,378,3
134475,3021,322,6
134475,3021,320,4
134475,3021,72,4
134475,3021,0,6
134475,3021,19,1
134475,3022,3,11
134475,3022,0,8
134475,3022,72,4
134475,3022,2,2
134475,3022,320,7
134475,3022,71,1
134475,3022,14,2
134475,3022,27,6
134475,3023,72,33
134475,3023,92,21
134475,3023,1,24
134475,3023,0,16
134475,3023,4,17
134475,3023,27,4
134475,3023,320,22
134475,3024,92,14
134475,3024,72,26
134475,3024,320,16
134475,3024,0,3
134475,3028,72,4
134475,3029,72,1
134475,3029,15,2
134475,30304,72,1
134475,3031,71,4
134475,3031,322,1
134475,3031,320,2
134475,3032,72,4
134475,3032,19,3
134475,3032,2,1
134475,3032,320,5
134475,3034,4,1
134475,3034,191,1
134475,3034,19,1
134475,3034,0,14
134475,3035,72,3
134475,3035,92,6
134475,30374,71,2
134475,30374,41,1
134475,3040b,320,1
134475,30414,72,1
134475,30414,71,8
134475,30503,320,2
134475,30565,92,2
134475,3062b,0,4
134475,3062b,3,2
134475,3062b,27,2
134475,3068b,72,1
134475,3068b,0,2
134475,3069b,320,20
134475,3069b,73,3
134475,3069b,72,4
134475,3069b,0,14
134475,3070b,320,12
134475,3070b,27,4
134475,3070b,71,2
134475,3070b,72,8
134475,32028,28,2
134475,32028,0,1
134475,32028,14,2
134475,32028,72,2
134475,32062,4,2
134475,32064a,0,5
134475,32064a,2,2
134475,32124,1,2
134475,32124,0,1
134475,3245c,320,6
134475,32526,0,4
134475,32828,71,3
134475,32952,4,10
134475,32952,0,2
134475,33909,14,2
134475,33909,4,1
134475,33909,19,1
134475,33909,15,2
134475,3460,320,5
134475,35044,320,2
134475,35044,92,6
134475,35459,71,1
134475,35459,15,2
134475,35480,2,9
134475,35480,72,28
134475,3622,19,3
134475,3622,72,4
134475,3623,191,13
134475,3623,72,8
134475,3623,320,2
134475,3623,0,18
134475,3623,2,12
134475,3666,72,6
134475,3666,14,1
134475,3666,15,5
134475,3666,70,13
134475,3666,320,6
134475,3666,0,1
134475,3678b,320,1
134475,36840,72,2
134475,3700,4,4
134475,3703,0,2
134475,3710,1,1
134475,3710,71,1
134475,3710,2,22
134475,3710,320,19
134475,3710,72,7
134475,3795,191,7
134475,3795,72,7
134475,3795,320,8
134475,3795,15,4
134475,3832,3,1
134475,3832,4,2
134475,3832,72,1
134475,3937,0,4
134475,3958,19,2
134475,3958,72,1
134475,4032a,14,4
134475,4032a,71,1
134475,40490,72,2
134475,40490,0,4
134475,4070,4,4
134475,4070,72,2
134475,4162,320,5
134475,4162,72,1
134475,41747,72,4
134475,41748,72,4
134475,41769,320,1
134475,41770,320,1
134475,4274,71,2
134475,4274,15,9
134475,4282,0,8
134475,4287c,320,14
134475,42924,1,6
134475,43722,320,3
134475,43723,320,3
134475,43898,72,3
134475,44301b,71,2
134475,44728,71,4
134475,4477,4,3
134475,4477,0,2
134475,4477,320,3
134475,44861,71,2
134475,44861,0,4
134475,44861,84,4
134475,48336,0,2
134475,4865b,71,2
134475,4865b,72,8
134475,4865b,320,14
134475,48729b,0,4
134475,49097,92,4
134475,49151,0,1
134475,50745,320,6
134475,50950,72,2
134475,51739,0,4
134475,51739,92,12
134475,51739,320,2
134475,52107,15,16
134475,52107,28,2
134475,53923,0,1
134475,54200,72,9
134475,54200,320,8
134475,54657,72,2
134475,54662,0,1
134475,57360,72,1
134475,58846,92,4
134475,60474,72,1
134475,60477,72,3
134475,60479,15,1
134475,60479,70,1
134475,60479,14,3
134475,60479,19,2
134475,60479,320,7
134475,60592,4,8
134475,60897,72,1
134475,60897,14,2
134475,6111,19,5
134475,61252,71,5
134475,61332,0,24
134475,6134,0,4
134475,61409,0,2
134475,61409,72,1
134475,6141,14,7
134475,6141,25,11
134475,6141,0,6
134475,6141,1103,3
134475,6179,320,5
134475,62113,72,2
134475,6231,15,2
134475,6231,72,8
134475,63864,320,8
134475,63864,72,1
134475,63864,92,44
134475,63864,0,2
134475,64567,80,1
134475,64799,0,4
134475,65487,0,8
134475,65487,72,2
134475,6632,0,1
134475,6636,72,1
134475,6636,3,2
134475,6636,322,2
134475,6636,320,1
134475,69729,71,2
134475,69729,0,3
134475,73109,71,5
134475,73230,71,1
134475,73642,47,1
134475,73831,84,3
134475,75c29,179,10
134475,78258,72,4
134475,85080,71,2
134475,85861,71,8
134475,85984,320,28
134475,85984,72,2
134475,87079,72,2
134475,87079,0,2
134475,87079,320,9
134475,87079,1,2
134475,87083,72,1
134475,87087,484,1
134475,87087,0,1
134475,87087,72,4
134475,87580,72,3
134475,87580,320,2
134475,87994,15,3
134475,87994,71,1
134475,88704,0,1
134475,88930,72,14
134475,88930,92,16
134475,90498,0,1
134475,91988,71,1
134475,93273,320,2
134475,93273,72,6
134475,93606,0,4
134475,93606,72,4
134475,95199,72,1
134475,96874,3,1
134475,98138,0,2
134475,98138,72,3
134475,98138,4,2
134475,99206,14,16
134475,99206,0,3
134475,99207,0,2
134475,99563,0,15
134475,99780,0,2
134475,99780,4,2
134475,99781,71,2
134481,10087156,9999,1
134481,11208,179,4
134481,11209,0,4
134481,11211,4,1
134481,11291,15,1
134481,11476,4,2
134481,11477,14,1
134481,14418,71,1
134481,14704,72,1
134481,14769,72,1
134481,15068,72,4
134481,15207,72,2
134481,15407,1103,2
134481,15573,72,7
134481,15712,0,2
134481,15712,72,6
134481,15712,4,1
134481,18654,1103,2
134481,18674,0,3
134481,18972,40,1
134481,18980,15,1
134481,23443,0,2
134481,23860,41,1
134481,2412b,71,12
134481,2412b,0,1
134481,2420,72,4
134481,24246,4,2
134481,24299,15,2
134481,24307,15,2
134481,25269,46,2
134481,2540,14,1
134481,26047,0,2
134481,26603,1,2
134481,27263,15,2
134481,27263,72,4
134481,28192,71,2
134481,28631pr0390,179,1
134481,28802,72,2
134481,29119,15,1
134481,29119,320,2
134481,29119,0,1
134481,29120,15,1
134481,29120,320,2
134481,29120,0,1
134481,30029,0,1
134481,3003,0,2
134481,3003,4,1
134481,3005,0,2
134481,3005,71,12
134481,3009,4,1
134481,3010,15,2
134481,3010,71,8
134481,3020,0,1
134481,3021,72,8
134481,3022,15,1
134481,3023,72,8
134481,3023,41,2
134481,3023,4,1
134481,3023,3,4
134481,3024,191,2
134481,3024,71,6
134481,30292,41,3
134481,3031,72,12
134481,30374,71,1
134481,3062b,4,1
134481,3069b,15,1
134481,3070b,36,2
134481,3070b,72,1
134481,32028,72,4
134481,3245c,72,2
134481,32828,0,12
134481,33909,72,4
134481,34816,71,12
134481,35459,71,1
134481,35464,71,2
134481,35480,71,27
134481,35480,320,1
134481,35789,15,4
134481,3626c,0,1
134481,3666,71,2
134481,3666,0,1
134481,3710,0,1
134481,3795,71,1
134481,3829c01,71,1
134481,3899,4,1
134481,4006,179,1
134481,4032a,322,2
134481,4079b,0,1
134481,4081b,72,1
134481,41740,72,4
134481,4218,41,16
134481,4285b,41,1
134481,42947,0,2
134481,44861,0,2
134481,4536,15,4
134481,4590,72,2
134481,4599b,4,1
134481,48092,72,4
134481,4865b,0,1
134481,48729b,0,2
134481,48729b,72,1
134481,50018a,179,1
134481,50018b,179,2
134481,50018c,179,2
134481,50018d,179,2
134481,50018e,179,2
134481,50018f,179,2
134481,50018g,179,2
134481,50018h,179,1
134481,50950,15,2
134481,54200,72,2
134481,54200,36,2
134481,57895,41,8
134481,60169,41,2
134481,60474,71,1
134481,60475b,71,12
134481,60596,72,16
134481,60897,71,2
134481,60897,14,1
134481,6106,71,4
134481,61252,0,4
134481,61409,71,2
134481,6141,46,1
134481,6179,71,8
134481,6180,71,2
134481,6187,71,4
134481,62462,14,1
134481,64567,1103,1
134481,65487,0,1
134481,65886,41,2
134481,6636,15,2
134481,66906,0,2
134481,69729,19,3
134481,69755,72,1
134481,69767,297,1
134481,73562,0,1
134481,78256,71,16
134481,79194,72,1
134481,85861,0,12
134481,85861,71,2
134481,85861,41,5
134481,85984,72,1
134481,85984,15,4
134481,87994,0,1
134481,90398,320,1
134481,92410,4,2
134481,93606,15,1
134481,98138,41,3
134481,98834,0,1
134481,99563,72,5
134481,99563,191,2
134481,99780,0,5
134481,99781,14,1
134564,84861pr0001,191,1
134564,970c42pat38pr0002,73,1
134564,973c38h38pr0001,5,1
134565,84863pr0001,78,1
134565,970c27pat24pr0001,15,1
134565,973c27h02pr0001,15,1
134566,970c05pr2145,272,1
134566,973c05h02pr0001,272,1
134566,97459pr0001,78,1
134567,37364c07pr2254,308,1
134567,973c07h02pr0002,308,1
134567,97457pr0001,78,1
134568,89647pr0001,4,1
134568,970c19pat34pr0001,70,1
134568,973g01c38h38pr0001,14,1
134569,89646pr0001,84,1
134569,970c23pr9755,84,1
134569,973c23h23pr0002,84,1
134570,84860pr0001,78,1
134570,970c43pat02pr0003,29,1
134570,973g02c39h39pr0001,29,1
134571,37364c18,27,1
134571,89515pr0001,27,1
134571,973c18h18pr0002,27,1
134572,37364c11pr2232,28,1
134572,84859pr0001,1,1
134572,973c01h28pr0001,14,1
134574,84862pr0001,78,1
134574,970c40pat14pr0002,158,1
134574,973c40h02pr0001,158,1
134576,37364c27pr2228,15,1
134576,89534pr0001,158,1
134576,973c27h40pr0001,15,1
134577,89677pr0001,70,1
134577,970c19pr2231,70,1
134577,973c19h19pr0002,70,1
134586,10001511,9999,1
134586,10077544,9999,1
134586,10197,72,2
134586,10928,72,2
134586,11062,0,1
134586,11090,297,3
134586,11211,19,2
134586,11211,71,5
134586,11477,15,2
134586,11477,3,2
134586,11477,484,4
134586,11477,26,2
134586,11609,191,4
134586,11609,297,8
134586,11640,4,1
134586,13770,297,1
134586,14417,72,10
134586,14704,71,4
134586,14769,191,1
134586,15068,15,4
134586,15207,0,2
134586,15254,19,2
134586,15332,0,1
134586,15503,5,1
134586,15535,15,1
134586,15573,3,2
134586,15573,29,1
134586,15573,297,4
134586,15712,15,2
134586,15712,297,6
134586,1603,4,2
134586,16577,484,2
134586,18653,3,2
134586,18653,484,4
134586,18674,4,1
134586,18674,0,2
134586,19220,0,1
134586,20309,15,2
134586,20310,15,8
134586,20482,4,2
134586,20606pr0004,70,1
134586,22885,71,5
134586,22885,19,17
134586,22888,26,2
134586,22888,191,5
134586,22961,71,2
134586,2343,297,1
134586,23969,15,1
134586,24093,0,1
134586,2412b,179,4
134586,2412b,0,4
134586,2417,10,1
134586,2419,0,2
134586,2420,71,1
134586,2420,26,6
134586,2420,3,2
134586,24246,0,1
134586,24299,0,1
134586,24307,0,1
134586,24309,15,2
134586,2445,0,4
134586,2453b,19,6
134586,2453b,0,4
134586,2454b,19,6
134586,2454b,0,6
134586,24593,3,1
134586,2465,0,2
134586,25269,484,4
134586,25269,15,4
134586,2530,72,1
134586,2653,71,4
134586,26603,15,2
134586,27150,29,1
134586,27263,70,2
134586,27507,191,6
134586,27507,26,2
134586,27925,26,2
134586,27925,4,2
134586,28802,0,1
134586,28802,15,4
134586,28802,71,4
134586,28870,297,6
134586,3001,71,1
134586,3001,3,3
134586,3001,19,1
134586,3002,27,1
134586,3002,19,4
134586,3003,3,1
134586,3003,19,7
134586,3003,15,4
134586,3003,484,1
134586,3004,484,3
134586,3004,19,35
134586,3004,3,2
134586,3005,46,1
134586,3005,19,12
134586,3009,484,1
134586,3009,19,1
134586,3009,0,4
134586,3010,3,3
134586,3010,70,1
134586,3010,19,5
134586,3010,71,2
134586,3010,0,5
134586,30136,484,14
134586,30162,297,1
134586,3020,484,2
134586,3020,70,4
134586,3020,0,3
134586,3020,14,3
134586,3020,71,1
134586,3020,72,2
134586,3022,84,1
134586,3022,0,2
134586,3022,1,1
134586,3022,72,2
134586,3022,71,1
134586,3022,26,2
134586,3022,19,2
134586,3023,14,3
134586,3023,15,8
134586,3023,0,3
134586,3023,191,3
134586,3023,3,10
134586,3023,4,4
134586,3023,70,2
134586,3023,19,4
134586,3023,26,8
134586,3024,191,8
134586,3024,14,3
134586,3024,71,3
134586,3024,5,12
134586,3024,3,6
134586,3024,0,8
134586,3033,72,2
134586,3034,0,1
134586,3034,3,2
134586,3034,70,4
134586,3034,191,2
134586,30357,0,2
134586,3036,0,2
134586,3037,0,1
134586,3040b,0,2
134586,30414,15,2
134586,3044c,15,4
134586,30565,26,6
134586,3062b,26,1
134586,3068b,71,2
134586,3068b,5,9
134586,3068b,0,2
134586,3068b,15,2
134586,3069b,484,2
134586,3069b,0,2
134586,3069b,5,3
134586,3069b,15,6
134586,3069b,71,6
134586,3069b,27,2
134586,3069b,84,3
134586,3069b,85,2
134586,3069b,191,3
134586,3069b,1050,4
134586,3069bpr0198,15,1
134586,3069bpr0278,15,2
134586,3070b,191,4
134586,3070b,226,12
134586,3070b,0,5
134586,3070b,3,24
134586,32000,15,2
134586,32028,15,2
134586,32028,297,2
134586,32278,0,2
134586,32607,297,8
134586,33322,297,1
134586,33909,15,5
134586,34076,0,2
134586,3460,191,2
134586,34816,71,4
134586,34816,19,3
134586,35044,26,4
134586,35044,70,1
134586,35470,15,1
134586,35470,10,1
134586,35480,0,2
134586,35827,84,1
134586,3622,19,2
134586,3622,484,6
134586,3622,0,2
134586,3623,4,2
134586,3623,484,4
134586,3623,191,1
134586,3626cpr0895,15,1
134586,3659,70,1
134586,3660,19,4
134586,3665,0,2
134586,3666,0,2
134586,3666,71,2
134586,3666,72,2
134586,3666,15,1
134586,3673,71,2
134586,3700,0,8
134586,3703,0,3
134586,3710,29,1
134586,3710,4,1
134586,3710,15,2
134586,3710,484,2
134586,3710,71,2
134586,3710,0,17
134586,3710,378,2
134586,3710,26,8
134586,3743,0,4
134586,37762,297,6
134586,3795,15,2
134586,3795,0,4
134586,3832,71,1
134586,3832,15,2
134586,3836,70,1
134586,3844,179,1
134586,3852b,191,1
134586,3937,70,2
134586,3938,0,2
134586,3941,15,1
134586,3941,0,1
134586,3941,3,2
134586,3941,4,2
134586,3958,72,3
134586,39739,297,6
134586,39739,15,6
134586,4070,4,1
134586,4070,0,2
134586,4162,0,6
134586,4162,2,2
134586,41769,378,1
134586,42205,0,2
134586,42610,0,2
134586,4274,71,9
134586,4282,15,2
134586,42924,1,2
134586,4349,4,1
134586,43722,1050,1
134586,43723,70,1
134586,43723,1050,1
134586,43888,15,2
134586,44728,1,1
134586,4477,14,2
134586,4477,71,1
134586,4519,71,2
134586,4599b,71,1
134586,4738c,30,1
134586,47397,0,1
134586,47398,0,1
134586,4739a,30,1
134586,4740,45,2
134586,4740,0,1
134586,4740,71,2
134586,4740,4,1
134586,47457,297,1
134586,48336,15,1
134586,48336,297,9
134586,48729b,72,2
134586,54200,0,2
134586,57895,0,3
134586,59349,0,4
134586,59349,19,3
134586,59443,4,3
134586,59443,0,2
134586,59900,46,2
134586,6003,72,2
134586,6003,0,2
134586,60475b,71,3
134586,60475b,19,4
134586,60479,15,2
134586,60479,0,5
134586,60479,3,8
134586,60581,15,1
134586,60594,4,1
134586,60596,0,6
134586,60596,15,3
134586,60616b,3,2
134586,60808,19,6
134586,60897,0,4
134586,6091,3,2
134586,6091,5,6
134586,6091,484,4
134586,6111,19,5
134586,6112,3,1
134586,6112,19,1
134586,6124,45,1
134586,61332,0,6
134586,6141,26,2
134586,6141,0,8
134586,6141,46,16
134586,6190,15,2
134586,62462,0,2
134586,63864,0,6
134586,63864,4,2
134586,64644,15,4
134586,6541,71,6
134586,65509,484,2
134586,65590pr0002,25,1
134586,65886,26,9
134586,6636,3,2
134586,6636,0,2
134586,6636,14,2
134586,6636,19,4
134586,66857,15,1
134586,66906,0,2
134586,67095,15,1
134586,69729,15,4
134586,73109,71,3
134586,73230,0,2
134586,76959,15,1
134586,77108,85,1
134586,80683,41,2
134586,85861,297,3
134586,85975,15,1
134586,85984,15,4
134586,86876,15,1
134586,87079,0,1
134586,87079,4,2
134586,87083,72,1
134586,87087,484,4
134586,87580,84,1
134586,87580,70,2
134586,87580,378,4
134586,87580,19,6
134586,87580,27,1
134586,87580,321,2
134586,87580,26,16
134586,87580,29,6
134586,87994,297,4
134586,88293,297,4
134586,90370,26,1
134586,91405,322,1
134586,91405,85,1
134586,91988,70,1
134586,92099,0,1
134586,92107,0,1
134586,92585,297,2
134586,92926,1050,1
134586,92947,15,20
134586,93094pat0001,4,1
134586,95347,0,1
134586,96874,25,1
134586,98138,0,6
134586,99207,15,1
134586,99563,3,20
134586,99780,72,4
134586,99781,0,3
134720,6427870,9999,1
134768,11208,71,4
134768,11291,4,1
134768,11291,15,2
134768,11476,0,2
134768,11477,71,2
134768,13731,15,2
134768,14520,72,2
134768,15068,1,1
134768,15397,70,1
134768,15573,1,2
134768,18896,0,1
134768,22885,19,2
134768,22888,0,1
134768,22889,72,1
134768,2412b,0,2
134768,2412b,71,1
134768,2415,71,3
134768,24309,4,1
134768,2431,4,1
134768,2437,40,1
134768,2445,226,1
134768,2479,0,1
134768,3003,0,2
134768,30031,72,2
134768,3004,1,4
134768,3004,70,1
134768,30153,36,1
134768,30153,42,1
134768,30153,47,1
134768,3020,1,2
134768,3022,1,2
134768,3023,4,4
134768,30237b,1,2
134768,3031,70,1
134768,3034,71,3
134768,3039,1,1
134768,30396,0,1
134768,3039pr0028,15,1
134768,30592,71,1
134768,3069b,46,1
134768,3069b,33,1
134768,3666,226,2
134768,3710,1,4
134768,3795,226,1
134768,3795,72,1
134768,3821,4,1
134768,3822,4,1
134768,3829c01,1,1
134768,3832,15,1
134768,41854,15,2
134768,4345b,71,2
134768,4346,71,2
134768,4349,0,1
134768,43719,71,2
134768,43898,0,1
134768,44301b,72,2
134768,45677,4,1
134768,45677,15,1
134768,4600,71,2
134768,47457,71,2
134768,48336,1,2
134768,4865b,15,2
134768,50745,0,4
134768,50861,0,2
134768,50862,71,2
134768,52036,72,1
134768,52501,4,2
134768,54200,40,2
134768,54383,15,1
134768,54384,1,1
134768,54384,15,1
134768,6014b,71,4
134768,6014b,0,4
134768,60169,72,2
134768,60470b,71,2
134768,60481,4,2
134768,60601,41,4
134768,61345,1,2
134768,6141,71,2
134768,6141,46,1
134768,6141,182,2
134768,6141,0,2
134768,61482,71,2
134768,6154,0,1
134768,6157,71,4
134768,6179,71,2
134768,6239,15,1
134768,62743,0,4
134768,65209,14,1
134768,65217,71,1
134768,65521,4,1
134768,65630,71,3
134768,6587,28,1
134768,66111,9999,1
134768,6628,0,1
134768,85984,0,2
134768,87079,15,1
134768,87611,72,1
134768,87612,41,1
134768,87613,15,1
134768,87615,15,1
134768,87616,72,1
134768,87697,0,8
134768,92585,4,1
134768,92842,0,1
134768,93273,72,1
134768,98138,34,1
134768,98138,36,3
134768,98138,33,2
134768,98302,0,1
134768,99780,15,1
134821,3062bpr0023,15,1
134821,37775,182,2
134821,85975,297,1
134821,98383,297,1
134822,24866,297,1
134822,3005pr0023,70,1
134823,23955,70,1
134823,24452pr0006,226,1
134823,92198pr0221,78,1
134823,92456c01pr0402,78,1
134825,11618,85,1
134825,11618,31,1
134825,15675,226,1
134825,59794c01pr0001,30,1
134825,92198pr0229,78,1
134825,92456c01pr0379,78,1
134826,96874,25,1
134828,2447,47,1
134828,3626cpr3735,73,1
134828,49663pat0001,15,1
134828,970c34pr9752,25,1
134828,973c34h14pr0001,25,1
134828,98875pr0002,71,1
134829,01598pr0001,28,1
134829,3626cpr9697,92,1
134829,78643pr9998,288,1
134829,970c11pr0003,72,1
134829,973c11h12pr0001,28,1
134830,01598pr0001,28,1
134830,3626cpr3725,84,1
134830,78643pr9999,379,1
134830,970c11pr0003,72,1
134830,973c11h12pr0001,28,1
134831,01642pr0001,28,1
134831,3626cpr3735,30,1
134831,970c27pr9753,15,1
134831,973c27h27pr0002,15,1
134831,98875pr0001,27,1
134832,3626cpr3738,30,1
134832,970c27pr9753,15,1
134832,973c27h27pr0003,15,1
134832,98875pr0001,27,1
134856,13564,70,1
134856,15082,28,2
134856,15712,70,2
134856,20482,70,1
134856,24201,71,1
134856,4595,71,1
134856,49668,19,2
134856,6141,34,2
134856,6141,19,1
134856,92738,0,1
134888,30153,42,1
134888,30162,72,1
134888,30377,15,2
134888,3794a,15,3
134888,4345b,15,1
134888,4346,15,1
134888,4590,72,1
134888,4623,15,2
134888,54200,25,2
134889,3005,2,1
134889,3005pr0008,2,1
134889,3794b,2,1
134890,3005,1,1
134890,3024,0,1
134890,3024pr0003,19,1
134890,3024pr0004,19,1
134890,3070b,70,1
134891,3070bpr0148,29,1
134891,47905,29,1
134892,3024,28,1
134892,3024,70,2
134892,3024pr0007,19,1
134892,3024pr0008,19,1
134892,3070b,19,1
134893,3005,1,1
134893,3024,0,1
134893,3024pr0005,27,1
134893,3024pr0006,2,1
134893,3070b,2,1
134894,11203,15,1
134894,3003pr1002,15,1
134894,3022,15,1
134894,54200,15,4
134895,3005pr0009,29,1
134895,3024,326,1
134895,3024,29,1
134895,60897,70,1
134896,3005,0,1
134896,3024,0,1
134896,3024pr0009,0,1
134896,3069b,0,2
134896,3070b,0,1
134896,47905,0,1
134897,11097,179,1
134897,12551pr0002,326,1
134897,3626cpr1140,326,1
134897,970c20pr0443,320,1
134897,973c20h35pr2247,326,1
134897,98138,41,1
134898,14769,72,1
134898,20953pr0007,27,1
134898,3626c,27,1
134898,92926,72,1
134899,22472c01pr0005,84,1
134899,58176,5,1
134900,18674,15,1
134900,20482,70,2
134900,20953,15,1
134900,25376,27,1
134900,36060,0,1
134900,3626c,15,1
134900,47905,15,1
134900,6141,0,2
134900,93609,0,2
134901,20953,15,1
134901,25376,4,1
134901,3024,15,1
134901,33183,70,2
134901,3626c,15,1
134901,47905,15,1
134901,85861,15,2
134902,25376,25,1
134902,30367c,15,1
134902,33183,70,2
134902,3626c,15,1
134902,47905,15,1
134902,60474,15,1
134902,6131,0,1
134902,6141,15,1
134903,30133,4,1
134903,30165,15,1
134903,3626c,15,1
134903,3878,0,1
134903,973c27h27,15,1
134904,3004,15,1
134904,30133,4,1
134904,3626c,15,1
134904,3878,0,1
134904,973c27h27,15,1
134907,18854,45,1
134907,35182,308,1
134907,92198pr0134,84,1
134907,92456c02pr0286,84,1
134907,92820c01pr0141,272,1
134908,20482,15,2
134908,30377,15,2
134908,32138,71,1
134908,43093,1,1
134908,43857,0,2
134908,4733,15,1
134908,98138pr0118,15,1
134909,20482,297,4
134909,30375,72,1
134909,30377,15,2
134909,4733,15,1
134909,98138pr0118,15,1
134909,98313,15,2
134910,15573,72,1
134910,20482,15,2
134910,3023,182,1
134910,30377,15,2
134910,4733,15,1
134910,98138pr0118,15,1
134911,14769,71,1
134911,20482,297,2
134911,3022,71,1
134911,30377,15,2
134911,32828,0,4
134911,4590,15,2
134911,4733,15,1
134911,60897,71,2
134911,88072,71,1
134911,98138,0,4
134911,98138pr0118,15,1
134912,15339,15,1
134912,3626c,297,1
134912,48729b,72,2
134912,49663pat0001,15,1
134912,60115,71,1
134912,93062c02,179,2
134912,98138,41,1
134912,98313,15,2
134981,2300,14,1
134981,2301,1,2
134981,2301,2,2
134981,2302,4,1
134981,2302,14,1
134981,2312c02,14,1
134981,2327c01pr0001,1,1
134981,2327c02pr0002,2,1
134981,2327c03pr0001,7,1
134981,2327c04pr0002,484,1
134981,2327c04pr0003,0,1
134981,3011,0,3
134981,3011,4,3
134981,3011,1,3
134981,3011,15,3
134981,3011,2,3
134981,3011,14,3
134981,3437,0,2
134981,3437,15,4
134981,3437,2,4
134981,3437,14,4
134981,3437,4,4
134981,3437,1,4
134981,3437pr0067,15,1
134981,3437pr0067,0,1
134981,4066pr0103,14,1
134981,4066pr0124,14,1
134981,4198pr9985,14,1
134981,4198pr9987,15,1
134981,4199,4,1
134981,4247,14,1
134981,4253,4,1
134981,6394,4,1
134981,6394,0,1
134981,6394,14,1
134981,dupupn0020,4,1
135038,11203,15,2
135038,11211,15,2
135038,14719,15,1
135038,15207,15,5
135038,15279,10,1
135038,15395,179,1
135038,18674,71,2
135038,22885,15,5
135038,22886,15,1
135038,23969,15,2
135038,23986,15,1
135038,24085,10,1
135038,24246,320,1
135038,2431,15,4
135038,2449,15,2
135038,2453b,15,1
135038,26603,15,1
135038,27507,15,1
135038,3001,15,3
135038,3004,15,6
135038,3005,73,1
135038,3005,15,6
135038,30151b,47,2
135038,30162,72,1
135038,3020,1,1
135038,3022,0,1
135038,3023,15,7
135038,3023,1050,1
135038,3023,3,1
135038,3024,15,4
135038,3024,320,1
135038,3031,15,1
135038,3032,19,2
135038,3034,15,4
135038,3068b,19,1
135038,3069b,10,1
135038,3069b,84,1
135038,3069b,378,1
135038,3069b,3,1
135038,3069bpr0307,71,2
135038,3070b,15,3
135038,32028,297,1
135038,32028,379,1
135038,32952,15,4
135038,33909,15,4
135038,34173,179,1
135038,3460,15,4
135038,35464,15,1
135038,35480,484,2
135038,3659,15,2
135038,3666,15,4
135038,3795,15,6
135038,3941,71,1
135038,3958,19,3
135038,4162,15,4
135038,41682,15,8
135038,43722,15,4
135038,43723,15,5
135038,4460b,15,2
135038,4528,179,1
135038,4533,41,6
135038,49307,15,14
135038,6003,19,1
135038,6636,15,3
135038,69729,19,2
135038,78666,15,4
135038,79808,71,1
135038,85861,71,1
135038,85975,0,1
135038,87087,15,5
135038,92410,15,6
135038,92950,15,1
135038,95228,34,1
135038,95228,47,1
135105,3626cpr3719,78,1
135105,970c27pr9753,15,1
135105,973c27h27pr0003,15,1
135105,98385,70,1
135105,98875pr0001,27,1
135106,3626cpr3720,70,1
135106,65579,0,1
135106,78643pr0010,28,1
135106,970c11pr0003,72,1
135106,973c11h12pr0001,28,1
135114,3626cpr2570,78,1
135114,92746,28,1
135114,970c11pr2342,28,1
135114,973c02h02pr6154,19,1
135115,30361cpr1019,15,1
135115,30362,15,2
135115,30367cpr1026,179,1
135118,26139,70,1
135118,3626cpr1368,78,1
135118,970c27pr2347,15,1
135118,973c27h03pr6167,15,1
135120,3626cpr1670,78,1
135120,92746,28,1
135120,970c27pr2347,15,1
135120,973c27h03pr6167,15,1
135122,30480pr0001,297,1
135122,970c21pr2256,297,1
135122,973c21h21pr6084,297,1
135123,30361cpr1020,15,1
135123,30362,15,2
135123,30367cpr1020,179,1
135137,30410,28,1
135137,3626cpr3525,78,1
135137,37046,4,1
135137,970c28pr2287,1,1
135137,973c02h02pr6061,1,1
135138,3626cpr3698,71,1
135138,970c27,15,1
135138,973c27h14pr6088,15,1
135139,3626cpr2049,78,1
135139,37046,4,1
135139,90831pr0001,179,1
135139,970c19pr2288,70,1
135139,973c02h19pr6062,0,1
135140,26066,19,1
135140,3626cpr3559,379,1
135140,78940,379,1
135140,970c14pr2289,71,1
135140,973c24h24pr6063,379,1
135141,3626cpr3704,84,1
135141,37046,1,1
135141,83345,0,1
135141,970c03pr2292,0,1
135141,973c23h03pr6066,1103,1
135142,3626cpr3548,70,1
135142,970c11pr2144,28,1
135142,973c11h03pr6010,28,1
135143,15308pr0374,15,1
135143,3626cpr3262,92,1
135143,970c27pr2265,15,1
135143,973c27h03pr6011,15,1
135144,11217pr0375,15,1
135144,3626cpr3262,92,1
135144,970c27pr2266,15,1
135144,973c27h03pr6012,15,1
135147,11090,72,1
135147,14769,71,1
135147,17485,71,1
135147,2420,15,1
135147,25269,15,2
135147,2654,71,1
135147,26604,0,2
135147,27263,0,2
135147,3003,15,1
135147,3004,15,1
135147,3023,15,1
135147,32828,71,1
135147,32952,0,2
135147,85861,0,1
135147,89522,4,1
135147,98138,71,2
135147,99207,15,1
135147,99563,0,1
135369,11214,4,3
135369,11946,0,1
135369,11947,0,1
135369,12799,72,1
135369,15462,70,1
135369,18654,0,5
135369,18654,71,1
135369,18654,27,6
135369,24116,0,4
135369,24119,0,2
135369,24316,70,4
135369,25214,71,2
135369,2525,0,1
135369,30374,27,4
135369,32009,0,2
135369,32016,27,4
135369,32062,4,4
135369,32073,14,2
135369,32123b,71,6
135369,32140,0,5
135369,32278,0,2
135369,32348,72,2
135369,32523,27,2
135369,32523,0,6
135369,32524,71,2
135369,32524,27,2
135369,32526,27,1
135369,3708,0,2
135369,3713,4,4
135369,39888,19,2
135369,40490,0,5
135369,41239,72,1
135369,41677,1,4
135369,41678,0,4
135369,42003,71,2
135369,4274,71,1
135369,42924,1,25
135369,43093,1,6
135369,43857,71,2
135369,44294,71,1
135369,4519,71,3
135369,55976,0,4
135369,56145,27,4
135369,60483,0,4
135369,60484,71,3
135369,60485,14,1
135369,61332,0,37
135369,62462,27,2
135369,63869,0,1
135369,65304,27,3
135369,6536,27,3
135369,6587,28,2
135369,71709,0,2
135369,72176,9999,1
135369,75c07,0,1
135369,98138,36,2
135369,99773,0,4
135422,11610,71,1
135422,59900,70,1
135422,87994,70,1
135422,92690,70,1
135456,11408c03pr0001,15,1
135456,2277c01pr0018,15,1
135456,79687,0,1
135456,92198pr0324,1088,1
135457,16925c01pr0009,272,1
135457,90396,0,1
135457,92198pr0325,92,1
135457,92816c05pr0004,92,1
135458,11408c01pr0011,78,1
135458,16925c01pr0138,1,1
135458,23186,84,1
135458,92198pr0036,78,1
135460,11408c03pr0001,15,1
135460,2277c01pr0018,15,1
135460,35620,70,1
135460,92198pr0138,92,1
135461,01675pat0001,484,1
135461,3626cpr3734,78,1
135461,970c11pr2318,19,1
135461,973c02h02pr6114,19,1
135480,36036,84,1
135480,3626cpr2723,78,1
135480,92746,28,1
135480,973c32h02pr5949,73,1
135488,15573,15,1
135488,2412b,15,3
135488,30031,179,2
135488,3004,15,1
135488,3005,15,2
135488,3022,15,1
135488,3023,15,2
135488,3035,71,1
135488,30377,15,2
135488,3062b,27,4
135488,3460,3,1
135488,3464,72,4
135488,36273,3,2
135488,4006,179,1
135488,59900,15,1
135488,6005,15,4
135488,63965,15,1
135488,65886pr0008,272,1
135488,98138pr0275,15,2
135488,98368,272,1
135488,99021,72,1
135499,2412b,14,3
135499,2420,72,2
135499,2420,14,2
135499,2431,0,1
135499,2525,14,1
135499,2817,0,2
135499,3004,0,1
135499,3008,0,2
135499,3010,71,3
135499,3020,14,2
135499,3020,72,5
135499,3021,71,4
135499,3022,0,2
135499,3023,71,2
135499,30237a,14,1
135499,3031,72,1
135499,3034,14,1
135499,30355,72,1
135499,30356,72,1
135499,30363,72,1
135499,3037,71,2
135499,30374,0,1
135499,30374,41,1
135499,30386,0,3
135499,3039pr0002,0,1
135499,30553,0,2
135499,3069b,14,4
135499,32002,72,1
135499,32028,25,2
135499,32123b,71,1
135499,32126,71,1
135499,32140,71,2
135499,3666,72,2
135499,3701,72,1
135499,3705,0,2
135499,3710,71,6
135499,3749,19,1
135499,3894,0,2
135499,4150pr0005,15,1
135499,41747,71,2
135499,41748,71,2
135499,41767,14,1
135499,41768,14,1
135499,41769,14,3
135499,41770,14,3
135499,41883,40,1
135499,4287b,72,2
135499,43719,14,1
135499,43722,72,1
135499,43723,72,1
135499,44300,72,5
135499,44302a,0,2
135499,44568,71,2
135499,44570,14,2
135499,4477,71,2
135499,4589,33,3
135499,48183,71,1
135499,4855,72,1
135499,4868b,71,2
135499,54200,72,2
135499,54383,72,3
135499,54384,72,3
135499,60471,4,1
135499,60474,14,1
135499,60479,14,2
135499,60483,0,1
135499,61184,71,2
135499,6141,0,6
135499,61852,9999,1
135499,6191,71,2
135499,6232,14,2
135499,64567,71,1
135499,6541,72,2
135499,6636,14,4
135507,11602pr0003,379,1
135507,15712,15,1
135507,20482,71,2
135507,3001,15,1
135507,30236,15,1
135507,3032,31,1
135507,3069b,323,2
135507,43898,15,1
135507,4533,71,1
135507,4740,71,1
135507,53020,27,1
135507,59900,52,1
135507,6141,46,1
135507,6256,29,1
135507,87544,15,1
135507,87580,323,1
135507,92410,15,1
135507,93061,71,1
135507,98138pr0018,84,1
135543,10169,84,1
135543,11476,71,2
135543,14682,71,2
135543,15444,15,2
135543,18455,71,2
135543,18937c01,72,1
135543,19001,10,1
135543,2412b,71,1
135543,2412b,36,2
135543,2415,71,2
135543,2431,71,1
135543,2431pr0028,72,1
135543,2431pr0077,15,2
135543,2456,10,1
135543,2495,4,1
135543,2496,0,3
135543,2540,72,1
135543,3001,0,4
135543,3001,1,1
135543,3003,70,4
135543,3004,10,2
135543,3010,25,1
135543,3032,0,1
135543,3040b,15,2
135543,3069b,40,2
135543,3069b,46,2
135543,3069b,182,2
135543,3069bpr0101,71,1
135543,3245cpr0001,10,2
135543,33183,10,1
135543,3829c01,71,1
135543,3836,70,1
135543,4079b,0,1
135543,4175,71,1
135543,4176,47,1
135543,48336,71,2
135543,55981,15,4
135543,59900,182,2
135543,60475b,15,2
135543,6179,14,2
135543,6192b,71,1
135543,64648,179,1
135543,6541,71,2
135543,6636,4,4
135543,87079pr0066,72,1
135543,92280,71,1
135543,92402,0,4
135543,92593,15,3
135543,92926,2,1
135543,93273,14,2
135543,93273,72,1
135543,98280,14,2
135544,11303,1,1
135544,3626cpr1662,14,1
135544,970c28,1,1
135544,973c34h12pr1182,25,1
135546,10100087,9999,1
135546,11153,28,2
135546,11211,72,10
135546,11213,84,1
135546,11458,70,2
135546,11477,326,3
135546,11477,28,16
135546,13547,28,8
135546,14417,72,2
135546,14419,72,4
135546,14704,72,2
135546,14716,0,2
135546,14718,14,1
135546,15068,28,20
135546,15462,70,1
135546,15573,288,5
135546,15712,0,2
135546,18646,28,1
135546,18677,70,4
135546,20482,70,2
135546,2420,84,4
135546,24201,28,2
135546,24299,28,1
135546,24299,0,2
135546,24307,28,1
135546,24307,0,2
135546,24309,28,1
135546,2431pr0156,84,1
135546,25269,28,13
135546,2540,28,2
135546,2654,28,5
135546,26601,484,8
135546,27261,28,10
135546,28192,28,2
135546,28802,84,4
135546,29119,28,6
135546,29120,28,6
135546,3003,29,1
135546,3004,15,3
135546,3020,326,3
135546,3021,84,5
135546,3022,322,3
135546,3022,326,8
135546,3023,47,4
135546,3023,15,6
135546,3023,4,6
135546,3024,0,3
135546,3069b,0,2
135546,3069b,28,11
135546,32001,0,3
135546,32062,0,2
135546,32123b,71,6
135546,32607,326,9
135546,32803,28,3
135546,32828,70,8
135546,33183,70,3
135546,33909,70,2
135546,3460,0,1
135546,35459,0,4
135546,35480,28,19
135546,35789,28,1
135546,3623,326,4
135546,3660,28,2
135546,3666,326,2
135546,36840,84,2
135546,36841,70,2
135546,3700,0,2
135546,3706,0,1
135546,3709,71,1
135546,3710,27,4
135546,3710,84,5
135546,3795,28,6
135546,3941,70,3
135546,3956,0,1
135546,39789,4,1
135546,4070,47,2
135546,4081b,70,1
135546,41769,28,3
135546,41770,28,3
135546,44728,28,6
135546,44861,84,2
135546,4515,0,1
135546,45677,28,3
135546,4865b,28,2
135546,49097,326,2
135546,50950,28,7
135546,51739,28,10
135546,52107,0,4
135546,53585,0,5
135546,54200,28,10
135546,57909b,308,1
135546,59895,0,2
135546,60474,28,1
135546,60479,0,2
135546,6091,0,2
135546,6091,28,3
135546,6111,15,1
135546,6111,4,1
135546,61332,0,2
135546,6141,326,6
135546,64799,0,1
135546,6636,0,1
135546,6636,71,1
135546,67696,308,6
135546,68013,0,4
135546,68568,70,2
135546,69729,0,2
135546,73230,70,2
135546,73825,84,4
135546,75902pr0032,0,2
135546,78256,0,2
135546,85861,71,4
135546,85861,5,4
135546,85943,72,2
135546,85984,326,2
135546,87552,47,2
135546,88704,70,2
135546,89678,72,2
135546,93273,28,5
135546,93604,28,3
135546,98138,84,4
135546,98283,28,5
135546,98313,28,8
135546,99206,1,1
135546,99207,28,1
135546,99780,28,11
135554,11090,0,1
135554,11153,14,2
135554,11211,28,4
135554,11215,0,4
135554,11477,321,4
135554,11477,4,1
135554,13547,0,2
135554,13548,72,6
135554,14419,72,4
135554,14704,71,4
135554,15672,71,4
135554,15712,0,1
135554,18674,28,1
135554,19798,72,3
135554,20482,321,2
135554,20877,0,1
135554,22385,15,2
135554,22385,321,2
135554,22890,72,2
135554,2340,71,2
135554,24086,84,1
135554,2412b,321,2
135554,2419,28,2
135554,2432,321,2
135554,2445,71,1
135554,2496,0,4
135554,2655,71,4
135554,26601,14,2
135554,2736,71,1
135554,28802,72,4
135554,29115,0,1
135554,298c02,1,2
135554,3001,84,1
135554,3010,15,2
135554,3020,72,2
135554,3022,14,1
135554,30228,72,1
135554,3023,41,12
135554,3023,15,1
135554,30359b,14,2
135554,30367c,4,1
135554,3039pr0027,15,1
135554,3039pr0028,15,1
135554,3040b,71,2
135554,3040b,14,2
135554,3040b,41,2
135554,30602,15,2
135554,3062b,4,2
135554,3065,41,1
135554,32828,0,1
135554,33085,14,1
135554,3460,71,4
135554,3626cpr1580,14,1
135554,3626cpr3771,14,1
135554,3666,272,7
135554,3673,14,1
135554,3710,14,3
135554,37775,41,1
135554,3839b,15,2
135554,3899,4,1
135554,3937,15,2
135554,3938,0,2
135554,3941,4,1
135554,3957b,71,1
135554,3957b,14,2
135554,4006,179,1
135554,4032a,15,4
135554,4032a,321,1
135554,41682,14,3
135554,41740,15,4
135554,41811,321,1
135554,4229,1103,2
135554,4285b,14,1
135554,42876,484,1
135554,43898,71,2
135554,44661,15,2
135554,44709,15,1
135554,44861,0,4
135554,4590,72,2
135554,4595,0,2
135554,4733,72,1
135554,4740,182,4
135554,47407,15,1
135554,47407,0,1
135554,48336,297,4
135554,4871,71,3
135554,49656pat0004,72,2
135554,49663pat0001,15,1
135554,49700,321,2
135554,50303,71,1
135554,50943,179,2
135554,50950,15,4
135554,52107,15,1
135554,52501,14,1
135554,53941,71,2
135554,54200,41,3
135554,54200,484,2
135554,54200pr0009,33,1
135554,54383,0,2
135554,54384,0,2
135554,54695,15,1
135554,59443,0,1
135554,59900,297,4
135554,60219,0,2
135554,60478,15,1
135554,60481,72,2
135554,60849,0,1
135554,6091,15,4
135554,6106,0,2
135554,61072,179,2
135554,6126b,182,4
135554,6126b,1003,4
135554,6141,14,2
135554,6233,0,2
135554,63868,71,4
135554,64644,71,2
135554,65886pr0008,272,2
135554,69729,321,2
135554,80326pr0021,15,1
135554,80682,308,1
135554,85543,15,1
135554,85959pat0003,36,2
135554,85984pr0038,15,1
135554,87754,15,1
135554,89159,272,1
135554,89159,82,1
135554,92279,41,2
135554,93106,0,1
135554,95343,71,1
135554,95344,0,1
135554,96874,25,1
135554,970c04,321,1
135554,970c27pr2255,321,1
135554,973c04h01pr5976,321,1
135554,973g04c27h27pr5988,15,1
135554,98100,0,2
135554,98138,0,4
135554,98138pr0186,71,1
135554,98302,72,2
135554,98385,84,1
135554,99563,179,6
135582,11610,19,1
135582,12622c01,4,1
135582,15068,322,2
135582,15397,70,1
135582,15456,71,1
135582,22888,10,1
135582,23969,15,2
135582,23986,15,1
135582,2431,1,4
135582,2432,14,1
135582,24866,4,1
135582,25386,19,1
135582,2821,84,1
135582,3001,73,1
135582,30162,71,1
135582,3020,322,2
135582,3032,14,1
135582,30374,70,2
135582,3062b,15,2
135582,3068b,322,2
135582,3069b,0,2
135582,3069b,36,2
135582,33078,4,1
135582,33909,14,2
135582,3460,1,2
135582,3633,71,5
135582,37775,182,1
135582,3823,47,1
135582,3829c01,15,1
135582,3899,14,1
135582,3899,4,1
135582,4079b,14,2
135582,41740,1,4
135582,41740,15,1
135582,4345b,71,1
135582,4346,47,1
135582,4528,297,1
135582,4865b,15,2
135582,53119,15,1
135582,59900,182,1
135582,6014b,15,6
135582,63082,71,1
135582,65509,15,2
135582,73848pr0001,14,1
135582,84205,15,2
135582,85984,15,2
135582,85984,4,2
135582,85984,323,4
135582,87580,28,2
135582,87697,0,6
135582,88930pr9998,4,1
135582,91526,4,1
135582,92947,70,1
135582,93092,5,1
135582,93160,15,1
135582,93273,71,1
135583,11211,15,4
135583,11291,191,2
135583,11610,19,1
135583,14769,19,2
135583,14769,4,2
135583,14769pr1079,15,1
135583,15068,4,4
135583,15470,29,1
135583,15535,72,3
135583,17485,15,1
135583,18838,4,2
135583,22885,4,1
135583,2412b,4,1
135583,2431,3,1
135583,2432,15,2
135583,2432,4,3
135583,2454b,191,4
135583,2454bpr0011,15,2
135583,24869,72,4
135583,24947,4,1
135583,25061,3,4
135583,25386,19,1
135583,26021,0,2
135583,26599,0,1
135583,26603,4,1
135583,3001,1,1
135583,3001,191,1
135583,3001,4,1
135583,3003,3,2
135583,3003,1,5
135583,3004,191,4
135583,30165,4,2
135583,3020,191,1
135583,3021,4,1
135583,3022,3,2
135583,30222,42,1
135583,3023,15,2
135583,30237b,71,1
135583,3033,27,1
135583,3034,15,2
135583,30367c,4,1
135583,3039,3,2
135583,3039pr0029,15,1
135583,3068b,1,5
135583,3069b,1,2
135583,3069bpr0100,2,1
135583,3069bpr0198,15,1
135583,3245c,1,2
135583,33078,4,1
135583,33909,14,2
135583,3709,4,1
135583,3710,1,1
135583,37352,4,2
135583,3737,0,1
135583,3738,191,2
135583,3941,70,2
135583,3957b,70,1
135583,3960,191,1
135583,41948,27,1
135583,4345b,3,1
135583,4346,47,1
135583,44728,71,1
135583,44865,71,2
135583,44865,4,2
135583,4495b,1,2
135583,4533,41,1
135583,46212,41,2
135583,47905,72,1
135583,60477,4,4
135583,6187,0,2
135583,6215,191,2
135583,6232,71,2
135583,63965,15,1
135583,64225pr9999,4,2
135583,64449,3,2
135583,65138,0,2
135583,65138,4,1
135583,6636,1,2
135583,67446,72,3
135583,67687,71,2
135583,72454,15,2
135583,74166,27,1
135583,74169,0,2
135583,78256,71,1
135583,85984,1,2
135583,87079pr0282,15,4
135583,87081,15,1
135583,87580,3,2
135583,87994,71,1
135583,88293,0,2
135583,90258,72,1
135583,92410,4,1
135583,93273,191,2
135583,93594,179,4
135583,98100,297,1
135584,10509pr0007,19,1
135584,11476,4,1
135584,11610,484,2
135584,13564,15,2
135584,14704,71,4
135584,14716,71,1
135584,14769,4,1
135584,15068,15,1
135584,15068,191,2
135584,15209,15,4
135584,15456,0,4
135584,15533,84,1
135584,15573,297,1
135584,15626pr0012,71,1
135584,16577,72,2
135584,18041,297,3
135584,18980,71,2
135584,22889,4,1
135584,2343,297,2
135584,23443,320,1
135584,23969,41,2
135584,2397,0,1
135584,2412b,297,4
135584,2417,2,1
135584,2431,4,2
135584,2456,19,1
135584,24866,10,2
135584,2489,70,1
135584,26599,71,1
135584,26603,4,1
135584,26603,19,2
135584,2877,14,2
135584,3001,72,6
135584,3001,4,1
135584,3003,70,1
135584,3004,3,7
135584,3004,19,4
135584,3008,3,2
135584,3010,84,1
135584,30136,70,2
135584,30137,70,1
135584,30150,84,1
135584,30153,46,1
135584,30153,36,1
135584,30153,33,1
135584,3020,84,2
135584,3020,4,1
135584,3021,0,1
135584,3022,71,2
135584,3023,70,4
135584,3023,19,3
135584,30237b,15,1
135584,3031,19,1
135584,3035,71,1
135584,3062b,46,1
135584,3068b,70,1
135584,3245c,72,1
135584,33172,25,1
135584,33183,10,2
135584,33243,191,2
135584,34103,3,1
135584,3460,71,1
135584,34816,71,4
135584,35480,15,1
135584,35563,4,2
135584,3622,4,1
135584,3623,191,4
135584,3678b,4,1
135584,3678b,70,2
135584,3710,71,2
135584,37352pr0016,4,1
135584,37776,297,1
135584,3795,70,1
135584,3852b,191,1
135584,38547,191,2
135584,40379,4,1
135584,4079b,4,1
135584,41854,4,1
135584,41948,27,2
135584,42947,0,1
135584,4342,19,1
135584,43888,71,4
135584,44358,71,1
135584,44728,4,1
135584,4489b,70,2
135584,4495b,191,3
135584,4499,70,1
135584,4528,297,1
135584,4738c,70,1
135584,4739a,70,1
135584,47457,4,6
135584,4865b,15,2
135584,50304,71,1
135584,51270,25,2
135584,60470b,0,2
135584,6066,3,2
135584,6124,45,1
135584,6182,84,2
135584,6215,4,1
135584,6232,19,1
135584,6259,71,2
135584,62808,297,1
135584,65509,191,2
135584,74166,27,1
135584,74169,0,1
135584,76764,179,1
135584,78256,15,4
135584,85984,71,3
135584,86876,71,1
135584,87079,71,1
135584,87926pr0005,71,2
135584,88072,14,2
135585,12602,15,2
135585,16697,0,1
135585,21238pr0001,4,1
135585,21239pr0002,30,1
135585,25981,15,1
135585,27372pr0012,4,1
135585,27383,27,1
135585,29139,15,1
135585,29141,321,1
135585,29306,5,1
135585,29306,25,1
135585,29306,27,1
135585,35087,25,1
135585,35114,15,1
135585,35114,4,2
135585,35515pr0160,1,1
135585,35964,322,2
135585,37628,10,1
135585,40666,15,1
135585,40666,4,1
135585,40666,1,1
135585,44524,1,2
135585,49989pr0001,15,1
135585,51703,182,1
135585,51703,41,1
135585,76371,321,4
135585,76371pr0204,15,1
135585,79793,1,1
135585,79794,71,1
135585,80166,4,1
135585,87084,4,1
135585,89398,10,1
135585,98233,15,1
135585,98233,321,1
135586,40666,323,1
135586,40666,226,1
135586,6399196,9999,1
135586,64146pr0002,14,1
135586,6474,71,1
135586,6474,41,1
135586,6510,27,1
135586,6510,1050,1
135586,84194,27,1
135586,89879pr0002,71,1
135586,98225,84,1
135587,11170,226,2
135587,23738c01,71,1
135587,23739pr0001,71,1
135587,3437,71,3
135587,3437,226,1
135587,35088,322,1
135587,40666,14,3
135587,43852,14,1
135587,43852,323,1
135587,43852,30,1
135587,43877pr0001,71,1
135587,4672,226,1
135587,52259,25,1
135587,6399198,9999,1
135587,6474,71,4
135587,6510,1050,1
135587,6510,323,1
135587,6510,85,1
135587,6510,27,1
135587,70676,71,1
135587,76371,71,1
135587,84190pr0001,27,1
135587,98218,322,1
135587,98223,1050,1
135587,98233,71,1
135588,11169,84,1
135588,25549,71,1
135588,29304,71,2
135588,29304,27,1
135588,29304,322,1
135588,3011,84,2
135588,31059,10,2
135588,3437,158,1
135588,3437,72,6
135588,3437,84,2
135588,35088,323,1
135588,40666,323,1
135588,43872pr0001,14,1
135588,43909pr0013,0,1
135588,44524,10,1
135588,54528pr0005,191,1
135588,60364bpr0002,484,2
135588,6399199,9999,1
135588,6510,5,1
135588,6510,10,2
135588,6510,27,2
135588,65109,84,1
135588,70676,71,7
135588,76371,47,1
135588,76371,71,2
135588,76371,84,1
135588,84189pr0001,27,1
135588,84191,84,1
135588,84193,10,1
135588,84193,27,4
135588,84195,29,2
135588,84195,14,2
135588,84195,1050,2
135588,84195,4,2
135588,84720pr0001,84,1
135588,87084,84,1
135588,89157,2,1
135588,89278,14,2
135588,98222,323,1
135588,98222,27,1
135588,98252,84,3
135588,98252,72,1
135588,98759pr0002,15,1
135589,12146,15,1
135589,14721,27,2
135589,14721,70,1
135589,1486c01,84,1
135589,15515,158,1
135589,15515,10,2
135589,15515,27,2
135589,16434,191,1
135589,16598,70,1
135589,23742,10,2
135589,27370pr0017,322,1
135589,27370pr0018,226,1
135589,29304,27,3
135589,29304,322,1
135589,29304,70,2
135589,3011,71,1
135589,3011,70,3
135589,3437,84,1
135589,3437,71,8
135589,3437,70,3
135589,35088,322,1
135589,38834pr0001,25,1
135589,40666,322,1
135589,40666,4,1
135589,40666,71,1
135589,49989pr0002,15,1
135589,51704,71,1
135589,54528pr0004,25,1
135589,60364bpr0009,84,1
135589,61649,70,1
135589,6399200,9999,1
135589,6474,15,3
135589,6474,72,2
135589,6474,41,5
135589,70676,71,3
135589,84191,70,1
135589,84195,4,9
135589,84195,29,9
135589,84195,1050,10
135589,84713pr0002,484,2
135589,89157,2,1
135589,89873pr0003,71,1
135589,89879pr0002,71,1
135589,98218,70,2
135589,98222,27,2
135589,98222,70,1
135589,98225,84,5
135589,98225,70,1
135589,98225pr0007,27,5
135589,98252,70,6
135590,12146,15,1
135590,12937pr0001,15,1
135590,1486c01,84,1
135590,15515,158,3
135590,15515,27,4
135590,16598,484,1
135590,18115pr0001,484,1
135590,19034,484,1
135590,19039,484,1
135590,27370pr0019,4,1
135590,29304,10,2
135590,29304,27,3
135590,29304,322,2
135590,29304,226,3
135590,3011,15,1
135590,3011,70,6
135590,31059,10,1
135590,3437,15,2
135590,3437,70,3
135590,3437,72,1
135590,3437,41,2
135590,3437,84,5
135590,3437pr0166,84,1
135590,35088,15,1
135590,40666,10,1
135590,40666,15,1
135590,43872pr0001,14,1
135590,43909pr0012,85,1
135590,44524,10,1
135590,44524,27,3
135590,49989pr0002,15,1
135590,54528pr0006,191,1
135590,60364bpr0002,484,1
135590,61649,226,1
135590,64150pr0002,0,1
135590,6418282,9999,1
135590,64402pr0001,14,1
135590,6474,15,2
135590,6510,25,1
135590,6510,322,2
135590,6510,27,3
135590,70676,71,2
135590,70676,19,1
135590,73409pr0001,71,1
135590,76371,19,1
135590,76371,71,1
135590,84189pr0001,27,1
135590,84190pr0001,27,1
135590,84191,70,2
135590,84191,84,2
135590,84192,10,2
135590,84193,10,1
135590,84193,27,2
135590,84194,27,7
135590,84195,14,2
135590,84195,1050,6
135590,84195,4,5
135590,84195,29,5
135590,84210pr0001,15,2
135590,84713pr0003,71,1
135590,87084,84,2
135590,87960pr0002,191,1
135590,89278,14,1
135590,89873pr0003,71,1
135590,89879pr0002,71,1
135590,98218,70,2
135590,98218,322,1
135590,98223,226,1
135590,98225,84,4
135590,98225pr0007,27,1
135590,98233,70,3
135590,98233,71,2
135590,98252,70,4
135590,98252,84,2
135590,98759pr0002,15,1
135591,11854pr0001,15,1
135591,1480c01pb0c02pr0001,71,1
135591,1480c01pr0001,191,1
135591,3011,323,1
135591,31110pr0156,226,1
135591,31110pr0157,226,1
135591,31110pr0158,1050,1
135591,31333,15,1
135591,40666,15,2
135591,40666,226,1
135591,40666,1050,1
135591,72134,1055,1
135591,79788pr0002,191,1
135591,84196pr0001,71,1
135591,87326,322,1
135591,98223,158,1
135591,98223,27,1
135591,98223,323,1
135591,98223pr0015,15,1
135591,98224,27,1
135591,98225,84,1
135592,01648pr0001,15,1
135592,1126,84,3
135592,18787,322,1
135592,2357,70,2
135592,2453b,70,2
135592,24866,10,4
135592,24866,14,1
135592,24946,19,1
135592,26599,0,1
135592,3001,321,7
135592,3001,70,2
135592,3001,71,1
135592,3003,19,1
135592,3003,484,13
135592,3003,71,1
135592,3003,70,1
135592,3004,484,2
135592,3004,26,3
135592,3004,15,2
135592,3004pr0014,84,2
135592,3005,321,1
135592,3005,484,2
135592,3008,321,2
135592,3020,70,2
135592,3020,15,1
135592,3020,14,2
135592,3021,15,1
135592,3022,15,2
135592,3022,70,1
135592,3022,484,1
135592,3023,28,1
135592,3023,15,1
135592,3024,182,1
135592,3024,46,1
135592,3024,0,2
135592,3030,15,2
135592,3034,15,1
135592,3036,15,1
135592,3036,10,2
135592,3039,33,1
135592,3062b,27,4
135592,3068b,15,1
135592,3068bpr0236,84,1
135592,3068bpr0299,15,1
135592,3069b,26,3
135592,3069b,484,2
135592,3069b,15,2
135592,32028,15,1
135592,33183,191,2
135592,33183,10,2
135592,33909,15,1
135592,3795,484,1
135592,3795,70,1
135592,3937,15,1
135592,3938,71,1
135592,3958,71,4
135592,4032a,0,3
135592,4216,15,2
135592,44865,19,1
135592,4727,10,1
135592,4738c,84,1
135592,60475b,70,2
135592,60478,70,2
135592,6141,15,1
135592,61780,70,1
135592,65509,10,3
135592,65509,72,2
135592,80835,84,1
135592,86996,484,2
135592,87079,15,1
135592,87079,4,2
135592,87580,10,2
135592,87580,70,5
135592,87580,33,1
135592,95343,71,1
135592,95344,28,1
135592,98138pr0018,84,1
135593,11211,72,1
135593,1126,19,1
135593,18787,1103,1
135593,18788,297,1
135593,19119,320,1
135593,2357,0,1
135593,2357,25,1
135593,2456,0,1
135593,24866,4,16
135593,2654,72,1
135593,26599,71,1
135593,26603,0,1
135593,3001,0,6
135593,3003,297,2
135593,3003,0,15
135593,3003,308,4
135593,3003,320,1
135593,3004,0,1
135593,3004pr0036,15,2
135593,3005,0,2
135593,3005,182,1
135593,3006,0,1
135593,3010,0,1
135593,3020,3,1
135593,3020,320,5
135593,3020,72,1
135593,3020,0,13
135593,3022,0,7
135593,3022,320,1
135593,3022,4,1
135593,3022,25,3
135593,3023,0,4
135593,3024,320,4
135593,3024,182,2
135593,3024,3,2
135593,3024,41,2
135593,3024,4,2
135593,3024,0,8
135593,3024,47,2
135593,3032,25,1
135593,3032,3,1
135593,3032,71,1
135593,3033,25,1
135593,3034,0,1
135593,3035,0,2
135593,3036,0,2
135593,3068b,4,1
135593,3298,25,1
135593,3460,0,2
135593,3710,308,6
135593,3795,25,1
135593,3795,0,1
135593,41685pat0002,15,1
135593,4738c,84,1
135593,58176,4,4
135593,60475b,72,1
135593,6141,179,2
135593,6141,297,12
135593,6141,15,2
135593,6232,72,1
135593,64644,308,2
135593,65509,72,1
135593,65510,70,1
135593,80835,84,1
135593,85861,320,2
135593,87079,25,1
135593,87580,320,1
135593,87580,297,2
135593,87580,71,7
135593,87580,3,2
135593,87580,0,5
135593,87580,72,10
135593,87580,182,2
135593,88704,70,1
135593,90258,72,9
135593,91405,25,1
135593,99563,1103,5
135594,11212,15,4
135594,1126,19,1
135594,11476,71,2
135594,14716,484,16
135594,14716,71,6
135594,18787,322,1
135594,18788,179,1
135594,18792,70,2
135594,20482,47,3
135594,22388,71,1
135594,2357,15,8
135594,23969,0,2
135594,2445,15,1
135594,24855,2,2
135594,25269,71,2
135594,2639,15,2
135594,26603pr0088,71,1
135594,28621,36,2
135594,28621,41,1
135594,2877,15,10
135594,3001,73,7
135594,3001,15,5
135594,3002,15,2
135594,3003,484,1
135594,3003,73,40
135594,3003,15,48
135594,3004,73,4
135594,3004,1,4
135594,3004,484,3
135594,3004,15,10
135594,3004pr0014,84,2
135594,3005,15,2
135594,3005,484,8
135594,3005,73,2
135594,3008,71,3
135594,3010,484,2
135594,3020,212,2
135594,3020,378,1
135594,3021,72,1
135594,3021,15,16
135594,3022,72,4
135594,3022,212,2
135594,3022,0,1
135594,3022,15,2
135594,3023,0,1
135594,3023,1,2
135594,3023,15,12
135594,3024,41,4
135594,3024,0,10
135594,3024,71,23
135594,3024,47,4
135594,3024,15,4
135594,3029,15,2
135594,3036,73,2
135594,3036,15,1
135594,3068bpr0236,84,1
135594,3068bpr0637,85,4
135594,3069b,71,2
135594,3069b,484,4
135594,3069b,0,1
135594,32952,71,2
135594,33909,484,1
135594,3460,71,3
135594,3622,71,2
135594,3622,484,2
135594,3622,15,2
135594,3623,71,2
135594,3666,15,4
135594,3700,71,4
135594,3710,15,1
135594,3795,15,8
135594,3795,212,6
135594,3957b,14,1
135594,4032a,0,4
135594,4070,72,6
135594,41740,15,2
135594,4697b,0,3
135594,4733,0,1
135594,4738c,84,1
135594,58176,4,1
135594,59900,71,2
135594,60470b,71,4
135594,6112,15,2
135594,61184,71,2
135594,6141,70,2
135594,6141,33,3
135594,62113,84,6
135594,65509,484,5
135594,65509,15,4
135594,65510,70,1
135594,79194,47,1
135594,80835,84,1
135594,85861,0,1
135594,86876,15,6
135594,87079,212,3
135594,87552,484,2
135594,87580,484,6
135594,87580,15,28
135594,87580,0,1
135594,87580,378,2
135594,87580,212,13
135594,87580,72,2
135594,91405,85,1
135594,92438,378,1
135594,95343,71,1
135594,95344,28,1
135595,11090,70,1
135595,11211,70,2
135595,1126,19,1
135595,14716,19,8
135595,14716,71,2
135595,14716,15,14
135595,15533,72,3
135595,15573,70,2
135595,15573,72,2
135595,15573,19,1
135595,15712,297,1
135595,15712,0,1
135595,18787,322,1
135595,18788,179,1
135595,18791,72,1
135595,19727pr0020,29,1
135595,19729pr0006,2,1
135595,22886,15,2
135595,2357,28,2
135595,2357,71,6
135595,2420,84,2
135595,2420,2,20
135595,2420,1,4
135595,2431,84,2
135595,2445,15,2
135595,2445,71,6
135595,2456,71,10
135595,2456,72,2
135595,2456,19,1
135595,2456,15,12
135595,2456,1,5
135595,24855,2,4
135595,24866,31,1
135595,24866,4,6
135595,24866,30,6
135595,24866,2,12
135595,3001,15,37
135595,3001,71,15
135595,3001,72,3
135595,3001,70,6
135595,3001,84,13
135595,3001,1,8
135595,3001,288,8
135595,3002,71,6
135595,3002,15,6
135595,3003,70,1
135595,3003,15,103
135595,3003,71,11
135595,3003,84,12
135595,3003,14,13
135595,3003,4,6
135595,3003,288,1
135595,3003,72,6
135595,3003,1,6
135595,3003,0,2
135595,3004,15,16
135595,3004,84,11
135595,3004,25,1
135595,3004,71,8
135595,3004pr0014,84,2
135595,3004pr0020,72,1
135595,3004pr0021,72,1
135595,3004pr0090,72,1
135595,3005,19,2
135595,3005,1,2
135595,3005,27,2
135595,3005,84,14
135595,3005,71,3
135595,3007,71,2
135595,3007,15,4
135595,3008,15,2
135595,3008,71,2
135595,3010,15,11
135595,3010,1,1
135595,3020,26,2
135595,3020,70,3
135595,3020,326,3
135595,3020,19,7
135595,3020,2,3
135595,3020,3,2
135595,3020,71,8
135595,3020,84,4
135595,3020,72,2
135595,3020,1,26
135595,3020,15,15
135595,3021,484,1
135595,3021,1,2
135595,3021,71,6
135595,3021,14,2
135595,3022,15,9
135595,3022,71,3
135595,3022,4,3
135595,3022,1,5
135595,3022,14,5
135595,3022,70,1
135595,3022,84,18
135595,3023,484,3
135595,3023,71,1
135595,3023,0,2
135595,3023,15,8
135595,3023,2,1
135595,3023,29,1
135595,3024,182,2
135595,3024,46,2
135595,3024,19,1
135595,3024,191,1
135595,3024,0,6
135595,3024,297,2
135595,3024,15,3
135595,3024,2,4
135595,3024,4,4
135595,3028,2,6
135595,3031,84,2
135595,3031,1,2
135595,3031,15,3
135595,3031,2,2
135595,3033,15,4
135595,3033,71,2
135595,3034,288,2
135595,3034,71,3
135595,3034,84,2
135595,3034,15,8
135595,3034,19,2
135595,3035,84,1
135595,30350bpr0014,0,1
135595,3036,72,2
135595,3036,1,1
135595,3036,84,1
135595,30363,15,1
135595,3039,4,1
135595,3068b,14,6
135595,3068b,484,3
135595,3068b,3,2
135595,3068b,15,12
135595,3068b,4,6
135595,3068b,1,22
135595,3068bpr0236,84,1
135595,3068bpr0590,19,1
135595,3069b,84,2
135595,3069b,15,1
135595,3069b,4,7
135595,3069b,484,4
135595,3069b,1,6
135595,3069b,14,18
135595,3069b,288,6
135595,3069b,71,1
135595,3070b,70,2
135595,3070b,84,2
135595,3070bpr0242,19,1
135595,3070bpr0246,15,1
135595,3070bpr0246,19,1
135595,32028,71,4
135595,3245c,15,8
135595,3245c,1,4
135595,33183,191,2
135595,33183,10,2
135595,33909,15,1
135595,35480,28,2
135595,3710,2,1
135595,37775,182,2
135595,3795,84,2
135595,3795,70,2
135595,3795,1,26
135595,3795,4,7
135595,3795,15,4
135595,3795,484,1
135595,3795,19,4
135595,3795,71,6
135595,3830,15,2
135595,3830,71,2
135595,3831,15,2
135595,3831,71,2
135595,3832,71,1
135595,3832,1,6
135595,4032a,0,13
135595,4070,15,2
135595,41682,70,1
135595,4216,484,2
135595,4216,19,2
135595,4697b,71,1
135595,4733,15,1
135595,48336,2,6
135595,48336,1,6
135595,54200,19,1
135595,54200,73,2
135595,60470b,2,3
135595,60470b,4,6
135595,60475b,84,2
135595,60478,70,2
135595,60581,41,1
135595,6111,15,2
135595,6141,70,26
135595,6141,33,1
135595,6141,72,4
135595,6141,71,16
135595,6141,19,4
135595,6141,15,4
135595,6223,33,2
135595,63965,28,1
135595,65509,19,1
135595,65510,70,1
135595,69729,70,2
135595,73233pr0003,15,1
135595,73233pr0004,484,1
135595,79194,47,1
135595,85861,70,4
135595,86996,15,2
135595,86996,484,1
135595,87079,1,12
135595,87079,4,1
135595,87079,14,1
135595,87079,19,6
135595,87079,15,6
135595,87079,70,9
135595,87580,72,19
135595,87580,4,7
135595,87580,1,36
135595,87580,14,2
135595,87580,2,16
135595,87580,3,2
135595,87580,26,2
135595,87580,71,8
135595,87580,33,4
135595,87580,326,6
135595,87580,84,22
135595,87580,70,1
135595,87580,15,14
135595,91405,2,1
135595,91405,19,1
135595,92438,326,2
135595,92438,19,1
135595,96874,25,1
135595,98138,35,1
135595,98138pr0071,179,1
135595,98138pr0088,19,1
135595,98283,72,1
135595,99206,70,2
135595,99207,0,2
135595,99780,0,4
135595,99780,70,2
135595,99780,1,2
135596,10100445,9999,1
135596,11090,0,4
135596,11153,25,2
135596,11153,14,2
135596,11211,15,5
135596,11610,484,2
135596,14716,70,4
135596,15070,4,1
135596,15573,15,3
135596,15672,320,10
135596,15712,0,4
135596,18653,0,2
135596,18674,28,3
135596,18853,191,1
135596,20482,15,5
135596,23443,71,1
135596,2357,15,2
135596,23969,72,2
135596,2412b,19,2
135596,2412b,72,7
135596,2423,2,2
135596,24246,15,10
135596,2431,72,2
135596,24314c01,47,2
135596,24866,2,2
135596,24866,29,6
135596,2540,71,4
135596,26047,70,2
135596,28621,46,1
135596,28802,15,2
135596,28974,70,1
135596,29119,322,1
135596,29120,322,1
135596,2926,0,1
135596,298c02,4,1
135596,3001,71,6
135596,30031,71,1
135596,3004,326,10
135596,3004,29,1
135596,3004,78,9
135596,3005,326,8
135596,3005,78,22
135596,3005,15,16
135596,3010,78,13
135596,3010,326,6
135596,3010,15,4
135596,30136,84,2
135596,30136,15,12
135596,3020,84,1
135596,3020,14,2
135596,3021,0,5
135596,3021,71,3
135596,3022,19,2
135596,3023,72,7
135596,3023,84,2
135596,30237b,71,3
135596,3024,15,8
135596,3030,71,7
135596,3032,71,1
135596,3034,70,1
135596,30367c,14,1
135596,30367c,70,1
135596,30367c,27,1
135596,30367c,26,1
135596,30374,297,2
135596,3039,320,2
135596,3039,272,6
135596,3040bpr0013,15,1
135596,3062b,322,2
135596,3062b,70,4
135596,3062b,25,3
135596,3062b,14,2
135596,3065,45,1
135596,3068b,4,1
135596,3068b,0,2
135596,3068bpr0364,15,1
135596,3068bpr0445,19,1
135596,3070b,71,2
135596,32000,15,6
135596,32028,0,2
135596,32606,5,1
135596,32607,10,6
135596,32828,0,2
135596,33909,70,7
135596,34103,19,4
135596,34172,15,2
135596,35480,28,3
135596,35480,71,6
135596,35787,2,2
135596,35787,27,2
135596,3666,71,1
135596,3666,70,3
135596,36840,72,2
135596,36841,71,2
135596,3710,19,3
135596,37494,0,1
135596,37695,10,2
135596,3830,71,1
135596,3830,15,1
135596,3831,15,1
135596,3831,71,1
135596,3832,71,1
135596,3836,70,1
135596,3942c,19,1
135596,3957b,0,4
135596,4006,179,1
135596,4032a,0,2
135596,4070,71,7
135596,4081b,15,2
135596,41539,71,1
135596,4162,72,2
135596,41682,0,1
135596,41740,0,3
135596,41740,15,8
135596,41740,71,12
135596,41740,84,2
135596,4216,70,3
135596,43093,1,1
135596,4477,71,1
135596,44861,72,2
135596,4490,19,1
135596,4528,179,1
135596,4599b,71,3
135596,4740,0,2
135596,47905,19,2
135596,48336,15,4
135596,48729b,71,1
135596,49307,84,6
135596,49307,322,1
135596,49307,15,3
135596,49668,191,1
135596,50015,15,1
135596,52107,28,1
135596,54200,0,2
135596,57585,71,1
135596,59230,19,1
135596,59900,0,1
135596,59900,41,2
135596,59900,19,1
135596,6020,84,1
135596,60470b,0,1
135596,60593,15,9
135596,60594,70,1
135596,60596,15,2
135596,60602,47,9
135596,60616b,47,1
135596,60623,70,1
135596,6111,15,2
135596,61252,297,4
135596,61332,0,1
135596,6141,46,2
135596,6141,1,2
135596,6141,26,2
135596,6141,0,7
135596,6141,27,1
135596,6141,70,5
135596,6141,14,3
135596,6180,0,1
135596,6223,47,1
135596,63864,2,1
135596,63868,71,3
135596,63965,71,2
135596,65509,70,2
135596,66909,0,1
135596,70681,288,4
135596,70681,10,4
135596,78666,15,2
135596,78666,320,6
135596,79735,28,1
135596,79757,15,4
135596,79811,179,1
135596,80326,4,2
135596,80497,308,1
135596,85861,71,3
135596,85975,70,1
135596,85984,272,2
135596,87079,4,2
135596,87079,15,1
135596,87552,47,2
135596,87580,15,2
135596,87580,72,2
135596,90194,4,1
135596,92851,47,1
135596,93273,70,1
135596,95270,28,2
135596,98138pr0186,71,2
135596,99206,4,2
135596,99563,15,2
135596,99780,0,5
135596,99781,15,2
135597,10190,3,4
135597,10190,0,6
135597,11153,322,2
135597,11153,70,4
135597,11211,28,8
135597,11211,0,4
135597,11211,4,22
135597,11212,0,2
135597,11214,4,1
135597,11476,484,1
135597,11477,70,1
135597,11477,272,16
135597,11477,3,12
135597,11610,484,4
135597,13547,70,4
135597,14395,70,4
135597,14417,72,1
135597,14418,71,2
135597,14716,70,2
135597,15068,191,1
135597,15068,322,13
135597,15535,19,2
135597,15672,19,10
135597,15712,3,4
135597,15712,0,6
135597,18031,179,1
135597,18674,72,8
135597,18677,70,2
135597,20482,0,4
135597,22388,71,9
135597,22484,72,2
135597,2412b,85,5
135597,2412b,19,2
135597,2420,19,2
135597,2420,272,2
135597,24201,191,5
135597,2431,272,2
135597,2445,70,4
135597,2450,272,4
135597,2453b,70,2
135597,2489,70,1
135597,25269,191,4
135597,25269,484,1
135597,25269,3,4
135597,25269,70,12
135597,26047,0,5
135597,2654,4,3
135597,2654,70,1
135597,2654,1,9
135597,26599,0,1
135597,26604,191,2
135597,27263,70,4
135597,2736,71,1
135597,27507,70,8
135597,27925,15,8
135597,27925,4,4
135597,27925,0,4
135597,27925,191,8
135597,27925,321,4
135597,27925,2,4
135597,27965,84,6
135597,2825,0,2
135597,2877,19,3
135597,28802,72,8
135597,29119,191,1
135597,29119,272,6
135597,29120,272,6
135597,29120,191,1
135597,3001,15,1
135597,3001,0,1
135597,3004,15,2
135597,30043,0,4
135597,3008,70,2
135597,30136,70,9
135597,30137,84,12
135597,30153,36,1
135597,30153,34,1
135597,30165,322,4
135597,3020,0,25
135597,3021,2,12
135597,3021,322,3
135597,3021,70,14
135597,3021,4,1
135597,3022,322,6
135597,3022,191,4
135597,3022,70,5
135597,3022,71,20
135597,3023,322,18
135597,3023,70,22
135597,3023,191,13
135597,3023,4,2
135597,3023,1,2
135597,3023,72,20
135597,3024,70,4
135597,3028,70,1
135597,3030,0,1
135597,3031,0,2
135597,3034,28,10
135597,3035,15,4
135597,30363,70,2
135597,3037,14,10
135597,3039,14,4
135597,30414,15,2
135597,30414,0,20
135597,30414,4,8
135597,3043,484,2
135597,30565,70,8
135597,30565,0,4
135597,3062b,70,4
135597,3062b,71,6
135597,3068b,3,4
135597,3069b,322,2
135597,3069b,0,5
135597,3176,70,2
135597,32000,71,6
135597,32001,71,1
135597,32034,72,5
135597,32062,4,5
135597,32064a,0,1
135597,32123b,14,3
135597,32124,0,1
135597,32293,0,2
135597,32348,0,3
135597,32803,3,1
135597,3297,272,10
135597,3298,272,4
135597,34103,84,4
135597,3460,15,2
135597,35480,320,1
135597,35480,28,12
135597,3623,4,2
135597,3660,70,10
135597,3666,70,1
135597,3666,272,2
135597,36840,1,2
135597,36840,191,2
135597,36841,71,4
135597,3708,4,2
135597,3710,322,1
135597,3713,71,5
135597,37352,191,1
135597,3738,84,1
135597,3795,15,2
135597,3795,70,7
135597,3795,322,1
135597,3832,0,14
135597,3899,15,1
135597,3957b,70,6
135597,3957b,0,1
135597,3958,70,2
135597,4032a,70,1
135597,40379,19,2
135597,40379,3,1
135597,4070,28,2
135597,4081b,72,6
135597,41682,191,1
135597,41740,0,2
135597,41747,14,2
135597,41748,14,2
135597,41749,272,2
135597,41750,272,2
135597,41769,70,2
135597,41769,4,1
135597,41770,4,1
135597,41770,70,2
135597,4274,71,4
135597,4286,378,20
135597,42918,15,4
135597,42918,4,5
135597,42924,1,4
135597,43093,1,3
135597,43722,0,2
135597,43723,0,2
135597,44301b,71,4
135597,44709,0,2
135597,4519,71,5
135597,4733,70,1
135597,47455,72,4
135597,47905,4,3
135597,48171,0,4
135597,48172,0,2
135597,49151,0,1
135597,49307,3,11
135597,49307,84,1
135597,49668,182,2
135597,51739,3,4
135597,53451,28,8
135597,53451,0,2
135597,53454,179,3
135597,53540,72,4
135597,54657,0,4
135597,59443,0,3
135597,59900,0,3
135597,6003,0,4
135597,60474,0,8
135597,60478,70,2
135597,6060,4,10
135597,6060,70,4
135597,6060,15,8
135597,60897,85,4
135597,6091,191,2
135597,6141,297,2
135597,6141,19,24
135597,62462,70,7
135597,63868,28,4
135597,63868,4,1
135597,64647,182,4
135597,64648,179,2
135597,64847,15,2
135597,6536,72,1
135597,65886,0,4
135597,6636,84,3
135597,66906,0,4
135597,68888,70,1
135597,69729,15,4
135597,69729,4,5
135597,69858,320,1
135597,73825,0,1
135597,78258,72,8
135597,78666,191,2
135597,80015,0,12
135597,85543,15,1
135597,85861,0,13
135597,85943,72,3
135597,85984,378,8
135597,85984,70,12
135597,87083,72,1
135597,87087,0,6
135597,87580,322,7
135597,87747,15,2
135597,87994,70,3
135597,88072,70,4
135597,90258,484,2
135597,92950,70,2
135597,93789,179,1
135597,96874,25,1
135597,98138,71,3
135597,99206,19,4
135597,99206,70,32
135597,99780,0,24
135597,99781,14,3
135597,99781,3,12
135598,11211,15,1
135598,11241pr0008,15,1
135598,11618,31,1
135598,13770,297,1
135598,14226c11,0,1
135598,15573,26,1
135598,15624,84,1
135598,15627pr0019,19,1
135598,18920,179,1
135598,23969,41,1
135598,2454b,19,2
135598,24866,191,3
135598,24866,15,1
135598,2821,84,1
135598,3003,19,1
135598,3003,272,1
135598,3004,84,1
135598,3010,19,1
135598,30237b,19,3
135598,3034,19,1
135598,30363,272,2
135598,3062b,31,1
135598,3069b,26,1
135598,3069b,191,2
135598,32607,10,3
135598,33051,10,1
135598,33303,15,1
135598,3666,27,1
135598,3710,84,1
135598,3710,26,3
135598,3852b,191,1
135598,41948,27,1
135598,4349,72,1
135598,4495b,191,1
135598,49153,15,1
135598,6126b,41,1
135598,66857,19,1
135598,80674,191,1
135598,87081,26,1
135598,88072,19,1
135599,14716,15,1
135599,14769,4,1
135599,14769pr1070,19,2
135599,15068,2,2
135599,15254,19,1
135599,15533,84,3
135599,18653,84,2
135599,18674,72,1
135599,20309,15,1
135599,20482,47,1
135599,22888,19,1
135599,23969,15,2
135599,2423,2,4
135599,2431,84,1
135599,2453b,15,1
135599,2454b,15,3
135599,24593,3,1
135599,24866,2,1
135599,24866,31,4
135599,2496,10,2
135599,3001,3,1
135599,3003,71,1
135599,3004,226,1
135599,3004,15,1
135599,3004,25,1
135599,3005,71,2
135599,3005,15,1
135599,3005,84,2
135599,3005,19,3
135599,3010,19,2
135599,3010,3,1
135599,30136,84,1
135599,3022,4,1
135599,3023,4,1
135599,3023,3,1
135599,30237b,15,1
135599,3028,19,1
135599,3034,4,1
135599,30357,14,1
135599,3039,3,2
135599,3040bpr0013,15,1
135599,30565,19,1
135599,3062b,3,3
135599,3062b,4,1
135599,3068b,72,1
135599,3068bpr0019,15,1
135599,3069b,84,2
135599,3069b,15,2
135599,3069b,226,2
135599,33183,10,4
135599,3623,4,1
135599,3659,3,1
135599,3700,15,1
135599,3899,47,1
135599,3941,3,2
135599,3941,4,2
135599,40066,226,3
135599,40527,15,2
135599,41948,27,1
135599,42511,25,1
135599,43093,1,1
135599,46303,26,1
135599,50950,3,2
135599,54200,14,1
135599,59900,182,2
135599,60474,4,1
135599,60475b,72,1
135599,60477,4,2
135599,61409,179,1
135599,6141,0,1
135599,6215,15,2
135599,6215,4,1
135599,6215,3,2
135599,6254,15,1
135599,67810,4,2
135599,71752,19,1
135599,79811,27,1
135599,80674,191,1
135599,85080,3,2
135599,85984,3,1
135599,87087,14,4
135599,87580,15,2
135599,87580,2,2
135599,87585,70,1
135599,87620,71,2
135599,98138,4,2
135599,98138,320,1
135599,98138pr0185,179,1
135600,01501,9999,1
135600,10247,71,2
135600,10314,5,8
135600,10884,27,1
135600,10884,10,1
135600,11090,0,1
135600,11211,27,2
135600,11213,84,2
135600,11253,4,2
135600,11253,1,2
135600,11833,71,2
135600,14395,85,2
135600,14769,5,1
135600,14769,322,1
135600,14769,14,2
135600,15395,15,1
135600,15535,19,1
135600,15573,0,1
135600,15712,15,2
135600,16577,85,2
135600,18653,85,2
135600,18674,5,1
135600,18674,0,4
135600,19798,15,1
135600,20482,0,2
135600,20482,321,2
135600,22484,72,1
135600,22888,72,1
135600,22888,15,1
135600,22888,0,1
135600,22961,27,1
135600,23444,15,1
135600,23950,25,2
135600,23950,19,2
135600,23969,26,2
135600,2412b,27,7
135600,2420,85,2
135600,2420,0,2
135600,24246,1,2
135600,2431,19,2
135600,2431,1062,2
135600,24314c02,35,2
135600,2432,15,1
135600,2445,85,2
135600,2456,0,1
135600,24599,5,2
135600,24946,15,1
135600,2496,10,1
135600,25269,15,1
135600,25269,14,1
135600,2655,71,1
135600,27448,15,1
135600,27507,1062,4
135600,27507,5,2
135600,28192,71,1
135600,28192,85,2
135600,3001,4,1
135600,3003,27,1
135600,3003,4,1
135600,3003,85,1
135600,3004,26,1
135600,3004,4,1
135600,3004,85,15
135600,3004,27,1
135600,30043,0,2
135600,3005,182,12
135600,3005,1,18
135600,3005,85,18
135600,30099,85,4
135600,3010,5,8
135600,3010,26,3
135600,3010,85,5
135600,3020,0,2
135600,3020,1050,1
135600,3021,14,1
135600,3022,85,2
135600,3022,0,2
135600,3022,15,1
135600,3023,26,3
135600,3023,85,2
135600,3023,46,3
135600,3023,41,3
135600,3023,14,9
135600,3023,15,2
135600,3023,84,1
135600,3023,322,2
135600,3023,3,2
135600,3024,5,14
135600,3024,3,4
135600,3024,85,2
135600,3024,321,4
135600,3024,0,7
135600,3024,26,2
135600,3032,72,1
135600,3033,72,5
135600,30357,14,2
135600,30374,0,1
135600,30374,42,2
135600,30414,0,2
135600,30562,42,2
135600,3062b,27,4
135600,3065,33,6
135600,3065,41,6
135600,3065,46,6
135600,3065,45,7
135600,3065,35,6
135600,3068b,72,1
135600,3068b,0,1
135600,3068b,4,1
135600,3068b,15,1
135600,3068b,27,1
135600,3068b,14,1
135600,3069b,27,1
135600,3069b,322,4
135600,3069b,19,1
135600,3069b,15,4
135600,3069bpr0302,322,1
135600,3070b,26,1
135600,3070bpr0234,71,1
135600,32013,0,1
135600,32062,4,1
135600,32064a,0,1
135600,32607,10,2
135600,33909,14,4
135600,33909,0,2
135600,3460,15,1
135600,3460,3,10
135600,35044,26,2
135600,35443,322,3
135600,35480,15,2
135600,35480,1,1
135600,3623,71,2
135600,3623,85,2
135600,3660,85,2
135600,3660,27,1
135600,3666,85,5
135600,3673,14,1
135600,3678b,27,1
135600,36840,14,2
135600,3701,26,1
135600,3710,0,1
135600,3710,3,6
135600,3710,15,2
135600,3710,26,5
135600,3710,4,1
135600,3710,85,4
135600,3747b,15,1
135600,3795,72,1
135600,3830,0,4
135600,3831,0,4
135600,3894,0,2
135600,3899,47,1
135600,3937,0,3
135600,3942c,15,1
135600,39613,5,1
135600,4070,4,1
135600,42205,3,1
135600,4274,71,4
135600,43093,1,2
135600,4345b,4,1
135600,4346,47,1
135600,43898,71,2
135600,4477,0,1
135600,4533,15,3
135600,4733,15,1
135600,4740,42,2
135600,4740,1050,1
135600,4740,45,2
135600,48092,85,6
135600,49153,0,2
135600,49307,84,2
135600,51274,70,1
135600,54200,5,2
135600,54200,85,1
135600,54821,4,1
135600,57895,42,9
135600,58176,15,6
135600,59900,15,6
135600,59900,10,1
135600,6003,72,2
135600,60470b,0,8
135600,60474,72,1
135600,60596,1,9
135600,6091,5,4
135600,6091,322,4
135600,6112,85,2
135600,61252,14,4
135600,61332,0,2
135600,6134,15,3
135600,6141,182,1
135600,6141,42,5
135600,6141,4,1
135600,6141,41,3
135600,6141,45,3
135600,6141,35,3
135600,61485,71,2
135600,6179,5,1
135600,6231,4,1
135600,63864,15,1
135600,63864,19,5
135600,64451,72,2
135600,65509,19,1
135600,6636,19,9
135600,6636,1062,2
135600,6636,26,2
135600,66857,15,1
135600,67687,71,1
135600,69729,15,2
135600,73230,71,1
135600,75c38,14,2
135600,80015,3,4
135600,80683,3,2
135600,85080,85,2
135600,85861,72,3
135600,85861,5,9
135600,85984,85,13
135600,87079,322,1
135600,87079,0,2
135600,87079,84,1
135600,87079,15,1
135600,87580,19,3
135600,87580,26,1
135600,87618,0,1
135600,87994,70,1
135600,90370pr0005,0,1
135600,92410,1,3
135600,92438,72,1
135600,92926,1050,1
135600,93091,26,1
135600,93095,322,1
135600,96874,25,1
135600,98100,15,2
135600,98138,1050,2
135600,98138,4,2
135600,98138pr0035,179,1
135600,99207,14,4
135600,99780,15,4
135601,01503,9999,1
135601,10190,3,2
135601,10884,10,2
135601,11213,15,1
135601,11476,84,1
135601,11477,19,2
135601,11603pr0001,27,1
135601,11833,47,1
135601,13548,28,6
135601,14718,15,1
135601,14769,27,2
135601,15068,322,3
135601,15068,3,3
135601,15068,323,2
135601,15571,72,1
135601,15573,322,2
135601,15573,19,1
135601,15672,226,1
135601,15712,15,2
135601,1601,47,1
135601,18980,19,2
135601,19220,0,1
135601,20482,297,1
135601,22667,4,1
135601,22885,71,1
135601,22961,308,2
135601,2412b,71,4
135601,24184,25,1
135601,2431,25,1
135601,2431,27,2
135601,2445,27,1
135601,2446,1050,1
135601,2454b,31,2
135601,24593,3,2
135601,24866,25,2
135601,25269,322,6
135601,25269,323,4
135601,25269,85,2
135601,2540,19,1
135601,26047,71,1
135601,26601,15,2
135601,27925,85,2
135601,27925,15,2
135601,27925,1050,2
135601,2921,31,2
135601,3002,19,1
135601,3004,31,8
135601,3004,15,1
135601,3005,114,1
135601,30090,41,1
135601,3010,31,1
135601,30136,484,4
135601,30162,71,1
135601,30165,15,1
135601,3020,19,2
135601,3022,15,1
135601,30222,42,1
135601,3023,15,2
135601,3023,0,3
135601,3023,31,8
135601,3023,14,5
135601,3024,25,6
135601,3024,27,1
135601,3024,14,3
135601,3028,19,1
135601,30357,322,1
135601,3037,14,1
135601,3040bpr0013,15,1
135601,3062b,31,2
135601,3068b,15,1
135601,3069b,5,1
135601,3069b,28,1
135601,3070b,27,2
135601,3070b,15,4
135601,32064a,19,1
135601,32607,10,2
135601,33183,10,2
135601,33243,27,2
135601,33243,31,2
135601,34173,179,1
135601,35700,14,2
135601,3660,484,3
135601,3665,25,2
135601,3665,31,2
135601,3666,25,2
135601,3666,84,4
135601,3710,15,2
135601,3710,19,1
135601,3710,28,2
135601,37352,15,2
135601,3795,5,1
135601,3795,15,1
135601,3832,19,1
135601,3852b,191,1
135601,3899,14,1
135601,3937,14,1
135601,3941,14,2
135601,3958,3,1
135601,4070,19,2
135601,41740,14,2
135601,41948,19,1
135601,41948,322,1
135601,4495b,14,1
135601,4495b,2,1
135601,4495b,4,1
135601,4740,15,1
135601,47905,15,1
135601,49311,31,1
135601,49595a,1050,1
135601,49595b,1050,1
135601,49595c,1050,2
135601,49595d,1050,2
135601,49595e,1050,2
135601,49595f,1050,2
135601,49595g,1050,2
135601,50950,27,4
135601,51274,70,2
135601,54200,19,2
135601,57895,15,1
135601,6020,5,1
135601,60475b,14,2
135601,60594,15,1
135601,60596,31,1
135601,6075,1050,1
135601,6076,15,1
135601,6091,191,1
135601,6091,5,2
135601,6091,27,1
135601,6134,71,1
135601,6141,19,4
135601,6141,4,1
135601,6141,1,1
135601,63965,15,2
135601,64448,84,2
135601,65509,484,3
135601,65617,15,2
135601,67810,15,2
135601,68869,15,1
135601,73230,0,1
135601,78256,15,1
135601,78666,15,1
135601,85861,41,2
135601,85861,27,2
135601,85861,5,1
135601,85984,14,1
135601,85984,28,1
135601,87079,14,1
135601,87552,15,1
135601,87580,28,1
135601,88072,25,2
135601,88930,27,3
135601,89522,15,1
135601,92438,19,1
135601,93095,322,2
135601,93273,19,1
135601,95343,4,1
135601,98138,323,1
135601,98138pr0017,29,1
135601,98138pr0026,15,2
135601,98138pr0271,191,1
135601,99781,71,1
135601,99781,14,2
135602,10001507,9999,1
135602,11253,4,2
135602,11477,378,2
135602,11618,85,1
135602,11618,191,1
135602,13965,19,2
135602,14395,19,2
135602,14716,19,7
135602,14716,15,2
135602,14769,5,1
135602,15068,212,2
135602,15068,321,1
135602,15210,0,2
135602,15429,378,4
135602,15535,72,1
135602,15573,15,1
135602,15573,272,2
135602,15573,323,1
135602,15712,15,2
135602,18646,15,1
135602,18649,0,1
135602,18653,378,2
135602,18653,0,4
135602,18654,179,1
135602,18674,322,1
135602,18674,15,2
135602,18674,0,1
135602,18674,5,1
135602,18853,29,2
135602,18920,179,1
135602,18980,322,2
135602,19121,0,1
135602,1927,15,1
135602,20310,15,20
135602,20482,15,9
135602,20482,158,4
135602,20482,321,1
135602,22885,19,1
135602,22888,19,2
135602,22888,15,1
135602,22961,4,1
135602,23443,0,1
135602,23969,47,2
135602,23969,322,1
135602,23986,15,1
135602,24093,0,1
135602,2412b,15,2
135602,2412b,179,1
135602,2417,191,2
135602,2420,19,2
135602,2423,484,2
135602,24246,15,1
135602,24246,85,1
135602,2431,28,1
135602,2432,19,2
135602,2445,71,1
135602,2453b,19,2
135602,24866,2,8
135602,24866,1050,4
135602,2508,0,2
135602,25269,14,14
135602,25269,5,2
135602,25269,31,12
135602,25269,158,12
135602,25269,1050,12
135602,25269,1,12
135602,2654,46,1
135602,26601,0,2
135602,26603,212,1
135602,26603,322,2
135602,2736,71,1
135602,27925,30,2
135602,28326,15,4
135602,2853,71,1
135602,28802,15,2
135602,3001,73,1
135602,3002,5,1
135602,3003,3,1
135602,3004,212,2
135602,3004,19,13
135602,3004,15,3
135602,3004,378,4
135602,3004,73,1
135602,3004,71,2
135602,3004,0,1
135602,3005,19,10
135602,3005,378,2
135602,3005,15,10
135602,30089b,0,1
135602,3009,19,4
135602,3009,15,1
135602,30165,378,3
135602,3020,28,2
135602,3020,0,1
135602,3020,71,3
135602,3020,84,1
135602,3022,3,1
135602,3022,15,1
135602,3022,321,1
135602,3022,19,1
135602,3023,71,4
135602,3023,212,2
135602,3023,272,2
135602,3023,321,1
135602,3023,3,1
135602,3023,5,9
135602,3023,4,2
135602,3023,19,10
135602,3023,15,8
135602,3023,378,2
135602,3023,84,1
135602,3024,19,9
135602,3024,321,2
135602,3024,378,18
135602,3024,85,1
135602,3024,0,2
135602,3028,15,2
135602,3031,71,1
135602,3032,28,2
135602,3032,3,1
135602,3032,31,1
135602,3033,15,2
135602,3033,28,2
135602,30374,15,1
135602,30414,19,6
135602,3062b,70,2
135602,3062b,0,1
135602,3062b,1,1
135602,3062b,27,2
135602,3062b,84,6
135602,3062b,322,1
135602,3069b,15,4
135602,3069b,323,2
135602,3069b,5,2
135602,3069b,0,2
135602,3069b,3,1
135602,3069b,272,1
135602,3069b,321,1
135602,3069bpr0168,70,1
135602,3069bpr0189,0,1
135602,3069bpr0300,15,1
135602,3070b,85,1
135602,32000,0,1
135602,32028,15,20
135602,32028,19,6
135602,32062,4,1
135602,3245c,378,4
135602,3245c,321,2
135602,32607,14,3
135602,32607,2,1
135602,32607,25,5
135602,32952,19,1
135602,32952,323,2
135602,33051,4,1
135602,34103,0,2
135602,34172,15,1
135602,3460,15,1
135602,3460,19,1
135602,35485,179,2
135602,35646,484,1
135602,3622,19,3
135602,3623,19,4
135602,3623,378,2
135602,3623,71,4
135602,3665,15,2
135602,3666,1,1
135602,3666,15,4
135602,3666,19,5
135602,3666,378,2
135602,3679,71,1
135602,3680,15,1
135602,36840,0,1
135602,36841,85,1
135602,3700,15,2
135602,3709,15,1
135602,3710,5,1
135602,3710,0,3
135602,3710,15,10
135602,3710,30,1
135602,3710,14,1
135602,3710,19,3
135602,3710,27,1
135602,37695,10,1
135602,37762,15,16
135602,3795,70,1
135602,3795,15,1
135602,3832,71,1
135602,38585,15,4
135602,3899,5,1
135602,3899,14,1
135602,3957b,0,1
135602,4032a,15,1
135602,4070,0,4
135602,4162,15,2
135602,4216,71,1
135602,42205,15,1
135602,4274,71,1
135602,44740,4,1
135602,4477,378,2
135602,4490,323,1
135602,4533,71,2
135602,4536,15,2
135602,4599b,1,1
135602,46303,321,2
135602,48729b,0,1
135602,49153,15,1
135602,49307,0,5
135602,49307,15,2
135602,50745,378,3
135602,51274,70,1
135602,53912,0,1
135602,54200,0,1
135602,59349,19,4
135602,59443,14,2
135602,59900,19,1
135602,59900,179,1
135602,59900,41,1
135602,6003,28,2
135602,6005,378,4
135602,60470b,84,2
135602,60470b,15,1
135602,60475b,15,2
135602,60479,15,1
135602,60581,19,1
135602,60592,15,27
135602,60592,0,1
135602,60593,15,2
135602,60596,26,2
135602,60601,47,47
135602,60602,47,2
135602,60897,15,8
135602,60897,19,1
135602,6091,378,14
135602,6112,71,1
135602,61332,0,3
135602,6141,0,1
135602,6141,46,1
135602,6141,14,1
135602,6179,15,2
135602,62462,70,1
135602,62462,3,2
135602,63864,71,2
135602,63864,15,1
135602,65487,72,1
135602,65574,26,1
135602,65617,15,2
135602,6587,28,1
135602,6589,19,2
135602,6636,19,3
135602,67095,15,1
135602,67338,484,1
135602,68869,15,1
135602,70681,378,2
135602,73825,19,2
135602,73878,15,10
135602,76959,71,1
135602,78329,84,2
135602,80683,41,2
135602,85861,14,1
135602,85861,297,1
135602,85861,27,1
135602,85984,5,2
135602,85984,30,2
135602,85984,14,2
135602,85984,27,2
135602,87079,70,1
135602,87079,212,1
135602,87087,15,4
135602,87552,70,2
135602,87552,47,4
135602,87580,226,1
135602,87747,85,1
135602,87994,15,1
135602,87994,70,1
135602,87994,0,2
135602,87995,2,2
135602,90195,15,1
135602,90398,15,1
135602,92410,15,3
135602,92456c01pr0409,78,1
135602,92851,47,2
135602,93552pat0002,70,2
135602,93555,179,1
135602,96874,25,1
135602,98138,47,2
135602,98138,5,10
135602,98138,72,2
135602,98138,71,2
135602,98138,84,5
135602,98138,29,1
135602,98138,1,2
135602,98282,15,1
135602,99207,15,2
135602,99780,212,8
135602,99780,0,1
135602,99781,15,1
135603,10001502,9999,1
135603,11211,15,1
135603,11253,179,2
135603,11477,27,14
135603,11477,1050,4
135603,11477,1062,4
135603,14718,15,12
135603,14769,15,3
135603,15210,15,1
135603,15573,19,1
135603,22667,26,1
135603,22888,19,1
135603,24122,0,3
135603,2420,322,2
135603,2431,322,8
135603,24866,25,1
135603,25269,322,2
135603,3003,71,2
135603,3003,27,1
135603,30136,0,5
135603,3020,1062,1
135603,3020,1050,1
135603,3020,27,3
135603,3021,4,1
135603,3021,19,3
135603,3022,15,1
135603,3022,14,1
135603,3023,15,3
135603,3023,322,6
135603,3023,1050,6
135603,3023,1062,2
135603,3023,36,1
135603,3023,27,6
135603,3023,71,4
135603,3024,27,4
135603,3032,27,1
135603,3032,1062,1
135603,3032,1050,1
135603,3033,15,1
135603,3034,322,2
135603,3068b,27,1
135603,3069b,15,6
135603,3069b,27,1
135603,3069bpr0304,15,1
135603,3070b,15,1
135603,32000,71,3
135603,32123b,14,6
135603,32140,15,2
135603,32474,25,1
135603,32607,10,1
135603,33085,14,1
135603,35336,47,1
135603,3660,71,2
135603,3666,27,1
135603,3666,15,9
135603,3666,71,4
135603,3705,0,3
135603,3710,1050,2
135603,3710,0,4
135603,3710,27,5
135603,3710,1062,2
135603,3749,19,1
135603,3829c01,15,1
135603,3836,70,1
135603,3837,179,1
135603,3899,47,1
135603,3957b,15,1
135603,41740,322,1
135603,41740,71,1
135603,4274,1,3
135603,4282,72,1
135603,4740,27,1
135603,4740,1062,1
135603,4740,1050,1
135603,48729b,25,4
135603,50745,71,2
135603,52031,27,1
135603,54200,47,1
135603,59443,15,2
135603,6014b,1050,4
135603,60849,0,1
135603,6091,71,2
135603,61252,25,2
135603,61332,0,2
135603,6141,15,2
135603,63864,27,2
135603,64567,0,1
135603,65509,19,3
135603,67688,71,4
135603,72132,15,1
135603,77110pr0001,28,1
135603,87079,322,2
135603,87079,25,1
135603,87087,4,2
135603,87580,27,1
135603,87697,0,4
135603,92926,27,1
135603,92926,1050,1
135603,92926,1062,1
135603,93095,25,2
135603,98138,182,4
135603,98138,36,3
135603,98138,47,2
135603,98138pr0275,15,1
135603,98280,71,1
135604,11610,19,2
135604,14716,15,1
135604,15470,29,1
135604,15573,70,1
135604,15573,27,2
135604,15573,15,1
135604,15573,29,1
135604,18674,15,1
135604,18937c01,321,1
135604,2431,5,4
135604,27986pr0001,70,1
135604,3001,14,2
135604,3001,15,1
135604,3004,15,2
135604,3009,15,6
135604,30222,42,1
135604,3031,70,1
135604,30367c,15,1
135604,3038,15,1
135604,3040bpr0013,15,1
135604,3069b,14,2
135604,3069b,36,2
135604,3069bpr0100,2,1
135604,32828,71,1
135604,3633,15,1
135604,3829c01,15,1
135604,4094b,45,1
135604,42022,14,2
135604,4533,41,1
135604,49308,26,1
135604,49309,84,1
135604,52107,14,1
135604,53119,70,1
135604,55981,15,4
135604,60219,14,1
135604,60581,47,2
135604,6254,15,1
135604,63864,14,2
135604,63965,15,1
135604,64453,47,1
135604,65700,70,1
135604,87079,5,4
135604,87079pr0279,15,1
135604,87618,71,1
135604,92402,0,4
135604,92410,15,1
135604,92583,47,1
135604,93095,15,1
135604,93160,15,1
135604,98281pr0003,15,1
135605,10100107,9999,1
135605,10884,27,1
135605,11153,15,2
135605,11213,19,1
135605,11477,30,2
135605,14418,71,1
135605,15068,15,2
135605,15070,15,2
135605,15456,71,4
135605,15712,71,2
135605,1602a,47,1
135605,1602b,47,1
135605,18674,15,2
135605,19159,0,1
135605,19220,0,1
135605,20482,0,3
135605,20482,47,4
135605,22885,15,14
135605,22885,14,3
135605,22961,15,2
135605,24093,15,1
135605,2412b,15,1
135605,2412b,72,2
135605,24246,71,1
135605,2431,72,1
135605,2456,71,1
135605,24866,27,1
135605,24866,1050,2
135605,25269,3,2
135605,26603,0,1
135605,2736,71,1
135605,27925,1050,2
135605,27965,297,1
135605,2819,71,1
135605,2921,15,2
135605,3001,0,5
135605,3002,71,1
135605,3004,31,1
135605,3004,84,1
135605,3004,30,1
135605,3005,15,2
135605,3005,30,2
135605,3010,15,3
135605,30162,71,1
135605,30166,70,2
135605,3020,1050,4
135605,3020,71,2
135605,3020,15,2
135605,3021,19,2
135605,3022,70,1
135605,3022,71,1
135605,3023,1050,2
135605,3023,19,15
135605,3023,0,2
135605,3023,30,4
135605,3023,71,1
135605,3023,15,3
135605,30237b,19,2
135605,3024,1050,2
135605,3032,19,1
135605,30414,72,2
135605,3043,15,1
135605,30505,15,2
135605,3062b,14,1
135605,3062b,27,1
135605,3062b,4,2
135605,3068b,30,3
135605,3068b,72,2
135605,3069b,3,2
135605,3070b,15,2
135605,32013,308,1
135605,32062,4,1
135605,32064a,71,1
135605,32072,0,1
135605,32123b,15,1
135605,32124,15,1
135605,3245c,19,4
135605,32828,19,2
135605,3297,15,2
135605,33183,70,1
135605,3623,4,2
135605,3666,19,1
135605,3666,15,2
135605,3706,0,1
135605,3710,0,1
135605,3710,14,1
135605,3710,70,2
135605,3710,1050,1
135605,37352,31,3
135605,3738,15,1
135605,3749,19,1
135605,3795,212,1
135605,3795,19,8
135605,3832,71,2
135605,3894,71,1
135605,3899,5,1
135605,3941,70,3
135605,4032a,70,4
135605,4081b,15,2
135605,41749,15,1
135605,4175,72,1
135605,41750,15,1
135605,41769,19,2
135605,41770,19,2
135605,42022,40,2
135605,4274,71,1
135605,4287c,15,2
135605,42918,15,2
135605,43093,1,1
135605,43722,1050,2
135605,43723,1050,2
135605,48002a,308,1
135605,48205,19,1
135605,48208,19,1
135605,48336,71,2
135605,50955,15,1
135605,50956,15,1
135605,51274,70,1
135605,54091,158,2
135605,54568,14,1
135605,57360,15,1
135605,59443,71,1
135605,59900,14,3
135605,60475b,71,1
135605,61332,0,4
135605,6141,19,2
135605,6141,15,5
135605,6141,46,2
135605,6141,34,1
135605,6141,36,1
135605,6141,71,1
135605,6141,322,2
135605,65509,15,1
135605,65632,40,1
135605,6564,15,1
135605,6565,15,1
135605,6636,3,2
135605,66906,0,2
135605,67243,158,1
135605,69729,15,1
135605,77180,15,1
135605,77182,15,1
135605,80324,15,1
135605,87079,84,1
135605,87079,15,1
135605,87079,3,3
135605,87087,19,3
135605,87544,15,2
135605,87994,15,1
135605,92582,71,1
135605,98138,4,4
135605,98138,71,2
135605,99207,19,1
135606,10001509,9999,1
135606,10288,308,2
135606,11090,72,1
135606,11211,25,1
135606,11212,19,1
135606,11241pr0009,15,1
135606,11476,15,2
135606,11610,71,1
135606,14704,71,1
135606,14716,15,2
135606,14718,19,1
135606,14718,15,1
135606,14769,1050,1
135606,15068,1050,1
135606,15068,226,2
135606,15462,70,1
135606,15573,19,2
135606,15573,378,1
135606,15573,15,4
135606,15672,70,1
135606,15672,28,2
135606,15712,378,1
135606,18674,15,3
135606,18980,226,3
135606,19220,71,1
135606,1927,71,1
135606,20482,15,1
135606,2357,15,1
135606,23969,15,1
135606,24093,15,1
135606,2417,378,5
135606,2420,19,2
135606,2420,3,2
135606,2423,2,3
135606,24246,70,1
135606,2431,41,1
135606,2431,1050,1
135606,2453b,15,1
135606,2456,25,5
135606,2465,15,1
135606,24866,1050,2
135606,24866,191,8
135606,25269,1050,14
135606,25269,322,2
135606,25269,15,2
135606,25269,226,3
135606,26047,15,1
135606,2736,71,1
135606,27925,322,2
135606,2821,191,1
135606,2921,15,2
135606,3003,25,3
135606,3003,484,1
135606,3003,378,1
135606,3003,19,2
135606,3004,28,2
135606,3004,19,2
135606,3004,70,1
135606,3004,15,3
135606,3005,484,1
135606,3005,28,2
135606,3005,15,10
135606,3007,15,1
135606,30089b,0,1
135606,3009,15,1
135606,3010,484,1
135606,3010,28,2
135606,3010,378,1
135606,30136,484,4
135606,30162,72,2
135606,30169,272,1
135606,30176,2,2
135606,3020,1050,2
135606,3020,378,1
135606,3021,25,1
135606,3022,25,2
135606,3022,378,4
135606,3022,14,1
135606,3023,92,10
135606,3023,71,1
135606,3023,378,3
135606,3023,226,2
135606,3023,15,8
135606,3023,25,5
135606,3023,1050,10
135606,30236,71,1
135606,30237b,19,1
135606,3024,15,2
135606,3024,191,2
135606,3033,19,4
135606,3034,72,1
135606,3040b,70,2
135606,3040b,19,2
135606,3040b,28,2
135606,30562,47,1
135606,3062b,41,1
135606,3068b,25,2
135606,3069b,322,1
135606,3069b,1050,8
135606,3069b,15,2
135606,3069b,70,1
135606,3069b,484,1
135606,3069b,19,2
135606,3070b,15,1
135606,32016,70,1
135606,32062,0,4
135606,32064a,0,1
135606,3245c,70,1
135606,3245c,19,2
135606,3245c,15,10
135606,32606,4,1
135606,32607,2,3
135606,32952,15,1
135606,33183,10,1
135606,33909,15,2
135606,33909,70,3
135606,35044,19,2
135606,35480,15,2
135606,35480,2,1
135606,35654,0,1
135606,3622,15,1
135606,3623,70,2
135606,3623,19,2
135606,3659,70,2
135606,3659,28,2
135606,3665,25,4
135606,3666,378,1
135606,36841,484,1
135606,3700,70,1
135606,3710,191,2
135606,37352,322,1
135606,3795,14,1
135606,3958,226,1
135606,4032a,25,1
135606,4032a,71,1
135606,4083,0,1
135606,4162,70,1
135606,4162,484,2
135606,41740,1050,1
135606,41740,15,2
135606,41769,19,1
135606,41770,19,1
135606,42205,15,1
135606,42509,47,1
135606,43093,1,1
135606,43898,15,1
135606,44674,191,2
135606,4477,15,1
135606,44861,71,1
135606,4599b,71,1
135606,4697b,0,2
135606,48092,484,1
135606,4865b,41,3
135606,49307,19,3
135606,52107,15,1
135606,54200,1050,2
135606,54200,70,4
135606,57895,47,3
135606,59900,70,3
135606,6003,19,2
135606,6014b,14,4
135606,60470b,0,1
135606,60475b,19,4
135606,60475b,15,4
135606,60581,15,1
135606,60596,378,1
135606,60596,15,3
135606,6091,15,1
135606,6111,15,1
135606,6141,1103,2
135606,6179,15,1
135606,6231,15,1
135606,63864,378,5
135606,63864,484,1
135606,63868,378,1
135606,63868,15,2
135606,6541,70,1
135606,65487,0,1
135606,6636,19,1
135606,67687,71,2
135606,69729,25,3
135606,75c20,25,1
135606,85984,15,1
135606,87079,226,2
135606,87079,25,2
135606,87544,41,1
135606,87580,226,2
135606,87580,1050,1
135606,87697,0,4
135606,87994,70,1
135606,91501,3,2
135606,91501,15,2
135606,93095,191,1
135606,93547pr0001,19,1
135606,98138,47,1
135606,98138,182,2
135606,98138,34,1
135606,98138,36,2
135606,98283,378,7
135606,98313,70,1
135606,98393a,323,1
135606,98393b,323,1
135606,98393c,323,1
135606,98393d,323,1
135606,98393e,323,1
135606,98393f,323,1
135606,98393g,323,1
135606,98393h,323,1
135606,98393i,323,1
135606,98393j,323,1
135606,99206,71,1
135606,99206,25,2
135606,99563,25,1
135606,99780,14,1
135606,99781,19,1
135607,01500,9999,1
135607,11290,3,1
135607,11301,3,1
135607,11618,26,1
135607,14769,1050,1
135607,15068,3,1
135607,15396,3,1
135607,15573,25,1
135607,18853,29,1
135607,18854,45,1
135607,18854,52,1
135607,18920,179,1
135607,1927,15,2
135607,19798,15,1
135607,20482,47,4
135607,22886,15,1
135607,2420,15,2
135607,2446,1050,1
135607,2447,47,1
135607,2540,15,1
135607,26601,226,2
135607,3004,15,5
135607,3005,25,1
135607,3005,15,1
135607,30153,47,1
135607,3023,3,2
135607,3023,15,1
135607,3024,3,1
135607,30377,15,1
135607,3040bpr0013,15,1
135607,3062b,3,1
135607,3069b,3,1
135607,32828,71,1
135607,34337,1050,4
135607,3623,226,2
135607,3660,25,3
135607,3665,15,1
135607,3795,226,1
135607,3852b,29,1
135607,39739,1050,1
135607,39767,71,2
135607,59895,0,4
135607,59900,179,1
135607,59900,52,1
135607,60478,226,1
135607,60583b,15,1
135607,60897,25,2
135607,6091,25,3
135607,6091,5,3
135607,65630,71,2
135607,92950,15,1
135607,93094pat0001,4,1
135607,95344,72,1
135607,98138pr0185,179,1
135607,98138pr0275,15,1
135607,98397,15,1
135607,99780,71,1
135607,99781,25,2
135608,01504,9999,1
135608,10884,10,2
135608,11153,27,2
135608,11211,25,1
135608,11267,14,1
135608,11476,27,1
135608,11476,71,1
135608,11477,5,1
135608,11477,25,2
135608,14716,84,3
135608,14716,19,1
135608,14769,14,1
135608,15068,322,1
135608,15068,27,1
135608,15068,14,3
135608,15254,25,5
135608,15469,322,1
135608,15573,322,2
135608,15573,2,2
135608,16577,31,2
135608,17485,14,1
135608,18646,27,1
135608,18653,14,2
135608,18674,322,1
135608,18980,31,1
135608,22961,72,1
135608,2357,14,1
135608,23969,41,1
135608,2412b,14,3
135608,24309,14,2
135608,2431,322,1
135608,2431,27,1
135608,2431,25,2
135608,2432,14,6
135608,2445,19,1
135608,24593,19,1
135608,2476a,15,1
135608,24866,15,3
135608,24866,25,3
135608,24866,5,5
135608,25214,14,4
135608,2540,14,1
135608,26047,71,1
135608,26603,25,1
135608,27507,31,2
135608,28387,25,1
135608,28870,41,4
135608,3001,25,2
135608,3001,15,1
135608,3003,14,1
135608,3004,31,1
135608,3004,27,2
135608,3004,5,3
135608,3004,15,1
135608,3004,14,5
135608,3005,84,4
135608,3005,25,4
135608,3005,14,2
135608,3005,15,2
135608,3005,5,2
135608,3008,14,3
135608,3009,27,3
135608,3009,14,4
135608,3010,31,4
135608,30136,84,11
135608,3020,25,2
135608,3021,322,2
135608,3022,322,1
135608,30222,42,1
135608,30222,33,1
135608,3023,5,1
135608,3023,27,10
135608,3024,25,1
135608,3030,19,1
135608,3032,19,2
135608,3034,321,1
135608,30357,322,3
135608,30357,31,2
135608,3036,27,1
135608,30363,322,3
135608,30367c,14,1
135608,3037,14,1
135608,3040b,14,2
135608,3062b,19,3
135608,3062b,31,1
135608,3068b,15,3
135608,3069b,322,1
135608,3069b,31,10
135608,3070b,25,1
135608,3070b,31,3
135608,30923,27,1
135608,3176,14,2
135608,3245c,25,1
135608,32607,10,6
135608,32803,226,1
135608,32828,19,1
135608,33183,10,1
135608,33243,5,2
135608,35480,27,2
135608,3622,25,1
135608,3623,25,2
135608,3660,27,1
135608,3666,25,1
135608,3666,31,1
135608,3702,14,1
135608,3710,15,2
135608,3710,14,4
135608,37352,25,1
135608,3749,19,1
135608,3795,27,2
135608,3795,321,1
135608,3956,15,1
135608,3960,191,1
135608,4032a,25,1
135608,4151b,27,1
135608,41539,19,1
135608,4162,31,5
135608,4162,322,1
135608,41948,322,1
135608,42205,322,1
135608,4274,71,2
135608,43093,1,4
135608,4345b,71,2
135608,4346,15,2
135608,4460b,31,4
135608,44709,15,2
135608,44865,19,3
135608,4599b,15,1
135608,4740,15,1
135608,48092,14,2
135608,48729b,71,2
135608,49736,45,1
135608,49737,41,3
135608,51274,70,1
135608,58176,15,1
135608,59349,31,2
135608,59349,19,1
135608,60581,15,1
135608,60583b,19,1
135608,6126b,41,6
135608,61332,0,3
135608,6183,5,1
135608,62462,27,3
135608,63965,15,1
135608,64453,41,1
135608,64644,19,1
135608,6541,14,4
135608,6636,14,1
135608,68013,322,1
135608,68568,31,3
135608,68869,15,1
135608,69729,321,2
135608,73230,0,1
135608,78258,15,2
135608,85080,14,3
135608,85861,41,2
135608,85861,27,8
135608,85984,25,6
135608,87079,15,2
135608,87079,14,1
135608,87087,27,1
135608,87087,14,1
135608,87552,19,4
135608,88072,14,2
135608,88930,27,2
135608,90202,0,1
135608,92198pr0317,92,1
135608,92262,15,1
135608,92438,322,2
135608,93096,84,1
135608,98138,34,1
135608,98138,36,1
135608,98138pr0083,15,2
135608,98138pr0185,179,1
135608,99206,25,1
135608,99207,15,2
135609,24246,29,4
135609,24246,226,2
135609,24246,321,4
135609,24246,3,2
135609,25269pr0036,15,4
135609,3070b,321,2
135609,3070b,3,2
135609,3070b,29,2
135609,3070b,226,2
135609,3070bpr0270,15,4
135609,66821,4,1
135609,77813,25,2
135609,77814,4,2
135609,98138,25,4
135610,24246,15,3
135610,24246,14,1
135610,25269,212,8
135610,25269,15,8
135610,25269,14,8
135610,25269,4,8
135610,25269,1,8
135610,25269,29,8
135610,3070b,29,6
135610,3070b,14,6
135610,3070b,4,6
135610,3070b,15,8
135610,3070b,1,6
135610,3070b,0,2
135610,3070b,212,4
135610,79759c01,0,1
135610,98138,29,2
135610,98138,1,2
135611,25269,15,8
135611,25269,30,10
135611,25269,191,10
135611,25269,272,10
135611,25269,323,8
135611,3070b,15,6
135611,3070b,323,6
135611,3070b,191,8
135611,3070b,30,8
135611,3070b,272,6
135611,79998,321,1
135611,98138,52,4
135611,98138,191,3
135611,98138,30,3
135611,98138,15,4
135612,15068,15,2
135612,22888,5,1
135612,22888,322,1
135612,22888,191,1
135612,24246,323,8
135612,24246,29,8
135612,24246,226,8
135612,25269,323,32
135612,25269,226,32
135612,25269,26,32
135612,25269,15,4
135612,25269,25,32
135612,25269,29,32
135612,25269,158,32
135612,25269,85,32
135612,2653,15,15
135612,3003,14,9
135612,3004,14,6
135612,3006,19,3
135612,3010,14,6
135612,3022,321,6
135612,3034,322,2
135612,3034,191,2
135612,3034,5,2
135612,30592,71,2
135612,3070b,323,20
135612,3070b,29,20
135612,3070b,226,20
135612,3176,19,3
135612,3460,322,2
135612,3460,191,2
135612,3460,5,2
135612,3894,14,6
135612,41539,15,3
135612,41948,15,3
135612,48092,15,6
135612,48092,14,6
135612,4865b,15,6
135612,61332,0,4
135612,67196,322,1
135612,74611,15,1
135612,78169,322,1
135612,902221,226,1
135612,902222,47,1
135612,91501,15,6
135612,98138,158,8
135612,98138,117,20
135612,98138,25,8
135612,98138,323,8
135612,98138,31,8
135613,24246,15,8
135613,25269,15,32
135613,25269,26,12
135613,25269,321,30
135613,25269,1050,22
135613,25269,191,12
135613,25269,226,10
135613,25269,10,16
135613,25269,272,10
135613,25269,31,22
135613,3070b,10,22
135613,3070b,321,22
135613,3070b,1050,14
135613,3070b,191,20
135613,3070b,226,12
135613,3070b,272,12
135613,3070b,15,24
135613,78169,3,1
135613,79759c01,3,1
135613,79759c01,25,1
135613,79759c01,29,1
135613,79759c01,272,1
135613,79759c01,226,1
135613,901956,47,1
135613,901957,322,1
135613,98138,226,20
135613,98138,26,20
135613,98138,15,30
135613,98138,31,20
135613,98138,191,20
135613,98138,321,20
135613,98138,1060,20
135613,98138,1050,20
135614,25269,71,15
135614,25269,1050,15
135614,25269,272,15
135614,25269,3,15
135614,98138,1061,15
135614,98138,1062,15
135614,98138,323,15
135615,14719,0,4
135615,22885,19,4
135615,2357,0,2
135615,2357,15,10
135615,24246,0,2
135615,24246,29,1
135615,2431,0,9
135615,2449,15,4
135615,25269,31,47
135615,25269,0,40
135615,25269,212,47
135615,25269,3,50
135615,25269,191,47
135615,25269,158,47
135615,25269,15,14
135615,25269,29,2
135615,3009,15,6
135615,3010,19,2
135615,3010,15,4
135615,30165,0,2
135615,3021,0,8
135615,3023,14,5
135615,3023,15,2
135615,3028,15,2
135615,3029,15,4
135615,3032,15,4
135615,3039,15,1
135615,3039,0,4
135615,30414,0,2
135615,30414,71,6
135615,3069b,0,5
135615,3070b,3,17
135615,3070b,31,10
135615,3070b,158,17
135615,3070b,212,10
135615,3070b,0,26
135615,3660,0,4
135615,3958,15,2
135615,54200,15,2
135615,60474,0,1
135615,6112,15,4
135615,61485,0,1
135615,63864,71,2
135615,902221,226,1
135615,902222,47,1
135615,98138,1050,2
135615,98138,15,4
135615,98138,182,28
135616,2357,0,20
135616,25269,78,32
135616,25269,15,48
135616,25269,0,96
135616,25269,85,32
135616,25269,323,32
135616,25269,1050,48
135616,25269,1062,32
135616,27925,85,24
135616,27925,323,24
135616,27925,1062,24
135616,27925,78,24
135616,4162,323,2
135616,41740,323,2
135616,4282,31,4
135616,59349,0,8
135616,63864,323,12
135616,65803,31,1
135616,69871,31,1
135616,89678,72,12
135616,91405,323,1
135617,14719,15,4
135617,18654,3,4
135617,18677,15,10
135617,22885,5,11
135617,2357,15,8
135617,24201,29,10
135617,2431,15,2
135617,25269,29,36
135617,25269,322,36
135617,25269,31,36
135617,25269,3,36
135617,25269,226,36
135617,25269,1050,36
135617,25269,0,6
135617,3004,15,3
135617,3004,322,3
135617,3005,3,12
135617,3010,15,4
135617,3020,322,2
135617,3020,15,1
135617,3023,29,11
135617,3031,15,5
135617,3035,15,2
135617,3036,15,4
135617,30367c,322,4
135617,3040b,15,2
135617,3070b,31,38
135617,3070b,3,38
135617,3070b,1050,38
135617,3070b,29,38
135617,3070b,226,38
135617,3070b,322,38
135617,3245c,15,12
135617,3298,15,2
135617,3460,3,4
135617,3666,29,4
135617,37352,322,7
135617,37597c150,72,1
135617,3941,15,4
135617,3942c,297,1
135617,3956,71,1
135617,41539,322,1
135617,41740,15,2
135617,41948,31,5
135617,49307,322,2
135617,54200,15,2
135617,67196,322,1
135617,67196,30,1
135617,78168,15,1
135617,78169,322,1
135617,79756,15,12
135617,79757,15,4
135617,87087,15,2
135617,91405,322,1
135617,96874,3,1
135617,98138,1055,78
135617,98138,15,2
135617,98138pr0226,15,6
135617,98138pr0227,15,3
135617,98138pr0228,15,3
135617,98138pr0229,15,3
135617,98138pr0230,15,6
135617,98138pr0231,15,3
135617,98138pr0232,15,3
135617,98138pr0233,15,3
135617,98138pr0234,15,6
135617,98138pr0235,15,3
135617,98138pr0236,15,3
135617,98138pr0237,15,6
135617,98138pr0238,15,9
135617,98138pr0239,15,6
135617,98138pr0240,15,6
135617,98138pr0241,15,3
135617,98138pr0242,15,3
135617,98138pr0243,15,6
135617,98138pr0244,15,6
135617,98138pr0245,15,6
135617,98138pr0246,15,3
135617,98138pr0247,15,3
135617,98138pr0249,15,3
135617,98138pr0250,15,3
135617,98138pr0251,15,3
135618,1316pr0025,15,1
135618,14769pr1054,70,1
135618,15470,297,2
135618,15571,297,1
135618,15573,297,4
135618,18041,297,3
135618,18922,31,1
135618,18980,31,1
135618,22886,70,1
135618,22888,26,1
135618,2343,297,1
135618,23969,41,2
135618,2431,19,1
135618,2454b,323,2
135618,3001,3,2
135618,3001,19,1
135618,3003,84,2
135618,3003,19,1
135618,3010,19,2
135618,30153,47,2
135618,30165,15,1
135618,30246,19,2
135618,3034,3,1
135618,30613,19,1
135618,3062b,27,1
135618,3069bpr0168,70,1
135618,3233,19,1
135618,32606,191,1
135618,32607,26,2
135618,33172,25,1
135618,33183,10,1
135618,3633,297,1
135618,3678b,70,2
135618,3710,84,2
135618,3795,26,1
135618,3795,19,2
135618,3852b,191,1
135618,3941,70,1
135618,41948,26,1
135618,4495b,31,3
135618,4738c,84,1
135618,4739a,84,1
135618,4865b,84,1
135618,4871,70,1
135618,49153,15,1
135618,59900,297,3
135618,60481,3,6
135618,60808,19,2
135618,65509,19,3
135618,65700,70,1
135618,78886,3,6
135618,80400,323,1
135618,80683pr0001,3,2
135618,85984,15,1
135618,85984,3,2
135618,87079,85,2
135618,87079,5,1
135618,87081,31,1
135618,87580,15,1
135618,92947,15,1
135618,93086,30,1
135618,98100,3,1
135618,99206,19,1
135619,10068839,9999,1
135619,10314,15,1
135619,11211,5,1
135619,11602pr0007,0,1
135619,13965,15,8
135619,14395,15,2
135619,14716,15,4
135619,14769,297,1
135619,14769pr1054,70,1
135619,14769pr1725,297,1
135619,15070,297,4
135619,15207,15,2
135619,15573,297,9
135619,15573,25,1
135619,15625pr0017,15,1
135619,15745,45,1
135619,16577,15,3
135619,16577,29,1
135619,18646,321,4
135619,18653,322,2
135619,18674,70,1
135619,18674,5,1
135619,18674,15,4
135619,18920,179,1
135619,19121,297,1
135619,20310,15,8
135619,20482,5,1
135619,21229,297,2
135619,22385,212,2
135619,22388,70,1
135619,22886,70,1
135619,2343,179,2
135619,23945pat0002,47,1
135619,2412b,25,1
135619,2423,2,1
135619,2431,3,2
135619,2431,29,1
135619,2435,2,1
135619,24452pr0245,212,1
135619,2453b,15,2
135619,2454b,29,2
135619,24866,297,7
135619,24866,29,1
135619,2489,70,1
135619,2530,72,1
135619,26603,15,2
135619,27262,1053,1
135619,27507,3,4
135619,27925,297,8
135619,28192,1,2
135619,28621pr3319,47,1
135619,28870,297,2
135619,3001,1,1
135619,3003,15,2
135619,3004,15,5
135619,30044,15,2
135619,30046,297,2
135619,3005,1,2
135619,3005,29,2
135619,3008,1,4
135619,3009,5,1
135619,3010,29,1
135619,3010,15,1
135619,3010,1,1
135619,30134,321,1
135619,30153,52,1
135619,30153,34,1
135619,3020,379,2
135619,3020,29,1
135619,3022,29,4
135619,3023,5,5
135619,3023,1,1
135619,30246,322,2
135619,3034,3,4
135619,3034,29,1
135619,3040b,379,2
135619,30562pr0007,15,2
135619,3062b,15,9
135619,3069b,321,2
135619,3069bpr0315,47,1
135619,3245c,15,4
135619,3245c,71,1
135619,32607,2,1
135619,32803,212,1
135619,33322,297,1
135619,34103,1,2
135619,34103,212,1
135619,34816,322,2
135619,35336,1,2
135619,35477,70,1
135619,35480,212,2
135619,35565,322,1
135619,3622,322,2
135619,3660,1,1
135619,3666,29,2
135619,3688,1,4
135619,37352,29,8
135619,37695,10,2
135619,37775,182,1
135619,3795,321,2
135619,3852b,322,1
135619,39262,297,1
135619,3937,15,2
135619,3938,15,2
135619,3958,15,1
135619,3960pr0023,15,1
135619,39739,29,2
135619,40066,15,2
135619,41539,321,1
135619,4162,15,1
135619,41740,15,1
135619,41948,27,2
135619,4286,1,2
135619,4332,70,1
135619,4490,29,1
135619,4495b,297,4
135619,4528,0,1
135619,4533,41,1
135619,4536,5,1
135619,4738c,297,1
135619,4739a,297,1
135619,47543,1061,1
135619,48092,321,2
135619,51270,25,2
135619,51283,47,1
135619,54200pr0005,14,2
135619,59900,1061,3
135619,6003,321,2
135619,60475b,15,6
135619,60481,1,6
135619,60596,15,1
135619,60808,15,3
135619,60897,1,2
135619,6091,15,2
135619,6124,45,1
135619,61252,297,2
135619,61485,15,2
135619,6179,29,1
135619,6182,15,2
135619,6182,71,2
135619,64648,212,1
135619,65617,1,4
135619,65886,212,1
135619,66857,297,1
135619,67338,484,1
135619,69729,15,1
135619,70844pr0001,84,1
135619,73117,297,1
135619,74611,321,2
135619,77808,297,4
135619,78256,71,2
135619,78258,15,4
135619,79730,15,1
135619,80029,1061,3
135619,80031,322,1
135619,80674,226,1
135619,85080,297,4
135619,85984,1,2
135619,86876,15,1
135619,87580,322,2
135619,88292,15,2
135619,88646,15,2
135619,90195,15,8
135619,92410,15,1
135619,92947,297,1
135619,92950,15,2
135619,93568pat0002,84,1
135619,98100,15,1
135619,98138pr0018,84,2
135619,98138pr0283,297,1
135619,99207,70,1
135620,10087371,9999,1
135620,11211,27,2
135620,11211,15,4
135620,11477,85,2
135620,12892,27,1
135620,13608,179,2
135620,14769,0,1
135620,15068,85,2
135620,15535,4,3
135620,15573,85,2
135620,15573,0,1
135620,15712,0,1
135620,18674,15,3
135620,18977,0,8
135620,18980,0,1
135620,22885,71,2
135620,23443,0,2
135620,2412b,72,4
135620,2412b,0,5
135620,2431,71,1
135620,2432,70,1
135620,2456,0,1
135620,24593,27,4
135620,24869,72,4
135620,25061,25,4
135620,2540,0,1
135620,26021,0,2
135620,2817,0,1
135620,28192,72,2
135620,2821,84,1
135620,2877,71,1
135620,28802,71,2
135620,29119,71,1
135620,29120,71,1
135620,3001,85,7
135620,3003,85,3
135620,3004,71,1
135620,3004,85,5
135620,3010,85,3
135620,3020,71,2
135620,3020,0,2
135620,3021,72,5
135620,3021,85,2
135620,3022,27,1
135620,3022,14,1
135620,3022,0,2
135620,3022,71,1
135620,3023,27,2
135620,3023,71,2
135620,3023,46,15
135620,30236,72,2
135620,3031,72,1
135620,30367c,27,4
135620,30592,71,1
135620,3068b,25,2
135620,3068bpr0621,15,1
135620,3069b,15,3
135620,3069b,0,1
135620,3069b,25,8
135620,3069bpr0100,2,1
135620,3069bpr0198,15,1
135620,3069bpr0301,71,1
135620,3070b,36,4
135620,3070b,0,2
135620,32013,71,4
135620,32016,27,1
135620,32062,4,9
135620,32064a,27,5
135620,32073,71,4
135620,32474pr1024,15,3
135620,35336,47,1
135620,35442,85,1
135620,35443,2,1
135620,35480,4,1
135620,3623,25,2
135620,3659,0,2
135620,3666,0,1
135620,3666,25,2
135620,3666,85,6
135620,3679,71,1
135620,3680,0,1
135620,3700,0,8
135620,3706,4,2
135620,3710,72,3
135620,3710,4,3
135620,3713,71,1
135620,3737,0,1
135620,3749,19,4
135620,3795,71,1
135620,3795,14,1
135620,3829c01,15,1
135620,38317,27,1
135620,3832,71,2
135620,3899,15,1
135620,3937,0,2
135620,3941,15,1
135620,3941,85,2
135620,39789,14,1
135620,4032a,2,2
135620,4032a,4,1
135620,4032a,72,1
135620,40687,70,2
135620,4070,71,2
135620,4282,19,1
135620,4286,15,4
135620,43093,1,1
135620,44728,0,6
135620,4519,14,3
135620,4519,71,1
135620,4865b,72,4
135620,50950,15,4
135620,53451,15,2
135620,53923,0,4
135620,57360,71,4
135620,59443,0,2
135620,59900,182,6
135620,6020,0,1
135620,60474,4,1
135620,60474,0,4
135620,60478,72,2
135620,60479,0,2
135620,60581,72,1
135620,60897,71,2
135620,6112,72,2
135620,61184,71,2
135620,6134,71,2
135620,61408,71,1
135620,6141,42,15
135620,6141,36,13
135620,6141,47,1
135620,6141,15,4
135620,61484,85,1
135620,61485,0,1
135620,6180,0,1
135620,6192b,71,2
135620,62462,71,1
135620,63868,0,2
135620,64954,72,2
135620,6541,85,4
135620,65473,27,4
135620,65509,72,1
135620,65571,71,2
135620,65700,2,4
135620,6636,72,2
135620,66727,0,8
135620,67446,72,2
135620,72132,72,2
135620,73230,71,2
135620,77808,72,2
135620,85080,27,2
135620,85080,85,4
135620,85984,85,4
135620,87079,72,1
135620,87544,0,4
135620,87580,72,3
135620,88072,0,6
135620,93273,15,2
135620,93274,14,1
135620,98282,72,2
135620,99780,25,6
135621,30031,72,1
135621,50861,0,1
135621,50862,71,1
135621,69869c01,72,1
135621,80685pr0001,272,1
135622,2447pr0029,15,1
135622,30031,72,1
135622,30169,272,1
135622,50861,0,1
135622,50862,71,1
135622,53451,0,2
135622,69869c01,72,1
135622,75522,4,1
135622,82252,4,1
135623,01723pr0001,15,1
135623,13770,297,1
135623,2446,1,1
135623,30031,71,1
135623,30090,41,1
135623,49661pr0001,14,1
135623,50861,0,1
135623,50862,25,1
135623,69869c02,72,1
135625,10068840,9999,1
135625,10197,0,4
135625,11153,15,2
135625,11211,15,4
135625,11215,71,8
135625,11476,70,2
135625,11476,71,1
135625,11477,321,2
135625,13731,15,2
135625,13965,71,2
135625,14716,0,2
135625,14716,15,8
135625,14769,15,1
135625,14769,0,2
135625,15395,15,1
135625,15533,84,16
135625,15573,27,3
135625,15672,15,2
135625,16577,71,1
135625,22667,26,1
135625,22961,308,1
135625,23950,25,4
135625,2412b,70,5
135625,2412b,321,4
135625,2412b,72,2
135625,2417,288,1
135625,2417,10,1
135625,2431,72,4
135625,2431,0,1
135625,2431,3,1
135625,2431,25,3
135625,2431,2,4
135625,2431,71,10
135625,2432,14,1
135625,2449,15,4
135625,2453b,71,2
135625,2454b,15,2
135625,24866,29,6
135625,25269,71,4
135625,27925,71,4
135625,2852,71,1
135625,2877,0,4
135625,28802,4,1
135625,2926,0,4
135625,3001,19,2
135625,3001,72,2
135625,3001,71,1
135625,3003,15,2
135625,3003,0,7
135625,3004,321,2
135625,3004,71,9
135625,3004,3,2
135625,3004,0,10
135625,3005,0,2
135625,3005,71,4
135625,3005,321,4
135625,3007,0,5
135625,3008,0,11
135625,3008,15,2
135625,3008,3,9
135625,3009,19,1
135625,3009,321,6
135625,3009,71,7
135625,3009,0,3
135625,3009,25,3
135625,3010,15,1
135625,3010,1,3
135625,3010,3,2
135625,3010,321,1
135625,3010,4,1
135625,3020,2,3
135625,3020,0,5
135625,3020,27,3
135625,3021,0,1
135625,3021,72,2
135625,3021,25,4
135625,3022,0,1
135625,3022,71,1
135625,3023,3,6
135625,3023,321,2
135625,3023,2,8
135625,3023,41,2
135625,3024,182,4
135625,3029,71,2
135625,3029,0,1
135625,3030,72,1
135625,3031,1,1
135625,3032,321,2
135625,3032,2,2
135625,3032,71,1
135625,3032,72,1
135625,3032,0,1
135625,3034,15,1
135625,3035,15,1
135625,3035,1,3
135625,3036,72,11
135625,3036,321,4
135625,30363,0,5
135625,30374,71,1
135625,3039,0,2
135625,3039,25,4
135625,30414,14,3
135625,30414,71,6
135625,3062b,70,1
135625,3068b,25,2
135625,3068b,0,4
135625,3068bpr0443,15,1
135625,3069b,71,2
135625,3069b,15,11
135625,3069b,0,5
135625,3069b,72,8
135625,3069b,182,2
135625,3069bpr0198,15,1
135625,3069bpr0307,71,1
135625,3069bpr9996,72,1
135625,3070bpr0234,71,2
135625,30841,15,2
135625,3176,0,2
135625,32028,71,2
135625,32062,4,6
135625,3245c,71,3
135625,3245c,25,2
135625,3245c,1,1
135625,32530,0,2
135625,32607,26,2
135625,32607,10,5
135625,32607,2,2
135625,32952,0,2
135625,34103,71,2
135625,3460,15,8
135625,3460,0,2
135625,3460,72,9
135625,35336,40,1
135625,35480,71,2
135625,35787,4,2
135625,35787,10,2
135625,35787,2,2
135625,35787,14,2
135625,35787,322,2
135625,35787,27,2
135625,35787,3,2
135625,35787,25,2
135625,3623,27,3
135625,3660,72,2
135625,3665,321,7
135625,3666,27,6
135625,3666,0,2
135625,3666,25,3
135625,3679,71,1
135625,3680,3,1
135625,36841,15,2
135625,3710,15,12
135625,3710,72,2
135625,3710,70,3
135625,3710,1,1
135625,3710,71,2
135625,3710,3,2
135625,3710,0,4
135625,3710,27,1
135625,37352,321,4
135625,37352,1,1
135625,3747b,0,1
135625,37762,28,1
135625,3829c01,14,1
135625,3829c01,1,1
135625,3836,70,1
135625,3837,72,1
135625,3899,4,2
135625,3900,15,1
135625,4006,179,1
135625,4070,14,1
135625,4079b,14,6
135625,4079b,19,1
135625,4162,321,4
135625,4162,72,6
135625,4162,15,5
135625,41682,15,16
135625,41682,0,1
135625,41682,71,2
135625,41740,4,4
135625,41740,321,4
135625,41835pr0001,321,1
135625,42205,15,2
135625,42205,0,1
135625,44301b,0,2
135625,44567b,0,2
135625,44568,71,2
135625,4477,27,2
135625,44861,71,2
135625,4522,0,1
135625,45677,321,2
135625,46212,41,4
135625,46303,321,1
135625,4740,0,2
135625,47755,27,1
135625,50254,0,8
135625,50340,71,1
135625,50340,25,4
135625,50745,0,4
135625,51274,70,1
135625,51858,71,1
135625,52031,25,1
135625,52501,0,2
135625,53119,70,1
135625,53401,72,4
135625,53834,72,2
135625,54200,182,2
135625,54200,47,4
135625,54200,36,2
135625,54657,0,2
135625,54661,14,1
135625,57697,0,1
135625,58176,2,1
135625,59349,41,3
135625,59349,15,1
135625,59443,4,4
135625,59443,15,4
135625,59443,0,4
135625,6014b,71,8
135625,60474,0,2
135625,60475b,0,2
135625,60476,71,2
135625,60477,0,1
135625,60478,0,4
135625,60478,27,1
135625,60479,72,6
135625,60581,40,8
135625,60581,41,7
135625,60596,0,1
135625,60596,15,1
135625,60616b,40,1
135625,60616b,15,1
135625,60808,15,1
135625,6091,321,4
135625,6111,0,1
135625,61252,27,2
135625,61332,0,2
135625,6141,27,5
135625,6141,0,8
135625,6141,47,3
135625,6141,34,1
135625,6141,36,4
135625,6179,15,1
135625,6179,3,1
135625,62113,72,1
135625,63082,0,2
135625,63868,0,2
135625,64453,40,1
135625,64570,0,2
135625,64799,15,1
135625,65574,14,1
135625,6636,71,2
135625,6636,27,1
135625,66897,71,4
135625,67338,484,1
135625,67688,71,4
135625,69729,71,4
135625,69729,15,1
135625,69958,72,1
135625,71752,19,1
135625,71771,72,4
135625,72132,0,1
135625,73230,378,1
135625,73562,71,1
135625,78329,84,3
135625,80683,41,4
135625,80683,40,2
135625,81911,47,1
135625,85984,3,2
135625,85984,321,6
135625,85984,72,2
135625,85984,25,3
135625,86996,0,4
135625,87079,0,1
135625,87079,2,8
135625,87079,71,1
135625,87079,72,4
135625,87079pr0235,72,2
135625,87544,41,3
135625,87544,40,1
135625,87580,71,9
135625,87697,0,8
135625,87994,0,1
135625,88072,4,1
135625,88930,71,8
135625,91988,72,6
135625,92099,15,1
135625,92851,47,2
135625,92926,2,1
135625,92950,15,2
135625,92950,0,2
135625,96874,3,1
135625,98138,0,2
135625,98138,14,2
135625,98138pr0186,71,2
135625,98282,72,4
135625,98283,84,6
135625,99207,0,2
135625,99563,72,4
135625,99780,15,4
135625,99780,321,1
135625,99780,70,2
135625,99781,0,1
135626,10068843,9999,1
135626,10202,72,2
135626,10314,4,1
135626,11203,14,2
135626,11208,179,4
135626,11208,0,4
135626,11209,0,8
135626,11211,4,3
135626,11215,71,4
135626,11291,15,1
135626,11458,0,6
135626,11476,15,4
135626,11477,0,4
135626,11610,71,2
135626,14520,72,1
135626,15068,15,2
135626,15068,14,2
135626,15070,0,2
135626,15207,15,4
135626,15254,0,2
135626,15462,70,1
135626,15535,0,2
135626,15573,191,2
135626,1566,10,4
135626,15712,0,8
135626,18651,0,2
135626,18674,70,2
135626,18674,15,1
135626,19220,0,1
135626,20482,4,4
135626,20482,28,2
135626,22667,4,4
135626,22961,71,4
135626,23405,484,4
135626,23950,321,4
135626,2412b,71,5
135626,2412b,72,2
135626,2420,14,8
135626,2420,4,2
135626,2420,15,2
135626,2431,15,2
135626,2431,321,2
135626,2431,14,4
135626,24316,70,2
135626,2432,14,1
135626,2437,40,3
135626,2445,72,4
135626,2449,321,4
135626,2449,0,2
135626,2456,15,2
135626,2456,0,2
135626,25269,41,2
135626,25269,0,2
135626,25269,15,2
135626,2654,0,2
135626,26603,72,2
135626,2730,0,2
135626,28192,71,4
135626,28192,272,4
135626,28567,14,1
135626,2871b,0,2
135626,28738,71,1
135626,28739,15,1
135626,28740,0,1
135626,2877,15,12
135626,29085c01,0,6
135626,29119,14,2
135626,29119,72,1
135626,29119,15,1
135626,29119,0,2
135626,29120,14,2
135626,29120,15,1
135626,29120,0,2
135626,29120,72,1
135626,3001,4,5
135626,3003,14,1
135626,3004,0,2
135626,3004,71,2
135626,3004,4,1
135626,3005,15,4
135626,3005,0,2
135626,3006,71,1
135626,3009,4,1
135626,3009,15,2
135626,3009,0,2
135626,30099,0,2
135626,3010,71,1
135626,3010,15,3
135626,30136,71,2
135626,30150,84,2
135626,3020,14,2
135626,3020,0,4
135626,3021,71,2
135626,3021,0,4
135626,3021,4,2
135626,3022,27,2
135626,3022,191,1
135626,3022,320,1
135626,3022,71,7
135626,3023,41,6
135626,3023,36,11
135626,3023,0,14
135626,3023,47,2
135626,3023,14,14
135626,30292pr9997,272,2
135626,3031,0,2
135626,3031,71,2
135626,3032,72,2
135626,3032,19,1
135626,3033,72,2
135626,3033,484,4
135626,30357,4,2
135626,30377,0,4
135626,30383,4,4
135626,3040b,72,8
135626,3068b,71,1
135626,3068b,0,3
135626,3069b,15,1
135626,3069b,272,12
135626,3069bpr0204,25,1
135626,3070b,0,2
135626,3070bpr0234,71,2
135626,32000,71,2
135626,32002,19,2
135626,32018,71,2
135626,32028,0,8
135626,32028,28,2
135626,32062,4,6
135626,32064a,15,8
135626,32064a,321,8
135626,32069,0,1
135626,32073,71,2
135626,32124,0,4
135626,32278,71,1
135626,32291,71,1
135626,32348,71,1
135626,32449,0,8
135626,32525,0,2
135626,32607,27,6
135626,32802,0,2
135626,33172,25,3
135626,34103,0,2
135626,3460,0,3
135626,3460,15,2
135626,35654,0,10
135626,3623,71,6
135626,3626c,70,1
135626,3665,0,2
135626,3666,71,2
135626,3666,272,10
135626,3666,72,6
135626,3666,14,8
135626,3666,0,11
135626,36840,0,4
135626,3700,14,2
135626,3700,0,6
135626,3706,0,2
135626,3710,70,2
135626,3710,19,2
135626,3710,15,6
135626,3710,0,4
135626,3710,4,10
135626,3710,14,6
135626,37352,4,2
135626,37352,15,4
135626,37352,191,2
135626,3743,71,2
135626,3795,4,1
135626,3795,0,3
135626,3795,72,10
135626,3795,15,2
135626,3829c01,0,3
135626,3832,15,1
135626,38339,0,10
135626,38340,0,20
135626,3837,0,1
135626,3894,15,2
135626,3941,3,2
135626,3958,72,2
135626,39767,71,4
135626,4006,179,1
135626,4025,14,3
135626,40490,4,2
135626,4070,321,4
135626,4079b,272,2
135626,4162,4,3
135626,41740,484,2
135626,42003,15,4
135626,4274,71,6
135626,4282,71,1
135626,4286,0,2
135626,42924,1,4
135626,44301b,0,4
135626,44301b,72,2
135626,4460b,15,4
135626,44728,72,2
135626,44728,15,6
135626,4477,321,2
135626,4477,14,4
135626,44861,72,2
135626,44861,71,4
135626,4519,14,2
135626,45590,0,1
135626,45677,0,3
135626,46189,0,2
135626,48336,14,10
135626,48336,0,6
135626,4865b,40,1
135626,4865b,71,2
135626,4871,72,2
135626,4871,0,3
135626,48729b,71,16
135626,49307,0,2
135626,49311,15,2
135626,50337,71,4
135626,50340,0,8
135626,50745,321,4
135626,50745,15,4
135626,52036,72,1
135626,52036,321,1
135626,52501,15,4
135626,53400,72,16
135626,53401,72,16
135626,53403,72,1
135626,54200,41,4
135626,54200,0,4
135626,54657,71,4
135626,55982,0,6
135626,57779,15,1
135626,57783,40,2
135626,57999,0,4
135626,58176,182,1
135626,59443,71,8
135626,59900,36,3
135626,60032,0,4
135626,6005,4,4
135626,60212,0,4
135626,60219,15,1
135626,60219,0,1
135626,60474,71,1
135626,60478,15,2
135626,60479,15,6
135626,60479,0,2
135626,6060,14,4
135626,60601,40,4
135626,60897,71,2
135626,6111,72,2
135626,6112,72,2
135626,61332,0,16
135626,61409,272,8
135626,6141,182,4
135626,6141,36,2
135626,6179,0,1
135626,6180,70,1
135626,6231,71,4
135626,63864,14,4
135626,63864,0,2
135626,63965,71,8
135626,64415c01,0,2
135626,64451,272,4
135626,64954,72,2
135626,65133,3,8
135626,65249,15,4
135626,6541,4,2
135626,6541,0,4
135626,65571,71,1
135626,65734,0,4
135626,65886,14,10
135626,6636,72,7
135626,6636,272,12
135626,6636,15,2
135626,6636,14,4
135626,67329,72,2
135626,69729,71,1
135626,69729,14,3
135626,69819,0,1
135626,70681,0,2
135626,73562,0,2
135626,73562,4,6
135626,79756,0,2
135626,79757,0,8
135626,84954,40,2
135626,85861,71,5
135626,85861,27,4
135626,85984,14,2
135626,85984,0,14
135626,85984,27,4
135626,85984pr0021,71,2
135626,86996,4,4
135626,86996,0,8
135626,86996,15,4
135626,87079,4,1
135626,87079,15,2
135626,87079,14,1
135626,87081,15,2
135626,87083,72,2
135626,87620,71,4
135626,88646,15,2
135626,88646,0,3
135626,88704,0,2
135626,91988,71,1
135626,92339,72,1
135626,92402,0,6
135626,93273,3,2
135626,93273,15,1
135626,93273,27,2
135626,93273,72,1
135626,93273,321,1
135626,93604,4,1
135626,96874,25,1
135626,98138,36,2
135626,98138,158,3
135626,98138,47,2
135626,98138,14,4
135626,98138,182,2
135626,98138,15,1
135626,98138pr0275,15,2
135626,98281,0,2
135626,98834,0,1
135626,99206,4,2
135626,99563,15,9
135626,99780,15,2
135626,99781,14,2
135626,99781,0,2
135627,10068844,9999,1
135627,11291,0,5
135627,11295,72,1
135627,11476,191,2
135627,11477,0,2
135627,13965,0,2
135627,15068,71,4
135627,15207,40,7
135627,15207,27,6
135627,15254,19,2
135627,15496,15,2
135627,15573,15,1
135627,15672,71,6
135627,19798,15,1
135627,22168,47,1
135627,22961,308,1
135627,2412b,71,1
135627,2412b,0,26
135627,2417,2,1
135627,2417,27,1
135627,2431,19,2
135627,2431,27,2
135627,24312,71,1
135627,24314c02,35,2
135627,2445,27,2
135627,2456,71,5
135627,2465,72,4
135627,2465,0,2
135627,2496,10,1
135627,25269,4,6
135627,25386,19,1
135627,2654,0,1
135627,26601,71,10
135627,26601,27,12
135627,26603,71,1
135627,2871b,0,2
135627,28738,71,1
135627,28739,15,1
135627,28740,0,1
135627,29085c01,0,5
135627,29119,0,5
135627,29120,0,5
135627,2921,15,4
135627,3001,19,3
135627,3003,19,3
135627,3003,15,1
135627,3004,27,8
135627,3004,72,8
135627,3004,15,9
135627,3005,72,2
135627,3008,15,2
135627,3009,27,3
135627,3009,0,1
135627,3010,15,2
135627,3010,71,1
135627,3020,14,3
135627,3020,0,5
135627,3021,71,3
135627,3022,1,5
135627,3022,27,3
135627,3023,4,1
135627,3023,71,14
135627,3023,36,6
135627,3024,15,8
135627,3029,71,2
135627,3031,1,1
135627,3034,72,1
135627,3036,72,3
135627,30363,0,1
135627,3039pr0028,15,1
135627,3040b,41,2
135627,3040b,72,8
135627,3040bpr0013,15,1
135627,3062b,1,8
135627,3062b,70,1
135627,3065,47,1
135627,3068b,19,1
135627,3069bpr0204,25,1
135627,3070b,2,1
135627,32028,71,3
135627,32064a,0,1
135627,3245c,19,1
135627,32739,0,19
135627,32803,0,1
135627,32828,0,2
135627,3298,0,1
135627,33078,4,1
135627,33909,71,9
135627,33909,4,2
135627,3460,27,4
135627,3460,72,2
135627,35480,4,6
135627,35480,71,4
135627,35654,0,1
135627,35787,0,4
135627,35787,27,4
135627,3622,1,2
135627,3623,71,2
135627,3623,27,2
135627,3623,72,8
135627,3665,0,2
135627,3665,15,8
135627,3666,27,2
135627,3706,0,2
135627,3710,71,3
135627,3710,4,2
135627,3743,71,2
135627,3795,4,5
135627,38339,0,10
135627,38340,0,20
135627,4025,14,5
135627,4032a,4,1
135627,40527,0,1
135627,4079b,1,7
135627,4162,71,12
135627,41740,71,9
135627,42022,27,2
135627,42022,15,2
135627,42205,0,4
135627,4282,71,2
135627,4345b,15,1
135627,4346,47,1
135627,4449,0,1
135627,45410,72,1
135627,45677,72,1
135627,4865b,47,2
135627,4871,0,1
135627,49153,15,1
135627,49618,27,2
135627,50340,4,1
135627,51274,70,1
135627,52031,0,1
135627,53400,72,16
135627,53401,72,8
135627,54657,71,1
135627,57999,0,4
135627,60470b,0,1
135627,60476,15,2
135627,60477,0,2
135627,60478,0,2
135627,60479,27,16
135627,60581,47,1
135627,60581,40,5
135627,60594,0,1
135627,6111,0,8
135627,6112,15,10
135627,61332,0,1
135627,6141,4,2
135627,6141,1,6
135627,6141,27,8
135627,6153b,0,2
135627,62462,70,1
135627,62698,0,1
135627,63868,0,3
135627,64799,71,1
135627,64954,72,4
135627,6541,0,2
135627,65574,26,1
135627,65617,15,2
135627,6636,27,1
135627,67338,484,1
135627,69729,15,1
135627,76766,71,2
135627,78257,72,1
135627,80683,40,8
135627,85984,0,4
135627,85984,71,12
135627,87079,0,2
135627,87079,19,1
135627,87079,27,6
135627,87079,70,1
135627,87081,0,1
135627,87544,0,2
135627,87552,40,50
135627,87580,0,2
135627,87620,0,30
135627,87620,15,10
135627,87994,70,1
135627,92099,72,1
135627,92339,72,1
135627,92579,40,1
135627,92582,71,2
135627,92851,47,2
135627,92950,0,8
135627,93274,15,4
135627,96874,25,1
135627,98100,71,1
135627,98138,36,1
135627,98138,41,1
135627,99563,191,2
135628,10087327,9999,1
135628,11092,85,2
135628,11211,15,4
135628,11458,71,2
135628,11610,19,1
135628,15068,322,1
135628,15068,85,6
135628,15208,15,2
135628,15533,72,2
135628,15535,71,1
135628,1567,158,1
135628,15712,0,2
135628,18677,0,2
135628,2412b,85,1
135628,24246,321,2
135628,2431,25,5
135628,25386,19,1
135628,30031,72,1
135628,3004,29,1
135628,3005,85,6
135628,3010,85,2
135628,30176,2,2
135628,3020,322,3
135628,3020,27,2
135628,3022,85,6
135628,3023,322,1
135628,3031,85,1
135628,3032,27,1
135628,3034,71,1
135628,3035,19,1
135628,30414,321,2
135628,3070b,71,4
135628,32014,0,2
135628,32015,71,2
135628,32062,4,2
135628,32064a,14,4
135628,32072,0,4
135628,32123b,14,1
135628,32532,0,1
135628,33078,4,1
135628,35480,322,1
135628,3665,85,2
135628,3666,25,3
135628,3673,71,4
135628,36840,71,2
135628,3701,27,2
135628,3705,4,3
135628,3707,0,2
135628,3708,4,1
135628,3709,4,3
135628,3713,71,2
135628,3795,72,2
135628,40145,0,4
135628,4032a,19,2
135628,42022,0,2
135628,45677,85,4
135628,50861,0,1
135628,50862,71,1
135628,50950,85,2
135628,53119,15,1
135628,54568,0,1
135628,59895,0,4
135628,60475b,72,2
135628,6091,321,4
135628,61332,0,18
135628,6141,45,1
135628,6141,46,1
135628,6187,71,2
135628,6232,14,2
135628,64644,70,2
135628,64647,182,2
135628,67446,72,1
135628,69869c01,72,1
135628,71772,25,1
135628,75538,25,1
135628,75539,25,1
135628,77822,182,2
135628,77823,182,8
135628,85861,71,4
135628,85984,85,2
135628,87079,25,5
135628,87580,72,2
135628,87990,226,1
135628,88930,322,2
135628,93273pr9992,322,1
135628,96874,3,1
135628,98283,71,6
135628,99563,25,3
135629,10092286,9999,1
135629,10197,0,5
135629,11153,27,4
135629,11211,0,4
135629,11211,27,3
135629,11477,0,4
135629,11477,26,2
135629,14718,72,1
135629,15068,27,2
135629,15207,0,4
135629,15208,191,1
135629,15573,19,1
135629,15672,72,2
135629,15712,15,4
135629,16770,71,4
135629,17485,0,2
135629,18651,0,2
135629,1875,47,1
135629,18980,27,1
135629,22385,3,2
135629,2357,0,2
135629,2412b,27,3
135629,2412b,85,3
135629,2412b,179,6
135629,2420,27,1
135629,2431,27,2
135629,2431,71,4
135629,2431,26,2
135629,2431,4,2
135629,2432,71,1
135629,2445,0,2
135629,2486,25,1
135629,25061,25,2
135629,26603,0,2
135629,27257,182,2
135629,28326,0,1
135629,29119,27,1
135629,29120,27,1
135629,3001,25,2
135629,3003,3,1
135629,3003,1,1
135629,30031,72,2
135629,3004,27,4
135629,3004,28,3
135629,3005,27,2
135629,30089b,0,1
135629,3009,0,3
135629,3010,85,5
135629,3010,0,2
135629,30115,2,2
135629,30136,28,1
135629,30136,0,4
135629,30166,71,2
135629,3020,1,1
135629,3020,27,1
135629,3020,71,2
135629,3021,15,1
135629,3021,28,2
135629,3022,19,1
135629,3022,322,1
135629,30222,33,1
135629,3023,3,5
135629,3023,27,2
135629,3023,4,2
135629,3023,71,6
135629,3028,85,1
135629,3032,72,2
135629,3032,0,1
135629,3034,71,3
135629,3036,0,1
135629,3039pr0029,15,1
135629,30414,19,1
135629,3062b,46,1
135629,3069b,4,1
135629,3069b,27,2
135629,3069b,25,5
135629,3069bpr0198,15,1
135629,32000,4,2
135629,32062,4,2
135629,3245c,0,4
135629,32523,27,2
135629,32524,4,2
135629,32525,4,2
135629,3299,0,1
135629,33909,25,7
135629,3460,26,2
135629,3460,19,1
135629,3460,72,2
135629,3460,15,4
135629,35480,0,6
135629,35480,72,4
135629,3623,14,1
135629,3660,27,1
135629,3665,71,1
135629,3666,0,2
135629,3666,191,5
135629,3666,72,1
135629,3673,14,8
135629,3673,71,6
135629,3679,71,1
135629,3680,4,1
135629,36840,0,2
135629,3700,72,1
135629,3700,27,2
135629,3701,27,2
135629,3706,4,1
135629,3710,1,2
135629,3710,27,3
135629,3710,0,2
135629,3710,4,2
135629,3710,15,4
135629,3713,4,8
135629,3749,19,2
135629,3829c01,14,1
135629,3832,19,1
135629,3894,0,1
135629,3937,71,2
135629,39790,0,1
135629,39888,19,6
135629,40145,0,8
135629,4079b,272,1
135629,4162,2,4
135629,4162,25,1
135629,4162,4,2
135629,41682,71,4
135629,41740,72,1
135629,41767,0,3
135629,41768,0,3
135629,42023,27,2
135629,42135,0,5
135629,4274,71,3
135629,4282,0,2
135629,4286,0,2
135629,4360,0,1
135629,43719,0,1
135629,43857,0,2
135629,44294,71,1
135629,44861,15,4
135629,4519,71,2
135629,45590,0,2
135629,46189,0,4
135629,46303,1050,1
135629,47457,4,1
135629,47753,3,2
135629,48336,0,2
135629,4865b,0,2
135629,4865b,41,1
135629,49668,191,2
135629,50303,0,1
135629,50861,0,2
135629,50862,71,2
135629,52031,0,1
135629,52501,72,1
135629,53912,0,1
135629,54200,85,4
135629,56145,179,4
135629,59443,25,2
135629,59895,0,8
135629,59900,25,4
135629,60169,72,1
135629,60212,0,1
135629,60219,72,2
135629,60474,72,1
135629,60477,0,6
135629,60478,0,4
135629,61332,0,36
135629,6134,0,2
135629,6141,45,2
135629,6141,33,1
135629,6141,34,1
135629,6141,46,1
135629,6141,36,1
135629,6141,47,2
135629,6180,0,1
135629,62361,0,2
135629,62462,14,1
135629,63868,27,2
135629,63868,71,2
135629,64647,182,2
135629,6541,0,2
135629,6636,27,2
135629,66906,4,8
135629,67687,71,1
135629,69729,71,3
135629,69729,0,4
135629,69857,308,1
135629,69869c01,72,2
135629,70695,0,4
135629,71772,25,1
135629,71772,27,1
135629,72132,0,1
135629,73109,71,12
135629,73230,15,1
135629,73230,71,2
135629,75522,85,1
135629,75539,25,6
135629,77822,182,2
135629,77822,35,2
135629,77823,35,8
135629,77823,182,8
135629,78666,4,1
135629,80685,191,1
135629,85861,71,2
135629,85959pat0003,36,4
135629,85959pat0008,57,2
135629,85984,14,1
135629,87079,25,4
135629,87079,3,2
135629,87079,71,1
135629,87083,72,4
135629,87544,71,2
135629,87580,72,2
135629,88646,15,2
135629,88930,0,4
135629,88930,27,1
135629,91988,71,2
135629,92583,40,1
135629,92692,15,1
135629,93273,322,1
135629,96874,25,1
135629,98138,4,3
135629,98138,35,2
135629,98138pr0035,179,1
135630,10197,25,2
135630,11640,321,1
135630,14210,0,2
135630,17485,25,2
135630,23969,15,2
135630,2412b,71,2
135630,25059,1103,1
135630,27256,41,8
135630,27940,72,2
135630,3001,25,8
135630,3002,0,4
135630,30031,71,1
135630,3004,27,2
135630,3006,0,4
135630,3008,71,2
135630,30136,0,2
135630,3023,25,6
135630,30367c,0,2
135630,30592,71,2
135630,32013,27,4
135630,32064a,71,2
135630,35458,85,1
135630,3673,14,2
135630,3705,4,4
135630,3709,0,10
135630,3710,0,2
135630,3795,25,10
135630,3956,71,2
135630,4274,15,4
135630,4349,0,1
135630,4519,14,2
135630,46304,26,1
135630,4740,0,8
135630,50861,0,1
135630,50862,25,1
135630,59443,25,2
135630,60479,71,2
135630,65184,33,2
135630,6541,27,4
135630,6636,27,4
135630,69729,0,9
135630,69869c02,72,1
135630,75522,321,1
135630,75539,25,2
135630,90258,72,2
135630,91988,71,4
135630,95347,0,2
135631,10172,297,1
135631,11215,0,2
135631,11833,0,3
135631,14769,27,3
135631,18948,15,2
135631,2432,25,2
135631,2445,25,1
135631,2447,27,1
135631,25059,1103,1
135631,30031,71,1
135631,30169,272,1
135631,3020,1,1
135631,3023,25,2
135631,3030,71,2
135631,30361c,15,6
135631,30367c,0,2
135631,30367c,15,3
135631,32062,4,2
135631,3705,4,5
135631,3707,0,3
135631,3709,0,4
135631,3941,31,1
135631,39611,1000,7
135631,39789,27,2
135631,4006,0,1
135631,4032a,321,3
135631,4032a,25,2
135631,44294,14,2
135631,4515,0,4
135631,4519,71,2
135631,48729b,71,5
135631,50861,0,1
135631,50862,71,1
135631,59443,0,2
135631,65700,323,1
135631,65702,323,1
135631,67446,72,2
135631,69869c01,72,1
135631,75533pr0005,0,1
135631,75539,25,4
135631,80681,321,2
135631,82252,15,1
135631,87081,31,1
135631,87081,226,2
135631,90370pr0005,0,1
135631,95347,0,4
135631,98138,1000,7
135632,10884,27,2
135632,11303,70,1
135632,14518,72,2
135632,14769,70,6
135632,1567,4,1
135632,17485,0,2
135632,20512,72,2
135632,2431,0,2
135632,2456,70,2
135632,2465,25,4
135632,2489,308,6
135632,2723,0,2
135632,30031,71,1
135632,3006,0,2
135632,30153,36,2
135632,3021,25,8
135632,30236,0,4
135632,3039,25,4
135632,3039,70,4
135632,3068bpr0240,19,1
135632,32034,25,1
135632,3660,0,4
135632,3705,4,3
135632,3749,19,2
135632,3832,27,2
135632,4738c,70,1
135632,4739a,70,1
135632,4790b,70,2
135632,50861,0,1
135632,50862,71,1
135632,54568,0,1
135632,59443,71,2
135632,65509,70,2
135632,69729,25,12
135632,69869c01,72,1
135632,75539,25,4
135632,95347,25,4
135632,95347,0,2
135632,98368,4,1
135634,11476,71,1
135634,1413pr0001,484,2
135634,14719,14,2
135634,15068,321,1
135634,15573,70,2
135634,15712,297,1
135634,18041,297,1
135634,23969,19,1
135634,2412b,14,2
135634,2446,4,1
135634,2447,47,1
135634,24946,15,2
135634,30031,0,1
135634,30150,84,1
135634,3020,321,1
135634,3020,19,1
135634,3020,0,1
135634,3022,27,2
135634,3023,14,1
135634,3023,272,2
135634,3023,36,1
135634,3024,15,2
135634,3032,4,1
135634,3039,2,1
135634,3062b,15,8
135634,3062b,19,4
135634,3069b,41,1
135634,32606,191,1
135634,32607,2,1
135634,3298,4,4
135634,33909,70,1
135634,3633,297,1
135634,3659,15,4
135634,3666,19,3
135634,3710,70,1
135634,37352,70,1
135634,3958,10,1
135634,41740,15,1
135634,44674,321,2
135634,48336,297,2
135634,48336,0,2
135634,4865b,47,2
135634,59900,297,1
135634,6014b,71,4
135634,60594,15,1
135634,60607,297,2
135634,6141,2,4
135634,65886,70,1
135634,69963,72,2
135634,69964,0,2
135634,85984,19,1
135634,87079,28,1
135634,87580,4,1
135634,87697,0,4
135634,99780,27,1
135635,10069881,9999,1
135635,11208,179,4
135635,11209,0,4
135635,11477,25,2
135635,11477,72,2
135635,1411pat0001,10,3
135635,15070,71,2
135635,1566,10,9
135635,15712,72,2
135635,18674,10,4
135635,18980,2,1
135635,20482,70,1
135635,2412b,0,2
135635,2432,25,1
135635,24866,10,1
135635,2489,84,1
135635,26047,2,2
135635,2821,84,1
135635,29685pr0001,71,1
135635,298c02,4,1
135635,3001,19,2
135635,3001,14,1
135635,3003,4,1
135635,3004,19,2
135635,3005,15,1
135635,3005,2,4
135635,3009,15,1
135635,3010,15,2
135635,3010,2,2
135635,30150,84,2
135635,3020,4,2
135635,3020,27,3
135635,3021,70,2
135635,3023,15,1
135635,3023,27,2
135635,3023,19,1
135635,3024,182,2
135635,3024,15,4
135635,3033,2,1
135635,3034,10,1
135635,3035,70,2
135635,3040b,27,3
135635,3040b,2,3
135635,3040b,19,5
135635,3040b,15,4
135635,3040bpr0013,15,1
135635,30414,14,1
135635,30586,71,2
135635,3062b,4,2
135635,3065,41,2
135635,3068b,25,3
135635,3069b,14,3
135635,3070b,25,2
135635,32014,72,2
135635,32607,27,9
135635,32952,15,6
135635,33051,4,1
135635,33051,10,1
135635,33085,14,1
135635,33172,25,3
135635,33183,10,7
135635,3460,70,3
135635,3460,15,1
135635,34816,15,2
135635,35654,0,1
135635,3622,15,1
135635,3622,19,5
135635,3623,27,2
135635,3623,15,4
135635,3665,2,6
135635,3665,15,1
135635,3666,71,2
135635,3666,2,1
135635,3666,15,6
135635,3666,72,1
135635,3666,27,2
135635,36840,27,2
135635,3701,19,3
135635,3710,1,1
135635,3710,27,5
135635,37762,10,5
135635,3795,15,1
135635,3795,72,1
135635,3821,15,1
135635,3822,15,1
135635,3829c01,14,1
135635,3837,72,1
135635,3937,0,3
135635,3942c,25,1
135635,3958,72,1
135635,41539,10,2
135635,4162,19,1
135635,41740,15,1
135635,42205,15,1
135635,4282,71,3
135635,44865,71,6
135635,4727,10,1
135635,47905,4,1
135635,49308,25,1
135635,50745,72,4
135635,51270,25,1
135635,52031,15,1
135635,53451,14,1
135635,53451,4,3
135635,53451,27,1
135635,53451,25,1
135635,54200,15,2
135635,54200,2,3
135635,54200,27,5
135635,60476,15,2
135635,60581,41,4
135635,60594,15,1
135635,6134,0,3
135635,6233,25,1
135635,6254,85,3
135635,63864,25,2
135635,64647,41,1
135635,67329,14,2
135635,67688,0,4
135635,71752,0,1
135635,78256,71,2
135635,79736,27,1
135635,80683,15,2
135635,85861,4,2
135635,86996,84,2
135635,87079,25,3
135635,87544,15,1
135635,87580,19,1
135635,92583,41,1
135635,95344,72,1
135635,95345,70,1
135635,98138,10,3
135635,98138,41,3
135635,98138pr0185,179,1
135635,98835,15,1
135636,13770,297,1
135636,1410pr0001,29,2
135636,14719,14,4
135636,15068,71,1
135636,15068,321,1
135636,15535,15,1
135636,15573,297,1
135636,15624,4,1
135636,15627,4,2
135636,1568pr0001,19,1
135636,1569pr0001,15,1
135636,1570,15,1
135636,16577,15,2
135636,17485,4,1
135636,18920,179,1
135636,18922,15,1
135636,18922,10,1
135636,22885,71,1
135636,22886,15,1
135636,23969,41,2
135636,2412b,179,6
135636,2431,27,2
135636,2431,72,1
135636,2456,70,1
135636,2498,1,1
135636,2508,0,1
135636,3003,14,2
135636,3004,84,1
135636,3004,321,2
135636,3007,72,1
135636,30076,0,1
135636,3008,15,6
135636,3010,15,4
135636,3010,321,2
135636,3010,72,2
135636,30145,15,2
135636,30150,84,1
135636,3022,71,1
135636,3023,46,1
135636,30237b,71,2
135636,30249,15,2
135636,3031,70,1
135636,3040b,15,2
135636,3068b,321,1
135636,3068b,15,1
135636,3069b,84,1
135636,32028,15,1
135636,32073,14,1
135636,33172,25,3
135636,33183,10,6
135636,34816,15,4
135636,3666,14,2
135636,3710,15,1
135636,3710,4,4
135636,3710,321,2
135636,3829c01,71,1
135636,3836,70,1
135636,3837,179,1
135636,3852b,191,1
135636,3941,1,1
135636,4032a,14,1
135636,41539,4,2
135636,4162,4,2
135636,41740,14,10
135636,41948,10,2
135636,4217,15,1
135636,42610,71,4
135636,4349,72,1
135636,44567b,71,1
135636,44861,0,2
135636,47720,0,2
135636,48336,71,4
135636,50335,0,1
135636,50373,321,1
135636,51270,25,3
135636,53119,70,2
135636,55981,71,2
135636,58181,47,2
135636,59349,47,2
135636,59900,1,1
135636,60169,71,1
135636,60219,321,2
135636,60475b,15,6
135636,60594,4,1
135636,6126b,41,1
135636,61332,0,1
135636,64450,0,1
135636,64452pr0001,84,1
135636,64847,15,2
135636,64951,70,1
135636,65509,70,3
135636,65886,4,4
135636,6636,14,6
135636,6636,27,4
135636,67095,84,1
135636,69729pr0009,15,1
135636,73590c03a,0,1
135636,74188pr0001,0,1
135636,74214,71,2
135636,78333,71,1
135636,79736,27,1
135636,80400,15,2
135636,80674,226,1
135636,80679pr0003,71,1
135636,85984,4,2
135636,87079,272,1
135636,87580,14,2
135636,87621pr0004,29,1
135636,92402,0,2
135636,92409,0,4
135636,92926,72,1
135636,95270,4,2
135636,95345,70,1
135636,98263,71,2
135637,10098711,9999,1
135637,11610,10,1
135637,11610,19,2
135637,1411pat0001,10,2
135637,14716,27,2
135637,14719,10,1
135637,15068,27,4
135637,15210pr0011,15,1
135637,15573,4,1
135637,15573,71,1
135637,1566,10,2
135637,18653,27,2
135637,18674,72,1
135637,20482,72,1
135637,20482,15,2
135637,2357,15,1
135637,23969,41,2
135637,2412b,179,13
135637,2431,2,2
135637,2431,15,4
135637,2431,4,1
135637,2431,27,3
135637,2431,72,4
135637,2431,0,1
135637,2431pr0158,14,1
135637,2432,71,2
135637,2441,0,2
135637,2445,71,2
135637,24947,25,1
135637,2496,0,2
135637,26603,15,1
135637,2877,72,2
135637,3001,15,2
135637,3001,25,4
135637,30028,0,8
135637,3003,15,1
135637,3004,2,6
135637,3004,27,5
135637,3004,19,1
135637,3004,15,4
135637,3005,15,2
135637,3005pr0026,73,2
135637,3005pr9993,27,2
135637,3006,15,3
135637,3008,2,3
135637,3010,25,1
135637,30150,84,5
135637,30166,15,1
135637,3020,72,2
135637,3020,15,2
135637,3020,71,4
135637,3021,70,5
135637,3022,25,2
135637,3022,71,4
135637,3023,19,1
135637,3034,15,3
135637,3034,2,1
135637,3037,2,5
135637,30383,0,2
135637,3039,2,1
135637,3039pr0029,15,1
135637,30414,15,2
135637,3062b,4,2
135637,3068b,2,4
135637,3068b,27,1
135637,3068bpr0443,15,1
135637,3069b,46,2
135637,3069b,27,2
135637,3069b,25,2
135637,3069b,71,1
135637,3069bpr0304,15,1
135637,3069bpr0305,14,1
135637,3070b,25,4
135637,32028,71,6
135637,32064a,2,2
135637,32316,0,2
135637,32316,14,2
135637,3245c,2,10
135637,32606,5,1
135637,32606,191,1
135637,33051,4,2
135637,33051,10,1
135637,33085,14,2
135637,33172,25,2
135637,33183,10,4
135637,33909,19,5
135637,35464,25,2
135637,35464,15,2
135637,3622,2,4
135637,3623,71,2
135637,3623,15,2
135637,3623,4,2
135637,3666,71,2
135637,3706,4,1
135637,3710,27,3
135637,3710,15,2
135637,3821,4,1
135637,3822,4,1
135637,3823,41,2
135637,3829c01,71,2
135637,3937,0,3
135637,3942c,25,1
135637,3957b,71,1
135637,4162,2,5
135637,4162,71,1
135637,42205,15,1
135637,4342,84,2
135637,4342,19,1
135637,44728,25,2
135637,44861,71,2
135637,45677,0,1
135637,45707b,72,1
135637,4727,10,1
135637,48336,15,2
135637,4865b,41,3
135637,49311,15,4
135637,49618,2,1
135637,49649,25,1
135637,51270,4,2
135637,54669,0,1
135637,58176,182,1
135637,59349,41,3
135637,59900,182,2
135637,59900,25,1
135637,60212,4,2
135637,60470b,72,2
135637,6091,25,4
135637,6112,15,2
135637,6134,0,3
135637,6141,27,2
135637,61780,2,2
135637,6182,15,1
135637,6254,85,2
135637,64450,0,1
135637,64648,179,2
135637,64799,15,1
135637,65886pr0008,272,2
135637,6636,72,4
135637,67338,484,2
135637,69958,72,1
135637,71752,0,2
135637,71771,72,2
135637,74967,71,8
135637,78258,0,1
135637,80683,41,2
135637,85543,15,1
135637,85861,0,2
135637,85861,2,2
135637,85984,72,1
135637,87079,72,3
135637,87087,2,2
135637,87544,15,8
135637,87580,72,1
135637,87618,0,1
135637,87990,0,1
135637,91405,71,1
135637,92438,71,1
135637,93273,0,3
135637,93274,4,2
135637,95228,47,3
135637,95228,34,3
135637,95228,40,3
135637,95343,4,2
135637,96874,25,1
135637,98138,14,2
135637,98138,41,2
135637,98138,36,4
135637,98138,10,1
135637,98138pr0275,15,1
135638,10172,297,1
135638,11303,1,1
135638,11476,71,2
135638,14137,0,2
135638,15534,72,1
135638,15573,72,2
135638,15712,14,4
135638,18674,0,4
135638,18855,323,1
135638,18904,2,1
135638,18905pr0001,2,1
135638,18906,2,1
135638,19220,0,1
135638,19798,321,1
135638,20482,321,2
135638,22885,71,3
135638,22889,72,3
135638,24086,84,1
135638,2412b,179,2
135638,2417,10,2
135638,2432,4,2
135638,2445,71,2
135638,2486,25,2
135638,25214,1103,2
135638,2540,0,4
135638,2569,0,1
135638,26047,0,2
135638,26601,19,2
135638,27965,179,2
135638,28326,10,4
135638,298c02,14,2
135638,3002,15,2
135638,30089b,0,1
135638,3009,72,1
135638,3010,10,2
135638,30150,84,1
135638,30162,71,1
135638,3020,4,3
135638,3022,25,1
135638,3023,36,1
135638,3023,46,2
135638,3023,71,3
135638,3031,2,2
135638,3035,28,1
135638,3036,2,1
135638,30395,72,1
135638,30414,19,3
135638,3062b,0,1
135638,3062b,41,1
135638,3069b,182,2
135638,3069b,321,2
135638,32083,191,1
135638,3245c,19,4
135638,32607,10,2
135638,3298,4,1
135638,33172,25,1
135638,33183,10,1
135638,33320,1050,1
135638,35336,41,1
135638,35458,10,1
135638,35480,484,1
135638,35827,70,1
135638,3623,2,2
135638,3626cpr0893,14,1
135638,3626cpr1579,14,1
135638,3665,10,4
135638,3666,2,2
135638,3710,25,2
135638,3743,0,1
135638,3747b,72,2
135638,3795,10,2
135638,3795,15,1
135638,3829c01,4,1
135638,3837,72,1
135638,3852b,191,1
135638,38648pat0001,0,1
135638,3899,4,1
135638,3957b,70,1
135638,3960,19,1
135638,40527,379,2
135638,40687,72,2
135638,4274,15,1
135638,42876,484,1
135638,4360,0,1
135638,43898,72,2
135638,44301b,72,2
135638,48729b,72,4
135638,49153,71,1
135638,49668,0,1
135638,50335,0,1
135638,50950,72,2
135638,51482,0,1
135638,51858,71,1
135638,52031,19,1
135638,52031pr0003,19,1
135638,53020,212,1
135638,54200,41,2
135638,54657,4,2
135638,54661,14,2
135638,55981,15,4
135638,59900,182,4
135638,60169,71,1
135638,6020,4,2
135638,60474,15,1
135638,60481,19,2
135638,61072,179,2
135638,6112,72,2
135638,6126b,41,3
135638,6141,47,3
135638,62696,308,1
135638,62810,484,1
135638,63965,28,2
135638,64567,1103,1
135638,64648,179,1
135638,6583,14,2
135638,66965,19,1
135638,67632pr0004,484,1
135638,67737,0,1
135638,67900pr0001,84,1
135638,77307pr0003,0,1
135638,78532pr0002,27,1
135638,80677,15,1
135638,86208,71,2
135638,87079,321,4
135638,87079pr0210,15,1
135638,87087,0,3
135638,91988,0,1
135638,92402,0,4
135638,92582,71,2
135638,92690,71,1
135638,93140,15,1
135638,93160,15,1
135638,93273,4,2
135638,96874,25,1
135638,970c05,272,1
135638,970c11pr2096,28,1
135638,973c26h01pr5640,19,1
135638,973c28h12pr5625,1,1
135638,98138,34,1
135638,98138,46,1
135638,98138,1050,1
135638,98138,36,1
135638,98283,484,2
135638,98313,179,3
135638,98549,71,1
135638,99206,4,2
135639,10172,297,1
135639,10190,321,2
135639,10190,0,2
135639,10247,0,1
135639,10312,47,1
135639,11090,4,2
135639,11458,272,2
135639,11476,0,1
135639,11476,1,4
135639,11640,4,1
135639,15068,4,1
135639,15068pr0015,15,1
135639,15530,272,1
135639,15573,4,1
135639,15573,19,1
135639,15712,14,2
135639,16091,71,2
135639,16577,70,1
135639,16606pat0002pr0001,484,1
135639,18674,0,3
135639,18674,4,2
135639,19220,0,1
135639,19798,321,2
135639,22385pr0127,272,1
135639,22885,15,2
135639,2340,1,2
135639,2412b,85,1
135639,2432,1,3
135639,2432,0,2
135639,2446,15,1
135639,25214,179,2
135639,2569,0,2
135639,2654,15,4
135639,27256,41,2
135639,2877,15,1
135639,30031,72,1
135639,3004,71,1
135639,30089b,27,1
135639,30090,41,1
135639,3010,1,1
135639,30153,34,1
135639,30162,288,1
135639,3020,1062,3
135639,3020,1,1
135639,3023,33,3
135639,3029,1,1
135639,3032,71,1
135639,3032,272,1
135639,3034,19,1
135639,30395,72,1
135639,3039pr0025,15,1
135639,3040b,19,2
135639,3040b,288,1
135639,30414,15,4
135639,3062b,297,2
135639,3068bpr0655,15,1
135639,3069b,15,1
135639,3069bpr0301,71,1
135639,3070bpr0147,71,1
135639,3070bpr0235,71,1
135639,3245c,19,1
135639,33085,14,2
135639,3460,1,4
135639,35299,41,1
135639,35394,41,1
135639,35458,272,1
135639,3626cpr1580,14,1
135639,3626cpr2523,14,1
135639,3666,14,2
135639,3666,2,2
135639,3673,14,1
135639,3678b,71,2
135639,3700,19,1
135639,3701,71,1
135639,3710,15,2
135639,3710,1062,2
135639,3795,15,2
135639,3795,1,3
135639,3829c01,15,1
135639,3838a,15,1
135639,3839b,15,1
135639,3839b,72,1
135639,38648pat0001,0,1
135639,38781,25,2
135639,3957b,1,1
135639,4081b,0,2
135639,4162,19,2
135639,41769,1062,2
135639,41770,1062,2
135639,41811,1062,1
135639,42023,15,2
135639,4274,71,1
135639,4286,1,2
135639,4289,15,1
135639,4349,4,2
135639,4360,0,1
135639,4588,4,2
135639,4590,72,1
135639,46304,15,1
135639,46667,72,1
135639,4740,41,4
135639,47406,0,1
135639,47407,1,1
135639,47457,4,2
135639,4868b,1062,2
135639,49577,1050,1
135639,50303,1,1
135639,50943,179,1
135639,52494,72,2
135639,54200,288,1
135639,54200,1,2
135639,54200,15,2
135639,59900,33,4
135639,59900,70,1
135639,60169,71,1
135639,60219,0,2
135639,60596,1,3
135639,60621,71,1
135639,6126b,41,2
135639,6141,33,6
135639,61482,71,1
135639,61482,297,1
135639,6180,15,1
135639,6239,1062,2
135639,62711,25,1
135639,63783,71,1
135639,63864,70,1
135639,64567,0,1
135639,64644,297,2
135639,6541,71,2
135639,65571,1103,2
135639,65768,0,1
135639,6587,28,1
135639,6636,4,1
135639,66897,71,4
135639,73590c03a,0,1
135639,80677,41,2
135639,85861,14,5
135639,85861,28,1
135639,85959pat0003,36,2
135639,86208,71,4
135639,87087,70,1
135639,87617,0,2
135639,87990,226,1
135639,87991,0,1
135639,90194,1062,1
135639,90370,0,1
135639,92409,0,4
135639,92589,71,2
135639,92950,0,1
135639,93106,0,1
135639,93593,71,4
135639,95354,0,1
135639,96874,25,1
135639,970c05,272,1
135639,970c12,72,1
135639,973c05h03pr5418,272,1
135639,973c29h03pr4527,212,1
135639,98100,15,2
135639,98138,46,3
135639,98302,321,2
135639,98383,297,1
135639,99206,71,2
135639,99563,297,2
135640,10050,1103,3
135640,10247,0,1
135640,11213,71,1
135640,11476,0,4
135640,13971,71,4
135640,14704,71,1
135640,14769pr9998,297,1
135640,15624,84,1
135640,18674,4,3
135640,18980,71,1
135640,21459,4,1
135640,21459,322,1
135640,23443,0,1
135640,2417,10,2
135640,24946pr0002,15,1
135640,2654,182,1
135640,27261,70,1
135640,3003,14,1
135640,30031,179,1
135640,3005,4,2
135640,3021,321,2
135640,3022,25,1
135640,3023,4,3
135640,3035,19,2
135640,3035,72,2
135640,3040b,321,2
135640,3043,0,3
135640,32124,70,1
135640,32530,72,1
135640,32607,10,4
135640,32932,4,2
135640,33909,0,1
135640,3673,14,7
135640,3795,4,1
135640,38014,15,1
135640,38547pat0002,321,2
135640,3941,4,5
135640,40379,3,1
135640,40379,4,1
135640,40934pr0002,4,1
135640,41948,84,3
135640,47456,1103,1
135640,47456,0,10
135640,47847,72,1
135640,49153,72,3
135640,51274,4,1
135640,51274,70,2
135640,59900,35,4
135640,60470b,0,2
135640,61254,0,4
135640,6126b,182,1
135640,61332,0,2
135640,62462,4,2
135640,62462,70,2
135640,63868,70,2
135640,64225,321,2
135640,64225pr9998,25,1
135640,64867,72,2
135640,65186,4,1
135640,65428pr0004,321,1
135640,67737,0,1
135640,70682,72,2
135640,71752,19,1
135640,80400,70,2
135640,80477,72,1
135640,80497,308,2
135640,85984,321,3
135640,88289,0,1
135640,93055,297,1
135640,93273,3,2
135640,93789,179,1
135640,98071pr0010,4,1
135640,98072pr0010,4,1
135640,98139,297,2
135640,99206,4,4
135641,10001922,9999,1
135641,11153,1,2
135641,11211,0,1
135641,11476,71,1
135641,15068,1,1
135641,15712,71,1
135641,18654,297,2
135641,22388,45,2
135641,2357,1,2
135641,27256,46,2
135641,3001,1,1
135641,30031,179,1
135641,3005,45,1
135641,3010,1,1
135641,30136,72,2
135641,3020,0,1
135641,3021,1,4
135641,3023,46,3
135641,3065,45,1
135641,32013,0,2
135641,32073,14,3
135641,32123b,15,2
135641,33909,70,1
135641,35480,0,3
135641,3700,71,1
135641,3713,71,3
135641,4032a,71,3
135641,41179,297,2
135641,4185,297,2
135641,42135,1,4
135641,43093,1,2
135641,44728,1,2
135641,44861,71,2
135641,47456,1103,1
135641,47458,297,1
135641,55013,72,2
135641,55976,0,1
135641,59900,297,2
135641,60476,1,4
135641,60483,0,2
135641,61332,0,3
135641,6141,297,6
135641,62462,1103,4
135641,64727,71,2
135641,65834pat0001,297,1
135641,75937,1103,1
135641,79985,45,1
135641,80324,72,1
135641,82276pat0002,297,1
135641,85943,72,3
135641,86125a,297,2
135641,86125b,297,4
135641,86125c,297,2
135641,86125d,297,2
135641,86125e,297,2
135641,86148,297,2
135641,87083,72,2
135641,89678,4,1
135641,92338,297,1
135641,92690,1103,1
135641,98137,297,2
135641,98138,45,1
135641,98313,1103,6
135641,99021,72,1
135641,99206,0,3
135641,99207,0,2
135642,10001923,9999,1
135642,10197,0,2
135642,11214,4,2
135642,11458,72,2
135642,11477,72,6
135642,15068,72,1
135642,15068,25,2
135642,15573,72,1
135642,15672,0,2
135642,15712,70,1
135642,18651,0,2
135642,18674,0,2
135642,18980,72,1
135642,21459,297,2
135642,22961,72,8
135642,2412b,297,1
135642,2412b,36,1
135642,2420,4,4
135642,24299,25,1
135642,24299,0,1
135642,24307,0,1
135642,24307,25,1
135642,2431,71,1
135642,2432,72,2
135642,2456,70,1
135642,2540,71,1
135642,26601,72,2
135642,27263,72,2
135642,28192,297,4
135642,29119,25,2
135642,29120,25,2
135642,3001,70,1
135642,3020,25,2
135642,3020,70,2
135642,3020,0,4
135642,3020,2,1
135642,3021,72,3
135642,3022,71,2
135642,30237b,0,1
135642,3031,71,1
135642,3034,71,2
135642,3069b,0,2
135642,3070b,72,1
135642,32034,72,2
135642,32062,4,6
135642,32348,0,2
135642,32526,72,4
135642,34076,0,2
135642,34103,71,2
135642,3460,72,2
135642,3460,25,1
135642,35480,0,2
135642,3623,71,2
135642,3665,72,2
135642,3666,71,5
135642,3673,71,2
135642,3701,0,2
135642,3706,0,1
135642,3708,0,1
135642,3710,4,4
135642,3710,0,1
135642,3713,71,2
135642,3713,0,4
135642,3795,28,7
135642,3795,0,3
135642,3829c01,0,1
135642,3894,72,2
135642,39888,19,6
135642,41179,297,4
135642,4185,72,2
135642,4274,71,2
135642,4282,72,2
135642,42924,1,8
135642,43093,1,4
135642,44728,28,2
135642,4519,71,2
135642,47458,297,1
135642,47905,72,1
135642,48267,297,4
135642,49283,4,2
135642,49668,182,2
135642,50950,0,2
135642,53451,297,2
135642,54200,72,5
135642,55976,0,4
135642,55981,297,2
135642,56145,0,2
135642,59426,72,2
135642,59443,0,6
135642,60470b,0,2
135642,60477,72,5
135642,60478,71,4
135642,60483,28,2
135642,6091,25,2
135642,6091,0,2
135642,61252,0,4
135642,61332,0,8
135642,6141,70,12
135642,6141,297,8
135642,6231,72,2
135642,62462,71,1
135642,63868,72,2
135642,63965,297,2
135642,64567,297,3
135642,6536,25,2
135642,65633,182,1
135642,65634,0,1
135642,6632,0,4
135642,66909,0,1
135642,69754,297,2
135642,69755,72,2
135642,71752,0,5
135642,73109,71,10
135642,73230,71,4
135642,76919,297,2
135642,79389,19,4
135642,79895pat0001,297,2
135642,79985,45,1
135642,85984,0,4
135642,86125a,297,2
135642,86125b,297,4
135642,86125c,297,2
135642,86125d,297,2
135642,86125e,297,2
135642,86146,45,1
135642,87079,0,2
135642,87083,72,2
135642,89678,4,8
135642,92690,1103,1
135642,98138,182,3
135642,98282,0,2
135642,98313,0,2
135642,98313,297,3
135642,98585,71,2
135642,99207,25,1
135642,99563,72,4
135642,99563,297,7
135642,99780,0,3
135643,10001924,9999,1
135643,11215,71,2
135643,11477,15,2
135643,11477,0,2
135643,14418,71,2
135643,15068,0,2
135643,15535pr0001,72,2
135643,17979,0,1
135643,1927,15,8
135643,21459,297,2
135643,22385,15,4
135643,22391,15,2
135643,22890,72,2
135643,22961,72,2
135643,23448,41,1
135643,2420,72,4
135643,25269,322,2
135643,2540,297,2
135643,2653,71,2
135643,2654,0,3
135643,30136,15,3
135643,30166,72,4
135643,3020,15,6
135643,3021,72,1
135643,3022,322,9
135643,3023,19,10
135643,3032,15,1
135643,3034,72,1
135643,30355,15,1
135643,30356,15,1
135643,3036,15,1
135643,3039,0,1
135643,3040b,28,2
135643,32062,4,3
135643,32064a,15,4
135643,33909,0,3
135643,3660,72,1
135643,3666,71,2
135643,3679,71,2
135643,3680,0,2
135643,36841,0,2
135643,3710,15,2
135643,3747b,15,2
135643,3795,71,2
135643,41740,72,2
135643,41769,15,2
135643,41770,15,2
135643,4274,71,2
135643,43093,1,2
135643,43710,297,2
135643,43711,297,2
135643,44728,72,1
135643,44861,71,4
135643,44861,0,4
135643,4510,72,2
135643,4519,71,2
135643,47457,297,4
135643,4856b,15,1
135643,49153,0,2
135643,54200,0,2
135643,55981,297,2
135643,60219,72,2
135643,60470b,0,1
135643,60478,15,2
135643,6091,72,2
135643,61800,297,3
135643,66956,15,6
135643,69729,15,2
135643,73230,71,4
135643,79895pat0002,297,4
135643,79985,45,1
135643,82276pat0001,297,1
135643,85861,71,8
135643,85984,0,3
135643,86125a,297,2
135643,86125b,297,2
135643,86125c,297,2
135643,86125d,297,2
135643,86125e,297,2
135643,86146,45,1
135643,86148,297,4
135643,90194,72,1
135643,93095,0,1
135643,93606,0,1
135643,98138,41,2
135643,98341,322,2
135643,99021,72,1
135643,99206,71,2
135643,99207,15,3
135643,99563,15,6
135643,99563,297,4
135643,99563,0,5
135643,99780,72,6
135644,10001119,9999,1
135644,10247,72,1
135644,11062,0,2
135644,11203,0,4
135644,11211,0,2
135644,11253,0,1
135644,11458,72,1
135644,11477,85,1
135644,13564,70,3
135644,14716,272,4
135644,15068,28,5
135644,15082,0,2
135644,15462,70,1
135644,15571,72,20
135644,15573,85,11
135644,15712,297,4
135644,15712,0,5
135644,18651,0,4
135644,18674,85,5
135644,18838,72,2
135644,21459,45,2
135644,21459,179,4
135644,22385,272,5
135644,22388,45,25
135644,2419,0,3
135644,2420,72,3
135644,24201,0,1
135644,24482,0,2
135644,2450,71,3
135644,26047,297,2
135644,26601,71,19
135644,26604,71,2
135644,2736,71,2
135644,27507,0,6
135644,28802,0,1
135644,3001,71,2
135644,3002,72,2
135644,3005,45,9
135644,30093,288,1
135644,30136,28,10
135644,30136,0,4
135644,30145,71,1
135644,3020,72,14
135644,3021,28,3
135644,3022,85,8
135644,3023,28,29
135644,30237b,72,2
135644,3028,28,1
135644,3031,0,2
135644,3033,0,6
135644,3034,72,5
135644,3039,72,16
135644,3040b,72,27
135644,30414,71,7
135644,30503,0,1
135644,30592,72,2
135644,3062b,71,3
135644,3065,45,1
135644,3069b,272,4
135644,32000,14,2
135644,32000,4,2
135644,32005a,0,1
135644,32013,72,1
135644,32015,0,1
135644,32062,4,2
135644,32278,45,4
135644,32324,0,1
135644,32449,14,1
135644,32449,4,1
135644,32525,0,2
135644,32529,0,2
135644,32530,72,6
135644,32803,71,1
135644,32828,0,1
135644,33909,71,19
135644,3622,71,2
135644,3660,272,4
135644,3665,272,2
135644,3666,0,3
135644,3673,71,2
135644,3676,72,2
135644,3678b,72,7
135644,3700,72,11
135644,3701,71,2
135644,3706,0,2
135644,3710,28,14
135644,3713,4,1
135644,3795,28,6
135644,3795,0,2
135644,3832,0,1
135644,3839b,0,2
135644,38583,72,1
135644,3894,0,4
135644,40379,0,1
135644,4070,320,2
135644,4081b,0,2
135644,42003,15,4
135644,42924,1,4
135644,43093,1,2
135644,43710,72,3
135644,43711,72,3
135644,43722,71,1
135644,43723,71,1
135644,4460b,72,4
135644,44728,0,1
135644,44728,4,2
135644,44728,28,4
135644,44861,71,2
135644,4733,0,2
135644,47457,72,2
135644,47847,45,2
135644,48267,297,1
135644,48336,297,3
135644,4871,0,1
135644,48729b,0,2
135644,51739,28,9
135644,53451,0,10
135644,59443,72,1
135644,59900,71,2
135644,60470b,0,2
135644,60477,71,4
135644,60478,71,4
135644,60483,0,2
135644,60594,72,4
135644,60596,0,1
135644,60897,72,2
135644,6106,28,2
135644,61332,0,27
135644,63082,71,1
135644,63868,72,2
135644,63869,71,1
135644,64867,72,4
135644,65304,71,2
135644,6553,72,2
135644,65578,47,9
135644,6564,71,2
135644,66906,0,2
135644,67329,72,4
135644,68297,72,2
135644,73230,71,4
135644,73983,72,3
135644,79985,45,9
135644,85861,297,10
135644,85861,71,14
135644,86125a,297,1
135644,86125b,297,4
135644,86125c,297,1
135644,86125d,297,2
135644,87079,71,5
135644,87079,85,3
135644,87620,71,1
135644,88072,0,3
135644,88292,72,2
135644,90258,72,3
135644,92338,297,1
135644,92338,72,3
135644,92690,1103,1
135644,92950,0,2
135644,93059,85,1
135644,93273,28,2
135644,96874,25,1
135644,98856,45,4
135644,99207,0,4
135644,99563,71,8
135644,99780,72,2
135645,10001120,9999,1
135645,11203,0,2
135645,11211,0,2
135645,11214,72,4
135645,11476,26,3
135645,11477,0,2
135645,11833,272,2
135645,13349,72,1
135645,13548,72,10
135645,14417,72,4
135645,14419,72,3
135645,14704,71,5
135645,15068,72,3
135645,15068,0,2
135645,15070,71,2
135645,15070,297,2
135645,15573,297,2
135645,15573,0,11
135645,15672,72,2
135645,15672,0,16
135645,15706,0,4
135645,15712,297,9
135645,18653,71,2
135645,18674,272,3
135645,18677,71,2
135645,21459,45,3
135645,21459,297,1
135645,22385,0,2
135645,22385,272,6
135645,22388,45,24
135645,22889,0,1
135645,23448,45,1
135645,2357,15,2
135645,24122,0,1
135645,2420,72,2
135645,2420,14,3
135645,24309,0,8
135645,25111,297,1
135645,25269,272,2
135645,25375,297,1
135645,2540,72,2
135645,2540,0,8
135645,26047,297,7
135645,2654,26,2
135645,26601,72,2
135645,26603,72,1
135645,27256,45,1
135645,2736,71,1
135645,27925,297,8
135645,28802,72,12
135645,29119,72,7
135645,29120,72,7
135645,3001,0,1
135645,3002,27,2
135645,3004,85,1
135645,3005,14,2
135645,3005,45,2
135645,30136,28,5
135645,3020,85,6
135645,3021,0,4
135645,3021,71,2
135645,3022,85,8
135645,3022,1,1
135645,3023,14,2
135645,3023,85,2
135645,3023,26,24
135645,3023,45,2
135645,3023,15,4
135645,3024,85,2
135645,3024,15,3
135645,3031,72,1
135645,3032,272,1
135645,3034,72,2
135645,30357,0,2
135645,3040b,71,8
135645,30414,71,1
135645,3049d,0,1
135645,30503,0,4
135645,30602,0,2
135645,3065,45,2
135645,32000,71,4
135645,32015,72,4
135645,32062,0,2
135645,3298,72,2
135645,33078,0,1
135645,33909,71,1
135645,35480,0,3
135645,35480,28,2
135645,3676,72,2
135645,3678b,71,1
135645,36840,72,6
135645,36841,85,8
135645,3700,4,4
135645,3702,71,1
135645,3705,0,2
135645,3707,0,1
135645,3708,0,1
135645,3710,85,4
135645,3795,0,1
135645,4032a,85,2
135645,4070,0,2
135645,4081b,0,2
135645,41769,72,1
135645,41769,0,1
135645,41770,0,1
135645,41770,72,1
135645,42195,0,1
135645,4274,71,4
135645,42924,1,1
135645,43045,0,2
135645,43722,272,1
135645,43723,272,1
135645,44567b,0,6
135645,44728,85,7
135645,44728,71,6
135645,44861,0,10
135645,47455,0,4
135645,47456,1103,14
135645,48169,72,2
135645,48171,0,4
135645,48172,0,1
135645,48336,297,4
135645,4871,0,4
135645,48729b,72,6
135645,50340,72,2
135645,50950,85,2
135645,51739,72,4
135645,53451,297,11
135645,54200,15,2
135645,54200,85,2
135645,57360,0,4
135645,57909b,72,6
135645,59900,297,3
135645,59900,45,3
135645,6005,72,2
135645,60470b,71,3
135645,60478,71,4
135645,60897,71,4
135645,60897,0,8
135645,6091,72,4
135645,61332,0,8
135645,6141,71,2
135645,63864,0,2
135645,63868,0,2
135645,63965,297,2
135645,64225,0,2
135645,64225,72,5
135645,64567,1103,1
135645,64847,26,2
135645,6541,0,2
135645,66956,0,2
135645,67696,0,6
135645,70681,0,2
135645,73230,71,4
135645,73825,71,4
135645,78256,71,8
135645,79194,47,1
135645,79846,85,2
135645,79896,1103,2
135645,79985,45,8
135645,80324,72,2
135645,85861,297,3
135645,85984,72,1
135645,87087,71,2
135645,87580,0,6
135645,87620,0,2
135645,87747,85,8
135645,87994,297,1
135645,87994,0,2
135645,92582,71,1
135645,92690,1103,1
135645,92692,297,2
135645,93273,0,2
135645,93606,72,3
135645,96874,25,1
135645,98313,297,16
135645,98856,45,3
135645,99206,0,2
135645,99206,71,2
135645,99206,4,2
135645,99207,0,11
135645,99563,297,4
135645,99563,1103,8
135645,99780,272,4
135645,99780,0,20
135645,99781,71,4
135645,99781,72,4
135646,10001121,9999,1
135646,10247,72,2
135646,11153,72,2
135646,11203,72,2
135646,11211,71,1
135646,11212,0,6
135646,11213,0,2
135646,11214,72,13
135646,11215,0,2
135646,11458,0,4
135646,11458,4,2
135646,11476,4,1
135646,11477,4,2
135646,14769,297,2
135646,15303,182,5
135646,15400,72,4
135646,15535,0,1
135646,15672,1,1
135646,18575,19,2
135646,18651,0,6
135646,18654,179,2
135646,18654,27,2
135646,18674,4,2
135646,21459,297,1
135646,21459,179,2
135646,22385,0,1
135646,22385,4,6
135646,22885,0,2
135646,22889,0,2
135646,22961,72,2
135646,2420,28,4
135646,24309,0,1
135646,2432,70,2
135646,2540,297,3
135646,26007,297,3
135646,2654,19,2
135646,26601,0,4
135646,26601,4,8
135646,2723,0,4
135646,2730,71,2
135646,2744,4,2
135646,2817,4,2
135646,28192,297,4
135646,28802,4,3
135646,29119,4,1
135646,29120,4,1
135646,3003,1,1
135646,3004,4,4
135646,3010,72,2
135646,3020,70,8
135646,3021,19,2
135646,3022,4,7
135646,3023,19,10
135646,3032,0,1
135646,3034,71,3
135646,3036,71,1
135646,30363,15,1
135646,3039,14,1
135646,3040b,4,6
135646,30602,0,2
135646,32000,72,8
135646,32000,14,4
135646,32013,0,6
135646,32015,0,4
135646,32062,4,10
135646,32064a,2,2
135646,32123b,14,1
135646,32184,0,4
135646,32270,0,1
135646,32316,0,1
135646,32348,72,4
135646,3245c,72,2
135646,32523,14,5
135646,32526,0,2
135646,32803,71,5
135646,3298,0,2
135646,33909,15,4
135646,3460,72,1
135646,35299,4,2
135646,35480,14,2
135646,3622,71,2
135646,3623,0,4
135646,3666,71,1
135646,36841,0,4
135646,3700,15,3
135646,3701,72,3
135646,3702,4,5
135646,3706,4,6
135646,3713,71,10
135646,3795,0,5
135646,3894,72,3
135646,39367pat0002,0,2
135646,39789,4,2
135646,4032a,71,11
135646,40687,71,1
135646,41179,297,2
135646,41677,25,1
135646,41740,0,3
135646,42610,0,2
135646,42924,1,15
135646,43093,1,6
135646,44224,72,2
135646,44225,71,2
135646,44375b,4,2
135646,44728,71,1
135646,44728,72,3
135646,44861,71,2
135646,44865,19,1
135646,45705,182,1
135646,47455,0,4
135646,47456,297,4
135646,47456,4,1
135646,47457,297,2
135646,47458,297,2
135646,48170,4,2
135646,48170,72,2
135646,48267,297,2
135646,55013,72,3
135646,56908,0,2
135646,59443,15,1
135646,59900,0,2
135646,59900,297,3
135646,60470b,15,1
135646,60478,28,2
135646,60483,72,2
135646,60484,4,1
135646,61072,179,6
135646,6111,72,1
135646,61332,0,26
135646,61408,71,2
135646,61409,4,4
135646,6141,297,12
135646,6141,2,3
135646,61480,0,2
135646,6233,0,1
135646,6239,4,1
135646,62462,0,5
135646,64451,72,2
135646,64567,1103,2
135646,64567,297,2
135646,65304,297,4
135646,6536,14,4
135646,6541,1,2
135646,6553,71,2
135646,6587,28,2
135646,66955,4,4
135646,66955,0,1
135646,66956,4,4
135646,73230,0,2
135646,73825,72,2
135646,76919,297,8
135646,79895pat0001,297,4
135646,79897,297,2
135646,79985,45,3
135646,80324,4,2
135646,85943,72,4
135646,86125a,297,2
135646,86125b,297,4
135646,86125c,297,2
135646,86125d,297,2
135646,86125e,297,2
135646,86146,45,1
135646,86148,297,4
135646,87079,0,1
135646,87083,72,4
135646,87544,0,1
135646,87620,72,4
135646,87994,0,2
135646,88646,0,2
135646,92690,1103,1
135646,92947,297,1
135646,92950,19,2
135646,93606,4,2
135646,96874,25,1
135646,98138,14,2
135646,98585,0,2
135646,99206,71,1
135646,99207,4,6
135646,99563,297,14
135646,99780,28,20
135646,99781,72,6
135647,11203,15,4
135647,11211,28,2
135647,11213,85,1
135647,11215,0,1
135647,11458,72,2
135647,11833,84,2
135647,13547,15,4
135647,13548,297,10
135647,14719,322,2
135647,14720,71,2
135647,14769,15,1
135647,15070,297,2
135647,15456,0,1
135647,15535,72,1
135647,15571,297,5
135647,15573,297,5
135647,15672,28,2
135647,15672,72,2
135647,15712,297,2
135647,17114,72,4
135647,18651,0,4
135647,18674,72,1
135647,20482,297,2
135647,21459,297,5
135647,21459,45,2
135647,22388,0,3
135647,22388,182,5
135647,22388,45,2
135647,22388,41,6
135647,22885,19,2
135647,23443,297,2
135647,2357,72,2
135647,24014,71,4
135647,2420,28,4
135647,2420,15,2
135647,24201,15,2
135647,2432,70,1
135647,2450,15,2
135647,2456,15,1
135647,25111,297,1
135647,25269,28,2
135647,25375,297,1
135647,26007,297,4
135647,26047,15,12
135647,26601,28,16
135647,26604,19,2
135647,27263,297,24
135647,28192,297,14
135647,2853,71,2
135647,28802,84,12
135647,29119,15,10
135647,29119,28,3
135647,29120,15,10
135647,29120,28,3
135647,3001,3,1
135647,3002,19,4
135647,3003,484,2
135647,3005,28,2
135647,3009,15,1
135647,3010,28,1
135647,30136,19,5
135647,3020,322,9
135647,3020,28,1
135647,3020,15,4
135647,3021,28,4
135647,3021,378,4
135647,3022,70,1
135647,3022,71,4
135647,3022,297,3
135647,3023,41,4
135647,3023,378,8
135647,3023,182,1
135647,3023,46,1
135647,3023,28,23
135647,3023,15,5
135647,3024,297,30
135647,3034,28,1
135647,3035,15,1
135647,30367c,15,2
135647,30374,297,1
135647,30383,0,2
135647,3039,297,4
135647,3039,15,2
135647,3040b,322,2
135647,30414,71,4
135647,3062b,297,4
135647,3070b,15,2
135647,3176,15,1
135647,32000,70,10
135647,32000,15,2
135647,32015,72,4
135647,32016,0,2
135647,32062,4,9
135647,32192,28,2
135647,32316,15,2
135647,32348,15,2
135647,32523,15,4
135647,32803,28,4
135647,32803,15,12
135647,32952,71,2
135647,33909,72,1
135647,34103,70,2
135647,3622,84,2
135647,3623,15,8
135647,3666,15,5
135647,36840,84,4
135647,36841,71,2
135647,3700,84,2
135647,3701,72,6
135647,3710,84,3
135647,3713,0,2
135647,37762,297,2
135647,3832,15,1
135647,3894,72,2
135647,4032a,322,4
135647,4070,28,2
135647,41740,28,1
135647,42135,0,1
135647,4274,71,14
135647,42862,297,8
135647,42924,1,10
135647,43093,1,8
135647,43710,297,2
135647,43711,297,2
135647,44224,72,2
135647,44728,70,4
135647,44861,84,4
135647,44874,71,2
135647,47455,72,12
135647,47456,297,18
135647,47457,297,6
135647,47457,15,3
135647,47458,297,2
135647,47458,0,2
135647,47755,297,1
135647,48165,297,8
135647,48170,72,2
135647,48171,0,2
135647,48172,0,1
135647,48267,297,2
135647,48336,70,2
135647,4871,0,1
135647,50950,15,2
135647,51739,15,2
135647,53451,297,2
135647,53540,0,1
135647,53540,71,2
135647,54200,46,7
135647,54200,72,1
135647,56903,15,2
135647,57360,0,2
135647,57585,71,1
135647,57909b,15,4
135647,57909b,72,4
135647,60470b,84,1
135647,60470b,15,3
135647,60474,28,2
135647,60478,15,2
135647,60483,28,4
135647,60849,0,1
135647,61252,297,4
135647,61254,0,2
135647,61332,0,10
135647,6141,297,2
135647,6141,322,12
135647,6231,72,2
135647,63869,71,2
135647,64567,1103,3
135647,64570,15,2
135647,65304,297,1
135647,6541,322,2
135647,6541,15,2
135647,65473,297,1
135647,6553,72,2
135647,6575,72,2
135647,6587,28,1
135647,6629,15,2
135647,66909,0,1
135647,66956,15,5
135647,67695,72,6
135647,67696,15,8
135647,67696,72,2
135647,72362pr0005,297,1
135647,73230,71,12
135647,73825,84,6
135647,76766,71,1
135647,76795,297,4
135647,76797,15,2
135647,76919,297,4
135647,76923,297,2
135647,77765,71,2
135647,78256,0,4
135647,78442,28,2
135647,78443,28,1
135647,78444,28,1
135647,79389,71,4
135647,79505,0,4
135647,79895,297,6
135647,79897,297,4
135647,79985,45,7
135647,79987,72,8
135647,80017,297,2
135647,80017pr0001,297,1
135647,80431,4,2
135647,80563,72,2
135647,82276pat0001pr0001,297,1
135647,82276pat0002pr0002,297,1
135647,86125a,297,2
135647,86125b,297,4
135647,86125c,297,2
135647,86125d,297,2
135647,86125e,297,2
135647,86148,297,10
135647,87083,72,8
135647,87087,0,2
135647,87087,484,2
135647,87580,297,3
135647,87994,297,1
135647,87994,0,1
135647,88072,0,1
135647,89678,4,2
135647,90194,70,1
135647,92220,297,2
135647,92338,297,1
135647,93274,72,2
135647,93274,15,2
135647,96874,3,1
135647,98135,297,1
135647,98341,297,2
135647,99008,19,2
135647,99206,71,6
135647,99206,15,4
135647,99207,15,8
135647,99207,19,2
135647,99563,72,1
135647,99563,297,41
135647,99780,15,18
135647,99780,28,10
135647,99781,72,4
135647,99781,28,14
135648,10001123,9999,1
135648,11211,0,4
135648,11211,5,1
135648,11214,72,2
135648,11215,0,1
135648,11291,321,1
135648,11458,72,2
135648,11476,4,1
135648,11477,321,10
135648,11477,0,4
135648,13547,0,4
135648,13547,4,2
135648,13548,321,4
135648,13548,0,4
135648,13548,297,8
135648,14417,72,2
135648,14418,71,6
135648,14704,71,7
135648,14769,297,3
135648,15068,321,2
135648,15303,36,3
135648,15400,72,2
135648,15407,1103,1
135648,15456,0,4
135648,15535,72,2
135648,15571,297,2
135648,15712,297,1
135648,18651,0,2
135648,18674,4,2
135648,18677,4,2
135648,20310,297,2
135648,20482,71,6
135648,20482,4,2
135648,21459,179,2
135648,21459,297,3
135648,21459,322,2
135648,22385,0,4
135648,22391,1103,2
135648,22484,72,1
135648,22890,72,2
135648,23443,0,2
135648,2419,72,1
135648,2420,71,3
135648,2420,26,2
135648,2420,0,4
135648,24299,321,2
135648,24307,321,2
135648,2431,0,2
135648,24375,25,8
135648,2450,0,10
135648,25269,321,2
135648,25269,71,2
135648,2540,297,2
135648,26007,297,2
135648,26047,297,6
135648,2654,0,2
135648,26604,71,1
135648,27256,45,1
135648,27263,297,2
135648,2736,71,2
135648,27925,321,2
135648,27940,72,2
135648,28192,0,30
135648,28192,297,22
135648,3001,0,2
135648,3003,72,3
135648,3004,71,14
135648,3009,0,1
135648,3010,321,1
135648,3020,0,25
135648,3020,321,4
135648,3021,0,1
135648,3021,15,4
135648,3021,321,4
135648,3022,71,18
135648,3022,321,1
135648,3023,0,43
135648,3023,45,5
135648,3023,321,7
135648,3023,71,4
135648,3024,321,4
135648,3034,0,5
135648,3035,72,1
135648,3039,0,2
135648,3040b,71,2
135648,3040b,19,2
135648,3040b,0,4
135648,30414,72,4
135648,3046a,0,1
135648,30503,72,1
135648,3068b,0,2
135648,3176,0,7
135648,32000,72,8
135648,32013,0,2
135648,32034,0,2
135648,32062,4,8
135648,32803,0,10
135648,32828,0,2
135648,3460,0,1
135648,35480,71,1
135648,3622,72,2
135648,3623,72,2
135648,3623,321,8
135648,3660,72,6
135648,3660,0,2
135648,3665,0,4
135648,3666,5,1
135648,36840,71,4
135648,3700,4,2
135648,3700,72,4
135648,3701,0,4
135648,3705,4,2
135648,3706,0,2
135648,3710,15,1
135648,3710,321,14
135648,3710,0,4
135648,3747b,0,4
135648,3795,72,11
135648,4032a,321,2
135648,4032a,0,9
135648,4032a,5,2
135648,41677,0,4
135648,41682,0,2
135648,41747,4,2
135648,41748,4,2
135648,4287c,71,2
135648,43093,1,4
135648,43708,321,6
135648,43710,0,2
135648,43711,0,2
135648,43722,0,1
135648,43723,0,1
135648,44224,72,4
135648,44568,71,1
135648,44728,0,18
135648,44861,4,8
135648,44861,72,2
135648,4519,71,1
135648,47455,0,10
135648,47456,297,2
135648,47456,0,6
135648,47456,1103,3
135648,47457,85,1
135648,47457,297,8
135648,47458,297,8
135648,47458,0,2
135648,47755,297,3
135648,48169,72,2
135648,48170,321,2
135648,48267,297,2
135648,4871,0,2
135648,50337,71,1
135648,50950,321,8
135648,52031,321,2
135648,53585,0,6
135648,54200,71,2
135648,54200,45,8
135648,57909b,72,6
135648,59900,297,2
135648,60219,72,2
135648,60470b,4,8
135648,60474,71,1
135648,60477,0,4
135648,60483,0,2
135648,60594,19,1
135648,60897,85,2
135648,61332,0,16
135648,6141,297,8
135648,6141,5,4
135648,63868,4,2
135648,63965,297,1
135648,6536,0,2
135648,6541,14,2
135648,65886,4,2
135648,66906,4,2
135648,66955,0,2
135648,66955,321,9
135648,66956,321,5
135648,67695,0,8
135648,67696,0,5
135648,67697,0,1
135648,69564pr0001,0,2
135648,70681,0,4
135648,73109,71,2
135648,73562,0,1
135648,75937,0,2
135648,76919,297,2
135648,79389,0,4
135648,79505,0,4
135648,79846,85,2
135648,79895,297,2
135648,79985,45,7
135648,82276pat0003,1103,1
135648,85943,72,4
135648,85984,72,3
135648,85984,19,1
135648,86125a,297,2
135648,86125b,297,4
135648,86125c,297,2
135648,86125d,297,2
135648,86125e,297,1
135648,86146,45,1
135648,86148,297,4
135648,87081,0,1
135648,87087,0,2
135648,87618,0,2
135648,92220,297,1
135648,92338,297,1
135648,92690,1103,3
135648,92692,0,2
135648,93273,321,6
135648,93606,321,3
135648,93606,0,2
135648,93609,71,2
135648,96874,3,1
135648,98100,71,8
135648,98138,4,1
135648,98313,0,6
135648,98313,297,7
135648,98834,321,8
135648,98834,0,4
135648,98856,45,2
135648,99206,71,4
135648,99206,0,2
135648,99207,71,26
135648,99207,4,2
135648,99563,0,2
135648,99563,297,28
135648,99780,71,14
135648,99781,72,12
135649,10001892,9999,1
135649,10068783,9999,1
135649,10247,15,2
135649,11090,0,3
135649,11153,71,2
135649,11203,71,4
135649,11211,15,5
135649,11213,71,2
135649,11215,0,2
135649,11253,4,1
135649,11476,15,5
135649,11476,4,2
135649,11477,15,1
135649,11477,3,6
135649,11477,4,7
135649,11477,14,5
135649,14716,3,1
135649,14719,4,2
135649,14769,29,1
135649,14769,4,3
135649,14769,0,1
135649,15068,14,8
135649,15068,0,1
135649,15068,322,2
135649,15068,4,19
135649,15092,72,1
135649,15207,72,4
135649,15208,15,2
135649,15254,19,2
135649,15303,36,3
135649,15332,71,1
135649,15395,15,3
135649,15400,72,2
135649,15470,70,1
135649,15470,15,1
135649,15573,19,7
135649,15573,25,2
135649,15573,15,2
135649,15573,14,2
135649,15624,4,2
135649,15672,70,2
135649,15672,4,5
135649,15712,71,13
135649,16091,0,2
135649,18653,19,2
135649,18654,71,5
135649,18674,4,1
135649,18674,28,2
135649,18674,72,4
135649,18677,0,2
135649,18980,19,1
135649,20482,72,3
135649,20482,158,1
135649,20482,15,1
135649,20482,47,2
135649,20482,70,2
135649,20482,0,4
135649,22885,19,13
135649,23405,3,4
135649,23405,14,2
135649,23443,71,2
135649,2357,14,2
135649,23860,35,1
135649,2412b,179,16
135649,2412b,4,6
135649,2415,71,1
135649,2417,10,1
135649,2420,0,2
135649,2420,4,2
135649,2420,322,2
135649,24201,15,2
135649,2423,5,1
135649,24299,4,3
135649,24299,322,1
135649,24307,322,1
135649,24307,4,3
135649,2431,71,6
135649,2431,4,7
135649,2431,3,1
135649,2432,15,1
135649,2432,71,2
135649,2441,0,1
135649,2450,4,2
135649,2453b,19,4
135649,2453b,14,3
135649,2456,14,2
135649,24607,47,1
135649,24866,29,1
135649,24866,10,5
135649,25214,71,6
135649,25269,321,4
135649,25269,4,2
135649,25269,71,2
135649,26047,71,5
135649,2654,28,10
135649,2654,46,3
135649,2654,47,1
135649,26601,71,2
135649,26601,14,2
135649,26603,14,4
135649,2723,3,4
135649,2730,71,2
135649,27925,15,4
135649,28192,14,2
135649,28192,4,2
135649,2821,84,1
135649,2877,14,1
135649,2877,72,9
135649,28802,4,1
135649,29119,4,3
135649,29120,4,3
135649,2921,4,1
135649,3001,0,1
135649,3002,0,1
135649,30028,0,4
135649,3003,19,3
135649,3003,28,1
135649,30031,71,1
135649,30031,72,1
135649,3004,4,4
135649,3004,3,19
135649,3004,14,6
135649,3005,15,2
135649,3005,4,5
135649,3007,14,1
135649,3007,19,2
135649,3008,71,1
135649,3008,3,1
135649,3008,0,1
135649,3009,28,3
135649,3010,3,9
135649,3010,4,2
135649,3020,4,10
135649,3020,0,1
135649,3020,15,2
135649,3020,19,1
135649,3021,70,1
135649,3021,71,1
135649,3021,14,6
135649,3022,4,3
135649,3022,3,5
135649,30229,72,1
135649,3023,19,1
135649,3023,4,2
135649,3023,25,6
135649,3023,46,2
135649,3023,72,6
135649,3023,3,8
135649,3023,322,1
135649,30236,71,3
135649,30237b,15,1
135649,3024,15,2
135649,3024,71,7
135649,3024,25,4
135649,30261,15,1
135649,3029,71,6
135649,3030,71,1
135649,3031,71,2
135649,3032,28,1
135649,3033,14,1
135649,3034,72,3
135649,30340,297,1
135649,3035,19,6
135649,3035,71,2
135649,30357,19,1
135649,3036,72,2
135649,30367c,322,1
135649,30374,4,1
135649,30374,72,2
135649,30377,71,2
135649,3039,72,1
135649,3039,14,4
135649,3040b,19,1
135649,3040b,4,2
135649,3040b,14,4
135649,30414,14,11
135649,3062b,272,1
135649,3062b,34,1
135649,3062b,71,11
135649,3068b,15,4
135649,3068b,321,1
135649,3068b,14,1
135649,3068b,84,1
135649,3068b,29,1
135649,3068b,4,4
135649,3069b,47,2
135649,3069b,0,1
135649,3069b,4,4
135649,3069bpr0284,47,1
135649,3069bpr0300,15,1
135649,3070b,14,1
135649,3070b,36,2
135649,3070bpr0235,71,1
135649,32000,14,2
135649,32028,14,8
135649,32062,4,9
135649,32063,0,4
135649,32064a,71,4
135649,32123b,14,2
135649,32184,4,2
135649,32192,71,2
135649,32324,0,2
135649,3245c,14,8
135649,3245c,0,4
135649,3245c,4,2
135649,32474,25,1
135649,32526,0,4
135649,32607,10,2
135649,32803,71,5
135649,32828,19,3
135649,32952,4,6
135649,33183,70,1
135649,33320,297,1
135649,33492,71,1
135649,33909,15,1
135649,33909,72,1
135649,3460,71,5
135649,3464,72,1
135649,34816,71,1
135649,35299,3,4
135649,35464,25,8
135649,35470,15,1
135649,35480,72,7
135649,35485,179,1
135649,36017,15,1
135649,3622,0,1
135649,3622,3,11
135649,3622,14,11
135649,3623,4,4
135649,3633,15,3
135649,3648b,72,2
135649,3660,322,1
135649,3660,14,10
135649,3666,4,4
135649,3666,14,3
135649,3679,71,1
135649,3680,15,1
135649,36840,72,2
135649,36841,71,2
135649,3700,15,3
135649,3701,19,1
135649,3702,14,1
135649,3703,0,2
135649,3705,0,2
135649,3706,4,2
135649,3710,4,8
135649,3710,72,10
135649,3713,4,6
135649,37352,4,1
135649,3747b,71,3
135649,37494,0,2
135649,37695,10,1
135649,3795,14,10
135649,3795,0,2
135649,3795,320,2
135649,3823,40,1
135649,3829c01,15,1
135649,3830,71,4
135649,3831,71,4
135649,3832,4,2
135649,3839b,71,2
135649,3899,15,1
135649,3941,0,1
135649,3942c,0,1
135649,3943b,72,2
135649,3956,71,1
135649,39742pr0003,322,1
135649,4006,179,1
135649,4032a,19,2
135649,4032a,0,1
135649,40490,14,2
135649,40527,0,1
135649,4070,4,2
135649,4079b,19,5
135649,4079b,4,1
135649,4081b,15,4
135649,4083,0,1
135649,4162,14,1
135649,41682,71,3
135649,41740,71,3
135649,4175,71,2
135649,42195,71,1
135649,4274,71,1
135649,42924,1,19
135649,43056,71,8
135649,43093,1,15
135649,43898,0,1
135649,44301b,72,2
135649,44568,71,3
135649,44709,72,1
135649,44728,72,7
135649,4477,14,1
135649,44861,71,13
135649,44861,84,1
135649,4519,14,4
135649,4528,179,1
135649,45677,0,2
135649,4740,72,2
135649,4740,15,4
135649,48205,14,1
135649,48208,14,1
135649,48336,71,7
135649,48729b,72,2
135649,49307,71,8
135649,49307,4,2
135649,49307,15,2
135649,50337,72,2
135649,50747pr0016,322,1
135649,53451,179,2
135649,54200,46,2
135649,54200,182,4
135649,54200,35,1
135649,54200,322,2
135649,54200,26,2
135649,54200,28,4
135649,54200,71,4
135649,54200,4,2
135649,54657,71,4
135649,54662,0,6
135649,54671,71,2
135649,55013,72,2
135649,55976,0,4
135649,56145,15,4
135649,58176,36,2
135649,59426,72,4
135649,59443,25,2
135649,59900,0,1
135649,59900,4,1
135649,60032,0,1
135649,60212,4,1
135649,60470b,0,1
135649,60474,71,2
135649,60475b,0,2
135649,60475b,14,5
135649,60476,71,3
135649,60478,15,1
135649,60483,71,4
135649,60581,15,1
135649,60583b,71,2
135649,60596,0,1
135649,60616b,47,1
135649,60897,4,2
135649,61072,179,1
135649,6112,4,2
135649,6112,71,2
135649,6117,72,1
135649,61252,25,8
135649,61252,0,2
135649,61332,0,17
135649,6140,71,2
135649,6141,272,1
135649,6141,35,8
135649,6141,15,3
135649,6141,25,2
135649,6141,45,2
135649,6141,322,2
135649,6141,3,1
135649,6141,52,6
135649,6141,41,6
135649,6141,26,2
135649,6141,46,6
135649,6155,71,1
135649,6179,15,1
135649,62113,72,3
135649,62462,71,4
135649,63864,19,4
135649,63864,14,8
135649,63868,4,2
135649,63868,15,1
135649,63869,71,4
135649,63965,71,10
135649,64451,72,4
135649,64567,0,2
135649,64644,71,2
135649,64648,212,1
135649,65138,4,1
135649,6541,14,13
135649,65473,322,5
135649,65509,70,3
135649,65509,10,2
135649,65578,71,2
135649,65676,15,1
135649,65886,19,1
135649,65886,71,1
135649,6636,14,2
135649,6636,3,2
135649,6636,71,5
135649,66909,19,1
135649,66909,82,2
135649,67687,71,1
135649,68547,15,2
135649,69729,4,2
135649,69755,72,2
135649,69767,179,1
135649,69767,1103,1
135649,73562,71,2
135649,73825,14,2
135649,74967,71,4
135649,78257,72,4
135649,79389,71,2
135649,79735,28,1
135649,79741,179,1
135649,80497,308,1
135649,80519,33,1
135649,85080,3,4
135649,85080,71,4
135649,85861,27,1
135649,85861,5,1
135649,85861,14,1
135649,85861,70,11
135649,85861,0,9
135649,85984,14,10
135649,85984,0,10
135649,85984,4,4
135649,85984,19,2
135649,87079,322,1
135649,87079,0,1
135649,87079,4,4
135649,87079,15,2
135649,87087,3,2
135649,87414,0,1
135649,87544,19,1
135649,87544,47,2
135649,87552,47,1
135649,87580,322,1
135649,87580,15,1
135649,87620,4,2
135649,87994,0,3
135649,88072,14,1
135649,88292,19,2
135649,89522,179,1
135649,92092,72,2
135649,92262,4,1
135649,92263,4,1
135649,92409,0,2
135649,92582,71,5
135649,92947,19,9
135649,93273,15,1
135649,93594,179,2
135649,93606,14,4
135649,95345,4,1
135649,96874,3,1
135649,98100,71,2
135649,98138,33,1
135649,98138,72,1
135649,98138,47,2
135649,98138pr9985,484,1
135649,98313,179,1
135649,99206,4,3
135649,99206,0,2
135649,99207,4,8
135649,99563,191,2
135649,99780,71,1
135649,99781,15,5
135650,100392a,15,1
135650,100392b,15,1
135650,100392c,15,1
135650,100392d,15,1
135650,10068823,9999,1
135650,10100004,9999,1
135650,11090,70,3
135650,11153,70,4
135650,11211,19,2
135650,11212,19,6
135650,11213,19,1
135650,11213,15,1
135650,11215,71,5
135650,11253,297,3
135650,11458,15,4
135650,11476,71,14
135650,11476,70,3
135650,11477,378,9
135650,11477,15,29
135650,11833,71,2
135650,13547,15,2
135650,13548,71,4
135650,13731,15,8
135650,13965,15,8
135650,14716,15,2
135650,14718,0,1
135650,14769,15,29
135650,14769,297,8
135650,15068,30,1
135650,15068,15,14
135650,15070,297,30
135650,15207,19,2
135650,15254,212,1
135650,15456,71,2
135650,15533,71,7
135650,15535,72,2
135650,15573,28,33
135650,15573,15,4
135650,15573,378,52
135650,15712,3,1
135650,15712,297,2
135650,16577,71,2
135650,16577,15,1
135650,16770,297,18
135650,17485,15,5
135650,18646,15,10
135650,18653,15,2
135650,18654,72,4
135650,18674,28,12
135650,18674,15,6
135650,18980,15,2
135650,19798,72,2
135650,20310,297,14
135650,20482,47,20
135650,20482,70,6
135650,22388,35,1
135650,22885,5,1
135650,22885,19,2
135650,22886,15,2
135650,2343,297,1
135650,23443,297,6
135650,2357,71,5
135650,2357,15,6
135650,24122,28,2
135650,2412b,378,4
135650,2417,10,6
135650,2420,28,15
135650,2420,15,5
135650,24201,71,2
135650,24201,15,3
135650,2423,27,6
135650,24299,378,1
135650,24307,378,1
135650,24309,28,2
135650,2431,15,8
135650,2431,19,3
135650,2431,28,14
135650,24316,70,2
135650,2445,71,2
135650,24482,297,1
135650,2449,15,8
135650,2450,28,2
135650,2456,71,4
135650,2476a,15,8
135650,2489,84,1
135650,25269,212,8
135650,25269,28,12
135650,25269,15,10
135650,25269,70,4
135650,25375,297,3
135650,2540,297,3
135650,26047,70,2
135650,26047,297,11
135650,2653,71,4
135650,2654,71,19
135650,2654,46,5
135650,26560,297,1
135650,26601,378,2
135650,27263,1,2
135650,2730,15,2
135650,27448,484,2
135650,27507,19,4
135650,27507,320,4
135650,27507,3,7
135650,27507,15,6
135650,27925,378,2
135650,27925,19,2
135650,27925,297,8
135650,27925,15,13
135650,27925,71,4
135650,28192,71,4
135650,28192,15,2
135650,28621,41,2
135650,28621,36,1
135650,28870,297,6
135650,28974,3,2
135650,29119,15,1
135650,29119,378,10
135650,29119,320,4
135650,29119,28,5
135650,29120,15,1
135650,29120,320,4
135650,29120,28,5
135650,29120,378,10
135650,30000,71,4
135650,3001,71,6
135650,3001,4,4
135650,3002,19,2
135650,3002,71,1
135650,3004,15,1
135650,3004,71,13
135650,3005,15,2
135650,3005,28,2
135650,3008,15,6
135650,30099,70,2
135650,30099,71,1
135650,3010,212,2
135650,3010,15,1
135650,3010,28,4
135650,30136,19,3
135650,30153,36,1
135650,30165,15,2
135650,3020,28,5
135650,3020,15,5
135650,3020,71,3
135650,3020,378,1
135650,3021,15,8
135650,3021,72,5
135650,3021,19,7
135650,3022,15,2
135650,3022,70,3
135650,3023,15,27
135650,3023,70,5
135650,3023,19,7
135650,3024,15,8
135650,3024,28,4
135650,3024,378,2
135650,3030,72,1
135650,3031,72,2
135650,3031,378,2
135650,3031,320,2
135650,3032,15,2
135650,3033,19,1
135650,3034,322,1
135650,3035,19,2
135650,30357,320,2
135650,30357,15,8
135650,3036,19,3
135650,30374,4,1
135650,3038,72,2
135650,3039,15,4
135650,3040b,72,2
135650,30414,19,5
135650,30503,72,4
135650,30565,71,1
135650,3062b,4,1
135650,3062b,41,4
135650,3062b,19,10
135650,3068b,19,7
135650,3068b,84,2
135650,3069b,28,1
135650,3069b,182,4
135650,3069b,19,8
135650,3069bpr0189,0,1
135650,3070b,378,14
135650,30987,15,2
135650,3176,15,3
135650,32000,15,1
135650,32001,71,6
135650,32013,15,8
135650,32016,15,2
135650,32028,19,6
135650,32059,72,2
135650,32062,4,2
135650,32073,71,6
135650,32073,14,4
135650,32124,19,4
135650,32293,0,2
135650,32316,71,3
135650,32316,212,4
135650,3245c,15,2
135650,32524,15,2
135650,32525,72,2
135650,32526,212,2
135650,32530,72,9
135650,32531,71,3
135650,32532,15,2
135650,32607,10,19
135650,32803,15,2
135650,32828,70,9
135650,32828,71,3
135650,32932,297,4
135650,32952,15,6
135650,32952,71,2
135650,33183,10,1
135650,33320,70,2
135650,33320,297,5
135650,33909,19,39
135650,34103,4,6
135650,34103,212,8
135650,34172,15,1
135650,3460,28,11
135650,3460,19,4
135650,35044,15,2
135650,35394,47,2
135650,35480,19,2
135650,35480,71,15
135650,35480,28,19
135650,35787,378,4
135650,3622,15,4
135650,3623,15,2
135650,3623,378,2
135650,3623,212,10
135650,3623,320,7
135650,3626c,297,3
135650,3659,28,8
135650,3665,15,2
135650,3666,378,6
135650,3666,320,2
135650,3666,15,6
135650,3666,3,3
135650,3673,14,8
135650,36752a,297,4
135650,3679,71,9
135650,3680,15,9
135650,36840,71,2
135650,36841,212,4
135650,3700,71,11
135650,3701,72,6
135650,3701,15,2
135650,3703,72,7
135650,3710,15,8
135650,3710,71,6
135650,3710,72,7
135650,3710,212,4
135650,3710,320,1
135650,3710,3,1
135650,3710,19,5
135650,3710,28,3
135650,37352,27,6
135650,37352,15,2
135650,3737,4,2
135650,3747b,15,2
135650,3749,19,4
135650,37762,297,12
135650,3795,15,1
135650,3795,212,6
135650,3795,19,2
135650,3832,72,1
135650,3836,70,1
135650,3837,179,1
135650,38585,15,8
135650,3937,72,12
135650,3941,15,18
135650,3941,72,12
135650,3957b,47,5
135650,39739,297,2
135650,39739pr0002,29,6
135650,39789,15,3
135650,40145,0,5
135650,4032a,15,33
135650,4032a,19,4
135650,40490,71,10
135650,4162,212,1
135650,4162,15,2
135650,41682,19,2
135650,41769,378,1
135650,41770,378,1
135650,42022,15,9
135650,42135,71,8
135650,42445,47,4
135650,4274,15,23
135650,4282,15,1
135650,42918,15,2
135650,42924,1,7
135650,43888,15,6
135650,43898,320,1
135650,43898,378,2
135650,43898,82,1
135650,44294,14,2
135650,44567b,19,1
135650,4460b,15,2
135650,44728,70,1
135650,44728,15,13
135650,4477,72,4
135650,4495b,4,1
135650,4510,15,3
135650,4529,0,1
135650,4595,71,2
135650,4599b,4,1
135650,47457,297,4
135650,47905,19,1
135650,48092,19,4
135650,48092,3,3
135650,48336,72,1
135650,48336,15,1
135650,4865b,84,2
135650,4871,15,1
135650,48729b,72,10
135650,49307,15,29
135650,50950,15,11
135650,52107,15,2
135650,53540,71,3
135650,54200,378,4
135650,54200,28,4
135650,54657,71,1
135650,59443,19,4
135650,59895,0,5
135650,59900,52,1
135650,59900,297,2
135650,6005,15,2
135650,60208,71,2
135650,60470b,72,7
135650,60474,28,7
135650,60474,15,1
135650,60475b,15,2
135650,60478,28,6
135650,60478,212,6
135650,60481,71,1
135650,60481,72,8
135650,60594,15,1
135650,60849,297,2
135650,60897,0,1
135650,60897,15,2
135650,6091,15,20
135650,61252,297,1
135650,61332,0,67
135650,6134,71,12
135650,6141,19,27
135650,6215,15,6
135650,6223,47,3
135650,6232,72,2
135650,62462,15,2
135650,63864,28,16
135650,63868,28,4
135650,63965,297,4
135650,63965,70,1
135650,64644,297,1
135650,64647,15,1
135650,65138,28,8
135650,65304,25,4
135650,6536,71,4
135650,65803,15,4
135650,65886,4,4
135650,65886,19,1
135650,6636,15,4
135650,6636,28,6
135650,66897,71,2
135650,66906,0,2
135650,66909,19,1
135650,66909,82,2
135650,66909,72,2
135650,68013,15,4
135650,68547,297,4
135650,69729,15,2
135650,70681,378,33
135650,70681,15,4
135650,72132,71,2
135650,72454,72,1
135650,73111,71,2
135650,73562,72,2
135650,73825,19,16
135650,75937,297,3
135650,76766,15,1
135650,77765,71,4
135650,78258,72,3
135650,78666,15,12
135650,79389,71,8
135650,79389,19,2
135650,79393,19,6
135650,80015,3,1
135650,85861,297,66
135650,85861,71,19
135650,85975,15,1
135650,85984,3,2
135650,85984,30,1
135650,86996,15,4
135650,87079,15,5
135650,87079,19,5
135650,87079,191,5
135650,87087,71,6
135650,87552,15,4
135650,87580,378,2
135650,87618,71,1
135650,88072,47,1
135650,88072,70,1
135650,88292,70,2
135650,89678,4,16
135650,92220,297,2
135650,92586pr0008,0,1
135650,92947,71,1
135650,92950,15,2
135650,93273,320,1
135650,93273,15,6
135650,93274,72,5
135650,93606,15,3
135650,96874,3,1
135650,98100,71,1
135650,98138,28,12
135650,98138,182,6
135650,98138,15,35
135650,98139,297,1
135650,98313,70,8
135650,98374,1103,1
135650,98397,70,9
135650,98560,15,2
135650,99021,72,1
135650,99206,19,2
135650,99207,70,6
135650,99207,19,16
135650,99207,212,4
135650,99563,71,2
135650,99563,70,4
135650,99780,15,5
135650,99780,28,18
135650,99780,212,2
135650,99781,320,2
135664,11010,334,1
135664,11090,297,2
135664,11211,19,2
135664,11476,19,8
135664,11477,0,4
135664,11477,72,4
135664,11477,378,2
135664,11477,28,6
135664,11477,25,2
135664,11477,84,14
135664,13548,0,5
135664,14719,19,5
135664,14769pr1238,297,1
135664,15068,29,1
135664,15068,0,6
135664,15571,0,1
135664,15573,0,1
135664,15712,0,2
135664,20482,15,2
135664,22885,71,39
135664,22888,0,2
135664,2343,297,1
135664,2357,0,1
135664,2412b,320,2
135664,2420,70,2
135664,2420,84,4
135664,2420,72,8
135664,2420,0,2
135664,2420,19,2
135664,2431,0,6
135664,2431,84,2
135664,2431,19,6
135664,2431,378,1
135664,2431pr0181,2,2
135664,25269,0,11
135664,25269,28,22
135664,25269,84,15
135664,26601,0,4
135664,26603,0,1
135664,26603pr0083,0,1
135664,26604,0,2
135664,28192,0,1
135664,28192,28,8
135664,28802,70,1
135664,29119,288,1
135664,29120,320,1
135664,3003,2,4
135664,3003,29,3
135664,3004,84,2
135664,3004,2,1
135664,3005,28,1
135664,3010,0,2
135664,3010,378,2
135664,3010,84,2
135664,3010,2,2
135664,3020,288,3
135664,3020,378,2
135664,3020,72,1
135664,3020,84,8
135664,3020,2,3
135664,3020,0,4
135664,3020,28,6
135664,3021,19,1
135664,3021,28,3
135664,3021,0,5
135664,3021,72,2
135664,3021,2,2
135664,3022,85,1
135664,3022,0,5
135664,3022,19,1
135664,3022,378,5
135664,3022,28,2
135664,3022,84,6
135664,3022,320,2
135664,3022,2,3
135664,3022,25,1
135664,3022,29,1
135664,3023,28,2
135664,3023,19,9
135664,3023,2,5
135664,3023,72,5
135664,3023,71,1
135664,3023,0,10
135664,3023,191,2
135664,3023,308,3
135664,3023,320,2
135664,3023,84,12
135664,3023,378,6
135664,3024,84,13
135664,3024,2,4
135664,3024,28,7
135664,3024,0,5
135664,3024,19,6
135664,3024,320,2
135664,3031,0,1
135664,3039,2,1
135664,3039,0,1
135664,3040b,84,4
135664,3068b,19,3
135664,3069b,84,2
135664,3069b,378,2
135664,3069b,19,2
135664,3069b,0,4
135664,3069b,2,2
135664,3070b,19,2
135664,3070b,0,2
135664,32028,0,3
135664,32803,72,2
135664,32828,0,2
135664,34103,19,2
135664,35485,0,2
135664,3622,0,2
135664,3622,2,2
135664,3623,0,4
135664,3623,19,2
135664,36752a,308,2
135664,36752a,28,1
135664,36752a,0,1
135664,36840,0,4
135664,36840,84,4
135664,3710,19,3
135664,3710,70,1
135664,3710,72,1
135664,3710,191,2
135664,3710,84,4
135664,38014,15,1
135664,3937,0,1
135664,3937,72,1
135664,3938,0,1
135664,3941,4,5
135664,3957b,70,1
135664,3958,0,4
135664,4032a,14,9
135664,4070,70,4
135664,4070,0,1
135664,41740,0,4
135664,41740,19,2
135664,41769,72,1
135664,41770,72,1
135664,44728,2,4
135664,44728,70,1
135664,54200,84,2
135664,54200,0,12
135664,54200,19,2
135664,6091,28,1
135664,6091,84,8
135664,6134,71,1
135664,61409,72,2
135664,69858,297,2
135664,73825,1,1
135664,73825,84,4
135664,78329,84,2
135664,85984,0,3
135664,85984,19,2
135664,85984,28,1
135664,85984,72,2
135664,87079,0,4
135664,87079,19,1
135664,87079pr0276,378,1
135664,87079pr9949,70,1
135664,87087,71,6
135664,87620,0,3
135664,88646,0,1
135664,93273,72,2
135664,93273,0,4
135664,93274,0,1
135664,93274,71,1
135664,93549pat0002,47,1
135664,98138pr0060,0,7
135664,99206,25,1
135664,99206,379,4
135664,99206,19,2
135664,99206,15,2
135664,99207,70,1
135664,99780,28,3
135664,99781,0,2
135684,15573,0,2
135684,3068b,0,2
135684,3068bpr0333,15,2
135684,3069b,0,1
135684,30837,71,1
135684,30839pr0001,0,1
135684,30841pr0008,0,1
135684,30841pr0009,0,1
135684,50951,0,4
135684,6141,36,1
135684,93587pr0011,0,1
135684,93594,179,4
135690,11211,0,19
135690,11212,0,19
135690,11212,4,4
135690,11477,0,22
135690,11477,4,8
135690,14413,0,10
135690,15068,4,10
135690,2357,1,3
135690,2357,0,1
135690,2419,0,2
135690,2420,1,2
135690,2420,4,15
135690,24299,4,77
135690,24299,15,25
135690,24307,15,10
135690,24307,0,1
135690,24307,4,31
135690,2450,4,1
135690,2450,0,6
135690,2462,0,4
135690,25269,4,9
135690,25269,15,14
135690,26601,0,3
135690,26603,15,17
135690,26603,4,116
135690,27263,15,1
135690,27263,4,14
135690,27925,4,2
135690,27925,15,9
135690,29119,4,17
135690,29120,4,65
135690,3001,0,3
135690,3021,0,17
135690,3021,4,10
135690,3022,0,1
135690,3023,15,5
135690,3023,4,44
135690,3024,15,8
135690,3024,0,22
135690,3029,0,1
135690,3029,4,3
135690,3031,0,4
135690,3031,1,5
135690,3031,4,7
135690,3032,0,1
135690,3034,0,6
135690,3034,4,2
135690,3035,4,4
135690,3035,0,5
135690,30355,0,2
135690,30356,0,2
135690,3036,0,9
135690,30503,0,5
135690,30503,4,1
135690,30504,0,5
135690,30504,4,1
135690,30565,15,4
135690,3069b,15,19
135690,3070b,15,12
135690,32000,0,4
135690,32324,71,8
135690,32531,321,5
135690,32532,71,17
135690,33909,4,74
135690,3460,0,3
135690,35044,4,3
135690,35787,4,29
135690,35787,15,15
135690,3623,4,14
135690,3623,0,4
135690,3666,4,3
135690,3701,15,13
135690,3702,4,8
135690,3710,4,3
135690,3710,0,3
135690,3795,4,3
135690,3795,1,36
135690,3795,0,5
135690,3894,14,3
135690,4070,0,1
135690,41767,0,1
135690,41768,0,3
135690,41769,15,1
135690,41769,4,4
135690,41770,4,14
135690,41770,0,1
135690,41770,15,8
135690,4274,71,3
135690,4282,4,1
135690,42924,1,7
135690,43722,0,2
135690,43722,4,7
135690,43722,15,2
135690,43723,4,19
135690,43723,0,2
135690,44865,4,18
135690,48205,0,5
135690,48208,0,10
135690,50304,4,1
135690,50304,0,5
135690,50305,0,3
135690,50305,4,1
135690,54200,0,4
135690,54384,4,5
135690,6106,0,2
135690,61332,0,122
135690,6141,191,70
135690,6141,226,69
135690,6141,14,96
135690,6141,4,55
135690,6141,25,130
135690,6141,320,67
135690,6141,0,23
135690,6232,15,18
135690,6232,0,5
135690,63864,15,6
135690,65426,0,6
135690,65426,4,4
135690,65429,4,1
135690,65429,0,2
135690,6564,0,10
135690,6565,0,6
135690,65803,0,5
135690,67139,0,2
135690,69729,0,1
135690,78329,0,3
135690,78444,4,3
135690,79393,4,5
135690,79393,15,2
135690,87079pr0284,0,1
135690,87087,0,3
135690,87620,0,2
135690,92438,4,5
135690,96874,3,1
135690,98138,4,87
135690,99563,4,60
135691,11610,19,2
135691,15573,378,1
135691,17485,19,1
135691,28598,378,1
135691,2877,19,4
135691,3021,19,4
135691,3039,47,1
135691,3046a,72,2
135691,3062b,19,4
135691,32000,19,2
135691,33320,70,1
135691,35480,19,4
135691,3623,71,3
135691,36752a,28,1
135691,3941,19,1
135691,4070,19,4
135691,4490,19,3
135691,54200,378,8
135691,59900,2,2
135691,59900,378,4
135691,60897,19,2
135691,6106,326,1
135691,87620,19,2
135691,89522,378,3
135694,10073602,9999,1
135694,10073628,9999,1
135694,11100,15,1
135694,11211,19,2
135694,11213,28,1
135694,11477,73,8
135694,11477,1,1
135694,11477,15,18
135694,11477,71,1
135694,13349,212,1
135694,13547,15,6
135694,14417,72,6
135694,14419,72,4
135694,14704,71,7
135694,14769,15,4
135694,15068,4,1
135694,15070,4,8
135694,15082,85,1
135694,15208,19,2
135694,15279,27,1
135694,15429,191,1
135694,15573,1,1
135694,15573,15,1
135694,15712,191,1
135694,22385,71,6
135694,22885,4,1
135694,22890,72,1
135694,2420,15,2
135694,24201,15,2
135694,24201,288,4
135694,24201,1,1
135694,24299,212,4
135694,24299,1,1
135694,24307,212,4
135694,24307,1,1
135694,2450,321,2
135694,24866,212,2
135694,24866,26,2
135694,25269,15,2
135694,25269,321,10
135694,25269,0,1
135694,25269,1,12
135694,26047,71,6
135694,2654,4,6
135694,2654,15,4
135694,26601,71,1
135694,27261,15,4
135694,27261,73,8
135694,27263,71,4
135694,28192,15,2
135694,28802,15,2
135694,29119,212,4
135694,29119,15,1
135694,29120,15,1
135694,29120,212,4
135694,3001,73,1
135694,3002,4,1
135694,3004,73,5
135694,3004,1,1
135694,3004,191,1
135694,3004,27,1
135694,3004,378,2
135694,3005,73,4
135694,3005,2,4
135694,3007,14,1
135694,30089b,0,1
135694,30165,322,1
135694,3020,3,7
135694,3020,1,6
135694,3021,272,1
135694,3021,321,2
135694,3021,15,2
135694,3021,25,1
135694,3022,29,2
135694,3022,1,3
135694,3022,19,2
135694,3022,191,1
135694,3023,321,21
135694,3023,484,2
135694,3023,29,3
135694,3023,10,4
135694,3023,71,6
135694,3024,3,1
135694,3024,73,8
135694,3032,15,2
135694,3032,2,1
135694,30357,15,4
135694,3040b,15,2
135694,3040b,71,2
135694,3040b,321,2
135694,3062b,10,1
135694,3062b,323,3
135694,3068b,71,4
135694,3069b,15,2
135694,3069b,2,2
135694,3069b,212,2
135694,3070b,15,2
135694,33909,72,2
135694,35480,72,4
135694,3623,19,2
135694,3665,15,2
135694,3666,15,2
135694,3678b,71,5
135694,36841,71,2
135694,3710,3,5
135694,3710,15,6
135694,3710,272,1
135694,3747b,15,1
135694,3795,15,2
135694,3795,19,2
135694,3832,15,1
135694,38648pat0001,0,1
135694,4032a,72,4
135694,42023,15,2
135694,43722,272,1
135694,43722,1,1
135694,43723,272,1
135694,43723,1,1
135694,44301b,15,4
135694,44567b,0,4
135694,44728,0,11
135694,44728,15,4
135694,47457,15,1
135694,48336,70,4
135694,48933,15,1
135694,50337,15,2
135694,50950,15,6
135694,51739,4,4
135694,54200,321,2
135694,54200,25,1
135694,54200,15,4
135694,54200,1,1
135694,54657,71,8
135694,54661,71,4
135694,54671,71,2
135694,57909b,72,1
135694,60470b,14,4
135694,60474,28,1
135694,60477,19,1
135694,60477,71,1
135694,60478,1,2
135694,60897,14,2
135694,61252,19,8
135694,6141,33,2
135694,6141,15,4
135694,6141,3,2
135694,6141,1,2
135694,63864,212,2
135694,63868,4,2
135694,64225,27,4
135694,67696,72,1
135694,76797,15,2
135694,79389,19,2
135694,85861,297,1
135694,85984,15,1
135694,85984,3,4
135694,86996,15,4
135694,87079,272,1
135694,87087,1,2
135694,87087,26,2
135694,87994,4,1
135694,89522,297,1
135694,92582,71,6
135694,93273,71,4
135694,93273,2,2
135694,93274,72,5
135694,93606,15,4
135694,98138pr0008,15,2
135694,99206,27,2
135694,99207,71,1
135694,99781,4,3
135694,99781,1,4
135761,01648pr0001,15,1
135761,11476,15,1
135761,14716,19,2
135761,14769,70,1
135761,15207,72,1
135761,18677,70,2
135761,18788,322,1
135761,18791,72,1
135761,19727pr0001,70,2
135761,2357,72,8
135761,2357,4,4
135761,2357,15,9
135761,2420,15,2
135761,2420,72,2
135761,2431,71,3
135761,2431,19,2
135761,2445,19,1
135761,2445,72,1
135761,2453b,19,2
135761,2456,15,3
135761,2456,4,6
135761,2456,72,12
135761,24855,2,2
135761,24866,26,3
135761,24866,191,3
135761,24866,25,4
135761,24866,10,8
135761,24946,15,1
135761,25769pr0006,484,1
135761,2639,70,1
135761,28974,15,2
135761,3001,15,4
135761,3001,72,8
135761,3001,4,15
135761,3002,4,8
135761,3003,71,2
135761,3003,84,1
135761,3003,4,22
135761,3003,15,61
135761,3003,72,2
135761,3003,19,5
135761,3004,70,3
135761,3004,19,3
135761,3004,4,5
135761,3004,72,4
135761,3004,15,24
135761,3004pr0014,84,2
135761,3005,19,13
135761,3005,72,2
135761,3005,4,9
135761,3005,70,2
135761,3008,72,4
135761,3008,70,1
135761,3009,0,1
135761,3009,4,2
135761,3010,71,3
135761,3010,4,2
135761,3010,15,2
135761,3020,484,1
135761,3020,15,7
135761,3020,70,7
135761,3020,4,4
135761,3020,25,2
135761,3020,1,2
135761,3020,72,2
135761,3020,2,5
135761,3021,72,8
135761,3021,15,3
135761,3022,15,31
135761,3022,70,2
135761,3022,14,4
135761,3022,484,3
135761,3022,4,10
135761,3022,19,7
135761,3023,4,5
135761,3023,15,3
135761,3023,484,1
135761,3023,28,1
135761,3023,70,8
135761,3023,29,1
135761,30237b,4,2
135761,30237b,19,2
135761,30237b,15,2
135761,3024,4,2
135761,3024,19,4
135761,3024,70,1
135761,3024,0,10
135761,3024,15,11
135761,3024,46,5
135761,3024,182,5
135761,3024,72,6
135761,3031,2,2
135761,3031,72,2
135761,3032,2,1
135761,3033,19,1
135761,3034,70,6
135761,3034,15,4
135761,3034,19,5
135761,3034,72,9
135761,3035,19,5
135761,3035,72,14
135761,3036,2,3
135761,30414,72,6
135761,3068b,15,2
135761,3068bpr0236,84,1
135761,3069b,72,2
135761,3069b,15,5
135761,3069b,19,8
135761,3070b,15,2
135761,3070b,19,2
135761,32028,15,1
135761,32062,4,1
135761,32064a,4,2
135761,32803,0,2
135761,32828,19,2
135761,33051,4,2
135761,33172,25,1
135761,33183,10,3
135761,33183,191,2
135761,33909,19,2
135761,3460,72,15
135761,35480,70,2
135761,35750pr0001,15,1
135761,3623,72,1
135761,3623,15,1
135761,3666,4,2
135761,3666,19,1
135761,3666,15,3
135761,3700,71,4
135761,3700,15,8
135761,3700,4,8
135761,3706,0,1
135761,3710,72,9
135761,3710,70,1
135761,3710,2,1
135761,3713,4,1
135761,3795,70,2
135761,3795,2,3
135761,3795,19,4
135761,3795,4,2
135761,3830,15,1
135761,3830,4,2
135761,3831,15,1
135761,3831,4,2
135761,3937,15,2
135761,3938,15,1
135761,3938,71,1
135761,3958,70,1
135761,4032a,0,4
135761,4162,15,1
135761,4162,4,1
135761,41740,15,2
135761,41740,4,3
135761,4216,70,4
135761,4216,15,4
135761,42924,1,2
135761,4477,15,1
135761,4733,15,1
135761,4738c,84,1
135761,55013,72,1
135761,60475b,19,4
135761,60478,15,1
135761,60478,70,8
135761,6112,72,4
135761,61332,0,6
135761,6141,14,1
135761,6141,70,4
135761,6141,19,2
135761,6141,15,1
135761,61780,70,2
135761,62113,84,2
135761,6541,72,4
135761,65509,10,4
135761,65509,70,1
135761,65509,72,3
135761,6636,72,4
135761,6636,19,1
135761,73230,70,4
135761,80835,84,1
135761,85861,70,14
135761,86876,4,2
135761,86996,4,1
135761,87580,10,2
135761,87580,71,9
135761,87580,33,4
135761,87580,84,1
135761,87580,70,2
135761,87580,19,11
135761,87580,14,2
135761,87580,4,2
135761,92947,70,1
135761,95343,71,1
135761,95344,28,1
135761,96874,25,1
135761,98283,71,6
135762,2432,15,2
135762,2456,15,1
135762,3001,4,1
135762,3002,14,1
135762,3003,15,1
135762,3004,0,1
135762,3007,14,1
135762,3021,0,1
135762,3034,1,2
135762,3039,47,3
135762,3039,0,1
135762,3065,41,2
135762,3068b,1,2
135762,3069b,33,1
135762,34337,15,16
135762,3710,1,2
135762,3795,4,1
135762,39767,4,2
135762,50943,71,1
135762,6223,47,2
135762,67687,71,6
135762,87079,0,1
135762,87414,0,16
135762,87580,15,3
135762,90397,322,1
135763,14718,4,1
135763,15068,15,2
135763,15456,0,3
135763,18674,10,1
135763,20482,297,2
135763,2357,4,2
135763,24866,10,2
135763,2877,4,1
135763,3003,191,1
135763,3003,322,1
135763,3010,2,2
135763,30165,4,1
135763,30165,0,1
135763,3020,15,3
135763,3022,15,1
135763,3023,0,2
135763,3031,15,2
135763,3065,47,4
135763,3245c,0,2
135763,3623,4,3
135763,3710,15,1
135763,37762,0,1
135763,3795,0,1
135763,4600,71,6
135763,48336,297,2
135763,50254,0,12
135763,63082,0,2
135763,6541,4,2
135763,87580,297,2
135763,88930,15,2
135763,98138,0,3
135763,99206,0,1
135763,99781,4,1
135764,11090,14,2
135764,15279,10,1
135764,15573,19,1
135764,1566,10,1
135764,20482,28,3
135764,29685pr0001,15,1
135764,3004,28,1
135764,30150,84,1
135764,3023,10,1
135764,3062b,308,1
135764,32607,10,1
135764,33172,25,2
135764,33183,10,2
135764,35480,28,1
135764,3626c,191,1
135764,37695,10,1
135764,47905,4,1
135764,51270,25,1
135764,59900,320,1
135764,60474,19,1
135764,61506,19,1
135764,79736,27,1
135764,85861,288,1
135764,95344,72,1
135764,95345,70,1
135765,10190,3,2
135765,11090,71,2
135765,11211,5,2
135765,11213,320,2
135765,11458,14,2
135765,11476,14,1
135765,11477,320,8
135765,14417,72,6
135765,14418,71,10
135765,15068,14,1
135765,15395,320,4
135765,15535,19,2
135765,15535,4,2
135765,15573,71,5
135765,15573,84,4
135765,15712,15,1
135765,15745,41,1
135765,16091,71,2
135765,17485,14,2
135765,18646,29,2
135765,18649,4,8
135765,18674,72,3
135765,18980,28,2
135765,20482,321,2
135765,20482,15,4
135765,20482,4,8
135765,22484,72,2
135765,22885,71,2
135765,22890,72,4
135765,23443,1,1
135765,23443,320,1
135765,2412b,72,6
135765,24309,320,5
135765,2432,0,2
135765,2456,4,1
135765,24855,2,1
135765,2486,0,2
135765,25269,14,2
135765,2540,2,1
135765,2654,47,2
135765,2654,4,1
135765,26601,71,4
135765,26604,378,2
135765,28192,71,4
135765,28974,0,1
135765,3002,71,2
135765,3004,484,1
135765,3004,288,7
135765,3005,288,2
135765,30089b,0,1
135765,30153,52,1
135765,30165,14,2
135765,3020,28,2
135765,3021,71,4
135765,3022,19,2
135765,3022,4,4
135765,3022,71,2
135765,3023,288,4
135765,3023,1,7
135765,3023,484,9
135765,3023,320,9
135765,3024,297,20
135765,3031,0,1
135765,30361c,14,2
135765,30367c,14,4
135765,30374,4,2
135765,30375,15,1
135765,30377,19,2
135765,3039,484,1
135765,3068b,72,2
135765,3070b,288,1
135765,32062,0,1
135765,32064a,14,1
135765,32124,70,2
135765,32607,27,1
135765,32828,19,4
135765,32828,0,4
135765,3460,71,2
135765,3623,4,8
135765,36841,71,4
135765,3705,0,2
135765,3710,288,2
135765,3710,71,2
135765,3738,84,1
135765,3749,19,2
135765,3795,0,1
135765,3941,322,3
135765,3941,14,6
135765,3960,288,1
135765,4032a,0,4
135765,4032a,1,2
135765,4032a,78,1
135765,4070,15,4
135765,41682,320,1
135765,4274,15,4
135765,4286,320,8
135765,44294,14,1
135765,44375b,71,1
135765,44568,71,1
135765,44728,19,4
135765,4697b,15,1
135765,47753,320,2
135765,48729b,0,3
135765,49153,0,4
135765,52979,41,1
135765,53119,15,1
135765,54200,71,4
135765,59900,0,1
135765,59900,2,6
135765,60474,0,1
135765,60475b,0,6
135765,60478,14,2
135765,60481,71,8
135765,60897,19,4
135765,61252,320,8
135765,61252,1,1
135765,6141,484,12
135765,6141,41,4
135765,6141,29,58
135765,6180,0,1
135765,62361,71,2
135765,63864,72,2
135765,63868,4,8
135765,64225,4,2
135765,65509,288,2
135765,65768,0,2
135765,67811,14,2
135765,71752,19,2
135765,77808,72,2
135765,78256,0,2
135765,78258,72,1
135765,85861,0,7
135765,85861,27,2
135765,85984,4,2
135765,85984,72,2
135765,90258,484,2
135765,93274,0,2
135765,93609,0,2
135765,98138,47,5
135765,98138pr0083,15,2
135765,98138pr0186,71,1
135765,98397,0,1
135765,99206,14,2
135765,99207,72,2
135765,99563,297,2
135765,99563,70,4
135765,99780,28,6
135765,99781,0,5
135785,10066310,9999,1
135785,10190,3,6
135785,11090,71,4
135785,11090,297,5
135785,11090,26,4
135785,11153,4,2
135785,11211,2,4
135785,11476,84,1
135785,11476,0,2
135785,11477,26,4
135785,11477,3,2
135785,11477,15,1
135785,11477,72,4
135785,13547,15,2
135785,13591,0,2
135785,14417,72,4
135785,14704,71,6
135785,15068,4,1
135785,15068,3,21
135785,15070,297,12
135785,15208,297,2
135785,15208,19,2
135785,15303,35,3
135785,15400,72,2
135785,15535,71,4
135785,15535,4,2
135785,15573,15,2
135785,15573,3,2
135785,15672,15,4
135785,15712,297,1
135785,15712,71,1
135785,16770,297,12
135785,18651,0,2
135785,18674,14,2
135785,18674,72,2
135785,18677,15,2
135785,18970,297,1
135785,18980,26,2
135785,20310,297,2
135785,20482,70,2
135785,20482,72,2
135785,20482,297,4
135785,22385,3,22
135785,22385,0,1
135785,22885,71,4
135785,22890,72,2
135785,23443,0,1
135785,23443,297,2
135785,23860,45,1
135785,2412b,15,2
135785,2412b,297,3
135785,2420,26,2
135785,2420,4,2
135785,24201,14,4
135785,24309,15,2
135785,2431,3,2
135785,2431,15,2
135785,24316,70,2
135785,2450,15,2
135785,24866,1050,2
135785,25269,26,4
135785,25375,297,1
135785,2540,15,4
135785,2540,14,1
135785,26047,297,4
135785,26047,71,4
135785,2639,15,2
135785,2654,4,1
135785,28192,4,2
135785,28326,0,1
135785,28802,15,7
135785,29119,3,2
135785,29120,3,2
135785,30031,72,1
135785,30093,288,1
135785,3010,19,1
135785,3010,15,3
135785,30136,15,9
135785,3020,26,2
135785,3020,3,8
135785,3020,72,6
135785,3021,15,2
135785,3021,4,1
135785,3022,26,5
135785,3022,3,4
135785,3022,72,2
135785,3023,26,33
135785,3031,15,3
135785,3034,26,5
135785,30340,297,1
135785,30357,26,4
135785,30367c,297,3
135785,30374,4,1
135785,30374,52,1
135785,3039,3,1
135785,30503,0,2
135785,3069b,26,2
135785,3069bpr0290,15,1
135785,32000,19,2
135785,32015,72,4
135785,32018,71,2
135785,32059,15,1
135785,32062,4,4
135785,32064a,14,6
135785,32064a,15,8
135785,32184,71,2
135785,32192,15,2
135785,3245c,15,2
135785,32531,71,1
135785,32803,0,2
135785,32803,15,1
135785,32828,3,2
135785,32828,71,6
135785,32952,4,2
135785,3298,15,12
135785,33121,4,1
135785,33121,191,1
135785,33909,19,1
135785,34103,0,2
135785,35480,4,2
135785,35787,3,6
135785,36017,15,1
135785,3622,15,2
135785,3623,26,4
135785,3639,72,2
135785,3640,15,2
135785,3660,26,2
135785,3666,15,2
135785,3666,19,2
135785,36841,15,2
135785,3705,4,2
135785,3706,0,4
135785,3707,4,1
135785,3709,4,2
135785,3710,3,4
135785,3710,4,1
135785,3710,26,6
135785,3747b,15,2
135785,3795,14,1
135785,3795,4,2
135785,3900,71,1
135785,3941,45,6
135785,4032a,72,2
135785,4032a,3,1
135785,4032a,71,2
135785,4070,4,4
135785,4070,15,4
135785,4081b,15,1
135785,41749,15,1
135785,41750,15,1
135785,42023,15,2
135785,4274,71,2
135785,4286,26,2
135785,43722,3,2
135785,43723,3,2
135785,43898,72,1
135785,44568,71,1
135785,44674,3,2
135785,44728,71,2
135785,44861,15,4
135785,4510,4,2
135785,4519,14,2
135785,4697b,0,2
135785,4740,71,1
135785,47455,15,4
135785,47456,297,6
135785,47458,15,2
135785,47458,297,7
135785,48169,15,4
135785,48171,72,4
135785,48729b,25,1
135785,49153,72,2
135785,49577,26,5
135785,50949,15,3
135785,50949,0,1
135785,51739,3,1
135785,52979,45,1
135785,53451,19,4
135785,53451,4,1
135785,54200,3,6
135785,55013,72,1
135785,55236,2,1
135785,55981,297,2
135785,57909b,72,1
135785,58846,15,4
135785,59900,52,2
135785,59900,15,2
135785,59900,26,2
135785,6003,19,1
135785,60219,15,1
135785,60470b,4,4
135785,60477,15,2
135785,60478,3,2
135785,60481,3,4
135785,6060,15,2
135785,60897,15,3
135785,60897,72,12
135785,6091,3,2
135785,6111,15,2
135785,61184,71,2
135785,61252,191,2
135785,61252,4,2
135785,61332,0,3
135785,61409,14,4
135785,61409,15,2
135785,6141,47,4
135785,6141,26,14
135785,6232,72,1
135785,64567,0,1
135785,64567,297,2
135785,64648,25,1
135785,65138,72,1
135785,65768,297,5
135785,65886,19,1
135785,6636,3,4
135785,66909,19,1
135785,66909,82,2
135785,66956,3,8
135785,66956,0,1
135785,67329,72,2
135785,67696,15,1
135785,68568,3,2
135785,69754,297,2
135785,69755,72,3
135785,69767,297,1
135785,69858,297,4
135785,70681,15,6
135785,73230,0,4
135785,73825,15,12
135785,73825,72,4
135785,76797,15,2
135785,78256,19,2
135785,78258,72,1
135785,78258,15,2
135785,79389,71,10
135785,79393,71,1
135785,80015,3,2
135785,80324,4,2
135785,80326,15,1
135785,80519,35,1
135785,85861,297,9
135785,85861,14,4
135785,85975,297,2
135785,85984,3,8
135785,85984,26,2
135785,85984pr0013,72,1
135785,87087,27,6
135785,87407,71,2
135785,87580,26,1
135785,87580,3,2
135785,87620,15,4
135785,87752,41,1
135785,87994,297,2
135785,89522,297,4
135785,90258,72,2
135785,92692,297,1
135785,92947,4,4
135785,93273,3,12
135785,93274,15,4
135785,93606,4,2
135785,96874,25,1
135785,98138,36,2
135785,98138,35,5
135785,98138pr0051,297,1
135785,98138pr0304,0,2
135785,99021,72,4
135785,99206,15,1
135785,99206,4,1
135785,99207,15,8
135785,99563,297,4
135785,99563,3,7
135785,99780,4,2
135785,99780,15,6
135785,99781,3,7
135786,01506,9999,1
135786,11090,15,2
135786,11211,15,2
135786,11213,2,1
135786,11214,4,1
135786,11477,2,1
135786,13965,70,3
135786,1413pr0001,484,1
135786,14210,0,1
135786,14395,84,2
135786,14716,19,2
135786,14716,84,6
135786,15068,15,1
135786,15254,84,4
135786,15332,15,6
135786,15395,322,2
135786,15456,0,1
135786,15470,297,2
135786,15470,29,1
135786,15470,323,1
135786,15573,71,2
135786,15573,272,2
135786,15573,26,1
135786,15573,85,3
135786,15712,70,2
135786,15712,0,9
135786,18674,5,1
135786,18674,0,2
135786,18838,84,1
135786,1927,19,2
135786,20309,3,4
135786,22667,4,1
135786,22667,27,1
135786,22885,19,1
135786,22888,2,1
135786,2357,71,1
135786,2357,70,1
135786,2357,19,2
135786,23969,19,2
135786,23969,26,1
135786,2412b,179,1
135786,2412b,70,1
135786,2417,10,3
135786,2420,84,1
135786,2420,19,8
135786,2420,70,1
135786,2423,2,2
135786,24246,71,3
135786,2431,272,3
135786,2431,26,8
135786,2431,70,1
135786,2445,31,1
135786,2453b,84,1
135786,2454b,84,1
135786,24855,2,2
135786,24866,26,6
135786,24866,4,2
135786,24866,191,17
135786,24866,10,9
135786,24866,5,1
135786,2584,0,1
135786,2585,71,1
135786,26047,70,1
135786,26603,272,1
135786,2817,71,2
135786,2821,191,1
135786,2877,14,3
135786,2921,70,1
135786,3001,70,1
135786,3002,14,1
135786,3003,31,1
135786,3003,71,2
135786,3004,15,1
135786,3004,84,21
135786,3004,4,1
135786,3004,378,2
135786,30044,15,2
135786,30046,0,2
135786,3005,182,1
135786,3005,31,1
135786,3005,84,28
135786,3005,72,1
135786,3005,45,1
135786,3006,70,1
135786,3008,84,2
135786,3009,84,9
135786,3010,84,2
135786,30134,70,1
135786,30136,484,2
135786,30136,84,2
135786,30136,31,17
135786,30136,70,4
135786,30150,84,1
135786,30153,45,3
135786,30153,41,2
135786,30153,46,2
135786,30153,34,2
135786,30165,85,2
135786,30165,0,1
135786,3020,272,2
135786,3020,2,2
135786,3020,71,1
135786,3020,31,2
135786,3020,70,2
135786,3020,19,1
135786,3020,3,3
135786,3020,15,1
135786,3021,85,2
135786,3021,84,1
135786,3022,15,1
135786,3022,72,2
135786,3022,84,4
135786,3022,322,2
135786,3022,14,1
135786,3023,19,6
135786,3023,15,2
135786,3023,272,3
135786,3023,2,2
135786,3023,31,11
135786,3023,3,1
135786,3023,70,2
135786,3023,84,1
135786,3023,30,4
135786,3024,30,4
135786,3024,84,7
135786,3032,70,1
135786,3033,31,1
135786,3034,0,1
135786,3035,2,1
135786,3035,31,1
135786,3037,272,15
135786,30374,19,2
135786,3039,272,9
135786,3039,378,8
135786,30395,72,1
135786,3040b,272,1
135786,3040b,326,9
135786,3040b,84,3
135786,3040b,72,1
135786,3046a,72,1
135786,3062b,84,6
135786,3062b,19,2
135786,3062b,70,4
135786,3062b,31,4
135786,3062b,71,1
135786,3068b,30,1
135786,3068b,484,3
135786,3068b,322,1
135786,3069b,30,2
135786,3069b,484,6
135786,3069b,2,1
135786,3069b,4,1
135786,3069b,26,8
135786,3069b,84,2
135786,3069b,272,2
135786,3069b,378,1
135786,3069bpr0100,2,1
135786,3070b,84,6
135786,3070b,272,3
135786,30924,15,1
135786,32028,70,2
135786,32474,5,1
135786,32607,10,1
135786,32828,0,2
135786,3297,272,3
135786,33051,4,5
135786,33051,10,1
135786,33172,25,1
135786,33183,10,2
135786,33909,19,2
135786,34172,15,2
135786,34173,179,2
135786,35480,15,1
135786,35480,19,2
135786,35700,3,1
135786,3622,71,1
135786,3622,84,15
135786,3623,19,2
135786,3623,70,1
135786,3623,2,2
135786,3633,15,2
135786,3633,0,1
135786,3659,71,1
135786,3659,28,2
135786,3660,70,4
135786,3665,70,1
135786,3666,31,1
135786,3666,84,3
135786,3666,19,3
135786,3673,14,1
135786,36841,15,2
135786,3700,15,2
135786,3710,84,1
135786,3710,30,3
135786,3710,85,3
135786,37352,3,4
135786,37695,10,2
135786,3795,70,5
135786,3795,30,2
135786,3795,84,1
135786,3829c01,14,1
135786,3836,70,1
135786,3899,47,1
135786,3937,0,2
135786,3937,71,1
135786,3941,19,1
135786,39767,71,2
135786,4032a,27,1
135786,4032a,19,1
135786,40687,71,1
135786,4070,15,4
135786,4070,71,4
135786,4070,28,2
135786,41539,19,1
135786,41539,2,1
135786,4162,272,1
135786,41769,85,1
135786,41770,85,1
135786,41948,2,1
135786,4286,70,1
135786,4286,378,1
135786,4345b,15,1
135786,4346,47,1
135786,43888,15,1
135786,4445,272,4
135786,4460b,70,2
135786,4477,19,4
135786,4522,0,1
135786,4528,297,1
135786,4529,0,1
135786,4599b,15,1
135786,4735,71,2
135786,48336,0,1
135786,48336,19,1
135786,4865b,19,2
135786,4865b,71,1
135786,54200,182,2
135786,54200,70,1
135786,55981,15,2
135786,56823c50,0,1
135786,58176,15,7
135786,59900,0,2
135786,59900,71,1
135786,6014b,15,4
135786,60470b,84,1
135786,60470b,15,1
135786,60475b,19,10
135786,60581,15,1
135786,60583b,19,2
135786,60594,3,5
135786,60596,378,1
135786,60607,15,10
135786,60623,272,1
135786,60800a,26,2
135786,60849,71,1
135786,6091,15,2
135786,6091,30,2
135786,61332,0,1
135786,6134,71,2
135786,6134,15,1
135786,6141,41,4
135786,61780,70,1
135786,6182,84,2
135786,6254,15,1
135786,6256,191,1
135786,63082,71,1
135786,63864,28,1
135786,63864pr0012,28,2
135786,63868,70,1
135786,63868,71,1
135786,63965,70,1
135786,63965,19,2
135786,65509,484,6
135786,6587,28,1
135786,65886,272,1
135786,6589,19,1
135786,66252,15,4
135786,6636,70,4
135786,6636,84,1
135786,69830pr0023,0,1
135786,69902pr0001,379,1
135786,79741,179,2
135786,79743,323,1
135786,79989pat0001,4,1
135786,80674,191,2
135786,85861,70,4
135786,85861,297,11
135786,85861,15,1
135786,85861,71,4
135786,85861,0,4
135786,87079,3,1
135786,87079,15,2
135786,87079,19,1
135786,87087,15,1
135786,87087,70,2
135786,87580,2,1
135786,87580,10,1
135786,87580,30,3
135786,87580,0,1
135786,87697,0,4
135786,87994,15,1
135786,88072,14,1
135786,88292,71,1
135786,88292,84,16
135786,91405,19,1
135786,92402,0,2
135786,92590,28,1
135786,92950,70,3
135786,93086,30,1
135786,93087,0,1
135786,93092,5,1
135786,93095,322,1
135786,93568pat0002,84,1
135786,95343,4,1
135786,95344,297,1
135786,95345,70,1
135786,96874,3,1
135786,98138,36,2
135786,98138,27,1
135786,98138,41,1
135786,98138,326,1
135786,98138,484,2
135786,98138pr0017,29,1
135786,98138pr0056,84,1
135786,98138pr0081,15,1
135786,98138pr0275,15,1
135786,98138pr9989,4,1
135786,98283,72,3
135786,99021,308,1
135790,6071266,9999,1
135793,11127,41,1
135793,11213,71,1
135793,30176,2,1
135793,3022,71,1
135793,3040b,72,3
135793,3684,71,1
135793,4070,0,1
135793,54200,72,2
135793,60169,72,1
135793,6141,72,1
135844,2431,14,5
135844,3069b,14,5
135844,32039,14,5
135844,32064a,14,5
135844,3941,14,5
135844,62462,14,5
135844,6536,14,5
135847,2009688,9999,1
135862,30480pr0001,297,1
135862,970d08pr0001,297,1
135862,973c21h21pr6084,297,1
135875,15445,72,1
135875,19220,0,1
135875,30132,72,1
135875,30162,72,1
135875,53020,14,1
135880,759528c07,191,1
135880,759532,191,4
135988,2009641,9999,1
135988,2009686,9999,1
135990,11249,297,1
135990,11369pr0003,484,3
135990,13247,484,1
135990,13535,4,1
135990,1376pr0001,484,1
135990,15793,4,1
135990,16375,85,2
135990,17865pr0003,0,1
135990,18018,179,1
135990,18823pr0010,4,1
135990,18825pr0024,29,1
135990,19084,179,1
135990,2300,4,1
135990,2300,10,1
135990,2300,14,1
135990,2301,4,2
135990,2302,10,2
135990,2302,14,2
135990,2302,4,2
135990,2302,25,2
135990,2302,73,2
135990,3011,10,2
135990,3011,14,2
135990,3011,4,2
135990,3011,1,2
135990,31041,25,1
135990,31333,15,1
135990,3437,73,2
135990,3437,10,2
135990,3437,25,2
135990,3437,4,1
135990,3437,1,2
135990,3437,27,2
135990,3437,14,2
135990,3437,85,2
135990,3437,484,2
135990,3437pr0020,4,1
135990,3437pr0113,14,2
135990,35516pr0002,321,1
135990,40666,10,2
135990,40666,73,2
135990,40666,27,2
135990,40666,15,2
135990,40666,1,2
135990,40666,70,2
135990,41978,72,6
135990,47511wpr0006,71,1
135990,4895,212,1
135990,51269,71,1
135990,51703,182,1
135990,51703,41,1
135990,51708,70,1
135990,58057pr0005,15,1
135990,6064213,9999,1
135990,6064215,9999,1
135990,6064216,9999,1
135990,6064217,9999,1
135990,6064218,9999,1
135990,6474,10,2
135990,6490,72,3
135990,6510,4,2
135990,65243pr0106,212,1
135990,65245pr0037,15,1
135990,76371,4,2
135990,76371,14,2
135990,76371,1,2
135990,88694,2,1
135990,98223,73,1
135990,98223,27,1
135993,47510pr0001,29,1
135993,47510wpr0001,15,1
135993,47510wpr0003,73,1
135993,47510wpr0005,29,1
135993,47511pr0003,15,1
135993,47511wpr0002,73,1
135993,47511wpr0004,71,1
135993,47511wpr0006,71,1
135993,75115pr0002,2,1
135993,75115pr0006a,73,1
135993,75115pr0011,19,1
135993,75115pr0018,70,1
135993,75121pr0010,73,1
135993,75121pr0012,15,1
135993,75121pr0013,15,1
135993,75121pr0014,4,1
135998,12592c02,0,1
135998,12758,14,1
135998,13358,0,2
135998,13359pr0001,15,2
135998,13531pr0002,1,1
135998,31300c03,0,2
135998,3437,484,2
135998,3437,27,1
135998,3437pr0034,27,2
135998,3437pr0046,191,2
135998,3664,321,1
135998,40666,10,1
135998,40666,1,1
135998,4543,4,1
135998,58086,70,1
135998,63710pr0014,15,1
135998,6377,72,1
135998,6378,72,12
135998,6391,72,1
135998,6446,25,3
135998,6510,10,2
135998,75121pr0025,4,1
135998,92453,321,1
135998,98223,10,1
135998,98224,10,1
136000,11198,4,1
136000,11335,4,1
136000,12053,15,1
136000,12602,1,1
136000,12651,1,2
136000,13355,0,1
136000,1376pr0001,484,1
136000,14013c01,71,1
136000,15320c01,71,1
136000,15579,14,1
136000,15580,191,10
136000,15581pr0002,321,1
136000,16205,1,1
136000,16874pr0002,15,1
136000,18067pr0001,15,1
136000,2206,15,2
136000,2291,4,2
136000,2302,191,8
136000,3011,191,1
136000,3011pr0001,321,1
136000,31023,15,1
136000,3437,27,1
136000,3437,14,2
136000,3437,4,18
136000,3437pr0020,4,1
136000,3437pr0026,27,1
136000,3437pr0030,191,1
136000,3664pr0009,321,1
136000,40666,4,2
136000,40666,15,1
136000,4196,15,1
136000,4196,10,1
136000,42234,15,2
136000,4672,10,1
136000,4672,15,1
136000,47511pr0003,15,1
136000,58086,70,1
136000,61649,4,2
136000,61896,321,1
136000,63710pr0014,15,1
136000,6510,10,1
136000,6510,25,1
136000,76371,4,16
136000,87084,4,4
136000,87322,4,2
136000,92094,4,1
136000,98233,191,4
136000,98233,15,2
136000,98233,10,2
136000,98239,2,2
136000,98459,70,1
136000,98460,70,4
136002,10111c01pr0005a,70,1
136002,47202pr9999,25,1
136002,47517c01pr0002,0,1
136002,63710pr0012,25,1
136002,63710pr0014,15,1
136002,75115pr0006a,73,1
136002,75115pr0014a,70,1
136002,75115pr0015,15,1
136002,75115pr0017,15,1
136002,75115pr0024a,15,1
136002,75121pr0003,73,1
136002,75121pr0012,15,1
136002,75121pr0013,15,1
136002,75121pr0014,4,1
136002,75121pr0017,2,1
136002,75121pr0025,4,1
136002,85610pr0001,226,1
136002,93242pr0004,15,1
136002,94901,71,1
136002,98465pr0011,1,1
136002,98465pr0016,73,1
136044,2000045,9999,1
136044,2005544,9999,1
136045,2009686,9999,1
136045,2009688,9999,1
136047,2009689,9999,1
136049,2000080,9999,1
136049,2009594,9999,1
136050,2009594,9999,1
136076,11609,191,1
136076,33291,5,1
136076,6141,41,1
136076,98138,52,1
136076,98138,45,1
136101,11211,15,8
136101,11211,1062,4
136101,11211,0,8
136101,11211,71,4
136101,11211,14,16
136101,11213,0,1
136101,11213,191,1
136101,11213,71,1
136101,11476,15,4
136101,11476,26,4
136101,11609,297,42
136101,11610,71,4
136101,11610,10,4
136101,13608,179,4
136101,13965,3,4
136101,15208,15,4
136101,15209,15,4
136101,15535,71,4
136101,15571,14,4
136101,15573,10,8
136101,15573,26,8
136101,15712,297,4
136101,18653,85,4
136101,18653,322,4
136101,19220,0,2
136101,19798,0,4
136101,2343,179,4
136101,23443,297,4
136101,23443,0,4
136101,2412b,14,8
136101,2431,0,4
136101,2432,15,8
136101,2437,40,1
136101,2456,0,6
136101,2456,322,6
136101,2456,15,6
136101,2456,14,6
136101,2456,71,6
136101,24866,1050,8
136101,25214,14,4
136101,2921,0,4
136101,2921,15,4
136101,2921,71,4
136101,298c02,14,4
136101,3001,25,16
136101,3001,0,16
136101,3001,15,16
136101,3001,14,16
136101,3001,71,16
136101,3001,85,16
136101,3001,322,16
136101,3001,3,16
136101,3003,71,16
136101,3003,85,16
136101,3003,15,16
136101,3003,0,16
136101,3003,3,16
136101,3003,322,16
136101,3003,14,16
136101,3003,25,16
136101,3004,3,16
136101,3004,0,16
136101,3004,1050,16
136101,3004,85,16
136101,3004,26,16
136101,3004,1062,8
136101,3004,71,16
136101,3004,322,16
136101,3004,25,16
136101,3004,14,16
136101,3004,10,16
136101,3005,15,8
136101,3005,322,8
136101,3005,25,8
136101,30089b,0,1
136101,3009,15,4
136101,3010,322,8
136101,3010,1062,8
136101,3010,25,8
136101,3010,26,8
136101,3010,71,8
136101,3010,10,8
136101,3010,0,8
136101,3010,15,8
136101,30136,15,16
136101,30151b,47,2
136101,30153,42,16
136101,3020,1050,4
136101,3020,10,4
136101,3020,26,4
136101,3020,322,4
136101,3020,1062,4
136101,3020,14,4
136101,3020,15,4
136101,3021,0,4
136101,3021,3,4
136101,3022,0,8
136101,3022,322,8
136101,3022,10,4
136101,3022,25,4
136101,3022,26,4
136101,3022,3,4
136101,3022,15,8
136101,3022,14,4
136101,3022,71,4
136101,3022,85,4
136101,30222,42,2
136101,3023,1050,8
136101,3023,322,8
136101,3023,71,8
136101,3023,1062,8
136101,30236,15,2
136101,30236,0,2
136101,30237b,322,4
136101,30237b,0,8
136101,30237b,15,12
136101,3029,0,2
136101,3031,0,4
136101,3032,322,2
136101,3032,15,2
136101,3032,14,2
136101,3032,85,2
136101,3034,0,2
136101,3034,26,2
136101,3036,10,1
136101,3036,71,2
136101,30367c,26,4
136101,3039,322,4
136101,3039,47,4
136101,3039,25,4
136101,3039,15,4
136101,3039,26,4
136101,3039pr0009,15,2
136101,3039pr0025,15,1
136101,3039pr0027,15,1
136101,3062b,14,8
136101,3062b,71,8
136101,3062b,0,8
136101,3062b,3,8
136101,3062b,15,8
136101,3062b,85,8
136101,3065,46,8
136101,30841,15,2
136101,3176,322,2
136101,32474,0,8
136101,32607,1050,8
136101,32607,10,8
136101,32607,26,8
136101,32828,297,8
136101,32828,0,8
136101,3298,71,4
136101,33085,14,4
136101,33172,25,4
136101,33183,10,4
136101,33320,297,4
136101,33320,1062,8
136101,33320,26,4
136101,33320,1050,4
136101,35574,1103,2
136101,3659,3,4
136101,3660,26,4
136101,3660,85,4
136101,3665,25,4
136101,3665,1062,4
136101,3665,322,4
136101,3679,71,8
136101,3680,3,8
136101,3710,71,8
136101,3710,322,8
136101,37352,1050,4
136101,37352,26,4
136101,3747b,71,4
136101,37762,297,4
136101,3795,10,2
136101,3795,71,2
136101,3795,14,2
136101,3829c01,15,2
136101,38320,297,4
136101,3839b,297,4
136101,38648pat0001,0,2
136101,3899,14,2
136101,3941,15,8
136101,3941,25,8
136101,3941,71,8
136101,3941,0,8
136101,3941,322,8
136101,3942c,10,2
136101,3943b,15,2
136101,3957b,15,4
136101,3960,71,2
136101,39739,1050,4
136101,4006,0,2
136101,4032a,10,4
136101,4032a,71,4
136101,4032a,15,4
136101,4032a,3,4
136101,40379,15,2
136101,4081b,71,4
136101,41854,26,2
136101,4285b,71,1
136101,4286,1062,4
136101,4286,85,4
136101,4345b,3,1
136101,4346,47,1
136101,4349,0,2
136101,43722,3,4
136101,43723,3,4
136101,44674,1062,2
136101,4528,297,2
136101,4590,71,2
136101,4596,71,2
136101,4727,10,4
136101,4735,0,4
136101,4740,1062,4
136101,4740,14,4
136101,4871,25,2
136101,49097,0,4
136101,51270,25,4
136101,53119,15,8
136101,59900,10,8
136101,59900,25,8
136101,6005,0,4
136101,6014b,14,4
136101,60474,26,2
136101,60474,14,2
136101,60478,3,4
136101,60592,0,4
136101,60592,15,4
136101,60596,15,2
136101,60596,0,2
136101,60601,46,4
136101,60616b,15,2
136101,60897,0,4
136101,60897,15,4
136101,6091,322,4
136101,6091,26,4
136101,6106,15,2
136101,6112,15,2
136101,61409,0,8
136101,6141,15,8
136101,6141,42,24
136101,6190,15,2
136101,6239,15,1
136101,63868,0,4
136101,63965,71,4
136101,65578,71,4
136101,65886,0,2
136101,67687,71,2
136101,76959,15,4
136101,80497,0,2
136101,85080,15,16
136101,85080,14,8
136101,85941,15,2
136101,85984,15,8
136101,85984,25,8
136101,87087,85,4
136101,87087,3,4
136101,87087,1050,4
136101,87580,297,8
136101,87620,0,12
136101,87697,0,4
136101,87747,85,4
136101,88072,71,4
136101,88292,0,4
136101,89522,297,4
136101,90195,15,2
136101,92947,15,4
136101,93550,179,4
136101,93609,0,8
136101,95188,71,4
136101,95347,14,1
136101,96874,25,1
136101,98100,0,4
136101,98138pr0008,15,20
136101,98262,14,4
136101,98302,0,2
136101,99563,85,8
136101,99563,0,8
136101,99563,15,8
136101,99563,25,8
136101,99563,82,4
136102,10172,297,1
136102,11211,14,1
136102,11211,27,1
136102,11211,71,1
136102,11211,0,3
136102,11211,1,6
136102,11458,4,2
136102,11476,26,1
136102,11477,14,2
136102,11477,2,2
136102,11609,297,3
136102,14417,72,2
136102,14704,71,4
136102,14769,25,2
136102,14769,15,4
136102,14769,27,2
136102,14769,1050,2
136102,14769pr1003,15,6
136102,15068,1,1
136102,15068,14,3
136102,15068,0,1
136102,15068,10,2
136102,15068,3,1
136102,15082,0,2
136102,15208,15,3
136102,15209,15,2
136102,15395,191,1
136102,15395,15,1
136102,15456,0,2
136102,15573,0,1
136102,15573,15,1
136102,15573,2,1
136102,15712,14,2
136102,17485,0,1
136102,18653,19,2
136102,18653,191,2
136102,18653,0,2
136102,18674,14,1
136102,18674,15,1
136102,18674,0,1
136102,18980,27,2
136102,18980,15,4
136102,19798,0,2
136102,20482,321,1
136102,22385,320,4
136102,22385,4,6
136102,22885,15,1
136102,22885,14,1
136102,22885,484,1
136102,23443,1,2
136102,2412b,179,4
136102,2412b,15,6
136102,2423,27,2
136102,24299,15,1
136102,24309,1,2
136102,2432,19,2
136102,2432,0,2
136102,2453b,70,2
136102,2456,14,1
136102,2456,2,1
136102,2456,4,2
136102,2486,14,1
136102,24866,1050,2
136102,24866,191,2
136102,2654,15,3
136102,2654,47,1
136102,26601,15,2
136102,26604,191,4
136102,27261,70,1
136102,27261,15,2
136102,27925,3,4
136102,2817,322,1
136102,28326,4,1
136102,2877,71,8
136102,2877,14,2
136102,298c02,4,1
136102,298c02,14,2
136102,298c02,0,12
136102,30000,72,2
136102,3001,322,6
136102,3001,71,3
136102,3001,70,2
136102,3001,0,1
136102,3001,4,5
136102,3001,30,3
136102,3001,25,3
136102,3001,14,8
136102,3001,1,2
136102,3001,73,4
136102,3001,27,4
136102,3001,15,3
136102,3002,27,2
136102,3002,4,2
136102,3002,212,2
136102,3002,71,2
136102,3002,25,2
136102,3002,14,3
136102,3003,71,3
136102,3003,0,3
136102,3003,2,2
136102,3003,4,19
136102,3003,15,3
136102,3003,14,7
136102,3003,191,1
136102,3003,31,3
136102,3003,70,2
136102,3003,322,15
136102,3003,25,3
136102,3003,27,4
136102,30031,72,1
136102,3004,15,3
136102,3004,1050,1
136102,3004,10,2
136102,3004,31,3
136102,3004,1,4
136102,3004,19,3
136102,3004,70,6
136102,3004,212,6
136102,3004,2,5
136102,3004,73,8
136102,3004,226,3
136102,3004,191,6
136102,3004,322,7
136102,3004,71,6
136102,3004,29,3
136102,3004,320,1
136102,3004,27,9
136102,3004,4,14
136102,3004,0,7
136102,3004,288,1
136102,3004,25,6
136102,3004,14,23
136102,30044,70,2
136102,30046,297,2
136102,3005,30,9
136102,3005,71,9
136102,3005,0,9
136102,3005,14,18
136102,3005,15,8
136102,3005,4,10
136102,3005,322,9
136102,3005,25,9
136102,3005,27,8
136102,3009,191,2
136102,3010,25,2
136102,3010,322,2
136102,3010,4,2
136102,3010,27,2
136102,3010,71,1
136102,3010,73,7
136102,3010,31,2
136102,30165,4,1
136102,30165,14,1
136102,30165,19,1
136102,30165,15,2
136102,3020,0,2
136102,3020,15,1
136102,3020,14,8
136102,3020,322,6
136102,3020,19,2
136102,3020,4,4
136102,3020,25,2
136102,3020,272,1
136102,3020,26,2
136102,3020,27,6
136102,3020,3,4
136102,3020,5,4
136102,3020,226,4
136102,3020,191,1
136102,3021,71,2
136102,3021,14,4
136102,3021,1,1
136102,3021,4,2
136102,3021,15,2
136102,3021,25,15
136102,3021,2,3
136102,3021,27,4
136102,3021,212,2
136102,3022,320,2
136102,3022,14,5
136102,3022,25,2
136102,3022,27,3
136102,3022,4,4
136102,3022,1,4
136102,3022,0,2
136102,3022,322,2
136102,3023,322,8
136102,3023,2,1
136102,3023,71,8
136102,3023,320,7
136102,3023,15,10
136102,3023,40,2
136102,3023,14,11
136102,3023,27,13
136102,3023,73,1
136102,3023,4,9
136102,3023,25,12
136102,3023,47,1
136102,3023,31,7
136102,3023,1062,1
136102,3023,0,7
136102,30237b,4,3
136102,30237b,322,2
136102,30237b,191,2
136102,30237b,19,1
136102,3024,321,2
136102,3024,15,1
136102,3024,2,1
136102,3024,36,2
136102,3024,47,2
136102,3024,25,2
136102,3024,1,1
136102,30246,71,2
136102,3031,272,1
136102,3031,10,1
136102,3032,72,4
136102,3032,1,3
136102,3034,320,1
136102,3035,19,1
136102,3035,322,1
136102,30367c,41,6
136102,30367c,322,1
136102,30367c,0,1
136102,30367c,27,2
136102,3039,322,12
136102,3039,27,2
136102,3039,2,2
136102,3039,1,2
136102,3039,191,6
136102,3039,4,4
136102,3039,0,2
136102,3040b,15,1
136102,3040b,322,2
136102,3040b,14,2
136102,3040b,4,2
136102,3040b,2,4
136102,30414,0,2
136102,30565,10,2
136102,30565,4,2
136102,30602,40,1
136102,3062b,212,8
136102,3062b,14,5
136102,3068b,70,2
136102,3068b,2,4
136102,3068b,14,1
136102,3068b,25,2
136102,3068b,288,2
136102,3069b,36,1
136102,3176,4,1
136102,3176,14,2
136102,32028,15,1
136102,3245c,4,3
136102,3245c,15,1
136102,3245c,19,1
136102,32530,1,2
136102,32607,14,2
136102,32828,297,1
136102,3298,4,3
136102,3298,2,2
136102,33243,27,2
136102,33243,4,4
136102,34816,19,2
136102,35459,71,1
136102,35464,15,4
136102,35464,4,4
136102,35480,4,3
136102,35480,0,1
136102,3622,191,2
136102,3622,4,4
136102,3623,320,2
136102,3623,1,2
136102,3623,14,2
136102,3623,2,2
136102,3659,72,2
136102,3660,19,1
136102,3660,1,12
136102,3660,25,1
136102,3660,14,2
136102,3660,2,2
136102,3660,4,12
136102,3665,27,2
136102,3665,4,4
136102,3666,2,1
136102,3666,27,2
136102,3666,4,2
136102,3666,14,2
136102,3666,288,2
136102,3673,71,4
136102,3678b,14,1
136102,36840,226,2
136102,3700,14,5
136102,3700,25,2
136102,3700,3,1
136102,3700,4,7
136102,3700,322,3
136102,3701,71,2
136102,3710,322,3
136102,3710,1062,2
136102,3710,70,1
136102,3710,25,3
136102,3710,14,3
136102,3710,4,3
136102,3710,27,3
136102,37352,70,2
136102,37352,0,1
136102,37352,4,6
136102,37352,15,2
136102,37352,27,2
136102,37352,323,2
136102,37352,322,6
136102,37352,321,3
136102,37352,1050,2
136102,37352,226,2
136102,3747b,14,2
136102,3795,0,3
136102,3795,2,1
136102,3795,212,6
136102,3795,19,1
136102,3795,4,2
136102,3795,1,3
136102,3795,72,1
136102,3795,191,1
136102,3795,320,1
136102,3795,14,1
136102,3839b,15,2
136102,3849,0,1
136102,3941,14,6
136102,3941,0,2
136102,3941,2,10
136102,3941,27,10
136102,3941,322,5
136102,3941,4,6
136102,3941,226,4
136102,3941,19,1
136102,3942c,0,2
136102,3942c,19,1
136102,3942c,15,3
136102,3942c,297,1
136102,3957b,70,2
136102,3958,10,1
136102,39613,10,2
136102,39739,5,1
136102,4032a,4,6
136102,4032a,25,3
136102,4032a,14,1
136102,40379,3,1
136102,4070,4,2
136102,4070,14,3
136102,41682,71,1
136102,41948,27,1
136102,42022,0,2
136102,4274,71,4
136102,4286,14,2
136102,4286,322,2
136102,4286,4,1
136102,4286,2,2
136102,43093,1,4
136102,43898,14,1
136102,43898,378,2
136102,44674,4,1
136102,44728,2,2
136102,4477,72,4
136102,4477,70,1
136102,4490,71,4
136102,4495b,4,2
136102,4519,71,1
136102,4740,70,1
136102,4742,19,1
136102,47456,226,1
136102,47456,30,4
136102,47456,4,6
136102,48267,47,2
136102,4865b,47,3
136102,4871,14,1
136102,4871,19,2
136102,4871,4,1
136102,48729b,25,3
136102,49153,4,1
136102,49308,4,1
136102,50254,0,10
136102,50950,2,4
136102,54200,2,4
136102,54200,1,6
136102,54200,182,2
136102,54200,15,1
136102,54200,70,2
136102,54200,226,2
136102,55981,15,2
136102,56890,0,4
136102,58090,0,2
136102,59900,19,2
136102,59900,15,4
136102,59900,297,3
136102,59900,25,1
136102,59900,2,3
136102,59900,14,2
136102,59900,4,2
136102,6005,14,4
136102,6005,4,8
136102,6014b,14,4
136102,60470b,2,1
136102,60474,15,1
136102,60474,19,1
136102,60475b,19,1
136102,60476,0,2
136102,60477,14,2
136102,60481,1,2
136102,60596,4,1
136102,60621,71,1
136102,60897,25,2
136102,60897,14,2
136102,6091,14,6
136102,6091,85,2
136102,6106,320,2
136102,6111,72,1
136102,61252,1,2
136102,61252,25,8
136102,61332,0,3
136102,6141,25,8
136102,6141,15,9
136102,6141,19,10
136102,6141,4,10
136102,6141,36,8
136102,6141,34,6
136102,6141,14,10
136102,6141,2,12
136102,6141,27,8
136102,6141,70,2
136102,6141,71,10
136102,6141,297,3
136102,6141,41,6
136102,6141,322,11
136102,6141,30,5
136102,6141,0,6
136102,6215,4,4
136102,6223,47,2
136102,63082,0,1
136102,64648,212,2
136102,64727,0,2
136102,65702,323,1
136102,6636,71,4
136102,66906,0,2
136102,67095,15,1
136102,67329,14,2
136102,67361,322,2
136102,67687,71,7
136102,68325,0,1
136102,72454,14,1
136102,75937,320,1
136102,78666,4,4
136102,85080,15,4
136102,85861,14,2
136102,85861,41,1
136102,85975,0,1
136102,85984,4,3
136102,85984,2,1
136102,85984,0,2
136102,85984,15,2
136102,87079,2,2
136102,87087,0,6
136102,87087,19,4
136102,87087,321,2
136102,87087,288,4
136102,87087,3,2
136102,87087,1,2
136102,87087,14,16
136102,87087,15,4
136102,87087,29,2
136102,87580,321,1
136102,87580,10,2
136102,88072,25,3
136102,90194,4,1
136102,90194,1062,1
136102,91405,15,1
136102,91405,30,1
136102,91405,19,1
136102,91405,27,1
136102,91405,322,1
136102,92338,72,1
136102,92842,15,1
136102,96874,25,1
136102,98138,4,2
136102,98138,182,2
136102,98138,5,1
136102,98138,0,2
136102,98138,323,3
136102,98138pr0008,15,20
136102,98138pr0026,15,2
136102,98138pr0082,15,6
136102,98138pr0083,15,4
136102,98549,71,2
136102,99206,25,1
136102,99207,27,1
136102,99780,1,1
136102,99780,0,1
136102,99781,25,1
136125,3070bpr9960,15,1
136125,3070bpr9961,15,1
136125,3070bpr9962,15,1
136125,3070bpr9963,15,1
136125,3070bpr9964,15,1
136125,3070bpr9965,15,1
136125,3070bpr9966,15,1
136125,3070bpr9967,15,1
136125,3070bpr9968,15,1
136125,3070bpr9969,15,1
136125,3070bpr9970,15,1
136125,3070bpr9971,15,1
136125,3070bpr9972,15,1
136125,3070bpr9973,15,1
136125,3070bpr9974,15,1
136125,3070bpr9975,15,1
136126,98138pr0305,15,1
136126,98138pr0306,15,1
136126,98138pr0307,15,1
136126,98138pr0308,15,1
136126,98138pr0309,15,1
136126,98138pr0310,15,1
136126,98138pr0311,15,1
136126,98138pr0312,15,1
136126,98138pr0313,15,1
136126,98138pr0314,15,1
136126,98138pr0315,15,1
136126,98138pr0316,15,1
136126,98138pr0317,15,1
136126,98138pr0318,15,1
136126,98138pr0319,15,1
136126,98138pr0320,15,1
136130,3626cpr0920,14,1
136130,93059,19,1
136130,970c03,0,1
136130,973c27h01pr9790,15,1
136132,11211,0,1
136132,15573,15,1
136132,15712,15,1
136132,26047,0,3
136132,28192,15,1
136132,29119,378,1
136132,29120,378,1
136132,3024,72,1
136132,3070b,0,1
136132,32828,0,2
136132,35459,0,1
136132,4733,71,1
136132,49668,15,1
136132,53923,0,1
136132,60849,71,2
136132,61252,25,1
136132,6141,46,1
136132,6141,41,1
136132,6141,36,1
136132,72869,0,2
136132,78257,0,1
136132,78258,72,1
136132,98313,0,1
136132,99563,15,2
136175,21459,179,1
136175,upn0068,0,1
136175,upn0182,0,1
136175,upn0323,15,2
136175,upn0379,15,2
136175,upn0379,14,4
136175,upn0379,179,4
136175,upn0379,0,6
136175,upn0379,297,4
136177,122c01,7,3
136177,3004,4,5
136177,3005,47,2
136177,3005,4,3
136177,3010,4,4
136177,3010apr0009,4,1
136177,3020,4,1
136177,3021,4,3
136177,3022,4,3
136177,3023,4,4
136177,3024,7,1
136177,3030,4,1
136177,3035,4,1
136177,3039,4,1
136177,3062b,33,2
136177,3062b,7,2
136177,3087c,4,1
136177,3183a,4,1
136177,3184,4,1
136177,3581,4,2
136177,3582,7,2
136177,3641,0,6
136177,3710,4,1
136177,3787,4,1
136177,3788,4,2
136177,3794a,4,1
136177,3823,47,1
136177,3835,7,1
136177,420,7,1
136177,421,7,1
136177,4608stk,9999,1
136177,69c01,14,1
136177,75775,0,1
136178,122c01,7,2
136178,3020,7,1
136178,3021,0,2
136178,3023,7,2
136178,3024,15,4
136178,3031,0,1
136178,3062b,33,1
136178,3641,0,4
136178,3710,7,1
136178,3710,0,1
136178,3710,15,4
136178,3788,15,2
136178,3821,15,1
136178,3822,15,1
136178,3823,47,1
136178,3829c01,15,1
136178,4212a,15,1
136178,4711,9999,1
136179,122c01,0,2
136179,3003a,14,2
136179,3003a,15,4
136179,3003a,47,1
136179,3004,15,40
136179,3004,0,7
136179,3004,14,6
136179,3004pr9976,15,2
136179,3004pr9977,15,1
136179,3005,14,6
136179,3005,0,4
136179,3005,15,35
136179,3007,15,1
136179,3007,0,1
136179,3008,0,2
136179,3008,15,13
136179,3009,15,14
136179,3009,0,2
136179,3009pr0010,15,1
136179,3010,15,1
136179,3020,47,1
136179,3020,0,2
136179,3020,14,2
136179,3021,15,1
136179,3021,0,2
136179,3022,15,2
136179,3022,0,1
136179,3023,14,3
136179,3023,0,13
136179,3024,15,6
136179,3024,0,6
136179,3024,36,3
136179,3027,0,2
136179,3030,0,1
136179,3031,15,1
136179,3032,0,1
136179,3033,0,3
136179,3036,0,2
136179,3039,0,2
136179,3040b,15,4
136179,3040b,0,4
136179,3040bpr0004,4,2
136179,3062b,0,5
136179,3062b,33,9
136179,3062b,36,1
136179,3062b,15,7
136179,3068b,14,3
136179,3069b,14,2
136179,3069b,4,2
136179,3144,7,1
136179,3185,14,3
136179,3460,14,3
136179,3460,15,2
136179,3460,7,6
136179,3461,7,1
136179,3462,0,1
136179,3464,4,2
136179,3471,2,1
136179,3480,7,1
136179,3481,15,1
136179,3581,15,4
136179,3622,15,6
136179,3623,0,1
136179,3623,15,1
136179,3633,14,6
136179,3641,0,6
136179,3644,47,4
136179,3660,0,3
136179,3660,15,5
136179,3665,15,4
136179,3666,7,2
136179,3710,0,6
136179,3710,15,7
136179,3788,15,2
136179,3794a,15,1
136179,3794a,14,2
136179,3795,0,1
136179,3795,15,1
136179,3795,14,1
136179,3821pr0002,15,2
136179,3822pr0002,15,2
136179,3823,47,2
136179,3829c01,15,1
136179,3832,0,1
136179,3853,14,3
136179,3854,0,6
136179,3856,2,6
136179,3861b,14,3
136179,3957a,7,1
136179,3962a,0,2
136179,3963,7,1
136179,4212a,15,1
136179,606pr0002,7,1
136179,69c01,15,1
136179,8,15,2
136180,122c01,7,2
136180,3001a,15,1
136180,3002apr0005,15,2
136180,3004,47,1
136180,3005,0,4
136180,3010pr9969,15,1
136180,3022,4,1
136180,3022,15,2
136180,3024,7,2
136180,3030,0,1
136180,3032,0,1
136180,3037,47,1
136180,3062b,15,1
136180,3062b,33,2
136180,3464,4,2
136180,3622,47,2
136180,3623,7,1
136180,3641,0,6
136180,3660,15,1
136180,3788,15,2
136180,3794a,15,1
136180,3795,15,1
136180,4585st,9999,1
136180,8,15,2
136184,11610,0,2
136184,18653,0,8
136184,18674,323,2
136184,22885,15,13
136184,22886,15,2
136184,22888,226,2
136184,2357,1,8
136184,2357,0,4
136184,2357,30,4
136184,2420,31,4
136184,2431,0,1
136184,25269,0,40
136184,25269,10,36
136184,25269,15,40
136184,25269,26,36
136184,25269,1050,36
136184,25269,323,36
136184,25269,288,36
136184,25269,321,36
136184,25269,85,36
136184,25269,29,36
136184,25269,4,36
136184,25269,14,36
136184,25269,31,36
136184,25269,3,36
136184,25269,226,36
136184,3004,30,4
136184,3008,14,6
136184,3008,15,2
136184,3009,0,8
136184,3009,30,6
136184,3009,15,2
136184,3010,14,4
136184,3010,0,4
136184,3027,31,1
136184,3027,0,1
136184,3030,1050,8
136184,3032,323,1
136184,3035,0,2
136184,30414,1,8
136184,3070b,0,30
136184,3070b,31,25
136184,3070b,226,25
136184,3070b,1050,25
136184,3070b,15,30
136184,3070b,3,25
136184,3070b,29,25
136184,3070b,323,25
136184,3245c,0,11
136184,32952,0,2
136184,33243,0,2
136184,3460,226,2
136184,3460,322,4
136184,35044,1050,4
136184,35044,226,4
136184,35044,31,4
136184,3623,31,8
136184,3623,0,4
136184,3660,30,8
136184,3666,322,6
136184,3666,226,2
136184,3795,31,6
136184,3956,0,2
136184,41539,226,1
136184,4162,0,3
136184,41948,226,2
136184,4477,0,6
136184,48092,14,8
136184,49311,15,6
136184,6003,323,2
136184,66821,0,1
136184,73767,31,1
136184,78169,322,1
136184,79759c01,29,1
136184,79996,3,1
136184,79998,30,2
136184,80390,226,1
136184,91405,0,1
136184,92438,31,2
136184,96874,25,1
136184,98138,15,20
136184,98138,117,20
136184,98138,0,20
136184,98138,1050,20
136184,98138,323,22
136184,98138,31,20
136186,10001505,9999,1
136186,10247,71,4
136186,10314,3,2
136186,11211,4,2
136186,11215,1,4
136186,11458,15,1
136186,11476,19,2
136186,11477,0,2
136186,11477,3,4
136186,11477,71,2
136186,1316pr0002,84,1
136186,13965,272,2
136186,14716,272,6
136186,14769,0,1
136186,14769,323,1
136186,15068,3,12
136186,15068,15,5
136186,15068,14,8
136186,15068,5,2
136186,15573,5,6
136186,15712,0,4
136186,16091,0,1
136186,18653,272,2
136186,18677,15,2
136186,1927,272,8
136186,20482,5,2
136186,22885,0,2
136186,22885,15,5
136186,22889,0,1
136186,23444,0,1
136186,2357,19,2
136186,23969,41,1
136186,23969,15,2
136186,2412b,71,2
136186,2420,272,4
136186,2420,4,2
136186,24201,0,2
136186,24309,272,2
136186,2431,15,7
136186,2431,272,2
136186,2431,322,1
136186,2445,272,1
136186,2454b,272,7
136186,2496,0,1
136186,2508,0,1
136186,25269,71,2
136186,25269,5,8
136186,2571,41,1
136186,2639,15,2
136186,2654,71,2
136186,2655,71,1
136186,26601,14,2
136186,26603,14,2
136186,27507,15,4
136186,27507,3,4
136186,27986pr0003,19,1
136186,28326,15,6
136186,2877,14,3
136186,28802,15,6
136186,29119,3,2
136186,29119,0,1
136186,29120,3,2
136186,29120,0,1
136186,2921,71,2
136186,298c02,0,2
136186,3001,3,2
136186,3001,226,2
136186,3001,73,1
136186,3002,272,6
136186,3003,3,2
136186,3004,4,2
136186,3004,19,4
136186,3004,272,9
136186,3004,73,1
136186,3005,272,17
136186,3005,5,8
136186,3005,15,3
136186,3008,15,2
136186,3009,4,2
136186,3009,272,1
136186,3009,5,4
136186,3009,15,5
136186,3010,272,2
136186,3010,15,3
136186,3010,19,3
136186,3010,226,4
136186,3020,14,1
136186,3020,19,2
136186,3020,15,3
136186,3020,4,6
136186,3020,272,2
136186,3020,226,4
136186,3021,14,15
136186,3021,272,7
136186,3022,15,9
136186,3022,73,13
136186,3022,226,3
136186,3023,15,23
136186,3023,226,10
136186,3023,182,2
136186,3023,14,3
136186,3023,272,19
136186,3023,0,8
136186,30236,15,1
136186,30237b,15,3
136186,3024,15,10
136186,3024,14,2
136186,3024,71,2
136186,3024,272,11
136186,3024,3,4
136186,3032,0,1
136186,3033,272,2
136186,3034,5,1
136186,3034,15,5
136186,3034,71,1
136186,3035,15,2
136186,3035,19,1
136186,3036,15,2
136186,30374,15,1
136186,3040b,19,2
136186,30414,15,3
136186,30562,272,2
136186,3062b,272,2
136186,3062b,46,2
136186,3068b,73,1
136186,3068b,272,1
136186,3068b,5,2
136186,3069b,3,7
136186,3069b,73,1
136186,3069b,272,1
136186,3069b,0,2
136186,3069b,5,4
136186,3069b,15,7
136186,3070b,15,8
136186,3070b,272,2
136186,3176,15,1
136186,32028,14,2
136186,32324,0,1
136186,32531,71,2
136186,32803,0,1
136186,32952,15,3
136186,33172,25,2
136186,33909,19,2
136186,33909,272,2
136186,33909,15,3
136186,3460,15,2
136186,3460,0,1
136186,3460,14,2
136186,35336,47,1
136186,35459,15,2
136186,35480,71,2
136186,35700,14,1
136186,3622,15,2
136186,3623,2,2
136186,3623,14,2
136186,3623,272,19
136186,3660,272,2
136186,3666,322,6
136186,3666,14,3
136186,3666,272,8
136186,3666,71,1
136186,3666,226,1
136186,3666,15,4
136186,3673,14,4
136186,3700,15,10
136186,3703,71,2
136186,3710,226,2
136186,3710,272,4
136186,3710,4,7
136186,3710,73,4
136186,3710,0,3
136186,3710,5,6
136186,37352,14,2
136186,37352,4,2
136186,3749,19,4
136186,3795,226,3
136186,3795,322,2
136186,3795,5,7
136186,3795,14,2
136186,3823,47,1
136186,3832,14,2
136186,3832,15,2
136186,3833,0,1
136186,3894,14,1
136186,3899,14,1
136186,3899,5,1
136186,3899,4,1
136186,3941,41,2
136186,4032a,15,1
136186,4032a,0,1
136186,40687,71,3
136186,4162,14,2
136186,41682,14,2
136186,41740,15,6
136186,41740,5,2
136186,41740,14,2
136186,4175,15,1
136186,4274,71,5
136186,42924,1,4
136186,43045,15,2
136186,43056,71,2
136186,4477,14,2
136186,4477,15,2
136186,4477,272,7
136186,4528,179,1
136186,4533,41,1
136186,4533,15,2
136186,4536,15,2
136186,4599b,71,1
136186,4697b,71,1
136186,48336,0,2
136186,48336,15,4
136186,49307,5,3
136186,49307,4,3
136186,49307,15,6
136186,50950,3,2
136186,52031,15,3
136186,55981,15,8
136186,59349,272,2
136186,6005,5,2
136186,60475b,15,2
136186,60481,272,2
136186,60581,15,2
136186,60594,15,1
136186,60596,15,3
136186,60603,41,1
136186,60616b,15,1
136186,6081,3,9
136186,60897,15,2
136186,6091,0,2
136186,6091,3,16
136186,6111,19,2
136186,6111,15,1
136186,6126b,41,1
136186,61332,0,13
136186,6141,5,4
136186,6141,4,1
136186,6141,322,1
136186,6231,71,1
136186,6256,29,1
136186,63082,71,1
136186,63864,272,2
136186,63864,14,5
136186,63868,15,1
136186,64567,15,1
136186,65509,19,3
136186,6636,0,1
136186,6636,15,1
136186,6636,71,1
136186,6636,5,1
136186,6636,272,5
136186,67810,3,2
136186,68568,3,2
136186,69729,27,1
136186,72132,15,1
136186,73109,71,1
136186,73590c03a,0,1
136186,76797,3,2
136186,77520pr0002,19,1
136186,78329,272,14
136186,80015,272,6
136186,80015,15,2
136186,80015,3,2
136186,80031,14,2
136186,85984,272,1
136186,85984,14,5
136186,87079,15,3
136186,87079,30,1
136186,87079,27,1
136186,87079,272,2
136186,87079,3,3
136186,87079,5,1
136186,87087,5,2
136186,87552,41,4
136186,87580,0,1
136186,87580,73,5
136186,87580,30,1
136186,88072,14,2
136186,91988,19,1
136186,92099,15,1
136186,92107,15,1
136186,92254,0,2
136186,92262,226,1
136186,92263,226,1
136186,92402,0,8
136186,92410,15,4
136186,92950,19,2
136186,92950,15,4
136186,93086,30,2
136186,93087,0,2
136186,93095,15,4
136186,93160,15,1
136186,94717,297,4
136186,94718,297,1
136186,94719,297,1
136186,94720,297,2
136186,94721,297,1
136186,94722,297,1
136186,94723,297,1
136186,94724,297,1
136186,94725,297,4
136186,95343,4,1
136186,95344,0,1
136186,96874,25,1
136186,98138,36,4
136186,98138,14,9
136186,98138,46,20
136186,98138pr0081,15,1
136186,99206,14,2
136186,99207,15,2
136186,99207,14,1
136186,99780,15,2
136186,99781,1,2
136187,11169,70,5
136187,11344,70,1
136187,11344,84,1
136187,15515,27,6
136187,15515,158,2
136187,15515,10,1
136187,16598,484,1
136187,18115pr0001,484,1
136187,18115pr0002,71,1
136187,19011pr0003,71,1
136187,19034,484,1
136187,19038,484,1
136187,19039,484,1
136187,20046pr0001,15,1
136187,23742,158,1
136187,27370pr0005,14,1
136187,29304,322,1
136187,29304,27,3
136187,31110,484,1
136187,3437,27,1
136187,3437,71,3
136187,3437,323,1
136187,3437,41,1
136187,3437pr0165,72,1
136187,3437pr0166,84,2
136187,3664pr9991,14,1
136187,40666,71,1
136187,44524,10,2
136187,44524,71,1
136187,61649,70,2
136187,6405727,9999,1
136187,64150pr0003,70,1
136187,6474,41,1
136187,6510,27,1
136187,6510,226,3
136187,6510,323,3
136187,69716,226,2
136187,70676,71,6
136187,70676,84,3
136187,70679pr0002,28,1
136187,76371,71,2
136187,84191,84,1
136187,84191,70,1
136187,84192,10,2
136187,84194,27,5
136187,84195,1050,2
136187,84713pr0001,25,1
136187,98233,71,1
136187,98252,27,1
136187,98459,84,1
136189,15621,41,1
136189,30374,297,1
136286,11090,72,1
136286,15068,15,1
136286,18674,72,1
136286,20482,0,1
136286,2540,15,1
136286,3941,15,2
136286,4081b,15,2
136286,43898,71,1
136286,48336,297,2
136286,65886pr0008,272,1
136286,90540,72,1
136286,98138,41,2
136291,3626cpr2948,14,1
136291,41811,321,1
136291,49663pat0001,15,1
136291,89159,82,1
136291,970c38pr2252,321,1
136291,973c38h04pr5974,191,1
136340,11213,71,1
136340,11833,27,2
136340,2423,2,2
136340,24299,4,4
136340,26604,19,4
136340,30361c,4,1
136340,30367c,4,1
136340,32034,70,1
136340,32062,4,3
136340,4032a,15,2
136340,51739,4,4
136340,59443,70,1
136383,93549pat0002,47,1
136383,93549pat0003,47,1
136384,upn0063c01,30,1
136384,upn0063c06pr0001,29,1
136384,upn0063c06pr0002,29,1
136384,upn0063c06pr0003,29,1
136384,upn0068,29,1
136384,upn0182,29,1
136384,upn0379,5,4
136384,upn0379,29,4
136384,upn0379,45,4
136384,upn0379,15,6
136384,upn0465pr0005,29,1
136384,upn0466ct05,29,1
136401,10169,84,1
136479,10111pr0117,25,1
136479,10312pr0004,40,2
136479,10509pr0001,70,1
136479,11249,297,4
136479,11602,15,2
136479,11929,27,2
136479,12053,15,1
136479,12602,14,8
136479,14222pr0017,15,1
136479,14226c31,0,15
136479,14395,71,4
136479,14518,72,4
136479,15118,15,10
136479,15456,0,4
136479,15790,0,2
136479,17979,71,30
136479,18838,71,10
136479,19220,0,6
136479,20512pr0001,72,4
136479,21229,70,12
136479,21229,15,4
136479,2302,4,6
136479,23927,70,1
136479,2423,2,15
136479,2437,41,8
136479,2446,15,4
136479,2465,19,8
136479,2488,0,10
136479,2524,15,4
136479,2569,42,15
136479,2569,0,15
136479,2571,322,4
136479,2819,71,4
136479,28621,47,25
136479,29111,0,3
136479,30000,72,24
136479,3001,14,20
136479,3001,0,20
136479,3001,73,40
136479,3001,4,50
136479,3001,19,20
136479,3001,25,30
136479,3001,27,40
136479,3002,19,20
136479,3002,25,20
136479,3003,320,20
136479,3003,70,15
136479,3003,2,10
136479,3003,27,30
136479,3003,15,15
136479,3003,5,30
136479,3003,73,20
136479,3006,4,6
136479,3007,0,8
136479,3007,14,6
136479,3007,15,8
136479,30076,0,3
136479,3009,14,10
136479,3009,0,10
136479,3010,27,20
136479,3010,272,20
136479,30103,0,2
136479,3011,73,12
136479,3011,27,6
136479,3011,0,4
136479,3011,4,4
136479,30115,4,2
136479,30145,15,8
136479,30150,70,4
136479,30153,45,80
136479,3020,25,4
136479,3020,14,8
136479,3020,1,4
136479,3028,15,6
136479,3028,71,6
136479,30293,35,6
136479,30294,35,4
136479,3031,4,8
136479,3032,2,6
136479,3033,14,4
136479,30414,71,6
136479,3045,4,8
136479,30562,41,2
136479,3062b,36,30
136479,3062b,33,30
136479,3062b,34,20
136479,3066,40,10
136479,3069bpr0100,2,110
136479,32013,1,25
136479,32014,0,15
136479,32034,0,35
136479,32235,4,40
136479,3297,71,8
136479,3437,10,6
136479,3437,1,6
136479,3437,14,6
136479,3437,25,6
136479,35499pr0032,2,2
136479,35701,308,5
136479,3624,1,5
136479,3624,73,5
136479,3626cpr0891,14,40
136479,3626cpr0895,15,24
136479,3626cpr0970,78,20
136479,3626cpr1580,14,30
136479,3649,71,8
136479,3673,71,30
136479,3679,71,8
136479,3680,0,8
136479,3703,4,8
136479,3708,0,12
136479,3749,19,12
136479,37823,0,8
136479,3811,2,4
136479,3811,72,2
136479,3832,2,4
136479,3832,4,2
136479,3832,70,4
136479,3833,4,4
136479,3834,80,2
136479,3837,72,4
136479,3838a,14,4
136479,3841,72,4
136479,3844,80,4
136479,3857,72,10
136479,3857,1,6
136479,38648pat0001,0,4
136479,3878,0,4
136479,38834pr0001,15,1
136479,38834pr0001,25,1
136479,3898,15,2
136479,3901,71,5
136479,3901,0,5
136479,3937,0,8
136479,3941,41,20
136479,3943b,0,4
136479,3957b,15,30
136479,3957b,42,30
136479,3957b,0,30
136479,3960,15,6
136479,4006,0,6
136479,40666,0,4
136479,40666,72,4
136479,40687,72,8
136479,41531,71,2
136479,41539,71,8
136479,41539,0,6
136479,41748,14,10
136479,4186,71,1
136479,4282,0,5
136479,4285b,72,2
136479,4332,0,4
136479,4349,72,4
136479,4360,0,4
136479,43888,72,8
136479,44126,15,10
136479,44294,71,12
136479,4449,70,4
136479,4476b,15,2
136479,4495b,272,30
136479,4495b,5,30
136479,4495b,2,30
136479,4495b,4,30
136479,4499,70,4
136479,4515,0,2
136479,4522,0,4
136479,46667,72,2
136479,4738c,70,4
136479,4739a,70,4
136479,4740,57,16
136479,47408,4,1
136479,48169,72,6
136479,4911,15,1
136479,49153,0,8
136479,51265,2,1
136479,52979,40,2
136479,53941,71,8
136479,54095,15,2
136479,54528pr0004,25,2
136479,54657,71,8
136479,55981,14,24
136479,57539pat0002,47,12
136479,58090,0,26
136479,59349,47,2
136479,60115,15,25
136479,60208,72,2
136479,60219,14,4
136479,60364bpr0001,0,2
136479,6064,2,12
136479,6082,72,2
136479,6083,72,2
136479,6131,0,4
136479,6134,4,8
136479,61649,4,2
136479,61896,484,2
136479,6190,72,4
136479,6223,33,20
136479,6223,36,20
136479,6232,72,6
136479,6266,15,50
136479,62808,72,4
136479,62812,1,1
136479,63082,0,4
136479,63710pr0111,15,1
136479,64146pr0002,14,1
136479,6446,484,2
136479,64951,70,12
136479,6510,14,4
136479,65188c01,15,2
136479,68774pr0001,25,2
136479,71155,0,4
136479,72475,40,2
136479,73241,14,2
136479,76371pr0001,4,1
136479,76764,179,9
136479,78c09,0,16
136479,87552,47,8
136479,87960pr0002,191,1
136479,89873pr0003,71,3
136479,90265,15,2
136479,90482pr0002,0,1
136479,90981,72,4
136479,92084pr0001,70,2
136479,92259,0,5
136479,92586pr0001,84,2
136479,92586pr0002,484,1
136479,92589,71,4
136479,93061,15,50
136479,93140,15,2
136479,95347,14,8
136479,95347,0,2
136479,970c03,0,20
136479,970c22,4,30
136479,970c27,15,20
136479,970c28,1,20
136479,973c14h12,71,20
136479,973c22h01,4,20
136479,973c27h01,15,30
136479,973c28h01,1,20
136479,98138pr0185,179,120
136479,98236,15,2
136479,98262,4,10
136479,98302,0,6
136479,98560,2,8
136479,99563,297,60
136531,3070bpr0058,272,1
136531,upn0068,0,1
136531,upn0182,0,1
136531,upn0277,4,1
136531,upn0323,1,2
136531,upn0382,0,1
136531,upn0389,28,6
136531,upn0389,15,4
136531,upn0389,0,2
136531,upn0389,1,4
136531,upn0389,4,4
136548,20482,297,2
136548,21459,226,1
136548,92338,297,2
136548,92690,297,1
136548,93058b,297,2
136552,31000,14,9
136552,31000,4,8
136552,31000,1,9
136552,31000,2,8
136552,31001,2,2
136552,31001,1,1
136552,31001,4,1
136552,31001,14,1
136552,31002,14,1
136552,31002,1,1
136552,31005pr0011,1,1
136552,31007,1,1
136552,31007,2,2
136552,31008,4,1
136552,31148,2,1
136552,31148,14,1
136552,31149,4,1
136552,75595c02pr0004,4,1
136553,31000,14,5
136553,31000,2,4
136553,31000,1,3
136553,31000,4,4
136553,31001,14,1
136553,31001,2,1
136553,31001,1,1
136553,31001,4,1
136553,31002,4,1
136553,31007,2,1
136553,31148,1,1
136553,31148,2,1
136553,75596,14,1
136602,upn0063c01pr0005,0,1
136602,upn0063c07pr0001,15,1
136602,upn0068,0,1
136602,upn0182,0,1
136602,upn0389,0,9
136602,upn0389,1000,4
136602,upn0389,4,5
136602,upn0465pr0010,0,1
136602,upn0466ct06,4,1
136614,10830pat0001,0,5
136614,11055,4,5
136614,19220,0,5
136614,2496,0,10
136614,2655,71,10
136614,30150,70,5
136614,30222,42,5
136614,30374,70,10
136614,30385,297,5
136614,33051,10,5
136614,33057,484,5
136614,33085,14,5
136614,3835,0,5
136614,3837,72,5
136614,3841,72,5
136614,3899,4,5
136614,4006,0,5
136614,4332,0,5
136614,4342,19,5
136614,4449,70,5
136614,4499,70,5
136614,60169,72,5
136614,6124,42,5
136614,6126a,41,5
136614,6126b,182,5
136614,61482,71,5
136614,6256,191,5
136614,76764,179,5
136614,92585,4,5
136616,12825,14,10
136616,3023,2,10
136616,3023,19,10
136616,3040b,15,5
136616,3040b,4,5
136616,3062b,2,10
136616,3062b,70,10
136616,3062b,19,10
136616,3062b,71,10
136616,3300,4,5
136616,3678b,15,5
136616,59900,33,5
136616,59900,182,5
136616,59900,46,5
136616,59900,34,5
136616,59900,36,5
136616,61252,4,10
136616,6141,29,10
136616,6141,41,5
136616,6141,25,10
136616,6141,14,10
136616,6141,1,10
136616,6141,0,11
136616,6141,4,10
136616,6141,15,10
136616,6141,27,10
136616,6141,85,10
136616,6141,47,5
136616,6141,34,5
136616,6141,42,5
136616,6141,182,5
136616,6141,36,5
136616,87087,15,10
136617,12939,19,5
136617,2435,2,5
136617,3001,27,5
136617,3001,2,10
136617,3003,15,10
136617,3003,2,5
136617,3003,71,10
136617,3003,70,10
136617,3003,27,5
136617,3004,4,10
136617,3004,14,10
136617,3004,29,10
136617,3004,19,20
136617,3004,73,10
136617,3004,27,10
136617,3004,1,10
136617,3004,70,20
136617,3004,15,5
136617,3004,71,20
136617,3004,25,10
136617,3004,2,10
136617,3005,73,10
136617,3005,15,20
136617,3005,4,10
136617,3005,1,10
136617,3005,14,10
136617,3005,2,20
136617,3005,25,10
136617,3005,70,20
136617,3005,71,20
136617,3005,19,20
136617,3005,5,10
136617,3005,29,10
136617,3005,27,10
136617,30093,288,5
136617,3010,27,10
136617,3010,19,10
136617,3010,2,10
136617,3010,15,10
136617,3020,1,10
136617,3020,19,10
136617,3020,2,5
136617,3065,47,5
136617,3298,4,10
136617,33291,5,10
136617,33291,191,10
136617,3460,0,10
136617,4727,10,10
136618,2420,0,4
136618,2460,0,2
136618,3003,0,1
136618,32034,0,2
136618,6587,28,2
136618,91405,71,6
136618,96874,25,1
136620,32019,0,4
136620,86652,71,4
136621,15038,71,2
136621,92912,0,2
136622,64178,71,5
136622,64179,71,5
136623,3065,36,10
136623,3065,46,10
136623,3065,34,10
136624,3023,71,10
136624,32001,71,10
136624,3709,71,10
136624,3710,71,10
136624,3738,71,10
136625,32034,0,10
136625,32138,0,10
136625,33299b,71,10
136625,59443,0,10
136626,32072,0,25
136627,55976,0,4
136627,56145,71,4
136628,53992,0,2
136628,56145,0,4
136629,2450,4,25
136630,61903,71,10
136631,3703,71,10
136632,3895,71,10
136633,2730,71,20
136634,3702,71,20
136635,3894,71,30
136636,3701,71,30
136637,32064a,72,50
136638,76138,71,10
136639,32123b,14,100
136640,2815,0,4
136640,32073,71,5
136640,3705,0,8
136640,3706,0,12
136640,44294,71,12
136640,44309,0,4
136640,4519,71,31
136640,53992,0,2
136640,56145,71,6
136641,18575,19,6
136641,32498,0,5
136641,3648b,72,1
136641,3649,71,5
136641,3941,0,4
136641,4185,71,2
136641,6539,4,2
136641,6542b,72,2
136641,6573,72,1
136641,6575,72,4
136641,6589,19,5
136641,6641,4,2
136641,94925,71,4
136642,10928,72,6
136642,2654,0,4
136642,2780,0,40
136642,32002,19,16
136642,32013,0,8
136642,32034,0,2
136642,32054,0,8
136642,32062,4,10
136642,3673,71,22
136642,3713,71,24
136642,3743,71,4
136642,3749,19,16
136642,4032a,72,4
136642,4274,71,16
136642,43093,1,38
136642,59443,0,32
136642,61903,71,2
136642,6538b,19,2
136642,6558,1,6
136642,87083,72,8
136643,32140,72,2
136643,32271,72,2
136643,32278,72,5
136643,32524,72,10
136643,32525,72,5
136643,40490,72,5
136643,41239,72,8
136644,3001,15,12
136644,3001,14,3
136644,3002,15,8
136644,3002,14,12
136644,3003,15,4
136644,3003,14,4
136644,3004,14,30
136644,3005,14,4
136644,3009,14,2
136644,3010,14,10
136644,3622,14,4
136645,2357,14,4
136645,3001,15,11
136645,3001,14,5
136645,3002,14,10
136645,3002,15,36
136645,3003,4,16
136645,3003,14,6
136645,3003,1,16
136645,3003,15,7
136645,3004,4,16
136645,3004,15,2
136645,3004,14,30
136645,3004,1,16
136645,3005,14,8
136645,3009,14,4
136645,3010,15,8
136645,3010,14,10
136645,3622,14,4
136646,87082,71,50
136647,45590,0,50
136648,87083,72,100
136649,3700,1,5
136649,3701,1,5
136649,3702,1,5
136649,3894,1,5
136651,3703,1,10
136653,3895,1,10
136654,2431,15,5
136654,3001,15,5
136654,3040b,15,5
136654,32064a,15,5
136654,3941,15,5
136655,3023,1,5
136655,32001,1,5
136655,3709,1,5
136655,3710,1,5
136655,3738,1,5
136656,32278,15,5
136656,32316,15,5
136656,32523,15,5
136656,32524,15,5
136656,40490,15,5
136657,32009,1,5
136657,32140,1,5
136657,6629,1,5
136658,32556,19,100
136659,18575,19,5
136659,32198,19,5
136659,62821b,72,5
136659,6589,19,5
136659,6630,0,5
136660,32012,72,5
136660,44309,0,5
136660,55982,71,5
136660,56145,71,5
136660,92402,0,5
136661,32013,72,5
136661,32016,0,5
136661,32034,4,5
136661,32039,4,5
136661,32068,0,5
136661,32069,0,5
136661,42003,4,5
136661,59443,71,5
136661,62462,4,5
136662,32062,4,100
136663,85543,15,20
136664,14226c41,0,1
136665,3069b,72,4
136665,32015,71,4
136665,32016,71,4
136665,32123b,14,34
136665,32184,0,4
136665,32192,0,2
136665,32291,72,2
136665,32557,0,4
136665,42003,72,6
136665,44809,71,3
136665,57585,71,4
136665,60483,72,8
136665,63869,71,8
136665,6536,71,40
136665,6553,71,3
136665,6632,72,16
136666,3023,71,8
136666,32001,71,4
136666,32018,71,2
136666,32064a,72,4
136666,32316,72,6
136666,3460,71,4
136666,3666,71,4
136666,3700,71,4
136666,3702,71,2
136666,3709,71,4
136666,3710,71,4
136666,3738,71,4
136666,3895,71,2
136700,11253,297,1
136700,11477,15,3
136700,13547,28,2
136700,14226c31,0,1
136700,14719,0,2
136700,14719,19,6
136700,15207,15,18
136700,15207,19,4
136700,15332,15,1
136700,15535,27,1
136700,15571,82,2
136700,15571,15,4
136700,15573,484,3
136700,15573,28,7
136700,15672,15,3
136700,15672,19,2
136700,18646,19,2
136700,1927,1,1
136700,20482,70,3
136700,20482,15,2
136700,22388,15,1
136700,2357,19,8
136700,2412b,19,9
136700,2412b,70,8
136700,2420,19,11
136700,2420,15,2
136700,2420,4,2
136700,24201,70,2
136700,24246,15,6
136700,2431,28,2
136700,2431,41,48
136700,2431,15,2
136700,2445,19,6
136700,2445,0,1
136700,2450,28,3
136700,2450,19,4
136700,2450,70,2
136700,2453b,19,1
136700,2456,15,6
136700,2456,71,5
136700,2456,19,6
136700,2465,71,10
136700,24866,10,13
136700,25269,19,4
136700,29120,15,6
136700,3001,71,2
136700,3001,28,26
136700,3001,288,5
136700,3001,19,21
136700,3002,19,16
136700,3003,288,3
136700,3003,71,18
136700,3003,19,4
136700,3003,28,3
136700,3004,71,2
136700,3004,19,35
136700,3004,0,7
136700,3004,28,2
136700,3005,15,1
136700,3006,15,2
136700,3007,19,21
136700,3008,71,4
136700,3008,19,4
136700,3009,19,2
136700,3009,28,6
136700,3009,15,2
136700,3010,28,20
136700,3010,15,4
136700,3010,19,2
136700,3010,0,7
136700,30134,72,12
136700,30136,15,10
136700,3020,288,5
136700,3020,28,1
136700,3020,19,1
136700,3020,4,3
136700,3020,2,2
136700,3020,70,4
136700,3021,28,4
136700,3021,0,1
136700,3021,19,6
136700,3022,14,2
136700,3022,19,4
136700,3023,19,31
136700,3023,2,4
136700,3023,28,1
136700,3023,288,8
136700,3023,41,6
136700,3023,14,4
136700,3023,72,3
136700,3023,4,1
136700,3024,0,2
136700,3024,41,6
136700,3024,19,6
136700,3024,70,1
136700,3031,0,2
136700,3032,15,1
136700,3032,28,2
136700,3033,15,1
136700,3033,19,4
136700,3034,15,2
136700,3034,322,2
136700,3036,0,16
136700,3037,15,100
136700,3037,19,14
136700,3038,15,16
136700,3039,19,2
136700,3039,15,20
136700,3040b,15,8
136700,3040b,19,9
136700,30414,19,1
136700,3045,15,48
136700,3045,19,2
136700,3062b,14,11
136700,3068b,27,3
136700,3068b,19,5
136700,3068b,4,2
136700,3069b,15,2
136700,3069b,4,4
136700,3069b,19,10
136700,3069b,41,9
136700,3070b,70,2
136700,3070b,19,67
136700,32028,0,1
136700,32062,4,1
136700,32064a,28,2
136700,32124,70,1
136700,32607,27,6
136700,32607,10,6
136700,32828,70,3
136700,34103,320,2
136700,34103,19,14
136700,34103,484,2
136700,3460,15,1
136700,3460,0,2
136700,3460,28,6
136700,35480,28,6
136700,35480,70,3
136700,35480,15,1
136700,3622,0,6
136700,3622,19,2
136700,3622,4,1
136700,3623,19,4
136700,3623,28,19
136700,3659,4,1
136700,3660,71,2
136700,3660,322,6
136700,3665,322,4
136700,3665,19,9
136700,3666,0,2
136700,3666,4,2
136700,3666,28,2
136700,3666,19,9
136700,3666,288,11
136700,3666,70,11
136700,3678b,15,6
136700,36840,15,3
136700,36840,70,2
136700,3685,15,2
136700,3710,4,5
136700,3710,321,6
136700,3710,326,16
136700,3710,71,1
136700,3710,0,2
136700,3710,19,11
136700,3743,15,5
136700,37695,10,29
136700,37695,326,16
136700,37762,15,2
136700,3795,3,6
136700,3795,19,2
136700,3832,71,3
136700,3832,19,1
136700,3937,71,2
136700,3937,0,1
136700,3938,15,1
136700,3958,19,2
136700,4032a,1,1
136700,4162,0,12
136700,4162,19,2
136700,4162pr0091,0,1
136700,4162pr9987,0,1
136700,41767,19,6
136700,41769,288,4
136700,41769,28,3
136700,41769,19,2
136700,41770,288,4
136700,4282,0,6
136700,4282,19,2
136700,4282,28,5
136700,4282,321,4
136700,4286,19,5
136700,4287c,19,4
136700,43722,28,6
136700,43723,28,4
136700,4460b,15,4
136700,4477,19,4
136700,47457,71,5
136700,4865b,15,6
136700,48729b,0,2
136700,50950,19,10
136700,54200,28,2
136700,54383,28,1
136700,54384,28,3
136700,60479,19,5
136700,60897,19,2
136700,6111,19,2
136700,6112,4,2
136700,6134,0,2
136700,61409,0,2
136700,6141,19,10
136700,6179,19,15
136700,6231,15,4
136700,63864,19,2
136700,63864,0,4
136700,65509,15,2
136700,6636,19,7
136700,6636,28,3
136700,70681,19,10
136700,73562,71,1
136700,77808,72,1
136700,85861,288,20
136700,85861,28,20
136700,85861,70,2
136700,85984,4,3
136700,87079,19,2
136700,87079,27,1
136700,87087,19,4
136700,87580,15,1
136700,87580,19,1
136700,87618,70,1
136700,87994,70,8
136700,90398,297,1
136700,91988,19,1
136700,92690,70,3
136700,96874,25,1
136700,99563,72,3
136700,99780,28,1
136812,14226c21,0,1
136812,2335pr0027,15,1
136812,2357,0,3
136812,2359pr0004,19,1
136812,2420,7,3
136812,2423,2,2
136812,2431pr0041,0,1
136812,2444,7,3
136812,2453a,0,4
136812,2456,0,1
136812,2458,7,5
136812,2460,7,1
136812,2489,6,1
136812,2527,6,1
136812,2530,8,2
136812,2540,0,1
136812,2546,8,1
136812,2555,0,4
136812,2654,7,1
136812,2817,0,1
136812,2927,0,4
136812,3001,0,2
136812,3002,7,2
136812,3002,0,1
136812,3003,0,1
136812,3004,6,1
136812,3004,7,5
136812,3004,15,1
136812,3004,0,10
136812,3005,0,9
136812,3005,6,1
136812,3007,7,1
136812,3008,7,3
136812,3009,0,1
136812,3010,0,1
136812,3010,7,2
136812,30132,8,4
136812,30134,0,1
136812,30136,6,13
136812,30137,6,2
136812,30139,6,1
136812,30141,8,8
136812,3020,7,1
136812,3021,0,1
136812,3023,7,1
136812,3023,15,1
136812,3023,0,3
136812,3023,6,2
136812,3029,0,1
136812,3032,0,1
136812,3033,7,1
136812,3035,0,2
136812,3040b,0,2
136812,3062b,0,1
136812,3062b,7,6
136812,3069b,0,1
136812,3069b,7,3
136812,3069bpr0021,7,1
136812,3069bpr0098,15,1
136812,3228b,7,2
136812,3460,0,1
136812,3581,6,1
136812,3622,7,2
136812,3622,0,3
136812,3626bpr0895,15,1
136812,3629,6,1
136812,3644,0,1
136812,3666,0,1
136812,3710,7,1
136812,3710,0,3
136812,3795,8,1
136812,3795,7,1
136812,3795,0,4
136812,3841,8,1
136812,3853,6,1
136812,3854,1,2
136812,3856,7,2
136812,3937,0,1
136812,3938,1,1
136812,4070,0,3
136812,4079,14,1
136812,4095,15,1
136812,4150,7,1
136812,4213,7,1
136812,4286,0,2
136812,4345b,0,1
136812,4346pr0017,2,1
136812,4460a,0,6
136812,4491b,6,1
136812,4491b,0,1
136812,4493c01pr0001,6,1
136812,4493c01pr0002,0,1
136812,4493c01pr0011,15,1
136812,4599a,0,1
136812,4600,0,2
136812,4625,0,1
136812,4733,0,1
136812,4865a,1,4
136812,4865a,0,3
136812,518,8,1
136812,57503,334,1
136812,57504,334,1
136812,57505,334,1
136812,57506,334,1
136812,6020,0,1
136812,6064,2,3
136812,6082,7,4
136812,6083,7,1
136812,6126a,57,1
136812,6179,0,1
136812,6231,0,2
136812,71342,334,1
136812,71403,9999,1
136814,2825,71,50
136815,4185,71,50
136816,85546,14,20
136817,15379,0,50
136818,6632,71,50
136819,11957,0,2
136819,88517,71,2
136820,4697b,71,25
136821,85544,4,20
136822,61904,72,1
136822,61927b,71,1
136823,75974,15,2
136824,59426,72,50
136825,60485,71,50
136826,2736,71,25
136826,6628,0,25
136827,6558,1,100
136828,32056,72,5
136828,32063,71,5
136828,32065,0,5
136828,32449,72,5
136828,41677,72,5
136829,43857,71,5
136829,50923,72,5
136829,60483,72,5
136829,60484,72,5
136829,93571,72,5
136830,43093,1,100
136831,32123b,71,100
136832,3713,71,100
136833,3673,71,100
136834,2780,0,100
136835,3749,19,100
136836,4274,71,100
136837,32002,19,100
136838,32062,0,100
136839,4519,71,100
136840,6587,28,100
136841,3705,0,50
136842,32073,71,50
136844,3706,0,50
136845,3707,0,50
136846,3737,0,50
136847,3708,0,50
136848,59443,71,50
136849,6553,71,50
136850,10928,72,100
136851,94925,71,50
136852,18575,0,25
136853,3648b,72,50
136855,3649,71,25
136856,6536,71,50
136857,32039,71,50
136858,3700,0,50
136859,6573,72,10
136860,32012,72,25
136861,14696,0,100
136862,2815,0,25
136862,4185,71,25
136863,45982,0,2
136863,55978,0,2
136863,56145,0,2
136863,56908,71,2
136864,32270,0,25
136865,44294,71,50
136866,50163,72,2
136867,55981,71,8
136867,89201,0,8
136868,99773,72,25
136869,6575,72,25
136870,32062,4,100
136871,32054,4,100
136872,57520,0,10
136872,88323,72,100
136873,32278,72,5
136873,32316,72,5
136873,32523,72,5
136873,32524,72,5
136873,32525,72,5
136873,40490,72,5
136873,41239,72,5
136874,32009,72,5
136874,32140,72,5
136874,32271,72,5
136874,32348,72,5
136874,32526,72,5
136874,6629,72,5
136875,48989,71,15
136875,55615,71,15
136876,32184,0,5
136876,32557,0,5
136876,41678,72,5
136876,42003,72,5
136876,44809,71,5
136876,6553,72,5
136877,88323,72,120
136878,57519,0,10
136878,57520,0,12
136879,3040b,0,100
136880,2456,14,5
136880,3001,14,5
136880,3003,14,5
136880,3004,14,5
136880,3009,14,5
136880,3010,14,5
136881,30364,14,5
136881,3039,14,5
136881,3298,14,5
136881,3660,14,5
136881,3747b,14,5
136881,42022,14,5
136881,4286,14,5
136881,4287c,14,5
136882,3023,15,5
136882,32001,15,5
136882,3460,15,5
136882,3666,15,5
136882,3709,15,5
136882,3710,15,5
136882,3738,15,5
136883,2456,4,5
136883,3001,4,5
136883,3003,4,5
136883,3010,4,5
136883,3039,4,5
136883,3040b,4,5
136883,3660,4,5
136883,3665,4,5
136884,2654,4,5
136884,30365,4,5
136884,32530,4,5
136884,3679,71,5
136884,3680,4,5
136884,42022,4,5
136885,3703,4,10
136886,3700,4,5
136886,3701,4,5
136886,3702,4,5
136886,3894,4,5
136889,32523,1,10
136889,32523,4,10
136889,32523,14,10
136889,32523,0,10
136889,32523,2,10
136890,64392,0,4
136890,64682,0,4
136890,87080,0,4
136890,87086,0,4
136891,32009,15,5
136891,32140,4,5
136891,32271,71,5
136891,32348,15,5
136891,32526,71,5
136891,32526,15,5
136891,60484,0,5
136891,6629,0,5
136892,18575,0,25
136893,99009,71,5
136893,99010,0,5
136894,41669,15,20
136894,44809,4,20
136895,32291,0,5
136895,32449,0,5
136895,33299b,0,5
136895,57585,71,5
136895,63869,71,5
136895,99773,71,5
136896,32013,0,5
136896,32014,0,5
136896,32034,0,5
136896,59443,4,5
136896,62462,71,5
136897,41897,0,4
136897,56908,71,4
136898,92911,72,2
136898,99948,383,2
136901,10928,72,4
136901,18575,19,2
136901,2780,0,60
136901,2815,0,4
136901,3003,71,4
136901,3004,71,8
136901,3023,71,4
136901,3065,34,1
136901,3065,46,1
136901,3065,36,1
136901,3069b,72,2
136901,32001,71,2
136901,32009,72,4
136901,32034,0,2
136901,32054,0,8
136901,32062,4,8
136901,32064a,72,2
136901,32072,0,4
136901,32073,71,8
136901,32123b,14,10
136901,32138,0,2
136901,32140,72,4
136901,32184,0,8
136901,32250,72,4
136901,32269,71,2
136901,32270,0,4
136901,32278,72,4
136901,32291,72,2
136901,32316,72,4
136901,32498,0,2
136901,32523,72,10
136901,32524,72,4
136901,32525,72,2
136901,32526,72,8
136901,33299b,71,2
136901,3626cpr0891,14,1
136901,3647,71,4
136901,3648b,72,4
136901,3648b,71,4
136901,3649,71,2
136901,3650c,71,2
136901,3700,71,4
136901,3701,71,4
136901,3702,71,4
136901,3703,71,4
136901,3705,0,6
136901,3706,0,4
136901,3707,0,2
136901,3708,0,2
136901,3709,71,2
136901,3710,71,4
136901,3713,71,10
136901,3737,0,2
136901,3738,71,2
136901,3749,19,8
136901,3894,71,4
136901,40490,72,6
136901,41239,72,2
136901,41250,4,1
136901,41250,1,1
136901,4185,71,4
136901,42003,72,4
136901,43093,1,10
136901,4519,71,14
136901,4716,71,2
136901,4716,0,2
136901,48989,71,2
136901,50163,72,1
136901,53787,151,3
136901,53788,151,2
136901,53792,151,1
136901,53793,151,2
136901,54690,0,3
136901,55543,9999,1
136901,55615,71,6
136901,55804,0,1
136901,55805,0,4
136901,55806,0,2
136901,55963,151,1
136901,55969,151,1
136901,55976,0,4
136901,55981,71,2
136901,56145,71,4
136901,57482,0,1
136901,59426,72,2
136901,59443,0,4
136901,6035,15,3
136901,6093,0,1
136901,6536,71,20
136901,6538b,0,4
136901,6558,1,36
136901,6558,0,36
136901,6629,72,4
136901,85544,4,2
136901,85546,14,2
136901,86035,4,1
136901,87662,151,1
136901,89201,0,2
136901,94925,71,4
136901,970c34,25,1
136901,973c01h01pr1204,15,1
136905,2000080,9999,1
136906,900093,9999,1
136907,2009641,9999,1
136909,2000080,9999,1
136912,2000045,9999,1
136916,32054,0,12
136916,32140,72,2
136916,32278,72,6
136916,32525,72,4
136916,3702,71,2
136916,43093,1,10
136916,44294,71,2
136916,55615,71,8
136947,10077406,9999,1
136947,11253,1,1
136947,11253,4,1
136947,11609,191,3
136947,13608,179,1
136947,13786pr0002,484,1
136947,14719,322,2
136947,14719,1,2
136947,15573,1,1
136947,15573,322,1
136947,15712,226,2
136947,15712,72,4
136947,18920,179,1
136947,20482,71,1
136947,20952,4,2
136947,2357,1,1
136947,2420,15,1
136947,2420,71,2
136947,2445,71,2
136947,25269,322,2
136947,25269,1,2
136947,27150,0,2
136947,27925,272,4
136947,3003,3,1
136947,3004,1,4
136947,3004,28,2
136947,3005,1,3
136947,3009,1,8
136947,3010,1,3
136947,3020,28,2
136947,3020,71,1
136947,3021,4,2
136947,3022,15,1
136947,3023,71,2
136947,3023,15,2
136947,3023,1,1
136947,3023,28,3
136947,3024,71,6
136947,3024,28,2
136947,3029,226,3
136947,3034,71,3
136947,30374,191,2
136947,30377,179,2
136947,3039,28,1
136947,30503,4,4
136947,3062b,2,1
136947,3062bpr0027,15,4
136947,3068b,322,1
136947,3068b,28,2
136947,3068b,1,1
136947,3069b,1,1
136947,3069b,322,1
136947,3069b,28,2
136947,3069b,272,5
136947,3070b,272,1
136947,32064a,71,1
136947,32828,226,1
136947,33909,71,1
136947,3460,15,2
136947,3622,1,8
136947,3623,71,1
136947,3623,1,1
136947,3710,28,1
136947,3710,71,3
136947,41769,321,1
136947,44568,71,2
136947,4477,1,1
136947,4588,4,1
136947,51739,4,2
136947,59900,70,1
136947,59900,4,1
136947,60470b,71,2
136947,60594,15,1
136947,60608,15,2
136947,61252,71,3
136947,61409,4,2
136947,6141,2,1
136947,6141,1,1
136947,63965,71,1
136947,6636,272,4
136947,79389,71,2
136947,79808,71,1
136947,80326,15,1
136947,85984,15,1
136947,85984,28,2
136947,87087,1,4
136947,87580,226,2
136947,87994,15,3
136947,90398,2,3
136947,92092,28,2
136947,93061,71,2
136947,93552pat0002,70,1
136947,98138,4,1
136947,98138,15,1
136947,98138pr0035,179,4
136947,98282,14,1
136947,98382pr0001,84,1
136947,99207,71,4
136947,99781,321,1
137000,2797c02,41,1
137000,47223a,72,3
137000,47225,41,2
137000,5102c06,1,4
137000,5102c12,71,2
137000,5102c12,1,3
137000,5102c12,0,2
137000,5102c24,0,1
137000,5102c24,1,1
137000,5102c24,71,1
137000,5102c40,71,1
137000,5102c40,0,1
137000,74981,41,1
137000,74982,41,1
137058,10001478,9999,1
137058,10247,0,6
137058,11203,4,2
137058,11203,272,6
137058,11203,71,6
137058,11211,272,1
137058,11212,272,2
137058,11212,71,2
137058,11212,4,18
137058,11212,0,2
137058,11215,0,1
137058,11458,1,2
137058,11458,71,4
137058,11476,0,2
137058,11477,272,2
137058,11477,4,4
137058,11477,25,1
137058,11478,0,4
137058,13547,25,1
137058,14418,71,4
137058,14704,71,1
137058,14719,4,4
137058,14769,80,4
137058,15068,272,2
137058,15462,70,2
137058,15535,0,2
137058,15573,0,6
137058,15573,272,4
137058,15672,4,6
137058,15672,272,2
137058,15712,191,2
137058,1762,80,1
137058,18654,0,1
137058,18654,179,2
137058,18674,72,2
137058,18677,15,2
137058,18980,25,1
137058,20482,71,4
137058,20482,0,1
137058,22385,182,6
137058,22484,72,2
137058,22885,71,5
137058,23443,272,2
137058,23444,179,1
137058,2357,4,2
137058,23950,4,2
137058,2412b,4,4
137058,2412b,80,18
137058,2420,71,2
137058,2420,0,4
137058,2420,4,4
137058,2420,272,14
137058,24201,272,4
137058,24201,4,4
137058,24299,71,1
137058,24299,272,1
137058,24307,71,1
137058,24307,272,1
137058,2431,4,4
137058,24375,25,6
137058,2456,15,2
137058,25269,272,6
137058,2540,0,2
137058,2540,25,1
137058,2540,4,4
137058,26047,272,2
137058,2654,0,3
137058,2654,4,2
137058,2654,71,1
137058,2654,182,5
137058,26601,272,2
137058,26601,4,14
137058,26601,0,4
137058,26603,4,15
137058,2723pr0007,71,6
137058,27263,272,2
137058,2736,71,1
137058,2744,272,4
137058,2817,71,2
137058,28192,272,12
137058,28192,71,6
137058,2877,72,4
137058,28802,4,1
137058,28802,0,2
137058,3001,0,1
137058,3001,272,4
137058,3002,4,4
137058,3002,71,1
137058,3003,71,2
137058,3004,4,6
137058,3004,272,2
137058,3004,0,2
137058,3005,4,4
137058,3005,15,2
137058,3005,71,3
137058,3005,272,6
137058,3005,0,4
137058,3008,0,2
137058,3010,272,2
137058,3010,71,4
137058,3010,4,4
137058,3020,272,1
137058,3020,25,1
137058,3020,71,3
137058,3020,322,4
137058,3020,4,10
137058,3020,0,5
137058,3020,26,2
137058,3021,4,16
137058,3021,272,15
137058,3021,71,6
137058,3022,0,1
137058,3022,322,1
137058,3022,19,8
137058,3022,71,3
137058,3022,272,4
137058,3022,4,2
137058,3023,40,4
137058,3023,4,25
137058,3023,15,1
137058,3023,272,28
137058,3023,71,11
137058,3023,322,4
137058,3023,0,26
137058,3023,182,1
137058,3023pr0003,71,1
137058,3024,0,2
137058,3024,71,8
137058,3024,34,4
137058,3024,41,2
137058,3024,4,16
137058,3024,272,29
137058,3031,0,1
137058,3031,4,1
137058,3031,272,2
137058,3032,71,2
137058,3032,0,2
137058,3034,0,1
137058,3034,4,1
137058,30357,4,4
137058,30363,272,1
137058,3040b,71,1
137058,30414,0,4
137058,30565,71,2
137058,30602,182,2
137058,3065,45,16
137058,3068b,4,1
137058,3068b,0,6
137058,3068bpr0606,4,2
137058,30699,0,6
137058,3069b,4,2
137058,3069b,272,12
137058,3069b,71,2
137058,3069b,36,2
137058,3069b,322,1
137058,3069bpr0352,272,1
137058,3070b,4,2
137058,3070b,272,3
137058,3070b,379,2
137058,32000,0,6
137058,32000,19,2
137058,32000,71,6
137058,32028,379,1
137058,32028,4,2
137058,32028,71,4
137058,32062,4,8
137058,32062,0,2
137058,32064a,14,1
137058,32064a,0,2
137058,32123b,71,4
137058,32123b,14,1
137058,32803,72,4
137058,32952,272,4
137058,32952,4,2
137058,33909,0,4
137058,33909,4,9
137058,34103,71,8
137058,3460,0,3
137058,35044,0,2
137058,35186,0,5
137058,35480,72,2
137058,35480,71,2
137058,3622,0,6
137058,3622,4,4
137058,3622,322,2
137058,3622,272,2
137058,3623,71,3
137058,3623,19,10
137058,3623,25,1
137058,3623,272,2
137058,3665,272,2
137058,3666,272,16
137058,3666,4,8
137058,3666,25,1
137058,36840,4,4
137058,36840,0,4
137058,36841,71,4
137058,36841,272,1
137058,3700,25,1
137058,3701,71,2
137058,3701,4,2
137058,3705,0,2
137058,3709,71,4
137058,3710,15,4
137058,3710,272,36
137058,3710,71,6
137058,3710,4,9
137058,3710,0,4
137058,3713,0,1
137058,37352,80,4
137058,37352,272,2
137058,3737,4,1
137058,3738,72,1
137058,3795,71,6
137058,3795,1,4
137058,3795,4,2
137058,3795,15,2
137058,3956,0,1
137058,3958,4,1
137058,4032a,0,7
137058,4032a,71,4
137058,4032a,72,2
137058,4032a,322,2
137058,4070,72,4
137058,4081b,272,6
137058,4162,272,6
137058,41677,0,1
137058,41682,0,3
137058,41740,272,2
137058,42610,0,1
137058,4286,272,4
137058,42924,1,2
137058,43093,1,6
137058,43722,71,2
137058,43722,4,1
137058,43723,4,1
137058,43723,71,2
137058,44728,4,8
137058,44728,0,14
137058,4477,0,2
137058,44861,0,2
137058,4515,0,1
137058,47455,72,8
137058,48169,72,2
137058,48170,4,4
137058,48336,72,2
137058,48336,4,4
137058,49307,71,10
137058,50451,0,1
137058,51739,4,4
137058,53029,0,1
137058,54200,71,2
137058,54200,272,19
137058,54200,0,1
137058,54200,4,2
137058,54672,0,2
137058,56904,0,6
137058,57697,0,3
137058,57909b,72,6
137058,60219,4,1
137058,60470b,4,4
137058,60478,0,2
137058,60478,4,4
137058,60478,71,8
137058,60483,25,1
137058,6070,0,1
137058,61252,0,2
137058,61332,0,12
137058,61409,4,6
137058,6141,179,12
137058,6141,182,1
137058,6141,46,4
137058,6141,0,4
137058,6141,4,6
137058,61485,71,1
137058,6179,4,2
137058,6179pr0032,4,3
137058,6215,71,2
137058,6231,0,2
137058,6232,0,1
137058,6233,72,2
137058,62462,25,2
137058,62462,179,2
137058,63864,4,18
137058,63864,272,14
137058,63868,0,6
137058,63868,71,6
137058,63868,19,2
137058,64727,272,2
137058,65249,71,6
137058,65304,179,4
137058,6536,25,2
137058,6541,4,2
137058,6541,0,2
137058,65487,0,2
137058,6575,0,2
137058,6636,4,6
137058,6636,71,3
137058,67695,0,4
137058,67696,0,2
137058,69729,71,8
137058,69729,4,4
137058,71752,0,5
137058,73109,71,4
137058,73230,25,4
137058,73230,0,8
137058,73304,182,4
137058,73825,0,6
137058,73983,4,8
137058,76959,71,2
137058,78258,0,1
137058,78329,4,12
137058,78443,4,1
137058,78444,4,1
137058,79389,71,4
137058,79505,0,2
137058,80431,4,2
137058,80563,72,2
137058,85861,0,1
137058,85984,272,23
137058,85984,71,14
137058,85984,80,14
137058,85984,4,12
137058,87079,26,2
137058,87079,272,4
137058,87079,71,3
137058,87081,4,1
137058,87087,0,4
137058,87087,71,6
137058,87552,40,4
137058,87552,0,1
137058,87580,15,4
137058,87994,297,2
137058,90194,4,2
137058,91988,0,4
137058,92947,0,1
137058,93274,0,4
137058,96874,25,1
137058,98138,72,2
137058,98138,47,4
137058,98138,182,4
137058,99206,71,4
137058,99206,272,2
137058,99206,19,4
137058,99207,272,2
137058,99207,4,2
137058,99207,0,2
137058,99563,1103,3
137058,99780,272,1
137058,99780,0,7
137058,99780,71,1
137058,99781,0,12
137058,99781,25,2
137058,99781,272,2
137058,99781,15,2
137079,132a,0,2
137079,3001a,47,2
137079,3001a,1,2
137079,3002a,15,3
137079,3003a,1,2
137079,3003a,15,2
137079,3003a,4,1
137079,3003apr0056,14,1
137079,3004,0,20
137079,3004,14,5
137079,3004,47,3
137079,3004,15,7
137079,3004,4,31
137079,3004pr9964,4,2
137079,3005,15,4
137079,3005,4,24
137079,3007,4,1
137079,3008,4,10
137079,3008,15,3
137079,3008pr0031,15,1
137079,3009,4,12
137079,3009,47,2
137079,3009,15,4
137079,3009,0,2
137079,3010,4,8
137079,3010,15,9
137079,3010,47,3
137079,3010,1,1
137079,3010,14,2
137079,3010apr0003,1,1
137079,3010apr0003,4,1
137079,3010pr9937,15,1
137079,3010pr9964,0,2
137079,3010pr9965,14,2
137079,3010pr9965,4,1
137079,3020,4,2
137079,3020,1,1
137079,3020,14,2
137079,3021,4,4
137079,3021,14,4
137079,3021,7,1
137079,3022,7,1
137079,3023,4,8
137079,3023,14,5
137079,3023,7,3
137079,3027,1,2
137079,3029,1,1
137079,3031,4,1
137079,3032,0,1
137079,3032,14,1
137079,3033,1,1
137079,3034,7,1
137079,3034,4,1
137079,3034,1,1
137079,3034,14,1
137079,3035,1,2
137079,3035,15,1
137079,3037,47,1
137079,3039,0,4
137079,3040a,47,2
137079,3046a,1,2
137079,3062a,0,7
137079,3068a,4,2
137079,3068a,7,4
137079,3068a,0,2
137079,3069a,1,1
137079,3069a,4,1
137079,3081c01,15,3
137079,3127b,4,1
137079,3137c01,0,7
137079,3137c02,0,2
137079,3139,0,14
137079,3144,15,1
137079,3149bc01,4,1
137079,3176,4,2
137079,3190,1,1
137079,3191,1,1
137079,3297,4,10
137079,3298,4,7
137079,3299,4,2
137079,3300,4,1
137079,3307,4,1
137079,3314,4,1
137079,3317,14,1
137079,3324ac01,4,2
137079,3350pr0005,15,1
137079,33bc01,4,1
137079,33bc01,15,1
137079,3404ac01,0,1
137079,359cdb01,9999,1
137079,453cc01,4,1
137079,586c02,14,1
137079,646,4,2
137079,647pr0001,15,1
137079,649pr0012,15,1
137079,649pr0013,15,1
137079,7039,4,2
137079,7049bc01,0,1
137079,777pr0016,15,1
137079,784,4,1
137079,7916c50,0,1
137079,7b,0,4
137079,915pr0003,2,1
137079,upn0090,2,1
137079,upn0205pr0001,2,1
137079,upn0439,2,1
137122,51493c02,4,1
137122,51493c02,0,1
137188,15535,71,1
137188,2412b,71,2
137188,25214,71,1
137188,26047,71,2
137188,30377,71,2
137188,32062,4,1
137188,35394,41,1
137188,35480,272,2
137188,3673,71,1
137188,44728,0,2
137188,4599b,71,1
137188,51739,272,3
137188,60474,0,2
137188,6141,46,1
137188,65768,0,1
137188,71752,0,1
137188,79389,71,2
137188,87079,0,1
137188,87081,4,3
137188,99207,71,1
137358,11303,28,1
137358,3626cpr0645,14,1
137358,970c42,322,1
137358,973c33h01pr3424,30,1
137359,3626cpr0893,14,1
137359,85974,226,1
137359,970c27,15,1
137359,973c01h01pr3433,29,1
137360,17346,484,1
137360,3626cpr0893,14,1
137360,970c19,70,1
137360,973c43h01pr4284,29,1
137361,21268,70,1
137361,3626cpr0645,14,1
137361,970c20,326,1
137361,973c09h01pr4356,85,1
137362,11303,288,1
137362,3626cpr0754,14,1
137362,970c75,1103,1
137362,973c01h12pr4150,25,1
137363,3624,1,1
137363,3626cpr0649,14,1
137363,970c05,272,1
137363,973c34h01pr1801,25,1
137383,11477,326,2
137383,13547,72,2
137383,15445,72,1
137383,2412b,70,2
137383,2476a,71,1
137383,298c02,71,2
137383,3020,71,1
137383,3023,72,2
137383,3031,19,1
137383,3623,0,2
137383,4081b,71,2
137383,4285b,72,1
137383,4598,0,1
137383,53020,27,1
137383,54200,326,2
137383,6141,46,2
137383,92842,0,1
137442,2214,14,1
137442,2291,73,2
137442,2291,320,1
137442,2300,4,2
137442,3011,10,2
137442,31110,4,3
137442,31213pr0029,4,1
137442,31300c03,0,2
137442,31465,4,1
137442,3437,191,1
137442,3437,71,1
137442,3437,320,3
137442,3437,10,3
137442,3437,0,2
137442,3437,14,1
137442,3437,4,7
137442,3437pr0051,484,1
137442,4066,41,2
137442,40666,1,2
137442,40666,72,1
137442,40666,10,2
137442,4066pr0151,4,1
137442,4066pr0172,484,1
137442,4066pr0277,14,1
137442,41169c01,71,1
137442,4196,19,1
137442,41969,0,2
137442,42025pr0002,4,1
137442,44524,10,2
137442,4672,72,2
137442,47202pr0007,25,1
137442,47423pr0008,1,2
137442,47424,72,1
137442,47509,179,1
137442,48125c05pr0001,73,1
137442,4894,179,1
137442,51546,10,1
137442,51547pr0012,14,1
137442,51554pr0002,10,1
137442,55436,191,1
137442,58080,1,1
137442,58498c01,0,1
137442,59559,4,2
137442,59684pr0003,14,2
137442,60777pr0002,15,1
137442,63710c02pr0002,10,1
137442,6376,72,1
137442,6377,72,9
137442,6378,72,20
137442,6391,72,1
137442,6405,0,2
137442,6406b,4,2
137442,6474pr9991,14,1
137442,6474pr9992,4,1
137442,73352,1,2
137442,98458,179,3
137442,98465pr0051,1,1
137442,99844,14,1
137476,2446,28,1
137476,3626cpr1738,14,1
137476,41879a,1,1
137476,973c12h01pr5135,15,1
137513,11476,15,4
137513,11477,14,2
137513,11477,15,7
137513,11477,4,6
137513,15573,14,3
137513,15573,0,3
137513,15672,14,2
137513,15712,4,4
137513,2540,15,4
137513,26047,0,4
137513,3005,72,2
137513,3020,0,1
137513,3020,70,2
137513,3021,0,1
137513,3022,0,1
137513,3023,14,1
137513,3023,0,3
137513,3023,4,5
137513,3023,15,3
137513,3024,0,9
137513,3024,14,2
137513,3062b,0,13
137513,3069b,0,1
137513,3070b,0,3
137513,3070b,14,2
137513,3660,70,3
137513,3665,70,12
137513,3666,0,2
137513,3710,14,2
137513,3710,15,2
137513,3795,0,4
137513,3795,322,4
137513,4162,0,4
137513,4735,0,1
137513,51739,14,1
137513,54200,14,4
137513,60478,14,1
137513,60897,4,1
137513,61252,15,3
137513,6141,14,2
137513,6141,0,6
137513,64644,0,3
137513,6541,15,2
137513,87087,0,2
137513,87580,0,2
137513,98138,14,3
137565,10247,14,1
137565,11090,70,3
137565,11153,1,3
137565,11153,70,4
137565,11153,212,5
137565,11153,272,4
137565,11203,0,2
137565,11212,0,3
137565,11212,288,4
137565,11213,0,1
137565,11215,0,4
137565,11458,0,2
137565,11477,73,8
137565,11477,0,2
137565,11477,326,1
137565,11477,323,12
137565,11477,288,9
137565,11477,226,15
137565,11478,0,2
137565,13547,0,8
137565,13731,0,1
137565,14719,0,1
137565,14719,73,1
137565,15092,72,1
137565,15573,321,4
137565,15573,272,2
137565,15712,71,2
137565,18674,0,1
137565,18674,72,9
137565,18677,72,2
137565,20482,71,1
137565,22885,0,1
137565,22885,484,4
137565,23950,72,4
137565,2412b,1,5
137565,2420,73,5
137565,2420,72,1
137565,2420,0,1
137565,2420,378,2
137565,24201,70,10
137565,24201,212,22
137565,24307,1,2
137565,2445,0,2
137565,24482,212,1
137565,2465,0,29
137565,25269,0,2
137565,25269,272,5
137565,25269,15,7
137565,25269,288,31
137565,25269,3,14
137565,25269,73,6
137565,26047,0,1
137565,26601,326,4
137565,27925,326,2
137565,27925,322,2
137565,27925,0,4
137565,27925,1,6
137565,27925,272,6
137565,28192,0,2
137565,2877,70,1
137565,2921,0,1
137565,3001,0,2
137565,3001,4,3
137565,3002,14,1
137565,3002,0,9
137565,3003,14,1
137565,3003,72,1
137565,3003,322,4
137565,3004,70,1
137565,3004,0,16
137565,3004,321,1
137565,3005,70,1
137565,3005,71,1
137565,3007,0,38
137565,3008,0,14
137565,3008,1,1
137565,3009,70,2
137565,3010,1,2
137565,3010,323,2
137565,3010,0,1
137565,3010,321,2
137565,3020,1,2
137565,3020,72,1
137565,3020,272,3
137565,3020,4,1
137565,3020,323,1
137565,3020,0,4
137565,3021,71,2
137565,3021,272,8
137565,3022,272,6
137565,3022,70,2
137565,3022,73,7
137565,3022,226,5
137565,3022,0,1
137565,3023,73,52
137565,3023,70,1
137565,3023,326,11
137565,3023,323,42
137565,3023,484,3
137565,3023,321,15
137565,3023,1,3
137565,3023,272,49
137565,3023,288,38
137565,3023,226,26
137565,3023,72,2
137565,3023,0,23
137565,3024,288,5
137565,3024,226,18
137565,3024,72,2
137565,3024,71,1
137565,3024,212,26
137565,3024,272,7
137565,3024,0,8
137565,3024,73,15
137565,3024,1,8
137565,3024,323,23
137565,3024,326,3
137565,3024,191,1
137565,3024,308,7
137565,3027,0,2
137565,3029,1,2
137565,3030,0,12
137565,3031,0,1
137565,3032,1,1
137565,3032,0,4
137565,3032,70,2
137565,3034,0,11
137565,3035,0,2
137565,30357,272,1
137565,3040b,272,4
137565,3040b,0,2
137565,30414,0,14
137565,3043,484,1
137565,3049d,212,3
137565,30565,272,3
137565,30565,212,2
137565,30565,1,7
137565,3068b,0,6
137565,3069b,272,1
137565,3070b,28,2
137565,32002,19,2
137565,32062,4,1
137565,32278,0,1
137565,3297,0,30
137565,3460,0,24
137565,35464,484,2
137565,35464,19,1
137565,35464,212,4
137565,3622,73,2
137565,3622,0,2
137565,3622,72,5
137565,3623,0,2
137565,3623,73,5
137565,3623,70,13
137565,3623,326,14
137565,3623,288,5
137565,3623,272,5
137565,3623,322,5
137565,3623,323,5
137565,3623,15,1
137565,3660,0,76
137565,3665,73,1
137565,3665,272,1
137565,3665,323,1
137565,3665,226,1
137565,3665,0,1
137565,3666,288,13
137565,3666,322,8
137565,3666,326,5
137565,3666,1,9
137565,3666,73,2
137565,3666,272,2
137565,3676,0,4
137565,36840,226,6
137565,36841,73,19
137565,36841,0,4
137565,3700,14,1
137565,3700,0,2
137565,3710,321,142
137565,3710,323,35
137565,3710,272,60
137565,3710,322,38
137565,3710,0,4
137565,3710,73,10
137565,3710,212,11
137565,3710,1,223
137565,3710,308,12
137565,3710,226,17
137565,3795,0,2
137565,3960pr0040,15,2
137565,3960pr0041,322,2
137565,4032a,378,13
137565,4032a,288,29
137565,4032a,322,13
137565,4032a,1,3
137565,4070,71,1
137565,4161,0,8
137565,4162,1,4
137565,4162,272,3
137565,4162,0,1
137565,41682,0,43
137565,42023,0,2
137565,4216,71,3
137565,4216,15,2
137565,4274,71,2
137565,4286,0,3
137565,4286,70,1
137565,43722,1,1
137565,43898pr0021,33,2
137565,43898pr0022,41,3
137565,44301b,71,4
137565,44375bpr0013,226,1
137565,44728,70,6
137565,44728,1,14
137565,4477,0,7
137565,4477,72,1
137565,44861,288,2
137565,4740,33,1
137565,4740,14,1
137565,4871,25,4
137565,49307,0,8
137565,50950,322,8
137565,50950,272,6
137565,50950,308,15
137565,54200,212,7
137565,54200,272,5
137565,54383,272,4
137565,54383,1,1
137565,54657,72,4
137565,59443,0,1
137565,6005,0,2
137565,60474,1,2
137565,60476,0,1
137565,60478,28,1
137565,60478,15,1
137565,60478,70,1
137565,60479,0,5
137565,6060,308,1
137565,60897,72,2
137565,60897,15,1
137565,60897,484,2
137565,6091,272,3
137565,6091,288,7
137565,6091,0,1
137565,6091,212,3
137565,6111,0,2
137565,6112,0,1
137565,61252,71,1
137565,61332,0,1
137565,6141,25,5
137565,6141,326,42
137565,6141,308,27
137565,6179pr0033,15,1
137565,65304,0,1
137565,6541,0,2
137565,65487,0,8
137565,6587,28,4
137565,6636,70,5
137565,67139,0,1
137565,67329,14,2
137565,70681,378,2
137565,70681,212,12
137565,78256,71,1
137565,78258,0,1
137565,78329,84,2
137565,78666,212,3
137565,79756,0,68
137565,79757,0,8
137565,85861,70,2
137565,85861,71,1
137565,85984,378,2
137565,85984,70,2
137565,87079,0,1
137565,87609,1,1
137565,87994,70,2
137565,87994,0,2
137565,91988,0,1
137565,92692,70,1
137565,93273,308,11
137565,93273,1,5
137565,93551pr0002,84,1
137565,93552pat0003,70,1
137565,96874,25,1
137565,98138,191,15
137565,99206,71,4
137565,99206,15,1
137565,99207,71,8
137565,99207,0,4
137565,99301,0,4
137565,99563,70,6
137565,99781,226,4
137590,11476,2,1
137590,15790,0,1
137590,18980,4,1
137590,35480,14,1
137590,3749,19,1
137590,44567b,71,1
137590,47457,14,1
137590,57360,0,1
137590,61409,0,2
137590,63965,70,1
137594,3626cpr3656,70,1
137594,37046,15,1
137594,79687,0,1
137594,970c28pat27pr0004,1,1
137594,973c28h19pr0002,1,1
137595,28974,72,1
137595,3626cpr3126,78,1
137595,49556pr0001,272,1
137595,970c05,272,1
137595,973c05h22pr5400,272,1
137639,18986,47,1
137639,3626cpr2946,78,1
137639,37364c03,0,1
137639,973c03h31pr4783,4,1
137639,98385,0,1
137740,12825,71,2
137740,15207,25,1
137740,2357,0,4
137740,2376,0,1
137740,2412b,80,2
137740,2412b,19,2
137740,2412b,25,3
137740,2412b,85,3
137740,2431,19,2
137740,2431,0,2
137740,2436,0,1
137740,2436,15,1
137740,2456,4,1
137740,2456,0,1
137740,2458,19,2
137740,2465,19,1
137740,2540,19,1
137740,2780,0,4
137740,298c02,71,1
137740,3001,2,1
137740,3003,0,4
137740,3003,19,1
137740,3004,2,2
137740,3004,4,1
137740,3004,15,1
137740,3004,85,3
137740,3004,0,9
137740,3004,25,3
137740,3005,0,2
137740,3005,2,6
137740,3005,19,3
137740,3009,0,3
137740,3009,19,2
137740,3010,15,1
137740,3010,0,1
137740,3010,19,9
137740,30136,19,9
137740,30157,71,2
137740,30162,72,4
137740,3020,0,1
137740,3020,2,2
137740,3020,71,1
137740,3021,15,6
137740,3021,72,2
137740,3021,0,12
137740,3021,85,1
137740,3021,25,1
137740,3022,71,2
137740,3022,2,1
137740,3023,71,4
137740,3023,4,6
137740,3023,0,14
137740,3023,14,3
137740,3023,25,5
137740,3023,85,5
137740,30237a,72,1
137740,3024,19,2
137740,3024,36,2
137740,3024,46,2
137740,3024,47,4
137740,3024,72,2
137740,3024,71,8
137740,3027,72,1
137740,3030,0,1
137740,3031,71,1
137740,3032,0,1
137740,3032,72,1
137740,3033,0,2
137740,3033,72,1
137740,3034,0,2
137740,3034,15,1
137740,3034,72,4
137740,3037,72,2
137740,3037,4,1
137740,30383,0,2
137740,30383,71,2
137740,30391,0,4
137740,30395,72,1
137740,30396,0,1
137740,3039pr0001,15,1
137740,3039pr0002,0,1
137740,30414,4,1
137740,30552,72,2
137740,30553,0,2
137740,30554b,71,1
137740,30602,40,2
137740,3062b,19,16
137740,3062b,0,2
137740,30663,71,1
137740,3068b,0,2
137740,3068b,72,1
137740,3069b,40,3
137740,3069b,25,3
137740,3069b,0,6
137740,3069b,4,3
137740,3069b,85,3
137740,3069bpr0100,2,3
137740,32028,72,1
137740,32062,4,3
137740,32449,72,2
137740,3460,4,2
137740,3460,0,2
137740,3622,1,2
137740,3622,0,2
137740,3660,4,1
137740,3665,85,3
137740,3665,25,3
137740,3666,25,2
137740,3666,72,8
137740,3666,85,2
137740,3666,0,2
137740,3673,71,4
137740,3700,14,2
137740,3701,72,4
137740,3702,4,2
137740,3710,14,3
137740,3710,72,4
137740,3710,15,1
137740,3710,2,6
137740,3795,71,1
137740,3829c01,4,1
137740,3829c01,71,1
137740,3962b,0,1
137740,4079b,70,2
137740,4081b,0,2
137740,4162,0,1
137740,41669,179,1
137740,41678,72,1
137740,41747,0,1
137740,41748,0,1
137740,41769,0,1
137740,41770,0,1
137740,4274,1,3
137740,43337,85,1
137740,43720,0,1
137740,43721,0,1
137740,44126,0,1
137740,44302a,71,2
137740,44567a,71,1
137740,44728,72,4
137740,4510,19,1
137740,4599b,15,2
137740,4733,72,1
137740,50950,0,10
137740,50950,19,2
137740,52031,85,1
137740,54200,46,4
137740,54200,36,4
137740,54200,0,10
137740,54200,25,1
137740,54200,85,1
137740,54200,47,2
137740,55706,0,2
137740,55981,71,4
137740,55981,14,4
137740,57895,40,2
137740,58090,0,4
137740,58176,182,2
137740,59900,297,4
137740,59900,182,2
137740,59900,4,2
137740,6004472,9999,1
137740,6019,0,2
137740,60471,0,2
137740,60474,0,1
137740,60596,0,3
137740,60797c02,0,1
137740,61072,179,1
137740,61184,71,4
137740,6140,0,1
137740,61409,0,6
137740,6141,36,1
137740,6141,47,2
137740,6141,80,1
137740,6141,297,1
137740,61482,71,1
137740,61485,0,1
137740,62113,0,1
137740,62361,0,4
137740,64728,4,1
137740,6541,72,3
137740,6564,0,1
137740,6565,0,1
137740,6587,28,1
137740,6632,72,1
137740,6632,14,2
137740,6636,0,3
137740,6636,71,2
137740,73983,71,2
137740,74815,9999,1
137740,85940,0,2
137740,85959pat0001,36,2
137740,85984,0,9
137740,87079,0,1
137740,87552,40,1
137740,87552,71,3
137740,92280,4,2
137740,92579,40,1
137740,92583,40,1
137740,92585,4,1
137740,92946,19,2
137740,92950,19,1
137740,93274,4,1
137740,96874,25,1
137740,98138pr0007,179,1
137740,98282,85,2
137740,98282,25,2
137740,98721,0,1
137864,11211,14,2
137864,11211,28,2
137864,11477,27,2
137864,11833,47,2
137864,15208,15,2
137864,15573,15,2
137864,15573,191,1
137864,15712,1,1
137864,18674,15,2
137864,22885,15,1
137864,22885,14,1
137864,23443,320,2
137864,2357,1,4
137864,23986,15,1
137864,2412b,36,3
137864,2423,2,3
137864,25269,0,1
137864,2654,182,2
137864,2654,33,2
137864,28621,35,1
137864,298c02,4,1
137864,3001,4,2
137864,3001,14,3
137864,3001,191,2
137864,3001,3,2
137864,3001,71,4
137864,3001,1,2
137864,3001,27,2
137864,3002,70,2
137864,3002,15,1
137864,3003,320,2
137864,3003,29,2
137864,3003,1,2
137864,3003,70,2
137864,3003,27,3
137864,3003,15,2
137864,3003,25,2
137864,3004,25,2
137864,3004,27,2
137864,3004,3,2
137864,3004,321,2
137864,3005,2,1
137864,3005,4,2
137864,3005,129,5
137864,3005,182,4
137864,3005,27,2
137864,3005,484,2
137864,3008,4,2
137864,3009,2,2
137864,3009,26,2
137864,3010,26,2
137864,3010,226,2
137864,30136,15,2
137864,30136,70,4
137864,30145,70,2
137864,30165,27,1
137864,3020,27,2
137864,3020,70,3
137864,3020,4,2
137864,3020,30,2
137864,3020,320,1
137864,3020,28,1
137864,3020,0,3
137864,3021,4,1
137864,3021,29,1
137864,3022,29,1
137864,3022,25,1
137864,3022,70,2
137864,3022,15,2
137864,3022,1,2
137864,3022,14,2
137864,3023,47,1
137864,3023,0,2
137864,3023,191,1
137864,3023,1,2
137864,3023,288,2
137864,3023,71,2
137864,3023,46,2
137864,3023,25,1
137864,3023,4,2
137864,3023,41,4
137864,3023,73,2
137864,3023,27,2
137864,3023,33,1
137864,3023,45,3
137864,3023,182,2
137864,3023,36,1
137864,30236,0,1
137864,3032,320,1
137864,3032,2,1
137864,3035,19,1
137864,3037,4,2
137864,3039,14,2
137864,3039,47,3
137864,3039,72,2
137864,3039,19,1
137864,3039,70,2
137864,3039,52,2
137864,3039,33,4
137864,3039,41,4
137864,3040b,484,2
137864,3040b,0,2
137864,3040b,182,16
137864,3040b,14,2
137864,30503,2,1
137864,30602,47,1
137864,3062b,33,3
137864,3062b,46,2
137864,3062b,70,2
137864,3062b,47,2
137864,3062b,34,2
137864,3062b,72,2
137864,3062b,484,2
137864,3062b,36,3
137864,3062b,308,2
137864,3065,47,2
137864,3065,33,2
137864,3065,35,2
137864,3065,45,2
137864,3065,36,3
137864,3065,46,2
137864,3066,40,2
137864,3068b,15,1
137864,3245c,321,2
137864,3245c,4,2
137864,32607,10,1
137864,33121,191,1
137864,33320,2,1
137864,34337,15,4
137864,35480,27,1
137864,3622,191,2
137864,3623,191,2
137864,3659,15,4
137864,3660,14,2
137864,3660,26,3
137864,3665,25,2
137864,3666,191,2
137864,3678b,320,2
137864,3678b,27,2
137864,3700,14,1
137864,3700,15,3
137864,3710,14,1
137864,3795,2,1
137864,3795,191,1
137864,3795,15,1
137864,3795,1,2
137864,3899,47,1
137864,3941,45,3
137864,3941,182,2
137864,3941,35,2
137864,3941,47,2
137864,4032a,19,2
137864,4032a,322,2
137864,4070,47,6
137864,42022,41,2
137864,4274,1,2
137864,4286,191,2
137864,4345b,4,1
137864,4345b,15,1
137864,4346,47,2
137864,43898,47,1
137864,43898,36,1
137864,43898,41,1
137864,4460b,15,2
137864,4460b,1,2
137864,44728,2,2
137864,4600,71,2
137864,4733,27,2
137864,4740,41,2
137864,4740,129,3
137864,4740,36,2
137864,47905,0,1
137864,48336,19,2
137864,48729b,71,2
137864,49668,15,2
137864,49668,191,2
137864,50950,191,2
137864,51739,25,1
137864,54200,4,2
137864,54200,41,5
137864,54200,45,2
137864,54200,27,3
137864,54200,33,2
137864,54200,34,3
137864,54200,182,2
137864,54200,46,2
137864,54200,36,4
137864,59900,70,2
137864,59900,2,2
137864,59900,46,2
137864,59900,52,2
137864,59900,129,1
137864,59900,297,4
137864,60474,28,1
137864,60474,322,1
137864,60475b,1,2
137864,60475b,4,2
137864,60476,0,1
137864,60478,15,1
137864,60478,70,2
137864,60481,85,1
137864,60897,14,2
137864,6091,27,4
137864,6091,14,2
137864,61252,19,2
137864,6126b,41,2
137864,6141,45,2
137864,6141,0,2
137864,6141,36,3
137864,6141,29,2
137864,6141,10,2
137864,6141,1,2
137864,6141,15,2
137864,6141,70,2
137864,6141,47,2
137864,6141,34,2
137864,6215,15,1
137864,6223,36,2
137864,6223,34,2
137864,6223,47,2
137864,6223,33,2
137864,64647,182,3
137864,85861,182,1
137864,85861,14,1
137864,85984,10,2
137864,85984,25,1
137864,85984,70,2
137864,87087,5,2
137864,87414,0,4
137864,87580,25,1
137864,89522,297,1
137864,96874,3,1
137864,98138,84,2
137864,98138pr0008,15,11
137864,98138pr0026,15,2
137864,98138pr0082,15,5
137864,98138pr0083,15,2
137864,98262,4,2
137864,98262,14,2
137864,99781,27,1
138011,2340,4,2
138011,2357,4,16
138011,2357,71,4
138011,2412b,0,21
138011,2412b,71,2
138011,2420,72,2
138011,2420,4,6
138011,2420,71,6
138011,2431,4,5
138011,2431,71,2
138011,2432,4,2
138011,2434,0,3
138011,2444,0,1
138011,2445,72,2
138011,2447,40,1
138011,2456,72,7
138011,2460,15,6
138011,2465,4,6
138011,2495,4,1
138011,2496,0,1
138011,2555,0,2
138011,2780,0,8
138011,2994,0,4
138011,3001,4,13
138011,3001,72,3
138011,3002,4,2
138011,3002,1,4
138011,3002,71,2
138011,30029,0,1
138011,3003,4,6
138011,3004,4,16
138011,3004,0,1
138011,3004,71,2
138011,3006,4,5
138011,3008,71,3
138011,3008,4,5
138011,3009,4,5
138011,3010,4,10
138011,3010,0,3
138011,30157,71,3
138011,30183,15,1
138011,3020,0,7
138011,3020,4,5
138011,3020,71,2
138011,3020,72,2
138011,3021,4,2
138011,3021,72,1
138011,3021,71,2
138011,3022,72,2
138011,3022,4,2
138011,3022,1,4
138011,3023,72,2
138011,3023,0,2
138011,3023,71,6
138011,3023,4,6
138011,3023,36,2
138011,3024,4,6
138011,30285,71,12
138011,3031,0,2
138011,3031,4,2
138011,3032,4,1
138011,3032,14,2
138011,3034,4,7
138011,3034,71,2
138011,3035,4,4
138011,30357,4,10
138011,3036,4,1
138011,3040b,4,2
138011,30414,1,3
138011,30414,4,17
138011,30540,0,2
138011,30602,4,4
138011,3062b,14,2
138011,3063b,4,12
138011,30648,0,12
138011,30663,0,1
138011,3068b,15,2
138011,3068b,71,27
138011,3068b,4,4
138011,3069b,4,2
138011,3069b,0,4
138011,3069b,71,4
138011,3069bpr0085,15,2
138011,3070b,4,4
138011,32001,71,3
138011,32013,0,2
138011,32028,71,4
138011,32056,0,2
138011,32123a,71,9
138011,32316,0,4
138011,3245b,4,2
138011,32523,0,4
138011,32530,4,2
138011,33299a,0,1
138011,3460,71,8
138011,3460,0,1
138011,3460,4,8
138011,3622,4,6
138011,3623,71,4
138011,3623,4,8
138011,3660,0,2
138011,3660,71,4
138011,3666,71,2
138011,3666,4,8
138011,3666,72,1
138011,3700,0,1
138011,3701,0,6
138011,3702,4,4
138011,3703,0,2
138011,3705,0,1
138011,3707,0,2
138011,3709,14,3
138011,3710,4,4
138011,3710,71,5
138011,3710,72,1
138011,3710,1,3
138011,3713,71,2
138011,3737,0,1
138011,3738,14,2
138011,3747b,4,2
138011,3749,19,2
138011,3794a,4,8
138011,3794a,72,7
138011,3794a,14,2
138011,3795,71,2
138011,3795,0,4
138011,3795,15,1
138011,3795,4,8
138011,3795,14,6
138011,3829c01,15,1
138011,3832,0,6
138011,3839b,0,2
138011,3937,4,2
138011,3938,0,2
138011,3939,4,1
138011,4070,0,2
138011,4070,4,2
138011,4079,0,2
138011,4083,0,3
138011,41539,71,1
138011,4162,15,1
138011,4162,4,4
138011,4204,72,2
138011,42446,72,2
138011,4274,71,4
138011,4282,4,4
138011,4282,72,2
138011,43093,1,2
138011,43337,4,1
138011,43719,4,3
138011,43722,72,1
138011,43722,4,1
138011,43723,72,1
138011,43723,4,1
138011,44126,4,3
138011,44301a,4,4
138011,44302a,0,2
138011,44302a,4,4
138011,4449,4,2
138011,4449,14,1
138011,44567a,0,2
138011,44728,4,2
138011,4477,71,14
138011,4477,4,1
138011,4510,4,1
138011,4515,4,1
138011,4532,71,2
138011,4532,4,4
138011,4533,71,2
138011,4533,0,4
138011,4589,71,2
138011,4599a,0,2
138011,4600,71,4
138011,4624,71,8
138011,47720,0,2
138011,47759,0,1
138011,48288,4,6
138011,4864b,4,2
138011,4864b,0,2
138011,4865a,4,4
138011,4873,0,2
138011,50373,4,1
138011,50950,4,6
138011,53315,9999,1
138011,53316,9999,1
138011,54200,182,2
138011,54200,47,4
138011,54200,36,4
138011,55295,0,1
138011,55296,0,1
138011,55297,0,1
138011,55298,0,1
138011,55299,0,1
138011,55300,0,1
138011,59349,0,1
138011,6081,4,22
138011,6081,0,2
138011,6091,71,4
138011,6091,4,2
138011,6111,4,2
138011,6112,4,1
138011,6141,36,1
138011,6141,71,4
138011,6180,0,4
138011,6183,71,2
138011,6215,71,4
138011,6215,4,2
138011,6232,72,2
138011,6536,71,1
138011,6541,4,6
138011,6553,71,2
138011,6578,0,4
138011,6587,72,1
138011,6636,4,4
138011,6636,71,4
138011,76385,4,2
138212,10197,0,5
138212,10928,72,2
138212,11153,0,2
138212,11212,0,2
138212,11214,4,68
138212,11214,72,1
138212,11458,0,2
138212,11477,4,2
138212,11478,71,16
138212,11478,0,6
138212,11478,4,4
138212,11946,1,2
138212,11946,4,7
138212,11946,0,11
138212,11947,1,2
138212,11947,0,10
138212,11947,4,7
138212,11954,0,4
138212,14720,71,7
138212,15458,4,2
138212,15458,0,4
138212,15462,70,22
138212,15573,71,7
138212,15573,4,2
138212,15573,0,1
138212,18651,0,30
138212,18654,1,12
138212,18654,4,26
138212,18654,71,5
138212,18654,0,21
138212,18677,0,2
138212,18677,4,4
138212,18944,4,2
138212,18944,0,2
138212,18946,4,14
138212,18947,72,5
138212,18948,15,1
138212,22961,1,10
138212,22961,4,6
138212,22961,0,4
138212,24119,4,3
138212,24119pr0001,4,1
138212,2431,4,4
138212,2431,72,2
138212,24316,70,20
138212,2431pr0182,0,1
138212,2431pr0184,0,1
138212,2445,0,2
138212,2540,0,4
138212,26603,71,2
138212,26603,4,1
138212,2736,71,9
138212,2741,0,1
138212,27507,4,18
138212,27507,40,2
138212,27940,0,4
138212,27940,72,1
138212,2825,4,2
138212,2825,71,15
138212,2850b,71,12
138212,2851,14,12
138212,2852,71,12
138212,2853,14,2
138212,2854,19,5
138212,3020,0,6
138212,3021,0,1
138212,3022,0,8
138212,3023,0,10
138212,3023,14,2
138212,3024,4,2
138212,3031,0,6
138212,30357,4,4
138212,30374,36,4
138212,3068b,4,2
138212,3069b,71,2
138212,3069b,40,13
138212,3069bpr0355,0,2
138212,3070b,0,3
138212,3070b,40,2
138212,32000,0,2
138212,32002,19,4
138212,32005a,0,4
138212,32009,1,4
138212,32009,0,3
138212,32013,71,7
138212,32013,0,18
138212,32013,4,10
138212,32014,71,2
138212,32015,0,4
138212,32016,1,8
138212,32016,0,4
138212,32017,14,4
138212,32034,14,6
138212,32034,4,2
138212,32034,0,12
138212,32034,71,7
138212,32056,0,16
138212,32056,71,4
138212,32062,4,99
138212,32063,71,4
138212,32063,0,8
138212,32064a,71,1
138212,32064a,0,2
138212,32072,14,7
138212,32073,71,31
138212,32123b,14,4
138212,32123b,71,30
138212,32140,0,35
138212,32140,4,15
138212,32140,71,2
138212,32184,15,1
138212,32184,4,5
138212,32192,71,2
138212,32200,4,2
138212,32202,0,4
138212,32278,71,7
138212,32278,4,8
138212,32278,0,16
138212,32291,0,2
138212,32291,71,2
138212,32316,4,8
138212,32316,0,20
138212,32316,71,5
138212,32316,72,9
138212,32316,1,1
138212,32316pr0001,1,2
138212,32333,71,2
138212,32348,4,2
138212,32449,71,4
138212,32449,72,4
138212,32449,0,24
138212,32494,71,4
138212,32523,4,17
138212,32523,27,1
138212,32523,0,13
138212,32523,1,6
138212,32523,14,2
138212,32523,71,12
138212,32524,0,36
138212,32524,4,19
138212,32525,4,2
138212,32525,0,14
138212,32525,71,3
138212,32526,0,29
138212,32526,71,29
138212,32526,4,8
138212,32557,0,2
138212,32580,4,4
138212,34103,4,6
138212,3460,0,2
138212,35044,0,18
138212,35185,1,2
138212,35186,14,1
138212,35188,25,2
138212,35189,72,4
138212,3623,0,9
138212,3648b,72,1
138212,3673,71,5
138212,3678b,0,2
138212,3701,4,2
138212,3705,4,24
138212,3705,0,2
138212,3706,0,20
138212,3707,4,3
138212,3708,0,2
138212,3710,0,6
138212,3713,71,39
138212,3713,4,6
138212,3737,0,2
138212,3749,19,10
138212,39790,0,3
138212,39794,0,4
138212,39888,19,4
138212,4032a,4,2
138212,40490,71,5
138212,40490,0,31
138212,40490,4,11
138212,41239,0,11
138212,41239,71,6
138212,41239,4,2
138212,4162,0,6
138212,41677,1,4
138212,41677,4,22
138212,41677,0,10
138212,42003,14,8
138212,42003,4,10
138212,42003,0,10
138212,42135,4,4
138212,42135,72,6
138212,42195,0,7
138212,42195,71,1
138212,42195,4,14
138212,42610,71,5
138212,42924,1,359
138212,43093,1,142
138212,43857,0,2
138212,43857,4,15
138212,44294,14,16
138212,44874,4,9
138212,4519,14,67
138212,45590,0,3
138212,48267,0,4
138212,48267,4,2
138212,4865b,71,2
138212,48729b,0,3
138212,49130,4,2
138212,49130,71,2
138212,51149,4,1
138212,52730,72,3
138212,52731,71,3
138212,55013,72,2
138212,59426,72,5
138212,59443,0,17
138212,59443,14,20
138212,59443,4,6
138212,6003,0,2
138212,60479,0,1
138212,60483,1,42
138212,60483,0,11
138212,60483,71,19
138212,60483,27,7
138212,60484,71,2
138212,60484,0,12
138212,60485,71,3
138212,60581,47,2
138212,61332,0,607
138212,61408,0,2
138212,6141,14,2
138212,6141,0,4
138212,6141,71,3
138212,61903,71,5
138212,6231,71,2
138212,62462,4,6
138212,62462,1,6
138212,62462,0,8
138212,62531,0,2
138212,63864,0,4
138212,63864,4,3
138212,63869,0,14
138212,63869,4,17
138212,64179,71,1
138212,64179,0,13
138212,64391,4,1
138212,64392,4,2
138212,64393,4,2
138212,64394,4,3
138212,64680,4,3
138212,64681,4,2
138212,64682,4,2
138212,64683,4,1
138212,64782,0,3
138212,65304,0,45
138212,65304,4,2
138212,65304,71,2
138212,65304,25,49
138212,6536,71,16
138212,6536,1,5
138212,6536,0,36
138212,6536,4,6
138212,6541,0,1
138212,65414,71,1
138212,65487,4,49
138212,65487,71,4
138212,65487,0,21
138212,65489,71,3
138212,65509,4,8
138212,65509,72,14
138212,65766,0,4
138212,6587,28,4
138212,6589,19,5
138212,6629,0,2
138212,6632,0,2
138212,6632,71,12
138212,6632,4,30
138212,6636,4,2
138212,66906,4,9
138212,67141,4,2
138212,67142,4,3
138212,67491,0,2
138212,68196,4,1
138212,69729,4,8
138212,69761,14,1
138212,69762,14,2
138212,69778,1,8
138212,69779,321,7
138212,69819,0,3
138212,69819,4,8
138212,71682,4,16
138212,71682,71,4
138212,71682,1,2
138212,71682,0,6
138212,71682pr0005,4,1
138212,71682pr0006,0,2
138212,71682pr0007,4,1
138212,71682pr0008,4,1
138212,71708,0,10
138212,71708,4,10
138212,71710,0,7
138212,73389,80,2
138212,73398,80,2
138212,73507,71,2
138212,73507,0,11
138212,73825,71,4
138212,73825,0,1
138212,75c09,15,2
138212,75c20,4,1
138212,77765,71,14
138212,78329,15,1
138212,79389,0,1
138212,79717c02,71,4
138212,80267,4,1
138212,80267pr0001,4,1
138212,80268,4,1
138212,80268pr0001,4,1
138212,80274,4,5
138212,80274,0,1
138212,80278,4,5
138212,80278,0,1
138212,80279,0,4
138212,80284,4,2
138212,80285,4,12
138212,80285,0,6
138212,80286,4,4
138212,80286,0,2
138212,85543,15,2
138212,85546,14,1
138212,87080,0,1
138212,87080,4,2
138212,87083,72,22
138212,87086,0,1
138212,87086,4,2
138212,87580,4,7
138212,87761,0,1
138212,87994,10,4
138212,89678,4,50
138212,89679,0,10
138212,89679,4,4
138212,89679pr0002,4,1
138212,90498pr0014,0,1
138212,91988,0,1
138212,92906,72,2
138212,93273pr0020,0,4
138212,93609,72,8
138212,94925,71,11
138212,98138,0,5
138212,98138,4,4
138212,98138pr0323,14,5
138212,99008,19,4
138212,99207,71,2
138212,99773,71,2
138254,2412b,72,3
138254,2412b,4,3
138254,2412b,15,2
138254,2412b,71,3
138254,2421,0,1
138254,2431,1,4
138254,2435,2,2
138254,2436,15,1
138254,2437,41,1
138254,2445,15,5
138254,2453a,15,6
138254,2454a,15,7
138254,2454a,4,6
138254,2460,72,1
138254,2479,0,1
138254,2540,71,2
138254,2555,4,6
138254,2569,0,2
138254,2877,0,2
138254,3001,15,6
138254,3002,15,1
138254,3003,15,2
138254,30035,0,1
138254,3004,1,4
138254,3004,15,12
138254,3004,72,2
138254,3004,4,5
138254,3005,15,11
138254,3009,15,6
138254,3010,4,7
138254,3010,72,1
138254,3010,15,1
138254,30134,0,1
138254,30145,15,8
138254,30179,4,2
138254,30194,72,1
138254,3020,4,2
138254,3020,72,4
138254,3022,0,1
138254,3022,72,1
138254,3022,4,1
138254,3023,4,1
138254,3023,72,1
138254,3023,15,9
138254,3023,33,6
138254,3023,46,1
138254,30236,72,1
138254,3024,46,5
138254,3024,36,3
138254,3024,34,1
138254,30248,0,1
138254,30251,41,1
138254,3028,15,3
138254,3029,15,1
138254,3030,72,2
138254,3032,72,1
138254,3034,15,2
138254,30365,4,4
138254,30383,0,1
138254,3039,4,1
138254,3040b,1,2
138254,3040bpr0003,71,1
138254,30552,0,4
138254,3062b,34,1
138254,3068b,15,1
138254,3068bpr0137,15,1
138254,3069b,1,2
138254,3069bpr0030,15,1
138254,3069bpr0070,0,1
138254,3070bpr0007,71,1
138254,3460,0,2
138254,3460,4,2
138254,3622,15,1
138254,3622,1,2
138254,3623,15,4
138254,3660,15,2
138254,3660,72,1
138254,3710,4,2
138254,3710,15,5
138254,3741,2,2
138254,3742,4,6
138254,3754,15,2
138254,3788,15,1
138254,3794a,4,1
138254,3795,1,1
138254,3795,71,1
138254,3795,15,2
138254,3829c01,1,1
138254,3832,72,2
138254,3899,4,2
138254,3937,71,1
138254,3938,0,1
138254,3939,41,4
138254,3941,71,2
138254,3958,72,1
138254,3963,71,1
138254,4070,15,2
138254,4079,1,1
138254,4081b,15,2
138254,4085c,4,4
138254,4151a,72,1
138254,41539,72,1
138254,4162,72,1
138254,41855,15,1
138254,42022,4,4
138254,4211,15,1
138254,4215b,15,1
138254,43337,15,2
138254,4345b,4,1
138254,4346,15,1
138254,43723,71,1
138254,43898,0,1
138254,43898,47,1
138254,44126,15,1
138254,44302a,0,1
138254,4449,71,1
138254,44661,15,1
138254,4476b,15,9
138254,4488,71,1
138254,45464stk,9999,1
138254,4589,72,2
138254,4599a,71,3
138254,4714,15,1
138254,4715,15,2
138254,4735,71,2
138254,4740,36,2
138254,48183,15,1
138254,48288,72,2
138254,48336,0,2
138254,4865a,15,2
138254,48729a,72,1
138254,50373,4,1
138254,51542,71,1
138254,51739,15,1
138254,54200,33,8
138254,54200,36,2
138254,57894,4,5
138254,57895,41,5
138254,6014b,15,4
138254,6015,0,4
138254,6019,15,8
138254,6064,2,1
138254,6087,71,1
138254,6112,15,1
138254,6117,72,1
138254,6141,36,4
138254,6157,0,2
138254,63965,0,2
138254,75c10,0,5
138254,76041c01,4,2
138313,10100764,15,1
138313,11214,72,4
138313,11215,71,2
138313,11477,320,2
138313,15068,15,3
138313,15535,320,2
138313,15573,320,4
138313,15712,71,1
138313,17485,71,2
138313,17485,15,2
138313,18677,0,6
138313,18677,15,4
138313,22385,15,1
138313,22885,71,1
138313,2412b,0,2
138313,2420,15,2
138313,2431,320,1
138313,2431,27,1
138313,2431,15,2
138313,2432,0,1
138313,25269,14,2
138313,26047,71,1
138313,2654,46,2
138313,26603,15,2
138313,27925,320,2
138313,29119,15,1
138313,29120,15,1
138313,3004,15,1
138313,3020,320,2
138313,3020,71,2
138313,3021,71,1
138313,3021,72,1
138313,3021,0,2
138313,3022,320,4
138313,3022,71,5
138313,3022,15,3
138313,3023,71,2
138313,3023,320,4
138313,3023,15,8
138313,3024,15,4
138313,3024,0,2
138313,3024,320,4
138313,3031,0,2
138313,3035,15,1
138313,30374,41,1
138313,3068b,320,1
138313,3069b,15,5
138313,3069b,320,4
138313,3070b,15,2
138313,32016,0,4
138313,32062,0,4
138313,32803,15,1
138313,33909,0,1
138313,35787,320,4
138313,3623,320,2
138313,3623,0,2
138313,3623,15,4
138313,3666,15,4
138313,3679,71,1
138313,3680,0,1
138313,3705,0,2
138313,3710,15,5
138313,3795,15,2
138313,3795,0,2
138313,3795,320,5
138313,3832,15,4
138313,4032a,15,4
138313,4032a,72,4
138313,4032a,0,1
138313,4162,320,2
138313,41740,0,2
138313,41769,320,1
138313,41770,320,1
138313,42924,1,2
138313,43712,15,1
138313,43722,320,2
138313,43723,320,2
138313,44300,0,1
138313,44861,15,2
138313,4740,72,1
138313,50304,0,1
138313,50305,0,1
138313,50340,0,1
138313,54200,320,3
138313,54383,320,2
138313,54383,15,1
138313,54384,15,1
138313,54384,320,2
138313,54662,0,1
138313,59276,70,1
138313,60479,15,2
138313,60481,320,1
138313,61252,15,2
138313,61252,0,1
138313,61332,0,2
138313,6141,35,4
138313,6179,15,2
138313,63864,320,4
138313,64567,80,1
138313,65426,27,1
138313,65426,15,3
138313,65429,15,3
138313,65429,27,1
138313,6636,15,2
138313,68568,320,2
138313,69729,15,3
138313,69754,1103,2
138313,69755,72,2
138313,73230,71,8
138313,76959,0,2
138313,79389,71,4
138313,80177,15,1
138313,80178,15,1
138313,85984pr0006,72,1
138313,87580,71,1
138313,87752,47,1
138313,90194,15,2
138313,92947,72,2
138313,99207,15,4
138313,99781,71,2
138315,11211,4,1
138315,11476,0,2
138315,11476,19,2
138315,11477,70,2
138315,11477,484,5
138315,11477,0,2
138315,11477,320,2
138315,14719,484,2
138315,15068,484,2
138315,15068,70,3
138315,15068,0,10
138315,15571,0,1
138315,15573,0,1
138315,15573,308,1
138315,22885,71,13
138315,22885,19,8
138315,2420,0,4
138315,2431,0,2
138315,2431,484,1
138315,2431pr0128,0,1
138315,25269,70,2
138315,26603,0,2
138315,26603,70,4
138315,29119,70,1
138315,29120,70,1
138315,3001,0,1
138315,3003,29,2
138315,3003,2,1
138315,3004,0,2
138315,3005,0,4
138315,3010,0,1
138315,3020,484,3
138315,3020,28,2
138315,3020,70,2
138315,3020,19,1
138315,3020,308,2
138315,3020,0,3
138315,3021,0,2
138315,3022,0,2
138315,3022,70,2
138315,3022,320,2
138315,3022,484,1
138315,3023,484,7
138315,3023,308,4
138315,3023,15,4
138315,3023,0,7
138315,3023,19,2
138315,3023,71,2
138315,3024,28,2
138315,3024,72,4
138315,3024,484,3
138315,3031,0,1
138315,30374,41,1
138315,30374,36,1
138315,3068b,70,1
138315,3069b,0,2
138315,3069bpr0360,0,1
138315,3070b,71,1
138315,3070b,19,2
138315,3070b,484,2
138315,3176,0,1
138315,32028,484,2
138315,32028,0,8
138315,32028,70,2
138315,32952,70,6
138315,35787pr0001,0,1
138315,3623,0,2
138315,36841,0,2
138315,3710,0,4
138315,3710,19,1
138315,3710,71,2
138315,3710,484,1
138315,3710,70,4
138315,3941,4,1
138315,3941,0,2
138315,3958,0,2
138315,4032a,72,3
138315,4032a,4,2
138315,41682,19,1
138315,41740,19,1
138315,41740,0,3
138315,44567b,0,1
138315,44728,0,4
138315,54200,72,4
138315,54200,70,2
138315,54200,28,4
138315,54200,0,4
138315,54200,484,4
138315,63864,70,2
138315,63864,0,2
138315,64567,80,2
138315,85984,19,2
138315,87079,19,1
138315,87079,0,5
138315,87079,484,3
138315,88930,0,1
138315,88930pr0015,0,1
138315,98138pr0060,0,2
138315,99206,0,3
138315,99206,70,1
138315,99207,0,1
138315,99780,28,2
138315,99780,15,1
138315,99781,72,1
138315,99781,15,1
138317,10100766,9999,1
138317,10187,297,2
138317,11153,0,2
138317,11212,326,2
138317,11212,0,6
138317,11214,4,2
138317,11253,0,2
138317,11476,0,1
138317,11477,0,2
138317,14418,71,4
138317,14716,0,2
138317,15068,28,4
138317,15303,35,4
138317,15400,72,2
138317,15535,72,2
138317,15540,72,5
138317,15571,72,5
138317,15573,72,2
138317,15712,72,6
138317,18654,4,1
138317,18674,71,2
138317,1927,0,8
138317,1927,71,8
138317,2013pr0001,71,1
138317,20482,0,8
138317,22388,28,1
138317,22391,0,2
138317,22885,15,12
138317,22890,72,4
138317,2357,19,2
138317,23949,72,2
138317,23969,0,2
138317,2412b,70,3
138317,2412b,0,4
138317,2412b,179,7
138317,2431,0,1
138317,2432,0,2
138317,2445,72,4
138317,2456,4,1
138317,2462,72,2
138317,2465,0,2
138317,2476a,28,4
138317,2654,0,4
138317,26599,0,2
138317,26603,72,3
138317,26603,0,2
138317,27263,0,6
138317,2730,71,2
138317,2821,71,2
138317,2877,0,10
138317,3001,0,4
138317,3001,15,5
138317,3001,72,4
138317,3002,0,2
138317,3003,72,3
138317,3003,71,2
138317,3003,0,2
138317,3004,28,6
138317,3005,72,2
138317,3005,2,1
138317,3006,0,4
138317,3007,72,3
138317,3008,72,16
138317,3009,72,2
138317,3009,0,1
138317,3010,4,1
138317,30162,0,2
138317,30166,72,1
138317,3020,0,7
138317,3021,0,2
138317,3021,71,4
138317,3021,2,2
138317,3022,25,1
138317,3022,0,3
138317,3023,71,29
138317,3024,27,1
138317,3024,36,18
138317,30249,72,2
138317,3028,71,1
138317,3029,72,2
138317,3030,0,1
138317,3031,72,2
138317,3032,0,6
138317,3033,72,2
138317,3034,72,5
138317,3034,0,1
138317,3035,0,4
138317,30355,72,1
138317,30356,72,1
138317,3036,72,2
138317,3036,0,3
138317,30363,72,5
138317,3037,72,4
138317,30374,0,4
138317,30383,71,4
138317,3039,0,4
138317,3039,72,1
138317,3040b,72,2
138317,3040b,0,2
138317,3040b,70,2
138317,3045,0,2
138317,3049d,72,2
138317,3062b,34,8
138317,3068b,0,1
138317,3176,0,2
138317,32001,0,6
138317,32002,19,4
138317,32017,71,2
138317,32018,0,2
138317,32028,72,4
138317,32028,28,4
138317,32059,0,3
138317,32062,0,2
138317,32069,0,2
138317,32072,14,4
138317,32072,0,4
138317,32124,70,4
138317,32140,71,3
138317,32278,72,1
138317,3245c,72,4
138317,32524,0,2
138317,32525,71,2
138317,32531,0,2
138317,32828,0,4
138317,32952,0,6
138317,3297,4,1
138317,3298,72,6
138317,33492,72,4
138317,34103,19,2
138317,3460,0,8
138317,35186,0,2
138317,35464,71,2
138317,35480,0,4
138317,35787,0,10
138317,3622,70,10
138317,3622,72,2
138317,3623,2,4
138317,3623,379,6
138317,3623,0,2
138317,3659,4,2
138317,3660,72,14
138317,3665,1,2
138317,3665,72,8
138317,3666,72,7
138317,3666,0,4
138317,3673,71,2
138317,37,72,2
138317,3700,19,2
138317,3701,0,10
138317,3702,4,2
138317,3703,71,9
138317,3707,4,1
138317,3710,0,5
138317,3743,0,8
138317,3747b,72,3
138317,3832,0,5
138317,3894,1,2
138317,3895,72,2
138317,3941,0,4
138317,3958,72,2
138317,4032a,71,12
138317,41239,0,1
138317,4162,72,4
138317,4162,0,3
138317,41682,70,1
138317,41740,70,1
138317,42022,0,2
138317,4274,15,2
138317,4282,72,5
138317,42924,1,9
138317,43093,1,5
138317,43710,72,2
138317,43710,0,1
138317,43711,0,1
138317,43711,72,2
138317,43898,41,4
138317,44225,71,2
138317,4445,0,2
138317,4449,70,1
138317,44567b,71,2
138317,4477,71,4
138317,44861,0,4
138317,44874,0,2
138317,46212,40,1
138317,47397,72,2
138317,47397,0,1
138317,47398,0,1
138317,47398,72,2
138317,4740,41,2
138317,47457,71,1
138317,47759,72,2
138317,47905,19,1
138317,48205,0,2
138317,48205,72,3
138317,48208,0,2
138317,48208,72,3
138317,48336,0,2
138317,50304,72,2
138317,50305,72,2
138317,53540,15,2
138317,54200,72,2
138317,54200,33,2
138317,54200,0,2
138317,54383,0,1
138317,54383,72,2
138317,54384,72,2
138317,54384,0,1
138317,54657,72,2
138317,55981,0,2
138317,57360,0,4
138317,58181,40,2
138317,59349,36,1
138317,59426,72,2
138317,59443,14,2
138317,59900,71,2
138317,59900,0,4
138317,60474,72,1
138317,60478,0,1
138317,60479,0,14
138317,60479,72,2
138317,60483,27,1
138317,60485,71,2
138317,60581,4,2
138317,6112,72,2
138317,61252,71,2
138317,61332,0,28
138317,61409,0,8
138317,6141,80,2
138317,6141,297,1
138317,6141,41,4
138317,61482,71,1
138317,6179,0,2
138317,6180,71,6
138317,6180,72,2
138317,63864,0,2
138317,63864,379,3
138317,63965,0,2
138317,64567,80,1
138317,65098,0,2
138317,65249,15,2
138317,6553,72,1
138317,65886,72,2
138317,66252,72,2
138317,66252,0,2
138317,6632,72,6
138317,6636,0,3
138317,6636,72,3
138317,68568,0,2
138317,69729,72,8
138317,69729,0,1
138317,69857,0,1
138317,72454,72,3
138317,73111,71,4
138317,77765,71,4
138317,78256,19,2
138317,78329,71,6
138317,78443,0,1
138317,78444,0,1
138317,79389,0,4
138317,80563,72,2
138317,85975,297,1
138317,85984,0,4
138317,85984,72,47
138317,85984pr0006,72,2
138317,86876,71,6
138317,87079,72,1
138317,87087,4,2
138317,87618,0,2
138317,88283,0,1
138317,88646,71,1
138317,89678,4,16
138317,92099,72,5
138317,92438,0,1
138317,92584,72,2
138317,92738,0,3
138317,92947,0,2
138317,93095,70,1
138317,96874,25,1
138317,98138,36,6
138317,98138pr0010,179,2
138317,98283,72,4
138317,99206,19,4
138317,99563,1103,4
138317,99780,71,1
138317,99781,72,2
138319,10103823,9999,1
138319,10202,71,14
138319,10247,0,6
138319,11203,15,2
138319,11203,71,34
138319,11211,71,8
138319,11211,0,4
138319,11211,19,30
138319,11211,4,3
138319,11212,71,33
138319,11212,72,13
138319,11212,2,2
138319,11213,15,6
138319,11213,71,2
138319,11253,71,16
138319,11458,71,8
138319,11476,71,6
138319,11476,84,7
138319,11477,72,20
138319,11477,71,19
138319,11477,378,2
138319,13548,72,2
138319,14417,72,13
138319,14418,71,6
138319,14696,71,158
138319,14704,71,12
138319,14716,71,4
138319,14716,0,2
138319,14718,72,3
138319,14719,72,4
138319,14719,71,12
138319,14719,0,10
138319,14720,71,6
138319,15068,71,14
138319,15068,72,6
138319,15068,14,2
138319,15207,71,8
138319,15332,71,2
138319,15456,71,2
138319,15535,72,2
138319,15573,0,8
138319,15573,71,40
138319,15573,28,5
138319,15573,2,28
138319,15573,484,4
138319,15712,71,1
138319,15712,72,30
138319,15712,0,8
138319,1748,71,1
138319,1751,71,19
138319,18646,72,4
138319,18646,15,2
138319,18649,71,4
138319,18654,4,2
138319,18677,71,6
138319,18677,72,4
138319,18980,71,1
138319,18980,320,2
138319,1927,71,14
138319,1927,0,6
138319,20482,71,11
138319,20482,72,26
138319,20482,15,4
138319,22484,72,1
138319,22885,0,3
138319,22885,15,34
138319,22885,71,4
138319,22886,71,2
138319,22889,72,1
138319,22890,72,5
138319,23443,1,1
138319,23443,71,6
138319,2357,15,4
138319,2357,71,2
138319,23948,71,2
138319,23969,0,8
138319,2412b,72,67
138319,2412b,484,6
138319,2412b,71,2
138319,2420,84,12
138319,2420,28,6
138319,2420,1,6
138319,2420,2,4
138319,2420,70,8
138319,2420,71,11
138319,2420,72,13
138319,2420,0,6
138319,2420,4,2
138319,2420,19,20
138319,24201,28,3
138319,24201,0,4
138319,24201,71,20
138319,24201,72,2
138319,24246,15,4
138319,24246,71,12
138319,24246,320,1
138319,24246,70,1
138319,24299,71,2
138319,24307,71,2
138319,24309,71,117
138319,2431,72,1
138319,2431,191,6
138319,2431,1,2
138319,2431,28,24
138319,2431,47,1
138319,2431,71,56
138319,24316,70,2
138319,2445,71,9
138319,2445,72,4
138319,2450,72,10
138319,2450,71,2
138319,2454b,72,2
138319,2456,71,2
138319,2456,72,2
138319,2456,2,2
138319,2465,15,2
138319,2465,71,2
138319,24866,71,2
138319,2524,70,1
138319,25269,71,4
138319,25269,72,10
138319,2540,72,14
138319,25972,308,1
138319,26047,0,3
138319,26047,71,1
138319,2639,72,2
138319,2654,182,2
138319,2654,320,1
138319,2654,71,7
138319,2654,0,6
138319,2654,72,20
138319,26601,71,16
138319,26603,0,2
138319,26603,72,6
138319,26603,70,1
138319,26603,71,52
138319,26604,15,2
138319,26604,72,2
138319,26604,191,2
138319,2723,71,2
138319,27263,72,4
138319,27263,71,24
138319,2730,0,2
138319,2730,71,11
138319,27507,71,8
138319,27925,71,8
138319,2817,71,2
138319,2817,0,1
138319,28192,72,1
138319,28192,28,2
138319,28192,71,4
138319,2877,72,4
138319,28802,19,8
138319,29119,72,5
138319,29119,71,5
138319,29120,72,3
138319,29120,71,5
138319,2921,71,2
138319,30000,71,4
138319,30000,15,2
138319,3001,72,2
138319,3001,14,1
138319,3001,71,2
138319,3002,0,2
138319,3002,1,2
138319,3002,27,2
138319,3002,71,2
138319,3002,10,2
138319,3003,0,1
138319,3003,71,2
138319,3004,0,12
138319,3004,28,2
138319,3004,25,45
138319,3004,71,14
138319,3004,72,8
138319,30043,71,2
138319,3005,71,34
138319,3005,28,7
138319,3006,0,2
138319,3006,71,1
138319,3007,72,2
138319,3008,71,12
138319,3009,0,4
138319,3009,72,5
138319,3009,19,2
138319,3010,28,2
138319,3010,14,1
138319,3010,71,18
138319,3010,72,2
138319,3010,2,4
138319,30151b,47,1
138319,30166,72,22
138319,3020,71,17
138319,3020,0,19
138319,3020,19,8
138319,3020,72,16
138319,3020,2,2
138319,3021,0,5
138319,3021,72,5
138319,3021,3,2
138319,3021,15,6
138319,3021,71,25
138319,3021,19,21
138319,3021,14,2
138319,3022,15,1
138319,3022,71,28
138319,3022,3,14
138319,3022,72,16
138319,3022,191,4
138319,3022,2,1
138319,3022,28,4
138319,3022,70,20
138319,3022,14,12
138319,3022,484,7
138319,3022,0,2
138319,3023,1,89
138319,3023,72,22
138319,3023,2,24
138319,3023,0,43
138319,3023,47,12
138319,3023,3,1
138319,3023,71,102
138319,3023,28,78
138319,3023,36,2
138319,3024,0,2
138319,3024,47,4
138319,3024,28,20
138319,3024,70,1
138319,3024,72,31
138319,3024,71,50
138319,3024,4,2
138319,3029,72,2
138319,3029,71,10
138319,3030,72,1
138319,30304,72,1
138319,3031,71,2
138319,3031,320,1
138319,3031,72,1
138319,3031,70,3
138319,3031,0,4
138319,3032,72,2
138319,3033,71,4
138319,3034,19,2
138319,3034,0,4
138319,3034,28,4
138319,3034,72,18
138319,3035,72,1
138319,3035,19,4
138319,3035,71,2
138319,3036,72,1
138319,30374,71,2
138319,30374,72,2
138319,3038,71,2
138319,3039,71,8
138319,3039,47,2
138319,3039,28,2
138319,3040b,0,4
138319,3040b,71,3
138319,3040b,72,2
138319,3040b,47,4
138319,30503,71,2
138319,30586,71,3
138319,3062b,72,3
138319,3062b,41,1
138319,3062b,3,20
138319,3062b,0,4
138319,3068b,0,6
138319,3068b,72,5
138319,3068b,71,34
138319,3069b,0,4
138319,3069b,72,21
138319,3069b,28,9
138319,3069b,71,78
138319,3069b,47,2
138319,3069b,191,1
138319,3069b,320,4
138319,3069bpr0276,72,4
138319,3069bpr0290,15,3
138319,3069bpr0307,71,4
138319,3070b,34,2
138319,3070b,72,24
138319,3070b,70,1
138319,3070b,71,92
138319,3070b,28,9
138319,3070b,4,4
138319,3070b,191,2
138319,3070bpr0258,71,1
138319,3176,0,4
138319,32000,0,4
138319,32001,0,2
138319,32002,19,6
138319,32018,0,4
138319,32028,28,5
138319,32028,15,2
138319,32028,71,5
138319,32028,1,2
138319,32059,71,1
138319,32062,4,2
138319,32062,0,4
138319,32064a,71,6
138319,32073,14,2
138319,32073,71,4
138319,32123b,71,18
138319,32123b,14,4
138319,32184,71,1
138319,32184,0,2
138319,32271,71,4
138319,32316,72,4
138319,32324,0,2
138319,32523,15,2
138319,32523,72,2
138319,32526,71,2
138319,32531,71,1
138319,32532,71,5
138319,32555,0,12
138319,32803,71,10
138319,32803,0,4
138319,32803,72,4
138319,32803,28,1
138319,32803,15,11
138319,32828,71,4
138319,32952,71,8
138319,32952,72,12
138319,3298,71,2
138319,33909,0,8
138319,33909,320,1
138319,33909,71,23
138319,33909,72,2
138319,34103,72,8
138319,34103,70,1
138319,34103,3,4
138319,34103,71,4
138319,34103,0,36
138319,34172,15,1
138319,3460,3,2
138319,3460,28,3
138319,3460,70,1
138319,3460,71,23
138319,3460,0,2
138319,3460,72,11
138319,35186,71,5
138319,35459,308,3
138319,35459,15,6
138319,35459,71,10
138319,35480,72,15
138319,35480,0,13
138319,35700pr0005,71,2
138319,35787,71,28
138319,3622,72,1
138319,3622,71,10
138319,3623,19,3
138319,3623,14,8
138319,3623,1,3
138319,3623,72,58
138319,3623,0,2
138319,3623,191,12
138319,3623,70,8
138319,3623,484,6
138319,3623,71,30
138319,3649,71,2
138319,3660,72,2
138319,3660,321,2
138319,3665,72,2
138319,3665,0,8
138319,3665,4,2
138319,3665,71,38
138319,3666,0,8
138319,3666,70,3
138319,3666,14,2
138319,3666,28,1
138319,3666,1,2
138319,3666,72,12
138319,3666,71,51
138319,3673,71,2
138319,3679,71,5
138319,3680,0,5
138319,36840,72,6
138319,36840,71,12
138319,36840,0,4
138319,36840,84,2
138319,36841,71,8
138319,36841,0,4
138319,3702,14,2
138319,3702,71,4
138319,3703,0,2
138319,3703,71,2
138319,3705,0,2
138319,3707,0,2
138319,3710,0,26
138319,3710,71,56
138319,3710,72,17
138319,3710,2,4
138319,3710,28,28
138319,3713,71,2
138319,3713,0,2
138319,37352,15,1
138319,3738,71,1
138319,3747b,72,3
138319,3795,191,1
138319,3795,70,1
138319,3795,15,3
138319,3795,72,9
138319,3795,0,11
138319,3795,19,5
138319,3795,71,30
138319,3795,28,6
138319,3832,19,3
138319,3832,72,11
138319,3832,0,11
138319,3832,71,2
138319,3894,0,2
138319,3894,71,2
138319,3894,14,2
138319,3895,71,4
138319,3895,72,2
138319,3937,71,6
138319,3937,0,2
138319,3938,71,5
138319,3938,72,3
138319,3941,15,4
138319,3941,19,13
138319,3941,4,9
138319,3958,71,2
138319,3960,0,2
138319,4006,179,2
138319,4032a,14,2
138319,4032a,322,1
138319,4032a,72,2
138319,4032a,2,6
138319,4032a,4,6
138319,4032a,71,4
138319,4070,71,10
138319,4070,0,4
138319,4070,72,22
138319,4070,1,2
138319,4079b,320,2
138319,4081b,70,2
138319,4162,71,44
138319,4162,320,2
138319,4162,0,2
138319,41677,72,4
138319,41682,71,16
138319,41740,321,2
138319,41740,71,28
138319,41740,484,2
138319,41769,71,9
138319,41769,72,1
138319,41770,71,9
138319,41770,72,1
138319,41862,71,6
138319,42135,72,4
138319,4217,71,2
138319,42610,71,5
138319,4274,71,8
138319,4282,15,6
138319,4282,0,3
138319,4282,71,6
138319,4282,72,7
138319,4286,71,19
138319,42862,71,1
138319,4287c,15,2
138319,4287c,71,4
138319,42924,1,31
138319,43093,1,12
138319,43722,71,8
138319,43723,71,8
138319,43898,71,2
138319,43898,47,1
138319,44375b,0,2
138319,44567b,71,2
138319,44568,71,2
138319,4460b,71,8
138319,44728,0,22
138319,44728,71,12
138319,44728,70,8
138319,44728,72,1
138319,4477,378,2
138319,4477,1,2
138319,4477,70,2
138319,4477,71,14
138319,4477,72,6
138319,4477,28,2
138319,4477,19,2
138319,44861,72,6
138319,44861,378,12
138319,44861,0,12
138319,44861,71,3
138319,4510,72,3
138319,4510,71,4
138319,4519,71,6
138319,4522,0,1
138319,45590,0,2
138319,46334,71,2
138319,4735,71,4
138319,47397,71,6
138319,47398,71,6
138319,4740,71,1
138319,4742,0,2
138319,47458,71,3
138319,47905,71,1
138319,48092,71,8
138319,48165,71,1
138319,48336,72,4
138319,48336,71,1
138319,48336,0,3
138319,4865b,71,4
138319,4865b,28,8
138319,4865b,72,6
138319,48729b,71,4
138319,48729b,25,6
138319,48729b,72,8
138319,48729b,0,3
138319,49307,71,6
138319,50340,72,1
138319,50340,0,4
138319,50950,28,2
138319,50950,72,53
138319,50950,71,49
138319,50955,71,1
138319,50956,71,1
138319,51739,71,1
138319,52031,71,1
138319,54200,72,4
138319,54200,71,59
138319,54200,0,4
138319,54200,191,4
138319,54200,70,4
138319,54200pr0004,71,3
138319,54383,71,2
138319,54384,71,2
138319,54657,72,1
138319,57899,0,1
138319,58247,179,1
138319,59443,0,1
138319,59443,71,2
138319,59900,71,8
138319,6005,71,34
138319,60219,72,1
138319,60470b,0,2
138319,60470b,71,11
138319,60470b,84,5
138319,60475b,71,5
138319,60476,71,2
138319,60477,72,2
138319,60478,0,2
138319,60478,71,10
138319,60478,72,2
138319,60479,72,4
138319,60479,71,19
138319,60479,28,1
138319,60479,19,11
138319,60592,0,2
138319,60593,0,2
138319,60594,15,2
138319,60596,71,2
138319,6059pr0001,47,1
138319,6059pr0002,47,1
138319,60616b,71,2
138319,60849,71,1
138319,60897,71,10
138319,60897,72,6
138319,60897,0,1
138319,6091,0,2
138319,6111,71,2
138319,6112,72,4
138319,61184,4,2
138319,61252,72,8
138319,61252,71,2
138319,61252,378,1
138319,61332,0,67
138319,6134,0,6
138319,61409,72,9
138319,6141,0,1
138319,6141,46,2
138319,6141,47,2
138319,6141,322,1
138319,6141,72,2
138319,6141,71,59
138319,6141,28,8
138319,6141,15,4
138319,6141,4,19
138319,61482,71,1
138319,61780,70,1
138319,6179,71,5
138319,6180,71,4
138319,6222,70,2
138319,6231,71,2
138319,6232,14,2
138319,6254,15,1
138319,63082,71,2
138319,63586,72,1
138319,63864,71,51
138319,63864,14,2
138319,63864,19,8
138319,63864,72,3
138319,63864,191,10
138319,63868,71,2
138319,63868,72,34
138319,63965,72,2
138319,64567,308,1
138319,64570,71,2
138319,64799,71,1
138319,64802,378,1
138319,65304,25,10
138319,65304,0,6
138319,65304,71,4
138319,6536,0,2
138319,65426,71,2
138319,65429,71,2
138319,65489,71,3
138319,65509,72,3
138319,6553,71,2
138319,6553,72,4
138319,65886,71,3
138319,6632,71,4
138319,6632,72,2
138319,6636,72,4
138319,6636,71,21
138319,66909,72,1
138319,67329,71,8
138319,67329,0,2
138319,68013,71,2
138319,68568,71,2
138319,69729,71,83
138319,69729,72,1
138319,69729,0,8
138319,73109,71,6
138319,73111,71,2
138319,73230,71,6
138319,73562,72,6
138319,73590c03a,0,1
138319,73825,72,5
138319,73825,71,10
138319,73825,15,2
138319,74611,71,10
138319,76766,71,2
138319,76795,71,8
138319,76797,71,2
138319,76959,71,50
138319,77765,71,8
138319,77808,72,2
138319,78256,71,2
138319,78257,72,4
138319,78258,72,14
138319,78258,4,2
138319,78329,15,2
138319,78329,272,6
138319,78329,4,16
138319,78443,71,9
138319,78444,71,9
138319,79389,71,10
138319,79389,0,4
138319,79389,19,4
138319,79851,0,2
138319,85861,4,6
138319,85861,72,2
138319,85861,71,10
138319,85861,27,46
138319,85984,28,1
138319,85984,71,46
138319,85984pr0002,72,1
138319,85984pr0006,72,5
138319,86996,0,2
138319,87079,71,77
138319,87079,72,2
138319,87079,19,3
138319,87083,72,2
138319,87087,484,4
138319,87087,72,2
138319,87087,71,5
138319,87580,71,1
138319,87580,4,2
138319,87580,191,1
138319,87580,72,3
138319,87610pr0364,378,1
138319,87617,0,2
138319,87618,71,2
138319,87994,71,6
138319,88072,70,1
138319,88646,71,16
138319,88704,4,1
138319,88704,0,1
138319,89678,4,16
138319,89678,72,4
138319,90498,0,1
138319,92474,47,1
138319,92738,0,7
138319,93273,0,2
138319,93273,15,2
138319,93274,15,6
138319,93609,72,2
138319,95344,72,2
138319,96874,25,1
138319,98138,72,2
138319,98138,322,1
138319,98138,47,2
138319,98138,36,6
138319,98138pr0010,179,2
138319,98138pr0339,72,2
138319,98282,72,2
138319,98834,72,2
138319,98989,71,2
138319,99206,71,15
138319,99206,4,32
138319,99206,0,6
138319,99207,19,14
138319,99207,71,29
138319,99207,0,34
138319,99207,28,8
138319,99563,0,2
138319,99563,71,40
138319,99563,15,2
138319,99774,72,2
138319,99780,71,50
138319,99780,28,12
138319,99780,0,25
138319,99780,70,4
138319,99780,72,15
138319,99781,4,5
138319,99781,71,15
138319,99781,72,9
138319,99781,0,2
138320,11211,379,1
138320,11610,72,2
138320,14769pr0086,71,1
138320,18674,15,2
138320,18980,28,1
138320,22385,70,1
138320,2432,71,2
138320,28326,71,1
138320,2921,70,2
138320,30136,19,1
138320,3021,72,1
138320,3022,0,2
138320,3023,14,2
138320,3031,379,1
138320,3036,2,1
138320,3039,70,1
138320,3062b,72,3
138320,32530,72,1
138320,32607,10,3
138320,32607,27,3
138320,3666,28,1
138320,3673,14,1
138320,3678b,71,2
138320,3700,15,1
138320,3795,28,1
138320,3795,71,2
138320,3957b,0,2
138320,41854,0,1
138320,41862,379,2
138320,4349,72,2
138320,43898,379,2
138320,4499,70,1
138320,48172,0,1
138320,59900,71,2
138320,60373,70,2
138320,60475b,19,2
138320,61332,0,1
138320,61409,72,2
138320,64225pr0011,71,2
138320,65676,70,2
138320,68568,70,2
138320,70943c01,71,1
138320,70946c01,71,1
138320,80394,71,1
138320,87087,70,2
138320,88289,0,1
138320,88646,71,1
138320,92738,0,2
138320,99563,19,1
138321,11212,71,4
138321,11213,71,2
138321,11253,0,1
138321,11477pr0016,191,1
138321,13548,72,5
138321,14719,70,1
138321,15068,70,2
138321,15573,72,1
138321,18654,71,1
138321,18910,70,1
138321,20482,70,1
138321,2357,71,3
138321,2412b,72,4
138321,2419,72,2
138321,2420,70,4
138321,24246,71,1
138321,2431,19,4
138321,2431,72,2
138321,2445,0,1
138321,2465,71,3
138321,26047,0,1
138321,2653,71,6
138321,2654,15,3
138321,26599,71,1
138321,26601,71,1
138321,26603,71,1
138321,2821,71,2
138321,3001,70,2
138321,3001,19,1
138321,3002,71,2
138321,3004,71,2
138321,3005,70,2
138321,3008,19,3
138321,3009,71,1
138321,3009,70,1
138321,3010,70,4
138321,30180,71,1
138321,3020,72,1
138321,3020,71,2
138321,3020,70,1
138321,3020,14,1
138321,3021,0,1
138321,3021,14,1
138321,3021,72,1
138321,3022,0,1
138321,3022,19,5
138321,3023,0,5
138321,3023,71,6
138321,3023,182,4
138321,3024,14,4
138321,3024,72,5
138321,3029,72,2
138321,3030,72,2
138321,3034,72,1
138321,3034,71,4
138321,3035,0,1
138321,3037,71,2
138321,30374,41,1
138321,30374,36,1
138321,30382,71,1
138321,3039,70,1
138321,3039,72,7
138321,3040b,71,9
138321,3045,70,2
138321,30503,72,1
138321,3062b,47,2
138321,3062b,72,1
138321,3062b,15,1
138321,3068b,71,1
138321,3069b,71,5
138321,3069b,70,3
138321,3070b,70,3
138321,32062,0,2
138321,32073,71,1
138321,3297,71,2
138321,33909,0,1
138321,33909,72,2
138321,35044,71,8
138321,35480,19,1
138321,3622,71,1
138321,3623,72,3
138321,3666,72,3
138321,3666,71,3
138321,3673,71,3
138321,3678b,72,4
138321,36840,72,4
138321,3700,72,1
138321,3701,71,2
138321,3705,4,2
138321,3710,71,8
138321,3710,72,2
138321,3713,71,2
138321,37762,179,2
138321,3795,4,1
138321,3795,71,2
138321,3832,71,2
138321,3938,0,4
138321,3958,72,2
138321,41740,71,1
138321,41769,72,1
138321,4185,72,2
138321,4286,71,1
138321,42862,71,2
138321,43708,71,1
138321,43710,72,1
138321,43711,71,1
138321,43898,182,2
138321,4445,71,3
138321,4460b,71,2
138321,44861,72,2
138321,4510,0,2
138321,4519,14,2
138321,47397,72,1
138321,47398,72,1
138321,48165,71,2
138321,48336,0,1
138321,51739,14,1
138321,54200,70,8
138321,54200,182,32
138321,59443,0,4
138321,60477,71,1
138321,60479,71,5
138321,60479,72,1
138321,60481,72,1
138321,60483,71,1
138321,6091,14,4
138321,6141,36,2
138321,6141,4,8
138321,61485,15,2
138321,63869,0,4
138321,64567,80,2
138321,64567,71,1
138321,65304,0,1
138321,6536,0,2
138321,6541,71,3
138321,66906,0,1
138321,73230,72,2
138321,78258,72,2
138321,85543,15,1
138321,85861,0,2
138321,85984,14,3
138321,87079,71,1
138321,87580,14,1
138321,87994,70,2
138321,89678,72,12
138321,91988,72,5
138321,91988,71,1
138321,92690,1103,1
138321,92738,0,1
138321,96874,25,1
138321,98100,28,1
138321,98138,71,4
138321,99206,71,2
138321,99207,70,1
138321,99780,0,1
138322,10100814,9999,1
138322,10202,15,1
138322,11211,15,7
138322,11211,19,5
138322,11458,72,4
138322,11458,15,4
138322,11477,0,4
138322,11477,15,2
138322,11833,15,4
138322,13548,15,4
138322,14718,15,1
138322,14769,71,2
138322,15535,71,2
138322,15535,72,2
138322,15573,4,2
138322,15573,71,5
138322,15573,0,4
138322,15672,15,6
138322,15712,71,2
138322,15712,15,6
138322,1814pr0002,15,1
138322,18646,15,2
138322,18654,72,4
138322,18654,15,1
138322,18674,71,4
138322,20482,0,3
138322,22885,19,2
138322,22885,4,1
138322,22889,15,1
138322,2412b,179,9
138322,2420,71,2
138322,2420,15,20
138322,24201,15,2
138322,24201,71,4
138322,24246,71,1
138322,24299,15,1
138322,24299,71,1
138322,24307,15,1
138322,24307,71,1
138322,2431,15,18
138322,2431,4,2
138322,2431,71,1
138322,24316,70,1
138322,2450,15,2
138322,2476a,28,4
138322,2569,71,2
138322,2653,71,2
138322,2654,15,4
138322,2654,33,1
138322,26601,15,19
138322,26601,71,4
138322,26603,4,4
138322,27263,71,1
138322,27263,15,6
138322,27925,4,6
138322,27925,15,24
138322,28192,4,4
138322,28802,71,2
138322,29119,15,4
138322,29119,4,1
138322,29120,4,1
138322,29120,15,4
138322,3004,0,2
138322,3004,14,2
138322,3005,15,2
138322,3009,15,3
138322,3020,4,2
138322,3020,71,2
138322,3020,15,9
138322,3020,0,3
138322,3021,15,6
138322,3021,72,1
138322,3022,71,2
138322,3022,72,6
138322,3023,15,46
138322,3023,0,8
138322,3023,19,7
138322,3023,4,23
138322,3024,15,20
138322,3024,0,4
138322,3024,71,1
138322,3029,15,2
138322,3030,15,1
138322,3031,15,2
138322,3032,72,2
138322,3034,14,1
138322,30374,71,4
138322,30374,41,2
138322,30383,0,2
138322,3039,15,2
138322,3040b,15,2
138322,3045,15,2
138322,3062b,42,3
138322,3062b,72,2
138322,3068b,15,4
138322,3068b,71,1
138322,3069b,71,5
138322,3069b,4,4
138322,3069b,0,2
138322,3069b,15,11
138322,3069b,14,2
138322,3070b,0,4
138322,3070b,72,2
138322,3070b,4,2
138322,3070b,15,6
138322,32001,0,4
138322,32001,71,2
138322,32013,71,2
138322,32028,71,2
138322,32062,4,3
138322,32064a,4,1
138322,32073,71,2
138322,32123b,14,2
138322,32123b,71,2
138322,32249,0,2
138322,32316,72,2
138322,32348,71,4
138322,32449,14,2
138322,32523,15,1
138322,32524,71,2
138322,32525,71,2
138322,32526,71,4
138322,32530,4,2
138322,32532,71,1
138322,32828,71,2
138322,33909,72,1
138322,33909,15,2
138322,33909,4,6
138322,3460,19,1
138322,35480,71,2
138322,35787,71,1
138322,35787,72,1
138322,3623,15,6
138322,3623,71,21
138322,3665,15,2
138322,3666,4,4
138322,3666,15,12
138322,3666,0,2
138322,3666,71,2
138322,36841,71,4
138322,3700,71,2
138322,3701,19,2
138322,3705,0,5
138322,3706,0,2
138322,3709,0,2
138322,3710,72,5
138322,3710,15,30
138322,3710,19,4
138322,37762,179,2
138322,3795,15,6
138322,3795,4,2
138322,3832,15,3
138322,3894,0,2
138322,3937,15,2
138322,3937,71,1
138322,39793,72,1
138322,4032a,4,4
138322,4032a,1,2
138322,4032a,71,6
138322,40490,72,2
138322,41539,15,2
138322,41769,15,1
138322,41770,15,1
138322,4185,15,2
138322,4274,71,10
138322,4282,0,1
138322,4286,15,2
138322,42924,1,16
138322,43093,1,8
138322,43898,71,1
138322,43898,0,1
138322,44224,72,4
138322,44225,15,2
138322,44567b,72,1
138322,44728,15,11
138322,44728,4,4
138322,4477,15,3
138322,4519,71,4
138322,4740,0,1
138322,47455,72,4
138322,47457,71,2
138322,48336,0,1
138322,4871,15,1
138322,52501,15,1
138322,54200,15,15
138322,54200,4,1
138322,54200,0,4
138322,54657,0,2
138322,60474,15,8
138322,60474,4,2
138322,60477,15,2
138322,60478,71,2
138322,60479,0,2
138322,60479,15,2
138322,6081,71,1
138322,6081,4,2
138322,6081,15,6
138322,6091,15,4
138322,6091,71,6
138322,61252,15,2
138322,61332,0,14
138322,6134,71,3
138322,6141,1,2
138322,6141,4,2
138322,6178,0,1
138322,6179,71,1
138322,63864,15,8
138322,63864,72,2
138322,63864,71,2
138322,65304,4,1
138322,6541,15,2
138322,65487,72,4
138322,65617,15,4
138322,6629,15,1
138322,6629,72,2
138322,6632,72,1
138322,6636,71,1
138322,6636,0,1
138322,6636,15,11
138322,6636,4,2
138322,68325,4,1
138322,68325,15,2
138322,69729,15,2
138322,69729,71,2
138322,72008,4,1
138322,72454,15,1
138322,76959,15,2
138322,77765,71,6
138322,78258,72,8
138322,78329,15,4
138322,79505,71,2
138322,85080,15,2
138322,85861,71,6
138322,85861,72,11
138322,85861,297,3
138322,85984,15,26
138322,85984,71,1
138322,85984,4,7
138322,87079,15,6
138322,87079,4,2
138322,87079,71,2
138322,87083,72,2
138322,87087,15,2
138322,87544,15,4
138322,87580,0,1
138322,87994,71,3
138322,88704,297,2
138322,88704,0,2
138322,89678,4,12
138322,93274,15,2
138322,96874,25,1
138322,98100,15,4
138322,98138,41,11
138322,98138,36,1
138322,98138,33,7
138322,98585,15,3
138322,99206,0,25
138322,99207,14,2
138322,99563,72,4
138322,99780,4,2
138322,99781,72,4
138323,10100892,9999,1
138323,10247,71,4
138323,11211,0,2
138323,11212,0,4
138323,11215,71,4
138323,11455,0,4
138323,11458,0,4
138323,11458,72,2
138323,11477,0,4
138323,13547,71,2
138323,14181,0,1
138323,14419,72,2
138323,15068,19,2
138323,15068,0,2
138323,15207,0,4
138323,15303,36,3
138323,15400,72,2
138323,15535,0,2
138323,15540,72,4
138323,15672,0,4
138323,15712,0,4
138323,18654,72,2
138323,18673,1103,3
138323,18677,71,6
138323,22885,71,2
138323,22890,72,2
138323,22961,0,4
138323,2412b,0,20
138323,2420,19,2
138323,2420,28,10
138323,24201,72,2
138323,24299,0,6
138323,24299,72,1
138323,24307,72,1
138323,24307,0,6
138323,2431,72,2
138323,2431,0,13
138323,2445,0,5
138323,2445,71,1
138323,2450,71,4
138323,2450,0,2
138323,2654,71,8
138323,26603,0,6
138323,27263,0,2
138323,2730,0,2
138323,2877,0,3
138323,28802,0,6
138323,3001,0,2
138323,3003,72,1
138323,30043,71,2
138323,3005,0,6
138323,3008,72,2
138323,3020,0,17
138323,3021,71,2
138323,3021,72,18
138323,3021,0,2
138323,3021,28,2
138323,3022,72,12
138323,3022,71,2
138323,3023,0,14
138323,3023,72,20
138323,3023,28,18
138323,3024,72,4
138323,3024,4,4
138323,3024,14,2
138323,3024,28,2
138323,3029,0,2
138323,3031,72,4
138323,3032,71,2
138323,3034,1,2
138323,3034,0,5
138323,3034,71,1
138323,3035,0,2
138323,30355,0,2
138323,30356,0,2
138323,30374,36,6
138323,30374,41,1
138323,3040b,0,6
138323,30503,0,4
138323,3062b,0,4
138323,3062b,71,8
138323,3068b,0,6
138323,3069b,72,4
138323,3069b,0,10
138323,3070b,0,12
138323,32018,0,2
138323,32028,0,10
138323,32523,72,2
138323,32803,0,2
138323,32803,71,8
138323,32828,0,2
138323,33909,72,1
138323,33909,0,6
138323,34103,0,3
138323,3460,72,2
138323,35186,0,2
138323,35480,72,3
138323,35787,0,6
138323,3622,0,2
138323,3622,19,2
138323,3623,72,2
138323,3623,14,2
138323,3623,0,4
138323,3623,71,8
138323,3666,71,2
138323,3666,0,11
138323,36840,72,2
138323,36841,71,2
138323,3701,71,2
138323,3709,72,4
138323,3710,72,24
138323,3710,0,1
138323,3795,71,2
138323,3795,0,4
138323,3832,72,4
138323,3832,0,2
138323,3895,72,4
138323,3958,72,2
138323,4032a,72,4
138323,4079b,72,2
138323,4162,0,8
138323,41740,0,2
138323,41740,72,2
138323,41769,0,8
138323,41770,0,8
138323,4274,71,4
138323,4282,0,2
138323,42924,1,6
138323,43045,0,6
138323,43056,0,14
138323,43093,1,2
138323,44567b,71,4
138323,44728,19,10
138323,4477,71,2
138323,4477,0,6
138323,44861,0,4
138323,4510,0,2
138323,4740,41,2
138323,47457,72,1
138323,48205,0,2
138323,48208,0,2
138323,48336,0,2
138323,48336,72,2
138323,4871,0,1
138323,50304,0,1
138323,50305,0,1
138323,50337,72,2
138323,51739,0,2
138323,54200,0,10
138323,54383,0,3
138323,54384,0,3
138323,60470b,71,2
138323,60478,0,14
138323,60479,71,2
138323,60479,72,2
138323,60481,71,2
138323,6091,72,10
138323,6112,0,2
138323,61332,0,32
138323,61409,0,2
138323,6141,0,2
138323,6180,0,5
138323,6233,0,2
138323,62462,0,4
138323,63864,0,22
138323,63868,72,2
138323,63965,0,4
138323,64567,80,1
138323,64567,0,2
138323,65304,71,4
138323,65633pr0013,36,1
138323,65886,0,3
138323,66252,0,3
138323,6636,0,6
138323,69729,0,10
138323,73109,71,2
138323,73111,0,2
138323,73562,72,4
138323,73825,72,2
138323,76766,0,4
138323,78329,0,4
138323,85861,72,6
138323,85984,0,1
138323,85984pr0006,72,1
138323,87079,0,23
138323,87994,0,2
138323,88646,0,1
138323,91988,71,2
138323,93273,0,4
138323,93273,71,2
138323,93274,71,2
138323,96874,25,1
138323,98138,72,2
138323,98560,72,2
138323,98834,0,2
138323,99207,0,12
138323,99563,72,2
138323,99563,1103,8
138323,99780,72,8
138323,99781,71,4
138324,10100763,9999,1
138324,10247,71,4
138324,11211,71,4
138324,11213,71,10
138324,11215,0,6
138324,11477,71,3
138324,13731,71,2
138324,14769,71,2
138324,15068,72,1
138324,15068,71,29
138324,15571,71,1
138324,15573,72,13
138324,15672,71,4
138324,15712,72,2
138324,18654,72,4
138324,2412b,72,10
138324,2412b,179,16
138324,2419,71,4
138324,2420,72,4
138324,2420,71,2
138324,2431,320,2
138324,2431,71,6
138324,2432,71,4
138324,2449,71,2
138324,2476a,71,2
138324,2653,71,3
138324,2654,71,1
138324,26601,71,4
138324,26603,71,1
138324,27925,71,40
138324,27925,72,8
138324,2817,0,1
138324,2877,72,3
138324,2877,0,3
138324,28802,0,2
138324,298c02,0,2
138324,3001,71,2
138324,3001,72,2
138324,3003,4,1
138324,3003,72,1
138324,3004,71,2
138324,3005,71,2
138324,3009,72,2
138324,3010,28,3
138324,3010,72,4
138324,30165,71,3
138324,3020,72,5
138324,3020,71,4
138324,3020,320,2
138324,3020,4,10
138324,3021,72,4
138324,3021,71,4
138324,3022,320,6
138324,3022,19,1
138324,3022,72,2
138324,3023,71,12
138324,3023,0,4
138324,3023,320,6
138324,3023,36,11
138324,30304,15,1
138324,3031,72,1
138324,3031,0,4
138324,3032,72,6
138324,3034,72,1
138324,3036,72,1
138324,3036,0,1
138324,30383,0,8
138324,3040b,71,12
138324,3045,72,4
138324,3049d,71,1
138324,3062b,4,1
138324,3068b,320,2
138324,3069b,71,2
138324,3069b,320,2
138324,32000,72,10
138324,32013,72,6
138324,32015,0,4
138324,32018,72,4
138324,32028,72,4
138324,32062,0,4
138324,32062,4,11
138324,32064a,0,2
138324,32073,71,1
138324,32123b,71,4
138324,32123b,14,1
138324,32184,71,4
138324,32316,71,2
138324,32333,0,2
138324,3245c,0,1
138324,32523,0,4
138324,32524,0,1
138324,32531,71,4
138324,32802,0,4
138324,3297,71,1
138324,33909,71,1
138324,33909,19,7
138324,3623,71,2
138324,3648b,72,6
138324,3660,72,3
138324,3660,4,2
138324,3665,71,4
138324,3666,72,4
138324,3673,71,4
138324,3678b,72,4
138324,36840,71,4
138324,3700,19,1
138324,3700,71,6
138324,3701,72,2
138324,3701,71,2
138324,3702,0,4
138324,3705,0,1
138324,3705,4,1
138324,3707,4,2
138324,3710,320,7
138324,3710,72,10
138324,3710,71,1
138324,3713,0,2
138324,37352,71,4
138324,3743,0,2
138324,3747b,71,1
138324,3749,19,4
138324,37762,0,2
138324,3795,71,1
138324,3795,72,4
138324,3899,179,1
138324,3937,71,2
138324,3958,0,1
138324,4006,179,1
138324,4032a,72,12
138324,4032a,19,10
138324,40490,0,4
138324,40527,0,2
138324,4070,320,2
138324,4079,19,1
138324,41677,71,4
138324,41677,72,2
138324,41677,0,8
138324,42003,72,4
138324,42195,0,3
138324,4274,71,18
138324,4286,71,8
138324,4287c,72,2
138324,4287c,71,8
138324,42924,1,16
138324,43093,1,6
138324,43722,71,1
138324,43723,71,1
138324,43898,71,6
138324,44301b,72,4
138324,44358,71,6
138324,44359,72,12
138324,44567b,71,2
138324,4477,320,2
138324,4477,71,1
138324,44865,4,1
138324,4519,14,6
138324,4599b,71,1
138324,47755,71,1
138324,47759,72,1
138324,4871,71,4
138324,4871,0,4
138324,48933,71,1
138324,49307,0,4
138324,49307,19,2
138324,50304,71,1
138324,50305,71,1
138324,50340,0,1
138324,50955,71,2
138324,50956,71,2
138324,51739,71,4
138324,51739,72,4
138324,52031,71,2
138324,53923,71,1
138324,54200,71,8
138324,54383,71,1
138324,54384,71,1
138324,54657,71,1
138324,54657,72,6
138324,54657,0,8
138324,57899,0,2
138324,58247,1103,3
138324,58247,0,2
138324,59426,72,5
138324,59443,0,2
138324,59443,320,1
138324,59900,0,10
138324,60470b,71,1
138324,60474,72,6
138324,60474,71,11
138324,60479,72,4
138324,60484,71,1
138324,6081,71,1
138324,60897,15,2
138324,6091,72,2
138324,6106,71,4
138324,61332,0,37
138324,6134,71,2
138324,61409,72,2
138324,6141,71,8
138324,6141,46,4
138324,6141,47,4
138324,6141,72,12
138324,6141,179,10
138324,6141,35,4
138324,6141,0,2
138324,61485,71,1
138324,61780,72,1
138324,6179,72,4
138324,62113,72,1
138324,62462,70,4
138324,63864,71,8
138324,63868,71,4
138324,63965,71,6
138324,64799,0,1
138324,65304,0,3
138324,6536,0,2
138324,6541,0,2
138324,6541,72,2
138324,6629,72,4
138324,6636,320,2
138324,69754,71,2
138324,69755,72,2
138324,73109,71,2
138324,78256,19,1
138324,78257,0,1
138324,78258,72,1
138324,78329,19,2
138324,78443,71,2
138324,78444,71,2
138324,85984,71,4
138324,85984,320,1
138324,85984pr0006,72,1
138324,87079,71,4
138324,87081,72,1
138324,87087,72,2
138324,87421,71,4
138324,87544,47,4
138324,87544,71,4
138324,87994,71,6
138324,91501,71,4
138324,92107,72,1
138324,92582,71,2
138324,92738,0,1
138324,93274,72,3
138324,93606,72,1
138324,96874,25,1
138324,98138,36,6
138324,98138,72,4
138324,98138pr0010,179,2
138324,99206,0,4
138324,99780,72,5
138324,99781,71,4
138324,99781,15,1
138325,10100770,9999,1
138325,10247,0,1
138325,11203,71,2
138325,11211,71,1
138325,11212,71,6
138325,11214,72,2
138325,11477,72,2
138325,11610,72,1
138325,11833,71,2
138325,13971,71,2
138325,14719,320,2
138325,14769,322,2
138325,15573,28,2
138325,15573,26,1
138325,15573,71,10
138325,15573,484,4
138325,15712,72,3
138325,15712,70,2
138325,18651,0,1
138325,18654,71,1
138325,18654,179,1
138325,18677,0,16
138325,20482,0,2
138325,22385,71,6
138325,23443,0,1
138325,2412b,72,9
138325,2412b,179,1
138325,2419,71,2
138325,24201,28,1
138325,24201,0,4
138325,24299,71,4
138325,24307,71,4
138325,2431,28,1
138325,2431,71,2
138325,2449,72,2
138325,24947,25,2
138325,25269,71,2
138325,2654,28,1
138325,2654,0,1
138325,2654,71,2
138325,26601,71,2
138325,26601,28,4
138325,26603,71,5
138325,27263,72,2
138325,27263,71,4
138325,2730,71,2
138325,2736,71,2
138325,27925,71,8
138325,28802,72,2
138325,28802,71,2
138325,29119,28,1
138325,29120,28,1
138325,30031,179,1
138325,3004,0,1
138325,30136,70,5
138325,30166,72,1
138325,3020,191,2
138325,3020,28,2
138325,3020,71,11
138325,3021,72,4
138325,3021,191,2
138325,3021,28,1
138325,3021,0,6
138325,3022,72,2
138325,3022,10,2
138325,3022,28,1
138325,3022,71,2
138325,3023,71,11
138325,3023,25,3
138325,3023,29,1
138325,3023,72,10
138325,3031,0,1
138325,3031,71,3
138325,3036,72,1
138325,3062b,4,1
138325,3068b,28,3
138325,3068b,71,2
138325,3069b,71,9
138325,3070b,71,4
138325,32000,70,6
138325,32018,72,2
138325,32028,72,6
138325,32028,28,2
138325,32028,71,3
138325,32062,4,1
138325,32064a,28,2
138325,32140,0,4
138325,32526,72,4
138325,32803,71,8
138325,32828,288,2
138325,33909,71,4
138325,33909,70,2
138325,33909,484,4
138325,34103,0,2
138325,35186,0,2
138325,35459,0,2
138325,35480,72,2
138325,35480,28,4
138325,35480,71,2
138325,35480,0,2
138325,35700,71,1
138325,3623,71,4
138325,3623,28,1
138325,3623,0,4
138325,3660,72,2
138325,3665,72,2
138325,3666,72,2
138325,3666,71,12
138325,36840,71,2
138325,3710,71,5
138325,3710,72,4
138325,37762,0,1
138325,3795,72,3
138325,3795,71,4
138325,3937,0,1
138325,4032a,5,2
138325,4032a,71,4
138325,4032a,72,2
138325,4079b,70,1
138325,41531,71,4
138325,41740,71,2
138325,41769,71,3
138325,41770,71,3
138325,4274,71,2
138325,42924,1,10
138325,43857,71,4
138325,44567b,72,2
138325,4460b,71,2
138325,44728,0,4
138325,44861,71,1
138325,44861,0,1
138325,44865,71,4
138325,4519,71,3
138325,4595,71,1
138325,4599b,4,1
138325,48205,71,2
138325,48208,71,2
138325,48729b,72,2
138325,49307,71,1
138325,49307,70,4
138325,52107,71,1
138325,54200,71,2
138325,54383,71,3
138325,54384,71,3
138325,54657,71,2
138325,55981,71,2
138325,60470b,191,1
138325,60474,72,5
138325,60478,28,2
138325,60479,72,2
138325,61184,71,2
138325,61252,71,2
138325,61332,0,41
138325,6134,71,1
138325,61409,71,2
138325,6141,191,5
138325,6141,484,10
138325,6141,179,7
138325,61485,71,1
138325,6179,71,2
138325,6180,71,6
138325,6222,72,4
138325,62462,1103,1
138325,62462,4,1
138325,62885,0,1
138325,63864,71,6
138325,63868,0,2
138325,63965,72,2
138325,65304,0,4
138325,65426,71,3
138325,65429,71,3
138325,65489,71,2
138325,65509,72,1
138325,65633pr0014,40,1
138325,65635,72,1
138325,6636,71,3
138325,66909,72,2
138325,67329,72,1
138325,69729,71,2
138325,69754,71,2
138325,69755,72,2
138325,73109,71,4
138325,73507,0,4
138325,78258,72,2
138325,78258,0,1
138325,78443,71,2
138325,78444,71,2
138325,85861,4,1
138325,85861,2,1
138325,85861,71,6
138325,85984,0,1
138325,85984,71,12
138325,85984,484,2
138325,87079,71,2
138325,87083,72,1
138325,87407,71,2
138325,87580,71,2
138325,88704,0,1
138325,89678,4,4
138325,92099,72,1
138325,92738,0,2
138325,95199,72,1
138325,96874,25,1
138325,98138,72,2
138325,98138,35,8
138325,99206,378,3
138325,99206,71,2
138325,99207,71,2
138325,99563,71,14
138325,99780,0,1
138325,99780,72,4
138325,99780,28,1
138325,99781,71,6
138325,99781,72,2
138325,99781,28,1
138327,10190,0,2
138327,11153,15,2
138327,11211,71,2
138327,11212,72,1
138327,11253,71,1
138327,11253,0,1
138327,11477,379,2
138327,11477,272,2
138327,11610,72,1
138327,14716,71,1
138327,15208,15,1
138327,15209,15,1
138327,15573,72,1
138327,15573,19,1
138327,15573,28,2
138327,15712,19,1
138327,15712,27,1
138327,15712,71,3
138327,15712,72,1
138327,18649,71,1
138327,18674,72,1
138327,20482,72,1
138327,23969,72,1
138327,24299,71,1
138327,24307,71,1
138327,2449,15,1
138327,2450,15,2
138327,25269,19,2
138327,2540,71,2
138327,26047,272,3
138327,26601,0,4
138327,27261,15,1
138327,28974,72,1
138327,2921,71,1
138327,298c05,71,1
138327,3005,71,2
138327,3010,71,1
138327,30165,379,1
138327,3020,0,1
138327,3021,19,1
138327,3021,322,2
138327,3021,15,1
138327,3022,320,1
138327,3022,71,1
138327,3023,4,4
138327,3023,379,3
138327,3023,47,1
138327,3023,15,1
138327,3024,15,2
138327,3024,320,1
138327,3024,72,2
138327,3024,4,1
138327,3024,36,1
138327,3024,47,1
138327,30367c,4,1
138327,30374,41,1
138327,30375,72,1
138327,3040b,15,5
138327,3062b,71,1
138327,3068b,19,1
138327,3069b,0,2
138327,3070b,36,2
138327,3070b,19,3
138327,3070b,379,1
138327,3070b,0,1
138327,3070b,71,1
138327,3176,19,1
138327,32028,15,2
138327,32062,4,1
138327,3245c,15,2
138327,32474,15,1
138327,32828,71,2
138327,32828,0,3
138327,33909,15,1
138327,33909,71,2
138327,34103,4,2
138327,35480,0,2
138327,3623,25,1
138327,3623,71,1
138327,3623,72,2
138327,3665,15,2
138327,3665,72,3
138327,36840,84,1
138327,36840,72,2
138327,36841,71,2
138327,3710,72,1
138327,37762,179,1
138327,3795,15,2
138327,3837,179,1
138327,3941,15,1
138327,3957b,15,2
138327,4032a,71,3
138327,4032a,15,1
138327,4070,72,2
138327,4070,4,2
138327,4081b,320,2
138327,41769,28,1
138327,41769,71,1
138327,41769,15,1
138327,41769,379,1
138327,41770,15,1
138327,41770,379,1
138327,4286,71,1
138327,4286,15,1
138327,4286,19,2
138327,4286,379,1
138327,43722,0,1
138327,43723,0,1
138327,43898,71,1
138327,44567b,72,1
138327,44861,71,1
138327,44861,0,3
138327,4490,71,1
138327,4595,71,1
138327,4595,0,1
138327,4733,70,1
138327,4733,71,2
138327,4740,71,1
138327,4740,72,1
138327,47905,19,1
138327,48336,72,2
138327,49307,25,2
138327,49307,15,2
138327,49668,71,1
138327,51138,71,1
138327,52107,71,2
138327,54200,0,3
138327,54200,47,1
138327,54200,71,5
138327,54200,15,4
138327,54657,71,1
138327,58247,1103,1
138327,58247,0,1
138327,59900,72,2
138327,59900,71,1
138327,59900,40,1
138327,60470b,71,5
138327,60478,15,1
138327,60481,15,2
138327,60481,71,1
138327,60592,15,1
138327,60849,71,4
138327,60897,72,1
138327,61252,71,2
138327,61252,320,2
138327,61409,71,1
138327,61409,72,1
138327,6141,0,2
138327,6141,10,1
138327,6141,71,1
138327,6141,15,1
138327,6141,4,2
138327,6141,179,1
138327,6141,297,1
138327,6141,47,1
138327,6141,36,5
138327,63864,4,2
138327,63868,72,2
138327,63868,71,3
138327,64567,80,1
138327,64644,0,1
138327,65426,0,2
138327,65426,71,1
138327,65429,0,2
138327,65429,71,1
138327,67095,15,1
138327,69755,72,1
138327,69767,0,1
138327,72824,15,1
138327,73825,0,1
138327,76959,15,1
138327,78257,72,5
138327,80324,71,2
138327,85861,71,2
138327,85984,15,1
138327,87087,321,1
138327,87580,19,1
138327,90540,72,4
138327,92738,0,1
138327,93160,15,1
138327,95343,4,1
138327,95344,72,2
138327,98138,47,2
138327,98138,40,1
138327,99206,4,1
138327,99563,0,4
138327,99563,71,4
138327,99780,71,1
138469,3021,14,1
138469,3022,14,1
138469,3062b,0,2
138469,3314,0,1
138469,3317,14,1
138469,3641,0,2
138469,3795,14,1
138469,3829c01,14,1
138469,4070,14,2
138469,4079,4,1
138469,4084,0,2
138469,4600,0,2
138469,4624,14,4
138469,6141,47,2
138469,784,14,1
138498,2412b,72,2
138498,2431,15,4
138498,2437,41,1
138498,2540,71,1
138498,298c02,0,1
138498,3005,15,2
138498,3010,15,1
138498,3010,4,1
138498,3021,0,2
138498,3023,15,1
138498,3023,33,2
138498,3069b,15,2
138498,3070bpr0007,71,1
138498,32028,0,1
138498,3710,15,2
138498,3821,4,1
138498,3822,4,1
138498,3829c01,4,1
138498,4449,71,1
138498,4532,4,2
138498,4533,15,2
138498,45677,15,1
138498,47457,4,1
138498,48183,4,1
138498,50745,15,4
138498,52036,15,1
138498,52038,15,2
138498,52501,15,2
138498,54200,46,3
138498,54200,36,2
138498,54200,33,2
138498,55073,9999,1
138498,6014b,15,4
138498,6015,0,4
138498,6157,72,2
138534,10247,0,6
138534,10247,72,1
138534,10314,4,1
138534,11055,4,2
138534,11062,15,1
138534,11090,0,2
138534,11090,15,1
138534,11211,19,3
138534,11211,1,3
138534,11253,0,2
138534,11253,179,4
138534,11399,72,1
138534,11458,272,2
138534,11476,320,1
138534,11476,484,8
138534,11477,72,4
138534,11477,272,4
138534,11477,71,8
138534,11477,4,2
138534,11477,1,4
138534,11477,484,4
138534,13756,47,4
138534,13760,379,4
138534,13971,71,1
138534,14719,72,2
138534,14719,71,3
138534,14769pr1118,15,2
138534,14769pr1172,15,1
138534,15068,484,2
138534,15068,320,1
138534,15068,15,1
138534,15254,19,1
138534,15395,15,1
138534,15395,322,2
138534,15396,322,1
138534,15462,70,1
138534,15535,72,3
138534,15573,484,4
138534,15573,288,2
138534,15573,71,1
138534,15573,15,5
138534,15573,4,2
138534,15573,0,12
138534,15712,71,1
138534,15712,4,2
138534,15712,15,2
138534,16577,71,1
138534,18651,0,1
138534,18654,71,2
138534,18654,70,1
138534,18674,72,1
138534,18674,15,4
138534,18674,70,4
138534,18920,179,1
138534,18980,71,1
138534,18980,19,1
138534,20309,15,1
138534,20482,0,4
138534,20482,47,3
138534,21229,0,1
138534,23443,0,2
138534,23443,71,2
138534,2357,71,6
138534,2357,484,10
138534,23969,47,2
138534,23969,71,1
138534,23969,0,2
138534,24014,71,1
138534,2412b,71,9
138534,2412b,179,4
138534,2412b,0,11
138534,2412b,72,10
138534,2420,272,2
138534,2420,19,2
138534,2420,72,11
138534,2420,71,2
138534,2420,15,2
138534,24246,71,7
138534,24307,71,1
138534,2431,15,10
138534,2431,484,16
138534,2431,71,15
138534,24316,70,3
138534,2432,71,1
138534,2445,72,1
138534,2446,0,1
138534,2447,40,1
138534,2453b,15,1
138534,2458,72,2
138534,2458,15,2
138534,24855,2,1
138534,24866,2,5
138534,24866,191,3
138534,24866,31,4
138534,24866,26,4
138534,2495,4,1
138534,2496,0,1
138534,25269,71,5
138534,25269,484,52
138534,25269,19,4
138534,2540,4,2
138534,26047,71,1
138534,26603,1,1
138534,26603,15,1
138534,26603,0,2
138534,26603,71,2
138534,26603pr0014,0,1
138534,27062pat0002,14,1
138534,27263,0,1
138534,27263,484,4
138534,27448,15,1
138534,2780,0,15
138534,27925,19,4
138534,27925,71,6
138534,27925,15,6
138534,28327,15,1
138534,28621,47,1
138534,2877,72,1
138534,29119,272,1
138534,29120,272,1
138534,29685pr0001,15,1
138534,298c02,0,6
138534,3001,70,6
138534,3003,288,2
138534,30031,0,1
138534,3004,71,15
138534,3004,484,48
138534,3004,288,8
138534,3004,70,4
138534,3004,15,16
138534,30043,0,1
138534,3005,71,5
138534,3005,484,46
138534,3005,70,1
138534,3005,15,22
138534,3005,288,13
138534,3005,14,2
138534,3005,72,6
138534,3005,1,4
138534,3007,0,1
138534,3008,15,6
138534,3008,71,10
138534,3009,4,1
138534,3009,15,11
138534,3009,71,14
138534,3009,484,47
138534,3009,72,3
138534,3009,1,1
138534,3010,484,54
138534,3010,71,14
138534,3010,288,6
138534,3010,272,1
138534,3010,72,8
138534,3010,15,13
138534,3010,1,1
138534,30134,70,3
138534,30162,71,2
138534,3020,71,8
138534,3020,0,1
138534,3020,72,6
138534,3020,84,1
138534,3020,19,3
138534,3020,70,2
138534,3020,288,6
138534,3021,0,2
138534,3021,1,2
138534,3021,72,4
138534,3021,70,1
138534,3021,288,18
138534,3022,71,2
138534,3022,4,1
138534,3022,15,5
138534,3022,0,7
138534,3023,272,3
138534,3023,15,9
138534,3023,71,21
138534,3023,379,10
138534,3023,288,3
138534,3023,484,47
138534,3023,4,1
138534,3023,320,2
138534,3023,72,10
138534,3023,19,15
138534,3023,36,1
138534,3023,1,2
138534,3024,320,2
138534,3024,72,18
138534,3024,71,16
138534,3024,1,10
138534,3024,484,33
138534,3024,4,2
138534,3024,15,4
138534,3027,71,6
138534,3029,15,1
138534,3029,72,3
138534,3031,72,3
138534,3031,70,2
138534,3034,19,1
138534,3034,71,4
138534,3035,71,3
138534,30357,72,18
138534,30357,288,12
138534,30365,71,2
138534,30374,71,3
138534,30383,72,2
138534,30395,72,1
138534,3040b,72,5
138534,30414,72,1
138534,30414,4,1
138534,30503,71,1
138534,30504,71,3
138534,30505,70,3
138534,3062b,0,2
138534,3062b,272,4
138534,3062b,4,3
138534,3062b,41,2
138534,3062b,14,4
138534,3062b,15,16
138534,3062b,288,6
138534,3068b,72,13
138534,3068b,71,84
138534,3068bpr0273,70,1
138534,3068bpr0356,15,1
138534,3068bpr0362,4,1
138534,3068bpr0364,15,1
138534,3069b,71,18
138534,3069b,3,1
138534,3069b,322,2
138534,3069b,84,2
138534,3069b,72,13
138534,3069b,15,2
138534,3069b,379,1
138534,3069b,4,3
138534,3069b,19,4
138534,3069b,70,3
138534,3069b,484,25
138534,3069b,1,3
138534,3069bpr0099,15,1
138534,3069bpr0100,2,1
138534,3070b,14,3
138534,3070b,72,8
138534,3070b,379,3
138534,3070b,71,12
138534,3070b,272,2
138534,3070b,484,16
138534,3070b,15,4
138534,3070b,4,2
138534,3070b,1,2
138534,32028,19,2
138534,32028,71,3
138534,32039,71,1
138534,32054,0,1
138534,32062,0,2
138534,32062,4,15
138534,32073,71,2
138534,32123b,71,6
138534,32124,0,2
138534,32124,70,1
138534,32124,15,3
138534,32270,0,1
138534,32530,72,1
138534,32606,4,3
138534,32607,2,5
138534,32607,10,24
138534,32828,0,3
138534,32828,71,2
138534,32905,71,1
138534,3297,0,1
138534,33320,2,1
138534,33909,19,2
138534,34103,15,2
138534,34103,71,2
138534,34103,0,2
138534,34173,179,1
138534,3460,19,16
138534,3460,71,18
138534,3460,15,2
138534,3464,72,2
138534,35464,71,80
138534,35480,15,17
138534,35480,71,22
138534,35480,72,17
138534,35787,71,8
138534,35787,0,4
138534,3622,15,5
138534,3622,72,2
138534,3622,71,6
138534,3623,379,4
138534,3623,320,4
138534,3623,72,12
138534,3623,288,3
138534,3623,15,1
138534,3623,14,3
138534,3623,19,7
138534,3665,272,4
138534,3666,71,9
138534,3666,0,1
138534,3666,320,3
138534,3666,19,16
138534,3666,484,13
138534,3666,288,2
138534,3666,15,3
138534,36752a,0,1
138534,3680,0,1
138534,36840,70,4
138534,36840,0,2
138534,36840,15,1
138534,36840,72,3
138534,36841,272,3
138534,3700,15,2
138534,3700,72,4
138534,3700,0,6
138534,3700,84,1
138534,3701,72,2
138534,3702,15,2
138534,3706,0,4
138534,3710,73,1
138534,3710,320,4
138534,3710,288,3
138534,3710,19,5
138534,3710,14,2
138534,3710,1,1
138534,3710,71,3
138534,3710,272,3
138534,3710,15,5
138534,3710,484,8
138534,37352,15,3
138534,37762,15,1
138534,3795,0,1
138534,3795,70,1
138534,3795,72,2
138534,3795,71,4
138534,3811,19,1
138534,3823,47,1
138534,3829c01,4,1
138534,3832,19,2
138534,3832,72,9
138534,3836,70,1
138534,3895,72,2
138534,3899,47,1
138534,3899,14,2
138534,3941,72,2
138534,3941,41,1
138534,3941,15,3
138534,3957b,15,2
138534,3960pr0024,15,1
138534,39888,19,1
138534,4006,0,2
138534,4032a,288,4
138534,4032a,4,1
138534,4070,14,1
138534,4070,0,1
138534,4070,72,4
138534,4079b,4,1
138534,4081b,14,2
138534,4081b,71,2
138534,4081b,72,1
138534,4162,15,3
138534,4162,71,16
138534,4162,19,1
138534,41682,72,1
138534,4216,71,4
138534,4218,47,9
138534,4219,15,1
138534,42610,71,3
138534,4274,71,5
138534,4274,1,1
138534,4282,72,3
138534,4282,15,2
138534,4286,71,2
138534,43093,1,4
138534,4345b,15,1
138534,4346,15,1
138534,43722,70,2
138534,43723,70,2
138534,43888,19,2
138534,44294,71,2
138534,44300,71,2
138534,44302b,71,2
138534,4460b,1,2
138534,44728,71,9
138534,44728,4,2
138534,4477,72,10
138534,4522,0,1
138534,4523,70,1
138534,4528,179,1
138534,45677,1,1
138534,4599b,4,1
138534,4599b,15,1
138534,4599b,71,2
138534,4599b,0,4
138534,4599b,1,1
138534,4735,0,4
138534,4735,71,1
138534,4740,71,1
138534,4740,15,1
138534,4740,0,5
138534,47457,72,5
138534,48336,19,1
138534,4865b,40,4
138534,48723,70,2
138534,50950,71,16
138534,51739,71,1
138534,51739,14,4
138534,52107,15,1
138534,53020,71,1
138534,53585,0,2
138534,54200,71,2
138534,54200,47,1
138534,54200,14,2
138534,56903,15,4
138534,57515,72,1
138534,57895,47,2
138534,57895pr0016,47,1
138534,59443,14,4
138534,59443,0,4
138534,59443,15,10
138534,59895,0,3
138534,59900,15,1
138534,59900,0,1
138534,59900,70,2
138534,59900,46,1
138534,60470b,71,2
138534,60474,71,2
138534,60475b,19,2
138534,60475b,0,1
138534,60478,15,1
138534,60479,71,1
138534,60479,15,1
138534,60592,379,10
138534,60592,288,6
138534,60593,379,12
138534,60596,379,3
138534,60596,288,4
138534,60596,15,1
138534,60601,47,16
138534,60602,47,12
138534,60614,72,2
138534,60616b,47,3
138534,60623,322,1
138534,60623,73,1
138534,60623,70,1
138534,60806,15,1
138534,60897,15,1
138534,6091,0,2
138534,6091,4,2
138534,6091,70,4
138534,6091,71,2
138534,6091,1,2
138534,6112,15,5
138534,61184,71,1
138534,61252,71,2
138534,61254,0,4
138534,61409,0,4
138534,6141,0,2
138534,6141,182,4
138534,6141,14,2
138534,6141,71,6
138534,6141,46,4
138534,6141,72,9
138534,6179,71,2
138534,6180,0,1
138534,6187,72,2
138534,6215,71,2
138534,6232,15,2
138534,62361,71,3
138534,63864,14,2
138534,63864,71,3
138534,63864,15,3
138534,63864,72,3
138534,63965,70,1
138534,64453,40,2
138534,64644,71,13
138534,64648,25,1
138534,6536,71,3
138534,6541,15,2
138534,6628,0,2
138534,6636,15,7
138534,6636,71,9
138534,6636,272,2
138534,85080,15,6
138534,85861,15,4
138534,85861,70,3
138534,85861,320,2
138534,85861,0,9
138534,85943,72,1
138534,86208,72,1
138534,87079,484,10
138534,87079,14,1
138534,87079,71,5
138534,87079pr0185,15,1
138534,87087,484,8
138534,87087,72,3
138534,87552,15,5
138534,87552,47,10
138534,87580,72,1
138534,87580,322,1
138534,87620,272,2
138534,87994,0,2
138534,88072,72,3
138534,88072,15,1
138534,88393,71,2
138534,88704,0,1
138534,90258,72,2
138534,92107,71,3
138534,92262,1,1
138534,92263,1,1
138534,92280,15,1
138534,92280,71,2
138534,92338,72,1
138534,92409,0,2
138534,92586pr0001,84,1
138534,92593,72,4
138534,92593,71,12
138534,92593,14,2
138534,92690,71,3
138534,92947,0,1
138534,92950,72,1
138534,93274,71,21
138534,93555,0,2
138534,95344,0,1
138534,96874,25,1
138534,98100,71,1
138534,98100,0,3
138534,98138,36,2
138534,98138,72,2
138534,98138,34,1
138534,98138,71,7
138534,98138,46,3
138534,98138,0,4
138534,98138,47,1
138534,98138pr0018,84,2
138534,98138pr0056,84,2
138534,98282,0,4
138534,98283,72,5
138534,98369,179,1
138534,98585,71,2
138534,99206,15,1
138534,99206,71,2
138534,99780,15,2
138534,99780,1,1
138534,99781,71,3
138534,99781,1,1
138632,19220,0,1
138632,37829pr0001,378,1
138632,42876,484,1
138659,11203,72,3
138659,11478,0,1
138659,15207,71,1
138659,15573,70,8
138659,15712,15,1
138659,18789,179,1
138659,18791,72,1
138659,19727pr0005,0,1
138659,19729pr2183,35,1
138659,2357,25,1
138659,2456,70,1
138659,2456,71,1
138659,24866,4,1
138659,24866,30,1
138659,2639,72,1
138659,26603,0,1
138659,2921,84,8
138659,3001,71,4
138659,3001,70,1
138659,3003,25,4
138659,3003,70,1
138659,3003,71,13
138659,3004,70,1
138659,3004,25,1
138659,3004,71,5
138659,3004pr0014,84,2
138659,3005,182,1
138659,3007,71,1
138659,3008,71,1
138659,3009,70,3
138659,3010,71,1
138659,3010,70,1
138659,30145,71,3
138659,3020,71,7
138659,3020,0,1
138659,3020,72,2
138659,3020,2,1
138659,3020,70,3
138659,3021,0,1
138659,3022,71,13
138659,3022,70,3
138659,3022,0,1
138659,3023,71,1
138659,3024,71,12
138659,3024,46,2
138659,3024,182,3
138659,3032,2,2
138659,3032,70,1
138659,3033,25,1
138659,3036,1,1
138659,3036,72,1
138659,3039,33,1
138659,30414,72,1
138659,3068bpr0236,84,1
138659,32000,71,4
138659,32000,70,6
138659,32002,19,1
138659,3245c,71,3
138659,3298,25,1
138659,3666,71,1
138659,3795,25,1
138659,3795,71,4
138659,3832,70,2
138659,3958,72,3
138659,4032a,0,1
138659,41677,72,1
138659,43093,1,1
138659,4519,14,1
138659,45590,0,1
138659,4727,10,2
138659,48336,0,2
138659,55013,72,1
138659,59426,72,1
138659,60483,72,1
138659,61332,0,1
138659,6141,70,6
138659,6141,322,4
138659,6141,0,4
138659,6141,19,4
138659,6180,72,1
138659,6231,70,3
138659,63868,0,4
138659,64644,308,2
138659,6541,70,1
138659,6636,71,2
138659,73983,0,4
138659,75937,15,1
138659,85984,14,1
138659,85984,71,3
138659,87087,72,2
138659,87580,72,11
138659,87580,71,3
138659,87580,10,3
138659,88393,71,2
138659,98283,84,7
138660,11153,4,2
138660,11203,71,1
138660,11211,0,1
138660,11214,72,2
138660,11291,4,1
138660,11458,4,8
138660,11477,14,1
138660,11477,4,3
138660,14769,72,1
138660,14769,71,1
138660,14769pr1174,297,1
138660,15068,4,1
138660,15303,182,3
138660,15400,72,2
138660,15573,0,2
138660,15712,297,1
138660,15712,72,8
138660,18651,0,2
138660,18654,0,2
138660,18677,71,2
138660,18677,0,6
138660,21459,179,2
138660,21459,297,6
138660,22385,0,1
138660,22961,4,4
138660,2412b,0,5
138660,2412b,71,2
138660,2412b,36,2
138660,2412b,179,1
138660,2420,4,2
138660,2420,15,2
138660,24201,0,2
138660,24299,0,1
138660,24307,0,1
138660,24309,4,1
138660,2431,4,4
138660,2431,0,3
138660,2445,72,2
138660,2540,72,2
138660,2540,4,1
138660,2654,0,2
138660,2730,0,2
138660,2780,0,16
138660,28192,4,10
138660,28192,85,2
138660,28326,0,1
138660,2877,72,5
138660,29119,4,4
138660,29120,4,4
138660,3001,0,2
138660,3002,25,2
138660,3005,0,2
138660,30136,70,2
138660,3020,0,7
138660,3020,71,4
138660,3021,4,10
138660,3021,72,4
138660,3022,0,2
138660,3022,71,4
138660,3022,4,4
138660,3023,0,1
138660,3023,4,21
138660,3024,25,2
138660,3024,297,1
138660,3031,71,2
138660,3034,72,1
138660,3034,4,4
138660,3035,71,1
138660,30374,36,1
138660,30414,4,1
138660,3062b,70,2
138660,3069b,4,2
138660,3069b,46,3
138660,3070b,0,2
138660,32000,0,2
138660,32002,19,1
138660,32018,72,2
138660,32028,71,2
138660,32034,4,2
138660,32062,4,1
138660,32064a,72,2
138660,32073,71,2
138660,32123b,71,2
138660,32192,0,2
138660,32249,71,2
138660,32449,0,2
138660,32523,0,4
138660,32803,71,1
138660,33909,0,2
138660,3460,4,2
138660,3460,14,2
138660,35299,0,1
138660,35480,70,4
138660,35480,72,2
138660,3623,4,20
138660,3660,4,1
138660,3665,4,4
138660,3666,4,2
138660,3666,0,7
138660,3673,71,2
138660,36841,71,2
138660,3701,0,4
138660,3705,0,6
138660,3710,0,7
138660,3710,72,9
138660,3713,4,5
138660,3795,19,4
138660,3795,4,3
138660,3795,0,3
138660,3832,4,2
138660,3832,0,2
138660,3895,71,2
138660,3958,0,1
138660,4032a,85,1
138660,4032a,70,2
138660,4032a,72,1
138660,4162,0,2
138660,41677,72,2
138660,41769,4,1
138660,41769,0,2
138660,41770,4,1
138660,41770,0,2
138660,42135,4,2
138660,42918,4,4
138660,42924,1,8
138660,43093,1,2
138660,43710,0,1
138660,43711,0,1
138660,43722,0,2
138660,43722,4,1
138660,43723,0,2
138660,43723,4,1
138660,44294,14,2
138660,44676,4,2
138660,44861,0,4
138660,4519,71,1
138660,51739,4,1
138660,53454,179,1
138660,54200,0,7
138660,55978,0,4
138660,55981,297,2
138660,56145,297,4
138660,59426,72,2
138660,59443,14,2
138660,60470b,0,4
138660,60477,0,2
138660,60478,71,2
138660,60479,0,7
138660,60483,72,2
138660,60484,71,2
138660,6091,0,2
138660,61252,0,1
138660,6141,297,31
138660,6141,25,2
138660,6231,0,2
138660,62361,4,2
138660,63864,0,4
138660,63965,297,1
138660,64567,0,2
138660,6541,0,6
138660,65426,4,1
138660,65429,4,1
138660,6632,14,2
138660,6632,0,2
138660,66906,0,2
138660,71544,9999,1
138660,73562,71,2
138660,73983,71,2
138660,76138,71,1
138660,85943,72,1
138660,85984,4,6
138660,85984,0,2
138660,85984,71,4
138660,87079,4,3
138660,87083,72,2
138660,87087,0,1
138660,87994,70,2
138660,89201,0,2
138660,92338,297,1
138660,92690,1103,1
138660,93606,0,1
138660,93606,4,4
138660,96874,25,1
138660,98100,0,1
138660,98137,297,2
138660,98138,72,2
138660,98138,36,2
138660,98313,297,2
138660,99021,72,2
138660,99207,4,2
138660,99207,71,6
138660,99780,0,7
138660,99780,15,8
138716,11090,0,4
138716,11211,71,1
138716,11476,1,2
138716,11477,0,6
138716,14716,0,1
138716,14769pr1040,15,1
138716,15533,71,3
138716,15535,0,3
138716,18980,0,2
138716,1927,0,2
138716,22888,0,1
138716,2417,10,9
138716,2419,71,1
138716,2420,0,5
138716,2423,2,5
138716,2435,2,1
138716,24855,2,1
138716,24866,14,3
138716,2489,70,1
138716,25214,0,2
138716,25269,0,2
138716,2540,28,1
138716,2540,1,2
138716,26047,70,1
138716,3005,0,15
138716,30136,0,30
138716,30165,0,2
138716,3023,70,1
138716,3024,0,7
138716,3031,1,1
138716,30357,0,2
138716,30987,0,5
138716,32828,70,2
138716,32952,0,4
138716,35480,0,15
138716,3622,71,2
138716,3665,71,4
138716,3666,0,4
138716,3710,0,2
138716,3830,0,1
138716,3831,0,1
138716,3846pr0041,70,2
138716,3941,0,3
138716,3957b,0,1
138716,4032a,0,1
138716,4032a,10,2
138716,4032a,70,2
138716,40379,0,5
138716,4490,0,5
138716,4495b,4,1
138716,4499,70,1
138716,4519,14,1
138716,4740,4,1
138716,48729b,71,1
138716,57585,0,1
138716,59900,19,1
138716,6003,2,4
138716,6020,70,1
138716,60897,71,1
138716,6141,297,2
138716,6141,70,2
138716,6141,0,10
138716,6233,0,1
138716,65473,0,1
138716,6636,1,4
138716,68013,0,7
138716,76764,179,1
138716,78258,0,2
138716,78666,0,6
138716,85080,0,3
138716,87087,71,2
138716,88292,0,4
138716,92950,0,2
138716,93789,179,1
138716,98283,71,4
138716,98397,0,4
138912,3624,320,1
138912,3626cpr0386,14,1
138912,970c14pr1094,71,1
138912,973c27h01pr3430,15,1
138913,3626cpr1146,14,1
138913,970c07,308,1
138913,973c27h01pr2084,71,1
138913,99930,308,1
138914,3626cpr1666,14,1
138914,85974,84,1
138914,970c05,272,1
138914,973c22h01pr3432,15,1
138915,16178pat0001,4,1
138915,3626cpr2109,14,1
138915,970c28,1,1
138915,973c32h01pr1244,73,1
138978,44141a,22,1
138978,44141apat0001,25,1
138978,44141apat0001,4,1
138978,44141apat0001,1065,1
138978,44141apat0001,178,1
138978,44141apat0001,14,1
138978,44141apat0002,4,1
138978,44141apat0003,0,1
138978,44141apat0003,14,1
138978,44141apat0003,1065,1
138978,44141apat0004,1086,1
138978,44141apat0004,19,1
138978,44141apat0005,1086,1
138978,44141apat0005,148,1
138978,44141apat0005,14,1
138978,44141apat0006,137,1
138978,44141apat0007,1086,1
138978,44141apat0007,150,1
138978,44141apat0007,148,1
138978,44141apat0008,0,1
138978,44141apat0009,1086,1
138978,44141apat0009,27,1
138978,44141apat0009,137,1
138978,44141apat0010,4,1
138978,44141apat0010,148,1
138978,44141apat0010,2,1
138978,44141apat0010,137,1
138978,44141apat0011,148,1
138978,44141apat0011,137,1
138978,44141apat0012,1,1
138978,44141apat0012,0,1
138978,44141apat0012,1086,1
138978,44141apat0012,1065,1
138978,44141apat0013,178,1
138978,44141apat0013,0,1
138978,44141apat0013,14,1
138978,44141apat0014,2,1
138978,44141apat0014,178,1
138978,44141apat0015,150,1
138978,44141apat0016,0,1
138978,44141apat0016,27,1
138978,44141apat0016,178,1
138978,44141apat0016,1065,1
138978,44141b,22,1
138978,44141bpat0001,4,1
138978,44141bpat0001,178,1
138978,44141bpat0001,25,1
138978,44141bpat0001,1065,1
138978,44141bpat0001,14,1
138978,44141bpat0002,4,1
138978,44141bpat0003,14,1
138978,44141bpat0003,1065,1
138978,44141bpat0003,0,1
138978,44141bpat0004,1086,1
138978,44141bpat0004,19,1
138978,44141bpat0005,148,1
138978,44141bpat0005,14,1
138978,44141bpat0005,1086,1
138978,44141bpat0006,137,1
138978,44141bpat0007,1086,1
138978,44141bpat0007,148,1
138978,44141bpat0007,150,1
138978,44141bpat0008,0,1
138978,44141bpat0009,1086,1
138978,44141bpat0009,27,1
138978,44141bpat0009,137,1
138978,44141bpat0010,137,1
138978,44141bpat0010,4,1
138978,44141bpat0010,2,1
138978,44141bpat0010,148,1
138978,44141bpat0011,137,1
138978,44141bpat0011,148,1
138978,44141bpat0012,1065,1
138978,44141bpat0012,0,1
138978,44141bpat0012,1086,1
138978,44141bpat0012,1,1
138978,44141bpat0013,0,1
138978,44141bpat0013,178,1
138978,44141bpat0013,14,1
138978,44141bpat0014,2,1
138978,44141bpat0014,178,1
138978,44141bpat0015,150,1
138978,44141bpat0016,0,1
138978,44141bpat0016,1065,1
138978,44141bpat0016,27,1
138978,44141bpat0016,178,1
138978,44141c,22,1
138978,44141cpat0001,14,1
138978,44141cpat0001,1065,1
138978,44141cpat0001,4,1
138978,44141cpat0001,178,1
138978,44141cpat0001,25,1
138978,44141cpat0002,4,1
138978,44141cpat0003,1065,1
138978,44141cpat0003,0,1
138978,44141cpat0003,14,1
138978,44141cpat0004,1086,1
138978,44141cpat0004,19,1
138978,44141cpat0005,14,1
138978,44141cpat0005,1086,1
138978,44141cpat0005,148,1
138978,44141cpat0006,137,1
138978,44141cpat0007,150,1
138978,44141cpat0007,1086,1
138978,44141cpat0007,148,1
138978,44141cpat0008,0,1
138978,44141cpat0009,1086,1
138978,44141cpat0009,27,1
138978,44141cpat0009,137,1
138978,44141cpat0010,148,1
138978,44141cpat0010,137,1
138978,44141cpat0010,2,1
138978,44141cpat0010,4,1
138978,44141cpat0011,137,1
138978,44141cpat0011,148,1
138978,44141cpat0012,1065,1
138978,44141cpat0012,1086,1
138978,44141cpat0012,0,1
138978,44141cpat0012,1,1
138978,44141cpat0013,0,1
138978,44141cpat0013,178,1
138978,44141cpat0013,14,1
138978,44141cpat0014,178,1
138978,44141cpat0014,2,1
138978,44141cpat0015,150,1
138978,44141cpat0016,27,1
138978,44141cpat0016,1065,1
138978,44141cpat0016,0,1
138978,44141cpat0016,178,1
138978,44141d,22,1
138978,44141dpat0001,4,1
138978,44141dpat0001,178,1
138978,44141dpat0001,1065,1
138978,44141dpat0001,25,1
138978,44141dpat0001,14,1
138978,44141dpat0002,4,1
138978,44141dpat0003,1065,1
138978,44141dpat0003,14,1
138978,44141dpat0003,0,1
138978,44141dpat0004,19,1
138978,44141dpat0004,1086,1
138978,44141dpat0005,148,1
138978,44141dpat0005,1086,1
138978,44141dpat0005,14,1
138978,44141dpat0006,137,1
138978,44141dpat0007,148,1
138978,44141dpat0007,1086,1
138978,44141dpat0007,150,1
138978,44141dpat0008,0,1
138978,44141dpat0009,27,1
138978,44141dpat0009,137,1
138978,44141dpat0009,1086,1
138978,44141dpat0010,137,1
138978,44141dpat0010,148,1
138978,44141dpat0010,4,1
138978,44141dpat0010,2,1
138978,44141dpat0011,137,1
138978,44141dpat0011,148,1
138978,44141dpat0012,0,1
138978,44141dpat0012,1086,1
138978,44141dpat0012,1,1
138978,44141dpat0012,1065,1
138978,44141dpat0013,0,1
138978,44141dpat0013,14,1
138978,44141dpat0013,178,1
138978,44141dpat0014,2,1
138978,44141dpat0014,178,1
138978,44141dpat0015,150,1
138978,44141dpat0016,1065,1
138978,44141dpat0016,27,1
138978,44141dpat0016,178,1
138978,44141dpat0016,0,1
138978,44141e,22,1
138978,44141epat0001,1065,1
138978,44141epat0001,178,1
138978,44141epat0001,25,1
138978,44141epat0001,14,1
138978,44141epat0001,4,1
138978,44141epat0002,4,1
138978,44141epat0003,0,1
138978,44141epat0003,14,1
138978,44141epat0003,1065,1
138978,44141epat0004,19,1
138978,44141epat0004,1086,1
138978,44141epat0005,14,1
138978,44141epat0005,1086,1
138978,44141epat0005,148,1
138978,44141epat0006,137,1
138978,44141epat0007,148,1
138978,44141epat0007,1086,1
138978,44141epat0007,150,1
138978,44141epat0008,0,1
138978,44141epat0009,1086,1
138978,44141epat0009,137,1
138978,44141epat0009,27,1
138978,44141epat0010,4,1
138978,44141epat0010,148,1
138978,44141epat0010,137,1
138978,44141epat0010,2,1
138978,44141epat0011,148,1
138978,44141epat0011,137,1
138978,44141epat0012,1,1
138978,44141epat0012,0,1
138978,44141epat0012,1065,1
138978,44141epat0012,1086,1
138978,44141epat0013,14,1
138978,44141epat0013,0,1
138978,44141epat0013,178,1
138978,44141epat0014,2,1
138978,44141epat0014,178,1
138978,44141epat0015,150,1
138978,44141epat0016,178,1
138978,44141epat0016,0,1
138978,44141epat0016,27,1
138978,44141epat0016,1065,1
138978,44141f,22,1
138978,44141fpat0001,25,1
138978,44141fpat0001,4,1
138978,44141fpat0001,178,1
138978,44141fpat0001,14,1
138978,44141fpat0001,1065,1
138978,44141fpat0002,4,1
138978,44141fpat0003,14,1
138978,44141fpat0003,1065,1
138978,44141fpat0003,0,1
138978,44141fpat0004,19,1
138978,44141fpat0004,1086,1
138978,44141fpat0005,148,1
138978,44141fpat0005,1086,1
138978,44141fpat0005,14,1
138978,44141fpat0006,137,1
138978,44141fpat0007,1086,1
138978,44141fpat0007,148,1
138978,44141fpat0007,150,1
138978,44141fpat0008,0,1
138978,44141fpat0009,137,1
138978,44141fpat0009,1086,1
138978,44141fpat0009,27,1
138978,44141fpat0010,137,1
138978,44141fpat0010,4,1
138978,44141fpat0010,148,1
138978,44141fpat0010,2,1
138978,44141fpat0011,137,1
138978,44141fpat0011,148,1
138978,44141fpat0012,1086,1
138978,44141fpat0012,1065,1
138978,44141fpat0012,0,1
138978,44141fpat0012,1,1
138978,44141fpat0013,14,1
138978,44141fpat0013,0,1
138978,44141fpat0013,178,1
138978,44141fpat0014,178,1
138978,44141fpat0014,2,1
138978,44141fpat0015,150,1
138978,44141fpat0016,27,1
138978,44141fpat0016,1065,1
138978,44141fpat0016,0,1
138978,44141fpat0016,178,1
139036,11203,320,2
139036,11211,72,6
139036,11253,179,4
139036,11476,320,9
139036,11477,80,18
139036,11477,320,2
139036,14417,72,1
139036,14704,71,1
139036,15573,320,18
139036,15573,71,5
139036,15672,320,3
139036,22385,320,10
139036,22885,4,1
139036,22885,71,4
139036,2412b,297,4
139036,2420,191,4
139036,2420,71,2
139036,2420,320,3
139036,24309,320,1
139036,2431,71,2
139036,2431,0,2
139036,2456,320,1
139036,2476a,71,2
139036,25269,320,2
139036,2540,297,8
139036,26047,297,4
139036,26601,320,2
139036,26604,191,2
139036,27263,80,6
139036,27263,320,2
139036,27507,71,4
139036,28192,80,6
139036,28192,320,4
139036,28802,71,1
139036,29119,320,1
139036,29120,320,1
139036,3001,71,2
139036,3003,320,4
139036,3003,71,1
139036,3004,0,4
139036,3007,71,1
139036,3009,320,1
139036,30136,3,2
139036,30137,84,4
139036,30166,72,6
139036,3020,19,2
139036,3020,71,2
139036,3020,320,2
139036,3020,15,4
139036,3020,0,4
139036,3021,19,6
139036,3021,71,5
139036,3021,320,6
139036,3022,320,7
139036,3022,297,1
139036,3022,0,3
139036,3022,72,6
139036,3023,320,13
139036,3023,14,2
139036,3023,19,2
139036,3023,3,4
139036,3023,46,5
139036,3023,52,1
139036,3023,0,7
139036,3023,182,1
139036,3023,71,6
139036,3024,36,1
139036,3024,71,6
139036,3024,320,1
139036,3031,320,3
139036,3034,71,2
139036,3034,320,3
139036,3035,19,1
139036,3039,320,1
139036,30414,4,2
139036,3045,0,4
139036,30565,71,4
139036,30602,320,5
139036,3068b,320,6
139036,3069b,80,9
139036,3069b,320,7
139036,3069b,46,2
139036,3070b,320,6
139036,3070b,80,4
139036,32028,297,14
139036,32324,0,1
139036,32525,15,2
139036,32803,320,10
139036,32952,1,4
139036,3298,0,8
139036,33909,320,1
139036,3460,0,5
139036,3460,71,1
139036,34816,71,2
139036,35459,320,2
139036,35787,320,8
139036,3623,0,2
139036,3623,71,4
139036,3666,15,4
139036,3666,320,4
139036,3666,71,3
139036,3675,0,4
139036,3700,4,4
139036,3705,0,2
139036,3710,320,10
139036,3710,326,11
139036,3710,71,3
139036,3795,19,4
139036,3795,71,2
139036,3937,0,1
139036,3941,35,1
139036,3958,4,1
139036,4032a,19,3
139036,4070,0,4
139036,41682,2,2
139036,41682,71,6
139036,42862,320,3
139036,43722,320,1
139036,43723,320,1
139036,44728,25,6
139036,4477,0,4
139036,44861,15,8
139036,45677,320,1
139036,47457,14,6
139036,47753,320,1
139036,47755,71,1
139036,48165,320,3
139036,50745,71,2
139036,50955,320,1
139036,50956,320,1
139036,52031,320,1
139036,54200,36,1
139036,54200,320,1
139036,54200,33,2
139036,54383,320,1
139036,54384,320,1
139036,6005,320,4
139036,60477,320,1
139036,6081,320,2
139036,60897,15,2
139036,6091,320,12
139036,61252,297,7
139036,6134,71,1
139036,61409,80,2
139036,61409,320,14
139036,6141,35,1
139036,6141,0,8
139036,6180pr9996,0,1
139036,61976,297,4
139036,63864,80,14
139036,64225,320,1
139036,64799,0,1
139036,65426,80,1
139036,65429,80,1
139036,67329,14,3
139036,72132,72,2
139036,85861,297,22
139036,85984,80,1
139036,87079,320,3
139036,87087,484,6
139036,87580,320,2
139036,87580,71,2
139036,92950,72,1
139036,93606,320,1
139036,98560,0,4
139036,98834,320,1
139036,99206,71,4
139036,99206,379,9
139036,99206,320,7
139036,99207,27,2
139036,99563,71,3
139036,99563,82,8
139036,99780,320,6
139036,99781,320,3
139083,3626cpr3721,78,1
139083,92081,25,1
139083,970c41pr2308,484,1
139083,973c42h02pr6089,322,1
139088,10052,15,1
139088,3626cpr3506,78,1
139088,36806,15,1
139088,970c37,26,1
139088,973c37h02pr5696,26,1
139090,11303,288,1
139090,3626cpr2523,14,1
139090,970c18,27,1
139090,973c34h01pr6102,25,1
139119,21778,308,1
139119,3626cpr3266,14,1
139119,41879a,272,1
139119,973c22h01pr4807,4,1
139120,3626cpr1635,14,1
139120,41879a,19,1
139120,87990,484,1
139120,973c04h01pr3431,321,1
139134,10068838,9999,1
139134,10100777,9999,1
139134,10884,10,2
139134,11090,70,1
139134,11211,15,3
139134,11211,71,1
139134,11213,84,1
139134,11291,4,1
139134,11477,321,2
139134,11602pr0027,15,1
139134,11609,191,1
139134,13548,72,1
139134,13770,297,1
139134,14716,71,6
139134,14716,15,8
139134,14769,19,1
139134,15068,321,2
139134,15254,15,2
139134,15279,10,1
139134,15332,297,2
139134,15470,323,2
139134,15533,71,2
139134,15535,15,1
139134,15571,297,1
139134,15571,4,2
139134,15745,45,2
139134,18646,31,2
139134,18674,15,3
139134,18674,70,3
139134,18674,31,4
139134,18674,10,2
139134,18853,29,8
139134,18980,10,2
139134,18980,31,2
139134,18980,226,1
139134,19798,72,1
139134,20310,297,10
139134,20482,70,1
139134,21229,297,4
139134,22385,15,3
139134,22885,15,1
139134,2343,47,1
139134,23969,19,2
139134,23969,41,1
139134,2420,31,4
139134,2431,10,4
139134,2431,26,3
139134,2454b,15,8
139134,2454b,71,4
139134,24593,15,2
139134,24855,2,2
139134,24866,31,21
139134,24866,191,21
139134,24866,26,2
139134,24866,10,21
139134,24866,4,7
139134,24947,4,1
139134,2571,41,1
139134,25975pr0001,84,1
139134,27263,15,4
139134,27448,15,1
139134,27507,26,2
139134,27507,15,1
139134,27925,30,4
139134,28318pr0004,15,1
139134,3001,15,3
139134,3001,3,1
139134,3002,70,1
139134,3003,70,1
139134,3003,3,2
139134,3003,15,3
139134,3003,29,1
139134,3003,226,2
139134,3004,3,2
139134,3004,70,1
139134,3004,26,10
139134,3004,226,1
139134,3004,84,1
139134,3009,26,1
139134,3009,15,2
139134,30093,10,1
139134,3010,3,1
139134,3010,15,5
139134,3010,26,4
139134,30145,15,2
139134,30151b,47,1
139134,30153,47,1
139134,30153,45,1
139134,30153,46,1
139134,30153,41,1
139134,3020,15,1
139134,3020,226,1
139134,3022,19,1
139134,3022,70,1
139134,3023,15,6
139134,3033,31,4
139134,30357,19,1
139134,30357,70,1
139134,3039,3,2
139134,3040b,72,4
139134,30562pr0008,15,2
139134,3062b,46,1
139134,3062b,297,8
139134,3062b,47,3
139134,3062b,70,2
139134,3068b,19,2
139134,3069b,191,2
139134,3069b,31,4
139134,3069b,26,3
139134,30987,15,2
139134,30987,71,6
139134,3176,70,2
139134,32000,15,1
139134,3245c,15,2
139134,32606,5,2
139134,32607,10,5
139134,32952,71,2
139134,33051,4,1
139134,33909,70,1
139134,34816,15,5
139134,35563,26,3
139134,35565,31,1
139134,3623,31,2
139134,3626cpr1296,14,1
139134,3659,15,2
139134,3659,71,2
139134,3660,26,12
139134,3666,31,5
139134,3678b,15,2
139134,3700,70,1
139134,3710,19,2
139134,3710,15,1
139134,37352,15,5
139134,37775,182,2
139134,37776,297,1
139134,3795,191,1
139134,38106pr0002,10,1
139134,3852b,322,1
139134,3937,84,1
139134,3941,226,1
139134,40066,15,1
139134,4032a,15,1
139134,41740,31,22
139134,41835pr0001,321,1
139134,41948,26,1
139134,41948,31,1
139134,4282,321,2
139134,4282,2,2
139134,43888,70,1
139134,43888,297,1
139134,44728,85,2
139134,44728,15,1
139134,4529,0,1
139134,4533,15,1
139134,46212,41,2
139134,4738c,297,1
139134,4739a,297,1
139134,4740,4,1
139134,4865b,15,2
139134,52107,71,1
139134,54200,26,20
139134,59349,71,3
139134,59900,15,1
139134,59900,45,1
139134,6003,19,1
139134,6003,26,2
139134,60474,15,1
139134,60475b,15,8
139134,60475b,14,1
139134,60581,15,1
139134,60593,15,2
139134,60602,47,2
139134,6066,15,2
139134,60808,15,2
139134,60808,71,4
139134,6091,15,2
139134,6134,70,1
139134,6141,226,2
139134,61485,15,1
139134,6182,71,2
139134,6182,226,1
139134,6182,15,2
139134,63864,26,2
139134,63965,297,5
139134,64644,70,1
139134,64648,212,1
139134,65304,297,1
139134,65509,70,1
139134,65700,323,1
139134,65702,323,1
139134,6636,26,6
139134,66857,297,1
139134,67051pr0003,4,1
139134,67361,70,1
139134,68297,31,3
139134,68568,31,8
139134,69729,19,2
139134,69871,31,1
139134,76959,15,5
139134,77808,297,8
139134,78256,71,2
139134,78256,19,3
139134,78258,72,1
139134,78666,15,6
139134,78666,226,4
139134,79741,179,1
139134,80015,26,2
139134,80029,1054,2
139134,80031,31,2
139134,80326,15,5
139134,80910,15,1
139134,85861,182,2
139134,85861,41,3
139134,85861,297,6
139134,85941,15,2
139134,85984,26,5
139134,85984,226,1
139134,87079,1,2
139134,87079,4,1
139134,87079,3,1
139134,87079,158,1
139134,87079,30,1
139134,87079,26,1
139134,87079,15,1
139134,87081,226,1
139134,87087,71,2
139134,87580,3,1
139134,87580,2,4
139134,87580,15,1
139134,87580,297,6
139134,87580,4,1
139134,87580,29,2
139134,87580,191,2
139134,87580,226,1
139134,87580,321,2
139134,87620,26,12
139134,89678,4,3
139134,92410,3,1
139134,92438,10,2
139134,92947,297,8
139134,92950,19,2
139134,93092,191,1
139134,93095,70,1
139134,93095,19,1
139134,93095,15,2
139134,93095,191,1
139134,93552pat0003,70,1
139134,96874,3,1
139134,98138,158,2
139134,98138pr0048,70,2
139134,98138pr0283,297,1
139134,99563,297,11
139173,27186,226,1
139173,3626cpr2109,14,1
139173,970c18,27,1
139173,973c27h01pr6104,15,1
139176,3626cpr1675,14,1
139176,87990,70,1
139176,970c18,27,1
139176,973c27h01pr6104,15,1
139184,11303,288,1
139184,3626cpr2399,14,1
139184,970c18,27,1
139184,973c27h01pr6104,15,1
139189,3626cpr3377,14,1
139189,62711,25,1
139189,970c09,85,1
139189,973c14h04pr5982,1062,1
139190,23186,308,1
139190,3626cpr2916,14,1
139190,970c05,272,1
139190,973c29h01pr5738,15,1
139191,35701,321,1
139191,3626cpr3158,14,1
139191,970c27pr2259,0,1
139191,973e114pr6003,1000,1
139195,2524,70,1
139195,30170,72,1
139195,30171,70,1
139195,3626cpr1557,14,1
139195,970c11,28,1
139195,973c07h01pr6004,308,1
139196,2544,0,1
139196,3626cpr0895,15,1
139196,6266,15,2
139196,78132,15,1
139196,93609,15,2
139197,3626cpr2113,14,1
139197,64807,308,1
139197,970c28,1,1
139197,973c32h01pr4900,73,1
139202,24629pr0002,78,1
139202,24634,14,1
139202,970c32,73,1
139202,973c22h27pr6040,4,1
139204,24629pr0001,78,1
139204,970c22,4,1
139204,973c32h27pr6039,19,1
139207,64647,4,1
139207,84382pr3690,78,1
139207,970c12,72,1
139207,973c30h27pr6058,179,1
139209,24629pr0002,78,1
139209,24634,5,1
139209,65753,5,1
139209,970c30,179,1
139209,973c36h27pr6053,5,1
139211,1646,31,1
139211,24633pr0002,15,1
139211,33322,297,1
139211,970c27pat38pr1098,15,1
139211,973c39h27pr6057,31,1
139213,1113pr3701,15,1
139213,970c27pat38,15,1
139213,973e107pr6060,212,1
139214,53062pr0001,0,1
139214,970c28,1,1
139214,973c34h27pr6049,25,1
139215,24629pr0001,78,1
139215,970c28,1,1
139215,973c27h27pr6044,4,1
139216,24629pr0002,78,1
139216,24634,4,1
139216,50689pr0001,4,1
139216,970c27pat03pr1097,15,1
139216,973c43h27pr6045,29,1
139233,1127,14,1
139233,23766pr0024,92,1
139233,25767pr0014,3,1
139233,41879a,70,1
139235,19729pr0057,10,1
139235,970c14,71,1
139235,973c27h19pr6170,15,1
139237,19729pr0003,2,1
139237,19730,179,1
139237,970c09,85,1
139237,973c04h31pr2820,321,1
139238,19729pr0055,15,1
139238,970c27pr2335,15,1
139238,973c27h05pr6139,15,1
139239,19729pr0056,25,1
139239,970c46pr2337,3,1
139239,973c21h02pr6147,3,1
139241,19729pr0002,15,1
139241,6266,15,2
139241,78132,15,1
139241,93061,15,2
139244,19729pr9998,71,1
139244,970c12pr2313,71,1
139244,973c14h12pr6103,72,1
139245,19729pr9999,308,1
139245,970c34,25,1
139245,973c46h23pr6098,26,1
139246,23766pr0024,92,1
139246,25767pr0012,4,1
139246,41879a,70,1
139247,23766pr0051,92,1
139247,25767pr0011,4,1
139247,41879a,70,1
139248,23766pr0020,71,1
139248,28974,0,1
139248,970c03,0,1
139248,973c10h14pr5004,320,1
139249,19729pr0053,3,1
139249,78331,1103,1
139249,970c05,272,1
139249,973c46h12pr6105,272,1
139250,11212,4,1
139250,15573,0,2
139250,15712,4,2
139250,2412b,19,4
139250,26603pr0087,4,1
139250,3005,0,2
139250,3024,320,6
139250,33909,484,1
139250,3623,4,1
139250,48336,72,1
139250,63864,4,1
139250,85861,71,2
139250,87087,4,3
139250,87087,72,2
139250,87552,4,2
139251,73232pr0002,92,1
139251,970c03,0,1
139251,973e116pr6146,0,1
139252,73232pr0001,92,1
139252,970c21,297,1
139252,973c13h13pr5511,70,1
139254,35526,321,1
139254,35530pr0038,2,1
139255,19729pr0054,28,1
139255,970c41,379,1
139255,973c27h12pr6131,320,1
139256,1127,14,1
139256,23766pr0024,92,1
139256,25767pr0013,191,1
139256,41879a,308,1
139259,17630,0,1
139259,3626cpr3794,78,1
139259,37614,179,1
139259,970c30pr2366,179,1
139259,973c30h12pr6216,179,1
139260,28974,72,1
139260,3626cpr3656,70,1
139260,80429,1103,1
139260,80430pr0010,1103,1
139260,970c75pr2364,1103,1
139260,973c75h12pr6211,1103,1
139261,28621,41,1
139261,37614,191,1
139261,80429,1103,1
139261,80430pr0011,1103,1
139261,970c75pr2365,1103,1
139261,973c75h12pr6213,1103,1
139262,28621,41,1
139262,36452,0,1
139262,80429,320,1
139262,80430pr0008,320,1
139262,970c10pr1754,320,1
139262,973c21h10pr4829,320,1
139294,15515,10,1
139294,1643,4,1
139294,18783,70,3
139294,18918,15,1
139294,23925,19,1
139294,26249,70,1
139294,26249,15,1
139294,27383pr0003,15,1
139294,28262pr0060,4,1
139294,3011pr1050,15,2
139294,31110pr0158,1050,1
139294,31110pr0160,70,2
139294,31110pr0161,70,2
139294,31213pr9992,15,1
139294,31333pr9998,15,1
139294,3437,84,1
139294,3437,72,1
139294,3437,71,1
139294,3437,46,1
139294,3437pr0168,72,1
139294,3437pr0169,322,1
139294,3437pr0170,226,1
139294,35735,4,1
139294,40666,15,1
139294,4672,15,2
139294,49989pr0001,484,1
139294,61649,2,1
139294,61649,70,1
139294,6474,71,1
139294,65245pr0001,212,1
139294,65273,323,1
139294,70676,15,8
139294,76371,71,1
139294,84192,10,1
139294,87084,15,1
139294,93353,15,1
139294,98222,323,1
139312,36036pr0045,31,1
139312,3626cpr9834,14,1
139312,79737,0,1
139312,973c27h01pr6107,15,1
139313,1885pr0001,4,1
139313,3626cpr3714,19,1
139313,53094pr0001,484,1
139313,970c03,0,1
139313,973c22h26pr6082,4,1
139314,3626cpr3714,19,1
139314,53094pr0001,484,1
139314,75513pr0001,484,1
139314,970c22pat03pr2056,4,1
139314,973c03h26pr5536,191,1
139315,35635,297,1
139315,36036pr0044,15,1
139315,3626cpr3716,14,1
139315,85833pr0001,15,1
139315,93069,15,1
139315,973c27h01pr6095,15,1
139319,3626cpr3717,14,1
139319,41637,31,1
139319,41879a,3,1
139319,80792,0,1
139319,84433,4,1
139319,973c01h01pr5877,4,1
139320,1884,0,1
139320,3626cpr3715,14,1
139320,41637,0,1
139320,85833pr0001,0,1
139320,970c27pr2302,15,1
139320,973c27h01pr6083,15,1
139321,15504pr0002,484,1
139321,35635,297,1
139321,3626cpr3206,19,1
139321,44740,4,1
139321,53094pr0001,484,1
139321,60463,4,1
139321,970c27pat38pr2330,15,1
139321,973c21h26pr6081,4,1
139322,24135,3,1
139322,3626cpr3713,14,1
139322,66912pat0001pr0001,0,1
139322,970c22pat03pr2198,4,1
139322,973c38h01pr5873,191,1
139323,24135,3,1
139323,3626cpr3417,14,1
139323,970c22pat01,4,1
139323,973c01h01pr6080,4,1
139323,99930,0,1
139324,12618,297,1
139324,36036pr0043,15,1
139324,3626cpr3712,14,1
139324,85832pr0001,26,1
139324,973c27h01pr6079,15,1
139325,3626cpr3713,14,1
139325,66912pat0001pr0001,0,1
139325,66913,3,1
139325,970c22pat03pr2198,4,1
139325,973c38h01pr5873,191,1
139326,37364c03,0,1
139326,3898,15,1
139326,67887pr0001,29,1
139326,973c27h43pr5718,15,1
139327,3626cpr3802,1089,1
139327,64802,1103,1
139327,87610pr2262,179,1
139327,970c07pr2039,308,1
139327,973c07h03pr5496,308,1
139328,20595,308,1
139328,27145,308,1
139328,3626cpr3768,78,1
139328,970c19,70,1
139328,973c19h07pr6173,70,1
139329,3626cpr2903,78,1
139329,62810,0,1
139329,970c28,1,1
139329,973c05h02pr4713,272,1
139331,3626cpr3777,78,1
139331,88283,30,1
139331,970c03pr2354,0,1
139331,973c03h12pr6187,0,1
139332,3626cpr3778,70,1
139332,68516,1,1
139332,970c28pr2357,1,1
139332,973c28h19pr6188,1,1
139334,36037,484,1
139334,3626cpr2723,78,1
139334,970c38pr2358,191,1
139334,973c38h02pr6189,191,1
139335,01889pr0001,78,1
139335,41879a,72,1
139335,973c02h02pr6190,72,1
139337,3626cpr3284,78,1
139337,62810,484,1
139337,970c19,70,1
139337,973c26h02pr6180,19,1
139339,3626cpr3283,78,1
139339,62810,484,1
139339,970c19,70,1
139339,973c26h02pr6180,19,1
139340,3626cpr2906,78,1
139340,87991,484,1
139340,970c26,19,1
139340,973c11h02pr6179,28,1
139341,35494,308,1
139341,3626cpr3675,78,1
139341,970c03pr2356,0,1
139341,973c20h02pr6186,326,1
139342,15500,70,1
139342,3626cpr3796,78,1
139342,970c11,28,1
139342,973c11h02pr6217,28,1
139343,3626cpr3798,78,1
139343,88283,484,1
139343,970c03pr2369,0,1
139343,973c03h02pr6220,0,1
139344,35494,308,1
139344,3626cpr3675,78,1
139344,970c12,72,1
139344,973c12h02pr6215,72,1
139345,20613pr0004,28,1
139345,24323c00,28,1
139345,973c11h11pr6219,28,1
139346,25409,0,1
139346,3626cpr2903,78,1
139346,37364c03,0,1
139346,973g03c10h03pr6225,0,1
139347,11256,70,1
139347,3626cpr3787,78,1
139347,970c37,26,1
139347,973c36h02pr6205,5,1
139348,3626cpr3576,78,1
139348,85974,0,1
139348,970c03pr2362,0,1
139348,973c24h02pr6207,379,1
139349,3626cpr2623,78,1
139349,95226,19,1
139349,970c03,0,1
139349,973c03h02pr6203,0,1
139350,3626c,297,1
139350,85975,297,1
139350,93069,297,1
139350,970c21,297,1
139350,973c21h21,297,1
139352,3626cpr3248,78,1
139352,62810,484,1
139352,970c14,71,1
139352,973c14h02pr6204,71,1
139353,3626cpr3788,78,1
139353,41612,308,1
139353,970c12,72,1
139353,973c12h02pr6223,72,1
139354,3626cpr3784,78,1
139354,92081,0,1
139354,970c03pr9779,0,1
139354,973c03h02pr6199,0,1
139355,3626cpr3785,78,1
139355,87990,70,1
139355,970c14,71,1
139355,973c10h02pr6200,320,1
139356,3626cpr3786,78,1
139356,970c14,71,1
139356,973c12h02pr6201,71,1
139356,99930,28,1
139372,3626cpr3211,78,1
139372,37364c26,19,1
139372,37703,226,1
139372,973c33h02pr6202,19,1
139373,3626cpr2903,78,1
139373,62810,0,1
139373,970c03,0,1
139373,973c05h02pr6195,272,1
139375,10052,15,1
139375,3626cpr3506,78,1
139375,36806,15,1
139375,970c10pr2351,320,1
139375,973c10h02pr6182,320,1
139376,15491pr0002,78,1
139376,3626cpr3776,78,1
139376,970c19pr2353,70,1
139376,973c19h02pr6185,70,1
139377,1706,0,1
139377,36036pr0047,0,1
139377,3626cpr3775,78,1
139377,64647,0,1
139377,973c03h02pr6183,0,1
139378,3626cpr2667,78,1
139378,36762,0,1
139378,39378pr0001,73,1
139378,41879a,0,1
139378,973c03h02pr5745,0,1
139379,23187,70,1
139379,3626cpr3774,78,1
139379,37364c28,1,1
139379,973c43h02pr5869,29,1
139380,3626cpr3773,78,1
139380,36762,0,1
139380,37364c11,28,1
139380,973c05h02pr5905,272,1
139381,35494,308,1
139381,3626cpr3675,78,1
139381,970c14pr2355,71,1
139381,973c14h02pr6181,71,1
139383,86184pat0001,1103,1
139383,970l75r64pr0001,85,1
139383,973c64h37pr0001,1103,1
139384,86184pat0001,1103,1
139384,970l75r64pr0001,85,1
139384,973d42pr0001,1103,1
139385,3626cpr9689,14,1
139385,87990,4,1
139385,970c38,191,1
139385,973c10h03pr0004,191,1
139385,98132,297,1
139386,3626cpr9975,14,1
139386,40925pat0009pr0001,297,1
139386,41162,297,1
139386,970c22pr9745,4,1
139386,973c21h03pr0005,4,1
139387,2447,36,1
139387,3626cpr9688,0,1
139387,86124,45,1
139387,86185,1103,1
139387,970c75pr9747,1103,1
139387,973c09h03pr0001,1103,1
139389,28621pr3707,41,1
139389,43093,1,2
139389,53451,297,2
139389,59900,297,2
139389,79898pat0004,41,2
139389,79899pat0001,297,1
139389,86123,297,1
139389,970c65pr0006,15,1
139389,973c65h15pr0001,15,1
139391,3626cpr2258,14,1
139391,40925pat0010pr0001,297,1
139391,41162,297,1
139391,970c03pr9744,0,1
139391,973c21h03pr0006,0,1
139393,3626cpr0412,179,1
139393,40925pat0007pr0001,297,1
139393,41162,297,1
139393,970c27pr9746,15,1
139393,973c21h03pr0004,15,1
139396,3626cpr2257,14,1
139396,40925pat0016pr0001,297,1
139396,41162,297,1
139396,970c28pr9749,1,1
139396,973c21h03pr0002,1,1
139397,35836pr0007,297,1
139397,3626cpr2255,14,1
139397,41162,297,1
139397,53451,297,2
139397,86185,297,1
139397,970c21pr9743,297,1
139397,973c21h21pr0007,297,1
139398,13564,72,2
139398,34609pr0006,1103,1
139398,3626cpr9690,0,1
139398,86185,1103,1
139398,86211pr0001,1103,1
139398,970c75pr9742,1103,1
139398,973c21h03pr0007,1103,1
139399,3626cpr2255,14,1
139399,40925pat0006pr0002,2,1
139399,41162,297,1
139399,970c31pr9741,2,1
139399,973c35h03pr0002,2,1
139400,3069b,4,1
139400,30837,4,1
139400,30925pr0003,4,1
139400,50951,0,4
139400,87079pr0119,4,1
139400,87079pr0120,4,1
139400,93587pr0009,4,1
139400,93590,4,1
139400,93591pr0021,4,1
139400,93593,4,4
139401,3626cpr9690,0,1
139401,64847,72,2
139401,86124,1103,1
139401,86185,1103,1
139401,86211pr0001,1103,1
139401,970c75pr9742,1103,1
139401,973c21h03pr0007,1103,1
139402,3626cpr9687,14,1
139402,75867,15,1
139402,970c75pr9747,1103,1
139402,973c09h03pr0001,1103,1
139403,86124,45,1
139403,86184pat0001,1103,1
139403,970l75r64pr0001,85,1
139403,973c64h37pr0001,1103,1
139404,3626cpr9975,14,1
139404,40925pat0001pr0002,4,1
139404,41162,1103,1
139404,970c22pr9739,4,1
139404,973c10h03pr0005,4,1
139405,3626cpr0412,179,1
139405,40925pat0017pr0001,15,1
139405,41162,1103,1
139405,970c27pr9740,15,1
139405,973c14h03pr0002,15,1
139406,3626cpr2257,14,1
139406,40925pat0016pr0002,272,1
139406,41162,1103,1
139406,970c28pr9738,1,1
139406,973c05h03pr0002,1,1
139408,3626cpr2258,14,1
139408,40925pat0008pr0002,0,1
139408,41162,1103,1
139408,970c03pr9737,0,1
139408,973c14h03pr0003,0,1
139409,15082,0,2
139409,15712,0,2
139409,3626cpr9686,0,1
139409,66959pat0001,0,1
139409,86124,45,1
139409,970c75pr9747,1103,1
139409,973c09h03pr0001,1103,1
139411,28621pr0011,182,1
139411,43093,1,2
139411,53451,297,2
139411,59900,297,2
139411,79898pat0004,182,2
139411,79899pat0002,297,1
139411,86123,297,1
139411,970c66pr0006,0,1
139411,973c66h34pr0001,0,1
139412,19859pat0007,52,1
139412,41201pat0003,1103,1
139412,86124,45,1
139412,973c09h03pr0001,1103,1
139413,28621pr3612,36,1
139413,43093,1,2
139413,53451,297,2
139413,59900,297,2
139413,79898pat0004,36,2
139413,79899pat0003,297,1
139413,86123,297,1
139413,970c67pr0002,320,1
139413,973c67h10pr0001,320,1
139414,3626cpr9691,14,1
139414,86124,45,1
139414,95674,0,1
139414,970c75pr9747,1103,1
139414,973c09h03pr0001,1103,1
139415,3626cpr9692,14,1
139415,41879a,272,1
139415,52684pat0003pr0001,322,1
139415,88290,0,1
139415,973c42h03pr0001,85,1
139416,35836pr0005,0,1
139416,3626cpr2754,0,1
139416,41637,0,1
139416,53451,179,2
139416,86185,1103,1
139416,970c03pr9751,0,1
139416,973c03h09pr0002,0,1
139418,36019,297,1
139418,3626cpr2932,14,1
139418,93059,297,1
139418,970c27pr9750,15,1
139418,973c27h21pr0001,15,1
139419,86124,45,1
139419,973c09h03pr0001,1103,1
139419,98140pr0013,15,1
139419,99818pr0004,15,1
139421,35635,297,1
139421,3626cpr9888,14,1
139421,86125e,297,1
139421,970c75pr9748,1103,1
139421,973c21h03pr0003,321,1
139421,98128,0,1
139421,98129,297,1
139422,15503,72,1
139422,36187c01,26,1
139422,92198pr0322,78,1
139422,92816c01pr0120,30,1
139423,15673pr0001,226,1
139423,36187c01pr0001,212,1
139423,92198pr0241,78,1
139423,92456c04pr0451,78,1
139424,16925c01pr0009,320,1
139424,21788,0,1
139424,28649pr0323,78,1
139424,92815c02pr0001,78,1
139425,3626cpr3156,14,1
139425,37823,0,1
139425,970c05,272,1
139425,973c05h12pr5725,179,1
139426,30090,41,1
139426,3626cpr0895,15,1
139426,3838a,0,1
139426,50665,72,1
139426,60115,15,1
139426,6266,15,2
139426,93061,15,2
139427,3626cpr1091,14,1
139427,53450,179,1
139427,53451,15,2
139427,93223,484,1
139427,970c41,484,1
139427,973c20h01pr6141,70,1
139428,3626cpr1628,14,1
139428,85816pat0001,226,1
139428,970c20,326,1
139428,973c03h01pr6142,72,1
139429,26066,19,1
139429,3626cpr1559,14,1
139429,53450,179,1
139429,53451,15,2
139429,970c05,272,1
139429,973c24h01pr6143,28,1
139430,3626cpr2113,14,1
139430,85974,308,1
139430,970c10,320,1
139430,973c20h01pr6141,70,1
139432,24080,484,1
139432,59794c01pr0006,288,1
139432,92198pr0252,78,1
139432,92456c01pr0452,323,1
139433,3626cpr3661,14,1
139433,46303,321,1
139433,970c24,379,1
139433,973c22h01pr3425,4,1
139434,3626cpr2589,14,1
139434,37364c09,85,1
139434,54647pat0003,226,1
139434,973c14h01pr5994,15,1
139435,35660pat0003,15,1
139435,3626cpr2948,14,1
139435,970c27pr2352,15,1
139435,973c42h12pr6184,15,1
139436,21778,70,1
139436,3626cpr2614,14,1
139436,970c11,28,1
139436,973c18h01pr5340,85,1
139437,36037,484,1
139437,3626cpr1965,14,1
139437,970c32,73,1
139437,973c38h01pr5452,191,1
139438,3626cpr3266,14,1
139438,41879a,272,1
139438,973c46h01pr5207,3,1
139438,98385,226,1
139439,15439,0,1
139439,3626cpr3722,14,1
139439,93560,0,1
139439,970c03pr2309,0,1
139439,973c12h11pr6090,0,1
139440,18166,0,1
139440,3626cpr3723,4,1
139440,41637,10,1
139440,970c27pr2310,4,1
139440,973c27h06pr6091,4,1
139441,3626cpr3266,14,1
139441,41879a,1,1
139441,62810,84,1
139441,973e117pr6175,15,1
139442,3626cpr3770,14,1
139442,85974,308,1
139442,970c24pr2359,379,1
139442,973c27h01pr6177,19,1
139443,20877,484,1
139443,3626cpr0893,14,1
139443,970c03,0,1
139443,973c27h01pr6166,3,1
139444,35660pat0002,272,1
139444,3626cpr3156,14,1
139444,970c05,272,1
139444,973c46h01pr6165,3,1
139445,3626cpr3769,14,1
139445,3833,1062,1
139445,970c05,272,1
139445,973c46h03pr6157,1062,1
139446,26139,226,1
139446,3626cpr2523,14,1
139446,970c14pr2349,27,1
139446,973c27h01pr6174,15,1
139447,3626cpr2113,14,1
139447,39796,71,1
139447,41805,41,1
139447,93560,4,1
139447,970c42,322,1
139447,973c42h22pr6096,322,1
139448,21268,70,1
139448,3626cpr3726,14,1
139448,970c11,28,1
139448,973c05h01pr4861,272,1
139449,3626cpr3727,14,1
139449,41879a,15,1
139449,87990,484,1
139449,973c29h01pr3434,212,1
139450,3626cpr3681,14,1
139450,37614,85,1
139450,79688,0,1
139450,970c09pr2258,272,1
139450,973c09h37pr6002,1062,1
139451,23186,0,1
139451,3626cpr3025,14,1
139451,970c05,272,1
139451,973c22h01pr4807,4,1
139452,3626cpr3156,14,1
139452,65579,1,1
139452,970c04,321,1
139452,973c34h01pr6106,19,1
139453,3626cpr2951,14,1
139453,62711,0,1
139453,970c18,27,1
139453,973c34h01pr6102,25,1
139454,3626cpr2594,14,1
139454,87999,308,1
139454,970c18,27,1
139454,973c34h01pr6102,25,1
139455,21778,0,1
139455,3626cpr9729,14,1
139455,41879a,1,1
139455,973c27h01pr4202,15,1
139459,3626cpr9888,14,1
139459,40925pat0005,1103,1
139459,970c12pr9764,72,1
139459,973e111pr5886,1103,1
139479,11476,4,2
139479,15068pr0054,1062,1
139479,2412b,0,1
139479,2431,33,1
139479,2432,0,1
139479,2456,72,1
139479,28802,0,1
139479,30031,71,1
139479,3062b,1,1
139479,3710,1062,1
139479,39767,0,2
139479,4599b,1,1
139479,48336,72,1
139479,54200,47,2
139479,6014b,0,4
139479,60212,4,2
139479,87697,0,4
139486,3626cpr0891,14,1
139486,3834,15,1
139486,970c03pr0408,0,1
139486,973c03h12pr5419,0,1
139495,28621pr3613,46,1
139495,43093,1,2
139495,53451,297,2
139495,59900,297,2
139495,79898pat0004,46,2
139495,79899pat0004,297,1
139495,86123,297,1
139495,970c68pr0002,272,1
139495,973c68h44pr0001,272,1
139496,18854,45,1
139496,2246c01pr0013,25,1
139496,92198pr0125,78,1
139496,92257,4,1
139496,92456c01pr0395,78,1
139498,2277c01pr0002,15,1
139498,92198pr0124,78,1
139498,92258,0,1
139498,92456c01pr0456,78,1
139500,11408c05pr0005,92,1
139500,2277c01pr0015,379,1
139500,28649pr0263,92,1
139500,36060,308,1
139502,2241c01pr0002,272,1
139502,79984pat0002,308,1
139502,92198pr0134,84,1
139502,92456c02pr0004,84,1
139503,2241c01pr0182,14,1
139503,92198pr0127,78,1
139503,92259,226,1
139503,92456c01pr0363,78,1
139505,2241c01pr0020,378,1
139505,31895pat0002,15,1
139505,92198pr0138,92,1
139505,92456c03pr0382,92,1
139506,11408c01pr0119,78,1
139506,2277c01pr0015,379,1
139506,92198pr0092,78,1
139506,98385,70,1
139547,3626cpr3739,14,1
139547,970c26pr2322,25,1
139547,973c26h01pr6354,19,1
139547,99930,308,1
139548,35660pat0003,15,1
139548,3626cpr3156,14,1
139548,970c05,272,1
139548,973c14h04pr5982,1062,1
139549,35701,484,1
139549,3626cpr1635,14,1
139549,41879a,379,1
139549,973c43h01pr5894,29,1
139550,3626cpr2951,14,1
139550,66974pat0001,2,1
139550,970c31,2,1
139550,973c31h01pr2875,2,1
139551,3626cpr1966,14,1
139551,970e11,321,1
139551,973c44h01pr6116,226,1
139551,98385,84,1
139555,36060,0,1
139555,3626cpr1614,14,1
139555,970c09,85,1
139555,973c37h01pr6158,5,1
139556,3626cpr2113,14,1
139556,87990,84,1
139556,970c03,0,1
139556,973c46h03pr6157,1062,1
139557,3626cpr3026,14,1
139557,3833,1062,1
139557,970c24,379,1
139557,973c34h12pr2913,25,1
139558,3626cpr3025,14,1
139558,970c18,27,1
139558,973c34h01pr6102,25,1
139558,99930,28,1
139559,35660pat0001,4,1
139559,3626cpr2109,14,1
139559,970c34,25,1
139559,973c14h04pr5982,1062,1
139560,3626cpr3759,14,1
139560,92081,25,1
139560,970c05,272,1
139560,973c10h01pr5960,320,1
139561,3624,272,1
139561,3626cpr2463,14,1
139561,970c05,272,1
139561,973c46h01pr6165,3,1
139562,11256,70,1
139562,3626cpr1776,14,1
139562,970c03,0,1
139562,973c27h01pr6166,3,1
139563,12897,321,1
139563,3626cpr1966,14,1
139563,87991,19,1
139563,970c19,70,1
139563,973c22h01pr3425,4,1
139564,3626cpr2951,14,1
139564,62696,29,1
139564,970c26,19,1
139564,973e118pr6176,1,1
139565,3626cpr3159,14,1
139565,37364c27,15,1
139565,65579,308,1
139565,973c34h01pr4838,321,1
139566,3626cpr3667,14,1
139566,46303,26,1
139566,970c60,1050,1
139566,973c27h09pr5735,1050,1
139603,11403c01pr0106,85,1
139603,92198pr0125,78,1
139603,92254pat0001,4,1
139603,92456c01pr0395,78,1
139604,12893pr0001,78,1
139604,2277c01pr0005,28,1
139604,28649pr0239,78,1
139604,92815c01pr0004,78,1
139606,11408c05pr0128,92,1
139606,2277c01pr0015,379,1
139606,28649pr0263,92,1
139606,36060,308,1
139624,18842,0,1
139624,2277c01pr0005,28,1
139624,92198pr0227,92,1
139624,92456c03pr0462,92,1
139625,11408c06pr0126,70,1
139625,21778,308,1
139625,2277c01pr9999,1,1
139625,92198pr0281,70,1
139627,2277c01pr0002,15,1
139627,92198pr0124,78,1
139627,92258,0,1
139627,92456c01pr0461,78,1
139628,18854,52,1
139628,24184,25,1
139628,65224pr0014,92,1
139628,80911,70,1
139628,92198pr0309,92,1
139631,2241c01pr0025,321,1
139631,35620,70,1
139631,92198pr0138,92,1
139631,92456c03pr0445,92,1
139632,79984pat0001,308,1
139632,92198pr0284,70,1
139632,92456c15pr0446,70,1
139632,92818c01pr0233,5,1
139641,11403c01pr0011,3,1
139641,20596,26,1
139641,92198pr0264,92,1
139641,92456c03pr0411,92,1
139642,11403c01pr0012,326,1
139642,92198pr0125,78,1
139642,92257,4,1
139642,92456c01pr0460,78,1
139643,2246c01pr0012,326,1
139643,83345,0,1
139643,92198pr0123,84,1
139643,92816c02pr0008,84,1
139644,11408c06pr0002,70,1
139644,2268c01pr0010,379,1
139644,80911,0,1
139644,92198pr0281,70,1
139645,2277c01pr0017,31,1
139645,24184,25,1
139645,35660pat0003,1050,1
139645,92198pr0127,78,1
139645,92456c01pr0449,78,1
139646,2277c01pr0017,31,1
139646,24184,25,1
139646,35660pat0002,1050,1
139646,92198pr0321,78,1
139646,92456c01pr0450,78,1
139647,11303,1050,1
139647,11408c06pr0001,70,1
139647,2277c01pr0017,31,1
139647,24184,25,1
139647,92198pr0281,70,1
139649,36187c01pr0248,1050,1
139649,53126,308,1
139649,92198pr0134,84,1
139649,92456c02pr0457,84,1
139650,2241c01pr0023,3,1
139650,79737,84,1
139650,92198pr0330,1089,1
139650,92456c06pr0458,1089,1
139651,11408c05pr0006,92,1
139651,17630,0,1
139651,2277c01pr0005,28,1
139651,92198pr0094,92,1
139652,11408c01pr0014,78,1
139652,16925c01pr0165,1,1
139652,26139,308,1
139652,28649pr0333,78,1
139653,92198pr0124,78,1
139653,92258,0,1
139653,92456c01pr0448,78,1
139653,92818c01pr0231,322,1
139654,16925c01pr0014,25,1
139654,17347,92,1
139654,92198pr0320,78,1
139654,92816c01pr0050,78,1
139655,11408c07pr0001,1089,1
139655,2268c01pr0009,3,1
139655,24184,25,1
139655,25378,0,1
139655,92198pr0318,1089,1
139656,24184,25,1
139656,35701,308,1
139656,69969pr0027,84,1
139656,92198pr0300,84,1
139657,2241c01pr0022,322,1
139657,92198pr0127,78,1
139657,92255,226,1
139657,92456c01pr0447,78,1
139658,37823,321,1
139658,92198pr0316,78,1
139658,92456c01pr0423,78,1
139658,92818c01pr0239,379,1
139659,2241c01pr0002,272,1
139659,79984pat0002,308,1
139659,92198pr0134,84,1
139659,92456c02pr0344,84,1
139692,11211,72,2
139692,15535pr0001,72,2
139692,15573,191,2
139692,15573,72,1
139692,17485,71,4
139692,22385,71,1
139692,3001,71,1
139692,30165,71,1
139692,30602,71,1
139692,30602,40,1
139692,32828,71,2
139692,35186,71,2
139692,3747b,71,1
139692,3795,71,1
139692,4032a,72,4
139692,41769,71,1
139692,41770,71,1
139692,4274,71,2
139692,51739,71,1
139692,61332,0,4
139692,73109,71,4
139692,99207,72,1
139692,99563,71,1
139694,10247,71,5
139694,11090,72,1
139694,11153,0,4
139694,11211,19,1
139694,11211,0,1
139694,11211,4,2
139694,11458,72,3
139694,14769pr1174,297,1
139694,15068,0,3
139694,15208,19,3
139694,15208,297,6
139694,15303,182,9
139694,15400,72,8
139694,15535,4,3
139694,15625,0,2
139694,18041,297,2
139694,18575,0,2
139694,21445,71,1
139694,21459,297,5
139694,22385,0,5
139694,22484,72,1
139694,2412b,179,3
139694,2431,0,2
139694,24316,70,2
139694,25111,179,1
139694,25269,0,4
139694,2540,0,2
139694,2654,72,3
139694,2723,0,1
139694,27263,0,2
139694,2815,297,1
139694,2877,0,2
139694,30132,72,6
139694,30166,72,2
139694,30176,2,2
139694,3020,71,1
139694,3020,19,4
139694,3020,70,3
139694,3020,25,1
139694,3021,4,2
139694,3023,19,7
139694,3023,72,4
139694,3030,0,2
139694,3031,0,8
139694,3032,25,1
139694,3032,72,1
139694,30374,71,1
139694,3039,72,1
139694,30414,72,4
139694,3062b,72,3
139694,3068b,0,1
139694,3068b,28,3
139694,32001,0,1
139694,32028,15,1
139694,32034,25,1
139694,32064a,72,2
139694,32123b,14,1
139694,32124,0,2
139694,32200,0,1
139694,32270,0,2
139694,32324,71,1
139694,3460,72,2
139694,35459,308,2
139694,35480,72,2
139694,35633,297,2
139694,3622,0,2
139694,3623,1,2
139694,3659,70,2
139694,3665,0,2
139694,3666,0,4
139694,3666,2,1
139694,3666,378,2
139694,3673,71,2
139694,3700,15,3
139694,3705,0,1
139694,3708,0,1
139694,3710,72,16
139694,3710,0,1
139694,3747b,0,1
139694,3749,19,1
139694,3795,28,2
139694,3895,0,2
139694,4032a,70,2
139694,4032a,71,2
139694,4081b,72,2
139694,41740,72,1
139694,4185,297,1
139694,4274,71,8
139694,42924,1,4
139694,43093,1,1
139694,43722,0,4
139694,43722,25,2
139694,43723,25,2
139694,43723,0,4
139694,44567b,0,2
139694,44676,0,2
139694,44728,72,2
139694,4477,72,1
139694,44861,71,4
139694,4519,71,3
139694,48336,0,8
139694,4865b,0,2
139694,4871,0,5
139694,48729b,71,2
139694,50340,71,2
139694,50373,0,1
139694,51739,0,2
139694,53454,179,1
139694,54200,0,4
139694,54200,85,4
139694,54383,25,1
139694,54383,0,3
139694,54384,25,1
139694,54384,0,3
139694,56145,297,1
139694,56908,297,1
139694,57520,0,2
139694,59426,72,1
139694,59900,182,2
139694,6014b,71,1
139694,6020,0,1
139694,60470b,71,13
139694,60474,72,1
139694,60477,72,2
139694,60484,72,2
139694,60897,71,6
139694,6091,0,6
139694,61252,72,2
139694,61332,0,3
139694,61409,378,10
139694,6141,4,2
139694,6141,179,8
139694,6141,19,9
139694,6179,72,1
139694,6232,71,2
139694,6239,0,1
139694,62462,71,1
139694,62462,0,1
139694,63868,0,2
139694,6585,0,1
139694,6587,28,1
139694,6589,19,3
139694,6629,72,2
139694,66955,0,2
139694,69564pr0001,40,1
139694,71539,9999,1
139694,75937,0,2
139694,85984pr0013,72,1
139694,87747,15,6
139694,92691,15,1
139694,98100,71,1
139694,98138,71,5
139694,99021,72,1
139694,99207,71,2
139694,99563,1103,17
139694,99780,71,2
139694,99781,71,1
139710,10884,27,1
139710,10884,2,1
139710,15712,19,8
139710,18653,70,1
139710,18674,72,1
139710,20482,70,2
139710,32607,2,1
139710,32828,19,2
139710,37829pr0007,378,1
139710,39262,15,2
139710,4460b,70,1
139710,6003,28,1
139710,75937,84,1
139756,37063pr0002,158,1
139789,11408c05pr0004,92,1
139789,16925c01pr0129,0,1
139789,23186,70,1
139789,92198pr0093,92,1
139797,26066,226,1
139797,3626cpr3728,158,1
139797,970c03,0,1
139797,973c75h03pr6100,0,1
139797,98385,1050,1
139798,18899pr0001,4,1
139798,3626cpr2463,14,1
139798,970c05,272,1
139798,973c14h04pr5982,1062,1
139799,24072,226,1
139799,3626cpr2951,14,1
139799,970c29,212,1
139799,973c01h07pr5724,379,1
139800,3626cpr9729,14,1
139800,41879a,1,1
139800,88283,19,1
139800,973c29h01pr5967,212,1
139801,35660pat0002,272,1
139801,3626cpr2109,14,1
139801,970c05,272,1
139801,973e115pr6101,1050,1
139802,2447pr0030,182,1
139802,3626cpr2589,14,1
139802,80681,3,2
139802,82252,25,1
139802,970c46,3,1
139802,973c34h01pr6099,25,1
139803,3626cpr1771,14,1
139803,85974,308,1
139803,970c06,10,1
139803,973c14h01pr6178,71,1
139892,25111,297,1
139892,29109,297,1
139892,3957b,0,1
139892,85861,320,1
139896,19859pat0007,52,1
139896,28621pr3421,52,1
139896,48493,0,1
139896,973c03h09pr0001,0,1
139917,10084111,9999,1
139917,10170,84,4
139917,10884,10,5
139917,11090,71,8
139917,11153,272,6
139917,11203,272,139
139917,11211,71,4
139917,11211,272,3
139917,11212,71,2
139917,11212,272,6
139917,11214,4,5
139917,11458,272,14
139917,11476,0,4
139917,11476,322,3
139917,11476,19,2
139917,11477,4,1
139917,11477,272,6
139917,11477,15,1
139917,11478,0,2
139917,11833,0,3
139917,13965,272,14
139917,13971,4,2
139917,14417,72,6
139917,14418,71,12
139917,14696,0,222
139917,14704,71,1
139917,14719,2,1
139917,14719,71,3
139917,14719,272,2
139917,14720,71,1
139917,14769,272,4
139917,15068,71,2
139917,15068,19,2
139917,15068,191,1
139917,15068,272,1
139917,15068,322,1
139917,15207,191,8
139917,15379,0,33
139917,15395,322,1
139917,15395,27,1
139917,15456,71,1
139917,15462,70,5
139917,15573,71,6
139917,15573,2,69
139917,15573,4,1
139917,15573,272,4
139917,15573,322,1
139917,15672,71,13
139917,15712,0,2
139917,15712,191,7
139917,15712,71,26
139917,18651,0,2
139917,18654,0,2
139917,18654,72,5
139917,18677,71,8
139917,18980,0,1
139917,20482,71,7
139917,20482,15,2
139917,22890,72,6
139917,23443,71,4
139917,2357,72,2
139917,2357,272,4
139917,23950,191,2
139917,2412b,272,32
139917,2412b,71,14
139917,2412b,0,2
139917,2420,272,4
139917,2420,191,8
139917,2431,191,6
139917,2431,322,6
139917,2431,272,9
139917,2431,71,35
139917,24314c01,47,2
139917,2432,15,5
139917,2456,272,37
139917,2465,272,40
139917,24866,4,7
139917,24866,212,3
139917,24869,72,10
139917,24947,14,1
139917,24947,4,2
139917,2496,0,2
139917,25059,191,10
139917,25061,191,5
139917,25269,15,6
139917,25386,19,2
139917,2540,71,7
139917,26021,322,3
139917,26021,272,2
139917,26022,191,3
139917,26047,71,2
139917,2655,71,2
139917,26559,191,6
139917,26560,191,4
139917,26561,191,1
139917,26601,0,2
139917,26601,70,7
139917,26603,2,1
139917,26603,0,1
139917,26603,272,29
139917,26603,71,6
139917,26603,19,1
139917,26603,4,1
139917,2723,15,1
139917,27507,191,2
139917,27925,322,10
139917,27940,72,1
139917,2817,71,2
139917,2921,272,3
139917,30000,70,1
139917,3002,272,3
139917,3002,71,2
139917,3003,71,3
139917,30031,71,1
139917,3004,272,26
139917,3004,15,4
139917,3004,4,2
139917,3004,72,1
139917,3005,191,2
139917,3005,272,8
139917,3006,0,1
139917,3008,272,3
139917,30089b,0,1
139917,3009,71,2
139917,3009,272,2
139917,3010,71,3
139917,3010,272,2
139917,30134,72,1
139917,30166,71,3
139917,3020,71,9
139917,3020,28,3
139917,3020,191,7
139917,3020,72,5
139917,3020,272,33
139917,3020,2,1
139917,3020,0,16
139917,3020,4,2
139917,3021,322,1
139917,3021,72,1
139917,3021,71,8
139917,3021,191,2
139917,3021,272,6
139917,3022,71,11
139917,3022,72,4
139917,3022,272,36
139917,3023,0,8
139917,3023,15,4
139917,3023,4,3
139917,3023,191,16
139917,3023,272,55
139917,3023,321,14
139917,3023,19,2
139917,3023,46,1
139917,3023,71,41
139917,30236,71,5
139917,30237b,4,1
139917,30237b,15,1
139917,3024,272,8
139917,3024,71,26
139917,3024,321,3
139917,3027,71,11
139917,3029,2,2
139917,3029,72,5
139917,3031,2,1
139917,3031,71,1
139917,3032,2,1
139917,3034,191,43
139917,3034,71,15
139917,3036,2,1
139917,3036,0,2
139917,30367c,322,1
139917,30367c,14,1
139917,30367c,27,1
139917,30367c,4,4
139917,30374,15,2
139917,30374,71,2
139917,3039,71,2
139917,3039,272,3
139917,3040b,272,6
139917,30414,72,1
139917,30414,71,2
139917,30565,71,3
139917,30565,28,1
139917,30565,2,3
139917,3062b,72,2
139917,3068b,272,36
139917,3069b,191,2
139917,3069b,70,6
139917,3069b,15,7
139917,3070b,4,1
139917,3070b,71,4
139917,3070b,15,8
139917,3070b,272,4
139917,3070b,322,4
139917,3176,71,1
139917,3185,0,4
139917,32000,71,20
139917,32002,19,4
139917,32012,72,1
139917,32013,72,2
139917,32014,71,2
139917,32056,71,2
139917,32062,4,4
139917,32064a,71,1
139917,32064a,0,2
139917,32073,71,3
139917,32123b,15,18
139917,32124,72,3
139917,32140,272,12
139917,32184,0,1
139917,32184,71,4
139917,32270,0,4
139917,32278,72,3
139917,32278,191,1
139917,32291,71,1
139917,32316,0,2
139917,32449,71,1
139917,32498,0,1
139917,32523,71,3
139917,32525,272,3
139917,32526,72,2
139917,32532,0,3
139917,32607,10,31
139917,32803,71,2
139917,32803,0,12
139917,32828,0,1
139917,32952,272,4
139917,3298,71,2
139917,33078,4,2
139917,34103,191,12
139917,34103,71,6
139917,34103,0,5
139917,3460,72,5
139917,3460,15,5
139917,3460,272,36
139917,3460,0,3
139917,34738,191,2
139917,35480,272,15
139917,35480,71,2
139917,35654,0,3
139917,35692,33,2
139917,35787,321,51
139917,35787,71,2
139917,35787,322,51
139917,3622,272,6
139917,3623,15,1
139917,3623,71,3
139917,3623,272,13
139917,3648b,72,2
139917,3660,272,6
139917,3666,70,1
139917,3666,71,25
139917,3666,272,6
139917,3666,191,14
139917,3678b,272,4
139917,3701,14,4
139917,3701,71,10
139917,3701,72,4
139917,3702,321,2
139917,3702,0,2
139917,3705,0,1
139917,3705,4,13
139917,3706,0,1
139917,3706,4,5
139917,3707,4,1
139917,3708,4,14
139917,3709,191,17
139917,3710,4,1
139917,3710,28,9
139917,3710,71,38
139917,3710,15,7
139917,3710,322,4
139917,3713,4,6
139917,37352,71,6
139917,3737,0,2
139917,3738,272,49
139917,3738,72,1
139917,37597c150,72,1
139917,3795,272,1
139917,3795,4,2
139917,3795,71,27
139917,3795,19,2
139917,3832,0,3
139917,3832,70,2
139917,3832,71,1
139917,3894,1,2
139917,3894,71,2
139917,3895,0,2
139917,3941,71,1
139917,3941,272,125
139917,3958,71,2
139917,3958,72,1
139917,3960,15,1
139917,39767,0,1
139917,39789,272,59
139917,39888,19,3
139917,4032a,0,3
139917,4032a,191,29
139917,4070,71,12
139917,4081b,71,6
139917,41239,71,6
139917,41539,2,1
139917,4162,272,13
139917,41677,4,2
139917,41677,71,2
139917,41682,71,6
139917,41682,15,2
139917,41682,19,2
139917,41770,28,6
139917,4185,72,8
139917,42135,0,4
139917,42195,71,2
139917,42195,378,1
139917,42205,15,1
139917,4274,15,7
139917,4282,71,17
139917,4286,272,8
139917,4287c,0,2
139917,42924,1,10
139917,43093,1,6
139917,44301b,72,2
139917,44728,71,4
139917,4477,71,8
139917,4477,321,6
139917,4477,272,13
139917,44861,71,62
139917,44861,15,6
139917,44865,0,6
139917,4519,14,13
139917,4519,71,2
139917,45590,0,2
139917,4594,47,1
139917,4599b,70,1
139917,46189,0,1
139917,4740,4,1
139917,47457,71,4
139917,47457,0,4
139917,48267,4,2
139917,48336,15,2
139917,48336,71,2
139917,4865b,4,1
139917,4871,71,1
139917,48729b,71,4
139917,50015,15,1
139917,50451,0,4
139917,50950,272,2
139917,51274,70,1
139917,53540,72,2
139917,54200,272,4
139917,54657,72,2
139917,55013,72,1
139917,55981,71,6
139917,55982,71,3
139917,59230,0,1
139917,59426,72,2
139917,59443,72,1
139917,59443,14,1
139917,59443,15,3
139917,59900,14,1
139917,59900,4,1
139917,6003,71,1
139917,6003,2,3
139917,6005,191,2
139917,60470b,0,1
139917,60475b,15,3
139917,60478,70,4
139917,60478,71,2
139917,60479,70,1
139917,60479,0,6
139917,60479,272,7
139917,60479,71,3
139917,60481,71,3
139917,60485,71,1
139917,60581,15,1
139917,60897,321,3
139917,60897,15,2
139917,61332,0,81
139917,61408,4,1
139917,6141,41,8
139917,6141,27,10
139917,6141,182,8
139917,61780,70,2
139917,6179,71,2
139917,6187,15,7
139917,61903,71,2
139917,6192b,272,24
139917,6232,72,6
139917,6232,71,15
139917,62462,71,9
139917,62462,70,5
139917,62462,15,2
139917,62462,4,1
139917,63864,15,1
139917,63864,272,8
139917,63864,71,3
139917,63868,71,5
139917,63868,15,2
139917,63965,71,3
139917,63965,15,4
139917,64179,322,1
139917,65304,71,1
139917,65304,0,9
139917,6541,272,16
139917,65509,272,4
139917,65509,10,31
139917,65578,71,1
139917,65886,71,20
139917,65886,272,1
139917,6589,19,1
139917,6632,72,4
139917,6636,272,24
139917,6636,191,2
139917,6636,70,3
139917,6636,71,8
139917,6636,72,2
139917,66906,4,2
139917,67811,0,4
139917,68013,272,112
139917,68568,0,1
139917,69729,272,1
139917,69729,321,3
139917,71752,0,1
139917,73230,71,4
139917,73507,0,1
139917,73825,71,2
139917,73825,0,6
139917,75937,179,29
139917,76766,0,1
139917,76766,71,1
139917,78256,0,6
139917,78257,72,3
139917,78329,272,11
139917,78329,19,2
139917,79389,71,2
139917,80562,191,2
139917,80564,191,6
139917,80566,191,3
139917,80679pr0001,484,1
139917,85543,15,2
139917,85861,72,1
139917,85861,70,6
139917,85984,71,2
139917,85984,272,6
139917,87079,272,104
139917,87079,191,3
139917,87083,72,2
139917,87087,71,1
139917,87544,272,4
139917,87580,71,13
139917,87580,4,6
139917,87580,191,3
139917,87580,272,2
139917,87994,70,1
139917,87994,71,2
139917,87994,10,1
139917,87994,4,1
139917,88930,0,4
139917,89201,0,1
139917,90202,70,1
139917,90258,72,12
139917,91988,272,2
139917,92438,2,12
139917,92851,47,1
139917,92907,71,1
139917,93273,272,3
139917,93274,71,5
139917,93606,71,4
139917,94925,71,2
139917,95344,72,1
139917,96874,25,1
139917,98138,191,4
139917,98138,47,1
139917,98138pr9989,4,1
139917,98283,71,4
139917,98585,71,1
139917,99206,15,1
139917,99206,71,4
139917,99207,19,2
139917,99207,71,1
139917,99207,272,15
139917,99563,71,6
139917,99773,71,3
139917,99780,28,3
