inventoryId,partNumber,color,quantity
170072,15573,14,1
170072,15573,15,1
170072,22885,15,4
170072,24246,179,2
170072,25269,71,6
170072,25269,25,1
170072,25269,14,6
170072,25269,29,1
170072,25269,15,6
170072,3001,27,1
170072,3001,30,2
170072,3001,29,2
170072,3003,14,1
170072,3008,3,2
170072,3020,15,1
170072,3023,71,5
170072,3023,14,1
170072,3039,31,2
170072,3039,14,2
170072,3070b,14,8
170072,3070b,71,10
170072,3660,27,2
170072,3678b,15,2
170072,3747b,14,2
170072,3958,212,2
170072,98138pr0107,0,4
170124,23186,70,1
170124,3626cpr1966,14,1
170124,970c03,0,1
170124,973c32h01pr2998,25,1
170125,28974,70,1
170125,3626cpr0677,14,1
170125,41879a,0,1
170125,87991,484,1
170125,973c26h01pr4023,19,1
170126,2524,70,1
170126,3626cpr2463,14,1
170126,61506,19,1
170126,970c19,70,1
170126,973c26h01pr4354,19,1
170127,11303,272,1
170127,3626cpr2463,14,1
170127,970c05,272,1
170127,973c04h01pr4059,28,1
170128,25378,0,1
170128,3626cpr1675,14,1
170128,970c03,0,1
170128,973c32h01pr2998,25,1
170129,26066,19,1
170129,3626cpr1663,14,1
170129,90541,72,1
170129,970c07,308,1
170129,973c35h01pr5038,288,1
170130,3626cpr1771,14,1
170130,59363,70,1
170130,970c05,272,1
170130,973c10h01pr4289,320,1
170131,3624,320,1
170131,3626cpr2522,14,1
170131,970c03,0,1
170131,973c27h01pr4203,0,1
170132,3626cpr1614,14,1
170132,92746,484,1
170132,970c42,322,1
170132,973c33h01pr3424,30,1
170133,3626cpr1614,14,1
170133,970c27,15,1
170133,973c29h01pr3688,212,1
170133,99930,0,1
170135,11303,1,1
170135,3626cpr2399,14,1
170135,970c28,1,1
170135,973c27h01pr9999,15,1
170146,2527,6,2
170146,3062b,0,12
170146,4600,0,4
170146,4624,7,8
170146,518,8,2
170220,upn0261,0,1
170388,upn0473,9999,1
170388,upn0474,9999,1
170390,3011,14,10
170390,3011,1,10
170390,3011,2,10
170390,3011,4,10
170390,3437,2,12
170390,3437,1,12
170390,3437,4,12
170390,3437,14,12
170390,4199,14,1
170390,4199,2,1
170390,4199,4,1
170390,4199,1,1
170441,15068,70,2
170441,15712,297,2
170441,2540,297,2
170441,28802,0,2
170441,3023,322,2
170441,3034,70,1
170441,32034,70,2
170441,32062,4,3
170441,32828,19,8
170441,36017,297,2
170441,3710,0,2
170441,3941,19,1
170441,45677,15,1
170441,50950,308,4
170441,54200,308,4
170441,60470b,15,1
170441,67329,0,2
170441,85984,0,2
170441,98138,4,2
170441,98138,15,2
170441,99021,308,1
170446,3626cpr0001,14,1
170446,37364c28,1,1
170446,3844,179,1
170446,973c46h01pr5207,3,1
170492,10884,28,1
170492,11477,15,2
170492,11477,326,2
170492,12825,71,5
170492,15279,326,3
170492,15303,36,4
170492,15400,72,1
170492,15573,15,5
170492,15573,71,1
170492,16341,9999,1
170492,2423,326,2
170492,2432,72,1
170492,2445,71,1
170492,2540,0,2
170492,2654,47,1
170492,3004,71,2
170492,30088,0,2
170492,3020,72,1
170492,3020,15,2
170492,3022,15,1
170492,3022,72,4
170492,3023,28,5
170492,3023,1,1
170492,3023,15,1
170492,3023,72,3
170492,3024,15,3
170492,3032,72,2
170492,3034,72,1
170492,30377,0,2
170492,3039,71,1
170492,30602,1,1
170492,3062b,72,1
170492,3062b,47,1
170492,3068b,28,3
170492,3069b,71,2
170492,3069b,1,1
170492,3069b,28,4
170492,3176,71,1
170492,32064a,15,4
170492,32073,71,1
170492,3665,15,2
170492,3666,72,2
170492,3710,272,1
170492,3794b,320,6
170492,3839b,72,1
170492,3956,71,1
170492,3957a,47,1
170492,41677,72,2
170492,4286,0,1
170492,4286,71,7
170492,4349,0,2
170492,44676,272,2
170492,4599b,0,2
170492,4600,0,1
170492,4697b,71,2
170492,4733,72,2
170492,48336,15,2
170492,4865b,15,2
170492,50745,72,1
170492,50950,15,1
170492,50950,1,1
170492,54200,71,2
170492,54200,1,1
170492,58247,0,2
170492,60897,71,2
170492,61409,72,2
170492,6141,71,2
170492,63864,15,1
170492,63868,0,1
170492,64567,71,2
170492,6541,15,2
170492,73983,71,2
170492,85984,0,5
170492,85984,15,1
170492,88072,71,2
170492,88930,71,1
170492,99774,15,4
170591,21268,70,1
170591,3626cpr2463,14,1
170591,970c03,0,1
170591,973c23h01pr3427,84,1
170592,3626cpr1966,14,1
170592,90541,72,1
170592,970c28,1,1
170592,973c14h01pr3451,71,1
170593,3626cpr0677,14,1
170593,970c11,28,1
170593,973c22h01pr3432,15,1
170593,98385,0,1
170594,3626cpr1965,14,1
170594,87990,484,1
170594,970c25,378,1
170594,973c26h01pr4023,19,1
170595,3626cpr2224,14,1
170595,970c19,70,1
170595,973c31h01pr4901,2,1
170595,99930,308,1
170596,3626cpr3025,14,1
170596,87991,0,1
170596,970c05,272,1
170596,973c22h01pr4791,4,1
170597,3626cpr0893,14,1
170597,92746,19,1
170597,970c10,320,1
170597,973c01h01pr2923,29,1
170704,10102290,9999,1
170704,11010,334,1
170704,11090,72,3
170704,14716,19,5
170704,14716,15,2
170704,14719,19,4
170704,15254,19,1
170704,15533,19,5
170704,15535,72,1
170704,15573,320,2
170704,15573,484,1
170704,15573,70,1
170704,20482,0,3
170704,22885,320,1
170704,2412b,15,1
170704,2420,3,1
170704,24246,70,2
170704,24866,10,3
170704,24866,15,4
170704,24866,27,3
170704,26047,70,4
170704,26603,15,1
170704,26603,320,1
170704,3004,15,1
170704,3004,70,2
170704,3004,3,2
170704,30044,70,1
170704,3005,308,1
170704,3005,19,7
170704,3010,15,1
170704,3020,484,1
170704,3021,0,2
170704,3022,484,4
170704,3022,70,2
170704,3023,484,3
170704,3023,15,3
170704,3023,19,8
170704,3023,320,1
170704,3024,19,6
170704,3024,30,2
170704,3024,70,1
170704,3024,27,1
170704,3029,0,1
170704,3033,484,3
170704,3062b,47,1
170704,3062b,70,1
170704,3068b,15,2
170704,3068b,308,1
170704,3069b,70,4
170704,3069b,19,2
170704,3069bpr0278,15,1
170704,3070b,19,8
170704,3070b,70,5
170704,3070b,30,2
170704,3070b,27,1
170704,3070b,2,1
170704,32607,288,2
170704,35464,15,18
170704,35480,70,2
170704,3622,19,1
170704,3623,70,1
170704,3626c,1103,1
170704,3633,0,1
170704,3659,15,1
170704,3700,19,1
170704,3710,0,1
170704,37695,10,1
170704,37776,297,1
170704,38320,0,9
170704,4070,70,6
170704,4070,28,10
170704,4070,2,1
170704,41740,19,4
170704,43093,1,1
170704,4740,82,1
170704,48729b,0,1
170704,50950,27,4
170704,51274,70,1
170704,55236,2,3
170704,60479,0,2
170704,60897,321,1
170704,60897,15,1
170704,60897,19,1
170704,61184,71,1
170704,61252,19,2
170704,61252,320,1
170704,6141,46,1
170704,6141,28,2
170704,6141,70,1
170704,6182,19,1
170704,6231,19,2
170704,62462,70,1
170704,63965,71,1
170704,64644,15,2
170704,6636,19,1
170704,68495pat0001,47,1
170704,73825,19,2
170704,78666,19,2
170704,79389,19,2
170704,85984,308,3
170704,86996,15,2
170704,86996,84,3
170704,87079,28,3
170704,87079,19,1
170704,87544,70,1
170704,87994,0,1
170704,89678,72,1
170704,90195,19,9
170704,90202,0,1
170704,90258,72,1
170704,91501,3,1
170704,98138,28,1
170704,98138,320,1
170704,98283,19,7
170704,98383,297,1
170705,11458,4,2
170705,11477,4,2
170705,15535,0,4
170705,15573,84,1
170705,15573,4,1
170705,18980,15,2
170705,20482,5,2
170705,20482,321,2
170705,20482,158,2
170705,21229,84,1
170705,22885,4,4
170705,22885,15,4
170705,22961,308,1
170705,2431pr0156,84,2
170705,2530,72,2
170705,2566,19,1
170705,26603,322,1
170705,27261,72,1
170705,27448,15,2
170705,27507,191,4
170705,27976,15,1
170705,3002,1,2
170705,3003,29,2
170705,3004,72,2
170705,3005,15,2
170705,30153,45,1
170705,3020,71,1
170705,3020,4,3
170705,3021,15,1
170705,3021,321,4
170705,3022,14,2
170705,3023,72,3
170705,30236,19,5
170705,3032,321,2
170705,3068b,84,1
170705,32059,191,1
170705,32064a,2,1
170705,32530,0,1
170705,32606,5,1
170705,32607,10,1
170705,33121,4,1
170705,33320,297,1
170705,33909,70,2
170705,35443,322,2
170705,3666,70,1
170705,3678b,70,2
170705,3749,19,1
170705,3795,70,4
170705,3795,84,1
170705,3795,321,2
170705,40379,4,2
170705,41948,226,1
170705,4738c,297,1
170705,4739a,297,1
170705,51274,70,1
170705,6003,226,2
170705,6003,321,2
170705,60476,71,2
170705,60479,70,1
170705,6106,84,4
170705,6126b,1003,1
170705,61332,0,1
170705,6141,4,2
170705,6148,2,4
170705,6182,15,1
170705,62113,70,1
170705,62462,70,1
170705,64951,84,1
170705,65138,4,1
170705,67329,72,7
170705,68888,70,1
170705,85984,70,3
170705,87079,226,4
170705,88292,84,8
170705,89678,72,2
170705,93273,4,3
170705,98138pr0082,15,2
170705,98560,84,1
170705,99563,191,2
170705,99563,297,2
170706,10884,10,2
170706,11090,70,2
170706,11090,10,3
170706,11211,0,4
170706,11213,15,2
170706,11477,70,1
170706,11610,10,1
170706,1566,70,16
170706,15712,70,3
170706,16770,10,3
170706,19119,484,2
170706,20953,14,3
170706,22885,71,4
170706,2357,19,4
170706,24855,70,6
170706,24866,191,6
170706,24866,27,16
170706,24866,25,3
170706,24866,29,10
170706,24866,5,8
170706,24946,158,16
170706,27262,2,3
170706,3021,15,4
170706,32016,70,1
170706,32062,0,4
170706,32062,4,2
170706,3245c,3,4
170706,32606,4,7
170706,32607,10,7
170706,32607,27,10
170706,32607,25,3
170706,32828,70,2
170706,34103,19,8
170706,35480,19,12
170706,3705,0,1
170706,37762,10,22
170706,37762,70,18
170706,39262,15,4
170706,4032a,25,1
170706,4151b,28,2
170706,43093,1,2
170706,53923,378,2
170706,57906,2,2
170706,59443,70,2
170706,59900,70,1
170706,59900,2,4
170706,60470b,14,4
170706,6141,14,4
170706,62462,70,2
170706,63965,10,8
170706,63965,70,2
170706,65783,226,4
170706,74611,71,1
170706,78258,72,3
170706,85861,2,8
170706,85861,70,5
170706,89678,72,2
170706,90258,72,4
170706,99021,308,2
170793,11476,15,1
170793,2432,0,1
170793,30031,72,1
170793,3795,0,1
170793,3839b,0,1
170793,4081b,0,2
170793,58247,0,1
170793,59900,15,2
170793,65676,15,2
170793,99563,19,1
170813,15573,15,1
170813,15712,71,2
170813,25269,29,1
170813,26047,71,2
170813,2654,15,1
170813,26604,71,2
170813,29119,71,1
170813,29120,71,1
170813,3004,71,2
170813,30165,71,1
170813,3022,71,1
170813,3023,71,2
170813,3070b,71,2
170813,4032a,15,1
170813,49307,71,2
170813,60478,71,2
170813,6091,15,2
170813,61252,72,2
170813,98138pr0008,15,2
170813,99206,71,1
170813,99207,72,1
170823,11303,288,1
170823,3626cpr1966,14,1
170823,970c14pr1094,71,1
170823,973c14h01pr3451,71,1
170824,23186,84,1
170824,3626cpr1965,14,1
170824,970c23,84,1
170824,973c31h01pr2875,2,1
170825,3626cpr0752,14,1
170825,970c05,272,1
170825,973c29h01pr3688,212,1
170825,98385,0,1
170826,3626cpr1614,14,1
170826,92081,226,1
170826,970c27,15,1
170826,973c33h01pr3424,30,1
170827,3626cpr1675,14,1
170827,88283,484,1
170827,970c09,85,1
170827,973c10h01pr4289,320,1
170828,11303,320,1
170828,3626cpr1579,14,1
170828,970c19,70,1
170828,973c23h01pr3427,84,1
170829,3626cpr0677,14,1
170829,41879a,288,1
170829,90541,72,1
170829,973c22h01pr3432,15,1
170830,3626cpr1771,14,1
170830,41879a,30,1
170830,95226,484,1
170830,973c01h01pr3433,29,1
170852,30368,0,1
170852,3626b,0,1
170852,50231,0,1
170852,970c03,0,1
170852,973c03h03pr0007,0,1
170964,3626cpr2932,14,1
170964,93059,19,1
170964,93069,15,1
170964,970c27pr9763,15,1
170964,973c26h01pr0008,19,1
170981,32553,7,2
170981,32554,143,1
170981,32554,54,1
170981,32567,4,1
170981,32571,33,1
170981,3649,8,2
170981,3705,0,2
170981,3749,7,2
170981,3941,0,5
170981,40342,4,1
170981,upn0438c11,0,1
170982,2486,15,1
170982,3010pr9948,15,1
170982,30180,0,1
170982,3649,4,2
170982,3749,7,2
170982,3835,0,1
170982,3865,2,1
170982,3941,57,3
170982,4328,7,1
170982,4349,7,1
170982,6126a,41,1
170982,6126a,57,3
170982,upn0438c12,4,1
170983,30132,8,1
170983,30153,36,1
170983,30153,34,1
170983,30169,0,1
170983,30276,14,1
170983,3307pr0001,15,1
170983,3626bpr0190,15,1
170983,3649,7,2
170983,3749,7,2
170983,3865,2,1
170983,4085c,0,2
170983,4088pr0001,15,1
170983,43887,14,2
170983,4738b,6,1
170983,4739a,6,1
170983,6215,15,2
170983,upn0438c13,14,1
170984,32553,7,1
170984,32554,1102,1
170984,3649,4,2
170984,3749,7,2
170984,3941,0,3
170984,43853,4,1
170984,44035,135,2
170984,4519,0,1
170984,upn0438c14,0,1
170985,2412b,0,2
170985,2446pr0039,4,1
170985,2447,0,1
170985,2921,4,2
170985,3022,4,1
170985,3062b,0,2
170985,3626bpr0114,14,1
170985,3649,4,2
170985,3749,7,2
170985,4070,4,2
170985,41850,0,1
170985,41854pr0009,25,1
170985,41862,25,1
170985,42289,0,1
170985,4600,0,1
170985,6014b,4,4
170985,6015,0,4
170985,upn0438c15,4,1
170987,2458,4,1
170987,2736,7,1
170987,3003,0,2
170987,3003,4,1
170987,3020,8,1
170987,32013,0,1
170987,32014,0,1
170987,32034,0,1
170987,32064c,0,1
170987,32064c,4,1
170987,3649,4,2
170987,3708,4,1
170987,3749,7,2
170987,3754pr0010,4,1
170987,3832,8,2
170987,43373,25,1
170987,43374,15,1
170987,43702pr0001,25,1
170987,4519,7,1
170987,6232,4,1
170987,upn0438c16,4,1
171050,11458,0,1
171050,11477,2,1
171050,15279,10,1
171050,15395,308,1
171050,15535,27,1
171050,15573,72,2
171050,15573,70,1
171050,15624,28,2
171050,18674,28,1
171050,18980,27,2
171050,22888,10,2
171050,22889,71,1
171050,23950,72,1
171050,2412b,0,3
171050,2417,10,1
171050,2423,2,2
171050,2456,72,1
171050,24866,10,2
171050,2540,4,1
171050,26601,4,2
171050,26603,1,2
171050,2714b,0,2
171050,2817,0,1
171050,2921,4,2
171050,3002,71,1
171050,3003,19,2
171050,3005,321,1
171050,3020,71,1
171050,3020,10,2
171050,3020,70,1
171050,3022,72,1
171050,30237b,4,1
171050,30293,72,1
171050,30294,72,1
171050,3034,4,1
171050,30374,52,1
171050,30374,35,2
171050,30385,33,1
171050,30565,10,2
171050,3062b,71,1
171050,3062b,308,1
171050,3069b,14,2
171050,32028,72,2
171050,32530,4,1
171050,35103,19,1
171050,35464,15,1
171050,35480,4,1
171050,35565,84,1
171050,3673,14,1
171050,3710,379,1
171050,3710,27,5
171050,37352,70,1
171050,37695,10,2
171050,3795,72,1
171050,3941,70,1
171050,3957b,47,1
171050,40066,19,1
171050,41854,4,1
171050,44375b,10,1
171050,4528,179,1
171050,47458,4,1
171050,4865b,71,2
171050,49311pr0014,19,1
171050,52107,0,1
171050,57895pr0024,19,2
171050,6020,70,1
171050,60583b,19,2
171050,64567,80,2
171050,64567,297,1
171050,65249,15,1
171050,87544,71,2
171050,87580,27,2
171050,98138pr0018,84,1
171050,98374,70,1
171050,98560,19,2
171130,11203,15,4
171130,11211,28,2
171130,11213,85,1
171130,11215,0,1
171130,11458,72,2
171130,11833,84,2
171130,13547,15,4
171130,13548,297,10
171130,14719,322,2
171130,14720,71,2
171130,14769,15,1
171130,15070,297,2
171130,15456,0,1
171130,15535,72,1
171130,15571,297,5
171130,15573,297,5
171130,15672,28,2
171130,15672,72,2
171130,15712,297,2
171130,17114,72,4
171130,18651,0,4
171130,18674,72,1
171130,20482,297,2
171130,21459,297,5
171130,21459,45,2
171130,22388,0,3
171130,22388,45,2
171130,22388,41,6
171130,22388,182,5
171130,22885,19,2
171130,23443,297,2
171130,2357,72,2
171130,24014,71,4
171130,2420,28,4
171130,2420,15,2
171130,24201,15,2
171130,2432,70,1
171130,2450,15,2
171130,2456,15,1
171130,25111,297,1
171130,25269,28,2
171130,25375,297,1
171130,26007,297,4
171130,26047,15,12
171130,26601,28,16
171130,26604,19,2
171130,27263,297,24
171130,28192,297,14
171130,2853,71,2
171130,28802,84,12
171130,29119,28,3
171130,29119,15,10
171130,29120,15,10
171130,29120,28,3
171130,3001,3,1
171130,3002,19,4
171130,3003,484,2
171130,3005,28,2
171130,3009,15,1
171130,3010,28,1
171130,30136,19,5
171130,3020,28,1
171130,3020,15,4
171130,3020,322,9
171130,3021,28,4
171130,3021,378,4
171130,3022,71,4
171130,3022,297,3
171130,3022,70,1
171130,3023,15,5
171130,3023,41,4
171130,3023,28,23
171130,3023,378,8
171130,3023,46,1
171130,3023,182,1
171130,3024,297,30
171130,3034,28,1
171130,3035,15,1
171130,30367c,15,2
171130,30374,297,1
171130,30383,0,2
171130,3039,15,2
171130,3039,297,4
171130,3040b,322,2
171130,30414,71,4
171130,3062b,297,4
171130,3070b,15,2
171130,3176,15,1
171130,32000,70,10
171130,32000,15,2
171130,32015,72,4
171130,32016,0,2
171130,32062,4,9
171130,32192,28,2
171130,32316,15,2
171130,32348,15,2
171130,32523,15,4
171130,32803,28,4
171130,32803,15,12
171130,32952,71,2
171130,33909,72,1
171130,34103,70,2
171130,3622,84,2
171130,3623,15,8
171130,3666,15,5
171130,36840,84,4
171130,36841,71,2
171130,3700,84,2
171130,3701,72,6
171130,3710,84,3
171130,3713,0,2
171130,37762,297,2
171130,3832,15,1
171130,3894,72,2
171130,4032a,322,4
171130,4070,28,2
171130,41740,28,1
171130,42135,0,1
171130,4274,71,14
171130,42862,297,8
171130,42924,1,10
171130,43093,1,8
171130,43710,297,2
171130,43711,297,2
171130,44224,72,2
171130,44728,70,4
171130,44861,84,4
171130,44874,71,2
171130,47455,72,12
171130,47456,297,18
171130,47457,15,3
171130,47457,297,6
171130,47458,297,2
171130,47458,0,2
171130,47755,297,1
171130,48165,297,8
171130,48170,72,2
171130,48171,0,2
171130,48172,0,1
171130,48267,297,2
171130,48336,70,2
171130,4871,0,1
171130,50950,15,2
171130,51739,15,2
171130,53451,297,2
171130,53540,0,1
171130,53540,71,2
171130,54200,72,1
171130,54200,46,7
171130,56903,15,2
171130,57360,0,2
171130,57585,71,1
171130,57909b,15,4
171130,57909b,72,4
171130,60470b,84,1
171130,60470b,15,3
171130,60474,28,2
171130,60478,15,2
171130,60483,28,4
171130,60849,0,1
171130,61252,297,4
171130,61254,0,2
171130,61332,0,10
171130,6141,297,2
171130,6141,322,12
171130,6231,72,2
171130,63869,71,2
171130,64567,1103,3
171130,64570,15,2
171130,65304,297,1
171130,6541,322,2
171130,6541,15,2
171130,65473,297,1
171130,6553,72,2
171130,6575,72,2
171130,6587,28,1
171130,6629,15,2
171130,66909,0,1
171130,66956,15,5
171130,67695,72,6
171130,67696,72,2
171130,67696,15,8
171130,72362pr0005,297,1
171130,73230,71,12
171130,73825,84,6
171130,76766,71,1
171130,76795,297,4
171130,76797,15,2
171130,76919,297,4
171130,76923,297,2
171130,77765,71,2
171130,78256,0,4
171130,78442,28,2
171130,78443,28,1
171130,78444,28,1
171130,79389,71,4
171130,79505,0,4
171130,79895,297,6
171130,79897,297,4
171130,79985,45,7
171130,79987,72,8
171130,80017,297,2
171130,80017pr0001,297,1
171130,80431,4,2
171130,80563,72,2
171130,82276pat0001pr0001,297,1
171130,82276pat0002pr0002,297,1
171130,86125a,297,2
171130,86125b,297,4
171130,86125c,297,2
171130,86125d,297,2
171130,86125e,297,2
171130,86148,297,10
171130,87083,72,8
171130,87087,484,2
171130,87087,0,2
171130,87580,297,3
171130,87994,0,1
171130,87994,297,1
171130,88072,0,1
171130,89678,4,2
171130,90194,70,1
171130,92220,297,2
171130,92338,297,1
171130,93274,15,2
171130,93274,72,2
171130,96874,3,1
171130,98135,297,1
171130,98341,297,2
171130,99008,19,2
171130,99206,71,6
171130,99206,15,4
171130,99207,15,8
171130,99207,19,2
171130,99563,72,1
171130,99563,297,41
171130,99780,28,10
171130,99780,15,18
171130,99781,28,14
171130,99781,72,4
171232,23186,84,1
171232,3626cpr2579,78,1
171232,970c05pr2488,272,1
171232,973c05h12pr6845,272,1
171234,3626cpr3709,378,1
171234,970c05pr2488,272,1
171234,973c05h12pr6845,272,1
171235,3626cpr4037,321,1
171235,970c05pr2488,272,1
171235,973e122pr6846,272,1
171236,28985pat0001,0,1
171236,3626cpr2199,78,1
171236,970c05pr2488,272,1
171236,973c05h12pr6845,272,1
171237,23186,297,1
171237,3626cpr4034,297,1
171237,37046,320,1
171237,970c10pr2490,297,1
171237,973c21h10pr6639,297,1
171241,36454pr0003,28,1
171241,88295,28,1
171241,970c11pr2139,28,1
171241,973c11h11pr5730,28,1
171242,18277,70,1
171242,41879a,272,1
171242,79277pr0002,70,1
171242,973c05h12pr6845,272,1
171247,25613,226,1
171247,3626cpr4013,78,1
171247,77192,41,1
171247,970c18pat02pr2473,27,1
171247,973c02h02pr6577,27,1
171249,24629pr0001,78,1
171249,970c28,1,1
171249,973c01h27pr6603,1,1
171251,28705,308,1
171251,3626cpr4011,84,1
171251,970c26pat23pr2472,19,1
171251,973c23h23pr6574,4,1
171253,24629pr0002,78,1
171253,24634,14,1
171253,50689pr0001,4,1
171253,970c27pat03pr1097,15,1
171253,973c43h27pr6045,29,1
171255,26025pr0001,78,1
171255,3626cpr1882,78,1
171255,970c06,10,1
171255,973g18c02h02pr6823,27,1
171256,101661pat0001,226,1
171256,16709pats02,70,1
171256,18986,47,1
171256,3626cpr4007,78,1
171256,973g44c02h02pr6571,226,1
171257,23186,15,1
171257,3626cpr4006,78,1
171257,37364c11,28,1
171257,973c07h02pr6570,308,1
171299,2335,1,8
171299,2343,297,1
171299,2412b,70,6
171299,2412b,19,13
171299,2431,308,48
171299,2431,71,19
171299,2432,71,5
171299,2445,0,1
171299,2449,308,14
171299,2453a,0,3
171299,2453a,72,2
171299,2527,4,4
171299,2530,72,2
171299,2540,0,12
171299,2547,72,1
171299,2555,71,2
171299,2560,308,4
171299,2561,70,3
171299,2562,70,3
171299,2564,0,1
171299,2566,0,3
171299,2654,72,4
171299,2780,0,21
171299,2817,71,8
171299,3001,70,7
171299,3003,70,6
171299,3004,73,14
171299,3004,0,27
171299,3004,19,8
171299,30046,0,2
171299,3005,73,4
171299,30055,71,4
171299,3008,308,4
171299,30085,72,1
171299,3009,19,6
171299,30099,308,2
171299,3010,19,6
171299,3010,73,8
171299,30136,308,84
171299,30137,70,6
171299,30150,15,2
171299,30153,36,1
171299,30153,41,1
171299,30153,34,1
171299,30153,46,1
171299,30153,33,1
171299,30154,72,1
171299,3020,19,6
171299,3020,70,8
171299,3021,19,12
171299,3022,70,7
171299,3023,272,25
171299,3023,0,12
171299,30237b,70,2
171299,3024,19,8
171299,3027,70,4
171299,3029,70,4
171299,3033,70,2
171299,3035,70,3
171299,30357,70,2
171299,3039,19,3
171299,3040b,308,31
171299,3040b,0,24
171299,30503,70,2
171299,30565,272,2
171299,3062b,71,6
171299,3062b,72,10
171299,3062b,19,19
171299,3068bpr0135,19,1
171299,3070b,15,6
171299,32001,0,1
171299,32013,0,10
171299,32015,71,1
171299,32018,72,6
171299,32034,71,1
171299,32062,4,78
171299,32073,71,1
171299,32199,0,4
171299,32523,0,1
171299,32530,72,3
171299,33057,484,2
171299,33172,25,1
171299,3460,70,2
171299,3460,308,13
171299,3581,0,2
171299,3622,70,10
171299,3623,19,6
171299,3623,70,2
171299,3633,15,2
171299,3633,72,32
171299,3659,19,8
171299,3660,70,8
171299,3660,0,3
171299,3665,0,36
171299,3665,19,4
171299,3666,272,13
171299,3678b,0,3
171299,37,72,2
171299,3709,72,3
171299,3710,0,3
171299,3747b,19,2
171299,3794b,28,12
171299,3795,19,4
171299,3795,70,5
171299,3832,70,2
171299,3832,19,8
171299,3849,0,2
171299,3937,0,4
171299,3938,71,4
171299,3941,70,14
171299,3957b,70,9
171299,40234,71,1
171299,40241,70,2
171299,4032a,19,5
171299,4070,0,63
171299,4151b,72,2
171299,41678,0,2
171299,41769,70,1
171299,41770,70,1
171299,42003,72,4
171299,42023,0,2
171299,4274,1,15
171299,4286,72,4
171299,43093,1,12
171299,44294,71,2
171299,44300,72,1
171299,4477,19,6
171299,4490,0,28
171299,4495b,4,2
171299,4519,71,25
171299,4528,135,1
171299,4529,0,1
171299,4599b,71,3
171299,4600,0,8
171299,4623,71,19
171299,4624,71,16
171299,4733,71,1
171299,4735,0,3
171299,4738b,70,1
171299,4739a,70,1
171299,47404,70,1
171299,4790b,70,1
171299,47996,0,6
171299,48002a,70,4
171299,4865a,19,3
171299,48723,70,2
171299,48729a,72,6
171299,50450,0,3
171299,52107,0,9
171299,53989,135,12
171299,57503,334,1
171299,57504,334,1
171299,57505,334,1
171299,57506,334,1
171299,59443,70,91
171299,59443,0,4
171299,59900,71,5
171299,59900,70,24
171299,59900,33,1
171299,60169,72,1
171299,6020,0,3
171299,60470b,71,10
171299,60471,0,4
171299,60475b,0,10
171299,60477,308,6
171299,60479,308,6
171299,60594,0,6
171299,60607,15,12
171299,60897,71,3
171299,6108,19,1
171299,6112,0,3
171299,6141,25,1
171299,6141,4,2
171299,6141,71,37
171299,6141,182,3
171299,6141,46,3
171299,6141,0,10
171299,6141,297,76
171299,61482,71,1
171299,61678,308,18
171299,61780,70,2
171299,6222,70,10
171299,6232,71,4
171299,62462,71,1
171299,6266,0,14
171299,63965,70,3
171299,64644,308,3
171299,64644,297,2
171299,64645,308,2
171299,64647,57,4
171299,64647,272,4
171299,64648,135,2
171299,64651,308,2
171299,64727,71,1
171299,64991pr0005,15,7
171299,6536,71,6
171299,6587,72,1
171299,75347,70,6
171299,84624,9999,1
171299,84943,148,4
171299,85651pr0002,15,1
171299,92950,0,8
171302,2357,70,6
171302,2376,0,1
171302,2397,72,1
171302,2431,308,11
171302,2489,308,1
171302,2555,288,1
171302,2555,72,1
171302,2570,1103,1
171302,2817,71,1
171302,2877,70,2
171302,2926,0,1
171302,3003,14,3
171302,3003,72,4
171302,3004,28,10
171302,3004,71,1
171302,3004,72,5
171302,30044,71,6
171302,30046,0,3
171302,3005,19,4
171302,3005,72,18
171302,3005,70,29
171302,3007,19,1
171302,3008,70,5
171302,3009,28,3
171302,3010,70,12
171302,30136,28,41
171302,30176,2,1
171302,3020,28,3
171302,3020,14,4
171302,3020,0,1
171302,3020,70,2
171302,3023,28,5
171302,3023,71,2
171302,3032,70,1
171302,3033,19,2
171302,3034,19,6
171302,3034,72,5
171302,3034,70,6
171302,30350a,70,6
171302,30367c,72,1
171302,30374,70,2
171302,30374,2,1
171302,3039,72,5
171302,3039,19,10
171302,30395,72,1
171302,3040b,28,12
171302,3040b,72,2
171302,3040b,19,8
171302,3062b,15,3
171302,3062b,71,19
171302,3062b,70,8
171302,3069b,308,8
171302,3069b,72,4
171302,3070b,72,2
171302,32028,14,2
171302,32072,0,2
171302,32123b,14,5
171302,3245c,71,2
171302,3298,70,4
171302,33051,10,2
171302,3307,19,1
171302,33299a,0,1
171302,3460,19,2
171302,3460,72,4
171302,3622,71,3
171302,3648b,72,1
171302,3659,72,6
171302,3660,70,7
171302,3666,72,4
171302,3666,70,4
171302,3679,71,2
171302,3680,15,1
171302,3680,1,1
171302,3700,14,1
171302,3700,72,2
171302,3705,0,4
171302,3710,70,15
171302,3713,4,2
171302,3737,0,1
171302,3738,14,1
171302,3738,0,1
171302,3749,19,1
171302,3794b,71,9
171302,3795,70,3
171302,3830,70,1
171302,3831,70,1
171302,3832,0,1
171302,3832,70,1
171302,3846pr0002,71,2
171302,3847,1103,1
171302,3848,1103,1
171302,3941,70,1
171302,3941,71,2
171302,4032a,484,9
171302,4151b,72,1
171302,41539,19,4
171302,41539,72,1
171302,4162,72,4
171302,4207,70,1
171302,42610,71,1
171302,4287b,70,4
171302,43093,1,2
171302,43888,70,4
171302,4460b,72,4
171302,4460b,70,16
171302,4477,72,8
171302,4489b,70,2
171302,4493c01pr0008,71,1
171302,4523,70,1
171302,4733,72,1
171302,4740,14,1
171302,48336,71,4
171302,48723,70,1
171302,49668,179,3
171302,52107,0,2
171302,56823c50,0,1
171302,57503,334,1
171302,57504,334,1
171302,57505,334,1
171302,57506,334,1
171302,59426,72,1
171302,59443,71,3
171302,59900,19,1
171302,59900,2,1
171302,60470b,0,4
171302,60474,71,1
171302,60475b,71,8
171302,60478,71,12
171302,60481,308,16
171302,60583b,0,1
171302,6108,70,4
171302,6111,71,1
171302,6141,14,2
171302,6141,27,4
171302,6141,70,1
171302,6141,0,6
171302,6141,4,2
171302,61485,0,1
171302,61510,71,1
171302,6231,71,4
171302,62462,0,2
171302,63864,72,4
171302,63868,14,8
171302,64390,70,1
171302,64644,308,1
171302,64647,272,1
171302,64951,70,1
171302,6541,71,2
171302,73983,72,1
171302,85970,19,8
171302,85984,19,10
171302,87081,72,1
171302,87601,70,2
171302,87621pr0005,92,1
171302,88072,0,1
171302,92099,72,1
171302,92107,72,1
171302,92280,0,4
171302,92438,10,2
171302,92950,72,5
171302,94161,70,4
171302,95229,70,4
171302,95341pr0001,15,2
171302,95342pr0001,15,2
171302,95342pr0001,28,1
171302,95343,70,2
171302,95344,70,2
171302,95345,70,2
171302,98560,72,4
171316,10164pr0001,15,1
171316,10169,84,1
171316,10190,4,2
171316,11090,0,4
171316,11303,320,2
171316,11609,297,8
171316,11610,19,2
171316,14769pr1070,19,2
171316,18746,191,1
171316,24086,84,1
171316,2412b,80,2
171316,2614,0,1
171316,27062pat0002,14,1
171316,30090,41,1
171316,30115,272,1
171316,30222,42,2
171316,30340,14,2
171316,30357,19,4
171316,30374,0,2
171316,3040b,41,4
171316,3068bpr0019,15,2
171316,31990,26,2
171316,32474,5,2
171316,32474,80,2
171316,32474,1,2
171316,32474,4,2
171316,32474,191,2
171316,33078,4,3
171316,33121,4,1
171316,33121,191,1
171316,3838a,1,1
171316,38781,25,2
171316,3941,70,8
171316,3957b,14,1
171316,4032a,288,2
171316,4094b,45,1
171316,49577,1050,2
171316,53119,15,2
171316,54200,41,4
171316,6064,2,1
171316,6141,4,4
171316,6148,2,4
171316,6254,191,2
171316,63864pr0012,28,4
171316,64647,182,4
171316,64648,25,2
171316,66965pr0001,19,1
171316,75937,0,1
171316,85861,70,4
171316,90397,27,1
171316,90509,322,2
171316,90540,297,2
171316,95228,47,2
171371,2446,1,1
171371,3626c,1103,1
171371,3838a,1,1
171371,970c28,1,1
171371,973c28h28,1,1
171372,3626bpr0001,14,1
171372,87754,15,1
171372,89159,82,1
171372,970c27,15,1
171372,973c27h27,15,1
171375,3003,1,1
171375,3021,15,1
171375,3022,15,1
171375,3034,15,1
171375,3039,47,1
171375,3039,15,1
171375,3298,1,2
171375,3747a,1,3
171375,3747a,7,2
171375,3795,15,3
171376,3626cpr3799,92,1
171376,40240,0,1
171376,970c13pr2368,326,1
171376,973c13h13pr6222,92,1
171377,30172,19,1
171377,3626cpr3795,78,1
171377,970c26,19,1
171377,973c26h23pr6218,19,1
171378,3626cpr3793,78,1
171378,40240,0,1
171378,970c14,71,1
171378,973c26h23pr6214,19,1
171379,1849pat0001,70,1
171379,3626cpr3801,78,1
171379,970c11pr2360,28,1
171379,973c07h02pr6224,308,1
171380,24073,15,1
171380,3626cpr3800,78,1
171380,970c26,19,1
171380,973c26h02pr6221,15,1
171381,3626cpr3804,28,1
171381,970c11pr2372,28,1
171381,973c26h26pr5587,28,1
171382,1849pat0001,70,1
171382,3626cpr3781,78,1
171382,970c11pr2360,28,1
171382,973c07h11pr6192,308,1
171383,3626cpr3374,78,1
171383,90396,0,1
171383,970c27pat02pr2367,15,1
171383,973c02h02pr6208,15,1
171384,30172,72,1
171384,3626cpr3783,78,1
171384,970c11,28,1
171384,973c11h02pr6196,28,1
171385,1849pat0001,70,1
171385,3626cpr3781,78,1
171385,970c11pr2360,28,1
171385,973c07h02pr6198,308,1
171386,30170,72,1
171386,30171,19,1
171386,3626cpr1709,78,1
171386,970c26,19,1
171386,973c26h19pr6197,19,1
171387,18927,4,1
171387,3626cpr1635,14,1
171387,41879a,1,1
171387,973c01h01pr2822,15,1
171388,2544,0,1
171388,3626cpr1786,14,1
171388,41879a,19,1
171388,973c01h01pr9741,15,1
171542,32474,0,1
171542,36752a,308,1
171542,92338,0,1
171550,11214,72,2
171550,11458,71,2
171550,18654,1,2
171550,2412b,0,1
171550,2432,71,1
171550,3022,1,2
171550,32013,1,2
171550,3673,71,2
171550,37829pr0127,378,1
171550,92842,0,2
171550,99780,71,1
171605,004158,9999,1
171605,004159,9999,1
171605,3001a,4,1
171605,3003a,15,9
171605,3004,15,33
171605,3004,47,1
171605,3004,4,4
171605,3004pr9968,4,5
171605,3005,47,2
171605,3005,15,8
171605,3005,4,8
171605,3008,15,3
171605,3009,15,9
171605,3010,47,1
171605,3010,4,9
171605,3010,15,22
171605,3010apr0003,4,3
171605,3010pr9965,15,1
171605,3010pr9965,4,3
171605,3020,4,3
171605,3021,0,2
171605,3022,4,1
171605,3023,4,10
171605,3024,1,3
171605,3024,14,3
171605,3029,0,6
171605,3029,4,1
171605,3030,4,1
171605,3031,4,5
171605,3032,15,1
171605,3032,4,1
171605,3032,0,1
171605,3035,4,2
171605,3035,0,2
171605,3037,47,2
171605,3040a,4,4
171605,3062a,14,2
171605,3068a,7,5
171605,3069a,7,1
171605,3081c01,4,10
171605,3137c01,0,7
171605,3137c02,0,3
171605,3139,0,14
171605,3149bc01,4,1
171605,3183a,4,3
171605,3184,4,3
171605,3188,4,1
171605,3189,4,1
171605,32bc01,4,1
171605,3308,15,6
171605,3404ac01,4,1
171605,3455,15,1
171605,3596,15,1
171605,420,14,1
171605,421,14,1
171605,7b,0,6
171605,915pr0001,2,1
171606,2357,14,9
171606,2412b,0,1
171606,2431,71,1
171606,2431,0,1
171606,2431,14,6
171606,2453a,14,4
171606,2454a,14,3
171606,2454a,0,1
171606,2496,0,2
171606,2555,0,5
171606,2655,71,2
171606,2877,72,6
171606,2921,71,3
171606,3001,72,3
171606,3001,2,1
171606,3001,14,2
171606,3002,72,5
171606,3004,2,2
171606,3004,0,5
171606,3004,72,9
171606,3004,14,24
171606,3005,14,26
171606,3005,72,2
171606,30055,0,3
171606,3008,14,2
171606,3009,14,8
171606,3010,72,2
171606,3010,14,8
171606,3020,72,1
171606,3021,70,1
171606,3022,2,1
171606,3022,4,1
171606,3023,70,2
171606,3023,72,4
171606,3023,15,1
171606,3023,4,1
171606,3024,14,3
171606,3024,0,2
171606,3028,71,2
171606,3031,2,1
171606,3037,0,6
171606,3037,72,1
171606,3039,14,4
171606,3039,0,22
171606,3040b,2,4
171606,3040b,0,5
171606,3040b,72,2
171606,3041,0,3
171606,3048c,0,2
171606,30505,0,1
171606,3062b,46,3
171606,3062b,70,4
171606,3062b,15,2
171606,3062b,72,15
171606,3069b,15,2
171606,3069b,4,1
171606,3069bpr0099,15,1
171606,3070b,72,36
171606,3070b,71,36
171606,3185,0,3
171606,32028,71,6
171606,33057,484,1
171606,3460,71,2
171606,3460,14,2
171606,3460,70,1
171606,3622,14,20
171606,3622,72,4
171606,3659,72,1
171606,3660,14,6
171606,3660,2,2
171606,3665,14,2
171606,3666,70,1
171606,3666,14,1
171606,3666,0,2
171606,3710,72,6
171606,3794a,0,1
171606,3795,71,2
171606,3795,14,3
171606,3832,0,1
171606,3857,2,1
171606,3899,4,1
171606,3899,14,1
171606,3941,15,2
171606,4006,0,1
171606,4032a,15,1
171606,4070,71,2
171606,4085c,71,2
171606,4150,15,1
171606,4162,14,3
171606,4282,14,2
171606,43898,72,1
171606,44375b,15,1
171606,4445,0,8
171606,4447,15,1
171606,4448,47,1
171606,4477,0,4
171606,4510,71,2
171606,4599b,0,2
171606,48336,0,3
171606,4864b,47,6
171606,54200,72,4
171606,54200,70,4
171606,57894,15,5
171606,57895,47,5
171606,60474,15,1
171606,60478,71,1
171606,60592,15,9
171606,60594,15,1
171606,60596,15,2
171606,60601,47,9
171606,60603,47,1
171606,60616a,47,1
171606,60623,0,1
171606,6091,4,2
171606,6112,14,1
171606,61252,0,2
171606,6141,34,12
171606,6141,0,6
171606,6141,4,7
171606,6141,25,4
171606,6141,14,5
171606,6231,4,2
171606,63965,15,1
171606,6636,14,5
171606,6636,0,2
171607,2039,15,1
171607,22667,27,4
171607,22667,4,4
171607,2343,71,12
171607,2357,71,23
171607,2412b,80,7
171607,2412b,72,3
171607,2420,0,3
171607,2420,19,10
171607,2420,71,29
171607,2423,2,2
171607,2431,15,2
171607,2431,71,23
171607,2431,0,11
171607,2431pr0032,70,3
171607,2436,71,1
171607,2445,71,6
171607,2449,320,4
171607,2456,71,8
171607,2465,71,1
171607,2489,70,2
171607,2555,0,20
171607,2555,71,9
171607,2780,0,2
171607,2877,72,7
171607,298c02,0,1
171607,3001,288,5
171607,3001,71,3
171607,3002,71,1
171607,3003,71,5
171607,3003,288,3
171607,3003,0,2
171607,3004,28,4
171607,3004,71,32
171607,3004,320,4
171607,3004,288,14
171607,3004,19,5
171607,30044,15,3
171607,30046,0,3
171607,3005,320,12
171607,3005,288,13
171607,3005,378,35
171607,3005,71,26
171607,3005,70,2
171607,3008,378,50
171607,3008,19,6
171607,3008,71,29
171607,30088,0,2
171607,3009,19,2
171607,3009,71,28
171607,3010,378,41
171607,3010,288,23
171607,3010,71,17
171607,3010,19,2
171607,3010,0,6
171607,30126,72,4
171607,30134,0,2
171607,30136,72,15
171607,30150,70,2
171607,30154,72,2
171607,3020,0,3
171607,3020,15,3
171607,3020,71,9
171607,3021,72,3
171607,3021,0,7
171607,3021,71,5
171607,3022,70,9
171607,3022,71,5
171607,3022,72,3
171607,3023,71,51
171607,3023,15,4
171607,3023,72,2
171607,3023,19,33
171607,3023,0,12
171607,30236,19,2
171607,3024,4,2
171607,3024,320,4
171607,3024,0,13
171607,3024,15,14
171607,3024,71,36
171607,3024,19,29
171607,3024,72,3
171607,3024,1,4
171607,3028,0,1
171607,3029,71,4
171607,3031,71,2
171607,3033,71,4
171607,3034,72,7
171607,3034,0,2
171607,3034,71,9
171607,3035,0,4
171607,3037,0,2
171607,30374,0,4
171607,30377,0,13
171607,3039,71,2
171607,3039,72,2
171607,3039,0,2
171607,3040b,0,5
171607,3040b,71,6
171607,3040b,72,2
171607,30414,15,2
171607,3045,0,3
171607,3045,71,8
171607,3046a,0,1
171607,3048c,71,2
171607,3062b,15,4
171607,3062b,320,4
171607,3062b,2,2
171607,3062b,71,46
171607,3062b,272,4
171607,3062b,0,16
171607,3062b,46,4
171607,3062b,14,2
171607,3062b,4,5
171607,3062b,70,4
171607,3062b,1,2
171607,30663,0,4
171607,3068b,72,12
171607,3068b,28,16
171607,3068b,320,6
171607,3068b,15,1
171607,3068b,71,6
171607,3068b,19,13
171607,3069b,70,8
171607,3069b,72,24
171607,3069b,19,5
171607,3069b,71,55
171607,3069b,15,28
171607,3069b,73,27
171607,3069bpr0055,15,4
171607,3070b,0,26
171607,3070b,72,3
171607,3070b,71,37
171607,3070b,4,1
171607,3070b,15,3
171607,32028,71,24
171607,32028,15,6
171607,32059,15,1
171607,32123b,71,6
171607,3298,71,2
171607,3299,4,1
171607,33051,10,3
171607,3308,72,2
171607,33085,14,3
171607,33125,484,2
171607,33172,25,3
171607,33183,10,3
171607,3455,72,1
171607,3455,19,2
171607,3456,71,2
171607,3460,71,14
171607,3460,0,3
171607,3622,19,6
171607,3622,71,23
171607,3622,378,54
171607,3623,71,14
171607,3623,0,4
171607,3626b,47,1
171607,3633,0,1
171607,3659,72,1
171607,3660,71,10
171607,3665,71,10
171607,3665,15,6
171607,3665,19,4
171607,3666,15,2
171607,3666,0,6
171607,3666,71,12
171607,3676,72,2
171607,3678b,0,24
171607,3679,71,2
171607,3680,15,2
171607,3700,70,4
171607,3700,72,1
171607,3700,19,4
171607,3710,15,3
171607,3710,0,5
171607,3710,71,28
171607,3710,19,14
171607,3710,320,6
171607,3741,2,3
171607,3742,4,6
171607,3742,15,3
171607,3747b,15,1
171607,3794a,320,3
171607,3794a,71,2
171607,3795,19,2
171607,3795,72,6
171607,3795,71,8
171607,3832,71,9
171607,3835,0,2
171607,3836,70,1
171607,3837,0,2
171607,3857,2,2
171607,3900,71,1
171607,3937,378,7
171607,3957a,71,4
171607,3960,320,1
171607,40234,71,1
171607,4032a,70,2
171607,4035,15,4
171607,4070,71,24
171607,4070,15,8
171607,4070,72,13
171607,4070,4,1
171607,4070,70,8
171607,4079,14,2
171607,4095,0,2
171607,4150pr0001,15,2
171607,4162,71,13
171607,4162,15,1
171607,41677,71,1
171607,4216,15,25
171607,4216,378,56
171607,4274,1,4
171607,4282,71,3
171607,4282,72,8
171607,4287b,15,2
171607,4287b,71,4
171607,4345b,4,4
171607,4346,15,4
171607,4445,0,3
171607,44728,0,4
171607,4477,71,9
171607,4490,0,1
171607,4522,0,11
171607,4599b,71,2
171607,4733,72,1
171607,4733,15,2
171607,4735,0,4
171607,4740,72,2
171607,4740,15,1
171607,47905,71,3
171607,48336,71,3
171607,4864b,15,2
171607,4865a,47,2
171607,4865a,0,3
171607,54200,71,40
171607,54200,272,2
171607,54200,25,2
171607,54200,15,2
171607,54200,72,2
171607,54200,70,10
171607,54200,14,4
171607,54200,288,2
171607,54383,71,3
171607,54384,71,3
171607,57895,47,4
171607,59900,72,1
171607,6005,15,4
171607,6005,1,4
171607,6020,0,3
171607,60470a,0,1
171607,60479,71,5
171607,60479,0,4
171607,60481,0,9
171607,60481,71,7
171607,60592,15,11
171607,60594,15,6
171607,60596,0,3
171607,60596,72,5
171607,60596,15,2
171607,60601,47,11
171607,60603,47,2
171607,60608,15,8
171607,60616a,47,3
171607,60623,15,1
171607,60623,0,2
171607,60897,71,4
171607,60897,0,3
171607,6091,4,1
171607,6091,320,2
171607,6111,71,5
171607,6126b,57,2
171607,6134,71,7
171607,6141,72,2
171607,6141,70,10
171607,6141,27,4
171607,6141,1,4
171607,6141,29,6
171607,6141,71,10
171607,6141,0,18
171607,6141,14,7
171607,61780,70,3
171607,61780,72,3
171607,6179,15,2
171607,62113,0,5
171607,6251pr0002,15,1
171607,6266,0,37
171607,6541,72,5
171607,6632,71,3
171607,6636,15,1
171607,6636,0,9
171607,6636,71,36
171607,73983,71,14
171607,73983,19,4
171607,73983,72,4
171607,73983,15,12
171624,23186,84,1
171624,3626cpr2579,78,1
171624,41811,0,1
171624,970c05pr1518,272,1
171624,973c14h02pr4886,71,1
171645,2335,0,6
171645,2343,71,1
171645,2343,47,1
171645,2343,297,3
171645,2357,0,2
171645,2397,72,1
171645,2417,288,14
171645,2420,72,2
171645,2420,15,2
171645,2420,0,6
171645,2431,308,10
171645,2432,71,2
171645,2450,0,4
171645,2453b,70,7
171645,2489,308,3
171645,2540,0,2
171645,2555,4,1
171645,2555,0,1
171645,2654,19,1
171645,2654,72,1
171645,2877,72,19
171645,2926,0,1
171645,3001,71,1
171645,3002,19,2
171645,3003,70,4
171645,3003,71,3
171645,3004,73,59
171645,3004,15,1
171645,3004,70,2
171645,3004,71,40
171645,3004,0,2
171645,3004,19,36
171645,30044,70,17
171645,30046,0,18
171645,3005,19,44
171645,3005,71,31
171645,3005,73,37
171645,3005,72,35
171645,3005,70,16
171645,3005,0,1
171645,3009,72,1
171645,3009,71,4
171645,3009,19,5
171645,3010,19,8
171645,3010,71,17
171645,3010,73,19
171645,30134,70,1
171645,30136,70,17
171645,30137,70,17
171645,30154,72,2
171645,3020,72,1
171645,3020,70,2
171645,3020,0,1
171645,3021,19,1
171645,3021,70,1
171645,3021,0,1
171645,3022,70,1
171645,3022,72,1
171645,3023,15,1
171645,3023,19,8
171645,3023,70,18
171645,3023,320,1
171645,3023,28,40
171645,3023,0,16
171645,3024,71,6
171645,3024,70,14
171645,3024,272,1
171645,3024,0,5
171645,30258,72,1
171645,3028,72,2
171645,3028,0,2
171645,3030,72,1
171645,3031,70,1
171645,3032,1,1
171645,3032,70,2
171645,3034,0,1
171645,3034,72,1
171645,3035,72,1
171645,30350b,70,2
171645,3036,0,2
171645,3036,72,2
171645,3037,0,37
171645,30374,70,10
171645,3038,0,12
171645,30385,80,1
171645,3039,0,19
171645,3039,71,1
171645,3040b,70,12
171645,3040b,72,2
171645,3040b,0,14
171645,3045,0,4
171645,3048c,0,1
171645,3062b,0,10
171645,3062b,70,92
171645,3062b,71,2
171645,3068b,19,3
171645,3068b,70,2
171645,3069b,15,1
171645,3070b,0,2
171645,3070b,19,7
171645,3070b,70,5
171645,3070b,15,1
171645,3176,72,1
171645,3185,0,2
171645,32034,71,1
171645,32123b,71,2
171645,32530,0,1
171645,3298,0,14
171645,3299,0,4
171645,33048,484,1
171645,33051,10,4
171645,33057,484,2
171645,3307,71,7
171645,33172,25,1
171645,33172,308,2
171645,33183,10,1
171645,33320,2,1
171645,3456,0,1
171645,3456,72,1
171645,3460,70,2
171645,3460,15,2
171645,3581,71,1
171645,3623,0,5
171645,3633,72,1
171645,3659,71,2
171645,3659,0,1
171645,3659,73,2
171645,3660,71,1
171645,3660,72,2
171645,3660,70,2
171645,3665,71,1
171645,3665,70,68
171645,3666,72,1
171645,3666,70,4
171645,3666,0,14
171645,3673,71,3
171645,3680,0,4
171645,37,72,2
171645,3700,0,1
171645,3710,71,4
171645,3710,72,6
171645,3710,70,5
171645,3710,0,9
171645,3713,71,3
171645,3741,2,2
171645,3742,5,3
171645,3742,4,3
171645,3742,15,12
171645,3794b,70,7
171645,3794b,297,4
171645,3795,308,4
171645,3830,72,2
171645,3831,72,2
171645,3832,70,2
171645,3847,179,1
171645,3848,72,1
171645,3849,179,1
171645,3852b,191,1
171645,3941,70,1
171645,3957a,0,1
171645,40234,71,1
171645,40241,70,1
171645,4032a,19,1
171645,4032a,70,4
171645,4070,70,12
171645,4070,71,4
171645,4070,72,8
171645,4081b,19,5
171645,4081b,0,4
171645,4085c,0,5
171645,4161,0,12
171645,4286,70,4
171645,43888,70,2
171645,44294,71,1
171645,4445,0,3
171645,4460a,71,2
171645,4460b,70,4
171645,4477,70,3
171645,4489b,70,2
171645,4493c01pr0011,15,1
171645,4495b,297,1
171645,4495b,272,1
171645,4497,179,3
171645,4510,0,1
171645,4522,0,1
171645,4523,70,1
171645,4599a,71,2
171645,4623,0,1
171645,4733,15,1
171645,4733,0,1
171645,4733,72,1
171645,4738b,70,1
171645,4739a,70,1
171645,47905,19,8
171645,47905,0,3
171645,49668,15,2
171645,49668,19,1
171645,49668,191,2
171645,49668,288,2
171645,49668,0,2
171645,50745,0,2
171645,50950,272,4
171645,50950,320,4
171645,54200,70,1
171645,54200,15,1
171645,54200,72,3
171645,54200,0,5
171645,54200,14,1
171645,57503,334,1
171645,57504,334,1
171645,57505,334,1
171645,57506,334,1
171645,59275,25,2
171645,59900,71,1
171645,59900,182,2
171645,59900,0,1
171645,59900,2,2
171645,59900,19,5
171645,59900,70,9
171645,59900,15,1
171645,6041,0,1
171645,60474,72,1
171645,60475a,71,4
171645,60475b,0,1
171645,60479,308,2
171645,60479,0,6
171645,60594,0,4
171645,60607,15,8
171645,60897,4,1
171645,6091,320,10
171645,6091,0,2
171645,61252,297,2
171645,6141,70,45
171645,6141,297,44
171645,6141,46,4
171645,6141,72,4
171645,6141,19,24
171645,6141,57,5
171645,6141,14,2
171645,6141,29,1
171645,6141,71,4
171645,6141,15,1
171645,6141,4,1
171645,6179,72,1
171645,6182,19,3
171645,6182,71,6
171645,62113,0,2
171645,6231,0,4
171645,62361,71,3
171645,6256,82,1
171645,63965,71,1
171645,64452pr0001,70,2
171645,64566,0,2
171645,64644,308,20
171645,64647,4,1
171645,64647,57,4
171645,64648,179,5
171645,64847,15,4
171645,64951,70,3
171645,6541,0,2
171645,6541,71,2
171645,6636,70,8
171645,73983,0,2
171645,76768,70,17
171645,85080,0,2
171645,85217,9999,1
171645,98560,71,5
171647,2570,70,2
171647,2586pr0004,71,4
171647,2586pr0017,71,4
171647,3003,0,2
171647,3003,71,2
171647,30136,72,4
171647,30136,70,4
171647,30153,36,1
171647,3022,15,2
171647,3022,0,2
171647,3022,4,4
171647,3022,70,4
171647,3023,15,2
171647,3023,0,2
171647,30237b,0,4
171647,30237b,71,4
171647,3031,0,32
171647,3031,15,32
171647,30374,70,3
171647,3068bpr0170,70,1
171647,37,72,1
171647,3811,2,1
171647,3846pr0001,71,9
171647,3846pr0002,71,10
171647,3847,179,4
171647,3848,1103,4
171647,43899,71,2
171647,4495b,4,2
171647,4495b,288,2
171647,4497,179,4
171647,53454,132,2
171647,59,334,1
171647,59232,179,4
171647,6123,72,2
171647,6126b,182,8
171647,6231,71,8
171647,6231,0,8
171647,64567,71,9
171647,88072,0,2
171647,88072,15,2
171647,upn0164,179,1
171684,11203,0,15
171684,11212,0,2
171684,11476,14,2
171684,14226c11,0,1
171684,14769,0,1
171684,15573,0,10
171684,18674,0,2
171684,20482,80,2
171684,20482,72,2
171684,22885,71,1
171684,2357,71,4
171684,2431,47,2
171684,2431,0,6
171684,2654,0,2
171684,3004,71,3
171684,3005,0,2
171684,3005,71,3
171684,3009,71,1
171684,3010,71,2
171684,3020,0,1
171684,3020,71,1
171684,3021,71,1
171684,3023,0,3
171684,3023,71,3
171684,3023,47,10
171684,3024,71,2
171684,3024,0,4
171684,3033,0,1
171684,3062b,0,1
171684,3068b,71,2
171684,3069b,4,2
171684,3069b,71,4
171684,32013,0,2
171684,32015,4,2
171684,32016,4,2
171684,32062,4,4
171684,3666,71,2
171684,3666,0,4
171684,3700,71,1
171684,3710,0,2
171684,3710,15,2
171684,3937,71,3
171684,4162,71,1
171684,4274,1,3
171684,4519,71,2
171684,59443,4,1
171684,6091,0,2
171684,6134,71,3
171684,6541,0,2
171684,6636,0,2
171684,69729,4,2
171684,69729,0,1
171684,85861,0,2
171684,85984,71,1
171684,87087,71,1
171684,87994,297,1
171684,99563,0,3
171684,99780,71,2
171707,11610,19,1
171707,14719,15,1
171707,14769,4,2
171707,15207,15,3
171707,15207,71,3
171707,15470,29,1
171707,15533,84,4
171707,15573,15,2
171707,15712,71,1
171707,15712,15,2
171707,2420,15,4
171707,24246,5,2
171707,24246,4,11
171707,24246,2,3
171707,2445,71,2
171707,2465,15,2
171707,24866,25,5
171707,25269,71,4
171707,25269,15,11
171707,25269,4,14
171707,25269,14,1
171707,25269,5,2
171707,25269,2,2
171707,2540,0,2
171707,26047,15,1
171707,26047,0,1
171707,27263,15,4
171707,27263,71,4
171707,3003,0,8
171707,3009,15,4
171707,3022,4,2
171707,3023,1,2
171707,3023,15,8
171707,3024,15,1
171707,3036,71,1
171707,3036,19,1
171707,3068b,15,1
171707,3069b,15,5
171707,3069b,71,4
171707,3070b,4,5
171707,3070b,15,1
171707,3070b,2,1
171707,32607,10,1
171707,32607,2,1
171707,3666,15,4
171707,3941,0,8
171707,41539,19,1
171707,41539,71,1
171707,4162,0,4
171707,4282,0,5
171707,44728,72,4
171707,4740,0,1
171707,4740,15,1
171707,6020,71,2
171707,60479,15,2
171707,6141,46,2
171707,63864,15,4
171707,63864,71,4
171707,92438,72,1
171707,93274,71,2
171707,98138,0,1
171707,98262,14,3
171707,99780,72,4
171707,99781,71,4
171709,11477,15,3
171709,11477,1,2
171709,14417,72,2
171709,14418,71,6
171709,14419,72,3
171709,14704,71,1
171709,14769,15,2
171709,14769,71,1
171709,15279,27,2
171709,15573,27,3
171709,18677,0,1
171709,1927,71,2
171709,22888,322,4
171709,2412b,71,1
171709,24246,15,8
171709,24246,2,6
171709,24866,27,4
171709,3021,15,1
171709,3021,71,2
171709,3022,15,1
171709,3023,14,1
171709,3023,72,1
171709,3023,70,1
171709,3023,0,2
171709,3024,70,3
171709,3024,14,3
171709,3062b,70,4
171709,3062b,14,4
171709,3070b,27,4
171709,3070b,14,2
171709,3070b,15,4
171709,3070b,70,2
171709,3070bpr0234,71,1
171709,3070bpr0235,71,1
171709,32828,0,4
171709,33183,10,1
171709,34103,0,1
171709,3623,70,3
171709,3623,14,1
171709,3623,15,2
171709,36840,72,2
171709,36840,71,2
171709,36841,0,3
171709,3710,2,3
171709,4032a,71,1
171709,4032a,15,1
171709,4081b,0,2
171709,43898,72,1
171709,4599b,0,1
171709,4740,41,2
171709,54200,14,2
171709,54200,72,2
171709,54200,70,2
171709,59900,1,4
171709,59900,71,3
171709,59900,0,2
171709,60470b,0,1
171709,61252,71,2
171709,61332,0,2
171709,6141,34,2
171709,6141,36,3
171709,6141,72,10
171709,6141,71,4
171709,6141,0,2
171709,6141,46,2
171709,62462,15,2
171709,63965,0,1
171709,6541,71,5
171709,65487,0,2
171709,66906,0,5
171709,98138,45,1
171709,98138,70,5
171709,98138,41,2
171709,98138,14,4
171709,98138,15,3
171709,98138pr0186,71,1
171709,99207,0,1
171709,99563,15,3
171709,99563,297,2
171709,99780,71,2
171710,11211,0,6
171710,14769,71,2
171710,15279,27,2
171710,15279,10,4
171710,15395,15,2
171710,15573,70,2
171710,2420,2,1
171710,2423,326,3
171710,2431,70,1
171710,2431,14,1
171710,2435,2,2
171710,2445,72,5
171710,2453b,70,1
171710,24855,2,3
171710,2489,308,1
171710,26047,297,1
171710,30150,70,2
171710,30150,84,1
171710,30176,2,2
171710,3022,320,1
171710,3023,14,3
171710,3024,70,3
171710,3032,2,8
171710,3062b,46,3
171710,3069b,14,2
171710,32606,5,1
171710,32606,191,2
171710,32606,15,3
171710,32606,4,5
171710,32607,10,2
171710,32607,2,3
171710,32828,0,1
171710,32952,0,7
171710,32952,70,10
171710,33183,10,1
171710,3623,2,1
171710,3665,0,1
171710,3665,70,3
171710,3666,320,2
171710,3710,0,1
171710,3710,2,3
171710,3710,320,6
171710,37695,10,2
171710,3795,70,2
171710,3832,0,1
171710,3937,0,3
171710,3938,0,3
171710,4162,70,1
171710,4162,0,1
171710,4162,14,8
171710,4286,0,5
171710,4477,70,1
171710,4477,0,4
171710,4599b,0,1
171710,46212,47,4
171710,4727,10,2
171710,51270,25,1
171710,57895,47,3
171710,59900,41,1
171710,60596,0,4
171710,60616b,47,1
171710,61780,70,2
171710,6636,14,2
171710,85984,14,2
171710,87079,70,3
171710,87087,70,4
171710,87087,0,2
171710,87552,15,2
171710,87580,15,1
171710,87580,70,2
171710,98138,72,7
171710,98138,71,3
171710,98283,320,4
171710,99206,0,4
171711,10170,84,2
171711,11477,2,5
171711,11477,15,10
171711,11477,4,5
171711,14769,15,1
171711,14769pr1070,19,3
171711,15332,0,1
171711,15573,72,4
171711,15712,70,2
171711,20482,0,2
171711,2357,71,1
171711,2420,72,1
171711,2453b,19,11
171711,24946,15,6
171711,29119,15,2
171711,29119,0,2
171711,29120,0,2
171711,29120,15,2
171711,3001,71,4
171711,3003,71,1
171711,30150,84,2
171711,30150,70,2
171711,3021,70,8
171711,3022,70,3
171711,3023,70,5
171711,3023,2,1
171711,3031,70,3
171711,3032,70,2
171711,3034,70,4
171711,3040bpr0003,71,1
171711,3062b,14,1
171711,3062b,4,1
171711,3062b,70,2
171711,3068b,15,1
171711,3069b,4,5
171711,3069b,2,5
171711,3069b,15,10
171711,3069bpr0100,2,1
171711,3070bpr0234,71,1
171711,32607,2,1
171711,32607,27,1
171711,33085,14,5
171711,33183,10,6
171711,3941,71,1
171711,4070,71,1
171711,4079b,14,1
171711,4477,70,2
171711,51270,25,4
171711,67338,484,2
171711,85861,70,7
171711,85984,71,1
171711,87580,72,7
171711,91405,28,1
171711,98138pr0018,84,7
171711,98138pr0090,84,7
171711,98138pr0186,71,1
171712,11208,179,8
171712,11209,0,8
171712,11477,1,8
171712,11477,4,2
171712,14719,0,4
171712,15068,15,3
171712,15068,4,8
171712,15573,72,2
171712,15712,71,8
171712,23443,71,6
171712,2412b,179,2
171712,24246,4,1
171712,26603,15,2
171712,29119,71,1
171712,29120,71,1
171712,3010,1,1
171712,3020,4,5
171712,3020,0,1
171712,3020,1,4
171712,3021,4,2
171712,3021,14,2
171712,3021,1,2
171712,3022,15,2
171712,3023,4,1
171712,3024,25,3
171712,3031,4,1
171712,3032,0,2
171712,3069b,1,2
171712,3070b,1,2
171712,3245c,72,2
171712,33909,0,8
171712,34103,71,4
171712,35654,0,1
171712,3623,1,2
171712,36840,72,2
171712,3710,4,5
171712,3710,1,2
171712,3829c01,71,2
171712,3832,72,2
171712,4079b,14,1
171712,4079b,4,1
171712,41740,0,4
171712,43722,15,2
171712,43723,15,2
171712,4477,0,4
171712,50943,71,1
171712,50950,4,4
171712,54200,1,2
171712,54200,47,2
171712,59900,25,3
171712,59900,179,2
171712,6091,4,2
171712,63864,4,2
171712,6636,1,3
171712,67688,0,8
171712,85984,1,2
171712,85984,15,1
171712,87079,15,1
171712,87079,0,2
171712,98138,14,1
171712,99206,71,8
171712,99780,72,8
171712,99781,0,8
171713,14769,71,2
171713,15279,27,1
171713,15395,15,1
171713,15533,71,6
171713,18674,70,4
171713,18674,72,1
171713,19119,484,4
171713,20310,19,2
171713,2357,19,2
171713,2423,27,5
171713,2423,2,2
171713,2431,71,12
171713,24866,4,12
171713,24866,10,2
171713,25269,70,12
171713,25269,19,5
171713,27925,71,12
171713,30176,2,2
171713,3032,70,4
171713,30374,41,1
171713,32606,191,6
171713,32607,10,8
171713,32607,2,5
171713,33183,10,2
171713,3701,71,9
171713,3710,70,6
171713,37695,10,7
171713,3795,70,1
171713,3941,70,1
171713,40066,19,1
171713,41539,71,4
171713,43898,15,1
171713,4740,41,1
171713,51270,25,1
171713,59900,70,4
171713,59900,41,1
171713,6064,2,1
171713,61332,0,6
171713,6141,10,4
171713,63965,70,2
171713,6636,19,1
171713,68211,19,2
171713,85080,71,12
171713,98138,71,5
171713,98283,19,2
171713,99563,19,9
171713,99563,71,2
171714,11477,0,1
171714,11477,4,8
171714,11477,1,1
171714,15712,14,1
171714,18674,15,2
171714,2412b,0,2
171714,24201,0,2
171714,24866,1050,2
171714,25269,4,2
171714,29119,15,1
171714,29120,15,1
171714,3002,71,1
171714,3004,4,1
171714,3005,14,1
171714,3005,1,2
171714,3005,15,2
171714,3005,0,1
171714,3005,4,3
171714,3023,1,9
171714,3023,4,7
171714,3023,0,4
171714,3023,14,4
171714,3024,0,7
171714,3024,1,3
171714,3024,4,3
171714,3024,14,3
171714,3024,15,3
171714,3032,19,1
171714,30374,14,2
171714,30374,15,2
171714,30374,0,2
171714,3040b,1,1
171714,3040b,4,1
171714,3062b,41,9
171714,3069b,4,1
171714,3069b,14,2
171714,32607,14,2
171714,32952,0,1
171714,32952,15,1
171714,3622,1,1
171714,3623,14,1
171714,3623,1,4
171714,3623,15,1
171714,3623,4,5
171714,3623,0,4
171714,3665,0,2
171714,4032a,4,2
171714,4032a,19,1
171714,4070,14,2
171714,4081b,0,2
171714,4286,0,1
171714,43898,41,3
171714,47905,19,2
171714,47905,0,2
171714,52107,0,1
171714,54200,72,1
171714,54200,4,1
171714,54200,0,4
171714,54200,14,2
171714,6064,288,1
171714,60897,4,4
171714,60897,15,4
171714,60897,0,16
171714,6091,4,2
171714,61409,0,1
171714,85861,15,2
171714,85861,320,1
171714,87087,4,4
171714,98138,0,4
171714,98138pr0082,15,2
171716,10104047,9999,1
171716,10104431,9999,1
171716,11090,323,3
171716,11211,15,4
171716,11211,85,4
171716,11213,322,1
171716,11477,323,6
171716,11833,1054,1
171716,13547,323,6
171716,14716,322,2
171716,14718,15,1
171716,14719,322,8
171716,14769,323,4
171716,14769,30,2
171716,15068,30,3
171716,15254,1,1
171716,15254,323,3
171716,15279,26,2
171716,15397,30,1
171716,15571,323,5
171716,15573,3,2
171716,15573,92,3
171716,15573,26,2
171716,15672,323,6
171716,15712,212,2
171716,16577,15,3
171716,1745,323,5
171716,1748,15,1
171716,1751,15,2
171716,18034,179,2
171716,18646,15,4
171716,18653,323,10
171716,18653,15,2
171716,18674,31,13
171716,18674,323,3
171716,18920,179,1
171716,18980,31,1
171716,20482,5,4
171716,20482,321,3
171716,20482,10,1
171716,20482,47,2
171716,20952,26,2
171716,20952pr0002,26,5
171716,22385,85,2
171716,22483,1054,1
171716,22885,272,3
171716,22885,14,6
171716,22886,323,3
171716,22961,15,5
171716,2357,323,2
171716,2357,85,1
171716,23945pat0002,47,1
171716,24093,70,1
171716,2412b,15,2
171716,2412b,85,3
171716,2417,30,11
171716,2423,26,6
171716,24246,92,2
171716,24246,85,2
171716,2431,31,8
171716,2431,26,2
171716,24324,70,1
171716,2449,323,2
171716,2453b,31,4
171716,2453b,323,2
171716,2454b,323,5
171716,2456,85,1
171716,24593,323,1
171716,2476a,15,1
171716,24866,1050,22
171716,24866,212,5
171716,24866,30,7
171716,25269,323,2
171716,25269,26,4
171716,2654,26,1
171716,26603,73,2
171716,26603,31,2
171716,26603,92,4
171716,2682,1054,10
171716,27448,15,3
171716,27507,92,2
171716,27507,26,6
171716,27925,323,4
171716,27925,26,2
171716,27976,323,1
171716,28192,85,4
171716,28387,323,1
171716,28466,31,1
171716,28621,41,1
171716,2877,14,1
171716,28870,41,1
171716,3001,323,2
171716,3001,85,1
171716,3001,31,4
171716,3002,27,1
171716,3003,323,10
171716,3004,26,1
171716,3004,85,1
171716,3004,30,1
171716,3004,15,1
171716,3004,323,11
171716,30044,19,1
171716,3005,15,6
171716,3005,212,2
171716,3006,15,1
171716,3007,15,1
171716,3007,0,1
171716,3008,15,1
171716,3009,323,4
171716,3009,26,1
171716,30099,323,2
171716,3010,31,1
171716,3010,85,3
171716,3010,3,1
171716,3010,323,5
171716,30136,19,1
171716,30136,15,2
171716,30151b,47,1
171716,3020,92,2
171716,3020,323,5
171716,3020,322,2
171716,3021,323,3
171716,3022,3,1
171716,3022,26,2
171716,3022,15,1
171716,3023,323,4
171716,3023,85,1
171716,3023,15,2
171716,3023,92,1
171716,3023,52,6
171716,3024,14,1
171716,3024,323,2
171716,3032,3,1
171716,3033,19,1
171716,3033,3,1
171716,3034,30,2
171716,3035,92,1
171716,3035,31,3
171716,30357,3,1
171716,3036,3,4
171716,3036,26,1
171716,30367c,1054,1
171716,3037,15,2
171716,30385,1059,13
171716,3039,52,3
171716,3039,33,2
171716,3040b,41,2
171716,3040b,323,2
171716,30414,15,2
171716,30414,1,1
171716,3062b,27,3
171716,3062b,323,10
171716,3062b,85,8
171716,3068b,19,2
171716,3068bpr0240,19,1
171716,3069b,30,6
171716,3069b,323,4
171716,3069b,5,1
171716,3069b,27,2
171716,3069b,85,2
171716,3069b,26,2
171716,3069b,15,1
171716,3069bpr0148,15,1
171716,3069bpr0314,19,1
171716,30987,323,6
171716,3160,1059,3
171716,3176,85,3
171716,32000,15,2
171716,32000,71,2
171716,32028,1,3
171716,32607,212,12
171716,32828,226,1
171716,32952,323,12
171716,32952,15,4
171716,33909,322,1
171716,33909,71,2
171716,33909,3,4
171716,3460,15,1
171716,35044,92,4
171716,35442,85,3
171716,35443,72,1
171716,35480,5,6
171716,35480,1,2
171716,35480,15,16
171716,35649,1053,6
171716,3622,323,4
171716,3622,1,1
171716,3623,272,1
171716,3623,31,2
171716,3659,15,1
171716,3665,323,16
171716,3666,30,2
171716,3666,323,6
171716,36841,14,1
171716,3700,27,4
171716,3710,322,4
171716,3710,323,8
171716,3710,85,1
171716,37352,26,2
171716,37352,15,2
171716,37776,297,1
171716,3795,26,2
171716,3795,15,2
171716,3844,15,1
171716,38648pat0001,0,1
171716,3937,1,2
171716,3941,3,6
171716,3958,3,1
171716,40066,15,1
171716,40243,3,8
171716,40244,72,1
171716,4032a,322,8
171716,4032a,1,2
171716,4162,15,2
171716,41682,15,1
171716,41740,85,2
171716,41740,15,4
171716,41740,31,1
171716,41948,31,4
171716,4286,85,4
171716,4286,323,3
171716,44728,212,1
171716,4499,28,1
171716,4536,5,2
171716,4738c,297,1
171716,4739a,30,1
171716,48092,85,5
171716,49153,71,1
171716,49307,30,6
171716,49307,26,2
171716,49311,15,1
171716,49656pat0001,28,1
171716,51274,323,5
171716,52107,15,2
171716,52494,72,1
171716,52501,15,1
171716,53119,15,1
171716,54200,85,3
171716,54200,323,6
171716,59349,323,1
171716,59900,212,3
171716,59900,46,3
171716,6003,3,5
171716,6021,484,1
171716,60474,30,1
171716,60481,85,2
171716,60481,323,9
171716,60596,3,1
171716,60808,15,1
171716,60897,322,1
171716,6091,323,6
171716,61252,30,1
171716,6126b,182,1
171716,61332,0,6
171716,6134,0,2
171716,6141,92,2
171716,6141,322,6
171716,61485,0,1
171716,63864,92,1
171716,63864,15,2
171716,63868,322,2
171716,64867,1059,4
171716,65509,272,1
171716,65578,47,3
171716,6636,26,2
171716,6636,85,1
171716,6636,19,1
171716,6636,322,2
171716,6636,3,1
171716,66857,3,1
171716,66857,15,3
171716,66897,71,2
171716,67095,272,1
171716,67440,323,2
171716,68211,323,14
171716,68568,31,2
171716,68568,15,2
171716,69729,321,1
171716,73230,15,1
171716,73230,212,4
171716,75c47,15,1
171716,78256,15,1
171716,78258,15,5
171716,79194,3,2
171716,79393,26,6
171716,79756,15,2
171716,80015,272,1
171716,80031,322,1
171716,80497,323,12
171716,80503pr0001,84,1
171716,80674,226,3
171716,85080,85,6
171716,85861,15,1
171716,85861,182,1
171716,85941,323,1
171716,85984,28,2
171716,85984,323,2
171716,85984,30,1
171716,85984,322,2
171716,86996,15,2
171716,87079,30,2
171716,87079,3,2
171716,87079,322,1
171716,87087,323,2
171716,87580,41,4
171716,87580,3,2
171716,87580,30,3
171716,87585,70,1
171716,87994,70,1
171716,88293,323,8
171716,88646,15,1
171716,92410,15,1
171716,92474,1053,1
171716,92950,15,1
171716,93095,30,1
171716,93095,19,2
171716,96874,25,1
171716,98100,15,2
171716,98138,46,2
171716,98138,1053,4
171716,98138,31,2
171716,98138,323,3
171716,98138,379,7
171716,98138pr0051,297,1
171716,98138pr0351,10,1
171716,99206,272,1
171716,99206,212,2
171716,99206,71,2
171716,99780,226,1
171716,99780,5,1
171716,99781,321,2
171756,30183,8,1
171756,3039,378,4
171756,3040b,7,4
171756,3665,7,4
171756,3700,8,2
171756,3794a,19,2
171756,3795,8,1
171756,40379,378,1
171756,40384,378,1
171756,40396,378,1
171756,4274,7,1
171756,4589,0,10
171756,4733,19,1
171756,6141,0,4
171776,3081c01,4,30
171776,3853,4,40
171776,3854,15,80
171776,3856,2,80
171776,3861b,4,20
171776,73312,4,10
171834,3020,72,1
171834,3023,2,1
171834,3039pr0029,15,1
171834,3069bpr0100,2,2
171834,4345b,71,1
171834,4346,71,1
171834,61482,71,1
171834,92585,4,1
171860,15530pr0001,272,1
171860,3626cpr1146,14,1
171860,970c05,272,1
171860,973c29h03pr4527,212,1
171883,30000,8,24
171883,3483,0,72
171883,3641,0,72
171883,4600,0,36
171883,4624,15,72
171883,6248,4,72
171883,6249,8,12
171884,3626cpr3063,14,1
171884,87990,19,1
171884,970c12,72,1
171884,973c27h01pr4565,15,1
171885,14769pr1116,15,2
171885,15535,0,2
171885,18575,19,2
171885,23948,14,2
171885,2815,322,2
171885,32034,15,2
171885,32184,15,2
171885,32192,15,2
171885,32270,0,2
171885,32271,0,2
171885,32523,2,2
171885,3713,71,4
171885,3738,10,2
171885,3749,19,6
171885,39367pat0001,0,2
171885,39369,322,1
171885,3941,41,2
171885,39789,1,2
171885,39789,26,2
171885,39793,26,4
171885,39794,26,2
171885,41751,322,1
171885,4185,0,2
171885,44294,71,4
171885,4519,14,4
171885,46372,71,2
171885,49130,71,2
171885,55889,0,2
171885,61332,0,16
171885,64179,14,2
171885,64781,0,1
171885,65249,15,4
171885,65304,71,6
171885,65489,71,6
171885,67491,0,2
171885,73507,0,2
171885,85546,14,2
171886,22479,9999,1
171886,31005pr0001,4,1
171886,31005pr0002,14,1
171890,22479,9999,1
171892,3022,0,2
171892,3024,15,200
171892,3024,8,200
171892,3024,503,200
171892,3024,0,200
171892,3024,7,200
171892,3037,0,44
171892,3038,0,2
171892,3046a,0,6
171892,3176,0,1
171892,4186,7,1
171892,6007,8,1
171894,29540,14,2
171894,29540,1,6
171894,29540,2,6
171894,29540,4,6
171894,29541,2,6
171894,29541,1,6
171894,29541,4,6
171894,29541,14,4
171894,29541pr0001,14,2
171894,71727,4,4
171896,14769pr1117,15,2
171896,15279,10,2
171896,15535,25,2
171896,18575,19,1
171896,26139,226,1
171896,2815,322,2
171896,30089b,0,1
171896,30162,72,1
171896,32001,2,2
171896,32192,15,2
171896,32270,0,1
171896,32531,321,1
171896,32532,15,1
171896,33320,2,1
171896,3626cpr1738,14,1
171896,3626cpr1965,14,1
171896,3700,25,2
171896,3701,26,2
171896,3702,321,2
171896,3706,4,4
171896,3708,4,2
171896,3709,191,2
171896,3713,4,4
171896,37452,5,2
171896,38648pat0001,0,1
171896,3895,191,2
171896,3941,41,2
171896,39789,26,2
171896,39789,2,2
171896,4006,179,1
171896,41539,15,1
171896,4185,15,2
171896,42022,4,2
171896,4282,26,2
171896,44865,4,2
171896,4519,14,4
171896,48092,191,2
171896,49153,15,2
171896,53126,0,1
171896,59443,25,2
171896,59900,25,2
171896,60474,26,2
171896,60599,15,2
171896,6124,45,1
171896,61332,0,6
171896,65249,15,4
171896,65834pat0002,15,2
171896,67361,322,2
171896,85546,14,2
171896,96874,25,1
171896,970c03,0,1
171896,970c37,26,1
171896,973c06h01,10,1
171896,973c27h01,15,1
171896,99207,25,2
171939,2352b,14,2
171939,2456,1,4
171939,2456,14,4
171939,2456,4,4
171939,3001,15,20
171939,3001,14,20
171939,3001,1,24
171939,3001,2,8
171939,3001,0,12
171939,3001,4,24
171939,3001pr0043,14,2
171939,3002,2,4
171939,3002,15,8
171939,3002,1,10
171939,3002,0,4
171939,3002,14,8
171939,3002,4,10
171939,3003,0,18
171939,3003,1,34
171939,3003,2,12
171939,3003,15,28
171939,3003,14,28
171939,3003,4,34
171939,3003pr0053,14,2
171939,3003pr0053,15,2
171939,3007,1,4
171939,30072,2,1
171939,30076,1,1
171939,30077,14,6
171939,30078,2,1
171939,30143pr0001,14,1
171939,30144pr0040,14,1
171939,3483,0,12
171939,4727,2,4
171939,4728,15,1
171939,4728,1,1
171939,4728,4,1
171939,4728,14,1
171939,4729,14,1
171939,4743,1,1
171939,4743,14,1
171939,4744,14,1
171939,4744pr0001,0,1
171939,4744pr0002,4,1
171939,4744pr0003,4,1
171939,4744pr0004,2,1
171939,4744pr0005,14,1
171939,4745,4,2
171939,600,15,2
171939,601,15,4
171939,6212,1,1
171939,6214pr0003,2,1
171939,6215,1,4
171939,6215,14,4
171939,6215,2,4
171939,6215,4,4
171939,6216,14,1
171939,6216,2,1
171939,6216,1,1
171939,6216,4,1
171939,6232,14,2
171939,6235,4,2
171939,6236,4,2
171939,6243pr0001,15,1
171939,6245pr0001,1,1
171939,6247,14,2
171939,6248,4,12
171939,6249,4,6
172129,10190,0,2
172129,10190,321,14
172129,10190,3,4
172129,11090,379,4
172129,11153,272,15
172129,11215,71,2
172129,11291,321,2
172129,11476,71,2
172129,11477,72,2
172129,11477,321,8
172129,11477,272,6
172129,11477,0,1
172129,13548,72,2
172129,15068,272,4
172129,15068,321,26
172129,15445,72,1
172129,15535,71,1
172129,15573,297,3
172129,15573,72,2
172129,15672,272,3
172129,15712,0,2
172129,16770,0,12
172129,17114,72,1
172129,21459,179,1
172129,22385,72,1
172129,22388,41,5
172129,22961,72,2
172129,2420,0,2
172129,2420,15,4
172129,24201,72,4
172129,24299,15,1
172129,24299,322,2
172129,24307,322,2
172129,24307,15,1
172129,24309,272,2
172129,25269,321,16
172129,2540,0,10
172129,2540,297,2
172129,2639,72,4
172129,2654,41,16
172129,27393,41,3
172129,27925,321,6
172129,27925,3,2
172129,27940,72,4
172129,28192,297,4
172129,28802,0,14
172129,28870,41,12
172129,29119,322,2
172129,29120,322,2
172129,3003,72,2
172129,3003,19,1
172129,30031,72,1
172129,3004,191,1
172129,3004,322,1
172129,3004,321,4
172129,3005,15,2
172129,3005,41,2
172129,3020,322,11
172129,3020,72,7
172129,3020,0,3
172129,3021,72,2
172129,3022,15,2
172129,3022,4,2
172129,3022,321,6
172129,3022,71,4
172129,3023,14,7
172129,3023,72,2
172129,3023,322,40
172129,3024,15,6
172129,3024,0,2
172129,3035,72,1
172129,30357,0,2
172129,30377,72,2
172129,3039,191,2
172129,3040b,72,1
172129,3062b,3,2
172129,3068b,272,1
172129,3069b,272,1
172129,3069b,321,4
172129,3070b,41,14
172129,3176,72,3
172129,3176,322,3
172129,32000,71,1
172129,32034,72,8
172129,32062,4,8
172129,32069,0,1
172129,32123b,14,4
172129,32123b,71,3
172129,32140,272,2
172129,32192,72,4
172129,32828,0,12
172129,33909,0,2
172129,3460,71,2
172129,36017,0,2
172129,3623,15,2
172129,3623,0,2
172129,3639,72,4
172129,3640,272,4
172129,3659,0,1
172129,3673,71,12
172129,36840,71,6
172129,36841,15,4
172129,3700,4,1
172129,3701,72,1
172129,3706,0,2
172129,3710,321,1
172129,3737,0,4
172129,3747b,72,3
172129,3795,321,1
172129,3832,71,1
172129,3941,41,2
172129,4032a,72,3
172129,4081b,72,2
172129,41740,71,1
172129,41769,0,1
172129,41769,322,4
172129,41770,322,4
172129,41770,0,1
172129,4274,1,6
172129,43713,72,2
172129,43722,0,1
172129,43723,0,1
172129,44676,322,10
172129,44676,191,2
172129,44728,0,2
172129,44861,0,12
172129,44861,71,2
172129,4590,72,2
172129,4600,0,1
172129,47455,0,5
172129,48169,72,5
172129,48171,72,5
172129,4871,72,1
172129,49668,41,6
172129,53119,15,2
172129,53451,15,6
172129,53451,297,2
172129,54200,0,2
172129,57909b,72,4
172129,59443,72,6
172129,59900,297,2
172129,6003,28,2
172129,60470b,15,2
172129,60474,0,1
172129,60478,15,2
172129,61252,297,2
172129,6141,41,2
172129,6232,71,1
172129,63868,0,2
172129,64225,15,2
172129,64567,297,1
172129,65227pat0001,272,1
172129,6541,72,8
172129,6587,28,1
172129,6636,272,2
172129,66906,0,12
172129,66955,72,1
172129,69564pr0001,41,1
172129,69567pat0002,297,1
172129,69858,0,1
172129,72362pr0002,321,1
172129,73825,72,2
172129,76923pr0001,72,1
172129,78229,322,1
172129,78230,322,1
172129,78519,9999,1
172129,85984,272,1
172129,87083,72,1
172129,87087,0,2
172129,87994,297,4
172129,90194,0,3
172129,90540,297,3
172129,92013,72,5
172129,92290,297,3
172129,92947,297,1
172129,93273,72,2
172129,93273,321,2
172129,93571,0,1
172129,96874,25,1
172129,98139,1103,1
172129,98139,297,1
172129,98341,297,1
172129,98834,72,2
172129,99021,72,1
172129,99207,71,4
172129,99563,191,2
172129,99563,297,3
172129,99780,0,6
172129,99780,72,14
172129,99781,71,2
172129,99781,321,6
172131,15619,321,1
172131,3626cpr9779,323,1
172131,36452,1103,1
172131,76917pat0002,1053,1
172131,970c05pr9814,272,1
172131,973d36pr0001,272,1
172169,3001,15,8
172169,3001,1,8
172169,3001,14,8
172169,3001,4,8
172169,3001,0,8
172169,3001a,47,4
172169,3001pr0043,14,2
172169,3002,15,4
172169,3002a,4,4
172169,3002a,14,4
172169,3002a,0,4
172169,3002a,1,4
172169,3003a,0,8
172169,3003a,4,8
172169,3003a,14,8
172169,3003a,1,8
172169,3003a,15,8
172169,3003apr0052,14,4
172169,3006,4,4
172169,3007,1,4
172169,3185,15,4
172169,3470,2,2
172169,3483,0,8
172169,4130,4,2
172169,4131,14,2
172169,4132,4,2
172169,4133,14,2
172169,4180c02,0,4
172169,4202,4,2
172169,4204,2,2
172169,fig0001,9999,1
172169,fig0002,9999,1
172186,40840,4,1
172187,31000pr0001,14,1
172187,31000pr0009,14,1
172187,31000pr0028,4,1
172187,31155c02,1,1
172187,31605c02,73,1
172187,31605c02,10,1
172187,76081pr0006,15,1
172190,31005pr0005,4,1
172190,40892,14,1
172190,43778,4,1
172190,43779,2,1
172190,43780,1,1
172191,31005pr0005,4,1
172191,40892,14,1
172191,43778,4,1
172191,43779,2,1
172191,43780,1,1
172216,75595c02pr0003,4,1
172216,76356,1,1
172218,22494,4,1
172218,75595c02pr0011,1,1
172218,76079,14,1
172224,2291,14,1
172224,2300,4,1
172224,2301,4,2
172224,2302,2,2
172224,2312c02,14,1
172224,2327c01pr0007,2,1
172224,2327c02pr0010,4,1
172224,2332,14,1
172224,3011,4,2
172224,3011,2,5
172224,3011,14,1
172224,3437,4,5
172224,3437,14,8
172224,3437,2,6
172224,3965,14,1
172224,3966,2,1
172224,3967,6,5
172224,4009pr0002,7,1
172224,4011pr0002,92,1
172224,4012pr0002,15,1
172224,4066pr0115,14,1
172224,4066pr0153,4,1
172224,4247,4,1
172224,4882,4,1
172224,75020,15,1
172224,75021pr0001,15,1
172227,31000pr0001,14,1
172227,31000pr0031,2,1
172227,31000pr0031,4,1
172227,31155c03,4,1
172227,31605c01,2,1
172227,31605c01,1,1
172227,75595c02pr0002,2,1
172240,11055,1,2
172240,11062,15,1
172240,12825,4,2
172240,14210,0,2
172240,15254,4,2
172240,15254,14,2
172240,2412b,71,4
172240,2419,14,2
172240,2419,15,2
172240,2432,0,2
172240,2456,4,4
172240,2456,1,4
172240,2456,14,4
172240,2456,15,4
172240,2458,72,2
172240,2460,71,2
172240,2479,0,2
172240,2508,0,2
172240,2569,42,2
172240,30000,72,2
172240,3001,2,9
172240,3001,70,4
172240,3001,14,18
172240,3001,1,18
172240,3001,0,9
172240,3001,15,18
172240,3001,4,18
172240,3001pr0043,14,4
172240,3002,14,16
172240,3002,2,8
172240,3002,0,8
172240,3002,15,16
172240,3002,4,16
172240,3002,1,16
172240,3003,2,24
172240,3003,4,48
172240,3003,0,24
172240,3003,1,48
172240,3003,70,12
172240,3003,15,48
172240,3003,14,48
172240,30033,15,1
172240,3003pr0001,14,2
172240,3004,2,10
172240,3004,14,20
172240,3004,4,20
172240,3004,15,20
172240,3004,70,8
172240,3004,0,10
172240,3004,71,8
172240,3004,1,20
172240,3005,15,10
172240,3005,14,10
172240,3005,1,10
172240,3005,2,6
172240,3005,4,10
172240,3005,0,6
172240,3005pr0003,15,8
172240,3005pr0003,14,8
172240,3007,1,2
172240,3007,14,2
172240,3007,4,2
172240,3007,15,2
172240,30076,4,2
172240,3008,1,4
172240,3008,15,4
172240,3008,4,4
172240,3008,14,4
172240,3009,15,8
172240,3009,14,8
172240,3009,4,8
172240,3009,1,8
172240,3010,71,4
172240,3010,4,9
172240,3010,1,9
172240,3010,14,9
172240,3010,15,9
172240,3010,0,6
172240,3010,2,6
172240,30151a,47,2
172240,3020,0,2
172240,3020,14,2
172240,3020,71,2
172240,3020,1,2
172240,3020,4,2
172240,3021,14,2
172240,3021,71,2
172240,3021,1,2
172240,3021,4,2
172240,3022,4,2
172240,3022,71,2
172240,3022,1,2
172240,3022,14,2
172240,30286,41,2
172240,30293,0,2
172240,30294,0,2
172240,3032,1,2
172240,3034,4,2
172240,30342,41,2
172240,3035,1,2
172240,30355,0,1
172240,30356,0,1
172240,30367b,15,2
172240,3037pr0005,1,2
172240,3039,1,4
172240,3039,33,4
172240,3039,4,4
172240,3062b,33,4
172240,3062b,36,4
172240,3062b,46,2
172240,3062b,34,4
172240,3065,34,4
172240,3065,36,4
172240,3065,33,4
172240,3297,1,2
172240,3297,4,2
172240,3298,71,2
172240,3298,4,4
172240,3298,1,8
172240,3298pr0007,4,2
172240,33303,15,4
172240,3460,14,2
172240,3460,4,2
172240,3471,2,2
172240,3622,1,10
172240,3622,2,8
172240,3622,15,8
172240,3622,4,10
172240,3622,14,10
172240,3622,0,8
172240,3626bpr0001,14,5
172240,3660,4,4
172240,3660,1,4
172240,3666,4,4
172240,3666,14,4
172240,3675,4,2
172240,3675,1,2
172240,3710,71,4
172240,3747a,1,2
172240,3747b,71,2
172240,3747b,4,2
172240,3794b,0,4
172240,3795,4,2
172240,3795,14,2
172240,3795,71,2
172240,3795,1,2
172240,3823,41,4
172240,3829c01,15,2
172240,3829c01,4,2
172240,3830,0,4
172240,3831,0,4
172240,3867,2,1
172240,3898,15,1
172240,3941,15,8
172240,3941,4,8
172240,3942c,71,4
172240,3943b,0,2
172240,3956,71,2
172240,3957b,0,2
172240,3960,57,4
172240,3960pr9990,15,2
172240,4079b,14,2
172240,4079b,15,2
172240,4083,0,2
172240,4175,71,2
172240,4175,14,2
172240,41751,40,1
172240,4285b,72,1
172240,4286,1,4
172240,4286,14,4
172240,4287b,4,4
172240,4287b,1,4
172240,4476b,15,2
172240,4727,10,4
172240,4740,57,2
172240,50304,15,1
172240,50305,15,1
172240,55981,15,8
172240,55981,14,4
172240,59900,182,4
172240,6007,2,1
172240,60169,72,2
172240,6019,1,2
172240,60474,0,1
172240,60598,14,2
172240,60598,4,4
172240,60599,4,2
172240,60599,15,2
172240,60608,15,8
172240,60608,14,4
172240,6064,2,4
172240,60797c01,4,2
172240,60797c02,0,2
172240,6093,0,2
172240,6106,71,4
172240,6141,57,4
172240,6141,33,4
172240,61485,0,1
172240,6187,71,2
172240,6187,14,2
172240,6216,1,2
172240,6222,71,2
172240,6223,36,4
172240,6223,34,4
172240,6232,4,2
172240,6239,15,2
172240,6249,72,2
172240,6255,2,2
172240,6541,1,2
172240,6541,71,2
172240,86035,4,1
172240,86035,0,1
172240,92402,0,12
172240,92842,0,2
172240,970c12,72,1
172240,970c14,71,2
172240,970c22,4,1
172240,970c27,15,1
172240,973c01h01pr0805,15,1
172240,973c03h01pr1187,0,1
172240,973c03h01pr1188,0,1
172240,973c27h01pr1196,15,1
172240,973c28h01pr1156,1,1
172240,98262,1,1
172240,98262,15,1
172240,98262,14,1
172240,98262,4,1
172240,98263,71,2
172240,98302,0,4
172240,99784,47,1
172242,6851,15,3
172244,30076,0,3
172244,31043,72,4
172244,31059,2,1
172244,31159pr0001,71,1
172244,3857,15,6
172244,3857,2,6
172244,3857,72,6
172244,3865,10,8
172244,3867,72,2
172244,3867,47,2
172244,4186,71,1
172244,47448,4,1
172244,51704,4,2
172244,73572c02,1,1
172253,14226c41,0,10
172253,2413,15,20
172253,2419,2,20
172253,2434,0,10
172253,2445,1,10
172253,2446,1,10
172253,2453b,19,40
172253,2458,72,20
172253,2460,72,20
172253,2479,0,10
172253,2488,0,20
172253,2637,71,20
172253,3001,14,20
172253,3001,25,80
172253,3001,70,10
172253,3001,2,40
172253,3001,4,40
172253,3001pr0043,14,10
172253,3003,14,40
172253,3003pr0001,14,10
172253,3004,2,20
172253,3004,14,20
172253,3004,27,20
172253,3004,72,20
172253,3004,73,20
172253,3005pr0003,14,20
172253,3005pr9996,2,20
172253,3007,19,20
172253,3010,70,20
172253,3010,1,20
172253,3010,2,20
172253,3011,41,2
172253,3020,25,10
172253,3020,4,10
172253,30209,72,10
172253,3021,25,10
172253,3021,4,10
172253,30246,0,10
172253,30286,41,10
172253,3032,70,20
172253,30342,41,10
172253,3039,47,20
172253,3040b,25,20
172253,3062b,27,40
172253,3065,36,20
172253,3065,47,20
172253,31110,14,2
172253,32009,1,20
172253,32014,4,20
172253,32034,0,20
172253,32140,27,20
172253,32200,15,10
172253,32525,27,10
172253,3298,25,10
172253,3437,29,2
172253,3475b,0,20
172253,3483,0,40
172253,3626bpr0387,14,20
172253,3626bpr0895,15,10
172253,3648b,72,10
172253,3649,71,10
172253,3659,71,20
172253,3679,71,20
172253,3680,0,20
172253,3700,0,20
172253,3708,0,20
172253,3731,0,20
172253,3738,0,20
172253,3747a,25,10
172253,3749,19,40
172253,3795,14,20
172253,3823,47,10
172253,3823,41,10
172253,3878,0,10
172253,3937,4,20
172253,3937,15,10
172253,3938,15,10
172253,3940b,72,20
172253,3941,46,20
172253,3957b,42,10
172253,3957b,0,10
172253,3960,41,10
172253,4019,71,20
172253,4175,72,10
172253,4201,2,2
172253,4207,15,10
172253,4282,14,1
172253,4286,0,20
172253,4286,15,20
172253,4287b,72,20
172253,44300,71,40
172253,44302a,71,40
172253,4477,19,20
172253,4477,0,20
172253,4485,4,10
172253,4495b,2,10
172253,4530,0,10
172253,4727,10,20
172253,4728,45,20
172253,56902,71,40
172253,57503,334,10
172253,57504,334,10
172253,57505,334,10
172253,57506,334,10
172253,60219,72,10
172253,60598,4,10
172253,6060,0,40
172253,60608,15,20
172253,6064,2,10
172253,6134,4,10
172253,6177b,0,10
172253,6215,14,20
172253,6215,2,20
172253,6223,33,40
172253,6223,36,20
172253,6223,34,20
172253,6232,19,20
172253,6249,71,20
172253,63082,0,20
172253,71015,334,10
172253,75347,14,10
172253,78c09,135,10
172253,78c14,4,10
172253,970c03,0,10
172253,970c27,15,10
172253,973c27h01,1,10
172253,973c28h01,1,10
172320,51715,4,1
172320,52015pr0001,10,1
172322,44163,2,1
172322,52015pr0002,462,1
172328,40889,2,1
172329,40889,2,1
172337,41160pr0152,4,1
172337,46376,4,1
172388,40896,14,1
172388,40897,9999,1
172389,40896,14,1
172389,40897,9999,1
172391,40888,2,1
172392,40888,2,1
172393,40903pr0001,4,1
172393,76080c01pr0004,15,1
172394,40903pr0001,4,1
172394,76080c01pr0004,15,1
172398,31000,2,3
172398,44589,1,3
172398,44591,4,3
172398,44592,14,3
172398,44657,112,1
172401,76204,4,1
172403,76204,4,1
172405,31005pr0020,73,1
172405,44162pr0001,14,1
172408,75971,2,1
172409,75971,2,1
172410,31000pr0026,14,1
172410,31000pr0027,1,1
172410,31155c01,10,1
172410,31605c02,27,1
172410,31605c02,232,1
172410,76081pr0008,232,1
172411,44723,14,1
172413,31011c01,4,1
172413,31135,115,1
172413,31136,10,1
172413,31137,1,1
172413,41021,73,1
172419,18674,4,1
172419,25375,297,4
172419,30044,288,2
172419,30046,297,2
172419,3020,14,1
172419,3039,25,2
172419,32607,297,2
172419,35480,4,4
172419,60474,14,1
172419,60592,4,2
172419,60601,47,2
172419,6126b,182,1
172419,6141,297,4
172419,74698,0,1
172419,87620,4,4
172532,12825,0,2
172532,2357,70,1
172532,2412b,72,1
172532,2417,10,1
172532,2524,70,1
172532,2654,0,1
172532,30176,2,1
172532,30187e,70,1
172532,3023,28,1
172532,30259,70,2
172532,30304,72,1
172532,3031,70,1
172532,30377,0,2
172532,3039,72,1
172532,3040b,308,1
172532,30565,288,4
172532,3062b,70,1
172532,32530,0,1
172532,33291,10,1
172532,3623,70,1
172532,3678b,28,1
172532,3679,71,1
172532,3680,0,1
172532,3794b,72,1
172532,3794b,70,2
172532,3849,0,2
172532,4032a,72,1
172532,4070,70,2
172532,41677,72,1
172532,43093,1,1
172532,4349,0,1
172532,4599b,0,2
172532,4600,0,1
172532,47456,70,1
172532,54200,70,1
172532,57899,0,1
172532,58247,0,1
172532,59443,0,1
172532,59900,4,1
172532,60481,70,2
172532,61184,71,1
172532,6140,71,1
172532,6141,71,2
172532,76768,70,1
172532,88072,72,1
172532,92738,0,2
172532,99774,72,2
172663,31005pr0001,4,1
172663,44158,9999,1
172854,4740,182,2
172854,79194,47,2
172968,3020,7,1
172968,3022,8,1
172968,3040b,7,2
172968,3040b,8,4
172968,3298,379,1
172968,3660,7,2
172968,3665,7,2
172968,3700,379,1
172968,3700,8,3
172968,40378,379,1
172968,40379,379,1
172968,40384,379,1
172968,40396,379,1
172968,6127,379,1
172968,6128,379,1
172983,3002,378,1
172983,3005,8,4
172983,3010,8,1
172983,3031,7,1
172983,3040b,7,4
172983,3040b,378,2
172983,3040b,8,4
172983,3298,378,2
172983,3660,7,2
172983,3665,7,4
172983,3700,378,2
172983,40378,378,2
172983,40379,378,1
172983,40384,378,1
172984,3039,8,2
172984,3040b,7,2
172984,3298,379,2
172984,3665,8,2
172984,3700,8,4
172984,3795,7,1
172984,40379,379,1
172984,40384,379,1
172984,40385,8,1
172984,40396,379,1
172984,4274,7,1
172984,6127,379,1
172984,6128,379,1
173032,2412b,71,4
173032,2462,71,4
173032,2540,72,8
173032,2577,72,8
173032,2736,71,4
173032,30000,1,2
173032,3002,71,2
173032,3039,71,3
173032,3045,72,4
173032,3048c,71,12
173032,30526,72,4
173032,30553,0,1
173032,32013,72,6
173032,32034,71,4
173032,32062,0,8
173032,32064b,0,1
173032,32073,71,2
173032,32524,72,8
173032,3660,71,4
173032,3673,71,16
173032,3676,72,4
173032,3700,0,1
173032,3706,0,4
173032,3737,0,1
173032,3937,71,1
173032,3941,0,1
173032,3957a,71,2
173032,4032a,72,3
173032,41678,72,8
173032,42446,72,1
173032,4274,1,2
173032,43093,1,1
173032,43857,71,1
173032,43898,72,1
173032,44294,71,4
173032,44301a,71,1
173032,44375a,71,2
173032,44809,71,5
173032,4589,72,1
173032,4716,71,4
173032,4740,36,1
173032,4740,72,1
173032,58247,0,4
173032,59443,70,4
173032,59443,72,6
173032,60474,71,4
173032,61190f,72,2
173032,6134,0,1
173032,6141,4,1
173032,63585,72,2
173032,63586,72,2
173032,6541,72,2
173032,6558,1,2
173032,6587,72,2
173032,73590c02a,0,2
173033,3626bpr0525,78,1
173033,61189pr0005,15,1
173033,61190a,72,1
173033,61190b,72,1
173033,61190c,72,1
173033,970c27,0,1
173033,973c10h03pr0006,15,1
173235,79985,45,1
173235,92690,1103,1
173331,11212,272,1
173331,11458,0,2
173331,14418,71,1
173331,14704,71,2
173331,18651,0,1
173331,22885,272,2
173331,26603,19,2
173331,26603,272,4
173331,26603pr0107,272,1
173331,2736,71,2
173331,3004,272,6
173331,3005,272,2
173331,3005,3,2
173331,3020,272,2
173331,3022,0,1
173331,3023,3,8
173331,3023,19,3
173331,3023,0,2
173331,3024,19,1
173331,3024,272,2
173331,3184,0,1
173331,32064a,19,4
173331,3710,272,1
173331,44728,272,2
173331,44728,3,2
173331,44874,0,1
173331,4590,3,2
173331,51739,272,1
173331,63864,3,1
173331,87079pr0301,272,2
173331,99780,19,2
173331,99781,272,2
173339,11203pr0022,71,1
173339,11213,19,1
173339,11214,72,4
173339,11476,27,2
173339,14395,70,4
173339,14769pr1277,0,2
173339,15573,71,2
173339,15672,2,2
173339,1747,10,1
173339,18674,10,2
173339,1974,41,2
173339,1974pr0001,4,1
173339,20482,10,1
173339,22888,27,2
173339,2357,70,1
173339,25269,15,2
173339,25386,19,1
173339,26047,2,2
173339,298c02,1,2
173339,3003,84,15
173339,3003,70,12
173339,3004,70,4
173339,3004,84,3
173339,3005,84,1
173339,30153,47,1
173339,3020,70,5
173339,3022,70,1
173339,3022,71,1
173339,3023,1,3
173339,3023,15,1
173339,3023,71,1
173339,3023,0,4
173339,3023,27,8
173339,3024,4,2
173339,3024,70,2
173339,3034,70,2
173339,3062b,71,2
173339,3062bpr0045,4,1
173339,3068b,71,1
173339,3069b,15,1
173339,3069b,3,2
173339,3069b,0,2
173339,3176,0,2
173339,32062,4,5
173339,32184,15,2
173339,3245c,70,2
173339,32525,4,2
173339,33078,4,1
173339,3484,14,2
173339,35473,30,1
173339,3666,4,2
173339,3679,71,2
173339,3680,1,2
173339,3700,0,4
173339,37352,4,2
173339,3795,1,1
173339,3795,15,1
173339,3916,1,4
173339,3917,14,3
173339,3918pr0002,321,1
173339,3960,15,1
173339,40145,0,2
173339,4032a,10,1
173339,4032a,72,3
173339,40490,15,2
173339,4070,2,1
173339,41682,72,1
173339,41948,27,1
173339,43093,1,8
173339,43898,47,3
173339,44375b,4,1
173339,44861,72,2
173339,4533,15,1
173339,45590,0,4
173339,4740,4,1
173339,4740,80,2
173339,53451,15,2
173339,54200,71,2
173339,59443,70,3
173339,59895,0,2
173339,60474,15,1
173339,60478,71,4
173339,60478,1,2
173339,60478,27,1
173339,6091,27,8
173339,61252,71,2
173339,61332,0,16
173339,6141,2,1
173339,6141,47,2
173339,6141,4,1
173339,6141,80,2
173339,62462,4,1
173339,63868,71,2
173339,63965,71,1
173339,64567,71,2
173339,65509,10,4
173339,66906,0,4
173339,66956,1,3
173339,66956,27,4
173339,71708,4,2
173339,75538,27,1
173339,75539,27,1
173339,78256,19,1
173339,85861,14,3
173339,85984,4,2
173339,85984pr0042,1,1
173339,87083,72,1
173339,87580,27,7
173339,88072,70,1
173339,92410,1,1
173339,92947,308,3
173339,93273,4,2
173339,98138,27,1
173339,98138pr0035,179,1
173339,99207,4,4
173339,99563,71,1
173339,99780,4,3
173340,11090,14,2
173340,11211,0,5
173340,11477,4,1
173340,11477,14,2
173340,13965,191,2
173340,14716,484,4
173340,14769pr1278,0,3
173340,15068,71,16
173340,15068,4,9
173340,15068,15,1
173340,15068,0,1
173340,15573,4,6
173340,15573,272,2
173340,15712,0,2
173340,15712,14,2
173340,18674,5,1
173340,18674,272,1
173340,18980,4,1
173340,1927,70,4
173340,20482,191,1
173340,2357,484,6
173340,2420,71,2
173340,2420,4,2
173340,24201,4,2
173340,2431,71,1
173340,2432,70,1
173340,2445,0,1
173340,24866,212,2
173340,24866,5,2
173340,2496,0,2
173340,25269,15,2
173340,26047,0,2
173340,2654,1,1
173340,2654,4,1
173340,2655,71,2
173340,26601,15,2
173340,2723,71,1
173340,29119,15,2
173340,29119,4,4
173340,29120,15,2
173340,29120,4,4
173340,298c02,14,1
173340,3004,14,1
173340,3004,272,1
173340,3004,484,4
173340,3004,191,2
173340,3005,272,2
173340,3005,484,8
173340,3005,15,1
173340,3005,19,10
173340,30136,484,2
173340,30151b,47,1
173340,30153,46,1
173340,3020,4,5
173340,3021,14,1
173340,3021,0,2
173340,3021,191,2
173340,3021,70,2
173340,3022,4,1
173340,3022,72,2
173340,3023,14,3
173340,3023,4,1
173340,3023,484,2
173340,3023,191,6
173340,3024,4,1
173340,3024,272,6
173340,3029,71,2
173340,3031,15,1
173340,3032,70,2
173340,3034,14,1
173340,30374,72,4
173340,3039pr0025,15,1
173340,3062b,33,1
173340,3062b,47,1
173340,3062b,71,2
173340,3069b,4,4
173340,3069bpr0301,71,1
173340,3069bpr0387,14,1
173340,3070b,15,2
173340,32064a,0,1
173340,32529,0,2
173340,32802,4,2
173340,32803,72,4
173340,32828,71,1
173340,33909,0,1
173340,33909,14,1
173340,3460,272,1
173340,3460,4,2
173340,35394,47,1
173340,35480,72,4
173340,35480,0,1
173340,3623,4,1
173340,3660,191,2
173340,3666,191,1
173340,3710,4,1
173340,3747b,4,1
173340,37695,10,1
173340,3795,2,2
173340,3795,71,1
173340,3795,1,2
173340,3832,72,1
173340,3917,14,3
173340,3918pr0001,15,1
173340,3957b,47,4
173340,39888,19,2
173340,4006,0,1
173340,4032a,0,3
173340,4032a,72,4
173340,4032a,1,1
173340,4070,0,2
173340,4081b,71,2
173340,41531,1103,1
173340,41747,4,1
173340,41748,4,1
173340,41749,272,1
173340,41750,272,1
173340,42610,71,2
173340,4286,272,4
173340,43719,4,1
173340,43898,47,3
173340,44728,1,1
173340,4477,4,2
173340,44861,14,2
173340,4522,0,1
173340,4536,0,2
173340,47905,71,1
173340,48336,1,1
173340,48336,14,3
173340,48336,0,1
173340,4865b,47,1
173340,4865b,4,2
173340,4871,4,2
173340,4871,15,1
173340,50951,0,2
173340,51739,4,1
173340,54200,4,2
173340,54200,272,4
173340,54200,71,6
173340,58176,182,2
173340,59900,71,3
173340,60470b,0,1
173340,60470b,14,1
173340,60478,1,4
173340,6060,191,2
173340,60897,1,2
173340,60897,14,2
173340,6091,4,4
173340,62462,4,1
173340,63864,272,2
173340,63868,15,2
173340,72869,179,1
173340,73562,19,1
173340,77808,72,2
173340,78329,272,2
173340,78666,15,1
173340,85984,71,1
173340,85984,14,1
173340,85984,272,4
173340,85984pr0013,72,1
173340,85984pr0042,1,1
173340,87083,72,1
173340,87580,14,2
173340,92410,1,1
173340,92585,0,1
173340,92842,14,1
173340,93273,272,1
173340,93273,71,4
173340,98138,71,2
173340,98138,34,2
173340,98138pr0013,15,2
173340,99780,14,1
173340,99781,1,2
173341,11090,72,4
173341,11213,84,1
173341,11213,322,1
173341,11458,72,4
173341,11476,27,2
173341,11477,4,8
173341,11477,71,7
173341,14704,71,2
173341,14769,27,2
173341,14769,19,3
173341,14769,5,1
173341,15208,179,1
173341,15254,72,1
173341,15470,29,1
173341,15573,19,1
173341,15573,15,2
173341,15712,70,2
173341,1747,10,1
173341,17485,4,1
173341,17485,19,1
173341,18649,71,2
173341,18653,19,2
173341,18654,70,1
173341,18674,5,2
173341,18677,71,2
173341,18852pr0012,3,1
173341,18855,323,1
173341,20482,10,1
173341,20482,47,1
173341,22667,26,1
173341,22888,322,2
173341,22890,72,2
173341,22961,27,1
173341,2310,71,2
173341,2357,71,3
173341,23969,71,2
173341,2431,2,1
173341,24316,70,2
173341,2456,71,1
173341,24866,27,5
173341,24946,158,1
173341,25269,191,2
173341,25269pr0002,2,1
173341,2540,19,2
173341,26047,2,2
173341,2654,29,1
173341,26599,71,1
173341,27507,84,1
173341,27507,70,2
173341,28192,322,3
173341,28192,71,2
173341,29119,14,1
173341,29120,14,1
173341,3001,71,3
173341,3002,72,2
173341,3002,70,4
173341,3003,84,4
173341,3003,70,3
173341,3004,84,10
173341,3004,70,9
173341,3005,27,7
173341,3009,70,1
173341,30099,10,2
173341,30137,70,3
173341,30153,41,1
173341,30153,45,1
173341,3020,70,1
173341,3021,71,1
173341,3021,14,3
173341,3022,70,2
173341,3022,14,1
173341,3023,72,4
173341,3034,322,1
173341,30357,322,1
173341,30374,297,1
173341,3040b,71,4
173341,3069b,322,1
173341,3176,72,1
173341,32013,27,1
173341,32016,70,1
173341,32028,2,1
173341,32062,4,4
173341,32064a,72,3
173341,32140,27,1
173341,32607,10,1
173341,32803,71,2
173341,32803,4,2
173341,33085,14,1
173341,33909,71,1
173341,3484,72,2
173341,35480,4,1
173341,35480,70,4
173341,3622,72,2
173341,3623,27,4
173341,3666,19,1
173341,3676,71,1
173341,3678b,72,2
173341,36841,191,2
173341,3710,15,1
173341,3795,70,1
173341,3830,70,2
173341,3831,72,2
173341,3852b,322,1
173341,3917,14,1
173341,3918pr0004,5,1
173341,39611,14,1
173341,39613,10,2
173341,39739,29,2
173341,4032a,71,2
173341,4032a,14,1
173341,4032a,10,5
173341,4032a,4,2
173341,4070,19,2
173341,4070,2,1
173341,4081b,1,1
173341,41740,19,1
173341,41740,322,3
173341,4286,72,2
173341,43093,1,3
173341,44375b,5,1
173341,44861,5,2
173341,4490,71,2
173341,4490,19,1
173341,4740,19,1
173341,48092,70,1
173341,48092,84,2
173341,4865b,41,3
173341,4871,4,1
173341,49307,15,6
173341,50304,28,1
173341,54200,4,4
173341,54200,71,8
173341,55013,72,1
173341,59443,70,2
173341,59900,19,4
173341,59900,33,1
173341,60474,19,1
173341,60475b,71,1
173341,60478,72,2
173341,60478,27,1
173341,6091,322,2
173341,6091,27,8
173341,61252,4,4
173341,61485,15,1
173341,6182,84,1
173341,6215,322,2
173341,65304,27,1
173341,65509,10,3
173341,65578,71,2
173341,65578,47,1
173341,6636,27,1
173341,66906,4,1
173341,66956,27,4
173341,69901pr0043,78,1
173341,73230,71,1
173341,73831,71,2
173341,73832,10,1
173341,77808,72,2
173341,78256,19,4
173341,80031,322,1
173341,85861,27,4
173341,87079,27,3
173341,87580,191,4
173341,87580,10,7
173341,87617,70,2
173341,88323,84,3
173341,88646,71,1
173341,89678,72,1
173341,91405,19,1
173341,92474,1053,1
173341,92947,70,1
173341,93273,322,2
173341,95343,4,1
173341,95344,0,1
173341,98138,33,2
173341,98138pr0351,10,2
173341,98138pr0370,4,2
173341,98284,70,1
173341,99563,14,2
173341,99780,0,1
173341,99781,19,2
173341,99781,71,1
173342,10197,72,3
173342,10247,71,2
173342,11090,0,1
173342,11203,15,2
173342,11203pr0023,71,1
173342,11211,72,2
173342,11213,71,1
173342,11213,15,1
173342,11214,72,4
173342,11215,27,1
173342,11458,14,5
173342,11476,4,3
173342,11476,71,3
173342,11476,27,2
173342,11477,27,4
173342,11477,0,1
173342,11477,71,5
173342,13547,15,2
173342,14417,72,2
173342,14418,71,2
173342,14419,72,1
173342,14704,71,5
173342,14769,5,2
173342,14769,27,1
173342,14769,14,1
173342,15068,27,6
173342,15395,179,2
173342,15456,0,1
173342,15573,27,1
173342,15573,71,2
173342,15573,4,2
173342,15573,323,2
173342,15672,2,2
173342,15672,14,2
173342,15712,15,1
173342,15712,0,2
173342,1745,30,4
173342,1747,10,3
173342,17485,4,1
173342,17485,71,2
173342,1749,47,1
173342,18674,28,1
173342,18674,10,2
173342,18674,322,1
173342,18674,0,2
173342,18852pr0012,3,1
173342,18980,27,1
173342,18990,47,1
173342,1974,41,2
173342,1974pr0001,4,1
173342,20482,10,2
173342,22388,71,2
173342,22888,322,1
173342,22890,72,2
173342,22961,72,1
173342,23443,72,1
173342,2357,70,1
173342,2412b,179,1
173342,2412b,0,2
173342,2412b,14,6
173342,2420,19,1
173342,24201,0,1
173342,2431,10,2
173342,2432,4,2
173342,25269,71,4
173342,25386,19,1
173342,2569,0,1
173342,26047,2,6
173342,2654,14,1
173342,26601,4,2
173342,26604,71,2
173342,26604,0,2
173342,27257,41,2
173342,2736,71,2
173342,27925,14,4
173342,28802,71,2
173342,3003,84,19
173342,3003,70,14
173342,30031,72,1
173342,3004,70,3
173342,3005,30,1
173342,3005,84,1
173342,30136,0,1
173342,30153,34,1
173342,30153,36,1
173342,3020,70,7
173342,3020,27,4
173342,3021,15,1
173342,3021,4,2
173342,3022,0,3
173342,3022,70,4
173342,3022,19,2
173342,3022,71,1
173342,3022,27,2
173342,3023,71,6
173342,3023,27,8
173342,3023,36,2
173342,3023,14,2
173342,3023,72,5
173342,30237b,70,4
173342,3024,0,1
173342,3024,70,2
173342,3024,72,6
173342,3024,15,3
173342,3034,70,1
173342,3034,322,1
173342,3034,27,2
173342,3036,322,3
173342,3036,0,1
173342,3036,27,6
173342,3037,0,4
173342,30374,14,1
173342,30374,71,1
173342,3039,14,1
173342,3039,71,4
173342,3040b,15,1
173342,3040b,4,1
173342,3040b,71,6
173342,3062b,5,2
173342,3062b,14,1
173342,3062bpr0045,4,1
173342,3068b,72,1
173342,3068b,322,2
173342,3068b,4,1
173342,3069b,27,2
173342,3070b,4,2
173342,32013,72,2
173342,32013,0,2
173342,32062,4,8
173342,32123b,14,4
173342,32124,0,2
173342,32184,15,2
173342,32192,72,2
173342,32449,71,2
173342,32474pr1033,226,2
173342,32525,4,2
173342,32803,0,2
173342,32828,71,1
173342,33078,4,1
173342,33183,10,1
173342,33909,15,3
173342,33909,308,2
173342,34103,14,2
173342,34816,15,1
173342,35299,47,1
173342,35473,30,1
173342,35480,31,4
173342,35480,2,2
173342,3665,4,1
173342,3666,71,2
173342,3673,14,3
173342,36840,0,4
173342,36841,72,6
173342,3700,15,2
173342,3700,71,1
173342,3700,84,4
173342,3700,70,4
173342,3701,0,2
173342,3706,0,1
173342,3709,71,1
173342,3710,25,2
173342,3710,71,2
173342,3710,308,4
173342,3710,19,4
173342,3710,72,4
173342,37352,0,1
173342,37352,15,1
173342,37352,71,5
173342,3749,19,1
173342,3795,84,1
173342,3795,27,4
173342,3894,71,1
173342,3916,1,4
173342,3917,14,3
173342,3918pr0002,321,1
173342,3918pr0003,0,1
173342,3941,25,1
173342,3942c,71,2
173342,3960,15,1
173342,39611,14,1
173342,40145,0,2
173342,4032a,27,1
173342,4032a,70,2
173342,4032a,14,1
173342,4032a,10,4
173342,4032a,4,3
173342,40490,15,2
173342,4070,15,2
173342,4070,27,2
173342,41530,179,1
173342,41682,70,1
173342,41682,72,5
173342,41740,71,2
173342,41948,27,4
173342,41948,322,1
173342,42135,0,1
173342,4274,71,2
173342,42924,1,2
173342,43093,1,8
173342,43898,47,3
173342,44728,71,1
173342,4477,308,1
173342,44861,4,2
173342,44861,0,5
173342,45590,0,4
173342,4599b,71,1
173342,4733,27,1
173342,4740,36,1
173342,4740,41,2
173342,47753,5,1
173342,48336,72,4
173342,48336,4,1
173342,48336,0,1
173342,4865b,2,2
173342,4865b,4,2
173342,49307,30,2
173342,49307,15,1
173342,50950,14,2
173342,51739,4,2
173342,54200,71,6
173342,54200,2,1
173342,54200,25,1
173342,59443,70,3
173342,59895,0,2
173342,59900,41,2
173342,59900,15,2
173342,59900,71,1
173342,60470b,14,2
173342,60474,30,1
173342,60475b,0,2
173342,60475b,71,2
173342,60478,27,1
173342,60478,71,3
173342,60483,0,1
173342,60897,72,2
173342,6091,15,2
173342,6091,71,2
173342,6091,27,8
173342,61332,0,44
173342,61409,4,1
173342,61409,27,1
173342,6141,70,13
173342,6180,70,2
173342,6183,15,1
173342,6231,0,1
173342,6232,70,2
173342,62462,4,1
173342,63868,71,4
173342,63965,70,1
173342,65578,2,3
173342,6636,70,2
173342,6636,27,4
173342,66906,0,4
173342,66956,27,3
173342,67329,72,1
173342,68568,14,4
173342,68568,0,4
173342,69754,71,1
173342,69755,72,1
173342,69901pr0044,84,1
173342,71708,4,2
173342,73109,71,4
173342,75538,27,1
173342,75539,27,3
173342,77083,0,3
173342,77107,14,1
173342,77822,84,1
173342,77822,70,1
173342,77823,70,4
173342,77823,84,4
173342,78256,19,1
173342,78258,72,2
173342,79741,179,1
173342,80324,14,2
173342,85861,71,3
173342,85861,15,2
173342,85861,41,5
173342,85861,0,1
173342,85984,4,2
173342,85984,14,3
173342,86208,72,1
173342,87079,322,1
173342,87079,27,17
173342,87081,0,1
173342,87083,72,3
173342,87087,71,4
173342,87087,30,1
173342,87580,10,14
173342,87994,15,2
173342,88072,14,2
173342,89678,4,1
173342,89678,72,1
173342,92947,308,3
173342,93273,71,1
173342,93609,72,4
173342,96874,25,1
173342,98138,36,2
173342,98138,27,1
173342,98138,31,4
173342,98138pr0018,84,1
173342,98138pr0035,179,1
173342,98138pr0370,71,2
173342,99206,25,1
173342,99207,71,4
173342,99563,4,1
173342,99563,71,1
173342,99780,0,9
173407,11212,1,4
173407,11213,0,1
173407,11609,297,4
173407,14719,2,4
173407,14769,70,1
173407,14769,0,8
173407,15573,71,4
173407,15573,191,6
173407,15573,226,2
173407,15573,322,4
173407,15573,0,4
173407,15573,25,4
173407,15573,70,4
173407,15573,3,2
173407,15573,4,7
173407,15573,15,5
173407,15573,27,3
173407,15573,78,4
173407,1745,0,10
173407,1748,15,8
173407,18646,0,1
173407,18674,14,1
173407,18674,15,4
173407,2412b,0,2
173407,2420,72,1
173407,2420,4,3
173407,24246,70,4
173407,24246,15,12
173407,24246,226,4
173407,24246,191,8
173407,24246,322,6
173407,24299,4,2
173407,24299,0,2
173407,24307,0,1
173407,24307,4,2
173407,2450,15,4
173407,25214,0,2
173407,25269,3,6
173407,25269,27,22
173407,25269,25,28
173407,25269,30,6
173407,25269,26,2
173407,25269,322,14
173407,25269,29,7
173407,25269,226,28
173407,25269,0,24
173407,25269,1,8
173407,25269,191,26
173407,25269,78,28
173407,25269,70,14
173407,25269,4,20
173407,25269,84,18
173407,25269,71,12
173407,25269,15,12
173407,2654,71,4
173407,26601,25,4
173407,26601,0,8
173407,26601,71,4
173407,26601,85,2
173407,26601,226,4
173407,26601,15,2
173407,26601,70,2
173407,27263,4,2
173407,27925,71,3
173407,27925,15,4
173407,27925,3,2
173407,27925,30,2
173407,27925,29,2
173407,27925,27,4
173407,27925,191,4
173407,27925,1,4
173407,27925,0,12
173407,27925,4,8
173407,27925,25,2
173407,3003,15,3
173407,3020,0,3
173407,3020,71,2
173407,3021,5,8
173407,3022,71,4
173407,3022,15,2
173407,3023,0,9
173407,3023,191,8
173407,3023,71,4
173407,3023,15,10
173407,3023,3,2
173407,3023,226,12
173407,3023,84,2
173407,3023,78,8
173407,3023,322,6
173407,3023,27,4
173407,3023,4,4
173407,3023,85,4
173407,3023,29,4
173407,3024,84,2
173407,3024,27,6
173407,3024,3,3
173407,3024,78,4
173407,3024,30,4
173407,3024,322,5
173407,3024,15,36
173407,3024,70,6
173407,3024,29,5
173407,3024,1,7
173407,3024,26,2
173407,3024,25,6
173407,3034,71,8
173407,3068b,0,12
173407,3069b,3,2
173407,3069b,70,2
173407,3069b,4,4
173407,3069b,14,2
173407,3069b,84,6
173407,3069b,1,5
173407,3069b,71,2
173407,3069b,30,2
173407,3069b,15,3
173407,3069b,26,1
173407,3069b,25,3
173407,3069b,322,2
173407,3069b,27,4
173407,3069b,78,14
173407,3070b,0,12
173407,3070b,191,6
173407,3070b,4,5
173407,3176,15,1
173407,3460,15,19
173407,35480,27,6
173407,35787,14,3
173407,3666,14,19
173407,3706,0,3
173407,3710,15,3
173407,3795,15,3
173407,3958,71,4
173407,39739,5,2
173407,39739,15,4
173407,4032a,72,6
173407,4032a,191,2
173407,41539,30,1
173407,41539,191,1
173407,41539,226,2
173407,41539,321,1
173407,41539,322,2
173407,41539,27,1
173407,41539,3,1
173407,41539,10,1
173407,41539,29,2
173407,4477,72,2
173407,51739,15,1
173407,51739,0,1
173407,53923,0,2
173407,54657,71,2
173407,60474,0,3
173407,6091,15,8
173407,6106,15,1
173407,6141,27,12
173407,6141,0,7
173407,6141,14,2
173407,6141,4,7
173407,6192b,15,24
173407,69729pr0023,71,1
173407,74169,0,1
173407,78168,15,1
173407,78329,15,2
173407,79756,15,32
173407,80674,191,2
173407,85984,191,3
173407,88646,15,1
173407,93551pr0002,84,1
173407,93552pat0003,70,1
173407,96874,25,1
173407,98138,4,1
173407,98138,29,3
173407,98138,15,4
173407,98138,27,2
173407,98138,14,4
173407,98138pr0107,0,18
173432,11618,26,1
173432,77319pr0001,379,1
173450,30374,41,1
173450,64567,80,1
173450,88283,484,1
173533,43082c01,1,1
173533,43738c02pr0006,1,1
173533,43738c02pr0007,14,1
173533,43738c04pr0002,4,1
173536,43738c01pr0007,4,1
173536,43738c02pr0006,1,1
173536,43738c03pr0001,14,1
173536,5242c01,2,1
173538,42952c01,14,1
173538,43738c01pr0002,1,1
173538,43738c01pr0003,10,1
173538,43738c02pr0001,1,1
173538,43738c02pr0003,14,1
173538,43738c03pr0002,4,1
173538,43738c04pr0002,4,1
173539,43023c01,4,1
173539,43738c01pr0006,1,1
173539,43738c04pr0003,14,1
173539,43738c04pr0004,4,1
173540,43738c01pr0001,1,1
173540,43738c01pr0004,10,1
173540,43738c02pr0002,10,1
173540,43738c02pr0004,14,1
173540,43738c03pr0003,4,1
173540,43738c04pr0005,14,1
173541,43081c01,1,1
173541,43738c01pr0005,1,1
173541,43738c02pr0005,14,1
173541,43738c04pr0001,4,1
173632,11153,71,3
173632,11211,71,2
173632,11211,4,2
173632,11211,72,4
173632,11212,72,1
173632,11477,15,2
173632,11477,212,5
173632,11477,28,4
173632,11477,71,2
173632,11477,70,2
173632,11477,379,2
173632,13731,15,14
173632,13731,71,1
173632,13965,212,4
173632,13965,15,12
173632,14395,28,3
173632,14395,15,8
173632,14395,71,3
173632,14719,71,1
173632,14769,71,1
173632,14769,321,3
173632,15068,212,1
173632,15068,15,3
173632,15571,72,5
173632,15672,15,2
173632,15679pr0003,15,1
173632,15712,70,1
173632,15712,71,1
173632,15712,3,7
173632,1748,71,2
173632,18653,212,2
173632,18653,72,2
173632,18653,71,5
173632,18674,72,7
173632,18980,15,4
173632,18980,70,4
173632,18980,28,1
173632,1927,14,16
173632,1927,15,4
173632,20482,0,1
173632,22885,4,6
173632,22885,0,2
173632,22885,14,4
173632,22885,71,2
173632,22886,71,2
173632,22888,15,2
173632,22888,212,1
173632,2357,0,2
173632,2357,15,4
173632,2357,71,1
173632,23945pat0002,47,1
173632,23949,72,1
173632,23986,15,1
173632,2419,15,3
173632,2420,15,6
173632,2420,71,6
173632,2420,28,4
173632,2420,2,2
173632,2420,72,1
173632,2423,29,4
173632,2423,5,5
173632,24299,72,1
173632,2431,72,2
173632,2431,15,5
173632,2445,72,2
173632,2445,19,1
173632,2454b,0,2
173632,2456,71,5
173632,2456,72,1
173632,2465,15,6
173632,24866,1050,7
173632,24866,26,3
173632,24866,30,13
173632,24866,29,1
173632,24866,191,16
173632,24866,297,3
173632,25269,71,2
173632,25269,323,10
173632,25269,288,3
173632,25269,15,30
173632,2530,72,1
173632,2540,72,2
173632,2654,28,3
173632,2654,15,15
173632,26601,2,3
173632,26603,15,6
173632,26603,19,2
173632,26603,71,1
173632,26604,73,1
173632,26604,378,1
173632,2723,484,1
173632,27507,15,10
173632,27507,72,2
173632,27925,323,10
173632,27925,15,2
173632,28192,15,22
173632,28621,36,1
173632,29119,378,1
173632,29120,378,1
173632,3001,71,1
173632,3001,0,3
173632,3001,72,6
173632,3001,19,1
173632,3001,15,2
173632,3002,71,1
173632,3002,1,6
173632,3002,212,1
173632,3003,15,12
173632,3003,14,8
173632,3003,71,8
173632,3004,3,1
173632,3004,71,9
173632,3004,14,6
173632,3004,72,4
173632,3004,28,1
173632,3004,0,3
173632,3004,19,1
173632,3004,212,7
173632,3005,70,1
173632,3005,15,2
173632,3005,72,9
173632,3005,28,2
173632,3005,71,5
173632,3005,1,2
173632,3007,15,4
173632,3007,0,6
173632,3009,71,3
173632,3009,15,5
173632,3009,0,3
173632,30099,72,2
173632,30099,71,2
173632,30099,28,3
173632,30099,212,5
173632,3010,212,1
173632,3010,0,2
173632,3010,379,1
173632,3010,15,8
173632,30154,297,1
173632,30162,297,1
173632,3020,14,3
173632,3020,71,6
173632,3020,72,3
173632,3020,28,1
173632,3020,15,17
173632,3021,1,4
173632,3021,72,2
173632,3021,15,11
173632,3021,71,5
173632,3022,25,9
173632,3022,28,1
173632,3022,1,8
173632,3022,15,30
173632,3022,71,7
173632,3022,19,6
173632,3023,71,6
173632,3023,72,19
173632,3023,25,21
173632,3023,10,4
173632,3023,191,5
173632,3023,379,2
173632,3023,15,55
173632,3023,28,13
173632,3023,212,20
173632,3024,15,17
173632,3024,72,18
173632,3024,28,5
173632,3024,71,17
173632,3024,212,7
173632,3024,70,3
173632,3029,321,1
173632,3029,72,1
173632,3029,15,3
173632,3031,15,8
173632,3032,15,2
173632,3032,28,1
173632,3034,15,13
173632,3034,72,3
173632,3035,28,1
173632,3035,15,1
173632,30357,15,2
173632,30357,28,1
173632,3036,15,2
173632,3037,19,2
173632,30374,47,7
173632,3038,15,2
173632,3039,71,1
173632,3039,15,6
173632,3039,0,2
173632,3039,72,1
173632,3040b,15,6
173632,3040b,379,6
173632,3040b,14,2
173632,3040b,72,23
173632,3040b,19,4
173632,3040b,71,2
173632,30414,72,2
173632,30414,71,2
173632,30414,4,9
173632,3046a,72,6
173632,30503,15,1
173632,30565,72,1
173632,30565,71,2
173632,3065,1053,1
173632,3065,47,1
173632,3068b,19,2
173632,3068b,28,2
173632,3068b,71,1
173632,3068b,15,2
173632,3069b,4,2
173632,3069b,15,12
173632,3069b,71,2
173632,3069b,212,1
173632,3070b,15,6
173632,3070b,71,1
173632,32015,70,1
173632,32062,4,1
173632,32124,15,4
173632,3245c,15,4
173632,3245c,72,2
173632,3245c,71,1
173632,32531,71,2
173632,32555,0,4
173632,32803,28,1
173632,32828,70,2
173632,32952,71,2
173632,32952,19,5
173632,32952,15,1
173632,32952,25,2
173632,3299,72,1
173632,33121,4,1
173632,33243,15,4
173632,33909,378,6
173632,3460,15,4
173632,3460,212,1
173632,3460,71,1
173632,3460,72,1
173632,35044,378,1
173632,35480,15,2
173632,35787,72,1
173632,3622,19,4
173632,3622,72,7
173632,3622,71,4
173632,3623,212,1
173632,3623,19,6
173632,3623,72,2
173632,3623,28,2
173632,3623,71,3
173632,3623,15,13
173632,3659,71,2
173632,3660,72,6
173632,3665,28,1
173632,3665,70,1
173632,3665,71,2
173632,3665,15,2
173632,3666,1,2
173632,3666,19,1
173632,3666,71,3
173632,3666,28,2
173632,3666,70,1
173632,3666,72,2
173632,3666,323,2
173632,3666,15,7
173632,3678b,15,2
173632,3678b,71,1
173632,36840,212,2
173632,36840,15,4
173632,36840,72,3
173632,36841,15,4
173632,3688,72,1
173632,3710,308,2
173632,3710,71,6
173632,3710,28,1
173632,3710,19,8
173632,3710,15,12
173632,3710,212,4
173632,37352,2,4
173632,3747b,0,6
173632,3795,15,4
173632,3795,212,1
173632,3795,19,13
173632,3795,70,1
173632,3795,321,2
173632,3832,14,3
173632,3832,71,1
173632,3852b,29,1
173632,3957b,47,2
173632,39613,10,1
173632,4070,14,4
173632,4070,2,2
173632,4162,326,1
173632,4162,15,2
173632,4162,72,1
173632,41682,15,2
173632,41740,15,4
173632,41769,379,1
173632,41854,25,3
173632,42022,212,1
173632,42445,47,2
173632,4282,71,3
173632,4286,28,1
173632,4286,379,2
173632,4286,72,2
173632,4287c,1,2
173632,4287c,71,1
173632,4287c,72,2
173632,43711,71,1
173632,43719,15,2
173632,43723,28,1
173632,44301b,15,2
173632,44301b,72,2
173632,44728,15,2
173632,44728,2,2
173632,4477,15,8
173632,44861,378,2
173632,44861,84,6
173632,47397,72,2
173632,47397,321,2
173632,47397,15,4
173632,47398,15,4
173632,47398,72,2
173632,47398,321,2
173632,4740,36,1
173632,47753,15,2
173632,47847,72,1
173632,48729b,0,2
173632,49577,10,3
173632,49612,15,10
173632,50304,28,1
173632,50305,15,1
173632,50950,212,1
173632,50950,15,10
173632,50950,71,8
173632,54200,72,5
173632,54200,15,4
173632,54200,212,2
173632,54200,28,2
173632,54200,41,3
173632,54383,28,1
173632,54657,15,2
173632,54657,71,1
173632,54671,71,1
173632,55236,2,7
173632,59900,70,1
173632,59900,52,2
173632,59900,182,2
173632,6003,19,2
173632,6003,15,2
173632,6005,212,3
173632,6005,71,3
173632,6005,15,2
173632,6005,70,5
173632,60219,0,1
173632,60476,212,1
173632,60478,84,6
173632,60478,70,1
173632,60479,0,2
173632,60479,70,1
173632,60481,72,3
173632,60481,15,2
173632,60481,71,3
173632,60581,15,2
173632,60594,0,2
173632,6060,70,1
173632,6060,71,2
173632,6091,71,4
173632,6091,212,3
173632,6106,71,2
173632,6106,15,2
173632,61252,71,2
173632,61332,0,4
173632,61409,15,8
173632,6141,297,13
173632,6141,14,6
173632,61487,15,4
173632,6215,71,1
173632,63864,378,1
173632,63864,71,2
173632,63868,71,2
173632,64570,0,2
173632,64648,158,3
173632,64648,25,3
173632,64648,26,3
173632,65092,1055,3
173632,6541,4,2
173632,65676,71,4
173632,6636,71,3
173632,6636,15,3
173632,66956,191,4
173632,66956,378,2
173632,67329,0,2
173632,68211,10,4
173632,68212,3,13
173632,69729,71,1
173632,72132,71,3
173632,72454,72,1
173632,73109,71,2
173632,73230,72,1
173632,73562,71,1
173632,74611,71,1
173632,76959,15,7
173632,78257,72,2
173632,78329,84,1
173632,78329,0,1
173632,78443,323,5
173632,78444,323,5
173632,78886,41,3
173632,79389,0,2
173632,79393,15,26
173632,79741,179,1
173632,80543,72,2
173632,80543,71,4
173632,85861,5,1
173632,85861,2,4
173632,85861,41,1
173632,85984,15,6
173632,85984,71,3
173632,86996,15,12
173632,87079,71,2
173632,87079,72,2
173632,87079,15,4
173632,87087,71,4
173632,87087,19,3
173632,87087,15,4
173632,87544,0,2
173632,87580,14,2
173632,87580,71,2
173632,91501,19,2
173632,91988,71,3
173632,91988,19,1
173632,92290,297,1
173632,93273,72,1
173632,93273,212,4
173632,93606,15,20
173632,96874,3,1
173632,98138,41,18
173632,98138,1050,3
173632,98138,379,5
173632,99206,15,10
173632,99206,14,5
173632,99206,70,2
173632,99206,72,3
173632,99206,4,2
173632,99207,71,2
173632,99207,14,6
173632,99207,1,4
173632,99780,2,4
173632,99780,15,4
173632,99781,72,1
173632,99781,4,4
173633,10104048,9999,1
173633,10314,3,4
173633,11211,19,1
173633,11290,15,2
173633,11476,19,2
173633,15535,15,1
173633,15573,19,2
173633,15672,15,2
173633,15679pr0003,15,1
173633,15712,297,4
173633,15745,45,1
173633,18674,322,1
173633,18674,31,3
173633,18853,29,1
173633,18970,1050,1
173633,20482,28,1
173633,22885,71,1
173633,2420,15,4
173633,2420,31,2
173633,2431,15,2
173633,24316,70,2
173633,2456,3,3
173633,2456,19,1
173633,24866,10,6
173633,24866,191,3
173633,24866,1050,11
173633,25269,323,10
173633,25269,3,8
173633,25269,1050,4
173633,25269,191,4
173633,2653,3,8
173633,2654,15,8
173633,27448,15,1
173633,28870,297,4
173633,3001,31,2
173633,3003,3,3
173633,3004,3,12
173633,3004,323,1
173633,3004,15,2
173633,3008,19,2
173633,3009,15,2
173633,3009,19,2
173633,3009,3,12
173633,3010,323,2
173633,30136,484,1
173633,30153,52,1
173633,30154,297,1
173633,3020,322,1
173633,3021,322,4
173633,3022,19,1
173633,3022,15,4
173633,3022,25,2
173633,3023,25,1
173633,3023,31,2
173633,3023,226,2
173633,3023,3,4
173633,3033,19,2
173633,30374,297,1
173633,3039,3,2
173633,30586,15,1
173633,3068b,323,2
173633,3069b,31,3
173633,3069b,323,2
173633,32064a,15,2
173633,32606,191,4
173633,32607,10,2
173633,33121,4,1
173633,3460,3,4
173633,35442,322,2
173633,35480,70,1
173633,35480,15,15
173633,3623,19,8
173633,3659,3,1
173633,3666,31,4
173633,3666,3,3
173633,3666,15,2
173633,3679,71,1
173633,3680,4,1
173633,3700,15,2
173633,3710,19,1
173633,3710,15,2
173633,3710,3,4
173633,37352,15,8
173633,3832,15,2
173633,3832,19,2
173633,3832,3,2
173633,3941,15,1
173633,4032a,15,1
173633,41539,19,2
173633,4162,212,4
173633,4162,31,4
173633,4477,322,1
173633,4477,3,4
173633,4477,15,1
173633,4510,19,4
173633,49307,15,2
173633,49577,10,1
173633,50340,71,2
173633,54095,15,2
173633,54200,3,1
173633,61332,0,6
173633,6141,19,6
173633,6141,15,2
173633,63864,212,8
173633,64644,297,1
173633,66821,31,1
173633,69871,31,1
173633,73109,71,2
173633,73117,297,1
173633,78666,3,2
173633,79741,179,1
173633,79756,15,4
173633,80336,1053,1
173633,80337,1053,1
173633,83496,323,2
173633,85984,19,3
173633,85984,3,2
173633,86996,15,2
173633,87087,3,2
173633,87552,15,6
173633,88292,3,8
173633,90398,72,1
173633,93273,15,2
173633,98138,1053,4
173633,99206,71,2
173633,99780,15,2
173633,99781,71,2
173698,11090,0,1
173698,11213,71,2
173698,11476,19,6
173698,15535,0,3
173698,15571,0,1
173698,15672,72,4
173698,15712,72,1
173698,18646,71,6
173698,2431,0,1
173698,2450,72,4
173698,24855,2,1
173698,26601,72,2
173698,27263,72,12
173698,3002,72,1
173698,3004,71,3
173698,3005,19,7
173698,3020,72,2
173698,3023,0,7
173698,30374,35,2
173698,30377,71,1
173698,3069b,71,8
173698,32028,72,1
173698,32062,4,8
173698,32064a,0,7
173698,32803,0,9
173698,32828,71,16
173698,34103,71,16
173698,35185,1,1
173698,35394,71,1
173698,35480,72,8
173698,3709,0,1
173698,3713,4,1
173698,3941,0,3
173698,3961a,0,1
173698,4032a,19,10
173698,41769,71,9
173698,41770,71,9
173698,44294,14,1
173698,44375b,71,2
173698,47457,72,2
173698,48336,71,16
173698,49311pr0013,0,1
173698,59443,0,2
173698,59900,35,1
173698,60470b,71,9
173698,60478,71,4
173698,60481,71,3
173698,60485,71,1
173698,6141,0,5
173698,6141,15,4
173698,6141,28,1
173698,63868,0,14
173698,73230,71,7
173698,75937,15,2
173698,75937,0,4
173698,85861,27,1
173698,85984,72,1
173698,93273,71,16
173698,99780,15,8
173698,99781,0,8
173856,18788,179,1
173856,3024pr0022,73,1
173856,3062b,33,1
173856,78801,378,1
173856,86879,73,1
173856,87580,1,1
173926,11212,191,2
173926,18980,2,1
173926,20482,29,1
173926,3062b,41,1
173926,32474,5,1
173926,32607,26,2
173926,32607,25,1
173926,33183,70,1
173926,34172,15,1
173926,3795,2,1
173926,44861,378,4
173926,60478,70,4
173926,6141,70,2
173926,65509,272,1
173926,69901pr0036,84,1
173926,98138pr0056,84,1
173951,2456,212,1
173951,2456pr0001,19,1
173951,30144pr0020,14,1
173951,30144pr0021,14,1
173951,30144pr0036,0,1
173951,30144pr0037,15,1
173951,30144pr0038,2,1
173951,30144pr0039,14,1
173951,30144pr0098,14,1
173951,30144pr0101,14,1
173951,30144pr0102,14,1
173951,30144pr0112,14,1
173951,30144pr0113,14,1
173951,30144pr0114,14,1
173951,30144pr9930,14,1
173951,30144pr9932,14,1
173951,30144pr9935,14,1
173951,3626cpr0658,78,1
173951,3816,27,1
173951,3816,191,1
173951,3817,27,1
173951,3817,191,1
173951,3820,10,1
173951,4066pr0252,41,1
173951,4066pr0253,14,1
173951,4066pr0269,14,1
173951,4066pr9872,73,1
173951,4066pr9883,25,1
173951,4066pr9884,15,1
173951,4066pr9901,73,1
173951,4066pr9945,73,1
173951,4066pr9948,2,1
173951,4066pr9964,2,1
173951,62691,1103,1
173951,62691,179,1
173952,2429,288,1
173952,2430,288,1
173952,2531,179,1
173952,3001pr9989,4,1
173952,30144pr0044,14,1
173952,30144pr0148,14,1
173952,30144pr0149,14,1
173952,30144pr0150,14,1
173952,30144pr0151,14,1
173952,30144pr0153,14,1
173952,30144pr0158,14,1
173952,30144pr9827,14,1
173952,30144pr9879,14,1
173952,30144pr9925,14,1
173952,30144pr9992,14,1
173952,3820,191,1
173952,3820,308,1
173952,4066pr9832,1,1
173952,4066pr9881,25,1
173952,4066pr9905,15,1
173952,4066pr9933,191,1
173952,4066pr9936,322,1
173952,4066pr9937,29,1
173952,4066pr9939,15,1
173952,76371pr9930,14,1
173952,76371pr9934,14,1
173952,76371pr9954,14,1
173952,76371pr9964,4,1
173952,76371pr9985,14,1
173952,76371pr9993,14,1
173952,973c27h01pr9640,15,1
173956,2357,92,1
173956,2429,70,1
173956,2429,1051,1
173956,2430,70,1
173956,2456,1143,1
173956,2456,92,1
173956,2877,1051,1
173956,3001,78,1
173956,3001,1143,1
173956,3001,86,1
173956,3001,92,1
173956,3002,28,1
173956,3002,78,1
173956,3002,191,1
173956,3002,1051,1
173956,3002,92,1
173956,3002,86,1
173956,3003,86,1
173956,3004,86,1
173956,3005,86,1
173956,3007,92,1
173956,3007,78,1
173956,3008,92,1
173956,3009,78,1
173956,3009,92,1
173956,30144pr0003,4,1
173956,30144pr0012,4,1
173956,30144pr9936,4,1
173956,3020,86,1
173956,3021,92,1
173956,3022,78,1
173956,3022,86,1
173956,3022,92,1
173956,3023,86,1
173956,3024,1051,1
173956,3024,86,1
173956,3034,1051,1
173956,3068bpr0122,320,1
173956,3070b,86,1
173956,31110pr9975,14,1
173956,3622,28,1
173956,3622,86,1
173956,3622,92,1
173956,3710,86,1
173956,3794a,86,1
173956,3794a,78,1
173956,3794a,1051,1
173956,3816,297,1
173956,3816,78,1
173956,3816,379,1
173956,3817,78,1
173956,3817,297,1
173956,3817,379,1
173956,3820,297,1
173956,3820,28,1
173956,3820,272,1
173956,4066pr0180,14,1
173956,4066pr0181,73,1
173956,4066pr0182,28,1
173956,4066pr0183,15,1
173956,4066pr0184,2,1
173956,4066pr0185,15,1
173956,4066pr0186,1,1
173956,4066pr0187,135,1
173956,4066pr0193,226,1
173956,4066pr0195,14,1
173956,4066pr0196,120,1
173956,4066pr0197,4,1
173956,4066pr0199,10,1
173956,4066pr0212,0,1
173956,4066pr0214,14,1
173956,4066pr9944,10,1
173956,4066pr9952,1001,1
173956,4066pr9979,1,1
173956,41753,72,1
173956,4255,71,1
173956,6141,1051,1
173956,75121pr0021,212,1
173958,2456,326,1
173958,2456,323,1
173958,2456,158,1
173958,2456,57,1
173958,2456,182,1
173958,3001,179,1
173958,3002,31,1
173958,3002,321,1
173958,3002,179,1
173958,3002,308,1
173958,3002,322,1
173958,3002,30,1
173958,3002,158,1
173958,3003,212,1
173958,3003,321,1
173958,3004,179,1
173958,3007,326,1
173958,3007,31,1
173958,3007,57,1
173958,3009,158,1
173958,3009,179,1
173958,3009,308,1
173958,3009,29,1
173958,3010,308,1
173958,3010,179,1
173958,30144pr0035,14,1
173958,30144pr0119,14,1
173958,30144pr0120,14,1
173958,30144pr0122,4,1
173958,30144pr0133,14,1
173958,30144pr0135,14,1
173958,30144pr9888,14,1
173958,30144pr9961,14,1
173958,30144pr9966,14,1
173958,30144pr9971,0,1
173958,30144pr9972,1,1
173958,3020,179,1
173958,3021,158,1
173958,3021,31,1
173958,3021,182,1
173958,3021,179,1
173958,3022,158,1
173958,3023,179,1
173958,3024,179,1
173958,3622,57,1
173958,3622,308,1
173958,3622,26,1
173958,3626cpr0632,78,1
173958,3626cpr0771,14,1
173958,3816,322,1
173958,3816,326,1
173958,3817,322,1
173958,3817,326,1
173958,3820,85,1
173958,3820,326,1
173958,4066pr9904,15,1
173958,4066pr9919,25,1
173958,4066pr9972,14,1
173958,4066pr9977,14,1
173958,4066pr9982,14,1
173958,4162pr9991,15,1
173958,4532,27,1
173958,61190c,320,1
173958,62691,0,1
173958,76371pr9983,14,1
173958,91049,71,1
173958,973c27h01pr1072,15,1
173961,2429,6,1
173961,2430,6,1
173961,3010,41,1
173961,30136,4,1
173961,30144pr0004,4,1
173961,30144pr0079,4,1
173961,30144pr0103,4,1
173961,30144pr9845,4,1
173961,30144pr9846,4,1
173961,3023,34,1
173961,3063b,6,1
173961,3811,26,1
173961,3816,462,1
173961,3816,378,1
173961,3816,484,1
173961,3817,462,1
173961,3817,378,1
173961,3817,484,1
173961,3941,8,1
173961,3942c,6,1
173961,4066pr0161,1,1
173961,4066pr0163,2,1
173961,4066pr0173,14,1
173961,4066pr0176,1,1
173961,4066pr0177,14,1
173961,4066pr0178,10,1
173961,4066pr9847,4,1
173961,4066pr9848,14,1
173961,4066pr9853,14,1
173961,4066pr9856,14,1
173961,4066pr9857,14,1
173961,4066pr9858,14,1
173961,4066pr9864,14,1
173961,4066pr9873,14,1
173961,4066pr9954,15,1
173961,4066pr9955,4,1
173961,4066pr9978,25,1
173961,4066pr9980,13,1
173961,4085c,6,1
173961,4438,4,1
173961,4518b,0,1
173961,45707a,8,1
173961,4589,6,1
173961,48183,70,1
173961,6019,70,1
173961,6019,2,1
173961,upn0484,1135,1
173965,2357,1091,1
173965,2429,320,1
173965,2429,72,1
173965,2429,71,1
173965,2429,19,1
173965,2430,19,1
173965,2430,72,1
173965,2430,320,1
173965,2430,71,1
173965,2456,1091,1
173965,2456,226,1
173965,2531,143,1
173965,2639,19,1
173965,3001,1091,1
173965,3002,288,1
173965,3002,1091,1
173965,3003,1091,1
173965,3004,1091,1
173965,3005,1091,1
173965,3006,379,2
173965,3007,288,1
173965,3007,379,1
173965,3008,288,1
173965,3008,1091,1
173965,3009,1091,1
173965,3010,1091,1
173965,30144pr0014,4,1
173965,30144pr9927,4,1
173965,30144pr9937,4,1
173965,30144pr9986,4,1
173965,3020,1091,1
173965,3021,1091,1
173965,3022,1091,1
173965,3023,1091,1
173965,3024,1091,1
173965,3031,5,1
173965,3069b,1091,1
173965,33011,25,1
173965,33011,14,1
173965,3622,1091,1
173965,3622,379,1
173965,3794a,1091,1
173965,3795,69,1
173965,3816,70,1
173965,3816,232,1
173965,3816,28,1
173965,3816,85,1
173965,3816,71,1
173965,3816,288,1
173965,3816,72,1
173965,3817,232,1
173965,3817,71,1
173965,3817,28,1
173965,3817,72,1
173965,3817,85,1
173965,3817,70,1
173965,3817,288,1
173965,3820,70,1
173965,3820,25,1
173965,3820,3,1
173965,3820,72,1
173965,3820,71,1
173965,3820,78,1
173965,3820,320,1
173965,4066pr0104,71,1
173965,4066pr0148,4,1
173965,4066pr0175,135,1
173965,4066pr0190,19,1
173965,4066pr0191,10,1
173965,4066pr0200,41,1
173965,4066pr0201,15,1
173965,4066pr0217,15,1
173965,4066pr0218,15,1
173965,4066pr0219,14,1
173965,4066pr9842,15,1
173965,4066pr9902,15,1
173965,4066pr9916,15,1
173965,41752,72,1
173965,4592,378,1
173965,4592,71,1
173965,4593,71,1
173965,56145,7,1
173965,6019,70,1
173968,219,72,1
173968,219a,72,1
173968,3007,73,1
173968,30144pr0011,4,1
173968,30144pr9028,4,1
173968,30144pr9926,4,1
173968,4066pr0192,484,1
173968,4066pr0198,4,1
173968,4066pr0227,15,1
173968,4066pr0229,0,1
173968,45707a,72,1
173968,55180,151,1
173968,55303,86,1
173968,55304,288,1
173968,55305,272,1
173968,55306,320,1
173968,55307,0,1
173968,92947,178,1
173970,18978a,19,1
173970,2362b,2,1
173970,2454a,85,1
173970,30144pr0022,14,1
173970,30144pr0023,14,1
173970,30144pr0024,14,1
173970,30144pr0084,14,1
173970,30144pr0087,14,1
173970,30144pr0088,14,1
173970,30144pr9829,14,1
173970,30144pr9836,14,1
173970,30144pr9902,14,1
173970,30144pr9923,14,1
173970,30144pr9929,14,1
173970,30144pr9933,14,1
173970,30144pr9965,14,1
173970,30144pr9985,14,1
173970,30144pr9999,14,1
173970,3626cpr0633,19,1
173970,3626cpr0696,14,1
173970,3626cpr9645,14,1
173970,3816,10,1
173970,3817,10,1
173970,3820,27,1
173970,4066pr0241,19,1
173970,4066pr9836,15,1
173970,4066pr9885,15,1
173970,4066pr9903,15,1
173970,4066pr9934,4,1
173970,4066pr9938,14,1
173970,4066pr9946,14,1
173970,4066pr9949,15,1
173970,4066pr9959,191,1
173970,4066pr9960,85,1
173970,4066pr9961,1,1
173970,4066pr9963,72,1
173970,4066pr9966,25,1
173970,4066pr9967,15,1
173970,4066pr9973,15,1
173970,4864b,2,1
173970,85558,4,1
173970,85970,326,1
173972,2531,297,1
173972,3007,85,1
173972,30144pr0001,14,1
173972,30144pr0054,14,1
173972,30144pr0056,14,1
173972,30144pr0059,14,1
173972,30144pr0063,14,1
173972,30144pr0070,14,1
173972,30144pr9828,14,1
173972,30144pr9921,14,1
173972,30144pr9977,14,1
173972,30144pr9984,14,1
173972,30144pr9993,14,1
173972,3816,383,1
173972,3817,383,1
173972,3820,64,1
173972,3820,92,1
173972,4066pr0234,4,1
173972,4066pr0242,191,1
173972,4066pr0243,15,1
173972,4066pr0246,14,1
173972,4066pr0247,2,1
173972,4066pr0248,14,1
173972,4066pr0249,15,1
173972,4066pr9835,73,1
173972,4066pr9900,2,1
173972,4066pr9910,15,1
173972,4066pr9935,72,1
173972,4066pr9950,41,1
173972,4066pr9956,14,1
173972,4066pr9957,41,1
173972,4066pr9965,5,1
173972,4066pr9984,5,1
173974,3004,151,1
173974,3005,151,1
173974,3006,151,1
173974,3008,182,1
173974,3008,34,1
173974,30144pr0025,14,1
173974,30144pr0026,14,1
173974,30144pr0028,14,1
173974,30144pr0029,14,1
173974,30144pr0051,4,1
173974,30144pr9922,14,1
173974,3020,151,1
173974,3023,151,1
173974,3622,151,1
173974,3623,151,1
173974,3816,64,1
173974,3816,308,1
173974,3817,64,1
173974,3817,308,1
173974,4066pr0220,14,1
173974,4066pr0221,19,1
173974,4066pr0235,19,1
173974,4066pr0236,15,1
173974,4066pr0238,14,1
173974,4066pr0239,14,1
173974,4066pr9882,19,1
173974,4066pr9920,191,1
173974,4066pr9921,71,1
173974,4066pr9951,0,1
173974,4066pr9958,117,1
173974,4066pr9962,0,1
173974,4066pr9968,15,1
173974,62519,71,1
173974,62520,71,1
173974,62691,80,1
173975,30144pr0010,4,1
173975,30144pr0027,14,1
173975,30144pr0027,4,1
173975,30144pr0108,4,1
173975,30144pr9994,4,1
173975,3024,151,1
173975,3684b,7,1
173975,3816,334,1
173975,3816,5,1
173975,3817,334,1
173975,3817,5,1
173975,3820,334,1
173975,4066pr0222,25,1
173975,4066pr0223,15,1
173975,4066pr0224,14,1
173975,4066pr0228,10,1
173975,4066pr9837,14,1
173975,4066pr9839,15,1
173975,4066pr9841,15,1
173975,4066pr9889,15,1
173975,4066pr9922,14,1
173975,4066pr9953,2,1
173976,18838,30,1
173976,19807,297,1
173976,2429,322,1
173976,2429,272,1
173976,2430,322,1
173976,2430,272,1
173976,30144pr0006,14,2
173976,30144pr0162,14,1
173976,30144pr0164,14,1
173976,30144pr0171,14,1
173976,30144pr0174,14,1
173976,30144pr9830,14,1
173976,30144pr9900,14,1
173976,30144pr9909,14,1
173976,30144pr9910,14,1
173976,30144pr9940,14,1
173976,30144pr9976,14,1
173976,30144pr9990,4,1
173976,30237a,322,1
173976,3816,26,1
173976,3816,30,1
173976,3816,321,1
173976,3817,26,1
173976,3817,321,1
173976,3817,30,1
173976,3820,30,1
173976,3820,158,1
173976,3820,323,1
173976,3820,322,1
173976,3820,26,1
173976,3820,379,1
173976,3820,29,1
173976,4066pr9834,15,1
173976,4066pr9891,19,1
173976,4066pr9907,41,1
173976,4066pr9917,25,1
173976,4066pr9929,41,1
173976,4066pr9932,41,1
173976,4066pr9941,41,1
173976,4066pr9943,4,1
173976,4066pr9985,25,1
173976,59349pr9999,71,1
173976,76371pr9917,14,1
173976,76371pr9929,14,1
173976,76371pr9931,14,1
173976,76371pr9932,1,1
173976,76371pr9933,14,1
173976,76371pr9937,14,1
173976,76371pr9952,25,1
173976,76371pr9953,14,1
173976,76371pr9979,14,1
173976,76371pr9989,14,1
173976,76371pr9990,25,1
173976,76371pr9996,14,1
173976,76371pr9997,14,1
173977,30144pr0031,14,1
173977,30144pr0032,14,1
173977,30144pr0137,14,1
173977,30144pr0139,14,1
173977,30144pr0143,14,1
173977,30144pr9931,14,1
173977,30144pr9938,14,1
173977,30144pr9964,14,1
173977,3626cpr0244,14,1
173977,3816,323,1
173977,3817,323,1
173977,3820,84,1
173977,3820,5,1
173977,3820,212,1
173977,3820,321,1
173977,3820,288,1
173977,4066pr0101,15,1
173977,4066pr9874,2,1
173977,4066pr9875,14,1
173977,4066pr9876,4,1
173977,4066pr9877,25,1
173977,4066pr9878,73,1
173977,4066pr9879,2,1
173977,4066pr9880,14,1
173977,4066pr9914,14,1
173977,4066pr9915,25,1
173977,4066pr9918,19,1
173977,4066pr9923,14,1
173977,4066pr9942,14,1
173977,4066pr9970,14,1
173977,4066pr9983,14,1
173977,4066pr9987,14,1
173977,4210,14,1
173977,76371pr9916,14,1
173978,3001pr9994,4,1
173978,30144pr0213,14,1
173978,30144pr0215,14,1
173978,30144pr0223,14,1
173978,30144pr0234,14,1
173978,30144pr0240,14,1
173978,30144pr0242,14,1
173978,30144pr9897,14,1
173978,30144pr9898,14,1
173978,30144pr9904,14,1
173978,30144pr9928,14,1
173978,30144pr9982,14,1
173978,30144pr9983,14,1
173978,30144pr9989,14,1
173978,30144pr9991,14,1
173978,30144pr9998,14,1
173978,36752,70,1
173978,36752,15,1
173978,36752,27,1
173978,36752,71,1
173978,36752,28,1
173978,36752,85,1
173978,36752,484,1
173978,36752,308,1
173978,36752,0,1
173978,3816,29,1
173978,3817,29,1
173978,4066pr9871,10,1
173978,4066pr9892,19,1
173978,4066pr9894,19,1
173978,4066pr9895,5,1
173978,4066pr9906,5,1
173978,4066pr9925,10,1
173978,4066pr9926,10,1
173978,4066pr9931,19,1
173978,4066pr9969,5,1
173978,6636pr0051,15,1
173978,76371pr9925,14,1
173978,76371pr9935,4,1
173978,76371pr9947,73,1
173978,76371pr9950,14,1
173978,76371pr9951,5,1
173978,76371pr9955,4,1
173978,76371pr9960,73,1
173978,76371pr9965,14,1
173978,76371pr9968,14,1
173978,76371pr9972,4,1
173978,76371pr9975,73,1
173978,76371pr9976,73,1
173978,76371pr9978,73,1
173978,76371pr9992,15,1
173978,87079pr9793,15,1
173978,87079pr9888,15,1
173978,87079pr9904,15,1
173978,87079pr9955,15,1
173978,87079pr9956,15,1
173978,87079pr9987,15,1
173978,973c27h01pr9642,15,1
173978,973c27h01pr9646,15,1
173979,2531,1103,1
173979,3001pr9980,4,1
173979,30144pr0008,14,1
173979,30144pr0042,14,1
173979,30144pr0181,14,1
173979,30144pr0187,14,1
173979,30144pr0188,14,1
173979,30144pr0192,14,1
173979,30144pr9896,14,1
173979,30144pr9901,14,1
173979,30144pr9906,14,1
173979,30144pr9911,14,1
173979,30144pr9934,14,1
173979,30144pr9988,14,1
173979,3816,179,1
173979,3817,179,1
173979,3817,84,1
173979,3820,31,1
173979,3820,484,1
173979,4066pr9909,4,1
173979,4066pr9928,2,1
173979,76371pr9890,14,1
173979,76371pr9920,15,1
173979,76371pr9922,1,1
173979,76371pr9924,73,1
173979,76371pr9936,14,1
173979,76371pr9938,322,1
173979,76371pr9941,14,1
173979,76371pr9944,25,1
173979,76371pr9959,15,1
173979,76371pr9961,1,1
173979,76371pr9970,1,1
173979,76371pr9973,1,1
173979,76371pr9974,14,1
173979,76371pr9982,14,1
173979,76371pr9987,14,1
173979,76371pr9994,14,1
173979,973c27h01pr9645,15,1
173980,3001pr9996,4,1
173980,30144pr0002,14,1
173980,30144pr0266,14,1
173980,30144pr0271,14,1
173980,30144pr0272,14,1
173980,30144pr0273,14,1
173980,30144pr0274,14,1
173980,30144pr0275,14,1
173980,30144pr9889,14,1
173980,30144pr9891,14,1
173980,30144pr9899,14,1
173980,30144pr9903,14,1
173980,30144pr9996,14,1
173980,30144pr9997,14,1
173980,4066pr9893,10,1
173980,4066pr9898,10,1
173980,4066pr9908,5,1
173980,4066pr9940,10,1
173980,76371pr6789,14,1
173980,76371pr9921,73,1
173980,76371pr9940,14,1
173980,76371pr9957,14,1
173980,76371pr9962,25,1
173980,76371pr9995,25,1
173980,87079pr9819,15,1
173980,87079pr9891,15,1
173980,87079pr9901,15,1
173980,87079pr9902,15,1
173980,87079pr9903,15,1
173980,87079pr9954,15,1
173980,87079pr9957,15,1
173980,87079pr9963,15,1
173980,87079pr9965,15,1
173980,87079pr9966,15,1
173980,87079pr9967,15,1
173980,87079pr9968,15,1
173980,87079pr9969,15,1
173980,87079pr9988,15,1
173980,87079pr9990,25,1
173980,87079pr9991,15,1
173980,973c27h01pr9641,15,1
173980,973c27h01pr9810,15,1
173980,upn0188a,1135,1
173981,19807,179,1
173981,30144pr0041,14,1
173981,30144pr0194,14,1
173981,30144pr0204,14,1
173981,30144pr0210,14,1
173981,30144pr0221,14,1
173981,30144pr9895,14,1
173981,30144pr9913,14,1
173981,30144pr9924,14,1
173981,30144pr9995,14,1
173981,3816,212,1
173981,3816,1103,1
173981,3817,212,1
173981,3817,1103,1
173981,4066pr9870,4,1
173981,4066pr9899,15,1
173981,4066pr9912,73,1
173981,4066pr9913,5,1
173981,4066pr9927,10,1
173981,76371pr9891,14,1
173981,76371pr9897,25,1
173981,76371pr9919,15,1
173981,76371pr9923,73,1
173981,76371pr9926,73,1
173981,76371pr9927,14,1
173981,76371pr9928,14,1
173981,76371pr9939,4,1
173981,76371pr9942,5,1
173981,76371pr9943,25,1
173981,76371pr9945,14,1
173981,76371pr9946,73,1
173981,76371pr9949,14,1
173981,76371pr9956,14,1
173981,76371pr9963,14,1
173981,76371pr9966,4,1
173981,76371pr9967,15,1
173981,76371pr9969,14,1
173981,76371pr9971,4,1
173981,76371pr9977,14,1
173981,76371pr9984,14,1
173981,76371pr9986,73,1
173982,2429,191,1
173982,2429,212,1
173982,2430,212,1
173982,2430,191,1
173982,3001pr9975,4,1
173982,30144pr0100,14,1
173982,30144pr0200,14,1
173982,30144pr9941,14,1
173982,30144pr9942,14,1
173982,30144pr9963,14,1
173982,30144pr9975,14,1
173982,30144pr9987,14,1
173982,36752,297,1
173982,3816,226,1
173982,3816,45,1
173982,3816,41,1
173982,3816,92,1
173982,3817,41,1
173982,3817,92,1
173982,3817,45,1
173982,3817,226,1
173982,3820,179,1
173982,3820,226,1
173982,50018a,1103,1
173982,50018e,1103,1
173982,50018h,1103,1
173982,87079pr9768,15,1
173982,87079pr9769,15,1
173982,87079pr9771,15,1
173982,87079pr9794,15,1
173982,87079pr9804,15,1
173982,87079pr9808,15,1
173982,87079pr9814,15,1
173982,87079pr9824,15,1
173982,87079pr9892,15,1
173982,87079pr9894,14,1
173982,87079pr9900,15,1
173982,87079pr9960,15,1
173982,upn0188c,1135,1
173983,2429,226,1
173983,2430,226,1
173983,2531,72,1
173983,30144pr0030,14,1
173983,30144pr0300,14,1
173983,30144pr0314,14,1
173983,30144pr0315,14,1
173983,30144pr0316,14,1
173983,30144pr9860,14,1
173983,30144pr9905,14,1
173983,3816,3,1
173983,3817,3,1
173983,4066pr9911,5,1
173983,4066pr9924,5,1
173983,67950,47,1
173983,76371pr9918,73,1
173983,76371pr9980,73,1
173983,76371pr9981,14,1
173983,87079pr9817,15,1
173983,87079pr9820,15,1
173983,87079pr9823,15,1
173983,87079pr9962,15,1
173983,87079pr9964,15,1
173983,87079pr9976,15,1
173984,2531,36,1
173984,3009,10,1
173984,30111,15,1
173984,30144pr0005,4,1
173984,30144pr0048,4,1
173984,3021,33,1
173984,3816,320,1
173984,3816,272,1
173984,3816,335,1
173984,3816,110,1
173984,3817,335,1
173984,3817,110,1
173984,3817,272,1
173984,3817,320,1
173984,3820,2,1
173984,3820,19,1
173984,3820,378,1
173984,3820,1,1
173984,3820,373,1
173984,4066pr0166,14,1
173984,4066pr9846,14,1
173984,4066pr9851,14,1
173984,4066pr9852,14,1
173984,4066pr9863,14,1
173984,4070,68,1
173984,41413,25,1
173984,41753,8,1
173984,4255,15,1
173984,6112,25,1
173995,3006pr0007,15,1
173995,30144pr9859,14,1
173995,30144pr9862,14,1
173995,30144pr9863,14,1
173995,30144pr9864,14,1
173995,30144pr9865,14,1
173995,30144pr9866,14,1
173995,30144pr9867,14,1
173995,30144pr9868,14,1
173995,30144pr9869,14,1
173995,30144pr9870,14,1
173995,30144pr9871,14,1
173995,30144pr9872,14,1
173995,30144pr9907,14,1
173995,30144pr9917,14,1
173995,30144pr9919,14,1
173995,30144pr9920,14,1
173995,30144pr9952,14,1
173995,30144pr9953,14,1
173995,30144pr9954,14,1
173995,30144pr9955,14,1
173995,30144pr9956,14,1
173995,30144pr9957,14,1
173995,30144pr9958,14,1
173995,30144pr9959,14,1
173995,30144pr9960,14,1
173995,30144pr9968,14,1
173995,30144pr9970,14,1
173995,30144pr9973,14,1
173995,30144pr9974,14,1
173995,3215pr0002,272,1
173995,3626c,3,1
173995,3820,1103,1
173995,6000,72,1
173995,6004,72,1
173995,76371pr9914,14,1
173995,76371pr9915,4,1
173995,76371pr9948,4,1
173995,76371pr9991,10,1
173995,80133,78,1
173995,80133,2,1
173995,80133,27,1
173995,80133,378,1
173995,80133,191,1
173995,80134,78,1
173995,80134,27,1
173995,80134,191,1
173995,80134,378,1
173995,80134,2,1
173995,973c27h01pr9639,15,1
173996,107401,320,1
173996,18978a,26,1
173996,24076pr0001,26,1
173996,2429,27,1
173996,2430,27,1
173996,30144pr9850,14,1
173996,30144pr9851,14,1
173996,30144pr9852,14,1
173996,30144pr9853,14,1
173996,30144pr9854,14,1
173996,30144pr9855,14,1
173996,30144pr9856,14,1
173996,30144pr9857,14,1
173996,30144pr9858,14,1
173996,30144pr9861,14,1
173996,30144pr9914,14,1
173996,30144pr9915,14,1
173996,30144pr9916,14,1
173996,30144pr9918,14,1
173996,30144pr9939,14,1
173996,30144pr9943,14,1
173996,30144pr9944,14,1
173996,30144pr9945,14,1
173996,30144pr9946,14,1
173996,30144pr9947,14,1
173996,30144pr9948,14,1
173996,30144pr9949,14,1
173996,30144pr9950,14,1
173996,30144pr9951,14,1
173996,30144pr9962,14,1
173996,30144pr9967,14,1
173996,30144pr9969,14,1
173996,30144pr9978,14,1
173996,30144pr9979,14,1
173996,30144pr9980,14,1
173996,30144pr9981,14,1
173996,37341c,1103,1
173996,3816,1050,1
173996,3817,1050,1
173996,62691,14,1
173996,63586,25,4
173996,76371pr9958,14,1
173996,80133,19,1
173996,80133,0,1
173996,80133,72,1
173996,80133,4,1
173996,80133,14,1
173996,80133,272,1
173996,80133,15,1
173996,80133,71,1
173996,80133,1,1
173996,80133,70,1
173996,80134,70,1
173996,80134,19,1
173996,80134,72,1
173996,80134,15,1
173996,80134,71,1
173996,80134,4,1
173996,80134,272,1
173996,80134,1,1
173996,80134,0,1
173996,80134,14,1
173996,87079pr9782,15,1
173996,87079pr9797,15,1
173996,87079pr9818,15,1
173996,87079pr9899,15,1
173996,87079pr9929,15,1
173996,87079pr9946,15,1
174185,11203,72,1
174185,11476,0,1
174185,15573,2,1
174185,2540,2,3
174185,33909,0,1
174185,3626c,25,2
174185,6126b,182,3
174185,61976,70,1
174185,66956,85,1
174185,80324,85,2
174185,85861,182,1
174185,99780,0,2
174228,3626cpr3807,78,1
174228,59276,70,1
174228,970c19pr2373,70,1
174228,973c19h02pr6234,70,1
174245,10126,19,1
174245,10127,19,1
174245,103483pat0001,70,1
174245,104352pr0001,4,1
174245,11203,70,1
174245,11211,28,2
174245,11458,70,1
174245,11477,70,2
174245,11477,19,2
174245,11477,71,1
174245,14417,72,2
174245,14704,71,3
174245,14719,70,2
174245,14769,4,1
174245,14769,15,2
174245,14769,19,5
174245,15068,70,7
174245,15068,10,1
174245,15068,19,1
174245,15279,27,4
174245,15573,14,2
174245,15573,72,1
174245,1749,70,1
174245,1750,70,1
174245,18654,70,1
174245,18674,72,1
174245,1871,70,1
174245,18759,71,1
174245,18838,70,2
174245,18977,0,2
174245,20482,321,2
174245,20482,71,3
174245,22385,15,1
174245,22484,72,4
174245,22885,19,2
174245,2310,28,2
174245,2420,71,1
174245,2420,70,4
174245,24201,70,16
174245,2431,84,2
174245,2445,28,2
174245,2445,2,1
174245,2453b,84,2
174245,2454b,84,4
174245,2454b,70,2
174245,24866,212,7
174245,2489,70,1
174245,25269,19,2
174245,2566,19,2
174245,26047,71,2
174245,2654,70,2
174245,2654,71,1
174245,26599,71,3
174245,26601,19,2
174245,26603,0,2
174245,26603,71,1
174245,26603pr0117,70,1
174245,26604,72,2
174245,27263,4,4
174245,27507,70,4
174245,28192,70,2
174245,29119,19,1
174245,29120,19,1
174245,298c02,71,2
174245,3001,70,4
174245,3002,70,1
174245,3003,70,4
174245,3004,19,1
174245,3004,70,5
174245,3004pr0107,19,1
174245,3005,326,2
174245,3007,70,2
174245,30137,326,6
174245,30150,84,1
174245,3020,28,3
174245,3020,2,1
174245,3021,28,11
174245,3021,19,1
174245,3021,0,1
174245,3021,70,6
174245,3021,15,1
174245,3022,14,1
174245,3022,28,1
174245,3022,70,1
174245,3022,19,2
174245,3022,4,1
174245,3023,70,11
174245,3023,4,1
174245,3023,19,1
174245,3023,25,2
174245,3023,2,2
174245,3023,28,7
174245,3023,226,1
174245,3024,28,7
174245,3024,71,1
174245,3024,70,3
174245,3034,2,1
174245,30565,19,2
174245,3062b,46,2
174245,3068b,19,3
174245,3068b,14,1
174245,3068b,2,1
174245,3068b,25,1
174245,3068bpr0691,4,1
174245,3068bpr9419,70,1
174245,3068bpr9420,70,1
174245,3068bpr9421,15,1
174245,3068bpr9423,70,1
174245,3069b,15,1
174245,3069b,2,4
174245,3069b,70,8
174245,3070b,19,2
174245,3070bpr0234,71,1
174245,30923,27,1
174245,3184,0,1
174245,32013,308,2
174245,32028,15,2
174245,32124,70,2
174245,3245c,70,2
174245,32524,70,2
174245,32606,5,3
174245,32607,27,3
174245,32803,28,6
174245,33085,14,3
174245,3386,15,2
174245,33909,28,2
174245,34103,70,1
174245,34103,72,1
174245,34103,15,1
174245,35480,15,2
174245,35480,28,4
174245,3560,19,2
174245,3565,2,8
174245,3565,19,10
174245,3566,14,1
174245,3567pr0001,14,1
174245,3622,70,4
174245,3623,19,2
174245,3623,0,2
174245,3623,28,2
174245,3623,70,6
174245,3623,71,2
174245,3660,19,1
174245,3665,70,2
174245,3666,70,1
174245,3673,71,2
174245,36840,19,2
174245,36841,15,4
174245,3700,0,2
174245,3700,2,4
174245,3700,15,1
174245,3700,70,2
174245,3700,71,2
174245,3710,70,1
174245,3710,2,1
174245,3710,28,1
174245,3710,71,2
174245,37352,19,1
174245,37352pr0027,19,1
174245,37776,0,2
174245,3795,28,3
174245,3795,70,1
174245,3795,2,2
174245,3832,19,1
174245,3937,0,1
174245,3968,70,2
174245,4032a,0,2
174245,4045,19,1
174245,4045pr0001,19,1
174245,4070,71,3
174245,4070,70,2
174245,4070,4,2
174245,4162,70,1
174245,4274,71,4
174245,4282,19,1
174245,4282,2,2
174245,42924,1,2
174245,43093,1,2
174245,4310,19,2
174245,43898,72,1
174245,44567b,0,1
174245,44728,15,2
174245,4865b,19,2
174245,4871,70,2
174245,49153,71,1
174245,50340,0,1
174245,51274,70,2
174245,54200,72,3
174245,54200,71,1
174245,54200,70,1
174245,54200,15,4
174245,54657,70,2
174245,6003,28,4
174245,60592,70,2
174245,60594,70,2
174245,6091,70,4
174245,6091,28,3
174245,61332,0,7
174245,6134,15,1
174245,6141,4,1
174245,6141,0,2
174245,6215,2,2
174245,62462,71,1
174245,62462,70,2
174245,63864,19,4
174245,63864,28,3
174245,63864,2,1
174245,63868,0,2
174245,63965,70,1
174245,64799,70,2
174245,6541,70,4
174245,6636,70,2
174245,66789,10,1
174245,66792,10,8
174245,66857,19,1
174245,69729pr0028,84,1
174245,73825,19,2
174245,78258,72,2
174245,79846,2,1
174245,79850,19,1
174245,85861,70,10
174245,85984,71,2
174245,85984,15,1
174245,85984,2,2
174245,85984,70,1
174245,87087,0,1
174245,87609,378,1
174245,88072,70,3
174245,88292,70,2
174245,92099,28,1
174245,92107,28,1
174245,92947,70,2
174245,93273,2,2
174245,95188,19,2
174245,96874,25,1
174245,98138,19,2
174245,98313,70,2
174245,99207,70,5
174245,99207,19,3
174245,99780,19,1
174245,99781,19,2
174245,99781,71,1
174245,99781,15,1
174255,10247,71,6
174255,11089,19,1
174255,11153,71,4
174255,11211,322,1
174255,11477,71,10
174255,13564,72,1
174255,14769,72,1
174255,15068pr0080,71,1
174255,15068pr0081,71,1
174255,15573,72,1
174255,1748,71,2
174255,24246,15,8
174255,24309,71,2
174255,25269,71,2
174255,28802,15,2
174255,3003,71,1
174255,3004,71,1
174255,30136,19,1
174255,3022,19,2
174255,3022,71,2
174255,3023,378,3
174255,3031,71,1
174255,3068bpr9425,71,1
174255,3069b,71,1
174255,3176,71,1
174255,32828,71,2
174255,33085,14,1
174255,34103,71,2
174255,35480,72,2
174255,3666,28,2
174255,4070,72,2
174255,43722,71,1
174255,43723,71,1
174255,44567b,0,1
174255,47457,71,5
174255,50340,15,1
174255,61252,71,2
174255,61332,0,4
174255,6541,71,2
174255,66792,10,1
174255,66855,72,3
174255,67329,29,1
174255,67329,71,2
174255,73825,72,2
174255,76959,0,1
174255,85861,72,1
174255,85984,71,2
174255,86876,71,1
174255,86996,4,2
174255,99206,70,1
174255,99207,28,2
174255,99780,71,2
174256,103483pat0001,484,1
174256,11090,70,1
174256,11153,14,1
174256,11476,14,1
174256,11477,84,1
174256,11610,484,2
174256,11640,321,1
174256,11640,4,1
174256,14769,2,1
174256,15068,5,1
174256,15573,70,1
174256,15712,0,4
174256,15712,14,2
174256,19798,72,1
174256,22385,2,2
174256,22885,0,1
174256,2412b,179,2
174256,24201,14,2
174256,24246,14,2
174256,2431,70,3
174256,24866,212,2
174256,25269,14,4
174256,26047,5,1
174256,2630,0,1
174256,26603,84,2
174256,26604,10,2
174256,3001,70,5
174256,3004,2,1
174256,3004pr0109,2,1
174256,3004pr0110,14,1
174256,3005,46,4
174256,3007,70,2
174256,30136,84,3
174256,3020,1,1
174256,3022,19,1
174256,3023,2,2
174256,3023,14,3
174256,3023,5,2
174256,3024,5,1
174256,3024,14,1
174256,3049d,14,1
174256,3068b,25,1
174256,3068bpr9409,70,1
174256,32014,0,2
174256,32474,0,1
174256,32606,5,2
174256,32607,27,4
174256,33085,14,2
174256,34103,5,1
174256,35446,84,3
174256,35480,484,2
174256,3565,2,4
174256,3623,484,1
174256,3623,19,1
174256,3700,19,2
174256,37352,2,1
174256,37352,19,1
174256,37352pr0027,19,1
174256,3968,484,2
174256,43093,1,4
174256,4310,19,2
174256,48336,4,1
174256,49668,4,4
174256,51274,70,2
174256,59900,70,3
174256,60478,14,1
174256,60897,70,1
174256,6091,5,3
174256,6091,14,1
174256,61332,0,4
174256,61485,0,3
174256,6182,84,1
174256,62462,70,6
174256,64799,70,2
174256,6541,5,2
174256,66790,10,2
174256,66792,10,2
174256,66858,14,1
174256,66909,72,1
174256,67329,2,2
174256,68888,70,2
174256,73831,5,1
174256,79194,0,1
174256,79389,14,2
174256,79846,2,2
174256,85861,4,1
174256,85984,2,1
174256,87087,14,2
174256,87087,484,1
174256,87994,0,1
174256,98138,27,2
174256,98138,15,2
174256,98138pr0368,19,2
174256,99780,19,1
174256,99781,19,1
174257,10126,19,1
174257,10127,19,1
174257,10247,19,2
174257,103483pat0001,70,1
174257,11153,71,10
174257,11153,70,2
174257,11203,84,2
174257,11211,15,2
174257,11211,70,1
174257,11211,72,1
174257,11212,15,4
174257,11215,71,1
174257,11458,322,4
174257,11476,15,1
174257,11477,71,10
174257,11477,72,4
174257,11477,78,2
174257,11477,321,4
174257,11477,25,1
174257,11477,484,5
174257,13547,15,3
174257,13547,71,2
174257,13971,71,4
174257,14395,72,2
174257,14417,72,1
174257,14704,71,3
174257,14719,484,2
174257,14719,84,2
174257,14769,71,1
174257,14769pr0162,70,1
174257,14769pr0163,70,1
174257,15068,484,1
174257,15068,321,4
174257,15068,15,3
174257,15068,272,2
174257,15068,84,6
174257,15070,15,2
174257,15209,15,1
174257,15279,10,1
174257,15397,484,1
174257,15535,72,1
174257,15573,322,2
174257,15573,0,1
174257,15573,72,2
174257,15573,84,2
174257,15712,72,4
174257,15712,15,2
174257,18653,15,1
174257,18654,0,2
174257,18654,72,2
174257,18674,72,2
174257,18677,4,4
174257,18980,15,1
174257,1927,72,2
174257,1997,70,1
174257,22885,71,1
174257,22885,484,2
174257,22890,72,2
174257,2420,28,2
174257,2420,4,2
174257,24201,0,2
174257,24201,84,8
174257,24201,72,4
174257,24201,15,2
174257,24246,71,1
174257,2431,70,3
174257,2431,84,3
174257,2431,25,2
174257,2431,71,2
174257,2431,321,1
174257,2431pr0158,14,1
174257,2445,1,2
174257,2445,72,1
174257,2445,19,1
174257,2445,71,1
174257,2456,0,1
174257,24866,212,2
174257,2489,70,3
174257,24947,1,1
174257,24947,4,1
174257,24947,10,1
174257,25269,19,2
174257,25269,484,2
174257,25269,72,1
174257,2540,72,1
174257,26047,70,2
174257,2654,4,1
174257,2654,70,1
174257,2654,15,1
174257,2654,46,1
174257,26599,71,1
174257,26601,19,2
174257,26603,1,1
174257,26603pr0119,84,1
174257,26604,19,2
174257,26604,71,2
174257,27263,71,2
174257,27507,25,2
174257,27507,71,2
174257,28621,47,1
174257,29119,15,1
174257,29120,15,1
174257,3001,70,2
174257,3001,72,2
174257,3002,19,1
174257,3002,71,1
174257,3003,84,2
174257,3003,4,1
174257,3003,19,3
174257,3004,72,3
174257,3004,28,4
174257,3004,19,1
174257,3004,15,1
174257,3004pr0108,70,1
174257,3005,72,4
174257,3005,19,1
174257,3005,272,1
174257,3005,28,6
174257,3009,28,1
174257,3009,15,1
174257,3010,72,1
174257,3010,15,1
174257,30136,84,6
174257,30137,84,1
174257,30166,72,2
174257,3020,70,1
174257,3020,322,2
174257,3020,321,1
174257,3020,28,1
174257,3020,19,4
174257,3020,72,1
174257,3020,272,3
174257,3020,2,3
174257,3020,84,2
174257,3021,25,2
174257,3021,4,1
174257,3021,19,1
174257,3021,72,11
174257,3021,0,1
174257,3021,70,2
174257,3021,320,1
174257,3022,28,1
174257,3022,84,2
174257,3022,71,7
174257,3022,72,1
174257,3022,0,6
174257,3022,19,2
174257,3023,84,6
174257,3023,71,6
174257,3023,19,26
174257,3023,70,3
174257,3023,4,6
174257,3023,25,1
174257,3023,0,2
174257,3023,29,2
174257,3023,72,3
174257,3023,321,1
174257,3023,15,1
174257,3024,71,6
174257,3024,272,1
174257,3024,72,2
174257,3024,70,2
174257,3024,15,3
174257,3024,0,2
174257,3024,78,4
174257,3024,4,3
174257,3024,321,2
174257,3024,484,5
174257,3024,84,4
174257,3029,72,2
174257,3030,72,2
174257,3032,72,3
174257,3034,70,32
174257,3034,15,1
174257,3034,2,2
174257,3034,1,6
174257,3035,84,2
174257,3035,1,2
174257,3035,72,1
174257,30357,72,2
174257,30363,15,2
174257,30385,41,4
174257,3039,1,1
174257,3039,72,5
174257,3040b,72,13
174257,3040b,28,10
174257,3040b,15,2
174257,30565,25,2
174257,30565,2,2
174257,3062b,84,1
174257,3068b,19,1
174257,3068b,15,1
174257,3068b,4,1
174257,3068bpr9408,1,1
174257,3068bpr9416,19,1
174257,3068bpr9417,322,1
174257,3068bpr9418,4,1
174257,3068bpr9424,19,1
174257,3069b,71,2
174257,3069b,15,2
174257,3069b,4,1
174257,3069b,25,1
174257,3069b,321,6
174257,3069bpr0301,71,1
174257,3070b,71,5
174257,3070b,19,2
174257,3070b,25,1
174257,3172,71,2
174257,32009,72,1
174257,32013,71,1
174257,32062,4,1
174257,32064a,19,2
174257,32123b,15,2
174257,32124,15,2
174257,32474pr1031,15,2
174257,32523,71,2
174257,32524,70,2
174257,32524,72,1
174257,32526,72,4
174257,32529,0,2
174257,32607,27,7
174257,32607,2,2
174257,32607,10,2
174257,3262,4,1
174257,3262,10,1
174257,3262,1,1
174257,3263,15,1
174257,32803,15,1
174257,32803,71,2
174257,32952,19,3
174257,3298,272,1
174257,33085,14,2
174257,33909,15,3
174257,33909,0,2
174257,33909,272,2
174257,34103,4,1
174257,3460,28,6
174257,3460,70,3
174257,3460,15,1
174257,3484,70,2
174257,35480,70,2
174257,3559,84,1
174257,3560,19,2
174257,3562,4,1
174257,3563,70,55
174257,3565,2,4
174257,3566,14,1
174257,3567pr0001,14,1
174257,3622,484,1
174257,3622,70,2
174257,3623,71,8
174257,3623,72,2
174257,3623,484,3
174257,3623,0,2
174257,3623,19,3
174257,3665,272,3
174257,3665,70,2
174257,3666,15,2
174257,3666,72,3
174257,3666,71,1
174257,3673,71,12
174257,36840,15,1
174257,36840,19,2
174257,36840,70,2
174257,36840,71,2
174257,36841,19,2
174257,3700,84,2
174257,3700,4,2
174257,3700,0,2
174257,3701,72,6
174257,3702,71,4
174257,3705,0,1
174257,3710,14,2
174257,3710,1,4
174257,3710,19,4
174257,3710,0,4
174257,3710,272,1
174257,3710,70,4
174257,3710,72,2
174257,3713,71,2
174257,37352,272,1
174257,37352,19,1
174257,37352pr0027,19,1
174257,3795,484,1
174257,3795,72,1
174257,3795,25,4
174257,3795,1,1
174257,3795,19,3
174257,3832,70,1
174257,3832,72,2
174257,3832,71,1
174257,3837,72,1
174257,3841,72,1
174257,3894,0,2
174257,3894,72,1
174257,3968,70,3
174257,39888,19,2
174257,4032a,70,1
174257,4045,19,1
174257,4045pr0001,19,1
174257,40490,1,1
174257,40687,70,2
174257,4070,19,3
174257,4070,4,3
174257,4081b,4,1
174257,4162,71,14
174257,41740,70,1
174257,42610,71,3
174257,4274,15,4
174257,4282,72,3
174257,4282,71,1
174257,4286,72,4
174257,4286,28,2
174257,42924,1,5
174257,4304,0,2
174257,4304,19,3
174257,43093,1,1
174257,4310,19,2
174257,43722,272,1
174257,43723,272,1
174257,43898,25,1
174257,43898,14,1
174257,4460b,72,2
174257,4460b,28,9
174257,44728,272,2
174257,44728,14,2
174257,4477,1,2
174257,44861,0,2
174257,44861,72,1
174257,44861,71,1
174257,4740,71,1
174257,47406,15,1
174257,47753,15,2
174257,47847,72,3
174257,48165,15,1
174257,48336,19,1
174257,49307,70,6
174257,49668,15,3
174257,50950,272,2
174257,50951,0,2
174257,54200,72,14
174257,54200,28,11
174257,54200,70,2
174257,54200,322,4
174257,54200,4,2
174257,54200,0,2
174257,54200,484,1
174257,54383,25,1
174257,54384,25,1
174257,54657,84,2
174257,55013,72,1
174257,6005,321,2
174257,60470b,71,1
174257,60474,0,1
174257,60478,15,1
174257,60478,71,2
174257,60484,71,3
174257,6091,4,3
174257,6091,1,2
174257,6091,71,2
174257,61252,14,1
174257,61332,0,25
174257,6141,28,1
174257,6141,70,6
174257,61485,71,1
174257,6179,15,2
174257,6231,71,2
174257,62462,19,2
174257,63864,71,4
174257,63864pr0050,4,1
174257,63868,1,2
174257,64225,272,1
174257,64728,4,2
174257,65304,71,2
174257,6541,70,1
174257,6541,4,5
174257,6636,71,10
174257,6636,321,2
174257,6636,70,2
174257,66789,10,1
174257,66789,84,1
174257,66792,10,1
174257,66792,1,1
174257,66792,484,2
174257,66857,15,1
174257,66859,78,1
174257,67329,15,1
174257,73109,71,2
174257,73825,84,4
174257,73825,15,1
174257,73832,1,2
174257,73832,84,2
174257,73832,10,1
174257,76959,71,1
174257,77834,19,2
174257,79194,72,1
174257,79389,378,1
174257,79393,15,2
174257,79756,71,1
174257,79846,321,1
174257,79846,72,1
174257,80177,71,1
174257,80177,15,1
174257,80178,15,1
174257,80178,71,1
174257,81911,47,1
174257,85861,28,3
174257,85984,72,5
174257,85984,1,1
174257,85984,4,3
174257,85984,15,4
174257,85984,272,3
174257,86996,0,1
174257,87079,19,2
174257,87079,15,2
174257,87079,1,1
174257,87083,72,1
174257,87087,4,1
174257,87087,70,6
174257,87087,72,4
174257,87087,0,2
174257,87580,71,2
174257,87618,71,3
174257,88293,15,4
174257,89678,72,1
174257,89678,4,1
174257,89681,84,1
174257,89681,1,2
174257,92907,1,1
174257,93273,72,1
174257,93273,1,1
174257,93604,15,2
174257,96874,25,1
174257,98138,308,1
174257,98138,71,7
174257,98138,19,4
174257,98138,47,4
174257,98138,41,1
174257,98138,14,2
174257,98560,72,1
174257,99206,27,1
174257,99206,71,1
174257,99207,28,2
174257,99207,4,1
174257,99207,72,9
174257,99780,71,1
174257,99780,72,1
174257,99780,0,1
174257,99781,19,1
174257,99781,71,1
174282,31000,2,3
174282,31000,14,1
174282,31000,4,2
174282,31000,1,3
174282,31000pr0001,14,2
174282,31001,14,1
174282,31001,1,1
174282,31001,4,1
174282,31005pr0001,4,1
174282,31005pr0002,14,1
174282,31005pr0006,2,1
174291,2300,1,1
174291,2300,14,1
174291,2302,1,6
174291,2302,10,6
174291,3011,4,20
174291,3011,25,10
174291,3011,14,28
174291,3011,10,10
174291,3011,1,28
174291,3437,25,14
174291,3437,1,40
174291,3437,10,16
174291,3437,14,40
174291,3437,4,30
174496,132a,0,4
174496,3003a,4,4
174496,3004,4,12
174496,3004pr9960,4,1
174496,3005,4,2
174496,3005,1,2
174496,3009,4,2
174496,3009,47,1
174496,3010,47,1
174496,3020,4,7
174496,3022,0,2
174496,3022,4,5
174496,3022,47,2
174496,3028,4,1
174496,3037,4,4
174496,3039,4,2
174496,3045,4,2
174496,3062a,1,1
174496,3149ec01,4,1
174496,3176,4,1
174496,3188,4,2
174496,3189,4,2
174496,3190a,4,1
174496,3191,4,1
174496,7039,4,4
174496,7049bc01,15,1
174496,709,4,1
174496,711,4,1
174496,799c800,15,1
174496,801,4,1
174496,802,4,1
174496,806,4,1
174496,850,14,1
174496,851b,14,1
174498,3001apr0002,15,1
174498,3008pr0004,15,1
174498,3008pr0038,15,1
174498,3008pr0069,15,1
174498,3009bpr0051,15,1
174498,3009pr0026,15,1
174498,3009pr0029,15,1
174498,3009pr0032,15,1
174498,3009pr0050,15,1
174498,3009pr0062,15,1
174498,3009pr0079,15,1
174498,3009pr0085,15,1
174498,3009pr0091,15,1
174498,3009pr0094,15,1
174498,3009pr0096,15,1
174503,3001,15,1
174503,3001,14,1
174503,3004,15,1
174503,3009,71,1
174503,3009,15,2
174503,3009pr0076,71,1
174503,3010,71,2
174503,3023,15,2
174503,3032,15,1
174503,3035,71,2
174503,3037,15,2
174503,3040b,15,4
174503,3045,15,2
174503,3048c,0,1
174503,3298,15,1
174503,3665,15,2
174503,3700,15,1
174503,3747b,15,3
174503,4081b,15,2
174503,4274,1,1
174503,6141,15,1
174503,6141,0,2
174506,3008pr0001,15,1
174506,3008pr0029,15,1
174506,3008pr0032,15,1
174506,3008pr0034,15,1
174506,3008pr0035,15,1
174506,3008pr0036,15,1
174506,3008pr0039,15,1
174506,3008pr0041,15,1
174506,3009pr0030,15,1
174506,3009pr0037,15,1
174506,3009pr0046,15,1
174506,3009pr0061,15,1
174506,3009pr0082,15,1
174507,3008apr0028,15,1
174507,3008apr0059,15,1
174507,3009apr0007,15,1
174507,3009apr0013,15,1
174507,3009apr0023,15,1
174507,3009apr0024,15,1
174507,3009apr0047,15,1
174507,3009apr0049,15,1
174507,3009apr0050,15,1
174507,3009apr0052,15,1
174508,3003b,15,1
174508,3005,15,5
174508,3036a,15,2
174508,3062c,4,4
174508,3065,15,14
174508,32ac01,4,1
174508,453ac01,4,1
174508,604ac01,4,1
174509,3008apr0012,15,1
174509,3008apr0020,15,1
174509,3008apr0022,15,1
174509,3008apr0023,15,1
174509,3008apr0024,15,1
174509,3008apr0055,15,1
174509,3009apr0014,15,1
174509,3009apr0024,15,1
174509,3009apr0035,15,1
174509,3009apr0049,15,1
174509,3009apr0052,15,1
174509,3009apr0053,15,1
174510,3008apr0012,15,1
174510,3008apr0023,15,1
174510,3008apr0028,15,1
174510,3008apr0059,15,1
174510,3009apr0006,15,1
174510,3009apr0007,15,1
174510,3009apr0010,15,1
174510,3009apr0014,15,1
174510,3009apr0021,15,1
174510,3009apr0023,15,1
174510,3009apr0024,15,1
174510,3009apr0026,15,1
174510,3009apr0035,15,1
174510,3009apr0047,15,1
174510,3009apr0048,15,1
174510,3009apr0049,15,1
174510,3009apr0050,15,1
174510,3009apr0051,15,1
174510,3009apr0052,15,1
174510,3009apr0053,15,1
174510,3009apr0074,15,1
174510,3009pr0075,15,1
174533,24793pr0001,0,1
174533,28551,15,1
174533,3626cpr4101,31,1
174533,973c03h39pr6667,0,1
174536,102291pr0001,29,1
174536,103916,47,1
174536,11267,14,1
174536,11477,14,1
174536,11477,27,1
174536,11477,29,2
174536,14769pr1281,14,2
174536,15469,10,1
174536,15571,29,2
174536,15624,27,1
174536,16577,30,2
174536,18674,10,2
174536,23969,19,1
174536,23986,15,1
174536,2412b,14,2
174536,2423,27,3
174536,2431,10,2
174536,24866,25,1
174536,24866,14,1
174536,24866,4,1
174536,24866,30,3
174536,24866,29,1
174536,27925,321,2
174536,3001,84,1
174536,3004,29,1
174536,3010,5,1
174536,3020,4,1
174536,3021,29,2
174536,3023,29,1
174536,3023,4,1
174536,3034,14,1
174536,3062b,84,2
174536,3062b,2,6
174536,3068b,30,1
174536,3069b,321,1
174536,3069b,10,2
174536,3245c,27,2
174536,3245c,25,2
174536,3245c,14,2
174536,32607,10,4
174536,32607,4,1
174536,32607,30,2
174536,32607,25,1
174536,33051,4,2
174536,35473,30,2
174536,3710,29,1
174536,3710,19,4
174536,37352,4,1
174536,37352,25,3
174536,37352pr0026,29,1
174536,37452,27,1
174536,38014,15,2
174536,3941,14,1
174536,40527,19,2
174536,41740,321,2
174536,41948,27,3
174536,41948,84,1
174536,44865,321,2
174536,48092,5,1
174536,4865b,4,2
174536,49153,15,1
174536,60373,84,2
174536,60808,84,1
174536,63864,14,1
174536,6636,321,1
174536,67075,15,1
174536,67810,29,2
174536,79736,27,1
174536,80674,226,2
174536,85984,15,1
174536,87081,4,1
174536,87580,25,3
174536,93095,15,3
174536,98138pr0017,29,1
174536,98262,14,1
174538,35182,320,1
174538,3626cpr4047,84,1
174538,75648pr0019,3,1
174538,973c23h23pr6655,84,1
174539,11477,323,2
174539,11609,191,2
174539,14718pr0014,323,1
174539,15068,5,1
174539,15534,72,1
174539,15573,5,1
174539,15745,45,1
174539,18674,5,1
174539,18854,52,1
174539,18866,15,1
174539,18970,15,1
174539,23969,15,1
174539,24184,25,1
174539,2489,84,1
174539,2821,191,1
174539,28387,323,1
174539,28533,15,1
174539,28535,85,1
174539,3001,85,2
174539,30153,45,1
174539,30153,41,1
174539,3022,14,1
174539,3022,84,1
174539,3023,323,3
174539,3032,322,1
174539,3068bpr0689,15,3
174539,3069b,15,5
174539,3069b,46,1
174539,3069b,85,1
174539,3262pr1031,85,1
174539,33121,191,1
174539,35442,85,1
174539,3660,85,1
174539,3666,84,1
174539,37352,85,2
174539,3852b,322,1
174539,3941,5,1
174539,41740,14,2
174539,4175,15,1
174539,41948,19,1
174539,44728,85,3
174539,4495b,5,2
174539,48336,14,1
174539,50373,85,1
174539,53126,30,1
174539,54200,323,2
174539,59900,41,1
174539,59900,129,1
174539,59900,45,1
174539,59900,46,1
174539,60470b,322,1
174539,68568,323,2
174539,73832,84,1
174539,79757,15,4
174539,87079,14,1
174539,87580,15,1
174539,87580,323,3
174539,88072,15,2
174540,3626c,1089,1
174540,51345pr0020,2,1
174540,84358pr0003,19,1
174540,973c70h70pr6673,179,1
174541,17347,31,1
174541,3626cpr4063,78,1
174541,75648pr0022,272,1
174541,973c02h02pr6688,78,1
174542,23187,84,1
174542,3626cpr4061,1088,1
174542,75648pr0021,191,1
174542,973c69h69pr6681,1088,1
174554,10314,14,1
174554,11090,297,8
174554,11211,15,17
174554,11211,84,1
174554,11211,71,12
174554,11212,71,4
174554,11213,71,1
174554,11213,19,2
174554,11477,71,1
174554,11640,4,1
174554,14716,19,6
174554,14719,72,3
174554,14719,4,1
174554,14719,15,1
174554,14769,4,1
174554,15068,15,4
174554,15207,25,1
174554,15207,72,1
174554,15254,323,1
174554,15535,0,5
174554,15535pr0007,19,1
174554,15573,72,10
174554,15573,15,2
174554,15573,25,1
174554,15573,71,3
174554,15712,71,1
174554,1748,19,1
174554,18646,212,1
174554,18646,19,1
174554,18674,4,2
174554,18674,70,1
174554,18674,28,3
174554,18980,71,1
174554,20310,297,2
174554,20482,297,6
174554,20482,71,8
174554,22385,272,1
174554,22885,0,3
174554,22885,5,3
174554,22961,308,1
174554,2357,72,5
174554,2357,15,2
174554,2357,71,2
174554,2357,272,2
174554,24093,41,1
174554,2412b,0,6
174554,2420,28,4
174554,2420,272,2
174554,2420,2,2
174554,2420,3,4
174554,24246,14,4
174554,2431,72,3
174554,2431,70,2
174554,2431,25,2
174554,2431,33,2
174554,2431,272,7
174554,2431,15,4
174554,2431,71,2
174554,2445,15,1
174554,2450,72,1
174554,2450,28,2
174554,2453b,15,2
174554,2462,71,1
174554,24866,30,10
174554,2496,0,1
174554,25269,19,2
174554,25269,4,4
174554,25269,191,4
174554,25269,272,23
174554,25269,15,2
174554,25269,322,2
174554,25269,71,6
174554,2540,297,4
174554,2540,0,1
174554,26047,0,1
174554,26047,297,2
174554,2654,15,3
174554,26601,19,4
174554,27925,15,2
174554,27925,297,2
174554,2877,71,1
174554,28802,15,2
174554,298c02,71,3
174554,3001,19,1
174554,3001,72,1
174554,3002,19,1
174554,3002,71,3
174554,3004,5,2
174554,3004,15,12
174554,3004,323,3
174554,3004,72,5
174554,3004,14,2
174554,3004,71,2
174554,3004,3,12
174554,3005,3,8
174554,3005,323,3
174554,3005,5,3
174554,3005,0,1
174554,3005,84,4
174554,3005,72,9
174554,3005,15,20
174554,3005,19,1
174554,3008,15,2
174554,30089b,0,1
174554,3009,14,2
174554,3009,84,1
174554,3010,15,6
174554,3010,25,1
174554,3010,5,9
174554,3010,3,6
174554,3010,19,3
174554,3010,323,11
174554,3010,14,6
174554,3010,84,8
174554,30136,19,6
174554,30136,308,10
174554,30165,15,3
174554,30165,84,3
174554,3020,0,3
174554,3020,14,1
174554,3020,71,1
174554,3020,15,2
174554,3020,322,1
174554,3020,25,1
174554,3020,70,2
174554,3021,15,1
174554,3021,70,4
174554,3021,272,4
174554,3021,19,3
174554,3021,3,2
174554,3022,0,3
174554,3022,321,1
174554,3022,70,3
174554,3022,15,1
174554,3023,191,2
174554,3023,4,5
174554,3023,14,2
174554,3023,19,10
174554,3023,272,13
174554,3023,84,6
174554,3023,70,4
174554,3023,15,14
174554,3023,3,2
174554,3024,19,4
174554,3024,272,8
174554,3024,84,2
174554,3024,71,2
174554,3024,25,2
174554,3024,14,6
174554,3024,15,8
174554,3024,3,4
174554,3029,71,3
174554,3029,28,1
174554,3029,72,1
174554,3034,71,1
174554,3035,19,4
174554,3035,72,2
174554,30357,19,2
174554,3036,71,7
174554,3040b,71,2
174554,30414,71,2
174554,30503,15,2
174554,3062b,308,3
174554,3062b,41,1
174554,3062b,26,6
174554,3062b,19,2
174554,3062b,15,1
174554,3065,40,5
174554,3068b,4,2
174554,3068b,71,3
174554,3068b,321,1
174554,3068b,0,4
174554,3068bpr0197,28,1
174554,3068bpr0240,19,1
174554,3068bpr0273,70,1
174554,3068bpr0416,15,1
174554,3068bpr0445,19,1
174554,3069b,72,3
174554,3069b,3,1
174554,3069b,5,3
174554,3069b,70,4
174554,3069b,71,3
174554,3069b,272,2
174554,3069bpr0278,15,5
174554,3069bpr0300,15,1
174554,3070b,72,7
174554,3070b,19,2
174554,3070b,0,1
174554,32000,72,8
174554,32016,70,2
174554,32028,3,24
174554,32028,272,7
174554,32028,14,5
174554,32028,19,2
174554,32062,4,1
174554,3245c,15,12
174554,32607,2,21
174554,32828,71,3
174554,32828,297,1
174554,32952,15,22
174554,32952,0,3
174554,32952,19,2
174554,33183,10,1
174554,33909,4,2
174554,33909,72,2
174554,34103,70,2
174554,3460,25,1
174554,3460,19,4
174554,3460,272,7
174554,3460,72,2
174554,3460,84,2
174554,3484,0,3
174554,35044,15,1
174554,35480,70,4
174554,35480,272,17
174554,35480,72,3
174554,35480,27,3
174554,35787,272,1
174554,35787,71,2
174554,35787,3,1
174554,3622,15,10
174554,3622,272,4
174554,3622,484,2
174554,3622,3,4
174554,3623,71,1
174554,3623,19,6
174554,3623,70,1
174554,3623,15,6
174554,3623,14,2
174554,3623,272,12
174554,3633,72,2
174554,3659,3,3
174554,3659,484,3
174554,3660,19,4
174554,3665,70,2
174554,3666,272,6
174554,3666,3,2
174554,3666,25,2
174554,3666,70,2
174554,3666,15,5
174554,3666,71,1
174554,36752a,28,2
174554,3679,71,1
174554,3680,0,1
174554,36841,0,1
174554,36841,15,1
174554,3700,15,2
174554,3710,72,3
174554,3710,19,6
174554,3710,71,4
174554,3710,84,2
174554,3710,14,6
174554,3710,15,7
174554,3710,4,1
174554,3710,2,1
174554,37352,272,4
174554,37352,14,2
174554,37352,4,2
174554,3743,0,2
174554,37695,10,1
174554,37762,297,23
174554,3795,72,1
174554,3832,25,1
174554,3899,4,1
174554,3941,4,1
174554,3941,70,1
174554,3956,0,3
174554,3957b,0,5
174554,4032a,19,2
174554,4032a,0,3
174554,4032a,70,3
174554,4032a,72,3
174554,4079b,70,2
174554,41539,71,3
174554,4162,72,7
174554,41682,15,1
174554,41740,19,5
174554,41740,14,2
174554,41740,15,2
174554,41740,70,8
174554,4287c,15,6
174554,4304,4,1
174554,43093,1,1
174554,43888,15,2
174554,4460b,15,2
174554,4460b,272,6
174554,44728,272,4
174554,4477,15,1
174554,44861,71,2
174554,4495b,272,8
174554,4510,19,2
174554,4599b,297,1
174554,4733,0,2
174554,4740,41,1
174554,4740,82,2
174554,49307,14,16
174554,49668,15,2
174554,50745,3,2
174554,51739,15,2
174554,57895,47,1
174554,59900,70,5
174554,59900,297,2
174554,6005,5,4
174554,6020,70,1
174554,60470b,71,2
174554,60478,27,1
174554,60478,71,2
174554,60479,0,1
174554,60479,71,1
174554,60581,15,4
174554,60581,19,2
174554,60592,25,4
174554,60592,212,14
174554,60593,0,8
174554,60593,70,4
174554,60593,15,1
174554,60593,212,10
174554,60594,0,1
174554,60594,3,1
174554,60596,212,3
174554,60596,0,4
174554,60601,47,18
174554,60602,47,19
174554,60603,47,2
174554,60616b,47,4
174554,60623,25,1
174554,6081,0,1
174554,60897,19,2
174554,6091,25,2
174554,61332,0,6
174554,61409,72,1
174554,6141,297,8
174554,6141,70,4
174554,6141,36,2
174554,6141,47,5
174554,6182,19,1
174554,6266,0,1
174554,63864,0,4
174554,63868,27,1
174554,64644,0,1
174554,64644,297,12
174554,65509,19,1
174554,6636,71,3
174554,6636,70,3
174554,6636,272,5
174554,6636,322,1
174554,66897,71,4
174554,67095,71,1
174554,67810,3,2
174554,67810,322,4
174554,68013,0,2
174554,70681,71,5
174554,73230,71,2
174554,73825,71,1
174554,78258,15,1
174554,78329,0,1
174554,79393,272,6
174554,80440,14,1
174554,80441pat0001,47,2
174554,85861,0,3
174554,85984,15,2
174554,85984,0,2
174554,87079,25,1
174554,87079,212,1
174554,87087,71,2
174554,87087,5,1
174554,87087,19,1
174554,87544,47,1
174554,87580,72,17
174554,87994,71,2
174554,87994,308,9
174554,88292,15,2
174554,88293,297,4
174554,89678,4,2
174554,90370,0,1
174554,93273,71,2
174554,93273,0,1
174554,96874,25,1
174554,98100,0,2
174554,98138,3,4
174554,98138,45,3
174554,98138,34,4
174554,98138,33,2
174554,98138,182,2
174554,98138,36,2
174554,98283,19,9
174554,98283,84,17
174554,98284,378,1
174554,99206,321,2
174554,99563,19,14
174554,99563,15,3
174554,99780,272,4
174555,10247,71,1
174555,10247,0,1
174555,10314,15,2
174555,11211,15,1
174555,11213,191,1
174555,11213,2,1
174555,11458,72,2
174555,11477,15,9
174555,11477,1,1
174555,15068,25,1
174555,15254,15,2
174555,15535,19,1
174555,15571,15,1
174555,15573,15,1
174555,15573,27,1
174555,15672,484,4
174555,15712,71,3
174555,17485,19,1
174555,18653,15,4
174555,18674,71,7
174555,18675,47,1
174555,18980,71,2
174555,20482,297,1
174555,22885,71,3
174555,23443,71,1
174555,23948,14,1
174555,24122,0,1
174555,2412b,1,1
174555,2412b,297,4
174555,2420,71,3
174555,24246,71,3
174555,24246,15,10
174555,2431pr0158,14,1
174555,2432,15,2
174555,2445,0,7
174555,2445,71,8
174555,2456,71,14
174555,2456,0,9
174555,24599,15,4
174555,24869,72,6
174555,25061,272,2
174555,25269,15,13
174555,25269,10,8
174555,2540,71,2
174555,26021,0,3
174555,26022,272,2
174555,2639,72,1
174555,2654,1,1
174555,26559,272,2
174555,26560,272,2
174555,26601,272,2
174555,26601,15,6
174555,27263,15,2
174555,2730,0,2
174555,27507,182,4
174555,2853,71,2
174555,3001,71,7
174555,3001,0,2
174555,3003,71,9
174555,3005,484,1
174555,3005,15,6
174555,30089b,0,1
174555,30136,71,18
174555,30136,0,16
174555,30136,15,3
174555,3020,0,7
174555,3020,71,3
174555,3021,25,4
174555,3021,272,4
174555,3022,72,15
174555,3022,2,1
174555,3023,272,4
174555,3023,71,8
174555,3024,46,1
174555,3031,15,1
174555,3034,72,15
174555,30374,0,1
174555,30377,71,2
174555,3046a,72,8
174555,30503,71,4
174555,30562,15,4
174555,30565,15,4
174555,30565,25,4
174555,3065,34,4
174555,3065,41,4
174555,3068b,272,12
174555,3069b,15,10
174555,3070b,15,3
174555,3070bpr0160,71,1
174555,32000,0,2
174555,32001,0,1
174555,32013,71,1
174555,32016,0,1
174555,32062,4,5
174555,32073,71,1
174555,32123b,71,4
174555,32270,0,1
174555,32607,10,3
174555,32828,71,7
174555,33909,15,9
174555,35464,71,6
174555,35480,27,2
174555,35480,72,37
174555,35646,84,1
174555,35787,15,4
174555,3623,320,2
174555,3666,15,2
174555,3666,0,2
174555,3673,71,2
174555,3678b,15,1
174555,3679,71,1
174555,3680,0,1
174555,36840,15,1
174555,36841,0,1
174555,3700,1,2
174555,3700,25,1
174555,3707,0,1
174555,3709,72,4
174555,3710,0,2
174555,3710,15,3
174555,37352,15,2
174555,37775,182,4
174555,3795,15,1
174555,3941,15,1
174555,3941,0,29
174555,3941,71,9
174555,3942c,15,1
174555,3943b,15,1
174555,3956,71,1
174555,3956,320,1
174555,3957b,15,2
174555,4032a,72,16
174555,4032a,25,2
174555,4032a,70,4
174555,4070,25,1
174555,4070,15,2
174555,41740,15,3
174555,41769,71,2
174555,41769,0,4
174555,41769,15,2
174555,41770,15,2
174555,41770,0,4
174555,41770,71,2
174555,42445,47,1
174555,4285b,71,1
174555,4286,15,4
174555,4304,15,1
174555,43093,1,3
174555,43898,14,2
174555,43898,71,1
174555,43898,1061,2
174555,44294,14,2
174555,44301b,72,1
174555,44567b,71,1
174555,44661,15,1
174555,4519,14,9
174555,45590,0,1
174555,4735,71,2
174555,4740,14,3
174555,4740,182,3
174555,4740,1,3
174555,4740,15,1
174555,47457,72,1
174555,48336,297,1
174555,4871,15,1
174555,4871,25,1
174555,49153,15,1
174555,50340,0,1
174555,50950,0,1
174555,51739,15,2
174555,54200,484,6
174555,54200,40,6
174555,54200,72,10
174555,54200,15,4
174555,54671,71,1
174555,54869,36,1
174555,57360,15,1
174555,57697,0,1
174555,59443,0,3
174555,60474,25,1
174555,60474,71,10
174555,60474,0,22
174555,60474,15,2
174555,60483,72,1
174555,60485,71,1
174555,60596,15,2
174555,60897,0,1
174555,6091,15,6
174555,61252,1,1
174555,61252,72,2
174555,6126b,182,1
174555,61332,0,4
174555,6187,15,2
174555,6190,15,2
174555,62113,15,1
174555,6222,15,2
174555,62462,15,1
174555,63864,484,2
174555,63868,15,2
174555,64567,71,2
174555,64644,297,1
174555,64799,0,1
174555,64799,1,2
174555,67329,72,4
174555,69729,15,2
174555,71752,0,1
174555,72454,15,1
174555,80497,326,4
174555,80566,272,4
174555,85080,0,4
174555,85080,15,4
174555,85861,0,12
174555,85861,182,2
174555,85941,15,2
174555,85959pat0003,36,4
174555,85984,72,5
174555,85984,484,4
174555,87580,25,3
174555,87580,10,3
174555,87754,15,1
174555,87994,297,1
174555,89159,82,1
174555,89523,15,1
174555,89678,72,8
174555,92438,71,1
174555,92842,0,1
174555,93274,0,1
174555,95347,0,5
174555,96874,25,1
174555,98100,0,6
174555,98138,1000,8
174555,98138,72,2
174555,98138,34,2
174555,98138,36,3
174555,98138,41,2
174555,98138pr0082,15,1
174555,98560,71,11
174555,99008,19,1
174555,99021,72,1
174555,99207,15,2
174555,99780,15,2
174556,10104052,9999,1
174556,11090,15,1
174556,11212,15,1
174556,11212,71,1
174556,11458,19,2
174556,11477,15,10
174556,11477,3,3
174556,11477,158,2
174556,11477,25,4
174556,11477,19,2
174556,11610,10,2
174556,13547,158,4
174556,14417,72,1
174556,14704,71,1
174556,14769,71,1
174556,14769,191,1
174556,15068,19,1
174556,15068,72,2
174556,15068,158,2
174556,15070,14,1
174556,15429,297,2
174556,15535,4,2
174556,15535,2,2
174556,15571,72,4
174556,15573,484,5
174556,15573,1,1
174556,15573,3,11
174556,15573,14,1
174556,15573,15,1
174556,15573,71,1
174556,15573,191,2
174556,15573,19,1
174556,15672,71,2
174556,15672,15,1
174556,15672,70,2
174556,15712,72,1
174556,15712,15,2
174556,15712,14,1
174556,15712,70,2
174556,15712,0,2
174556,1745,71,1
174556,1745,70,2
174556,1745,0,4
174556,1748,71,1
174556,1750,3,2
174556,1871,15,2
174556,1871,25,2
174556,18759,72,2
174556,18980,15,16
174556,21560pr0021,320,1
174556,22385,71,1
174556,22885,14,4
174556,2420,19,2
174556,24201,28,2
174556,24201,0,3
174556,24201,70,2
174556,24246,19,4
174556,24246,72,3
174556,25269,191,8
174556,25269,3,8
174556,25269,2,8
174556,25269,25,7
174556,25269,15,2
174556,25269,484,8
174556,2540,71,1
174556,26047,297,4
174556,26047,0,2
174556,26047,70,2
174556,26047,72,2
174556,2654pr0025,15,2
174556,2654pr0026,15,2
174556,26601,25,3
174556,26601,72,4
174556,26603,70,1
174556,27263,1,2
174556,28192,0,1
174556,29119,1,1
174556,29119,72,1
174556,29120,72,1
174556,29120,1,1
174556,2921,0,1
174556,3003,19,1
174556,3004,25,1
174556,3004,15,1
174556,3005,15,3
174556,30165,70,1
174556,3020,3,2
174556,3020,70,1
174556,3020,71,1
174556,3021,15,2
174556,3021,28,2
174556,3022,3,1
174556,3022,297,1
174556,3022,4,2
174556,3022,19,1
174556,3022,71,4
174556,3023,4,1
174556,3023,0,2
174556,3023,72,5
174556,3023,158,2
174556,3023,19,2
174556,3024,70,6
174556,3024,3,1
174556,3024,14,1
174556,30363,70,2
174556,3065,41,4
174556,3068b,2,2
174556,3068b,484,2
174556,3068b,3,2
174556,3068b,191,4
174556,3069b,2,4
174556,3069b,191,2
174556,3070b,15,3
174556,3070b,71,1
174556,3176,19,1
174556,3245c,19,1
174556,32474,191,1
174556,32607,297,3
174556,32607,14,2
174556,3262,0,1
174556,32802,72,1
174556,32802,19,1
174556,32803,15,4
174556,32828,297,1
174556,32952,70,2
174556,32952,1,2
174556,3386,0,2
174556,35464,19,5
174556,35480,320,1
174556,35480,5,1
174556,35480,14,2
174556,35480,72,2
174556,35480,4,1
174556,3623,158,2
174556,3623,71,1
174556,3623,25,6
174556,3678b,72,1
174556,3678b,19,1
174556,3679,71,1
174556,3680,0,1
174556,36840,15,2
174556,3700,70,1
174556,3700,0,2
174556,3710,72,3
174556,3710,15,1
174556,3710,1,1
174556,37352,70,2
174556,37775,182,3
174556,3941,15,3
174556,3942c,0,1
174556,3942c,297,1
174556,3960pr0057,70,1
174556,4032a,0,2
174556,4032a,3,1
174556,4032a,78,3
174556,4032a,72,3
174556,4070,19,6
174556,4274,71,1
174556,43898,82,3
174556,44728,19,1
174556,4519,14,2
174556,4733,27,1
174556,47905,14,1
174556,4871,72,1
174556,4871,19,2
174556,48729b,0,1
174556,49153,72,1
174556,49307,15,4
174556,49668,4,1
174556,49668,158,2
174556,50340,15,4
174556,51739,1,1
174556,52107,1,1
174556,54200,70,2
174556,54200,25,2
174556,54200,0,1
174556,54200,71,2
174556,57697,0,4
174556,58176,71,1
174556,59900,182,3
174556,6005,15,2
174556,6005,19,2
174556,60474,308,1
174556,60478,70,2
174556,60478,15,3
174556,60593,70,1
174556,60897,71,2
174556,60897,320,2
174556,6091,158,2
174556,6091,72,6
174556,6091,25,4
174556,6091,70,4
174556,6091,19,4
174556,61252,0,2
174556,61332,0,2
174556,6141,297,2
174556,63868,19,2
174556,63965,297,1
174556,64647,4,2
174556,65138,297,1
174556,6541,72,2
174556,6541,2,2
174556,65473pr0001,15,1
174556,65509,191,1
174556,65578,71,2
174556,65700,15,3
174556,66789,14,2
174556,66789,322,2
174556,66789,84,2
174556,66789,10,2
174556,66857pr0034,19,1
174556,66956,15,2
174556,67329,0,2
174556,67329,15,2
174556,68888,72,1
174556,70681,84,4
174556,77850,0,4
174556,78256,19,2
174556,78666,3,1
174556,78666,14,1
174556,79491,0,1
174556,79846,15,4
174556,79987,72,1
174556,85861,72,4
174556,85984,72,2
174556,85984,70,2
174556,85984,15,2
174556,86996,25,2
174556,86996,1,1
174556,87079,484,2
174556,87079pr0309,71,4
174556,87580,2,4
174556,87620,72,2
174556,87994,15,2
174556,88072,15,2
174556,89678,4,2
174556,98138pr9981,15,6
174556,98313,297,2
174556,98375,179,1
174556,99206,25,2
174556,99206,70,1
174556,99207,19,1
174556,99563,297,2
174556,99780,70,2
174556,99781,3,2
174556,99781,19,1
174557,10103558,9999,1
174557,10104306,9999,1
174557,10202pr0017,15,1
174557,11090,0,3
174557,11211,15,7
174557,11211,0,2
174557,11211,70,1
174557,11213,0,1
174557,11458,0,2
174557,11458,320,2
174557,11458,71,4
174557,11477,4,1
174557,11477,27,9
174557,11477,320,4
174557,13547,15,2
174557,13547,71,2
174557,13548,4,2
174557,13965,19,2
174557,14716,0,2
174557,14719,0,4
174557,14769,15,2
174557,15068,27,1
174557,15068,15,1
174557,15068,4,2
174557,15208,297,2
174557,15254,0,4
174557,15456,0,2
174557,15573,191,2
174557,15573,0,2
174557,15672,19,2
174557,15712,0,2
174557,1748,71,2
174557,1751,71,2
174557,18041,0,1
174557,18651,0,1
174557,18674,15,1
174557,18674,70,1
174557,1927,0,2
174557,20482,72,6
174557,20482,297,2
174557,20482,70,4
174557,22385,84,1
174557,22388,0,1
174557,22885,0,4
174557,2357,15,3
174557,2357,71,1
174557,2357,0,4
174557,2412b,320,1
174557,2412b,0,4
174557,2419,72,1
174557,2420,85,4
174557,2420,26,2
174557,2420,72,2
174557,2420,84,2
174557,2420,19,10
174557,2420,0,12
174557,2420,15,1
174557,2420,191,1
174557,24201,70,2
174557,24201,14,4
174557,24201,19,4
174557,24201,484,2
174557,24201,0,2
174557,24246,27,8
174557,24299,2,3
174557,24299,27,1
174557,24307,27,1
174557,24307,2,3
174557,2431,2,4
174557,2431,27,2
174557,2431,15,3
174557,2431,0,2
174557,2431,320,7
174557,2431,70,4
174557,2431,19,2
174557,2431,31,4
174557,24316,70,1
174557,2450,0,2
174557,2454b,19,2
174557,2456,71,1
174557,2456,0,3
174557,24866,5,4
174557,24866,4,1
174557,25269,4,6
174557,25269,323,4
174557,25269,0,11
174557,25269,191,4
174557,25269,320,2
174557,25269,85,24
174557,25269,27,7
174557,25269,80,2
174557,26047,70,2
174557,2654,2,3
174557,26601,0,2
174557,26603,2,2
174557,26603,15,4
174557,26604,191,4
174557,26604,15,2
174557,27925,80,3
174557,27925,15,8
174557,27925,0,4
174557,28192,4,4
174557,2921,0,4
174557,3001,19,3
174557,3001,15,8
174557,3001,0,2
174557,3001,72,1
174557,3002,71,1
174557,3002,19,1
174557,3002,15,2
174557,3002,0,6
174557,3003,15,4
174557,3003,4,1
174557,3004,72,5
174557,3004,0,9
174557,3004,15,8
174557,3004,70,8
174557,3005,70,2
174557,3005,71,10
174557,3007,71,2
174557,3007,0,1
174557,3008,70,14
174557,3008,71,1
174557,3009,70,2
174557,3009,71,3
174557,3009,15,1
174557,3009,19,1
174557,3010,71,2
174557,3010,19,6
174557,3010,70,6
174557,30151b,47,1
174557,3020,19,3
174557,3020,191,1
174557,3020,0,3
174557,3020,4,1
174557,3020,85,2
174557,3020,14,1
174557,3020,26,2
174557,3020,84,1
174557,3020,15,2
174557,3021,19,1
174557,3021,4,2
174557,3021,15,10
174557,3021,0,7
174557,3022,297,1
174557,3022,4,3
174557,3022,191,4
174557,3022,0,3
174557,3022,71,9
174557,3023,70,7
174557,3023,71,8
174557,3023,484,1
174557,3023,15,5
174557,3023,0,30
174557,3023,14,9
174557,3023,2,16
174557,3023,4,2
174557,3023,297,12
174557,3024,0,18
174557,3024,70,10
174557,3024,27,2
174557,3024,4,15
174557,3024,14,6
174557,3024,15,2
174557,3030,19,1
174557,3032,70,1
174557,3033,72,1
174557,3034,85,10
174557,3034,4,3
174557,3034,322,1
174557,3034,26,6
174557,3034,70,1
174557,3034,15,2
174557,3035,322,1
174557,3036,15,2
174557,3036,320,1
174557,3037,19,2
174557,30374,297,1
174557,3039,4,4
174557,3040b,0,2
174557,3040b,4,5
174557,3040b,27,1
174557,30414,15,22
174557,30414,71,4
174557,30414,70,2
174557,30505,70,1
174557,30565,4,2
174557,3068b,14,2
174557,3068b,0,2
174557,3068b,191,1
174557,3068b,15,2
174557,3068b,4,1
174557,3069b,4,2
174557,3069b,85,2
174557,3069b,26,5
174557,3069b,15,3
174557,3069b,323,1
174557,3069b,0,1
174557,3069b,27,1
174557,3069b,72,2
174557,3070b,15,1
174557,3070b,0,2
174557,3070b,4,2
174557,3176,191,2
174557,32064a,19,4
174557,3245c,0,8
174557,3245c,19,1
174557,32531,0,2
174557,32803,15,1
174557,32952,70,10
174557,32952,71,3
174557,3298,19,1
174557,33051,4,1
174557,33078,0,1
174557,33909,1,1
174557,3460,1,2
174557,3460,70,2
174557,3460,72,1
174557,34816,71,3
174557,35480,226,2
174557,35480,15,4
174557,35787,0,8
174557,3622,0,10
174557,3622,70,21
174557,3622,15,3
174557,3622,71,1
174557,3623,0,8
174557,3623,15,4
174557,3623,14,3
174557,3623,72,1
174557,3623,322,2
174557,3623,70,4
174557,3666,85,2
174557,3666,0,4
174557,3666,2,3
174557,3666,70,5
174557,3666,72,2
174557,3673,71,2
174557,36840,1,2
174557,36840,71,2
174557,36840,0,4
174557,36840,70,4
174557,36841,72,4
174557,36841,4,4
174557,3700,70,2
174557,3701,19,4
174557,3710,14,3
174557,3710,1,11
174557,3710,70,11
174557,3710,15,16
174557,3710,484,1
174557,3710,26,2
174557,3710,85,2
174557,3710,19,1
174557,3710,27,1
174557,3713,4,2
174557,3795,70,5
174557,3795,0,5
174557,3795,2,2
174557,3832,15,7
174557,3832,71,2
174557,3832,72,2
174557,3832,4,1
174557,3956,0,3
174557,39739,25,1
174557,4032a,4,2
174557,4032a,70,1
174557,41539,322,1
174557,4162,85,4
174557,4162,71,6
174557,4162,15,5
174557,41682,0,3
174557,42509,15,2
174557,4282,71,1
174557,4282,26,1
174557,4287c,1,2
174557,43722,4,2
174557,43723,4,2
174557,44728,320,2
174557,4477,0,9
174557,4477,15,13
174557,44861,84,2
174557,4697b,0,1
174557,4733,70,1
174557,48336,297,8
174557,48336,2,2
174557,49307,320,2
174557,49307,27,2
174557,49307,322,1
174557,49307,85,1
174557,49307,0,2
174557,49612,27,2
174557,49612,4,2
174557,49668,4,1
174557,50950,191,4
174557,50950,4,5
174557,50950,70,4
174557,50950,27,1
174557,51739,15,1
174557,54200,4,10
174557,54200,2,4
174557,57895,0,1
174557,58176,35,2
174557,59349,47,2
174557,59900,297,1
174557,59900,1,2
174557,60470b,84,1
174557,60474,0,1
174557,60475b,14,15
174557,60479,71,4
174557,60479,70,2
174557,60481,1,2
174557,60592,0,2
174557,60596,0,3
174557,60897,484,2
174557,6091,0,6
174557,6112,70,5
174557,6112,0,2
174557,6117,72,4
174557,61184,71,2
174557,61252,297,16
174557,61332,0,4
174557,6141,47,1
174557,6177bpr0010,15,1
174557,6179,19,1
174557,63082,0,2
174557,63864,15,5
174557,63864,0,4
174557,63864,70,4
174557,64799,15,1
174557,65249,15,2
174557,65474pr0013,323,1
174557,6636,27,4
174557,6636,26,6
174557,6636,15,2
174557,6636,70,2
174557,6636,0,13
174557,67329,484,1
174557,68211,10,1
174557,69729,19,2
174557,69729,15,10
174557,69729,320,2
174557,69729,191,1
174557,69729,0,5
174557,69729pr0025,15,2
174557,72132,0,7
174557,72132,15,2
174557,73767,0,1
174557,73825,70,2
174557,74611,70,1
174557,74698,0,1
174557,76797,4,6
174557,77808,72,8
174557,78329,72,3
174557,78522,70,3
174557,79194,0,1
174557,79389,0,8
174557,79389,19,2
174557,79389,72,2
174557,79389,4,4
174557,79393,0,2
174557,79491,4,4
174557,79756,0,1
174557,83496,15,1
174557,85861,19,2
174557,85861,297,5
174557,85984,191,2
174557,85984,19,3
174557,85984,2,8
174557,85984,15,2
174557,85984,4,2
174557,86876,84,17
174557,86996,0,2
174557,87079,26,25
174557,87079,85,26
174557,87079,15,3
174557,87079,19,5
174557,87079,323,2
174557,87079pr0309,71,2
174557,87087,19,3
174557,87087,15,2
174557,87087,4,4
174557,87087,0,8
174557,87580,297,3
174557,87580,4,2
174557,87620,15,4
174557,87994,297,1
174557,88292,71,4
174557,88646,71,1
174557,88646,0,5
174557,90194,0,3
174557,92950,70,3
174557,92950,15,4
174557,93273,2,1
174557,93273,191,1
174557,93274,0,2
174557,93274,15,1
174557,96874,3,1
174557,98138,70,3
174557,98138,320,1
174557,98280,2,2
174557,98383,1103,1
174557,99206,4,4
174557,99206,15,1
174557,99206,320,6
174557,99207,0,8
174557,99207,72,2
174557,99563,297,14
174557,99780,15,2
174557,99780,70,4
174557,99780,0,4
174557,99781,28,4
174557,99781,4,4
174557,99781,1,3
174585,101659pr0001,15,1
174585,970c28pat03,1,1
174585,973c03h03pr6467,0,1
174586,102524pr0001,15,1
174586,28621pr3995,15,1
174586,970c27pr2464,15,1
174586,973c27h27pr6551,15,1
174588,3626cpr3988,0,1
174588,37364c28,1,1
174588,74528,4,1
174588,973c22h23pr6546,4,1
174589,3321,0,1
174589,3626cpr3983,84,1
174589,970c26pat23pr2468,19,1
174589,973c23h23pr6554,19,1
174590,101700pr0001,484,1
174590,18277pr0006,484,1
174590,87693,4,1
174590,970c18pat41pr2438,27,1
174590,973g18c41h41pr6469,27,1
174591,24783pr0002,73,1
174591,38877c00pr6560,4,1
174591,41879apr0022,4,1
174593,102195c27pr0001,15,1
174593,28621pr3953,15,1
174593,970c27pr2443,15,1
174594,102286pat0001,14,1
174594,102525pr0001,78,1
174594,37364c22pr2458,4,1
174594,973g44c02h27pr6544,226,1
174597,102175pr0001,78,1
174597,970c22pat03pr2450,4,1
174597,973c22h27pr6527,4,1
174598,33322,158,1
174598,3598,0,1
174598,36036pr0059,158,1
174598,3626cpr3961,1088,1
174598,973g69c44h44pr6507,158,1
174599,101777pr0001,0,1
174599,3626cpr3945,1088,1
174599,970c07pr2439,308,1
174599,973c07h69pr6475,308,1
174600,33322,297,1
174600,3361,14,1
174600,36036pr0056,5,1
174600,3626cpr3950,78,1
174600,973c43h02pr6480,5,1
174601,28321,0,1
174601,3626cpr3949,78,1
174601,970c05pat27pr2440,272,1
174601,973c42h02pr6739,272,1
174604,18853,191,1
174604,35182,320,1
174604,65213pr0003,84,1
174604,92198pr0396,84,1
174606,61183,308,1
174606,65224pr0019,78,1
174606,92198pr0397,78,1
174607,102722pr0001,31,1
174607,28551,15,1
174607,92198pr0410,31,1
174608,30370pr0023,297,1
174608,3626cpr4059,84,1
174608,970c38pr2512,191,1
174608,973c38h03pr6715,1103,1
174609,3626cpr4059,84,1
174609,3672pr0001,0,1
174609,970c07pr2501,308,1
174609,973c07h07pr6678,308,1
174610,3626cpr3802,1089,1
174610,64802,1103,1
174610,87610pr0417,179,1
174610,970c07pr2039,308,1
174610,973c07h03pr5496,308,1
174612,21778,0,1
174612,3626cpr3346,84,1
174612,64802,1103,1
174612,970c05pr2521,272,1
174612,973c05h28pr6749,272,1
174613,3626cpr3531,92,1
174613,87556pr0399,0,1
174613,970c03pr2418,0,1
174613,973c03h03pr6386,0,1
174614,30361cpr1023,0,1
174614,30362,0,2
174614,3262pr1029,0,1
174616,3626cpr1670,78,1
174616,3884,28,1
174616,970c03,0,1
174616,973f017pr6602,0,1
174618,19888,0,1
174618,3626cpr4020,19,1
174618,59276,0,1
174618,970c03pr2480,0,1
174618,973c03h26pr6604,0,1
174619,3626cpr2764,78,1
174619,64803pr0002,28,1
174619,970c20pr2489,326,1
174619,973c20h02pr6638,326,1
174621,3626cpr1709,78,1
174621,48156pr0001,15,1
174621,970c27pr1682,15,1
174621,973c03h03pr4649,15,1
174623,3626cpr1670,78,1
174623,64803pr0002,28,1
174623,970c11pr2486,28,1
174623,973f034pr6624,28,1
174624,30370pr0011,15,1
174624,3626cpr2782,78,1
174624,970c34pat03pr2491,71,1
174624,973c34h03pr5435,25,1
174628,102295pr0001,15,1
174628,10314,5,2
174628,103917a,47,1
174628,103917b,47,1
174628,11211,71,1
174628,11253,4,1
174628,11253,1,1
174628,1126,15,4
174628,11640,5,1
174628,13770,297,2
174628,13808,297,1
174628,14719,15,12
174628,15068,71,2
174628,15209,15,1
174628,15395,15,1
174628,15395,27,1
174628,15395,4,1
174628,15470,29,1
174628,15535,72,2
174628,15571,15,2
174628,18855,323,1
174628,18920,179,1
174628,18970,15,1
174628,20482,158,1
174628,20482,321,1
174628,22667,26,1
174628,22885,29,2
174628,22886,15,1
174628,22886pr0009,15,1
174628,23769,0,1
174628,24093,70,1
174628,2431,5,1
174628,2432,25,1
174628,24324,70,1
174628,2454b,226,1
174628,2454b,29,4
174628,2454b,15,1
174628,2454b,323,13
174628,2456,19,3
174628,2456,15,1
174628,24866,1050,3
174628,24866,27,1
174628,2629,323,6
174628,26599,71,1
174628,27976,14,1
174628,2821pr0008,191,2
174628,3001,1050,1
174628,3001,3,1
174628,3001,29,1
174628,3001,15,4
174628,3002,29,6
174628,3002,14,1
174628,3002,4,1
174628,3002,25,1
174628,3003,5,1
174628,3004,29,5
174628,3004,158,2
174628,3004,272,6
174628,3004,212,2
174628,3004,323,1
174628,3004,30,1
174628,3004,226,1
174628,3004,5,2
174628,3005,29,2
174628,3005,15,12
174628,3008,15,12
174628,3009,26,1
174628,3010,3,1
174628,3010,29,7
174628,3010,323,2
174628,3010,212,1
174628,30145,71,2
174628,3021,2,1
174628,3022,15,1
174628,3022,26,1
174628,3023,29,4
174628,3023,85,1
174628,3023,3,4
174628,3033,31,1
174628,30357,2,1
174628,30367c,1054,1
174628,3068b,322,2
174628,3068b,29,1
174628,3068bpr0689,15,1
174628,3069b,71,1
174628,3069b,5,2
174628,3069b,15,12
174628,3069b,85,1
174628,3069b,3,1
174628,3069bpr0278,15,2
174628,3069bpr0388,15,1
174628,3245c,15,1
174628,32607,27,2
174628,3262,27,1
174628,3262,4,1
174628,33085,14,1
174628,3417,15,4
174628,34172,15,1
174628,35470,15,1
174628,3622,15,48
174628,3622pr0073,3,1
174628,3666,5,1
174628,3673,14,4
174628,3700,19,14
174628,3710,29,2
174628,3710,15,24
174628,37352,25,1
174628,37352,4,1
174628,37352,14,1
174628,37352,15,4
174628,37352pr0026,29,1
174628,37452,29,2
174628,3795,15,5
174628,3852b,191,1
174628,3863pr0001,29,1
174628,3899,5,1
174628,3941,3,2
174628,3957b,15,2
174628,41740,19,30
174628,42022,29,2
174628,42205,15,12
174628,42509,226,1
174628,42509,272,1
174628,42509,212,2
174628,42509,30,1
174628,42509,15,1
174628,42509,158,1
174628,42509pr0003,272,1
174628,42509pr0004,158,1
174628,42509pr0005,15,1
174628,42509pr0006,226,1
174628,42509pr0007,30,1
174628,4345b,15,1
174628,4346,15,1
174628,4533,41,2
174628,4536,5,3
174628,4865b,41,1
174628,4865b,19,1
174628,49153,71,2
174628,54200,3,4
174628,57895,30,4
174628,59349,323,11
174628,59349pr0023,29,1
174628,59349pr0024,29,1
174628,59349pr0025,29,1
174628,59900,1,1
174628,59900,46,3
174628,59900,1061,2
174628,59900,33,2
174628,59900,35,1
174628,6232,15,1
174628,65092,1055,1
174628,65734,29,2
174628,65886pr0007,15,1
174628,67810,30,2
174628,69729,71,1
174628,79743,323,1
174628,85080,15,2
174628,86876,15,4
174628,86876,71,2
174628,87079,85,1
174628,87079,5,2
174628,87081,15,1
174628,87081,226,1
174628,87580,3,2
174628,87580,297,2
174628,87580,15,2
174628,90370,26,1
174628,91176,322,3
174628,92410,3,2
174628,92410,15,3
174628,92438,26,2
174628,92947,70,6
174628,92950,15,1
174628,93095,30,2
174628,93551pr0001,84,1
174628,93552pat0002,70,1
174628,96874,25,1
174628,98138,72,2
174628,98138,29,4
174629,102295pr0001,15,1
174629,11609,297,2
174629,14769pr1279,29,1
174629,15068,322,1
174629,15470,29,2
174629,15535pr0007,19,2
174629,15573,29,2
174629,18674,5,2
174629,22667,27,1
174629,2412b,71,3
174629,2432,15,1
174629,2456,19,1
174629,27925,323,4
174629,3010,29,1
174629,3040b,15,2
174629,33085,14,1
174629,33172,25,1
174629,3898,15,1
174629,3941,226,1
174629,3958,322,1
174629,44358,71,1
174629,44728,15,1
174629,49153,4,1
174629,53119,15,2
174629,54200,29,2
174629,60470b,15,1
174629,6141,4,1
174629,6182,15,1
174629,62113,84,1
174629,6254,85,2
174629,65700,5,1
174629,72024,226,1
174629,72869,179,1
174629,74611,323,1
174629,79743,323,2
174629,79808,71,1
174629,87081,226,1
174629,87580,71,1
174633,10103445,9999,1
174633,10202,15,1
174633,11203,0,1
174633,11211,14,2
174633,11215,1,2
174633,1126,71,1
174633,11477,5,2
174633,11477,71,2
174633,11477,14,2
174633,13731,15,2
174633,14719,0,2
174633,14769pr1172,15,1
174633,15068,0,4
174633,15068,14,3
174633,15068,15,3
174633,15712,15,2
174633,1750,14,1
174633,18853,191,1
174633,18977,0,4
174633,18980,19,1
174633,1927,0,2
174633,20482,272,1
174633,20482,47,1
174633,2357,19,1
174633,24093,27,1
174633,2412b,71,2
174633,2412b,14,2
174633,2420,14,1
174633,2420,71,2
174633,24201,0,2
174633,2423,27,2
174633,24309,14,2
174633,2431,14,2
174633,2431,3,2
174633,2432,25,5
174633,24324,27,1
174633,25269,25,2
174633,2540,71,1
174633,2540,0,1
174633,26047,0,2
174633,26603,4,3
174633,26603,272,2
174633,26603,2,3
174633,27150,29,1
174633,2819,0,1
174633,30000,72,4
174633,3001,19,1
174633,3004,5,1
174633,3004,14,2
174633,3005,3,11
174633,3005,182,2
174633,3005,0,2
174633,3005,46,1
174633,3009,14,1
174633,3009,3,1
174633,3009,5,2
174633,3010,3,1
174633,3020,0,4
174633,3021,3,2
174633,3021,14,2
174633,3021,15,4
174633,3022,3,1
174633,3022,272,1
174633,3023,0,1
174633,3023,3,5
174633,3023,71,1
174633,3023,5,1
174633,3023,182,3
174633,3023,14,9
174633,3024,3,6
174633,3024,5,1
174633,3024,14,6
174633,3024,15,4
174633,3028,15,1
174633,3032,14,4
174633,3032,71,1
174633,3034,3,1
174633,3034,14,1
174633,3034,15,1
174633,30414,14,6
174633,3062b,71,8
174633,3062b,19,1
174633,3065,41,4
174633,3065,33,1
174633,3065,34,1
174633,3065,35,1
174633,3065,45,1
174633,3065,46,1
174633,3068b,25,4
174633,3068b,14,5
174633,3069b,71,1
174633,3069b,14,2
174633,3069b,41,2
174633,3069b,5,3
174633,3069b,3,1
174633,3069bpr0148,15,1
174633,3069bpr0369,5,1
174633,3069bpr0371,15,1
174633,3070b,14,2
174633,3176,0,1
174633,32028,14,2
174633,32324,0,2
174633,3245c,14,3
174633,32530,14,2
174633,32606,5,4
174633,32952,3,6
174633,33909,272,3
174633,3400,25,1
174633,34103,3,8
174633,34337,1050,4
174633,3460,14,1
174633,3460,3,6
174633,3460,15,1
174633,3484,0,1
174633,35480,14,2
174633,3623,14,2
174633,3628,71,1
174633,3666,15,5
174633,3666,19,1
174633,3666,14,6
174633,3673,14,4
174633,36840,14,1
174633,36840,0,1
174633,3701,0,1
174633,3701,4,1
174633,3702,14,1
174633,3710,3,4
174633,37695,10,1
174633,3795,3,1
174633,3832,19,1
174633,3937,15,2
174633,4081b,0,4
174633,42022,41,2
174633,42205,3,3
174633,42924,1,3
174633,44568,71,1
174633,44728,71,2
174633,46413,41,2
174633,4733,5,2
174633,4865b,15,1
174633,50950,15,4
174633,54200,3,2
174633,59349,41,2
174633,59895,0,4
174633,59900,158,1
174633,6005,5,1
174633,60475b,14,2
174633,60478,15,2
174633,60479,14,1
174633,60581,41,4
174633,60849,0,2
174633,60897,0,1
174633,6091,14,6
174633,6134,0,2
174633,6141,41,2
174633,6141,29,1
174633,6231,14,2
174633,63864,15,2
174633,63864,0,5
174633,65509,14,1
174633,65578,272,1
174633,65617,14,8
174633,66252,15,1
174633,6636,322,2
174633,6636,5,1
174633,6636,3,3
174633,66727,0,4
174633,66857,3,1
174633,67687,71,2
174633,69729,5,2
174633,73562,71,8
174633,73825,3,3
174633,80683,41,2
174633,85861,71,3
174633,85984,3,2
174633,86996,71,2
174633,86996,1,2
174633,87079,19,1
174633,87087,71,4
174633,87087,0,7
174633,87087,14,2
174633,87544,41,1
174633,87580,14,1
174633,88704,0,1
174633,91988,71,1
174633,93092,5,1
174633,93095,0,4
174633,96874,3,1
174633,98138,71,2
174633,98138,41,4
174633,98138,36,4
174633,98138,5,11
174633,98138,3,2
174633,98138pr0275,15,1
174633,98397,71,1
174633,99206,71,2
174633,99207,14,2
174633,99780,0,1
174634,101662,1062,1
174634,102220pr0001,27,1
174634,102748pr0002,15,1
174634,10888,322,1
174634,11197,14,1
174634,12602,15,1
174634,13358,0,1
174634,14721,15,1
174634,18825pr0071,226,1
174634,2302,322,4
174634,2319c01,4,1
174634,25549,321,1
174634,27382pr0008,15,1
174634,27382pr0009,323,1
174634,29303,4,1
174634,29304,27,1
174634,3011,14,1
174634,3011,323,1
174634,31042,323,1
174634,3437,1050,4
174634,3437,158,2
174634,3437,31,2
174634,3437,323,2
174634,3437,322,3
174634,3437,226,4
174634,3437pr0027,322,1
174634,3437pr0129,1050,1
174634,3437pr0130,14,1
174634,3437pr0134,322,1
174634,35086,322,1
174634,3519,15,2
174634,3574,4,1
174634,40666,322,1
174634,4196,226,1
174634,42234,15,2
174634,44524,15,1
174634,44524,27,1
174634,44524,322,1
174634,4672,27,1
174634,51269,71,1
174634,58057pr9999,19,1
174634,61649,226,1
174634,61649,322,1
174634,6510,10,1
174634,69711pr0001,1050,1
174634,72134,14,1
174634,76371,31,2
174634,76371pr0218,15,1
174634,79790,15,2
174634,84195,1050,1
174634,87084,322,1
174634,98224,321,1
174634,98252,323,5
174635,102708pr0075,321,1
174635,103895c01,323,1
174635,104504,27,1
174635,29303,4,1
174635,31059,27,1
174635,3437,31,1
174635,3437,158,1
174635,3437,1050,1
174635,3437pr0027,322,1
174635,3437pr0129,1050,1
174635,3437pr0130,14,1
174635,35110c01,3,1
174635,61649,226,1
174635,65245pr0076,321,1
174635,72134pr0002,1050,1
174635,79783,158,1
174635,79784,1,1
174635,82562,14,1
174635,90265,322,1
174636,103747,0,1
174636,11203,0,1
174636,13547,0,4
174636,14704,71,3
174636,14769pr1270,297,1
174636,15068,0,1
174636,15456,0,3
174636,1686,0,2
174636,18674,0,2
174636,1871,0,2
174636,1927,0,4
174636,22885,19,4
174636,2357,0,2
174636,23969,0,2
174636,2420,19,2
174636,24201,0,2
174636,24246,0,2
174636,25269,0,4
174636,2654,0,6
174636,26601,0,10
174636,28802,0,2
174636,29119,0,5
174636,29120,0,5
174636,3003,1050,1
174636,3004,0,2
174636,3020,0,2
174636,3021,0,2
174636,3022,72,4
174636,3023,72,11
174636,3023,14,2
174636,3031,72,1
174636,30602,0,2
174636,3068b,0,2
174636,3171,0,8
174636,32062,0,4
174636,32803,0,16
174636,32828,71,2
174636,3524pr0003,0,1
174636,3700,71,2
174636,3710,4,1
174636,3795,0,2
174636,3839b,297,2
174636,3941,78,1
174636,4032a,71,1
174636,4070,72,4
174636,4081b,0,2
174636,44861,0,4
174636,4519,14,1
174636,47455,0,2
174636,47456,0,2
174636,47458,0,5
174636,48171,0,2
174636,48336,0,4
174636,4871,0,2
174636,49097,0,1
174636,51739,0,1
174636,53451,0,2
174636,53585,0,4
174636,54200,72,2
174636,57909b,72,3
174636,60478,72,2
174636,60897,72,2
174636,6091,0,2
174636,6091,28,2
174636,61332,0,2
174636,6141,72,2
174636,64727,0,2
174636,6564,0,1
174636,6565,0,1
174636,66857,0,4
174636,66857pr0035,0,1
174636,66956,0,6
174636,67696,15,1
174636,67696,0,6
174636,70681,0,2
174636,73825,72,2
174636,77850,0,2
174636,78256,0,2
174636,78329,0,2
174636,79389,71,2
174636,79491,72,4
174636,80431,72,2
174636,85861,0,6
174636,85943,72,4
174636,85984,0,3
174636,87747,0,4
174636,93273,0,5
174636,93604,0,2
174636,93606,0,2
174636,99207,72,3
174636,99563,297,2
174636,99563,0,4
174636,99780,28,4
174636,99780,0,2
174636,99781,72,2
174638,11153,70,4
174638,11211,0,2
174638,13547,70,4
174638,14704,71,3
174638,15068pr0078,272,1
174638,15068pr0079,272,1
174638,15456,0,3
174638,15573,15,2
174638,1686,272,2
174638,1927,272,4
174638,22385,272,2
174638,22385,70,4
174638,2357,272,2
174638,23969,70,2
174638,2420,70,4
174638,24201,70,2
174638,24201,272,20
174638,25269,72,4
174638,2654,272,3
174638,2654,15,2
174638,2654,70,6
174638,26601,0,2
174638,28192,272,2
174638,28802,72,2
174638,29119,4,1
174638,29119,272,11
174638,29119,70,2
174638,29120,70,2
174638,29120,272,11
174638,29120,4,1
174638,3004,308,2
174638,3020,0,3
174638,3021,72,2
174638,3022,272,7
174638,3022,0,1
174638,3023,70,4
174638,3023,272,10
174638,3023,4,2
174638,3068b,272,2
174638,3069b,4,2
174638,3171,78,8
174638,32001,71,1
174638,32062,4,4
174638,32064a,72,4
174638,32952,19,4
174638,33909,70,5
174638,3524pr0001,272,1
174638,35480,70,2
174638,3700,4,2
174638,3700,71,4
174638,3710,14,1
174638,3795,272,2
174638,3941,4,1
174638,4032a,71,1
174638,4032a,1,1
174638,4070,72,4
174638,4286,70,2
174638,43722,70,2
174638,43723,70,2
174638,44861,0,4
174638,4519,14,1
174638,47455,0,2
174638,47456,15,2
174638,48171,0,2
174638,48336,70,2
174638,48336,72,2
174638,4871,70,1
174638,4871,4,1
174638,49153,72,1
174638,49668,0,2
174638,51739,272,1
174638,53585,0,6
174638,54200,272,6
174638,54200,70,4
174638,57909b,72,1
174638,60478,70,2
174638,60897,0,4
174638,6091,70,4
174638,61332,0,4
174638,64799,72,1
174638,65249,15,1
174638,67095pr0028,272,1
174638,67696,15,3
174638,67696,308,2
174638,67696,4,2
174638,73825,72,2
174638,73825,0,2
174638,79491,72,4
174638,80431,72,2
174638,85943,72,2
174638,85943,4,2
174638,85984,4,2
174638,87083,72,2
174638,87087,70,2
174638,90258,72,1
174638,93273,272,5
174638,98606pr0035,71,1
174638,99207,272,1
174638,99207,72,2
174638,99563,70,9
174638,99563,4,1
174638,99563,15,2
174638,99563,179,1
174638,99780,70,6
174638,99781,28,2
174639,11203,14,1
174639,11477,1,6
174639,11477,78,4
174639,13547,0,4
174639,14418,71,2
174639,14704,71,1
174639,15068,0,2
174639,15068pr0077,191,2
174639,15070,0,2
174639,15456,0,1
174639,15571,1,4
174639,15672,191,2
174639,1686,1,2
174639,1927,78,4
174639,22890,72,2
174639,2420,0,4
174639,2420,4,2
174639,24201,191,2
174639,24201,1,2
174639,25269,191,4
174639,25269,1,2
174639,25269,78,4
174639,26047,272,2
174639,2654,14,2
174639,2654,1,2
174639,2654,78,2
174639,26601,0,2
174639,26601,1,8
174639,26601,14,2
174639,27263,1,2
174639,28192,14,2
174639,28192,0,6
174639,28802,14,2
174639,29119,191,3
174639,29119,0,3
174639,29119,1,1
174639,29120,0,3
174639,29120,191,3
174639,29120,1,1
174639,3003,78,2
174639,3005,1,4
174639,3020,14,5
174639,3021,1,2
174639,3022,4,3
174639,3022,191,1
174639,3023,14,6
174639,3023,78,4
174639,3024,78,4
174639,3024,1,4
174639,3031,191,1
174639,3049d,0,4
174639,3068b,191,2
174639,3069b,0,2
174639,3069bpr0381,4,1
174639,3171,1,10
174639,32000,19,2
174639,32062,4,4
174639,32064a,14,2
174639,32803,1,1
174639,32803,14,7
174639,32803,0,4
174639,32952,72,2
174639,33909,14,2
174639,3524pr0002,191,1
174639,35480,1,4
174639,3666,0,1
174639,3666,14,1
174639,36840,4,2
174639,36841,72,2
174639,3700,19,6
174639,3710,191,1
174639,37352,0,2
174639,3937,0,2
174639,4032a,78,3
174639,4070,14,4
174639,4081b,71,6
174639,42924,1,2
174639,44728,1,4
174639,44728,191,2
174639,4519,14,1
174639,47455,0,2
174639,48171,0,2
174639,48336,0,2
174639,4871,14,1
174639,4871,4,1
174639,51739,14,1
174639,53585,0,6
174639,54200,78,2
174639,54200,0,2
174639,57909b,72,1
174639,60470b,191,2
174639,60897,0,4
174639,6091,4,2
174639,6091,1,2
174639,61332,0,2
174639,6134,0,2
174639,6141,72,2
174639,6564,0,1
174639,6565,0,1
174639,66956,191,8
174639,67696,15,1
174639,67696,78,2
174639,67696,1,2
174639,67696,72,2
174639,73230,71,4
174639,77850,0,2
174639,79389,0,4
174639,79491,14,6
174639,80431,72,2
174639,85943,72,4
174639,85984,1,1
174639,87083,72,2
174639,87994,1,2
174639,93273,1,1
174639,93273,191,5
174639,93604,191,1
174639,93606,0,2
174639,98137,179,6
174639,99563,4,2
174639,99780,14,2
174640,12602,322,1
174640,20302,321,1
174640,24911c03,15,1
174640,3011,323,1
174640,3437,158,1
174640,35516c01pr0043,322,1
174640,3697pr0001,226,1
174640,38909pr0019,3,1
174640,6474,71,1
174640,6510,27,1
174640,65109,84,1
174640,65245pr0077,15,1
174640,73564pr0003,14,1
174640,76371pr0228,226,1
174640,84195,1050,1
174640,98233,27,1
174641,1126pr0005,71,1
174641,11476,0,1
174641,11477,272,4
174641,11477,0,4
174641,15573,272,1
174641,15573,0,1
174641,18977,0,4
174641,22889,0,1
174641,22889,272,1
174641,23186,84,1
174641,28192,0,2
174641,28192,272,2
174641,3020,72,3
174641,3021,272,1
174641,3021,0,1
174641,30374,41,2
174641,32828,72,4
174641,35480,4,3
174641,36840,71,4
174641,3710,70,2
174641,3839b,72,1
174641,3937,0,1
174641,47458,0,1
174641,47755,272,1
174641,47755,0,1
174641,48336,70,2
174641,54200,272,2
174641,54200,0,2
174641,55981,4,2
174641,55981,71,2
174641,60470b,72,4
174641,6134,71,1
174641,6141,179,12
174641,6141,182,8
174641,6141,47,2
174641,69754,1103,4
174641,69755,72,4
174641,75902pr0019,72,1
174641,77598,72,4
174641,77765,71,4
174641,85984,0,1
174641,85984,272,1
174641,95199,72,1
174641,99563,70,2
174641,99563,1103,2
174641,99780,72,4
174641,99781,0,9
174693,101840pr0001,0,1
174693,103827,15,1
174693,24068pr0003,4,1
174693,3626cpr3960,78,1
174693,973e014pr6506,4,1
174694,102192pr0002,15,1
174694,3331pr0001,191,1
174694,970c22pat38pr2448,4,1
174694,973c22h38pr6511,4,1
174695,101835pr0001,0,1
174695,102192pr0001,226,1
174695,3626cpr3984,78,1
174695,970c44pat02pr2469,226,1
174695,973c44h22pr6541,226,1
174700,3008apr0002,15,1
174700,3008apr0011,15,1
174700,3008apr0014,15,1
174700,3008apr0016,15,1
174700,3008apr0041,15,1
174700,3009apr0010,15,1
174700,3009apr0014,15,1
174700,3009apr0016,15,1
174700,3009apr0025,15,1
174700,3009apr0073,15,1
174700,3009apr0079,15,1
174700,3009apr0114,15,1
174700,upn0180,2,1
174700,upn0390,2,1
174700,upn0398,2,1
174700,upn0403,2,1
174700,upn0407,2,1
174700,upn0407a,2,1
174700,upn0408,2,1
174703,11153,322,4
174703,11211,322,1
174703,11214,4,4
174703,11477,1050,2
174703,13971,71,2
174703,14417,72,2
174703,14418,71,4
174703,14704,71,4
174703,14769,1050,2
174703,14769pr1266,191,1
174703,15068,322,3
174703,15068,191,2
174703,1994,322,2
174703,1995pat0001,46,2
174703,1996pat0001,297,1
174703,22961,71,2
174703,23945pat0003,47,1
174703,24086,84,1
174703,2420,30,2
174703,24201,191,3
174703,24201,1050,7
174703,24246,322,2
174703,24246,191,4
174703,24482,0,1
174703,25214,322,2
174703,25269,1050,4
174703,2736,71,5
174703,2817,71,4
174703,298c02,0,2
174703,3004,321,2
174703,3020,322,1
174703,3021,14,2
174703,3022,322,6
174703,3022,14,1
174703,3023,1050,4
174703,3023,322,12
174703,3023,30,4
174703,3024,321,6
174703,3024,1050,7
174703,3024,191,1
174703,3024,30,8
174703,3069b,191,3
174703,3069b,322,2
174703,3069bpr0378,322,1
174703,3070b,322,6
174703,34103,14,1
174703,3622,322,2
174703,3623,322,2
174703,3673,14,8
174703,36841,73,4
174703,3700,322,2
174703,3709,1,1
174703,3710,322,2
174703,4032a,322,1
174703,4070,71,4
174703,41740,321,1
174703,42610,0,8
174703,44728,1,2
174703,47455,72,2
174703,49307,30,2
174703,49307,1050,22
174703,50745,321,1
174703,52107,71,1
174703,52107,14,1
174703,54200,322,4
174703,57909b,72,1
174703,65473,322,2
174703,66965pr0011,322,1
174703,67696,72,1
174703,73825,322,8
174703,79389,71,2
174703,80431,72,2
174703,85984,14,2
174703,87087,1050,1
174703,87087,321,2
174703,87087,14,1
174703,87580,191,4
174703,88072,14,2
174703,89678,72,2
174703,93604pr0013,322,1
174703,98138pr0365,15,1
174703,99781,14,4
174704,10102947,9999,1
174704,10247,15,2
174704,11090,0,4
174704,11214,72,5
174704,11476,15,2
174704,11477,0,2
174704,13971,71,1
174704,14704,71,1
174704,14769,15,1
174704,15068,15,1
174704,18646,15,2
174704,18674,15,2
174704,1994,15,4
174704,1995pat0002,35,1
174704,23945pat0003,47,1
174704,24122,0,1
174704,24309,15,2
174704,24316,70,2
174704,2540,0,1
174704,26047,0,4
174704,26047,71,2
174704,2654,15,2
174704,26601,72,2
174704,2736,71,1
174704,27940,72,1
174704,2921,71,2
174704,3004,4,1
174704,3005,19,2
174704,30136,15,2
174704,30151bpr0001,35,1
174704,3020,71,2
174704,3021,71,2
174704,3022,0,4
174704,3022,15,3
174704,3022,71,2
174704,3023,71,2
174704,3023,15,3
174704,30367c,35,2
174704,30374,191,1
174704,30374,35,1
174704,30602,0,2
174704,3068b,4,1
174704,32015,0,1
174704,32034,0,1
174704,32062,4,1
174704,32064a,71,2
174704,32123b,15,4
174704,32803,15,4
174704,32803,71,1
174704,32828,71,2
174704,33909,4,1
174704,33909,0,1
174704,3484,0,1
174704,35480,71,3
174704,35480,15,2
174704,3700,2,2
174704,3705,4,1
174704,3710,71,1
174704,3713,0,2
174704,3747b,15,2
174704,3795,70,1
174704,3941,35,4
174704,4032a,0,2
174704,4032a,15,2
174704,4032a,10,1
174704,4070,72,2
174704,41682,72,1
174704,4274,71,1
174704,43093,1,3
174704,44728,15,3
174704,4697b,0,1
174704,47455,0,4
174704,47456,15,1
174704,47458,0,1
174704,48336,71,2
174704,50340,0,1
174704,50949,15,1
174704,53451,158,6
174704,53451,0,1
174704,53585,0,2
174704,53923,71,1
174704,59900,19,1
174704,59900,0,2
174704,61332,0,1
174704,6141,35,2
174704,64567,191,1
174704,65473,35,4
174704,65509,72,1
174704,6553,72,2
174704,67696,15,2
174704,69754,71,2
174704,69755,72,2
174704,73109,71,2
174704,73825,0,2
174704,79389,71,2
174704,79897,15,4
174704,80326,15,1
174704,80431,72,4
174704,85984,15,1
174704,89522,179,1
174704,89678,72,1
174704,93273,15,1
174704,98138,71,4
174704,98138,29,1
174704,98138,35,12
174704,98138pr0364,14,2
174704,98138pr0365,15,1
174704,98282,15,1
174704,98313,15,6
174704,98313,0,3
174704,99563,15,2
174704,99563,0,2
174704,99780,0,1
174705,11089,26,4
174705,11214,4,4
174705,11215,0,2
174705,11476,71,2
174705,11477,72,8
174705,11477,15,4
174705,15068,0,3
174705,15082,45,2
174705,15573,15,2
174705,15712,0,3
174705,1686,1103,2
174705,18674,0,1
174705,18980,0,4
174705,1994,0,4
174705,1997,15,2
174705,21560pr0020,15,1
174705,22889,15,1
174705,23443,71,10
174705,23444,0,1
174705,23945pat0003,47,1
174705,24122,0,2
174705,24201,72,2
174705,24316,70,3
174705,2445,0,1
174705,25269,72,6
174705,27261,0,3
174705,27262,35,2
174705,28802,15,2
174705,3003,0,2
174705,3004,26,4
174705,30151bpr0001,35,1
174705,3020,71,1
174705,3021,72,1
174705,3022,27,1
174705,3022,0,12
174705,3023,26,6
174705,3023,0,3
174705,3034,71,1
174705,30374,191,1
174705,3065,35,1
174705,3070bpr0147,71,1
174705,32064a,72,2
174705,32828,71,2
174705,3484,72,4
174705,35480,72,4
174705,3666,0,3
174705,36841,71,2
174705,3795,0,4
174705,3795,15,1
174705,3937,15,1
174705,3941,14,1
174705,4274,71,1
174705,43093,1,2
174705,4590,72,2
174705,4733,72,1
174705,47455,0,4
174705,47456,1103,2
174705,47755,15,1
174705,48336,0,1
174705,53451,158,6
174705,53585,0,2
174705,54200,26,4
174705,59900,19,1
174705,60470b,72,1
174705,60621,1103,1
174705,60897,72,4
174705,61252,15,2
174705,6134,71,1
174705,63868,72,2
174705,63868,27,4
174705,64567,191,1
174705,64847,26,4
174705,65473,0,4
174705,67696,0,3
174705,67697,0,1
174705,69754,71,2
174705,69755,72,2
174705,73109,71,2
174705,73562,72,3
174705,73825,0,2
174705,78256,15,4
174705,80431,72,4
174705,85861,71,6
174705,85984,0,2
174705,85984pr0013,72,1
174705,87079,0,1
174705,87087,0,4
174705,87747,158,10
174705,89522,179,1
174705,92692,0,2
174705,98138,35,6
174705,98138,29,1
174705,98138,0,2
174705,98138pr0364,14,1
174705,98138pr0365,15,1
174705,98313,1103,6
174705,99207,72,4
174705,99781,71,2
174706,10102949,9999,1
174706,11211,15,1
174706,11458,71,6
174706,11477,15,2
174706,13564,4,1
174706,13971,71,4
174706,14704,71,2
174706,14716,15,4
174706,14769pr1266,191,1
174706,15068,378,2
174706,15456,71,1
174706,15535,0,1
174706,15573,70,4
174706,15712,19,4
174706,16091,71,1
174706,18041,297,1
174706,18041,179,1
174706,18651,0,1
174706,18674,28,1
174706,1995pat0001,46,1
174706,20309,191,1
174706,20482,297,1
174706,20952,4,1
174706,21560pr0022,191,1
174706,22885,0,1
174706,22885,71,2
174706,23860,35,1
174706,23945pat0003,47,2
174706,2412b,15,4
174706,24201,19,2
174706,24201,191,4
174706,24246,84,12
174706,2431,19,1
174706,2445,0,1
174706,24866,5,1
174706,25214,179,5
174706,25214,27,2
174706,25269,15,6
174706,2540,19,3
174706,26603,70,1
174706,2682,2,4
174706,29119,191,1
174706,29120,191,1
174706,298c02,71,2
174706,3003,322,1
174706,3003,19,1
174706,3005,15,2
174706,30136,19,2
174706,30153,41,1
174706,30153,52,1
174706,3020,378,2
174706,3020,19,3
174706,3021,27,1
174706,3021,15,3
174706,3022,378,2
174706,3022,70,1
174706,3022,15,1
174706,3023,322,4
174706,3023,191,7
174706,3024,378,4
174706,3029,71,1
174706,3034,15,1
174706,3035,15,3
174706,30357,15,4
174706,30374,191,1
174706,30385,1059,1
174706,30385,35,1
174706,30414,0,2
174706,3069b,378,6
174706,3069b,27,1
174706,3069b,15,7
174706,3069b,36,2
174706,32001,15,1
174706,32028,0,4
174706,32062,4,6
174706,32064a,15,1
174706,3245c,15,2
174706,3262,27,1
174706,32803,15,1
174706,33172,25,1
174706,35480,0,1
174706,3563,70,1
174706,35789,378,4
174706,3623,322,4
174706,3666,378,3
174706,3666,15,1
174706,3666,19,8
174706,3668,72,2
174706,36840,191,4
174706,3700,27,2
174706,3700,14,4
174706,3710,322,1
174706,3710,15,1
174706,37352,27,2
174706,3795,378,1
174706,3821,15,1
174706,3822,15,1
174706,3823,47,2
174706,3829c01,15,1
174706,3941,71,1
174706,4032a,71,3
174706,40379,70,1
174706,41682,19,1
174706,41740,15,10
174706,4274,71,1
174706,43093,1,12
174706,44568,71,1
174706,44728,19,1
174706,4477,15,2
174706,44861,378,2
174706,4499,85,1
174706,4519,14,5
174706,4594,47,2
174706,4738c,84,1
174706,4739a,84,1
174706,48336,15,2
174706,48336,0,1
174706,4871,15,1
174706,49307,191,2
174706,49308pr0009,27,1
174706,50340,0,2
174706,52031,15,2
174706,54200,191,2
174706,57360,71,1
174706,59900,33,1
174706,59900,19,1
174706,59900,15,1
174706,60219,72,1
174706,60474,19,1
174706,60581,15,1
174706,60594,15,1
174706,6091,378,8
174706,6091,15,4
174706,61254,0,4
174706,6126b,52,1
174706,6141,4,12
174706,6141,72,2
174706,6141,297,4
174706,6239,15,1
174706,62462,70,1
174706,63965,70,1
174706,64567,191,1
174706,64567,308,1
174706,64567,297,2
174706,64648,158,1
174706,64951,84,1
174706,65249,15,4
174706,6541,27,2
174706,65473,191,8
174706,6636,15,2
174706,66906,0,1
174706,67329,14,1
174706,68211,10,1
174706,68568,15,2
174706,68888,70,1
174706,69729,15,1
174706,72132,0,2
174706,80326,15,2
174706,85861,4,2
174706,85861,27,3
174706,85861,70,5
174706,85984,19,4
174706,87087,19,2
174706,87580,15,3
174706,87994,70,2
174706,89522,179,1
174706,89678,4,2
174706,92338,72,1
174706,92582,71,1
174706,93274,15,2
174706,95270,158,2
174706,98138,182,2
174706,98138,46,2
174706,98138,47,2
174706,98138,29,1
174706,98138pr0365,15,1
174706,98313,70,1
174706,99563,70,1
174706,99563,15,8
174707,10102950,9999,1
174707,11089,26,3
174707,11090,72,3
174707,11090,15,2
174707,11211,15,3
174707,11476,70,1
174707,11477,3,4
174707,11477,0,2
174707,11477,26,2
174707,13547,0,4
174707,14417,72,2
174707,14418,71,3
174707,14704,71,1
174707,14769,158,2
174707,14769pr1275,0,2
174707,15068,85,1
174707,15068,15,5
174707,15068,0,8
174707,15068,1050,2
174707,15070,15,8
174707,15082,45,2
174707,15208,158,1
174707,15362,26,2
174707,15573,3,2
174707,15712,0,2
174707,17485,71,2
174707,18651,0,5
174707,18653,0,2
174707,18674,0,1
174707,18980,0,4
174707,18986,47,1
174707,1996pat0002,0,1
174707,1997,15,2
174707,22385,0,4
174707,22885,19,4
174707,23443,15,4
174707,23443,0,1
174707,23945pat0003,47,1
174707,24201,1050,8
174707,24201,15,2
174707,24309,0,3
174707,2432,70,1
174707,25269,0,4
174707,26047,15,3
174707,2654,0,1
174707,26604,0,2
174707,27261,26,8
174707,2736,71,2
174707,27925,15,2
174707,29119,15,2
174707,29119,0,1
174707,29120,15,2
174707,29120,0,1
174707,3001,0,1
174707,3003,14,1
174707,3004,1,1
174707,3004,0,3
174707,3005pr0036,15,2
174707,3020,26,4
174707,3020,85,2
174707,3020,72,4
174707,3020,0,1
174707,3021,72,6
174707,3022,15,9
174707,3022,70,1
174707,3022,26,3
174707,3023,15,2
174707,3023,1050,10
174707,3023,14,4
174707,3023,26,2
174707,3034,0,1
174707,30357,85,4
174707,30374,0,5
174707,30414,0,2
174707,3068b,0,1
174707,3069b,72,2
174707,3069b,0,4
174707,3069b,26,1
174707,32062,4,2
174707,32064a,72,8
174707,32064a,1050,8
174707,32072,0,1
174707,32073,14,4
174707,32607,3,4
174707,32803,15,2
174707,33172,25,1
174707,33183,10,1
174707,33909,72,3
174707,35480,15,2
174707,3565,3,6
174707,3700,4,3
174707,3705,4,2
174707,37352,15,1
174707,3795,0,1
174707,3795,26,1
174707,3900,71,1
174707,4032a,15,2
174707,4032a,3,2
174707,40379,15,4
174707,4081b,0,4
174707,41682,71,1
174707,41769,85,1
174707,41770,85,1
174707,41854,26,2
174707,42135,0,2
174707,42924,1,2
174707,4304,71,1
174707,44567b,15,2
174707,44728,0,10
174707,44861,0,1
174707,4499,85,1
174707,4697b,0,1
174707,47455,0,4
174707,47755,15,1
174707,48171,72,4
174707,48172,0,2
174707,48336,15,1
174707,49307,0,2
174707,49668,158,5
174707,50340,71,2
174707,50923,72,2
174707,51342pat0010,0,2
174707,52107,71,1
174707,52107,15,1
174707,53451,158,5
174707,54200,1050,4
174707,54200,15,4
174707,54200,26,1
174707,54200,0,4
174707,59900,158,1
174707,60470b,0,2
174707,60479,0,2
174707,61332,0,7
174707,6141,72,1
174707,65473,0,6
174707,65886,26,1
174707,67329,14,1
174707,67696,0,2
174707,68013,0,1
174707,68568,3,2
174707,68568,0,2
174707,69819,0,2
174707,73230,0,12
174707,73825,0,4
174707,75937,1103,2
174707,76795,0,2
174707,76797,0,2
174707,79741,179,1
174707,85080,0,4
174707,85861,158,1
174707,85984,0,8
174707,87747,158,8
174707,88930,0,4
174707,89522,15,1
174707,93604,1103,4
174707,93609,72,2
174707,96874,25,1
174707,98138,158,4
174707,98138pr0364,14,1
174707,98138pr0365,15,1
174707,98313,0,10
174707,99207,0,1
174707,99207,72,4
174708,10102951,9999,1
174708,10197,72,4
174708,11090,179,2
174708,11211,72,2
174708,11214,4,2
174708,11215,0,4
174708,11458,72,2
174708,11477,26,4
174708,11610,0,1
174708,14704,71,4
174708,14769,322,2
174708,14769pr1266,191,2
174708,15068,0,1
174708,15068,191,5
174708,15068,4,6
174708,15068,1,1
174708,15071,0,1
174708,15082,45,2
174708,15573,0,2
174708,15712,191,2
174708,18041,179,2
174708,18649,0,2
174708,1994,272,2
174708,1995pat0003,33,2
174708,20482,4,1
174708,22388,41,1
174708,22889,0,1
174708,22890,72,2
174708,23443,71,4
174708,23443,272,8
174708,23945pat0003,47,1
174708,2420,71,4
174708,24299,1,1
174708,24299,191,1
174708,24307,191,1
174708,24307,1,1
174708,25269,191,2
174708,2654,29,1
174708,26601,72,2
174708,26603,0,1
174708,2723,0,4
174708,2736,71,2
174708,28192,1,4
174708,28326,4,2
174708,28326,0,1
174708,28631pr0415,4,1
174708,29119,4,2
174708,29119,272,3
174708,29120,272,3
174708,29120,4,2
174708,3002,0,4
174708,3009,4,1
174708,3010,321,2
174708,3020,191,1
174708,3020,26,1
174708,3020,72,1
174708,3020,0,2
174708,3021,321,2
174708,3022,0,4
174708,3023,1,7
174708,3023,272,2
174708,3023,4,4
174708,3023,41,2
174708,3024,41,1
174708,3034,272,1
174708,3039,72,1
174708,3069b,5,1
174708,3069bpr0384,321,2
174708,3070b,4,6
174708,3176,1062,7
174708,32000,14,1
174708,32013,0,4
174708,32059,72,1
174708,32062,4,3
174708,32062,0,3
174708,32064a,321,4
174708,32069,0,1
174708,32126,1,1
174708,32140,4,2
174708,32270,0,1
174708,32803,0,1
174708,32828,71,4
174708,33909,72,1
174708,35480,71,6
174708,35480,72,1
174708,3622,322,2
174708,3623,4,2
174708,3666,0,3
174708,3668,72,2
174708,3700,19,2
174708,3705,4,2
174708,3710,15,1
174708,37775,182,4
174708,3795,1062,2
174708,3795,19,2
174708,3795,4,4
174708,3795,321,1
174708,3795,0,1
174708,3829c01,71,1
174708,3839b,72,1
174708,3937,0,1
174708,3938,72,1
174708,42195,2,1
174708,42610,71,2
174708,4274,71,4
174708,44567b,72,4
174708,44728,272,2
174708,44728,72,6
174708,44861,71,2
174708,45677,4,2
174708,4590,72,1
174708,47455,0,4
174708,47457,322,2
174708,47457,71,2
174708,47753,321,2
174708,47755,0,1
174708,48171,72,2
174708,50337,72,2
174708,50951,0,2
174708,51739,272,8
174708,53451,0,2
174708,53451,15,18
174708,54200,0,2
174708,54200,272,11
174708,55013,72,1
174708,55981,0,2
174708,56898,0,4
174708,56904,321,4
174708,59443,72,4
174708,60470b,4,2
174708,60470b,0,4
174708,60475b,72,2
174708,60477,4,2
174708,60897,321,10
174708,61072,179,2
174708,61332,0,1
174708,61409,4,2
174708,61409,321,4
174708,6141,14,2
174708,6141,179,2
174708,62361,4,2
174708,63783,0,1
174708,64000,15,1
174708,64567,0,1
174708,64647,45,4
174708,65473,272,2
174708,65632,41,1
174708,65634,0,1
174708,6636,4,1
174708,69729,4,1
174708,69754,1103,2
174708,69755,72,2
174708,73562,72,2
174708,73825,4,2
174708,76959,0,2
174708,77598,72,2
174708,77765,71,2
174708,79389,0,2
174708,80431,72,4
174708,85943,4,1
174708,85943,72,2
174708,85984,28,3
174708,85984pr0021,71,1
174708,87083,72,6
174708,87087,14,2
174708,87087,4,1
174708,87580,19,1
174708,87580,321,9
174708,87611,1062,1
174708,88072,0,3
174708,88292,0,2
174708,88646,0,1
174708,92402,0,2
174708,93095,0,1
174708,93273,72,2
174708,93606,321,1
174708,96874,25,1
174708,98138,33,4
174708,98138,41,4
174708,98138,158,3
174708,98138pr0364,14,1
174708,98138pr0365,15,1
174708,98138pr0366,0,1
174708,98282,321,2
174708,99021,72,1
174708,99206,321,2
174708,99563,179,4
174708,99563,19,4
174708,99780,4,2
174708,99780,321,3
174708,99781,72,3
174709,10102952,9999,1
174709,10169,84,1
174709,11090,70,2
174709,11211,19,1
174709,1126,84,3
174709,11458,70,2
174709,11476,27,2
174709,11477,15,4
174709,11477,70,4
174709,11477pr0017,27,2
174709,14417,72,4
174709,14704,71,5
174709,14716,70,2
174709,14769,14,2
174709,14769,72,1
174709,14769pr1266,191,1
174709,15068,3,1
174709,15068,70,2
174709,15068,27,6
174709,15068,15,2
174709,15070,70,4
174709,15071,0,1
174709,15254,323,1
174709,15395,191,1
174709,15462,70,1
174709,15469,322,2
174709,15533,71,5
174709,15535,72,2
174709,15535,70,2
174709,15535,27,1
174709,15573,70,1
174709,15672,226,2
174709,15712,297,2
174709,15712,19,2
174709,17485,71,2
174709,18651,0,1
174709,18674,14,1
174709,18674,28,2
174709,18674,322,2
174709,18920,179,1
174709,18980,27,2
174709,19121,70,1
174709,1927,72,2
174709,1995pat0002,35,2
174709,1997,27,4
174709,20310,297,2
174709,22885,19,2
174709,22886,323,2
174709,22888,27,1
174709,23945pat0003,47,1
174709,23986,15,1
174709,24122,28,2
174709,2420,25,2
174709,24201,484,4
174709,24316,70,1
174709,2453b,70,1
174709,2454b,323,4
174709,24866,323,8
174709,24866,297,1
174709,24866,5,1
174709,25214,27,2
174709,2540,72,1
174709,26047,15,1
174709,26047,70,2
174709,26047,191,1
174709,2654,15,1
174709,26601,322,4
174709,27261,15,3
174709,2736,71,1
174709,28192,71,2
174709,3001,27,1
174709,3003,70,4
174709,3004,323,7
174709,30046,297,1
174709,3005,45,2
174709,3005,323,11
174709,3010,323,4
174709,30136,0,2
174709,30153,35,1
174709,30166,71,4
174709,3020,27,2
174709,3020,15,1
174709,3020,70,4
174709,3021,323,2
174709,3021,27,1
174709,3021,71,2
174709,3022,27,2
174709,3022,19,3
174709,3022,70,2
174709,3023,19,1
174709,3023,323,7
174709,3023,28,6
174709,3023,3,4
174709,3023,14,2
174709,3024,297,2
174709,3028,3,1
174709,3032,25,4
174709,3034,3,2
174709,30357,19,1
174709,30357,72,4
174709,3036,27,4
174709,30374,70,1
174709,30374,14,1
174709,30383,15,4
174709,3039,27,2
174709,3039,25,4
174709,3040b,323,4
174709,3062b,41,1
174709,3062b,71,2
174709,3069b,19,1
174709,3069b,27,1
174709,3069b,47,1
174709,3176,27,8
174709,32001,15,1
174709,32062,4,1
174709,32123b,71,4
174709,32198,19,1
174709,32270,0,1
174709,32606,5,13
174709,32607,14,1
174709,32607,26,4
174709,32607,321,14
174709,32607,10,9
174709,32828,70,4
174709,33183,10,2
174709,33909,70,1
174709,33909,19,4
174709,34103,14,6
174709,3460,3,4
174709,35299,191,1
174709,3565,3,4
174709,3565,19,3
174709,3665,323,8
174709,3666,323,2
174709,3666,15,4
174709,3666,72,2
174709,36841,27,5
174709,3700,27,2
174709,3705,4,1
174709,3710,323,1
174709,3710,71,2
174709,3710,3,8
174709,3710,27,4
174709,37352,27,2
174709,37762,297,7
174709,3795,3,1
174709,3795,226,1
174709,3795,84,1
174709,3795,191,4
174709,38014,15,2
174709,38320,297,6
174709,3836,70,1
174709,3837,179,1
174709,3852b,322,1
174709,39262,14,12
174709,3941,27,1
174709,3941,70,1
174709,4070,0,2
174709,41948,27,2
174709,42195,71,1
174709,4286,323,4
174709,4286,71,2
174709,4304,71,1
174709,43045,15,4
174709,43093,1,4
174709,4342,84,1
174709,43722,72,1
174709,43722,3,2
174709,43723,3,2
174709,43723,72,1
174709,44728,19,1
174709,44728,10,2
174709,44861,0,6
174709,4519,14,1
174709,4523,70,1
174709,4528,179,1
174709,4599b,297,1
174709,47457,14,2
174709,48336,70,2
174709,49307,0,1
174709,49308pr0009,27,1
174709,49577,26,2
174709,51138,71,1
174709,51274,27,2
174709,51739,15,1
174709,53119,70,1
174709,53454,179,1
174709,54200,27,2
174709,54383,25,2
174709,54384,25,2
174709,54657,15,4
174709,59443,70,1
174709,59900,14,2
174709,6020,70,5
174709,60474,72,1
174709,60475b,15,2
174709,60475b,71,8
174709,60481,323,8
174709,60583b,15,2
174709,60592,3,6
174709,60592,70,2
174709,60594,3,2
174709,60596,70,5
174709,60607,297,4
174709,61252,72,2
174709,61252,10,2
174709,61332,0,4
174709,6141,0,2
174709,6141,179,2
174709,61780,70,2
174709,62113,70,2
174709,62462,27,2
174709,63965,297,2
174709,64390,3,1
174709,64567,308,1
174709,64799,72,1
174709,64951,84,1
174709,6541,27,2
174709,65473,27,1
174709,65473,70,2
174709,6575,70,2
174709,6587,28,1
174709,6589,19,4
174709,66857,15,1
174709,66857,3,1
174709,68325,71,2
174709,68568,484,4
174709,78256,71,2
174709,80497,70,1
174709,85861,297,10
174709,85861,27,2
174709,87083,72,2
174709,87544,71,1
174709,87618,0,2
174709,87994,70,1
174709,87994,71,1
174709,89678,4,1
174709,92947,70,1
174709,92950,323,2
174709,93273,191,1
174709,93273,3,4
174709,95345,70,1
174709,96874,25,1
174709,98138,72,4
174709,98138,14,12
174709,98138,191,6
174709,98138,484,6
174709,98283,71,3
174709,99207,15,1
174709,99207,27,2
174709,99563,484,2
174709,99563,70,1
174710,10102953,9999,1
174710,11090,72,2
174710,11153,0,4
174710,11153,321,2
174710,11203,15,1
174710,11203,71,1
174710,11215,15,4
174710,11458,15,4
174710,11458,0,4
174710,11477,15,2
174710,11477,0,6
174710,11477,72,2
174710,11477,71,2
174710,13547,0,2
174710,13608,179,2
174710,14719,71,2
174710,15068,321,4
174710,15068,191,10
174710,15068,15,2
174710,15068,72,3
174710,15535,0,3
174710,15573,70,1
174710,15672,0,2
174710,15672,15,6
174710,15672,70,2
174710,15672,321,6
174710,15712,0,3
174710,1750,72,4
174710,18649,0,2
174710,18651,0,1
174710,18674,322,2
174710,18674,15,1
174710,18677,71,2
174710,18980,15,1
174710,1927,0,4
174710,1995pat0003,33,2
174710,20482,10,1
174710,20482,71,6
174710,22385,15,2
174710,23443,72,2
174710,23945pat0003,47,1
174710,2412b,179,21
174710,2420,0,4
174710,2420,71,4
174710,24201,0,2
174710,24299,321,2
174710,24299,0,2
174710,24307,321,2
174710,24307,0,2
174710,2431,0,5
174710,2456,15,1
174710,2465,15,2
174710,25269,0,4
174710,25269,321,2
174710,2530,72,1
174710,2540,71,2
174710,2540,0,4
174710,2562,1103,1
174710,2630,10,1
174710,2654,33,5
174710,26601,72,12
174710,27263,72,4
174710,27263,0,6
174710,2817,71,2
174710,28192,15,6
174710,28192,0,2
174710,28802,71,4
174710,28802,72,4
174710,29119,321,3
174710,29120,321,3
174710,3004,191,4
174710,3005,15,2
174710,3005,0,2
174710,3008,15,4
174710,3009,191,2
174710,3010,72,1
174710,30136,15,2
174710,30136,71,2
174710,3020,0,5
174710,3020,321,6
174710,3021,71,2
174710,3021,321,2
174710,3021,0,8
174710,3021,15,2
174710,3022,72,1
174710,3022,71,1
174710,3022,4,1
174710,3023,72,4
174710,3023,0,2
174710,3023,36,7
174710,3023,322,2
174710,3023,321,2
174710,3023,15,4
174710,3023,46,1
174710,3024,71,4
174710,3024,0,2
174710,3024,34,7
174710,3024,36,15
174710,3032,0,3
174710,3034,71,2
174710,3035,321,2
174710,30355,15,2
174710,30356,15,2
174710,30374,41,3
174710,30374,191,1
174710,3039,15,2
174710,3040b,72,2
174710,3040b,321,2
174710,3068b,0,2
174710,3069bpr0290,15,5
174710,3172,71,2
174710,32000,15,6
174710,32000,0,2
174710,32001,15,1
174710,32062,0,2
174710,32073,71,2
174710,32524,0,4
174710,32803,72,1
174710,33909,15,4
174710,3484,0,2
174710,35480,0,14
174710,35480,72,8
174710,3623,71,2
174710,3623,15,2
174710,3623,321,4
174710,3659,15,2
174710,3665,0,2
174710,3665,15,2
174710,3666,0,1
174710,3666,321,6
174710,3666,1,2
174710,3666,71,2
174710,3673,14,4
174710,36841,72,2
174710,3700,15,4
174710,3707,0,1
174710,3710,321,4
174710,3710,0,2
174710,3710,72,3
174710,37352,321,1
174710,3795,15,1
174710,3832,70,2
174710,3832,0,1
174710,3832,72,2
174710,4006,179,1
174710,4032a,72,5
174710,4032a,321,4
174710,40490,72,2
174710,4070,15,4
174710,4081b,72,2
174710,41682,15,1
174710,41740,0,2
174710,41740,72,1
174710,41747,15,1
174710,41748,15,1
174710,41769,321,2
174710,41770,321,2
174710,42610,0,4
174710,4274,71,1
174710,4286,72,2
174710,42862,15,1
174710,42924,1,16
174710,43093,1,2
174710,43720,15,1
174710,43721,15,1
174710,43898,1061,1
174710,44728,71,4
174710,44728,72,2
174710,4477,0,2
174710,4477,71,2
174710,4477,15,1
174710,44861,71,3
174710,45705,33,1
174710,4742,72,2
174710,48165,15,1
174710,48205,15,1
174710,48208,15,1
174710,48336,15,3
174710,49153,15,2
174710,49307,71,6
174710,49618,0,2
174710,53923,72,2
174710,54200,34,1
174710,54200,36,1
174710,54383,0,3
174710,54384,0,3
174710,54657,0,2
174710,55013,72,2
174710,56908,0,2
174710,59900,19,1
174710,59900,33,6
174710,60470b,72,2
174710,60470b,15,2
174710,60478,0,2
174710,60478,15,2
174710,60478,72,2
174710,60479,321,2
174710,60581,41,1
174710,60592,71,10
174710,60601,41,8
174710,60752,179,1
174710,60897,72,4
174710,6111,15,2
174710,61332,0,6
174710,6141,33,36
174710,6141,45,1
174710,6141,36,1
174710,6141,34,1
174710,6141,46,6
174710,61485,15,1
174710,6222,72,4
174710,6233,72,2
174710,6259,33,4
174710,63864,0,4
174710,63868,0,2
174710,64000,15,1
174710,64567,191,1
174710,64570,0,6
174710,6541,191,16
174710,6541,0,2
174710,6541,15,2
174710,65426,15,2
174710,65429,15,2
174710,65886,41,2
174710,67329,72,2
174710,69729,321,1
174710,69754,179,6
174710,69755,72,6
174710,76959,15,2
174710,77257,0,2
174710,77258,71,2
174710,79756,71,2
174710,79811,179,1
174710,85984,321,2
174710,85984,70,3
174710,87079,191,2
174710,87079,72,2
174710,87079,15,4
174710,87081,15,1
174710,87580,70,2
174710,87580,321,1
174710,87614,15,1
174710,88292,71,4
174710,89522,179,1
174710,90194,0,2
174710,92950,15,2
174710,93789,179,1
174710,96874,25,1
174710,98138,1050,1
174710,98138,1062,1
174710,98138,35,1
174710,98138,29,1
174710,98138,33,1
174710,98138,46,8
174710,98138,52,1
174710,98138pr0365,15,2
174710,99021,72,1
174710,99206,321,1
174710,99206,0,3
174710,99207,15,4
174710,99207,0,1
174710,99563,15,4
174710,99563,72,2
174710,99563,0,6
174710,99780,0,12
174710,99780,321,1
174710,99780,72,4
174710,99781,71,2
174710,99781,321,8
174710,99781,0,1
174710,99781,15,3
174711,10102954,9999,1
174711,11090,71,2
174711,11212,326,2
174711,11215,84,2
174711,11458,70,2
174711,11476,71,3
174711,11477,27,2
174711,11477,71,2
174711,11477,378,2
174711,11477,70,2
174711,11609,297,1
174711,11610,0,1
174711,13547,70,1
174711,13564,0,2
174711,14395,70,6
174711,14413,0,2
174711,14704,71,7
174711,14769pr1070,19,1
174711,15068,70,19
174711,15068,15,2
174711,15070,0,6
174711,15070,15,6
174711,15071,0,1
174711,15207,15,2
174711,15456,71,1
174711,15470,179,1
174711,15535,70,8
174711,15535,19,2
174711,15535,28,2
174711,15535,0,2
174711,15571,0,2
174711,15573,71,1
174711,15672,70,10
174711,15712,297,2
174711,15712,71,1
174711,16091,71,1
174711,18041,179,2
174711,18649,72,2
174711,18651,0,4
174711,18674,0,2
174711,18674,71,7
174711,18677,0,2
174711,1995pat0003,33,4
174711,1996pat0001,297,1
174711,1997,15,2
174711,20482,10,1
174711,20482,0,4
174711,20482,191,1
174711,20482,15,2
174711,20482,70,1
174711,20952,26,2
174711,20952,378,1
174711,20952,4,2
174711,21229,84,1
174711,21560pr0020,15,1
174711,22388,191,1
174711,22885,19,8
174711,22889,0,1
174711,22890,72,1
174711,22961,308,4
174711,2357,70,5
174711,23945pat0003,47,1
174711,24131,297,1
174711,2417,1,11
174711,2420,30,3
174711,2420,0,1
174711,2420,2,1
174711,2420,70,1
174711,24201,0,2
174711,24246,27,4
174711,2431,71,1
174711,2431,0,1
174711,2431,1050,2
174711,2431,70,3
174711,2450,19,1
174711,24866,1,2
174711,24947,4,1
174711,24947,26,1
174711,25269,70,6
174711,25269,15,5
174711,2540,0,2
174711,2540,71,1
174711,26047,0,2
174711,26047,297,2
174711,26047,15,2
174711,26047,70,6
174711,26047,72,1
174711,2630,10,1
174711,2654,26,2
174711,2654,72,1
174711,26601,212,1
174711,26603,322,1
174711,26603,0,2
174711,27263,15,2
174711,27263,379,1
174711,2736,71,2
174711,27448,0,1
174711,27925,10,2
174711,27925,15,2
174711,27925,70,1
174711,27965,84,2
174711,28192,70,2
174711,28192,72,2
174711,28327,70,1
174711,2877,72,2
174711,2921,71,1
174711,3001,70,2
174711,3004,484,13
174711,30044,19,2
174711,3005,2,4
174711,3005,484,19
174711,3005,19,9
174711,30099,70,6
174711,3010,70,5
174711,30136,71,9
174711,30136,0,5
174711,30136,72,1
174711,30153,33,14
174711,30153,47,1
174711,30166,72,1
174711,3020,15,1
174711,3020,2,1
174711,3020,84,1
174711,3020,71,1
174711,3021,4,1
174711,3021,0,2
174711,3021,70,5
174711,3022,72,1
174711,3022,0,2
174711,3022,70,4
174711,3022,322,1
174711,3023,322,1
174711,3023,27,4
174711,3023,70,3
174711,3023,15,2
174711,3024,70,8
174711,3024,379,6
174711,3031,19,2
174711,3032,2,2
174711,30357,70,1
174711,3036,27,1
174711,3036,72,1
174711,3036,19,1
174711,3036,3,1
174711,3036,322,1
174711,30374,191,1
174711,3040b,484,1
174711,30504,19,1
174711,30565,70,1
174711,30565,19,1
174711,3062b,0,8
174711,3062b,27,1
174711,3062b,85,1
174711,3062b,14,2
174711,3062b,322,1
174711,3062b,1,1
174711,3062b,4,1
174711,3062b,25,1
174711,3062b,2,5
174711,3062b,26,1
174711,3065,35,4
174711,3065,45,5
174711,3068b,27,2
174711,3069b,378,3
174711,3069b,27,1
174711,3069b,4,1
174711,3069b,15,4
174711,3069bpr0303,15,1
174711,3069bpr9989,15,1
174711,3070b,1050,2
174711,3070bpr0147,71,1
174711,32000,70,15
174711,32013,0,2
174711,32062,4,2
174711,32073,14,2
174711,32278,84,4
174711,32523,15,1
174711,32524,70,2
174711,32607,321,47
174711,3262,4,1
174711,3262,26,1
174711,32803,1,1
174711,32828,0,1
174711,32828,71,2
174711,32828,297,3
174711,32952,84,14
174711,33303,15,3
174711,3386,0,1
174711,33909,71,1
174711,33909,72,3
174711,3460,70,2
174711,3460,322,1
174711,3484,72,2
174711,35470,15,1
174711,35480,72,3
174711,35480,0,2
174711,35480,4,1
174711,35480,484,14
174711,35480,5,2
174711,35480,27,2
174711,35480,71,3
174711,35787,378,3
174711,35787,15,3
174711,3622,70,2
174711,3623,19,2
174711,3623,0,8
174711,3633,71,2
174711,3659,484,1
174711,3665,70,4
174711,3665,0,1
174711,3666,0,1
174711,3666,4,1
174711,3666,191,1
174711,3666,25,1
174711,3679,71,1
174711,3680,0,1
174711,36840,84,1
174711,3700,70,2
174711,3700,72,2
174711,3700,14,3
174711,3706,4,1
174711,3710,71,1
174711,3710,2,2
174711,3710,84,1
174711,3710,70,8
174711,3710,15,3
174711,37352,4,5
174711,37762,70,4
174711,3795,25,1
174711,3795,84,1
174711,3795,70,2
174711,3795,2,1
174711,38320,0,2
174711,3837,179,1
174711,3937,70,1
174711,3941,45,1
174711,3941,35,1
174711,3941,70,18
174711,39789,70,2
174711,4032a,19,2
174711,4032a,72,2
174711,4032a,71,1
174711,4032a,322,1
174711,4032a,484,9
174711,4032a,10,1
174711,40379,70,7
174711,40527,0,2
174711,40527,19,2
174711,4070,72,2
174711,4070,71,1
174711,4081b,0,1
174711,4162,70,2
174711,41740,1050,2
174711,41740,0,1
174711,41740,27,3
174711,42205,84,4
174711,4274,71,3
174711,42924,1,6
174711,43093,1,7
174711,4345b,4,1
174711,4346,4,1
174711,43898pr0023,26,1
174711,44294,71,3
174711,4477,72,2
174711,4519,71,3
174711,4588,15,2
174711,4599b,71,10
174711,4733,27,1
174711,4740,1050,1
174711,4865b,71,1
174711,4865b,4,2
174711,49307,70,4
174711,49307,71,1
174711,49668,4,1
174711,53119,15,1
174711,53451,158,10
174711,53451,0,2
174711,54200,1050,4
174711,54200,15,1
174711,54568,0,1
174711,55706,0,2
174711,59443,70,2
174711,59900,19,1
174711,59900,158,2
174711,59900,15,2
174711,59900,182,2
174711,59900,72,3
174711,59900,70,2
174711,59900,35,2
174711,6003,2,3
174711,6003,19,4
174711,60470b,72,10
174711,60474,322,1
174711,60474,2,1
174711,60474,85,3
174711,60474,0,1
174711,60475b,0,3
174711,60478,71,2
174711,60481,70,3
174711,60483,28,6
174711,60592,14,6
174711,60592,19,1
174711,60592,10,3
174711,60601,46,6
174711,60623,320,1
174711,60897,15,2
174711,60897,0,4
174711,60897,71,3
174711,61184,71,2
174711,61252,71,1
174711,61332,0,20
174711,6134,70,1
174711,6141,378,1
174711,6141,15,15
174711,6141,179,10
174711,6141,27,1
174711,6141,14,2
174711,6141,297,1
174711,6141,70,1
174711,6141,4,1
174711,6141,158,3
174711,61485,15,1
174711,6179,15,1
174711,62113,72,2
174711,62113,84,9
174711,62462,179,3
174711,63783,71,1
174711,63864,2,6
174711,63965,71,2
174711,63965,15,3
174711,64567,308,1
174711,64567,191,1
174711,64644,71,1
174711,64647,1,2
174711,64847,26,6
174711,64951,84,1
174711,65138,1050,2
174711,6541,0,2
174711,6541,15,2
174711,65473,70,7
174711,65473,0,2
174711,65509,10,1
174711,65886,71,1
174711,6636,70,3
174711,66857,15,1
174711,66857,4,1
174711,66857,191,1
174711,66857,3,1
174711,66906,0,4
174711,67095,84,1
174711,68568,19,4
174711,69729,15,1
174711,69729,72,1
174711,69754,179,2
174711,69755,72,2
174711,73230,0,1
174711,73825,378,5
174711,73878,70,1
174711,77808,72,3
174711,77845,0,1
174711,77850,0,1
174711,78256,0,1
174711,78258,72,1
174711,78258,4,1
174711,78258,0,5
174711,80326,4,3
174711,80543,19,8
174711,85861,2,1
174711,85861,70,1
174711,85975,179,1
174711,85984,70,1
174711,85984,71,1
174711,87079,19,6
174711,87079,5,1
174711,87079,4,1
174711,87079,10,1
174711,87087,71,2
174711,87087,70,9
174711,87552,0,1
174711,87580,15,4
174711,87580,27,2
174711,87580,1050,2
174711,87580,378,1
174711,87580,3,2
174711,87580,4,2
174711,87609,378,1
174711,87994,70,1
174711,88646,0,1
174711,89522,179,1
174711,89678,72,20
174711,93273,0,1
174711,93609,72,4
174711,93609,71,6
174711,96874,25,1
174711,98138,0,3
174711,98138,1050,1
174711,98138,26,1
174711,98138,4,1
174711,98138,28,8
174711,98138,322,35
174711,98138,35,4
174711,98138,29,1
174711,98138pr0185,179,2
174711,98138pr0186,71,1
174711,98138pr0255,19,4
174711,98138pr0273,15,2
174711,98138pr0366,0,1
174711,98138pr9976,15,2
174711,98313,0,6
174711,98313,297,2
174711,98834,72,1
174711,99021,72,1
174711,99207,0,1
174711,99207,15,2
174711,99207,27,5
174711,99563,70,1
174711,99780,4,1
174711,99780,72,2
174711,99781,0,2
174712,10050,1103,1
174712,10105013,9999,1
174712,10247,0,1
174712,11090,0,16
174712,11090,379,6
174712,11153,0,12
174712,11211,15,1
174712,11212,72,2
174712,11213,0,5
174712,11214,72,1
174712,11215,0,6
174712,11215,71,1
174712,11458,0,4
174712,11476,0,1
174712,11477,1050,8
174712,11477,15,2
174712,11477,26,6
174712,11477,5,12
174712,11477,0,14
174712,13548,72,2
174712,13591,0,1
174712,13965,0,2
174712,14769,0,2
174712,14769pr1276,14,4
174712,15068,379,1
174712,15208,158,5
174712,15209,158,6
174712,15462,70,2
174712,15535,0,1
174712,15535,71,2
174712,15571,379,2
174712,15573,5,1
174712,15573,15,1
174712,15573,297,1
174712,15573,19,2
174712,15573,0,2
174712,15672,379,2
174712,15672,0,4
174712,15672,15,2
174712,15712,0,5
174712,15712,72,2
174712,18646,15,2
174712,18674,72,3
174712,1927,72,6
174712,1995pat0004,45,2
174712,1996pat0001,297,1
174712,1996pat0002,0,1
174712,20482,72,4
174712,22385,0,1
174712,22885,71,3
174712,22889,15,1
174712,22889,72,2
174712,22961,72,2
174712,23443,0,4
174712,2357,15,2
174712,2357,72,2
174712,23945pat0003,47,1
174712,2420,71,6
174712,2420,15,4
174712,2420,72,4
174712,2420,0,2
174712,24201,72,2
174712,24299,0,2
174712,24307,0,2
174712,2431,5,2
174712,24316,70,5
174712,2432,72,1
174712,2449,0,4
174712,2450,72,2
174712,25214,1103,10
174712,25269,15,2
174712,25269,0,2
174712,25269,5,4
174712,25269,72,4
174712,2562,1103,1
174712,26047,0,8
174712,2630,10,1
174712,26601,0,4
174712,27256,45,4
174712,27263,379,2
174712,27263,15,2
174712,27940,72,1
174712,28192,72,4
174712,28802,15,1
174712,28802,0,6
174712,28870,71,4
174712,29119,15,1
174712,29120,15,1
174712,2921,0,2
174712,3001,72,2
174712,3002,71,2
174712,3002,5,2
174712,3003,5,2
174712,3003,0,2
174712,3004,72,4
174712,3005,72,2
174712,3009,5,1
174712,30099,72,2
174712,3010,72,3
174712,3010,1050,2
174712,3010,19,1
174712,3010,0,1
174712,30136,0,3
174712,30136,19,2
174712,30136,15,8
174712,30192,72,1
174712,3020,19,1
174712,3020,15,10
174712,3020,1050,2
174712,3020,72,24
174712,3020,26,3
174712,3021,71,2
174712,3021,0,10
174712,3021,72,3
174712,3021,15,8
174712,3022,0,3
174712,3022,72,4
174712,3022,19,1
174712,3022,71,4
174712,3023,46,1
174712,3023,0,9
174712,3023,26,3
174712,3023,5,2
174712,3023,379,3
174712,3023,72,13
174712,3023,71,12
174712,3023,1050,4
174712,3023,15,4
174712,3024,5,12
174712,3024,72,3
174712,3024,1050,5
174712,3024,26,2
174712,3031,0,1
174712,3031,72,4
174712,3034,0,2
174712,3034,26,1
174712,3035,0,1
174712,30361c,72,4
174712,30364,0,2
174712,30374,191,1
174712,3039,72,1
174712,3039,19,1
174712,30414,72,10
174712,30503,72,2
174712,30565,26,2
174712,3062b,72,2
174712,3062b,14,4
174712,3068b,26,2
174712,3069b,0,3
174712,3069b,26,3
174712,3069b,5,1
174712,3069b,1050,4
174712,3069b,14,1
174712,3069b,72,3
174712,3070b,379,1
174712,3070b,15,2
174712,3070b,26,8
174712,3070bpr0147,71,1
174712,3176,72,1
174712,32012,72,1
174712,32016,0,2
174712,32028,72,2
174712,32059,72,1
174712,32062,4,10
174712,32064a,72,2
174712,32073,14,2
174712,32123b,71,3
174712,32523,71,1
174712,32803,1,1
174712,3298,0,5
174712,33909,4,2
174712,33909,72,2
174712,33909,379,4
174712,33909,5,1
174712,3460,72,2
174712,3460,0,3
174712,3460,15,2
174712,35480,71,6
174712,35480,0,4
174712,35480,4,1
174712,35480,15,11
174712,35480,19,8
174712,35633,1103,1
174712,3622,0,2
174712,3622,72,2
174712,3623,71,2
174712,3623,4,1
174712,3623,0,2
174712,3660,379,12
174712,3665,72,12
174712,3665,0,4
174712,3666,1050,5
174712,3666,72,6
174712,3666,15,2
174712,3666,26,5
174712,3666,0,1
174712,36841,15,2
174712,3700,15,4
174712,3700,72,2
174712,3700,5,2
174712,3700,19,2
174712,3701,0,1
174712,3701,15,4
174712,3709,0,2
174712,3710,15,6
174712,3710,5,4
174712,3710,19,2
174712,3710,14,1
174712,3710,72,2
174712,3710,0,10
174712,3713,0,2
174712,3713,4,1
174712,37352,1050,4
174712,3738,72,5
174712,3747b,15,1
174712,3747b,0,3
174712,3747b,72,3
174712,37776,1103,4
174712,3795,19,3
174712,3795,0,4
174712,3795,71,1
174712,3795,15,3
174712,3832,15,1
174712,38320,297,4
174712,3895,0,4
174712,3941,14,1
174712,3941,0,1
174712,3941,70,4
174712,3941,72,14
174712,3942c,72,2
174712,3957b,0,2
174712,3958,0,1
174712,4032a,0,3
174712,4032a,72,5
174712,4032a,71,2
174712,4032a,19,19
174712,4032a,14,2
174712,40379,0,6
174712,4070,72,6
174712,4070,71,2
174712,4070,0,6
174712,41677,0,4
174712,41740,72,2
174712,41747,15,1
174712,41747,72,2
174712,41748,72,2
174712,41748,15,1
174712,41749,72,1
174712,41750,72,1
174712,41764,15,1
174712,41765,15,1
174712,42022,15,2
174712,42023,15,2
174712,4274,71,1
174712,4287c,72,2
174712,4304,71,4
174712,4304,0,1
174712,43045,71,4
174712,43093,1,9
174712,43722,0,1
174712,43723,0,1
174712,43898,0,1
174712,44301b,0,10
174712,44728,0,2
174712,44728,19,2
174712,44874,0,1
174712,4519,71,2
174712,45590,0,2
174712,4733,0,1
174712,4738c,1103,1
174712,4742,72,2
174712,47457,0,2
174712,47457,19,3
174712,47457,15,2
174712,4790b,70,1
174712,48267,0,2
174712,49153,0,2
174712,49307,15,5
174712,49307,72,6
174712,49668,158,6
174712,50451,0,2
174712,50950,26,4
174712,51342pat0010,0,2
174712,53119,70,1
174712,53451,179,2
174712,53451,158,28
174712,53585,0,2
174712,54200,15,2
174712,54200,379,4
174712,54671,71,2
174712,54672,71,8
174712,55706,0,4
174712,56823c50,0,1
174712,57360,0,1
174712,57360,72,4
174712,57909b,72,1
174712,58176pr0001,35,1
174712,59443,0,3
174712,59443,72,3
174712,59900,19,1
174712,59900,0,2
174712,6005,15,4
174712,6005,0,10
174712,60219,72,4
174712,60470b,0,2
174712,60474,26,4
174712,60474,19,1
174712,60479,72,2
174712,60581,72,1
174712,60592,379,4
174712,60592,0,1
174712,60897,71,6
174712,60897,0,2
174712,6091,0,14
174712,6091,72,4
174712,6091,5,10
174712,6091,15,4
174712,61332,0,10
174712,6141,71,18
174712,6141,297,6
174712,6141,0,14
174712,6141,15,8
174712,6141,19,4
174712,61482,71,5
174712,61485,0,2
174712,6232,72,4
174712,62462,71,1
174712,63864,72,4
174712,63864,379,4
174712,64567,191,1
174712,64712,1103,4
174712,64951,1103,2
174712,65617,15,4
174712,6575,72,2
174712,6587,28,1
174712,6636,71,2
174712,66965pr0011,322,1
174712,67245,15,1
174712,67696,0,3
174712,69754,1103,4
174712,69755,72,4
174712,70681,15,2
174712,73230,0,2
174712,73562,72,1
174712,73825,72,2
174712,75937,179,4
174712,76766,0,2
174712,78443,0,2
174712,78444,0,2
174712,79389,71,2
174712,79389,72,2
174712,79389,378,4
174712,79741,179,1
174712,79850,14,1
174712,80497,0,4
174712,80835,1103,1
174712,85941,1056,4
174712,85984,72,1
174712,85984,15,2
174712,87079,0,1
174712,87083,72,1
174712,87544,71,1
174712,87580,15,1
174712,87580,72,1
174712,87994,0,4
174712,88292,72,14
174712,88930,15,3
174712,89522,179,1
174712,90202,0,1
174712,91988,0,1
174712,91988,72,2
174712,92099,0,1
174712,92107,0,1
174712,92582,71,1
174712,92947,0,2
174712,93273,72,2
174712,93273,0,7
174712,93273,15,1
174712,93274,0,4
174712,93274,71,2
174712,96874,3,1
174712,98138,29,1
174712,98138,26,10
174712,98138,14,2
174712,98138,71,4
174712,98138,158,8
174712,98138pr0364,14,5
174712,98138pr0365,15,1
174712,98313,0,6
174712,98560,72,1
174712,98585,71,1
174712,99207,71,16
174712,99207,15,5
174712,99563,297,2
174712,99781,0,2
174723,11211,14,4
174723,11213,15,1
174723,15573,14,8
174723,20953,14,1
174723,3001,85,1
174723,3001,14,2
174723,3003,4,1
174723,3004,85,2
174723,3020,85,2
174723,3023,85,4
174723,3070b,47,4
174723,3660,85,4
174723,3960,85,1
174723,59900,14,4
174723,6141,36,4
174723,85984,85,4
174725,3001,15,1
174725,3004,15,4
174725,3004pr9969,15,2
174725,3005,15,12
174725,3008,15,2
174725,3008pr0026,15,1
174725,3009,15,4
174725,3010,15,3
174725,3021,0,1
174725,3021,15,2
174725,3023,47,1
174725,3034,1,1
174725,3034,7,1
174725,3039,0,1
174725,3062a,4,2
174725,3062a,14,2
174725,3068b,15,1
174725,3456,1,1
174725,3471,2,1
174725,3666,15,3
174725,3710,15,4
174725,3795,1,1
174725,3861b,4,1
174725,3865,2,1
174725,3899,4,2
174725,676pr0001,15,1
174735,250pr0001,4,1
174735,3001a,15,4
174735,3005,4,1
174735,3005,15,11
174735,3008a,15,3
174735,3008apr0014,15,1
174735,3009a,15,4
174735,3034a,15,1
174735,3035a,15,1
174735,3035apr0001,15,1
174735,3036a,15,2
174735,3036apr0001,15,1
174735,3036apr0002,15,1
174735,3063a,47,2
174735,3063a,15,1
174735,3063b,15,1
174735,3063b,4,1
174735,3065,4,20
174735,3065,47,4
174735,3065,15,23
174735,31bc01,15,2
174735,32bc01,15,1
174735,453bc01,15,2
174735,712a,15,1
174735,712apr0001,15,1
174735,820,15,1
174735,821,15,1
174735,822ac01,15,1
174735,upn0132,15,1
174735,upn0185,15,1
174743,3004,1,2
174743,3005,1,4
174743,3008,1,8
174743,3008pr0031,15,1
174743,3009,1,7
174743,3010,1,8
174743,3035,15,2
174743,3036,15,1
174743,645cc01,15,2
174743,820a,7,1
174743,820b,4,2
174744,3004,1,2
174744,3005,1,4
174744,3008,1,8
174744,3008pr0035,15,1
174744,3009,1,7
174744,3010,1,8
174744,3035,15,2
174744,3036,15,1
174744,645cc01,15,2
174744,820a,7,1
174744,820b,4,2
174762,100942pat0001,179,6
174762,10104441,9999,1
174762,10104792,9999,1
174762,10197,0,3
174762,10247,71,1
174762,10928,72,3
174762,11211,15,1
174762,11214,4,25
174762,11214,72,2
174762,11477,0,1
174762,11478,15,1
174762,11946,15,3
174762,11947,15,3
174762,15458,15,5
174762,15462,70,1
174762,15535,72,3
174762,15712,71,6
174762,18651,0,10
174762,18654,15,5
174762,18654,4,4
174762,18654,72,2
174762,18674,71,1
174762,18674,0,1
174762,18939,71,2
174762,22484,72,5
174762,23444,297,2
174762,2391,0,2
174762,23948,71,3
174762,24119,15,1
174762,2431,15,1
174762,2477,0,2
174762,24866,25,1
174762,25214,0,4
174762,26047,297,1
174762,26603,15,1
174762,2736,71,2
174762,27938,72,1
174762,27940,72,3
174762,27965,179,2
174762,28974,15,2
174762,3003,0,1
174762,3004,15,1
174762,3022,15,1
174762,3023,15,4
174762,3024,0,1
174762,3024,47,2
174762,30292,15,6
174762,30374,1000,4
174762,3068b,0,1
174762,3069b,15,2
174762,32000,15,2
174762,32002,19,3
174762,32005a,72,2
174762,32013,15,7
174762,32013,4,2
174762,32016,15,4
174762,32016,0,2
174762,32034,72,4
174762,32034,71,2
174762,32034,0,4
174762,32034,15,3
174762,32062,4,20
174762,32064a,15,2
174762,32065,15,1
174762,32072,0,14
174762,32072,14,1
174762,32073,14,10
174762,32123b,15,9
174762,32123b,71,12
174762,32124,0,1
174762,32140,72,17
174762,32140,15,10
174762,32184,0,9
174762,32184,15,4
174762,32192,0,4
174762,32198,19,2
174762,32250,15,1
174762,32250,0,1
174762,32270,0,1
174762,32271,0,2
174762,32271,72,2
174762,32278,15,6
174762,32291,15,1
174762,32316,72,10
174762,32316,1,2
174762,32348,0,2
174762,32449,72,1
174762,32474,15,1
174762,32494,71,2
174762,32498,0,1
174762,32523,0,14
174762,32523,72,4
174762,32523,15,4
174762,32523,71,8
174762,32524,0,2
174762,32524,15,17
174762,32525,15,14
174762,32525,72,4
174762,32526,1,2
174762,32526,15,1
174762,32526,0,2
174762,32828,71,1
174762,3298,15,2
174762,33172,15,1
174762,35442,0,2
174762,35480,0,2
174762,3623,15,1
174762,3648b,72,1
174762,3705,0,11
174762,3706,4,2
174762,3710,15,1
174762,3713,0,10
174762,3713,71,3
174762,3941,15,6
174762,39793,15,4
174762,39793,72,2
174762,39794,15,1
174762,39794,0,1
174762,4032a,0,3
174762,40490,72,2
174762,41677,72,1
174762,42003,72,12
174762,42003,71,1
174762,42135,71,1
174762,42195,4,4
174762,42531,15,1
174762,4274,71,11
174762,42924,1,94
174762,43093,1,47
174762,43898,47,1
174762,44225,71,1
174762,44294,71,6
174762,44728,15,1
174762,44874,71,8
174762,4519,71,34
174762,46189,0,4
174762,4740,15,1
174762,48267,15,2
174762,50923,72,1
174762,53923,71,1
174762,54200,15,2
174762,55013,72,1
174762,55982,0,2
174762,57360,15,1
174762,59426,72,9
174762,59443,15,10
174762,59443,0,14
174762,60483,15,17
174762,60483,0,1
174762,60484,15,1
174762,61332,0,152
174762,61408,0,1
174762,6141,15,4
174762,61903,71,8
174762,62462,4,4
174762,62462,179,6
174762,62462,297,1
174762,62462,15,2
174762,63864,15,1
174762,63869,15,3
174762,64179,71,1
174762,64644,297,1
174762,64782,15,4
174762,65304,71,13
174762,6536,0,2
174762,6536,1,4
174762,6541,71,2
174762,6541,15,2
174762,65487,0,14
174762,65487,15,38
174762,65489,71,1
174762,6553,15,2
174762,65578,272,2
174762,65746,0,1
174762,6589,19,4
174762,66906,4,2
174762,67095,71,1
174762,67695,0,1
174762,67811,0,1
174762,68888,72,1
174762,69984,0,1
174762,71708,0,4
174762,71709,15,5
174762,73230,15,3
174762,73507,0,2
174762,80563,72,1
174762,85984,15,2
174762,87079,0,1
174762,87083,72,8
174762,87408,0,1
174762,87580,15,2
174762,87994,297,2
174762,87994,72,2
174762,88738,15,2
174762,89678,4,26
174762,92693,71,1
174762,92906,72,2
174762,92907,0,4
174762,98138,0,2
174762,98138,1,2
174762,98138,47,8
174762,98138,41,1
174762,98138pr0361,0,9
174762,98585,71,6
174762,99012,72,4
174762,99207,15,1
174762,99773,72,2
174763,10101059,9999,1
174763,10197,0,4
174763,10928,72,5
174763,11214,4,22
174763,11946,2,3
174763,11946,14,2
174763,11946,0,1
174763,11947,0,1
174763,11947,2,3
174763,11947,14,2
174763,11950,71,4
174763,15038,14,4
174763,15068,0,2
174763,15458,2,4
174763,15458,0,1
174763,15462,70,8
174763,18575,0,1
174763,18651,0,9
174763,18654,72,9
174763,18654,0,4
174763,18939,71,2
174763,18948,15,2
174763,19474,71,3
174763,19478,72,4
174763,19478,14,1
174763,22961,72,9
174763,23798,0,4
174763,2387,2,1
174763,2387,0,1
174763,2389,2,1
174763,2389,0,1
174763,2391,2,3
174763,2393,71,2
174763,23948,14,1
174763,2431,2,2
174763,24316,70,5
174763,2502,14,2
174763,26288,1,1
174763,26603,2,2
174763,27940,72,8
174763,3020,2,3
174763,3020,0,2
174763,3021,0,2
174763,3023,0,2
174763,3023,2,2
174763,3024,0,2
174763,3068b,0,1
174763,3069b,0,3
174763,3069b,2,4
174763,3070b,47,6
174763,32002,19,12
174763,32013,0,8
174763,32013,2,4
174763,32016,0,2
174763,32017,14,2
174763,32034,72,1
174763,32034,25,1
174763,32056,0,4
174763,32062,4,47
174763,32073,71,17
174763,32123b,71,3
174763,32123b,14,4
174763,32126,0,4
174763,32140,2,2
174763,32140,0,6
174763,32184,0,13
174763,32184,14,7
174763,32184,71,2
174763,32192,0,2
174763,32198,19,2
174763,32270,0,1
174763,32278,2,6
174763,32278,14,1
174763,32291,0,5
174763,32316,14,9
174763,32316,2,36
174763,32316,0,11
174763,32449,2,12
174763,32523,14,2
174763,32523,0,12
174763,32523,2,21
174763,32524,2,12
174763,32524,0,7
174763,32525,0,3
174763,32526,0,6
174763,32526,2,4
174763,32526,72,2
174763,35464,0,40
174763,3666,2,4
174763,3673,71,10
174763,3705,0,14
174763,3706,4,2
174763,3707,0,6
174763,3708,0,1
174763,3713,71,24
174763,3749,19,3
174763,3795,2,1
174763,3958,2,1
174763,39793,72,2
174763,39793,0,4
174763,39794,0,3
174763,39888,19,4
174763,40490,2,6
174763,40490,0,6
174763,40490,14,2
174763,41239,2,1
174763,41239,0,4
174763,41530,179,1
174763,41677,0,8
174763,42003,14,7
174763,42003,4,2
174763,42003,0,12
174763,42135,72,8
174763,42195,71,1
174763,42195,2,17
174763,42195,0,3
174763,42924,1,115
174763,43093,1,63
174763,44294,14,3
174763,44809,0,2
174763,44874,0,2
174763,44874,71,5
174763,44874,4,2
174763,4519,71,43
174763,45590,0,4
174763,4697b,15,6
174763,5102c03,1,2
174763,5102c05,0,2
174763,5102c06,71,3
174763,5102c06,1,2
174763,5102c11,0,6
174763,5102c11,71,5
174763,5102c20,1,1
174763,5102c23,71,1
174763,5102c24,0,1
174763,52730,72,1
174763,52731,71,1
174763,55013,72,2
174763,59426,72,4
174763,59443,2,17
174763,59443,14,1
174763,59443,72,3
174763,59443,0,10
174763,60483,72,10
174763,60483,2,8
174763,60483,0,10
174763,60484,0,5
174763,60485,71,5
174763,61332,0,128
174763,61903,71,6
174763,62462,0,2
174763,63864,2,2
174763,63869,0,4
174763,64178,71,1
174763,64179,0,1
174763,64782,0,1
174763,65304,0,36
174763,6536,0,21
174763,6536,2,12
174763,6536,14,8
174763,65414,71,2
174763,65487,0,40
174763,65489,71,2
174763,6587,28,2
174763,6589,19,12
174763,6629,2,2
174763,6632,0,4
174763,6632,2,2
174763,66906,0,4
174763,67491,2,2
174763,69761,14,2
174763,69762,14,2
174763,69779,321,1
174763,69819,72,5
174763,69819,0,2
174763,71682,0,13
174763,71682,2,4
174763,71709,2,6
174763,71710,0,3
174763,73507,0,2
174763,75c06,10,2
174763,75c09,0,4
174763,75c10,10,2
174763,77765,71,25
174763,79194,0,2
174763,79768,0,2
174763,87083,72,1
174763,87408,0,2
174763,88738,0,2
174763,89678,72,73
174763,89679,0,2
174763,89679,2,3
174763,92693,71,2
174763,92907,71,2
174763,92909,72,4
174763,93606,0,2
174763,94925,71,6
174763,98989,0,1
174763,99008,19,4
174763,99009,71,3
174763,99010,0,3
174763,99021,72,4
174764,10106222,9999,1
174764,10197,0,10
174764,11153,0,5
174764,11214,4,12
174764,11272,1103,2
174764,11477,0,1
174764,11946,321,3
174764,11946,0,4
174764,11947,321,3
174764,11947,0,4
174764,15573,0,3
174764,18651,0,14
174764,18654,0,18
174764,18677,0,4
174764,22961,71,2
174764,22961,72,1
174764,22961,0,4
174764,2387,0,6
174764,2387,321,2
174764,2389,321,2
174764,2389,0,6
174764,23948,14,1
174764,2395,0,6
174764,2403,0,6
174764,24116,72,2
174764,24316,70,21
174764,2445,0,1
174764,2457,321,2
174764,2457,0,5
174764,2459pr0003,0,1
174764,2459pr0004,0,1
174764,2723,0,4
174764,3023,0,5
174764,3024,0,2
174764,30374,36,4
174764,3068b,0,3
174764,30699,0,2
174764,3069b,0,3
174764,3070b,0,1
174764,32013,0,8
174764,32015,0,6
174764,32016,0,3
174764,32016,321,2
174764,32034,71,2
174764,32034,0,9
174764,32062,0,25
174764,32062,4,27
174764,32063,0,2
174764,32073,14,1
174764,32073,71,5
174764,32123b,71,36
174764,32140,0,6
174764,32140,72,2
174764,32184,0,3
174764,32184,72,4
174764,32270,0,3
174764,32278,0,1
174764,32278,71,4
174764,32291,0,5
174764,32294,321,2
174764,32316,72,2
174764,32316,0,5
174764,32449,0,2
174764,32449,321,2
174764,32449,72,4
174764,32523,0,2
174764,32523,321,1
174764,32523,72,2
174764,32524,0,7
174764,32525,0,1
174764,32525,72,2
174764,32526,321,2
174764,32526,0,4
174764,32557,71,4
174764,32580,0,3
174764,3484,0,2
174764,3666,0,1
174764,3705,0,7
174764,3706,0,3
174764,3713,71,9
174764,40490,0,4
174764,40490,71,3
174764,40490,321,1
174764,41239,0,2
174764,4162,0,4
174764,41677,0,38
174764,41677,321,8
174764,42003,0,4
174764,42003,71,9
174764,42135,0,4
174764,42195,72,1
174764,42195,0,1
174764,42924,1,39
174764,43093,1,21
174764,43722,0,1
174764,43723,0,1
174764,43857,321,2
174764,43857,0,4
174764,44294,14,1
174764,44309,0,2
174764,44874,0,2
174764,4519,71,11
174764,4519,14,2
174764,4865b,0,4
174764,49151,72,1
174764,54200,0,1
174764,55013,72,1
174764,56145,321,2
174764,56904,321,2
174764,59426,72,2
174764,59443,71,4
174764,59443,0,2
174764,59443,321,2
174764,60483,0,4
174764,60483,71,2
174764,60484,0,1
174764,60485,71,2
174764,61184,4,7
174764,61332,0,115
174764,62462,0,4
174764,63864,0,4
174764,63869,0,4
174764,64393,0,1
174764,64681,0,1
174764,65304,0,8
174764,6536,0,24
174764,65487,0,23
174764,65489,71,2
174764,65746,0,2
174764,6575,72,4
174764,6589,19,3
174764,6632,0,16
174764,69819,0,5
174764,71682,321,1
174764,71682,0,2
174764,71708,0,2
174764,75c05,0,2
174764,80274,0,1
174764,80278,0,1
174764,86996,0,1
174764,87083,72,3
174764,87761,0,1
174764,87994,0,4
174764,89678,4,47
174764,89678,72,12
174764,89679,321,2
174764,89679,0,4
174764,89679pr0003,0,1
174764,98138,0,4
174764,98138pr0039,272,1
174765,10103037,9999,1
174765,11211,15,2
174765,14520,2,2
174765,14716,15,2
174765,14769,71,1
174765,14769,323,2
174765,14769pr0004,71,1
174765,15207,14,2
174765,15535pr0001,72,2
174765,18654,4,2
174765,18980,10,1
174765,23969,322,2
174765,2412b,0,6
174765,2412b,179,1
174765,2432,321,1
174765,2445,71,1
174765,2449,15,4
174765,2454b,15,2
174765,24866,226,1
174765,2498,322,5
174765,2540,72,2
174765,2629,71,1
174765,26599,71,2
174765,2877,71,2
174765,3003,272,2
174765,3004,322,4
174765,3004,272,4
174765,3005,322,2
174765,30136,70,1
174765,3020,15,2
174765,3020,321,1
174765,3022,322,2
174765,3022,272,1
174765,3023,4,3
174765,30237b,15,1
174765,3034,322,4
174765,3039,0,2
174765,3069b,0,1
174765,3176,71,2
174765,32013,4,6
174765,32028,14,1
174765,32062,4,2
174765,32123b,15,8
174765,32607,2,1
174765,3623,2,4
174765,3673,14,2
174765,3701,15,2
174765,3710,14,2
174765,3710,27,2
174765,3710,322,2
174765,3737,0,1
174765,3749,19,2
174765,3829c01,71,1
174765,3836,70,1
174765,3941,71,1
174765,39767,4,2
174765,4032a,15,3
174765,41531,71,2
174765,4282,15,2
174765,42924,1,2
174765,44567b,0,2
174765,44865,72,2
174765,4519,14,2
174765,45590,0,2
174765,4865b,322,4
174765,52036,72,1
174765,52501,2,2
174765,54200,36,2
174765,56890,0,4
174765,57783,40,2
174765,57895,41,2
174765,6014b,71,4
174765,60479,72,1
174765,60596,0,2
174765,6179,0,1
174765,6232,72,4
174765,6254,15,4
174765,6541,15,2
174765,65768,0,2
174765,6636,322,3
174765,67095,15,2
174765,73230,0,2
174765,78258,0,1
174765,85984,272,2
174765,87079,72,4
174765,87079,14,1
174765,87079,272,2
174765,87083,72,2
174765,87580,0,8
174765,87580,272,4
174765,87580,28,2
174765,93273,71,4
174765,93606,72,8
174765,98138,40,2
174765,98138,36,1
174765,98138,323,4
174765,98138,34,1
174765,98138pr0186,71,1
174765,98281,14,1
174765,98282,72,4
174765,99207,0,2
174766,10103038,9999,1
174766,11215,71,1
174766,11477,85,1
174766,11477,25,1
174766,11477,322,1
174766,11609,191,1
174766,11610,19,3
174766,13965,212,2
174766,14719,15,7
174766,15395,322,1
174766,15470,15,1
174766,15535,25,1
174766,1566,10,3
174766,1748,84,6
174766,18653,25,1
174766,18653,322,1
174766,18653,212,2
174766,18653,85,1
174766,18674,85,1
174766,19798,0,1
174766,20482,15,1
174766,20482,0,2
174766,22888,10,1
174766,2357,15,2
174766,2412b,15,8
174766,2420,71,1
174766,24246,322,1
174766,24246,25,1
174766,24246,15,3
174766,24246,85,1
174766,2431,25,1
174766,24314c01,47,2
174766,2453b,15,3
174766,2456,15,3
174766,2456,25,1
174766,2456,85,1
174766,2465,15,1
174766,24866,29,2
174766,24947,4,1
174766,2577,15,1
174766,2612,71,1
174766,2654,25,1
174766,26603,19,1
174766,27507,15,2
174766,27925,85,4
174766,2821,191,1
174766,3001,25,1
174766,3002,15,3
174766,3002,85,1
174766,3003,85,1
174766,30031,71,1
174766,3004,212,2
174766,3004,15,2
174766,3005,212,6
174766,3005,322,2
174766,3005,85,2
174766,3005,25,3
174766,3005pr0026,73,1
174766,3010,15,2
174766,30136,0,1
174766,30151b,47,1
174766,3020,15,1
174766,3020,19,2
174766,3021,72,1
174766,3021,15,1
174766,30222,84,1
174766,30222,33,1
174766,3023,70,2
174766,3023,46,1
174766,3023,212,1
174766,30237b,72,1
174766,3024,212,1
174766,3044c,25,1
174766,30562,41,1
174766,3069b,212,8
174766,3069bpr0189,0,1
174766,3070b,322,1
174766,3070bpr0234,71,1
174766,32607,2,5
174766,3262,4,1
174766,33909,71,4
174766,3460,212,5
174766,3460,25,1
174766,35336,47,1
174766,35464,15,1
174766,3623,71,1
174766,3623,212,3
174766,3665,25,1
174766,36841,15,2
174766,3701,72,1
174766,3705,0,1
174766,3710,25,1
174766,3710,71,7
174766,3937,15,1
174766,3941,322,1
174766,3941,15,1
174766,3941,25,1
174766,39767,71,1
174766,41539,84,1
174766,4162,25,1
174766,4162,15,1
174766,41740,15,5
174766,41835pr0001,4,1
174766,41948,15,1
174766,4217,71,1
174766,44728,15,1
174766,4533,41,2
174766,46212,41,4
174766,46303,26,1
174766,46303,321,1
174766,47397,19,1
174766,47398,19,1
174766,48092,15,1
174766,48336,19,1
174766,4865b,28,1
174766,50015,15,1
174766,50950,19,2
174766,53923,71,1
174766,54672,15,1
174766,59349,41,1
174766,59900,29,1
174766,60470b,0,1
174766,60474,85,2
174766,60474,322,1
174766,60474,25,1
174766,60581,15,1
174766,60596,212,2
174766,60616b,41,1
174766,6091,85,1
174766,6091,322,1
174766,6091,25,1
174766,6134,71,1
174766,6141,25,2
174766,6141,191,1
174766,6141,70,1
174766,61485,71,1
174766,6232,15,2
174766,6254,27,1
174766,6254,191,1
174766,6254,85,1
174766,6254,70,1
174766,63864,322,2
174766,63864,28,4
174766,63864,25,1
174766,63864,15,10
174766,63864,85,1
174766,63965,15,1
174766,65578,47,1
174766,65886,19,1
174766,73825,71,1
174766,77844,84,1
174766,79389,15,2
174766,80015,212,2
174766,80179,179,1
174766,86996,71,2
174766,87079,15,1
174766,87081,15,1
174766,87580,322,1
174766,87580,25,1
174766,88646,71,1
174766,91988,0,1
174766,92410,3,2
174766,92438,15,1
174766,92851,47,1
174766,93273,19,1
174766,98138,31,1
174766,98138,5,2
174766,98138,226,1
174766,98138,10,1
174766,98138,15,1
174766,99207,71,2
174767,02137pat0001,70,1
174767,02137pat0002,0,1
174767,10103042,9999,1
174767,11211,1,4
174767,11253,297,2
174767,11458,71,1
174767,14718,71,2
174767,14719,71,12
174767,15533,71,5
174767,18653,25,3
174767,18653,19,1
174767,22885,19,1
174767,22886,71,1
174767,23405,3,2
174767,2357,71,8
174767,2393,71,1
174767,2412b,71,23
174767,2431,25,1
174767,2431,72,4
174767,2431,3,3
174767,2432,0,4
174767,2450,27,12
174767,2453b,3,5
174767,2456,19,2
174767,2465,3,2
174767,2496,0,2
174767,2628,10,1
174767,2629,71,1
174767,2629,10,1
174767,26601,72,2
174767,26603,71,5
174767,26603,15,1
174767,27507,27,1
174767,28192,27,10
174767,3001,3,2
174767,3001,15,2
174767,3003,25,1
174767,3003,322,2
174767,3003,71,1
174767,30031,72,1
174767,3004,322,3
174767,3004,25,4
174767,3004,71,4
174767,3004,0,1
174767,3004,3,2
174767,3005,15,4
174767,3009,71,9
174767,3009,3,3
174767,30099,25,16
174767,3010,25,4
174767,30136,70,2
174767,3020,28,2
174767,3020,15,2
174767,3020,71,1
174767,3021,4,7
174767,3022,72,1
174767,3022,27,2
174767,3023,27,8
174767,3023,28,2
174767,3024,15,3
174767,3031,19,1
174767,3034,71,6
174767,3034,25,2
174767,3035,10,3
174767,30377,72,1
174767,3039,25,6
174767,3062b,26,1
174767,3062b,46,1
174767,3068b,72,2
174767,3069b,27,1
174767,3069b,72,14
174767,3069bpr0189,0,1
174767,32474,25,1
174767,3460,25,6
174767,3460,71,4
174767,3464,72,2
174767,35485,0,1
174767,35787,72,2
174767,35787,71,2
174767,3622,0,1
174767,36273,14,1
174767,3666,322,2
174767,3666,72,3
174767,3666,0,1
174767,3666,15,2
174767,3678b,71,2
174767,36934,0,1
174767,3701,0,1
174767,3701,72,15
174767,3710,0,2
174767,3710,19,1
174767,37352,4,3
174767,3795,0,1
174767,41539,71,3
174767,41740,71,20
174767,41740,72,11
174767,42445,71,1
174767,42511,85,1
174767,4365,3,2
174767,4477,27,4
174767,44861,4,1
174767,44865,4,10
174767,4599b,0,1
174767,46189,0,1
174767,46303,321,1
174767,46303,0,1
174767,49311,71,1
174767,50861,0,2
174767,50862,27,2
174767,6081,322,3
174767,61332,0,7
174767,6190,0,1
174767,63864,288,1
174767,64448,27,1
174767,65509,72,1
174767,6583,0,1
174767,71771,72,2
174767,71772,72,1
174767,73831,71,1
174767,75538,25,2
174767,75539,25,2
174767,79756,0,4
174767,80015,0,2
174767,85861,27,3
174767,85984,25,2
174767,87079,25,8
174767,87079,27,1
174767,87079,72,20
174767,87580,72,1
174767,89678,4,1
174767,98138pr0035,179,1
174767,98283,71,2
174768,10103043,9999,1
174768,10884,27,2
174768,11476,71,2
174768,14719,84,2
174768,14719,71,26
174768,15210,0,1
174768,15535,70,1
174768,15535,15,1
174768,15573,25,2
174768,15573,0,1
174768,18651,0,1
174768,20482,47,3
174768,20482,29,2
174768,2357,71,4
174768,23969,0,1
174768,2412b,0,2
174768,2412b,71,40
174768,2417,10,1
174768,2420,27,2
174768,24246,322,2
174768,2431,33,6
174768,2431,321,2
174768,2432,0,3
174768,2450,15,12
174768,2450,84,8
174768,2453b,84,8
174768,2453b,15,6
174768,2453b,27,6
174768,2456,14,1
174768,2465,27,2
174768,2465,15,3
174768,24866,2,1
174768,24866,10,10
174768,2496,3,2
174768,25386,19,1
174768,2628,71,2
174768,2629,71,4
174768,26603,73,2
174768,26603,15,3
174768,2921,71,2
174768,2921,70,2
174768,3001,84,2
174768,3002,70,3
174768,3002,15,2
174768,3002,0,1
174768,3002,4,3
174768,3003,25,4
174768,3003,19,1
174768,3003,14,2
174768,30031,72,1
174768,3004,322,3
174768,3004,71,4
174768,3004,27,17
174768,3004,14,3
174768,3005,322,2
174768,3005,27,6
174768,3005,84,16
174768,3008,84,2
174768,3009,27,2
174768,3009,15,8
174768,3009,322,4
174768,30136,15,3
174768,3020,70,1
174768,3020,84,2
174768,3020,2,4
174768,3021,70,1
174768,3021,71,1
174768,3022,321,1
174768,3022,27,1
174768,3022,72,2
174768,3022,26,1
174768,3023,15,7
174768,3023,27,2
174768,3023,84,8
174768,3023,182,2
174768,3034,71,1
174768,3034,10,1
174768,3036,71,1
174768,30414,27,3
174768,30504,27,1
174768,3062b,31,2
174768,3062b,36,1
174768,3062b,484,1
174768,3062b,47,3
174768,3062b,1,2
174768,3065,36,1
174768,3065,33,11
174768,3068b,72,1
174768,3069b,212,1
174768,3069b,0,3
174768,3069b,41,1
174768,3069bpr0302,322,1
174768,3176,15,2
174768,3245c,15,2
174768,32607,10,8
174768,33078,4,1
174768,33183,10,2
174768,33909,15,1
174768,33909,72,4
174768,33909,70,4
174768,3400,4,1
174768,34103,73,2
174768,34337,71,4
174768,35787,15,10
174768,3622,15,5
174768,3623,14,1
174768,3628,4,1
174768,3633,15,1
174768,3666,2,4
174768,3666,322,1
174768,3666,70,1
174768,3666,72,1
174768,3666,15,1
174768,3701,72,14
174768,3710,28,2
174768,3710,27,13
174768,37352,4,3
174768,3795,19,1
174768,3795,15,1
174768,3795,25,2
174768,3937,71,2
174768,3938,15,2
174768,3941,70,4
174768,4032a,484,1
174768,4070,4,1
174768,4079b,72,1
174768,41539,84,2
174768,41539,2,1
174768,41740,71,38
174768,42205,84,6
174768,42205,322,3
174768,42509,41,2
174768,4274,71,3
174768,4345b,0,1
174768,4346,47,1
174768,4477,15,6
174768,44861,0,4
174768,44865,72,4
174768,4528,179,1
174768,4599b,14,2
174768,4599b,0,2
174768,46303,321,1
174768,48336,15,1
174768,49618,15,2
174768,51274,70,1
174768,54200,47,2
174768,57895,41,12
174768,59895,0,4
174768,59900,182,2
174768,60032,0,2
174768,60484,0,1
174768,60596,15,13
174768,60897,72,2
174768,61332,0,8
174768,6141,47,2
174768,6179,0,1
174768,62113,0,1
174768,6232,84,4
174768,62462,70,1
174768,64448,15,7
174768,65574,191,1
174768,65886,15,1
174768,65886pr0008,272,2
174768,6636,15,3
174768,6636,70,1
174768,67687,0,2
174768,69729,72,1
174768,71771,321,2
174768,71772,321,1
174768,79741,179,1
174768,80683,41,2
174768,85984,15,5
174768,86996,84,1
174768,86996,4,2
174768,87079,72,3
174768,87079,70,1
174768,87079,25,2
174768,87079pr0236,321,1
174768,87087,15,3
174768,87544,15,2
174768,87552,41,15
174768,87994,10,1
174768,92107,71,2
174768,92851,47,2
174768,92926,72,1
174768,92926,27,1
174768,93092,191,1
174768,96874,25,1
174768,98138,71,2
174768,98138,226,1
174768,98138,0,1
174768,98138,4,1
174768,98138,36,1
174768,98138,34,1
174768,98138,320,2
174768,98138,182,1
174768,99207,72,4
174768,99563,15,2
174769,10103045,9999,1
174769,10202,15,2
174769,104702,1062,1
174769,11187,72,3
174769,11290,15,4
174769,12897,4,1
174769,15068,70,2
174769,15068,15,8
174769,15070,15,1
174769,15207,71,2
174769,15207,41,13
174769,15210pr9998,0,1
174769,15573,72,2
174769,15712,0,5
174769,15712,15,2
174769,17485,0,2
174769,18654,27,1
174769,18738,179,2
174769,18746,191,1
174769,18746,1050,1
174769,18759,71,1
174769,18980,15,2
174769,19798,0,1
174769,20482,321,6
174769,20482,71,1
174769,20482,191,6
174769,20482,5,6
174769,20482,15,1
174769,20953,15,1
174769,22885,15,1
174769,23443,15,12
174769,2357,0,3
174769,2357,71,5
174769,2412b,71,1
174769,2420,72,8
174769,2423,378,3
174769,2431,27,9
174769,2431,15,3
174769,2432,0,4
174769,2453b,71,6
174769,2453b,0,2
174769,2454b,0,30
174769,2465,0,1
174769,2465,84,2
174769,25214,4,4
174769,2524,70,1
174769,25376,4,1
174769,2628,15,1
174769,2629,84,4
174769,2682,2,3
174769,27263,27,2
174769,28621,15,1
174769,3001,71,3
174769,3001,15,4
174769,3003,0,34
174769,3003,84,2
174769,3004,15,2
174769,3004,0,8
174769,3004,84,8
174769,3005,71,5
174769,3005,15,2
174769,3005,84,2
174769,3005pr0026,73,1
174769,3007,0,4
174769,3008,71,3
174769,3008,0,6
174769,3008,84,8
174769,30089b,321,1
174769,3010,0,7
174769,3010,15,5
174769,3010,19,2
174769,30162,0,1
174769,30166,71,8
174769,3020,70,2
174769,3020,0,3
174769,3020,27,7
174769,3021,72,1
174769,3022,71,2
174769,3022,84,6
174769,3023,0,37
174769,3023,71,2
174769,3023,41,4
174769,3031,72,1
174769,3035,15,4
174769,30357,84,2
174769,30357,70,2
174769,30363,15,8
174769,3037,72,1
174769,3039,15,1
174769,3039,27,12
174769,3039pr0029,15,1
174769,3040b,71,7
174769,3040b,0,4
174769,30414,72,3
174769,3065,41,4
174769,3068b,0,1
174769,3068bpr0683,0,1
174769,3069b,27,7
174769,3069b,84,8
174769,3069bpr0168,70,1
174769,3069bpr0300,15,1
174769,3069bpr0371,15,1
174769,3069bpr0376,15,1
174769,3070b,40,2
174769,3070b,72,5
174769,3070bpr0234,71,1
174769,32062,4,6
174769,32123b,71,1
174769,3245c,72,5
174769,3297,15,4
174769,33183,70,2
174769,33909,70,2
174769,34103,71,4
174769,3460,15,12
174769,3460,0,6
174769,3535,41,4
174769,35458,10,1
174769,35464,15,1
174769,35480,15,7
174769,35787,1062,2
174769,35787,84,4
174769,35787,14,2
174769,35787,27,2
174769,35787,71,4
174769,3622,71,9
174769,3622,0,4
174769,3623,27,6
174769,3633,0,1
174769,3633,72,1
174769,3666,71,2
174769,3666,84,6
174769,3678b,0,2
174769,36934,25,1
174769,3700,72,5
174769,3701,72,4
174769,3701,0,8
174769,3710,70,10
174769,3710,72,8
174769,37695,10,1
174769,37762,15,3
174769,37762,179,1
174769,3795,0,6
174769,3795,15,1
174769,3822,15,1
174769,3899,179,1
174769,3899,47,1
174769,3956,71,1
174769,4032a,27,1
174769,4070,19,12
174769,4151b,0,2
174769,41539,15,1
174769,41539,84,2
174769,4162,15,3
174769,41740,84,35
174769,41747,15,1
174769,42205,0,4
174769,4274,71,2
174769,4287c,70,1
174769,4287c,0,2
174769,43093,1,1
174769,44728,71,1
174769,4477,70,2
174769,44861,71,8
174769,4515,15,2
174769,4519,14,2
174769,46303,321,1
174769,46303,0,1
174769,46304,15,1
174769,4697b,15,3
174769,47457,71,4
174769,47847,71,3
174769,47905,15,1
174769,48336,3,1
174769,4865b,41,1
174769,48729b,15,2
174769,50304,15,1
174769,50305,15,1
174769,50861,0,2
174769,50862,179,2
174769,54200,41,6
174769,54200,71,5
174769,56903,15,1
174769,57895,41,4
174769,59426,72,1
174769,59900,72,2
174769,6005,15,4
174769,60470b,72,4
174769,60475b,15,2
174769,60581,41,4
174769,60594,0,1
174769,60594,71,3
174769,60596,15,6
174769,60599,15,5
174769,60616b,41,3
174769,60897,0,2
174769,6112,0,2
174769,61254,0,1
174769,61332,0,9
174769,6141,15,6
174769,6141,27,3
174769,61780,70,1
174769,6180,71,3
174769,6259,70,1
174769,63864,0,5
174769,64000,15,2
174769,64799,72,3
174769,65734,41,6
174769,6636,84,2
174769,6636,0,2
174769,6636,70,2
174769,6636,27,4
174769,66956,71,5
174769,69729,15,2
174769,72869,179,1
174769,73109,71,4
174769,73763,71,5
174769,73764,0,1
174769,73825,378,4
174769,73831,71,8
174769,77844,84,4
174769,78333,71,1
174769,79389,0,4
174769,79688,0,1
174769,79757,0,4
174769,80679pr0001,484,1
174769,85080,70,2
174769,85861,320,1
174769,85984,15,21
174769,87079,27,1
174769,87079,15,8
174769,87087,27,1
174769,87087,72,8
174769,87552,41,6
174769,87552,0,7
174769,87580,27,6
174769,87994,10,1
174769,88072,0,7
174769,88292,70,4
174769,88930,15,2
174769,89522,15,5
174769,90509,25,2
174769,90509,322,2
174769,90540,72,2
174769,90540,4,2
174769,91501,0,8
174769,92084pr0008,19,1
174769,92438,0,2
174769,92438,15,2
174769,92947,308,1
174769,93555,179,4
174769,95270,72,2
174769,96874,25,1
174769,98138,34,1
174769,98138,35,4
174769,98138,36,1
174769,98138,308,1
174769,98138,70,1
174769,98138,47,1
174769,98138,0,1
174769,98138pr9986,84,1
174769,98283,19,12
174769,99021,72,2
174769,99206,72,5
174769,99206,0,12
174769,99780,27,4
174769,99780,15,2
174770,11477,25,2
174770,15068,25,1
174770,15068pr0075,25,1
174770,15540,0,2
174770,15573,25,1
174770,15712,72,1
174770,1750,15,1
174770,2566,0,1
174770,26599,71,1
174770,30031,72,1
174770,3020,272,1
174770,3020,15,1
174770,3022,272,2
174770,3023,36,1
174770,3023,71,3
174770,30237b,0,1
174770,3034,0,1
174770,3035,15,1
174770,30363,15,2
174770,3040b,15,1
174770,30503,15,2
174770,3065,41,1
174770,3069b,15,1
174770,3380pr0001,71,1
174770,3399pr0001,15,1
174770,35458,272,1
174770,3673,71,2
174770,4081b,272,2
174770,41948,321,1
174770,43719,322,1
174770,46304,15,1
174770,47720,0,1
174770,47755,272,1
174770,54200,41,4
174770,6190,0,1
174770,64648,158,1
174770,65578,71,1
174770,73562,25,1
174770,77850,0,1
174770,78256,322,2
174770,78329,272,2
174770,80286,0,2
174770,87087,0,1
174770,87580,15,3
174770,95343,71,1
174770,98138,47,3
174771,10190,25,4
174771,102285pr0001,10,1
174771,10247,15,2
174771,11090,72,1
174771,11213,28,2
174771,11477,322,1
174771,11609,191,1
174771,13731,25,2
174771,14518,71,1
174771,15068,322,2
174771,15068pr0075,25,1
174771,15254,15,1
174771,15279,10,1
174771,15573,25,4
174771,18674,272,1
174771,18838,19,1
174771,18980,1050,1
174771,20482,5,1
174771,2340,15,2
174771,2343,297,1
174771,23969,71,2
174771,24085,10,1
174771,2419,272,1
174771,2431pr0158,322,1
174771,24866,27,6
174771,26047,70,1
174771,3003,19,3
174771,30089b,321,1
174771,30093,10,1
174771,30150,71,1
174771,3020,322,3
174771,3022,25,3
174771,30357,26,2
174771,30367c,41,1
174771,30367c,1054,1
174771,3040b,322,6
174771,3062b,25,2
174771,3065,41,2
174771,3068b,71,1
174771,3069b,15,2
174771,3069bpr0376,15,1
174771,32270,0,3
174771,32828,0,3
174771,33121,191,1
174771,34816,71,2
174771,3622,19,2
174771,3622,272,2
174771,3633,15,1
174771,3700,15,2
174771,3700,25,1
174771,3710,0,2
174771,3749,19,4
174771,3795,25,2
174771,3829c01,15,1
174771,4081b,15,2
174771,4289,15,1
174771,44301b,15,1
174771,44568,71,1
174771,44751,1,1
174771,44861,71,2
174771,46413,41,1
174771,4738c,70,1
174771,4739a,70,1
174771,4790b,70,1
174771,48336,322,4
174771,48729b,71,4
174771,49577,1050,1
174771,49577,3,1
174771,53020,212,1
174771,53923,72,1
174771,54657,0,2
174771,60470b,15,2
174771,61409,15,2
174771,62812,272,1
174771,64648,158,1
174771,64648,212,1
174771,67040pr0001,10,1
174771,67229pr0002,71,1
174771,67337pr0004,379,1
174771,85861,71,4
174771,85984,19,1
174771,85984pr0021,71,1
174771,87079pr0303,25,1
174771,87580,484,3
174771,88072,71,1
174771,92081,226,1
174771,92338,179,1
174771,93095,15,2
174771,98138,36,1
174771,98138,34,1
174771,98138,47,7
174771,98138pr0283,297,4
174771,98313,15,2
174772,10103049,9999,1
174772,11187,72,4
174772,14716,322,3
174772,15535,71,5
174772,15540,0,4
174772,15712,1,2
174772,1750,25,3
174772,18674,0,3
174772,18738,179,1
174772,19159,0,1
174772,19220,0,1
174772,20482,272,1
174772,24093,15,1
174772,2431,25,7
174772,2431pr0158,322,2
174772,2432,71,1
174772,24324,15,1
174772,2445,322,3
174772,2456,15,2
174772,2569,0,1
174772,2639,15,1
174772,27507,25,2
174772,27925,25,4
174772,28192,71,4
174772,2877,15,5
174772,30000,15,4
174772,3001,71,1
174772,3002,25,2
174772,3005,15,4
174772,3005,25,4
174772,30089b,0,1
174772,3010,25,8
174772,30150,84,1
174772,30162,0,1
174772,30194,179,1
174772,3020,272,2
174772,3020,322,2
174772,3021,71,1
174772,3023,25,2
174772,3024,25,2
174772,3030,71,1
174772,3032,25,1
174772,3032,0,4
174772,3033,25,1
174772,3034,272,1
174772,30357,71,2
174772,30385,35,1
174772,30395,72,1
174772,3039pr0028,15,1
174772,30414,0,2
174772,30503,15,2
174772,30503,0,2
174772,30541,0,2
174772,3062b,0,1
174772,3068b,3,2
174772,3069bpr0300,15,1
174772,3069bpr0307,71,1
174772,3069bpr0364,322,2
174772,3069bpr0376,15,1
174772,3070bpr0235,71,1
174772,3166,15,2
174772,32000,72,8
174772,32013,71,5
174772,32028,0,4
174772,32073,14,4
174772,3245c,25,4
174772,32739,25,2
174772,32803,72,2
174772,3381pr0001,15,2
174772,33909,3,5
174772,3460,322,1
174772,35480,72,2
174772,35480,0,8
174772,35578,0,1
174772,35787,15,2
174772,35787,322,2
174772,3623,0,4
174772,3623,322,4
174772,3633,0,2
174772,3666,0,2
174772,3666,25,1
174772,3673,14,1
174772,3701,15,1
174772,3702,15,4
174772,3707,0,1
174772,3709,72,2
174772,3710,322,4
174772,3710,15,1
174772,37352,15,2
174772,3795,322,4
174772,3823,41,1
174772,3829c01,0,1
174772,3837,179,1
174772,38648pat0001,0,1
174772,3899,14,1
174772,41239,322,2
174772,41682,71,1
174772,41740,72,4
174772,41740,272,1
174772,41948,321,1
174772,41948,15,1
174772,43093,1,2
174772,44301b,0,4
174772,4445,0,1
174772,4477,322,4
174772,4519,71,2
174772,4697b,71,2
174772,48336,4,1
174772,50340,0,4
174772,50943,71,1
174772,50950,15,2
174772,51482,0,1
174772,52031,25,3
174772,53540,0,2
174772,54091,272,1
174772,54657,71,2
174772,54662,71,1
174772,54671,71,2
174772,55981,15,1
174772,56903,272,4
174772,57359,71,1
174772,57360,0,1
174772,57520,0,6
174772,57697,0,3
174772,58176,182,3
174772,58380,15,1
174772,59443,4,2
174772,6005,25,2
174772,60481,272,2
174772,6112,0,2
174772,61332,0,12
174772,6141,1103,7
174772,61780,72,1
174772,6233,0,4
174772,62462,71,3
174772,64453,41,1
174772,64648,158,2
174772,65249,15,8
174772,6541,322,1
174772,65487,0,1
174772,65617,15,2
174772,6583,272,2
174772,65886pr0008,272,2
174772,68568,0,4
174772,68568,15,2
174772,70681,25,2
174772,72869,179,1
174772,73109,71,1
174772,74698,0,1
174772,77808,72,1
174772,77844,0,2
174772,79688,0,1
174772,80477,72,1
174772,80677,15,2
174772,85080,25,16
174772,85861,71,2
174772,87087,25,2
174772,87398pat0001,1103,1
174772,87544,41,2
174772,87552,41,8
174772,87580,47,4
174772,88072,71,1
174772,88323,0,44
174772,88644pat0001,1103,1
174772,88646,71,2
174772,89678,4,1
174772,92842,0,1
174772,95343,71,1
174772,96874,3,1
174772,98138,34,1
174772,98138,47,12
174772,98263,71,1
174772,98496pr0003,15,1
174772,99206,0,2
174772,99206,15,2
174772,99563,191,3
174772,99563,0,2
174772,99780,0,3
174773,10103050,9999,1
174773,10190,25,6
174773,11153,272,2
174773,11153,15,2
174773,11153,25,2
174773,11211,4,2
174773,11215,0,1
174773,11290,272,1
174773,11290,15,1
174773,13564,85,6
174773,14181,71,4
174773,14395,15,2
174773,14418,71,1
174773,14518,71,2
174773,14718,71,1
174773,14769,322,2
174773,14769,84,1
174773,15038,71,1
174773,15068,322,1
174773,15068,272,4
174773,15068,15,2
174773,15068,0,2
174773,15068pr0075,25,2
174773,15332,70,2
174773,15469,26,1
174773,15469,322,1
174773,15469,5,1
174773,15469,272,1
174773,15573,322,4
174773,15573,71,2
174773,15712,0,5
174773,15712,15,2
174773,15712,19,1
174773,15712,72,2
174773,16091,71,2
174773,16577,15,1
174773,16577,71,1
174773,18654,0,2
174773,18674,72,4
174773,18677,70,2
174773,18920,179,1
174773,18990,41,1
174773,20512pr0005,71,2
174773,22385,182,3
174773,22885,14,12
174773,22885,71,2
174773,22886,0,6
174773,2357,72,2
174773,23930,15,3
174773,23969,72,1
174773,2397,322,1
174773,23996,72,2
174773,2412b,15,5
174773,2420,14,2
174773,24201,72,2
174773,24246,70,2
174773,2431,272,6
174773,2431,15,2
174773,2431pr0158,14,4
174773,2431pr0158,322,1
174773,2432,25,1
174773,2456,322,3
174773,2456,25,4
174773,24855,15,4
174773,24866,30,4
174773,24866,1,1
174773,2530,72,1
174773,2653,71,4
174773,2654,71,6
174773,2654,46,4
174773,26601,71,4
174773,26603,15,1
174773,27167,0,1
174773,27507,70,1
174773,2817,71,1
174773,28802,71,1
174773,3001,322,1
174773,3001,0,2
174773,3003,25,2
174773,3004,272,2
174773,3004,25,2
174773,3004,72,2
174773,3005,15,2
174773,3007,70,2
174773,3008,0,2
174773,30089b,321,1
174773,3009,71,2
174773,30093,288,4
174773,3010,15,3
174773,3010,272,1
174773,30136,15,8
174773,30137,71,3
174773,30145,70,1
174773,30153,46,1
174773,30153,36,1
174773,3020,14,1
174773,3020,0,1
174773,3020,71,1
174773,3020,15,1
174773,3020,25,5
174773,3020,322,4
174773,3020,19,2
174773,3021,322,3
174773,3022,484,12
174773,3022,15,2
174773,3022,272,14
174773,3022,72,4
174773,3022,14,1
174773,3022,71,2
174773,3023,71,6
174773,3023,41,2
174773,3023,14,5
174773,3028,19,1
174773,3031,4,1
174773,3032,72,1
174773,3034,19,2
174773,3034,15,4
174773,3034,272,4
174773,3035,15,1
174773,30361c,15,2
174773,30364,0,2
174773,30367c,41,1
174773,30375,72,1
174773,30395,72,1
174773,3040b,71,13
174773,30414,0,6
174773,30565,19,2
174773,3062b,4,4
174773,3062b,70,2
174773,3062b,47,4
174773,3068b,19,2
174773,3069b,84,4
174773,3069b,72,2
174773,3069b,322,2
174773,3069b,272,2
174773,3069bpr9996,72,1
174773,3176,71,4
174773,32001,0,3
174773,32028,4,2
174773,32062,4,3
174773,32064a,0,2
174773,32333,0,2
174773,3245c,15,4
174773,3251,41,1
174773,32531,0,3
174773,3262,15,4
174773,3460,0,2
174773,3460,15,3
174773,3460,272,1
174773,35480,71,2
174773,35787,272,4
174773,35787,15,4
174773,3622,15,1
174773,3622,272,1
174773,3622,71,4
174773,3660,25,4
174773,3660,72,4
174773,3660,272,2
174773,3666,71,3
174773,3666,14,2
174773,3666,322,4
174773,3679,71,1
174773,3680,0,1
174773,3710,0,2
174773,3710,272,1
174773,3710,70,5
174773,3710,15,2
174773,3710,4,2
174773,3710,25,5
174773,3713,0,2
174773,37352,25,4
174773,3743,71,3
174773,3795,4,1
174773,3795,272,4
174773,3795,322,1
174773,3795,71,5
174773,3941,15,2
174773,3941,14,8
174773,3941,70,2
174773,3941,272,3
174773,3957b,47,2
174773,4006,0,3
174773,4032a,322,14
174773,4079b,272,1
174773,4079b,15,1
174773,4081b,71,2
174773,41531,71,2
174773,4162,484,3
174773,41740,272,2
174773,41948,84,1
174773,42445,47,2
174773,4274,71,4
174773,4286,72,5
174773,42924,1,4
174773,43093,1,2
174773,44126,15,1
174773,44294,71,4
174773,44567b,71,1
174773,44568,71,1
174773,44751,1,1
174773,4477,70,6
174773,4533,72,2
174773,4590,72,1
174773,4599b,0,2
174773,46189,0,6
174773,46212,41,2
174773,46667,0,2
174773,4697b,15,2
174773,4738c,70,1
174773,4739a,70,1
174773,4740,41,1
174773,4740,45,1
174773,48336,322,6
174773,48729b,0,2
174773,48729b,25,2
174773,49153,71,1
174773,49308,25,2
174773,49577,3,3
174773,50303,71,1
174773,50304,15,2
174773,50305,15,2
174773,50950,70,1
174773,51739,15,2
174773,53020,71,1
174773,53029,71,1
174773,54091,0,2
174773,54095,272,1
174773,54657,71,1
174773,57359,71,1
174773,57360,71,2
174773,57909b,72,2
174773,60470b,0,4
174773,60476,0,2
174773,60476,71,4
174773,60478,72,2
174773,6060,70,4
174773,6111,15,4
174773,61332,0,8
174773,6141,46,6
174773,6232,0,6
174773,62462,15,2
174773,62604pr0004,71,1
174773,62605pr0004,71,1
174773,63864,71,2
174773,63868,15,4
174773,64648,1000,4
174773,64951,70,1
174773,65249,15,3
174773,6541,15,1
174773,6541,272,1
174773,65768,0,1
174773,6636,15,2
174773,6636,25,2
174773,67243,0,1
174773,67245,15,1
174773,67329,1,2
174773,67696,0,2
174773,67811,15,1
174773,68212,3,6
174773,69320,41,1
174773,69729,70,4
174773,71752,0,4
174773,74698,0,1
174773,76755,25,8
174773,77180,25,4
174773,77182,25,4
174773,77808,72,2
174773,79688,0,1
174773,79850,47,2
174773,85543,15,2
174773,85861,4,1
174773,85861,71,20
174773,85984,272,3
174773,85984pr0002,72,1
174773,87079,15,1
174773,87079,25,2
174773,87079,0,1
174773,87079pr0303,25,2
174773,87087,30,1
174773,87087,4,8
174773,87544,41,2
174773,87751,0,1
174773,89679,4,2
174773,90202,0,2
174773,91501,15,2
174773,92081,226,1
174773,92410,71,2
174773,92584,72,2
174773,92585,4,1
174773,92950,72,2
174773,92950,272,2
174773,93106,0,1
174773,93273,272,2
174773,93606,25,8
174773,93606,322,1
174773,95347,0,2
174773,96874,25,1
174773,98138,47,1
174773,98138,182,4
174773,98138,322,4
174773,98302,72,2
174773,98313,0,2
174773,99207,322,2
174773,99563,15,1
174773,99563,297,4
174773,99780,71,2
174774,10103051,9999,1
174774,10190,25,2
174774,102304pr0001,0,1
174774,11211,72,2
174774,11211,322,2
174774,11212,0,2
174774,11458,70,1
174774,11478,71,2
174774,11833,71,1
174774,14716,70,1
174774,14716,15,4
174774,14719,71,2
174774,14769,25,1
174774,15068,25,6
174774,15068pr0075,25,1
174774,15470,179,1
174774,15535,4,1
174774,15573,3,2
174774,15573,378,4
174774,15712,4,1
174774,1748,71,1
174774,17485,25,4
174774,18575,0,2
174774,18649,15,1
174774,18912,72,1
174774,18913,272,1
174774,19220,0,1
174774,20482,4,2
174774,20482,71,2
174774,20953,15,2
174774,22885,71,4
174774,22885,15,2
174774,22886,15,4
174774,2357,15,2
174774,24122,0,2
174774,2412b,72,8
174774,2412b,25,1
174774,2431,72,2
174774,2431,15,4
174774,2431,272,4
174774,2431pr0158,322,7
174774,2432,0,23
174774,2445,322,6
174774,2450,0,2
174774,2454b,0,2
174774,2456,15,3
174774,2462,15,4
174774,2465,15,1
174774,2476a,71,1
174774,24947,25,2
174774,2584,0,1
174774,2585,71,1
174774,2629,322,2
174774,26601,322,6
174774,26603,4,2
174774,27263,15,8
174774,27925,322,2
174774,27925,0,4
174774,2817,71,1
174774,28192,71,4
174774,28802,71,2
174774,2921,71,2
174774,2937,25,4
174774,298c02,15,1
174774,3001,72,4
174774,3002,0,2
174774,3002,15,2
174774,3003,322,2
174774,3003,15,2
174774,3004,15,4
174774,3004,25,2
174774,3005,15,1
174774,3005,47,1
174774,3005,70,1
174774,3005,71,2
174774,3005,0,2
174774,3007,15,6
174774,3007,19,2
174774,30089b,0,1
174774,3009,19,4
174774,30093,288,1
174774,3010,72,2
174774,30136,19,1
174774,30162,71,2
174774,3020,28,1
174774,3020,322,5
174774,3021,19,2
174774,3022,322,2
174774,3022,25,1
174774,3022,70,1
174774,3023,322,3
174774,3023,4,2
174774,3023,70,1
174774,3023,0,4
174774,3023,15,2
174774,3023,71,7
174774,30236,71,1
174774,30237b,15,1
174774,30237b,70,1
174774,3031,322,2
174774,30340,15,2
174774,30361c,72,1
174774,30367c,41,1
174774,3037,15,4
174774,3039,15,1
174774,3039,322,2
174774,30395,72,1
174774,3039pr0025,15,2
174774,3039pr0027,15,2
174774,3040b,322,6
174774,3040b,41,4
174774,3040b,484,1
174774,30414,71,1
174774,30505,15,6
174774,3062b,46,2
174774,3062b,25,4
174774,3062b,41,2
174774,3062b,15,1
174774,3062b,72,1
174774,3068b,25,8
174774,3068b,72,2
174774,3069b,25,6
174774,3069b,72,2
174774,3069bpr0300,0,1
174774,3070b,322,2
174774,32002,19,1
174774,32062,4,2
174774,32073,14,1
174774,32124,0,6
174774,32278,71,1
174774,3245c,25,4
174774,3245c,0,3
174774,3245c,15,2
174774,32530,72,2
174774,3262,14,2
174774,33121,4,2
174774,3379,15,1
174774,33909,272,2
174774,33909,4,2
174774,33909,71,2
174774,3456,72,2
174774,3460,71,2
174774,3460,25,2
174774,35480,15,3
174774,35480,0,1
174774,35480,72,3
174774,35787,15,2
174774,35787,322,4
174774,35787,25,6
174774,35787,0,2
174774,3622,15,3
174774,3660,272,1
174774,3665,272,2
174774,3666,0,1
174774,3678b,15,1
174774,3678b,71,1
174774,36933pr0003,15,1
174774,3700,0,2
174774,3703,15,4
174774,3705,4,1
174774,3710,15,1
174774,3710,25,2
174774,3710,28,2
174774,37352,0,1
174774,3795,72,1
174774,3795,0,3
174774,3829c01,71,1
174774,3829c01,15,1
174774,3899,179,2
174774,3937,378,1
174774,3941,25,4
174774,3941,14,4
174774,3942c,25,2
174774,4006,179,1
174774,4032a,0,3
174774,40687,71,2
174774,4070,70,4
174774,4079b,272,7
174774,4083,0,4
174774,41539,0,1
174774,4162,0,2
174774,41682,0,1
174774,41740,322,12
174774,4175,72,2
174774,41948,322,1
174774,42205,15,1
174774,42445,71,2
174774,4245,272,1
174774,42610,71,1
174774,4264,71,1
174774,4274,71,4
174774,4278,15,4
174774,4282,15,1
174774,4289,15,1
174774,43093,1,2
174774,4349,4,1
174774,44225,15,2
174774,44301b,71,4
174774,4460b,71,2
174774,44661,15,1
174774,44728,71,1
174774,44861,4,4
174774,4590,72,2
174774,4594,47,1
174774,4738c,1103,1
174774,47457,72,2
174774,47905,378,2
174774,48729b,25,2
174774,49153,71,1
174774,49283,4,1
174774,49311,15,5
174774,49668,179,2
174774,50949,0,2
174774,50950,70,1
174774,52107,28,1
174774,53020,71,1
174774,53454,179,1
174774,54200,34,2
174774,54200,36,2
174774,54200,70,2
174774,56823c50,0,1
174774,57360,71,4
174774,57779,0,1
174774,58380,15,2
174774,58381,15,2
174774,59900,4,4
174774,6005,70,3
174774,6020,71,1
174774,60474,25,1
174774,60475b,15,4
174774,60477,272,2
174774,60478,0,4
174774,60479,72,2
174774,60601,41,12
174774,6091,3,1
174774,6106,25,2
174774,6111,15,2
174774,6112,0,1
174774,61252,71,2
174774,61332,0,7
174774,6134,70,1
174774,61345,15,6
174774,6141,34,2
174774,6141,36,2
174774,6141,179,1
174774,6141,72,2
174774,6141,47,2
174774,61485,0,1
174774,6222,15,2
174774,62576,15,2
174774,62576,41,3
174774,62698,0,1
174774,63864,322,2
174774,63868,0,4
174774,63868,71,2
174774,64799,0,1
174774,65249,15,1
174774,65304,71,2
174774,65509,484,1
174774,65768,0,1
174774,6636,25,4
174774,6636,322,20
174774,67037,1103,1
174774,67737,0,1
174774,68212,3,2
174774,68297,0,3
174774,68568,3,4
174774,69729,25,10
174774,71752,0,8
174774,73109,71,1
174774,73562,25,2
174774,74698,0,1
174774,76772,320,1
174774,76959,15,2
174774,77808,72,2
174774,78611,272,1
174774,78666,70,3
174774,79756,15,1
174774,80324,322,2
174774,80563,72,2
174774,80683,15,2
174774,80835,1103,1
174774,85861,0,5
174774,85975,0,1
174774,85984,72,1
174774,85984,4,2
174774,85984,272,1
174774,85984pr0021,71,1
174774,86996,326,2
174774,87079,322,1
174774,87079,0,1
174774,87087,3,1
174774,87552,47,2
174774,87580,4,1
174774,87580,0,2
174774,87580,28,1
174774,87580,15,2
174774,87620,72,2
174774,87752,41,1
174774,87994,308,1
174774,88072,0,8
174774,89523,322,1
174774,91176,0,2
174774,91884,179,1
174774,92081,226,1
174774,92099,72,2
174774,92842,0,1
174774,96874,3,1
174774,98138,25,2
174774,98138,46,4
174774,98138,71,2
174774,98138,182,21
174774,98138pr0051,297,1
174774,98138pr0186,71,1
174774,98138pr0197,47,1
174774,98302,0,2
174774,98313,0,2
174774,99206,0,1
174774,99781,272,1
174775,10103046,15,1
174775,10104523,80,1
174775,11062,0,2
174775,11090,71,1
174775,11090,0,2
174775,11092,26,1
174775,11153,322,4
174775,11153,15,4
174775,11211,71,1
174775,11211,322,2
174775,11211,2,1
174775,11211,19,2
174775,11211,28,3
174775,11212,15,4
174775,11212,0,2
174775,11212,19,2
174775,11215,71,1
174775,11215,0,4
174775,13547,72,2
174775,14413,71,1
174775,14413,0,2
174775,14716,484,5
174775,14716,4,2
174775,14716,15,2
174775,14716,322,4
174775,14719,322,4
174775,14719,484,6
174775,14719,0,10
174775,14719,4,4
174775,14719,15,11
174775,14719,72,3
174775,14719,84,2
174775,14719,191,3
174775,14769,19,5
174775,14769,0,1
174775,14769pr0004,71,1
174775,14769pr1070,19,1
174775,14769pr1252,0,2
174775,15068,320,2
174775,15207,4,1
174775,15210,0,1
174775,15395,179,1
174775,15470,179,1
174775,15533,84,4
174775,15535,72,1
174775,15535,15,1
174775,15535,70,2
174775,15535,71,3
174775,15573,320,1
174775,15573,0,11
174775,15712,71,1
174775,15712,15,2
174775,15712,0,17
174775,15712,19,4
174775,1748,322,10
174775,1750,15,2
174775,18646,0,1
174775,18646,2,1
174775,18651,0,1
174775,18653,15,2
174775,18674,0,1
174775,18674,15,6
174775,18855,323,1
174775,18920,179,1
174775,18980,19,1
174775,20310,19,2
174775,20482,4,1
174775,20482,71,7
174775,20482,47,3
174775,20482,0,2
174775,22385,322,4
174775,22388,0,3
174775,22885,15,3
174775,22885,0,3
174775,22885,71,1
174775,22885,19,2
174775,22886,0,2
174775,22886,484,2
174775,22886,15,2
174775,22888,71,1
174775,23443,0,1
174775,23443,84,4
174775,2357,15,5
174775,2357,71,6
174775,2357,484,8
174775,23950,15,2
174775,24093,0,1
174775,2412b,0,10
174775,2412b,179,20
174775,2415,71,1
174775,2417,10,4
174775,2420,0,4
174775,2420,28,6
174775,2420,14,4
174775,2423,2,4
174775,24299,15,2
174775,2431,84,5
174775,2431,0,1
174775,2431,3,4
174775,2431,4,3
174775,2431,14,1
174775,2431,15,10
174775,2431,27,2
174775,2431,72,15
174775,2431,322,3
174775,2431,484,3
174775,2431,19,2
174775,2431,191,2
174775,2431pr0115,272,2
174775,2449,4,2
174775,2449,15,2
174775,2453b,15,2
174775,2453b,0,2
174775,2454b,15,10
174775,2454b,0,2
174775,2465,15,1
174775,2465,272,1
174775,24866,26,3
174775,24866,10,10
174775,24866,14,9
174775,25269,2,2
174775,25269,4,2
174775,25269,322,4
174775,2540,71,1
174775,2540,19,1
174775,2571,41,8
174775,26022,3,1
174775,26047,0,13
174775,2628,71,5
174775,2629,71,7
174775,2630,0,2
174775,26601,15,2
174775,26601,28,1
174775,26603,0,2
174775,2682,2,7
174775,27062pat0002,14,1
174775,27263,484,2
174775,27263,15,2
174775,27263,19,2
174775,27507,26,1
174775,27507,0,2
174775,27507,84,1
174775,27925,15,1
174775,28192,71,2
174775,2821,84,1
174775,28327,0,2
174775,28621,15,1
174775,2877,0,12
174775,28802,71,1
174775,2921,4,1
174775,2926,0,1
174775,3001,272,1
174775,3001,15,1
174775,3001,19,1
174775,3002,14,2
174775,3003,308,1
174775,3003,19,4
174775,3003,28,1
174775,3003,15,1
174775,3003,84,2
174775,30031,179,1
174775,3004,15,16
174775,3004,272,1
174775,3004,4,6
174775,3004,0,9
174775,3004,14,2
174775,3004,322,4
174775,3005,84,10
174775,3005,41,4
174775,3005,14,2
174775,3005,484,31
174775,3005,0,9
174775,3005,322,8
174775,3005,15,14
174775,3007,0,1
174775,3008,4,4
174775,3008,0,2
174775,3008,14,1
174775,3008,15,3
174775,3008,19,1
174775,3009,484,2
174775,3009,191,2
174775,3009,272,2
174775,3009,15,7
174775,3010,0,1
174775,3010,15,2
174775,3010,1,1
174775,3010,484,9
174775,3010,272,2
174775,30136,308,2
174775,30136,15,2
174775,30136,19,4
174775,30166,72,1
174775,3020,71,1
174775,3020,308,1
174775,3020,2,3
174775,3020,484,2
174775,3020,4,1
174775,3020,19,1
174775,3020,14,1
174775,3020,0,6
174775,3020,191,1
174775,3022,191,2
174775,3022,27,4
174775,3022,0,1
174775,3022,272,1
174775,3022,14,2
174775,3022,3,4
174775,3022,71,2
174775,3022,84,2
174775,3022,28,1
174775,3023,378,3
174775,3023,191,1
174775,3023,71,1
174775,3023,15,13
174775,3023,19,2
174775,3023,3,2
174775,3023,70,1
174775,3023,4,2
174775,3023,46,2
174775,3023,484,4
174775,3023,28,9
174775,3023,0,4
174775,30237b,0,3
174775,3024,27,1
174775,3024,4,2
174775,3024,73,1
174775,3024,26,4
174775,3024,28,2
174775,3024,15,2
174775,3024,484,4
174775,3024,0,1
174775,3031,0,2
174775,3032,15,1
174775,3032,72,1
174775,3032,0,2
174775,3034,3,4
174775,3034,71,1
174775,3034,0,2
174775,3034,322,2
174775,30357,19,1
174775,3037,71,2
174775,30374,70,1
174775,30377,0,2
174775,3039,71,2
174775,30414,14,1
174775,30414,71,2
174775,30414,0,1
174775,30414,4,1
174775,30503,2,1
174775,30503,0,2
174775,30503,19,1
174775,30504,322,1
174775,30562,41,2
174775,30565,14,1
174775,30586,0,1
174775,3062b,41,1
174775,3068b,484,1
174775,3068b,320,1
174775,3068b,2,3
174775,3068b,322,1
174775,3068b,72,4
174775,3068b,191,1
174775,3068bpr0019,15,1
174775,3069b,47,1
174775,3069b,484,2
174775,3069b,28,1
174775,3069b,33,1
174775,3069b,72,2
174775,3069b,0,1
174775,3069b,36,3
174775,3069b,15,6
174775,3069bpr0189,0,2
174775,3069bpr0204,25,1
174775,3069bpr0302,322,1
174775,3070b,19,2
174775,3070bpr0234,71,1
174775,30987,15,1
174775,3176,15,1
174775,32000,19,4
174775,32018,0,2
174775,32028,0,1
174775,32062,4,1
174775,32064a,308,1
174775,3224,15,6
174775,3245c,4,2
174775,3245c,15,3
174775,32474,15,1
174775,32607,10,10
174775,32607,27,19
174775,32828,71,2
174775,32828,4,1
174775,33183,27,1
174775,3386,0,4
174775,33909,15,2
174775,33909,4,2
174775,33909,71,4
174775,33909,320,2
174775,34172,15,1
174775,34337,71,2
174775,3460,3,2
174775,3460,0,3
174775,3460,71,3
174775,3460,15,3
174775,3460,191,1
174775,3464,72,2
174775,35480,19,2
174775,35480,0,2
174775,35480,212,1
174775,35485,0,1
174775,35787,25,2
174775,35787,321,6
174775,35787,4,2
174775,35787,10,2
174775,35787,14,2
174775,35787,72,10
174775,3622,15,2
174775,3622,4,2
174775,3622,0,2
174775,3623,2,2
174775,3623,4,2
174775,36273,5,1
174775,3628,0,2
174775,3659,28,1
174775,3666,15,3
174775,3666,28,1
174775,3666,71,3
174775,3666,484,1
174775,3666,19,1
174775,3666,84,1
174775,36752a,308,1
174775,36762,19,1
174775,3679,71,1
174775,3680,0,1
174775,3700,71,1
174775,3701,72,8
174775,3705,4,2
174775,3710,28,1
174775,3710,71,54
174775,3710,14,5
174775,3710,3,2
174775,3710,2,1
174775,3710,19,2
174775,3710,0,1
174775,3710,84,1
174775,3710,27,6
174775,37178,27,1
174775,37352,15,1
174775,37352,191,1
174775,37762,0,2
174775,37762,70,2
174775,3795,0,6
174775,3795,71,2
174775,3795,15,3
174775,3795,25,1
174775,3821,15,1
174775,3822,15,1
174775,3823,47,1
174775,3829c01,71,1
174775,3832,191,1
174775,3836,70,1
174775,3837,72,1
174775,3852b,191,1
174775,38583,15,1
174775,3894,4,2
174775,3895,15,2
174775,3937,71,3
174775,3938,15,3
174775,3941,70,4
174775,3941,19,16
174775,3941,15,2
174775,4006,179,1
174775,40244,72,1
174775,4032a,19,2
174775,4032a,0,5
174775,4032a,84,1
174775,40379,70,1
174775,4070,0,1
174775,4070,15,2
174775,4079b,4,1
174775,4079b,15,1
174775,41539,10,1
174775,41539,71,4
174775,41539,84,1
174775,4162,15,3
174775,4162,19,2
174775,4162,484,2
174775,4162,0,2
174775,4162,72,4
174775,41682,0,2
174775,41740,4,2
174775,41740,15,14
174775,41740,0,16
174775,41740,322,3
174775,41835pr0001,15,1
174775,4217,19,1
174775,42205,15,1
174775,42205,0,3
174775,42445,71,3
174775,42509,41,1
174775,4274,71,4
174775,4278,15,1
174775,4282,0,2
174775,42918,27,4
174775,4460b,15,6
174775,44728,71,5
174775,44728,19,1
174775,44728,0,2
174775,44728,1,2
174775,44861,15,2
174775,44865,71,2
174775,4529,0,1
174775,45677,2,1
174775,4599b,71,1
174775,4599b,15,1
174775,4599b,0,1
174775,46212,41,3
174775,46303,321,1
174775,46534pr0410,10,1
174775,4697b,0,2
174775,47397,15,1
174775,47398,15,1
174775,4740,41,1
174775,47457,15,2
174775,48092,3,2
174775,48336,0,1
174775,4865b,14,1
174775,4865b,4,1
174775,4865b,41,5
174775,48729b,25,1
174775,48729b,70,4
174775,49311,15,1
174775,50950,26,8
174775,53923,0,2
174775,54200,41,3
174775,54657,71,5
174775,57895,41,2
174775,57895,47,1
174775,59349,322,2
174775,59349,41,3
174775,59895,0,2
174775,59900,40,1
174775,59900,71,3
174775,59900,15,1
174775,59900,45,3
174775,59900,0,1
174775,6005,191,2
174775,60212,0,1
174775,60470b,0,1
174775,60470b,71,1
174775,60475b,84,2
174775,60475b,0,2
174775,60476,71,1
174775,60478,0,4
174775,60478,3,1
174775,60479,19,1
174775,60479,3,1
174775,60479,15,2
174775,60592,0,8
174775,60592,71,2
174775,60593,0,1
174775,60593,15,6
174775,60594,0,5
174775,60594,15,11
174775,60596,0,1
174775,60596,14,1
174775,60596,15,2
174775,60601,47,6
174775,60602,41,6
174775,60603,47,3
174775,60603,41,10
174775,60616b,47,1
174775,60616b,41,2
174775,60897,71,4
174775,6091,15,4
174775,6091,272,4
174775,6106,3,1
174775,6112,15,1
174775,6117,72,1
174775,61252,0,3
174775,61332,0,15
174775,6141,35,8
174775,6141,70,1
174775,6141,1,1
174775,6141,46,3
174775,6141,15,8
174775,6141,45,9
174775,6141,4,3
174775,6141,3,6
174775,6141,19,4
174775,6141,272,1
174775,6141,0,5
174775,6154,19,1
174775,61780,72,1
174775,6179,0,1
174775,6231,14,2
174775,6231,70,1
174775,6232,19,2
174775,62462,19,1
174775,63864,0,2
174775,63868,0,2
174775,63965,71,3
174775,63965,15,2
174775,64448,15,2
174775,64570,0,1
174775,6541,14,4
174775,65473,70,2
174775,65509,70,2
174775,65509,15,1
174775,65509,0,1
174775,65578,47,2
174775,65578,71,1
174775,65630,71,1
174775,65886pr0008,272,2
174775,6636,15,9
174775,6636,26,2
174775,6636,0,5
174775,6636,84,3
174775,67095,71,1
174775,67095,15,1
174775,67440,15,4
174775,68013,19,6
174775,68888,70,2
174775,69729,15,3
174775,69729,4,1
174775,69729,191,2
174775,69947pr0001,484,1
174775,69958,72,1
174775,69962pr0001,19,1
174775,71771,72,6
174775,71772,72,2
174775,72132,0,1
174775,72132,27,2
174775,73562,72,4
174775,73825,15,6
174775,75937,0,1
174775,77844,15,6
174775,77844,0,2
174775,78256,0,4
174775,78329,15,2
174775,78329,19,4
174775,78594,41,2
174775,79194,0,1
174775,79389,0,2
174775,79393,26,1
174775,79735,28,1
174775,79808,71,1
174775,79811,179,1
174775,80543,484,4
174775,80543,19,4
174775,83496,15,1
174775,84868,71,1
174775,85861,0,2
174775,85861,70,4
174775,85861,71,3
174775,85861,41,1
174775,85975,15,1
174775,85975,0,3
174775,85984,84,2
174775,85984,28,1
174775,85984,14,2
174775,85984,4,2
174775,85984,0,9
174775,85984,320,2
174775,85984pr0006,72,1
174775,86996,0,12
174775,86996,71,10
174775,87079,72,30
174775,87079,84,3
174775,87079,321,8
174775,87079,26,1
174775,87079,272,1
174775,87079,484,3
174775,87079pr0235,72,4
174775,87079pr0236,321,2
174775,87087,71,7
174775,87087,19,2
174775,87552,41,12
174775,87552,47,4
174775,87580,27,4
174775,87580,19,6
174775,87580,72,23
174775,87580,71,3
174775,87580,33,3
174775,87580,182,5
174775,87580,15,4
174775,87580,84,2
174775,87580,0,3
174775,87580,1,8
174775,87585,70,1
174775,87618,71,1
174775,87620,0,4
174775,87620,14,2
174775,87991,0,1
174775,88072,70,1
174775,88292,15,2
174775,88930,0,2
174775,90258,72,1
174775,90370,0,2
174775,90398,2,1
174775,91405,71,1
174775,92338,0,3
174775,92438,0,1
174775,92438,84,2
174775,92438,10,1
174775,92582,71,3
174775,92842,322,2
174775,92926,2,1
174775,92950,71,4
174775,92950,19,1
174775,93273,19,1
174775,96874,25,1
174775,98138,71,8
174775,98138,46,4
174775,98138,41,2
174775,98138,25,1
174775,98138,19,2
174775,98138,1,8
174775,98138pr0017,29,2
174775,98138pr0186,71,1
174775,98283,484,14
174775,98283,84,10
174775,99207,72,4
174775,99207,191,6
174775,99207,71,2
174775,99563,3,15
174775,99563,0,2
174775,99780,378,4
174775,99780,0,2
174775,99781,71,4
174776,11211,0,1
174776,14769pr1258,15,1
174776,15068,321,2
174776,15573,14,2
174776,18455,71,2
174776,18937c01,321,1
174776,19001,14,1
174776,19220,71,1
174776,22886,0,1
174776,2357,19,6
174776,2412b,321,3
174776,2431,41,1
174776,2431,36,1
174776,2431pr0158,14,1
174776,24607,47,1
174776,26603pr0113,14,2
174776,28802,14,2
174776,29111,0,1
174776,3001,272,1
174776,3001,19,3
174776,3001,14,3
174776,3001,72,4
174776,3003,19,1
174776,3004,321,1
174776,30076,0,1
174776,3009,14,3
174776,3010,14,1
174776,3020,71,8
174776,3021,321,2
174776,3023,47,2
174776,3023,36,2
174776,30236,0,2
174776,30293,72,1
174776,30294,72,1
174776,3033,0,1
174776,3035,14,3
174776,3035,2,1
174776,30363,272,2
174776,30364,0,2
174776,30395,72,1
174776,3039pr0028,15,1
174776,3062b,46,1
174776,3069b,14,2
174776,3069bpr0301,71,3
174776,32952,15,2
174776,3297,14,2
174776,34076,0,1
174776,3486,0,8
174776,3487,321,2
174776,3622,14,2
174776,3665,14,2
174776,3666,4,1
174776,3673,71,10
174776,3795,14,1
174776,3823,41,1
174776,3829c01,15,2
174776,3832,0,1
174776,3837,72,1
174776,3942c,25,2
174776,4349,0,2
174776,4460b,14,4
174776,4477,0,1
174776,4477,14,2
174776,49153,4,1
174776,51482,0,1
174776,53029,71,1
174776,54661,14,1
174776,55981,15,8
174776,58090,0,4
174776,59900,182,9
174776,6020,0,2
174776,60475b,14,2
174776,60599,71,1
174776,60623,320,1
174776,6111,14,4
174776,6141,2,1
174776,6178,71,1
174776,6215,14,3
174776,64453,41,1
174776,65380,0,1
174776,65630,71,1
174776,6583,0,4
174776,6636,14,2
174776,6636,0,2
174776,6636,321,1
174776,69729,70,4
174776,69729pr0024,14,1
174776,71752,0,2
174776,74698,0,1
174776,79491,14,2
174776,80394,14,1
174776,85984pr0021,71,1
174776,86876,84,3
174776,87079,71,4
174776,87079pr0310,14,1
174776,87079pr0311,1,1
174776,87081,0,1
174776,87544,47,2
174776,87544,41,2
174776,87580,72,1
174776,92402,0,4
174776,92585,4,1
174776,98283,72,4
174776,98288,2,1
174777,02889pr0001,84,1
174777,10103039,9999,1
174777,10314,3,1
174777,11208,71,4
174777,11209,0,4
174777,11610,19,1
174777,13760,15,1
174777,14226c11,0,1
174777,14520,72,2
174777,14716,84,4
174777,14719,15,1
174777,14719,28,8
174777,14719,0,4
174777,14769,19,1
174777,15207,71,2
174777,15535,15,1
174777,15573,19,1
174777,15573,322,1
174777,1566,10,2
174777,15672,19,2
174777,18674,28,1
174777,22885,19,1
174777,23969,0,1
174777,2412b,0,4
174777,2417,2,2
174777,2431,72,1
174777,2431pr0115,272,4
174777,2432,19,1
174777,2437,40,1
174777,2450,72,4
174777,2453b,0,2
174777,2465,84,1
174777,24866,2,1
174777,24866,26,3
174777,24866,212,3
174777,24866,191,3
174777,24866,10,6
174777,2628,71,1
174777,2629,71,1
174777,2656,15,1
174777,2657,15,1
174777,26603,15,3
174777,26603,0,1
174777,26603,191,2
174777,28192,15,2
174777,3001,15,2
174777,3001,70,1
174777,3002,70,8
174777,3003,15,3
174777,3003,70,3
174777,3004,19,7
174777,3004,71,4
174777,3005,15,4
174777,3005pr0026,73,1
174777,3007,15,2
174777,3008,84,6
174777,3009,71,1
174777,3009,28,3
174777,3020,191,1
174777,3020,3,2
174777,3021,2,4
174777,3021,28,3
174777,3023,191,1
174777,3023,15,2
174777,3023,71,4
174777,3023,72,4
174777,30237b,15,2
174777,3024,71,1
174777,3024,19,3
174777,3031,322,1
174777,3032,1,1
174777,3034,0,1
174777,3034,15,1
174777,3034,19,2
174777,3034,10,2
174777,30357,19,1
174777,3036,272,4
174777,3037,15,4
174777,3040b,15,6
174777,3043,0,3
174777,3043,15,4
174777,3044c,0,2
174777,30586,272,1
174777,3069b,28,8
174777,3069b,14,1
174777,3069b,72,4
174777,3069b,212,2
174777,3069b,41,1
174777,3069b,36,1
174777,3069bpr0189,0,1
174777,3069bpr0364,322,2
174777,3070b,15,2
174777,32474,4,2
174777,32607,27,2
174777,32828,19,1
174777,33172,25,1
174777,33183,10,1
174777,33909,71,2
174777,33909,484,3
174777,34103,14,1
174777,34103,212,2
174777,3460,19,2
174777,3460,0,1
174777,35480,1,1
174777,3622,15,3
174777,3622,70,5
174777,3623,19,12
174777,3623,1,2
174777,3666,70,5
174777,3701,72,3
174777,3710,2,1
174777,3710,72,1
174777,3710,71,10
174777,37695,10,2
174777,37762,10,2
174777,3795,71,5
174777,3829c01,71,1
174777,3899,4,2
174777,39767,0,2
174777,4151b,28,1
174777,41539,10,1
174777,41740,72,1
174777,41740,0,2
174777,41740,28,6
174777,4216,84,9
174777,42205,84,2
174777,42205,0,2
174777,42509,47,2
174777,43045,71,4
174777,43056,15,4
174777,44301b,71,2
174777,4510,71,2
174777,4528,179,1
174777,4529,0,1
174777,4533,15,1
174777,4536,15,2
174777,4599b,0,1
174777,4865b,322,4
174777,50745,72,4
174777,52036,72,1
174777,52501,15,2
174777,53118pr0001,0,1
174777,54200,36,2
174777,54200,41,2
174777,57783,40,1
174777,57895,47,3
174777,59900,129,1
174777,60581,15,1
174777,60593,19,4
174777,60596,0,2
174777,60596,19,2
174777,60599,15,1
174777,60602,47,4
174777,60603,47,4
174777,60616b,47,1
174777,60806,0,4
174777,6112,15,1
174777,61332,0,6
174777,6141,70,1
174777,6141,179,2
174777,61780,70,2
174777,6232,19,2
174777,65578,71,1
174777,6636,1,1
174777,6636,15,1
174777,66857,484,1
174777,68013,15,1
174777,69729,1,2
174777,71771,72,1
174777,71772,72,1
174777,72824,15,1
174777,79736,27,1
174777,79741,179,2
174777,79811,179,1
174777,86876,71,2
174777,86996,0,2
174777,86996,484,2
174777,87079,72,5
174777,87079,272,2
174777,87079,71,2
174777,87087,70,3
174777,88393,84,9
174777,92107,0,1
174777,92410,15,2
174777,92438,28,1
174777,93273,72,1
174777,93604,322,1
174777,95344,28,1
174777,96874,25,1
174777,98138,41,1
174777,98281,15,1
174777,99563,15,1
174779,10104437,9999,1
174779,10104802,9999,1
174779,11211,0,2
174779,11211,25,2
174779,11211,28,1
174779,11211,72,2
174779,11213,25,2
174779,11253,0,1
174779,11256,70,1
174779,11476,0,2
174779,11477,31,2
174779,11477,2,1
174779,11477,25,4
174779,11477,85,4
174779,14418,71,2
174779,14719,484,2
174779,14719,2,2
174779,14719,0,2
174779,14769,84,1
174779,14769pr1273,27,1
174779,15068,484,1
174779,15068,19,2
174779,15533,31,5
174779,15573,15,2
174779,15573,0,2
174779,15573,70,2
174779,15573,272,1
174779,15573,84,2
174779,15573,72,1
174779,15573,71,1
174779,15573,19,6
174779,15573,2,1
174779,15672,25,2
174779,15712,297,1
174779,15745,45,2
174779,1745,71,1
174779,18653,31,2
174779,18674,0,1
174779,18674,71,4
174779,18852,15,1
174779,1927,14,2
174779,20482,72,2
174779,20482,0,1
174779,22890,72,2
174779,23444,0,1
174779,2357,71,3
174779,2357,31,2
174779,2420,85,1
174779,2420,0,4
174779,24246,4,2
174779,2431,84,7
174779,2431,31,4
174779,2450,72,2
174779,2450,71,2
174779,2453b,31,8
174779,2454b,31,4
174779,24866,29,2
174779,24866,26,4
174779,25269,484,4
174779,25269,1,2
174779,25269,71,2
174779,25269,2,3
174779,2540,72,2
174779,26047,297,1
174779,2654,70,1
174779,26601,71,7
174779,26603,70,1
174779,26603,272,1
174779,26604,70,2
174779,27263,70,2
174779,27263,71,8
174779,27925,85,1
174779,27925,484,2
174779,27925,25,2
174779,28192,25,2
174779,28192,70,1
174779,28621pr4078,19,1
174779,2877,379,8
174779,28802,71,2
174779,28870,0,1
174779,3003,85,1
174779,3003,70,1
174779,3004,272,1
174779,3004,4,2
174779,3004,26,1
174779,3004,25,2
174779,3004,85,2
174779,3004,31,10
174779,3004,322,1
174779,3004,10,1
174779,3004,71,1
174779,3005,379,11
174779,3005,71,7
174779,3005,84,10
174779,3005,31,16
174779,3005,25,4
174779,3005,70,2
174779,3009,31,4
174779,3010,272,1
174779,3010,71,1
174779,30136,84,3
174779,30136,71,3
174779,3020,72,1
174779,3020,19,2
174779,3020,0,1
174779,3021,71,2
174779,3021,19,1
174779,3022,2,9
174779,3022,72,1
174779,3022,320,9
174779,3022,0,3
174779,3023,14,3
174779,3023,1,1
174779,3023,84,3
174779,3023,378,2
174779,3023,19,4
174779,3023,70,12
174779,3023,31,1
174779,3023,0,2
174779,3023,25,10
174779,3023,484,2
174779,3024,71,11
174779,3024,72,3
174779,3024,25,12
174779,3024,70,1
174779,3024,15,1
174779,3031,72,1
174779,3033,72,2
174779,3035,72,1
174779,3035,19,2
174779,30357,25,8
174779,30377,0,2
174779,3038,0,2
174779,3040b,25,2
174779,3043,0,1
174779,30503,70,1
174779,30504,71,1
174779,30565,72,1
174779,3062b,1055,1
174779,3062b,4,1
174779,3062b,27,2
174779,3062b,19,1
174779,3068b,71,2
174779,3069b,4,1
174779,3069b,19,2
174779,3069b,321,2
174779,3069b,27,2
174779,3069b,191,1
174779,3069b,85,1
174779,3069b,71,2
174779,3069b,84,1
174779,3069bpr0305,14,1
174779,3069bpr9989,15,2
174779,3070b,19,1
174779,3070b,27,1
174779,3070b,31,2
174779,3070b,25,4
174779,3070b,84,2
174779,32000,71,2
174779,32000,72,2
174779,32028,0,1
174779,32028,72,1
174779,3245c,71,1
174779,3245c,0,2
174779,32474,70,1
174779,32474pr1026,5,2
174779,32828,226,1
174779,32828,297,2
174779,32828,70,2
174779,32952,84,8
174779,32952,1,2
174779,3298,72,2
174779,3386,0,2
174779,35480,15,1
174779,35480,28,1
174779,35480,0,1
174779,35480,70,1
174779,35480,71,6
174779,35646,84,1
174779,35787,71,1
174779,35787,19,1
174779,3623,25,2
174779,3623,14,2
174779,3623,19,2
174779,3623,379,5
174779,3623,70,2
174779,3623,378,4
174779,3665,272,2
174779,3666,19,2
174779,3666,72,1
174779,3666,25,2
174779,3666,70,2
174779,3673,71,4
174779,36752a,70,2
174779,36752a,484,1
174779,36752a,308,2
174779,3678b,0,2
174779,3679,71,1
174779,3680,0,1
174779,36840,27,1
174779,3839b,297,1
174779,3941,71,1
174779,3941,70,2
174779,3957b,0,2
174779,3958,19,1
174779,39613,5,1
174779,4032a,4,1
174779,4032a,0,1
174779,4032a,70,2
174779,4070,25,10
174779,4070,71,1
174779,4081b,19,2
174779,41682,72,1
174779,4345b,4,1
174779,4599b,71,1
174779,4733,0,2
174779,4733,71,1
174779,4740,0,2
174779,47457,0,1
174779,47905,5,1
174779,48092,71,1
174779,49307,4,1
174779,49307,19,1
174779,54200,27,2
174779,54200,25,2
174779,54200,71,2
174779,54568,0,1
174779,59349,379,2
174779,59900,26,3
174779,59900,1,1
174779,59900,10,3
174779,59900,25,4
174779,59900,46,2
174779,6003,72,1
174779,60474,71,1
174779,60474,30,1
174779,60478,72,2
174779,60478,19,1
174779,60481,0,2
174779,60592,10,6
174779,60592,4,6
174779,60592,272,6
174779,60592,25,12
174779,60593,4,1
174779,60596,0,1
174779,60596,31,2
174779,60601,47,74
174779,60623,25,2
174779,60623,272,1
174779,60897,19,1
174779,60897,0,1
174779,6106,19,2
174779,61252,0,1
174779,6141,297,5
174779,6141,2,1
174779,6141,4,1
174779,6141,85,5
174779,6141,25,2
174779,63864,70,2
174779,63864,72,3
174779,63864,71,2
174779,63965,0,1
174779,64567,0,1
174779,64644,297,1
174779,6636,70,2
174779,67095,84,1
174779,67095,70,1
174779,67329,484,1
174779,67632,297,1
174779,69729,84,1
174779,73878,25,30
174779,76766,0,1
174779,76959,0,1
174779,78258,0,1
174779,85080,25,2
174779,85861,15,6
174779,85984,14,1
174779,87087,4,1
174779,87087,0,3
174779,87087,272,2
174779,87544,0,1
174779,87544,272,4
174779,87580,484,1
174779,87618,0,2
174779,87994,0,2
174779,87994,71,2
174779,88292,70,2
174779,92084pr0011,28,1
174779,92950,72,1
174779,93273,25,8
174779,96874,3,1
174779,98138,71,2
174779,98138,182,1
174779,98138,0,1
174779,98138pr0322,78,1
174779,99206,19,1
174779,99780,484,1
174779,99780,0,1
174779,99781,71,4
174780,10197,212,2
174780,102498pat0001,0,1
174780,11153,212,6
174780,11211,71,2
174780,11211,212,2
174780,11458,15,4
174780,11477,212,8
174780,11477,1053,4
174780,11833,41,4
174780,14395,0,4
174780,15068,212,6
174780,15573,212,1
174780,15712,212,4
174780,18653,0,4
174780,18674,272,1
174780,18853,29,5
174780,18980,19,1
174780,19119,0,1
174780,20482,297,4
174780,22385,1053,6
174780,2420,15,6
174780,24201,212,10
174780,24299,212,4
174780,24307,212,4
174780,2456,27,1
174780,2456,19,2
174780,24866,212,7
174780,25214,212,4
174780,25269,1053,17
174780,26047,212,2
174780,2654,1053,5
174780,26601,71,4
174780,26603,0,1
174780,26604,0,4
174780,27261,212,4
174780,27262,1053,1
174780,28870,41,8
174780,29119,212,10
174780,29119,15,2
174780,29120,15,2
174780,29120,212,10
174780,30000,71,1
174780,3003,15,1
174780,3003,19,2
174780,3004,212,10
174780,30136,19,3
174780,30136,0,28
174780,3020,212,12
174780,3020,72,4
174780,3021,15,4
174780,3021,212,7
174780,3022,15,2
174780,3023,4,5
174780,3023,15,13
174780,3023,212,54
174780,3023,19,4
174780,3023,0,11
174780,3024,41,8
174780,3035,0,1
174780,3036,0,2
174780,3039,212,1
174780,30565,212,2
174780,3069b,0,3
174780,3069b,41,28
174780,3069b,212,21
174780,32192,212,2
174780,32606,15,5
174780,32607,212,3
174780,33909,0,2
174780,3460,19,1
174780,3460,72,2
174780,3623,212,4
174780,3660,212,1
174780,3666,212,4
174780,3666,0,2
174780,36752a,70,1
174780,36841,212,2
174780,3700,72,2
174780,3705,0,1
174780,3709,0,6
174780,3710,0,6
174780,3710,212,6
174780,37352,0,1
174780,3738,0,5
174780,3795,0,1
174780,3795,19,2
174780,3795,71,2
174780,3795,15,1
174780,3941,0,8
174780,4032a,0,1
174780,4032a,15,8
174780,40379,212,4
174780,4070,212,4
174780,4070,15,4
174780,42862,212,1
174780,43093,1,2
174780,43710,212,1
174780,43711,212,1
174780,43722,212,7
174780,43723,212,7
174780,44728,0,4
174780,44728,15,4
174780,44728,71,6
174780,44861,71,4
174780,4733,71,4
174780,4740,41,1
174780,47753,212,1
174780,48165,212,1
174780,49668,41,12
174780,53451,212,4
174780,54200,41,12
174780,54200,212,15
174780,54200,71,9
174780,54383,212,2
174780,54384,212,2
174780,6005,212,6
174780,60470b,71,2
174780,60478,212,12
174780,60485,14,1
174780,60897,0,2
174780,6091,0,4
174780,6091,212,2
174780,6141,272,4
174780,61485,212,4
174780,6564,212,3
174780,6565,212,3
174780,6636,0,1
174780,67329,72,3
174780,68568,212,4
174780,70681,0,2
174780,70681,212,4
174780,73230,212,2
174780,76797,212,8
174780,78256,71,4
174780,78886,212,4
174780,80177,212,5
174780,80178,212,5
174780,85861,41,12
174780,87079,212,2
174780,87079pr0312,15,1
174780,87081,212,4
174780,89678,72,6
174780,93274,15,6
174780,96874,25,1
174780,98138,19,6
174780,98138,1053,2
174780,99207,212,23
174780,99207,0,2
174781,10104433,9999,1
174781,10202,72,1
174781,102498pat0001,0,1
174781,102498pat0001,15,1
174781,11211,72,1
174781,1126,84,2
174781,13965,19,4
174781,14716,19,4
174781,14719,28,12
174781,15068,19,1
174781,15254,19,3
174781,15573,19,5
174781,16577,19,4
174781,18948,15,1
174781,20310,19,12
174781,20482,15,1
174781,22388,19,4
174781,22961,308,2
174781,2357,19,12
174781,2357,72,2
174781,2420,28,16
174781,2420,19,2
174781,2431,19,2
174781,2431,70,1
174781,2431,28,6
174781,2453b,19,2
174781,26601,19,2
174781,26603,28,4
174781,28598,378,3
174781,3003,19,15
174781,3003,84,1
174781,3004,72,11
174781,3004,19,4
174781,30044,19,12
174781,3005,84,31
174781,3005,72,4
174781,3005,326,6
174781,3005,19,19
174781,3008,19,2
174781,3009,72,2
174781,30136,484,2
174781,30136,0,2
174781,30136,71,2
174781,30136,19,17
174781,3020,19,2
174781,3020,308,1
174781,3020,28,2
174781,3021,28,4
174781,3022,19,1
174781,3022,84,4
174781,3022,28,2
174781,3023,28,18
174781,3023,84,5
174781,3023,378,2
174781,3023,19,3
174781,3023,72,4
174781,3024,19,2
174781,3024,326,3
174781,3024,71,1
174781,3032,28,2
174781,3034,272,4
174781,3035,28,16
174781,3040b,72,12
174781,3044c,19,2
174781,3046a,72,2
174781,3062b,19,10
174781,3068b,28,6
174781,3069b,28,19
174781,3070b,70,3
174781,3070b,28,12
174781,32000,71,12
174781,32064a,19,4
174781,3245c,19,2
174781,32607,288,1
174781,32952,72,1
174781,33909,19,12
174781,3460,28,2
174781,3473a,36,1
174781,3473a,35,1
174781,3473b,35,1
174781,3473b,36,1
174781,3473c,35,1
174781,3473c,36,1
174781,3473d,36,1
174781,3473d,35,1
174781,3473e,36,1
174781,3473e,35,1
174781,3473f,36,1
174781,3473f,35,1
174781,35464,19,4
174781,35480,70,1
174781,3622,19,6
174781,3622,72,1
174781,3623,28,4
174781,3659,19,8
174781,3660,19,11
174781,3665,19,6
174781,3666,28,2
174781,3666,19,4
174781,3666,71,1
174781,3673,71,4
174781,36752a,0,1
174781,36752a,70,1
174781,36752a,484,1
174781,36752a,308,1
174781,3678b,19,6
174781,36841,19,1
174781,3688,378,2
174781,3700,19,1
174781,3710,19,1
174781,3710,84,1
174781,3710,378,8
174781,37775,182,6
174781,3795,28,4
174781,38014,15,1
174781,38801,326,1
174781,3937,70,2
174781,3941,19,4
174781,3958,378,2
174781,40066,19,1
174781,4162,28,2
174781,41740,28,14
174781,41740,70,2
174781,41740,19,4
174781,42205,308,1
174781,4286,71,1
174781,4286,378,2
174781,4460b,72,1
174781,44728,19,1
174781,4740,15,1
174781,47847,72,1
174781,54200,378,2
174781,54200,326,7
174781,54200,72,1
174781,59900,378,3
174781,60481,19,8
174781,60481,72,2
174781,60581,72,1
174781,60897,72,2
174781,60897,71,4
174781,61184,71,2
174781,6126b,182,2
174781,6134,70,2
174781,6141,297,2
174781,64644,0,4
174781,64644,71,2
174781,64647,182,2
174781,65066,28,1
174781,6541,71,24
174781,65509,0,1
174781,6636,70,2
174781,6636,28,4
174781,6636,19,1
174781,68503pat0001,179,1
174781,77808,297,2
174781,78666,19,12
174781,80543,19,4
174781,80683,70,2
174781,85861,0,4
174781,85984,378,18
174781,87580,28,4
174781,88072,19,1
174781,89522,378,5
174781,90195,19,6
174781,92950,71,1
174781,92950,19,10
174781,96874,25,1
174781,98283,84,8
174781,99781,28,2
174783,10104434,9999,1
174783,101658,14,1
174783,101658,288,1
174783,101658,320,1
174783,101658,272,1
174783,10288,308,1
174783,11211,320,8
174783,11212,19,12
174783,11477,72,2
174783,14417,72,4
174783,14769,297,2
174783,14769,72,2
174783,14769,320,2
174783,15428,272,1
174783,15428,320,1
174783,15428,288,1
174783,15428,14,1
174783,15462,70,2
174783,1927,0,2
174783,21778,0,1
174783,22385,4,1
174783,22385,1,1
174783,22385,0,1
174783,22385,2,1
174783,22961,72,5
174783,2397,0,1
174783,2420,320,2
174783,24201,71,8
174783,24246,84,36
174783,2431,2,4
174783,2431,10,6
174783,2431,15,2
174783,2431,27,6
174783,25214,179,4
174783,25269,27,8
174783,25269,0,2
174783,25269,19,4
174783,25379,25,1
174783,2540,72,2
174783,25972,70,1
174783,2654,70,12
174783,26603,19,6
174783,27186,29,1
174783,27925,2,8
174783,2817,0,1
174783,3004,320,4
174783,3009,19,2
174783,3009,320,2
174783,3010,320,5
174783,3021,70,22
174783,3022,70,2
174783,3022,72,5
174783,3023,71,7
174783,3023,70,18
174783,3024,71,4
174783,3024,320,4
174783,3024,0,6
174783,30292,0,4
174783,3032,71,3
174783,3032,70,4
174783,3034,70,2
174783,3035,0,1
174783,30414,72,1
174783,30414,70,6
174783,30586,28,2
174783,3068b,320,2
174783,3069b,70,4
174783,3069b,320,2
174783,3069b,2,6
174783,3070b,70,4
174783,3070bpr0147,71,1
174783,32015,0,1
174783,32062,4,2
174783,32184,0,1
174783,32474,320,1
174783,3277,0,1
174783,33909,320,4
174783,3395,70,4
174783,3460,19,3
174783,3460,320,10
174783,3484,0,10
174783,3484,71,4
174783,35044,10,4
174783,35480,71,10
174783,35701,484,1
174783,3623,320,18
174783,3623,70,4
174783,3626cpr2049,78,1
174783,3626cpr2903,78,1
174783,3626cpr2956,84,1
174783,3626cpr3105,70,1
174783,3626cpr3226,92,1
174783,3626cpr3346,84,1
174783,3626cpr3573,70,1
174783,3626cpr3809,1088,1
174783,3626cpr3869,1089,1
174783,3626cpr3871,92,1
174783,3626cpr3876,1088,1
174783,3626cpr3943,78,1
174783,3626cpr3958,78,1
174783,3626cpr3963,1089,1
174783,3666,70,2
174783,3666,0,7
174783,3666,72,4
174783,3710,0,2
174783,3710,70,4
174783,3713,71,2
174783,3713,0,4
174783,37352,70,6
174783,37352,320,14
174783,37704,297,1
174783,39888,19,1
174783,40490,0,2
174783,4070,320,2
174783,4070,0,4
174783,41539,2,2
174783,4162,70,4
174783,41740,15,4
174783,42003,71,2
174783,42445,71,1
174783,42445,47,1
174783,4278,0,2
174783,4282,0,1
174783,4332,70,3
174783,4332,0,1
174783,44728,320,8
174783,4519,71,2
174783,4738c,84,1
174783,4865b,320,2
174783,49153,15,1
174783,54200,72,4
174783,60470b,15,5
174783,60479,71,1
174783,60897,0,2
174783,61252,320,8
174783,61332,0,2
174783,6141,1103,2
174783,62711,0,1
174783,62810,484,1
174783,62810,0,1
174783,63783,71,1
174783,63864,70,4
174783,63868,15,1
174783,63965,71,2
174783,64644,0,2
174783,65579,0,1
174783,6636,70,2
174783,6636,0,2
174783,66857,297,1
174783,69729,320,5
174783,77844,15,2
174783,79393,15,8
174783,79851,297,3
174783,80835,84,1
174783,83496,320,3
174783,85861,71,12
174783,86996,84,2
174783,87580,320,1
174783,87990,226,1
174783,87990,0,1
174783,89801,297,1
174783,93273,19,1
174783,96874,25,1
174783,970c26,19,4
174783,973c01h07pr6704,14,1
174783,973c05h07pr6706,272,1
174783,973c10h07pr4432,320,1
174783,973c35h07pr4379,288,1
174783,98385,308,1
174783,99207,70,18
174783,99207,0,8
174783,99563,19,2
174783,99930,226,1
174784,10104438,9999,1
174784,11062,4,1
174784,11211,15,1
174784,11476,0,2
174784,11476,71,1
174784,13548,72,2
174784,14716,19,2
174784,14719,191,4
174784,14719,4,2
174784,14769,15,1
174784,14769pr1054,70,1
174784,15068,71,32
174784,15068,4,2
174784,15068,0,4
174784,15207,4,1
174784,15395,15,1
174784,15573,72,6
174784,15573,4,4
174784,15573,484,6
174784,15573,0,1
174784,15712,4,4
174784,15712,0,4
174784,15712,70,8
174784,1750,72,1
174784,18674,28,2
174784,18674,4,2
174784,18674,72,1
174784,20482,0,2
174784,20482,297,2
174784,22388,4,1
174784,22388,15,1
174784,22885,19,2
174784,22886,19,4
174784,2357,28,10
174784,2357,4,8
174784,23969,19,4
174784,2419,72,1
174784,2420,320,4
174784,2420,72,2
174784,24309,0,4
174784,2456,70,1
174784,24866,191,2
174784,24866,2,4
174784,25269,28,4
174784,25269,288,6
174784,25269,2,6
174784,2540,0,3
174784,2566,0,1
174784,26603,4,4
174784,2730,71,2
174784,27925,4,1
174784,27925,0,3
174784,28192,320,2
174784,2878,0,7
174784,2921,4,8
174784,2926,0,2
174784,3001,70,1
174784,3001,19,2
174784,3001,322,2
174784,3003,25,2
174784,3004,322,1
174784,3004,4,12
174784,3004,378,2
174784,3005,28,8
174784,3005,47,1
174784,3005,4,36
174784,3005pr0029,15,1
174784,3008,4,4
174784,3009,72,6
174784,3010,72,6
174784,3010,0,2
174784,3010,4,15
174784,3010,19,15
174784,30136,28,8
174784,30166,70,4
174784,3020,19,4
174784,3020,484,1
174784,3020,2,2
174784,3020,72,12
174784,3021,0,1
174784,3021,4,2
174784,3022,322,2
174784,3022,19,5
174784,3023,19,1
174784,3023,25,7
174784,3023,191,10
174784,30237b,4,2
174784,3024,320,10
174784,3024,4,2
174784,3028,72,1
174784,3031,72,2
174784,3031,0,1
174784,3033,320,1
174784,3034,15,1
174784,3034,71,2
174784,3035,0,1
174784,3036,71,6
174784,3036,0,4
174784,30414,0,1
174784,3062b,4,4
174784,3062b,46,5
174784,3062b,484,3
174784,3068b,212,3
174784,3068bpr0685,320,1
174784,3069b,212,2
174784,3069b,19,1
174784,3069bpr0325,19,1
174784,3069bpr9989,15,1
174784,3070b,191,8
174784,3176,72,9
174784,32018,72,2
174784,32028,72,16
174784,32028,28,5
174784,32184,0,3
174784,32607,2,6
174784,32739,4,2
174784,32828,4,2
174784,32828,226,2
174784,32952,19,4
174784,3298,71,10
174784,33303,70,1
174784,33320,70,1
174784,33320,2,1
174784,33909,71,2
174784,33909,4,4
174784,34103,4,2
174784,34103,0,2
174784,3460,320,16
174784,35480,0,10
174784,35480,72,2
174784,35480,5,4
174784,35480,4,5
174784,3622,4,6
174784,3623,320,5
174784,3659,0,1
174784,3659,28,2
174784,3665,28,6
174784,3666,0,2
174784,3666,2,2
174784,3666,191,4
174784,3666,4,1
174784,3673,71,2
174784,36752a,70,2
174784,36752a,0,1
174784,36752a,308,2
174784,36841,71,2
174784,3700,72,8
174784,3710,28,5
174784,3710,320,4
174784,3710,322,7
174784,3749,19,12
174784,37762,15,4
174784,37776,0,1
174784,3795,0,2
174784,3832,0,1
174784,3832,72,1
174784,3837,72,1
174784,3894,0,2
174784,3941,0,1
174784,4032a,71,2
174784,4070,4,12
174784,4079b,379,7
174784,41740,4,1
174784,41740,191,4
174784,4282,71,2
174784,43857,4,1
174784,44728,0,5
174784,4477,4,2
174784,4697b,71,8
174784,4740,297,2
174784,4740,0,1
174784,48336,2,1
174784,49307,0,2
174784,49311,19,2
174784,49668,15,2
174784,50254,0,4
174784,52501,0,4
174784,53401,72,4
174784,53834,72,2
174784,54200,28,4
174784,54200,182,6
174784,57051,383,7
174784,57878,0,14
174784,59900,4,2
174784,60470b,4,2
174784,60474,2,1
174784,60479,71,4
174784,60479,72,2
174784,60592,4,20
174784,60593,4,2
174784,60594,4,2
174784,60596,4,1
174784,60601,47,20
174784,60602,47,2
174784,60608,15,4
174784,60623,320,1
174784,6081,4,2
174784,60849,297,1
174784,60897,4,2
174784,60897,0,1
174784,6091,4,4
174784,6112,19,2
174784,6112,0,2
174784,61252,297,2
174784,61332,0,12
174784,6141,179,6
174784,6141,322,2
174784,6141,297,2
174784,6141,27,4
174784,6141,4,2
174784,6190,0,1
174784,63864,191,12
174784,63864,15,2
174784,63868,15,2
174784,63965,71,2
174784,63965,4,6
174784,65509,19,1
174784,6636,320,2
174784,6636,72,2
174784,6636,191,6
174784,6636,4,3
174784,66897,0,2
174784,69729,71,1
174784,71752,0,1
174784,78666,4,4
174784,78666,0,6
174784,79393,0,2
174784,79491,4,2
174784,79756,19,4
174784,85557,0,4
174784,85558,0,2
174784,85861,0,3
174784,85940,0,4
174784,85975,297,1
174784,85984,4,10
174784,85984,0,6
174784,86876,71,1
174784,87081,0,1
174784,87087,320,2
174784,87544,0,4
174784,87580,4,2
174784,87580,484,2
174784,87620,19,6
174784,87693,15,1
174784,87994,0,4
174784,88646,4,1
174784,88930,4,2
174784,89678,72,8
174784,91988,19,1
174784,92084pr0003,15,1
174784,92107,71,6
174784,92950,19,2
174784,95343,4,2
174784,95344,0,2
174784,96874,3,1
174784,98138,0,9
174784,98138,36,4
174784,98138,71,2
174784,98138,47,2
174784,98138,1053,1
174784,98138pr0013,15,2
174784,98138pr0353,297,1
174784,98138pr0354,272,1
174784,98283,19,20
174784,99207,15,10
174784,99563,15,1
174784,99780,4,8
174784,99780,0,2
174784,99781,0,2
174785,10104435,9999,1
174785,11203,28,6
174785,11211,0,6
174785,11213,15,3
174785,11214,4,1
174785,11476,78,4
174785,11477,78,6
174785,14418,71,2
174785,14769,31,1
174785,15068,28,6
174785,15573,78,13
174785,1748,15,2
174785,18649,0,6
174785,20482,0,4
174785,22888,15,2
174785,22890,72,2
174785,2431,78,2
174785,24866,31,42
174785,25269,71,8
174785,25269,78,4
174785,2577,0,4
174785,2654,15,2
174785,2654pr0027,15,2
174785,26603,72,1
174785,26603,71,3
174785,27925,72,1
174785,27925,71,4
174785,2877,72,1
174785,29119,28,3
174785,29119,72,1
174785,29120,72,1
174785,29120,28,3
174785,3001,0,5
174785,3002,15,1
174785,3003,29,4
174785,3004,78,4
174785,3004,70,2
174785,3005,78,3
174785,3008,78,2
174785,3021,322,1
174785,3021,78,5
174785,3022,0,1
174785,3023,4,3
174785,3023,0,1
174785,3023,78,11
174785,3024,0,2
174785,3024,78,4
174785,3032,15,2
174785,3036,28,2
174785,3069b,71,2
174785,3069b,28,2
174785,3171,78,8
174785,3176,72,1
174785,35480,15,8
174785,35480,28,1
174785,3622,4,2
174785,3623,19,2
174785,3665,78,6
174785,3666,19,5
174785,36840,19,2
174785,3710,78,7
174785,37352,78,1
174785,3795,72,2
174785,3795,28,2
174785,3795,0,1
174785,3941,47,2
174785,3958,71,1
174785,39739,297,5
174785,41682,71,1
174785,41769,28,1
174785,41770,28,1
174785,44375b,47,1
174785,44728,19,10
174785,48336,78,4
174785,49307,78,7
174785,50950,78,2
174785,54200,78,2
174785,60478,78,4
174785,61332,0,2
174785,6141,158,22
174785,6141,4,16
174785,6180,0,1
174785,63864,0,4
174785,6541,322,2
174785,6541,19,4
174785,66252,0,2
174785,67696,78,1
174785,67697,78,1
174785,68013,15,4
174785,68568,0,2
174785,68568,78,4
174785,69729,0,1
174785,70681,78,1
174785,73825,78,6
174785,77850,0,1
174785,78329,19,4
174785,79389,71,2
174785,79393,71,4
174785,79393,72,1
174785,80015,0,8
174785,85984,72,1
174785,87580,29,1
174785,87620,15,4
174785,88930,0,1
174785,93273,78,4
174785,93604pr0014,78,1
174785,98138,78,2
174785,98835,78,2
174785,99781,28,1
174796,10050,297,4
174796,11127,41,1
174796,11291,0,1
174796,11477,72,2
174796,14704,71,1
174796,15068,320,1
174796,15207,4,2
174796,15207,72,2
174796,15208,297,2
174796,15456,0,1
174796,15573,320,3
174796,15672,191,2
174796,21459,297,1
174796,22385,4,1
174796,22888,28,1
174796,23443,0,2
174796,2419,0,1
174796,2432,15,1
174796,27256,41,1
174796,28802,0,1
174796,3002,19,1
174796,3004,320,1
174796,3009,19,1
174796,30145,4,1
174796,3021,191,1
174796,3023,2,1
174796,3214pat0001,1103,1
174796,3298,320,1
174796,3486,0,4
174796,3673,14,12
174796,3710,72,1
174796,3829c01,71,2
174796,44728,320,1
174796,44861,71,2
174796,4740,182,2
174796,47456,4,1
174796,47456,0,2
174796,55981,297,3
174796,59900,297,4
174796,60470b,0,2
174796,61072,179,1
174796,6126b,182,3
174796,64225pr9997,0,1
174796,70682,0,2
174796,70682,4,2
174796,82276pat0002pr0003,297,1
174796,85861,182,1
174796,85984,0,1
174796,90258,484,1
174796,92402,0,3
174796,98100,0,1
174796,98137,297,2
174798,10103437,9999,1
174798,11153,320,1
174798,11211,320,2
174798,13547,0,1
174798,14417,72,2
174798,14418,71,2
174798,14704,71,6
174798,15209,0,1
174798,15456,0,5
174798,15535,0,1
174798,15571,297,11
174798,15712,320,8
174798,16770,297,12
174798,21459,297,4
174798,22388,182,2
174798,22885,15,2
174798,24122,0,1
174798,26047,0,2
174798,27261,0,12
174798,27261,320,1
174798,27266,297,1
174798,2736,71,1
174798,28192,0,2
174798,28802,0,2
174798,29119,0,1
174798,29120,0,1
174798,3020,25,2
174798,3021,320,3
174798,3022,25,2
174798,3062b,0,2
174798,32059,0,2
174798,32064a,0,2
174798,32064a,378,1
174798,3214pat0001,1103,1
174798,32192,0,1
174798,3220pr0002,0,1
174798,35044,0,4
174798,35480,320,13
174798,3665,0,4
174798,3666,0,1
174798,3668,72,1
174798,3705,4,1
174798,3894,0,1
174798,3941,0,1
174798,4032a,71,5
174798,44294,71,1
174798,44567b,484,2
174798,47755,0,1
174798,47759,297,1
174798,4871,0,1
174798,52107,71,1
174798,54200,320,1
174798,54200,0,1
174798,54657,71,2
174798,60478,19,1
174798,6091,0,2
174798,63868,0,1
174798,63965,297,1
174798,64567,297,1
174798,64727,0,4
174798,65426,0,1
174798,65429,0,1
174798,65886,320,1
174798,67329,484,2
174798,70681,320,1
174798,77845,0,1
174798,79846,72,2
174798,79897,297,2
174798,79987,72,1
174798,86148,297,2
174798,86996,84,2
174798,87618,0,1
174798,87994,0,5
174798,93273,0,4
174798,93606,0,1
174798,99563,19,2
174800,10103438,9999,1
174800,10247,0,2
174800,11153,322,2
174800,11211,19,1
174800,11214,72,2
174800,11215,84,1
174800,11291,15,1
174800,11458,15,2
174800,11476,0,1
174800,11946,15,1
174800,11947,15,1
174800,13548,15,2
174800,14719,15,2
174800,15068,322,1
174800,15068,0,2
174800,15573,320,2
174800,15573,297,2
174800,15672,72,2
174800,15706,0,2
174800,15712,297,4
174800,17979,15,1
174800,18646,72,2
174800,21459,297,6
174800,2148,0,2
174800,2149,41,2
174800,2357,72,2
174800,2420,28,4
174800,24299,322,2
174800,24307,322,2
174800,25269,72,2
174800,25269,15,2
174800,2540,72,2
174800,26601,322,2
174800,27263,297,4
174800,2736,71,2
174800,28192,322,2
174800,28192,0,2
174800,29119,15,1
174800,29120,15,1
174800,3001,72,1
174800,3008,0,2
174800,3020,71,1
174800,3021,4,1
174800,3022,322,5
174800,3023,36,9
174800,3031,322,1
174800,3031,0,1
174800,30374,297,1
174800,30374,0,1
174800,3040b,15,2
174800,3069b,322,1
174800,30925,0,1
174800,3171,297,2
174800,3176,72,2
174800,32028,28,1
174800,3204,0,2
174800,32059,0,1
174800,32062,4,4
174800,32064a,14,2
174800,32140,72,2
174800,3214pat0001,1103,1
174800,32278,0,2
174800,33909,19,2
174800,35480,71,4
174800,35789,15,1
174800,3623,14,2
174800,3659,0,1
174800,3659,4,1
174800,3666,322,6
174800,3668,72,1
174800,3673,14,4
174800,3679,71,2
174800,3680,0,2
174800,3710,72,2
174800,3710,322,2
174800,3713,4,2
174800,3795,71,1
174800,4185,297,2
174800,43093,1,4
174800,43710,15,1
174800,43711,15,1
174800,43722,15,1
174800,43723,15,1
174800,44301b,71,2
174800,44309,0,2
174800,44375b,182,2
174800,44728,19,1
174800,44728,0,4
174800,47456,15,1
174800,50303,0,1
174800,53118,0,1
174800,54200,15,2
174800,54200,322,2
174800,54200,72,2
174800,54657,72,2
174800,55889,297,1
174800,56145,0,2
174800,59900,297,2
174800,60474,0,2
174800,60478,15,2
174800,60483,322,2
174800,60897,322,2
174800,6091,19,2
174800,61072,179,2
174800,61252,297,2
174800,61409,72,2
174800,6141,297,2
174800,62462,15,2
174800,63868,15,2
174800,64567,297,1
174800,65249,15,2
174800,65304,297,4
174800,65426,0,2
174800,65429,0,2
174800,66956,15,2
174800,66956,320,2
174800,70681,322,4
174800,70681,15,2
174800,71752,19,1
174800,73109,71,3
174800,73562,72,1
174800,76766,15,2
174800,76766,0,2
174800,78257,0,1
174800,79194,71,1
174800,85984,320,2
174800,87083,72,2
174800,89678,72,4
174800,91988,71,1
174800,92534pat0001,41,2
174800,93095,0,1
174800,93606,322,1
174800,93606,15,2
174800,95199,297,2
174800,98138,182,5
174800,98585,15,2
174800,99563,19,3
174800,99781,72,2
174801,10103439,9999,1
174801,11153,272,6
174801,11215,15,2
174801,11476,0,1
174801,11477,1050,8
174801,11477,15,2
174801,14704,71,4
174801,14769,0,1
174801,14769,1050,2
174801,15068,272,3
174801,15672,272,4
174801,18674,0,1
174801,18674,71,1
174801,1927,272,4
174801,1927,15,4
174801,21459,297,6
174801,22385,320,1
174801,22385,15,4
174801,22890,72,2
174801,23443,297,4
174801,23448,40,1
174801,2412b,297,6
174801,25269,1050,10
174801,2654,72,1
174801,27263,272,4
174801,28192,15,4
174801,3003,19,1
174801,30031,72,1
174801,3020,272,9
174801,3021,71,1
174801,3021,15,7
174801,3022,71,11
174801,3022,320,5
174801,3023,45,15
174801,3023,272,6
174801,3023,1050,2
174801,3024,1050,4
174801,3024,272,4
174801,3031,72,1
174801,3034,72,1
174801,30357,272,2
174801,3039,320,1
174801,30602,272,2
174801,3068b,15,2
174801,3206,0,1
174801,32062,0,2
174801,32064a,72,2
174801,32064a,322,1
174801,32073,71,1
174801,3214pat0001,1103,1
174801,3215pr0001,379,1
174801,32184,0,1
174801,32523,15,2
174801,32803,72,1
174801,33909,72,2
174801,3395,15,4
174801,35480,15,5
174801,36840,0,2
174801,36841,15,4
174801,3705,0,1
174801,3710,272,1
174801,3710,1050,1
174801,3713,0,2
174801,37352,272,2
174801,3795,15,2
174801,3839b,297,1
174801,3895,0,2
174801,3937,0,3
174801,4032a,72,4
174801,41740,19,2
174801,41747,272,1
174801,41748,272,1
174801,43722,15,1
174801,43722,1050,1
174801,43723,15,1
174801,43723,1050,1
174801,44294,14,1
174801,44728,0,5
174801,44861,0,4
174801,47455,72,2
174801,47456,15,2
174801,47457,15,2
174801,48171,72,2
174801,48172,0,1
174801,48336,71,2
174801,48336,0,2
174801,51739,15,2
174801,52107,71,1
174801,53540,15,2
174801,60470b,15,6
174801,60897,71,2
174801,6134,0,3
174801,63864,15,2
174801,63965,297,2
174801,64799,71,1
174801,65249,15,2
174801,65834pat0001,297,3
174801,6632,0,2
174801,69754,297,8
174801,69755,72,8
174801,73562,71,1
174801,76959,0,1
174801,79846,15,2
174801,80324,0,2
174801,80477,72,2
174801,85943,72,2
174801,85984,320,4
174801,87079,71,1
174801,90194,0,1
174801,98100,71,1
174801,98137,297,2
174801,98138,45,9
174801,98138,182,9
174801,99206,0,1
174801,99206,15,2
174801,99207,71,2
174801,99563,297,4
174801,99563,15,4
174801,99563,0,6
174801,99563,19,1
174801,99780,72,16
174801,99781,71,6
174801,99781,15,4
174802,10103440,9999,1
174802,10197,0,1
174802,11090,297,2
174802,11153,320,2
174802,11253,297,2
174802,11476,70,4
174802,11477,0,2
174802,11477,320,2
174802,14704,71,5
174802,14769,297,4
174802,15068,320,6
174802,15068,92,3
174802,15535,0,1
174802,15573,297,2
174802,15712,297,2
174802,18980,70,2
174802,2142,297,2
174802,21459,297,9
174802,22385,0,1
174802,22385,320,12
174802,22885,15,6
174802,2310,85,2
174802,24246,92,4
174802,24309,320,3
174802,2540,0,2
174802,26047,297,6
174802,2654,320,1
174802,26601,320,2
174802,26603,92,1
174802,2736,71,5
174802,27393,182,2
174802,29119,320,2
174802,29120,320,2
174802,3002,0,1
174802,3020,320,4
174802,3020,19,4
174802,3021,70,8
174802,3021,15,3
174802,3022,320,4
174802,3022,71,12
174802,3023,19,13
174802,3023,320,12
174802,3034,72,1
174802,3039,28,1
174802,3068b,85,1
174802,3069b,85,2
174802,3069b,28,1
174802,3176,0,5
174802,32000,14,2
174802,32016,72,2
174802,3204,320,1
174802,32062,4,9
174802,32064a,72,4
174802,32064a,320,2
174802,3214pat0001,1103,1
174802,3220,320,2
174802,32449,0,4
174802,32803,320,3
174802,33909,19,2
174802,35459,0,2
174802,3623,0,2
174802,3623,15,4
174802,3665,320,2
174802,3679,71,1
174802,3680,0,1
174802,36840,72,2
174802,3937,72,1
174802,3941,182,1
174802,4032a,70,10
174802,4081b,0,4
174802,41682,320,4
174802,41747,320,1
174802,41748,320,1
174802,41769,320,1
174802,41770,320,1
174802,42003,0,1
174802,43898,182,1
174802,44301b,0,2
174802,44728,1,1
174802,44728,72,7
174802,44728,14,1
174802,4590,72,2
174802,47455,0,4
174802,47456,297,1
174802,47457,297,4
174802,48169,72,2
174802,48170,320,4
174802,48172,0,1
174802,50950,320,4
174802,53451,297,16
174802,53540,4,1
174802,54200,36,8
174802,54200,182,2
174802,54657,72,2
174802,57909b,72,1
174802,60849,297,2
174802,6134,0,1
174802,6141,72,4
174802,63864,320,6
174802,64644,297,1
174802,67361,320,1
174802,67696,72,1
174802,69754,297,2
174802,69755,72,2
174802,70681,320,2
174802,72362pr0008,320,1
174802,73230,72,4
174802,73562,72,1
174802,73825,320,2
174802,76797,320,4
174802,76923,92,1
174802,76959,0,3
174802,79389,72,2
174802,79897,320,4
174802,79987,72,2
174802,80324,0,2
174802,85861,297,3
174802,85943,72,1
174802,85984,320,4
174802,85984,71,1
174802,87079,320,1
174802,87580,320,2
174802,87747,0,4
174802,89678,4,5
174802,90194,0,1
174802,92534pat0001,52,1
174802,92690,297,1
174802,92692,0,4
174802,93606,92,2
174802,98137,297,2
174802,98138,182,6
174802,98313,0,12
174802,99207,70,14
174802,99563,70,4
174802,99780,0,24
174802,99781,320,6
174804,10103441,15,1
174804,10247,0,2
174804,11211,0,2
174804,11214,4,4
174804,11215,0,1
174804,11476,71,2
174804,11477,288,8
174804,11477,28,8
174804,11477,484,4
174804,14417,72,8
174804,14704,71,15
174804,14769pr9994,297,1
174804,15068,191,2
174804,15068,288,2
174804,15456,0,1
174804,18649,0,3
174804,18674,4,1
174804,20482,297,2
174804,20482,4,2
174804,2144,297,1
174804,21459,297,4
174804,22385,288,13
174804,22388,71,4
174804,22885,71,1
174804,22890,72,2
174804,2420,28,2
174804,24299,28,2
174804,24307,28,2
174804,2431,0,4
174804,2431,288,3
174804,24866,226,1
174804,25214,0,4
174804,26007,297,1
174804,26047,0,2
174804,27167,191,2
174804,28192,0,4
174804,28192,297,18
174804,28802,71,8
174804,28802,70,4
174804,3003,28,2
174804,30136,0,2
174804,30136,70,4
174804,30137,70,4
174804,30137,0,2
174804,3020,0,6
174804,3021,288,7
174804,3022,72,2
174804,3022,297,13
174804,3023,71,2
174804,3023,19,29
174804,3034,71,2
174804,30357,191,2
174804,30374,0,1
174804,3039,191,2
174804,3040b,19,2
174804,3062b,297,3
174804,3068b,19,1
174804,3069b,484,4
174804,3171,297,2
174804,3176,71,4
174804,32000,0,3
174804,32001,0,1
174804,32013,72,2
174804,32016,0,4
174804,32034,70,3
174804,32059,72,1
174804,3206,0,1
174804,32062,4,23
174804,32064a,4,2
174804,32064a,28,3
174804,32123b,71,1
174804,32126,0,2
174804,3214pat0001,1103,2
174804,32184,72,2
174804,3245c,70,4
174804,32523,0,2
174804,32803,28,2
174804,32803,288,6
174804,33909,19,1
174804,35480,28,1
174804,3622,19,2
174804,3623,28,5
174804,3659,19,3
174804,3666,71,4
174804,3678b,0,2
174804,3678b,71,2
174804,3700,72,5
174804,3701,72,4
174804,3706,0,2
174804,3710,71,2
174804,3710,288,13
174804,3795,28,2
174804,3960,288,4
174804,39789,70,1
174804,4032a,71,5
174804,41740,70,2
174804,42195,0,7
174804,4274,71,1
174804,43045,0,2
174804,43093,1,1
174804,43722,484,2
174804,43722,288,2
174804,43723,288,2
174804,43723,484,2
174804,44224,72,2
174804,44728,71,4
174804,4477,70,4
174804,44861,288,6
174804,4519,14,4
174804,47455,72,12
174804,47456,297,1
174804,47456,288,4
174804,47457,297,1
174804,47457,191,2
174804,47458,297,4
174804,48169,72,2
174804,48170,72,2
174804,4871,0,4
174804,50950,288,2
174804,50990b,288,1
174804,52501,0,2
174804,53585,0,4
174804,54200,71,4
174804,54200,191,4
174804,55889,297,1
174804,57909b,72,2
174804,59900,297,2
174804,60219,0,1
174804,60470b,0,2
174804,60474,72,2
174804,60476,71,2
174804,60478,71,2
174804,60478,0,8
174804,6091,288,1
174804,61252,297,8
174804,61332,0,10
174804,61409,71,6
174804,6141,297,16
174804,6232,4,2
174804,63868,28,4
174804,64392,484,2
174804,64567,297,1
174804,64682,484,2
174804,6541,0,3
174804,6575,0,1
174804,6587,28,1
174804,66955,288,6
174804,67695,297,4
174804,67696,72,2
174804,68568,0,2
174804,73109,71,6
174804,73825,70,14
174804,76919,4,1
174804,76919,297,2
174804,78256,0,6
174804,78257,0,1
174804,78258,0,2
174804,79389,0,6
174804,79505,0,5
174804,79846,72,4
174804,79897,191,2
174804,80017pr0002,191,1
174804,80177,288,5
174804,80178,288,5
174804,80477,72,4
174804,80563,72,3
174804,85861,0,2
174804,85943,72,2
174804,85984,288,5
174804,85984,71,2
174804,86996,71,4
174804,86996,0,3
174804,87083,72,2
174804,89678,4,12
174804,92338,297,2
174804,96874,25,1
174804,98100,288,4
174804,98137,297,2
174804,98138,35,1
174804,98138,182,1
174804,98397,70,2
174804,98834,0,2
174804,99206,0,1
174804,99207,0,2
174804,99207,72,4
174804,99563,71,4
174804,99563,288,8
174804,99563,297,2
174804,99563,70,20
174804,99780,28,22
174804,99781,0,10
174805,10050,297,1
174805,10103442,9999,1
174805,10928,72,2
174805,11090,70,1
174805,11211,322,1
174805,11211,15,1
174805,11211,70,4
174805,11211,320,2
174805,11253,297,2
174805,11253,28,4
174805,11437,297,1
174805,11476,320,2
174805,11476,0,1
174805,11476,19,1
174805,11477,4,4
174805,11477,272,2
174805,11477,484,5
174805,11833,71,1
174805,13547,70,1
174805,14395,308,3
174805,14413,71,1
174805,14716,19,3
174805,14716,71,3
174805,14769,4,1
174805,14769,27,1
174805,14769pr9990,297,2
174805,15068,70,10
174805,15207,19,2
174805,15254,19,1
174805,15254,70,2
174805,15462,70,1
174805,15573,71,4
174805,15672,19,4
174805,15672,320,2
174805,15672,70,4
174805,15712,297,5
174805,16091,71,1
174805,1745,71,2
174805,1750,70,1
174805,18653,70,2
174805,18653,19,2
174805,18654,27,1
174805,18674,70,3
174805,18674,71,3
174805,18674,0,1
174805,18980,70,1
174805,20482,297,9
174805,20482,15,2
174805,21229,4,1
174805,21459,297,6
174805,22385,272,5
174805,22885,19,1
174805,22886,71,4
174805,23443,297,2
174805,2357,70,2
174805,2357,484,4
174805,2357,71,3
174805,23950,72,2
174805,24122,0,1
174805,2412b,272,6
174805,2417,191,13
174805,2420,70,17
174805,2420,72,4
174805,2423,226,10
174805,24246,19,2
174805,2431,72,2
174805,2449,19,1
174805,2449,484,3
174805,2450,272,4
174805,2450,72,2
174805,2454b,71,1
174805,2456,72,1
174805,2456,19,1
174805,24866,14,24
174805,25375,297,1
174805,26047,70,1
174805,26047,297,7
174805,2630,0,1
174805,26601,326,3
174805,26603,19,1
174805,26603,320,6
174805,26604,71,2
174805,27925,272,6
174805,28192,308,3
174805,28621pr4021,36,5
174805,28802,4,2
174805,28802,0,2
174805,3001,71,1
174805,3001,70,2
174805,3002,71,1
174805,3003,70,4
174805,3003,71,1
174805,3003,322,1
174805,3005,28,5
174805,3005,320,2
174805,3005,4,1
174805,3005,84,2
174805,3008,70,2
174805,3009,72,2
174805,3009,19,1
174805,30099,70,2
174805,3010,484,2
174805,3010,72,1
174805,3010,19,1
174805,30136,484,8
174805,30136,19,4
174805,30136,72,2
174805,3020,4,2
174805,3020,72,1
174805,3020,71,5
174805,3020,272,1
174805,3021,70,7
174805,3022,72,6
174805,3022,71,4
174805,3022,0,2
174805,3023,71,2
174805,3023,4,2
174805,3023,320,2
174805,3031,0,1
174805,3032,320,1
174805,3034,70,1
174805,3034,19,1
174805,3034,71,1
174805,3034,0,2
174805,30340,4,2
174805,30357,28,2
174805,30374,70,1
174805,30374,297,1
174805,3040b,84,18
174805,3040b,71,2
174805,30414,19,2
174805,3045,272,8
174805,30503,0,2
174805,30503,72,1
174805,30503,19,1
174805,30503,71,1
174805,30504,71,4
174805,30586,71,1
174805,3062b,71,3
174805,3062b,70,11
174805,3062b,19,1
174805,3068b,72,2
174805,3069b,272,1
174805,3069b,19,3
174805,3171,297,3
174805,32000,19,3
174805,32000,70,3
174805,32000,0,1
174805,32009,0,1
174805,32015,70,3
174805,32028,28,4
174805,32028,0,2
174805,32028,320,5
174805,32034,0,1
174805,3204,0,1
174805,32059,72,1
174805,32062,4,3
174805,32123b,14,1
174805,3214pat0001,1103,1
174805,32270,0,1
174805,32523,71,1
174805,32607,14,5
174805,32828,0,3
174805,32932,19,2
174805,32932,4,3
174805,32952,378,1
174805,32952,19,3
174805,3298,272,12
174805,33183,70,1
174805,3395,70,4
174805,34103,70,2
174805,3460,4,1
174805,3460,71,3
174805,35480,28,5
174805,35480,4,5
174805,35480,484,17
174805,35480,71,2
174805,35480,72,13
174805,35787,71,1
174805,36017,297,2
174805,3622,19,1
174805,3622,70,1
174805,3622,71,1
174805,3623,484,1
174805,3623,72,4
174805,3665,70,5
174805,3665,19,1
174805,3666,484,3
174805,3666,272,1
174805,3666,19,7
174805,3666,70,1
174805,3666,71,1
174805,3666,320,2
174805,3675,272,7
174805,36840,71,2
174805,36840,0,6
174805,36841,484,4
174805,3700,70,1
174805,3701,70,2
174805,3705,4,1
174805,3706,0,1
174805,3710,72,1
174805,3710,71,4
174805,37352,71,7
174805,3749,19,1
174805,37775,182,2
174805,3795,28,1
174805,3795,272,1
174805,3795,70,1
174805,3958,70,1
174805,40379,4,4
174805,40490,71,1
174805,40527,19,2
174805,4070,28,2
174805,4070,0,1
174805,4081b,4,4
174805,41239,0,1
174805,4162,320,3
174805,41677,15,1
174805,41740,4,8
174805,41740,70,6
174805,4185,297,1
174805,42135,0,1
174805,4216,71,3
174805,4274,71,7
174805,4278,0,1
174805,43093,1,3
174805,43710,71,1
174805,43710,308,2
174805,43711,308,2
174805,43711,71,1
174805,43888,4,9
174805,43898,71,1
174805,44301b,0,1
174805,4460b,70,4
174805,44861,71,2
174805,4510,297,2
174805,4528,297,4
174805,4697b,0,3
174805,4733,71,1
174805,4740,71,2
174805,4740,0,5
174805,48092,272,1
174805,48092,70,2
174805,48336,71,4
174805,48336,4,2
174805,48336,19,1
174805,50340,19,1
174805,50950,70,5
174805,51274,70,4
174805,53540,71,4
174805,54200,272,3
174805,54200,326,15
174805,54200,4,4
174805,54200,71,4
174805,54200,182,2
174805,59443,70,1
174805,59900,297,1
174805,59900,4,3
174805,59900,70,3
174805,6003,326,3
174805,60470b,15,1
174805,60474,28,1
174805,60475b,19,6
174805,60475b,71,4
174805,60477,72,3
174805,60478,0,6
174805,60478,70,1
174805,60479,0,1
174805,60581,4,1
174805,60596,4,2
174805,60897,320,2
174805,60897,71,2
174805,6106,19,1
174805,61252,19,3
174805,61332,0,3
174805,6141,1103,2
174805,6141,70,11
174805,6179,71,1
174805,6180,70,1
174805,62462,70,3
174805,63864,484,1
174805,63864,320,4
174805,63868,28,3
174805,63965,297,4
174805,64567,308,2
174805,64567,297,2
174805,64644,70,2
174805,64644,297,2
174805,64799,0,1
174805,65304,0,3
174805,6541,71,1
174805,6541,70,3
174805,65509,484,2
174805,6636,28,1
174805,6636,320,3
174805,68568,272,4
174805,69729,71,1
174805,72132,0,1
174805,73111,71,1
174805,73230,72,3
174805,76959,70,4
174805,78258,0,2
174805,78329,15,2
174805,79846,72,1
174805,80015,4,2
174805,80015,272,2
174805,80497,70,4
174805,85080,71,4
174805,85861,297,18
174805,85984,320,4
174805,85984,272,4
174805,85984,70,1
174805,86876,71,1
174805,87079,28,2
174805,87079,71,4
174805,87079,378,1
174805,87083,72,2
174805,87087,484,3
174805,87580,484,1
174805,87580,71,3
174805,87606,70,3
174805,87994,297,2
174805,87994,71,1
174805,88072,70,4
174805,89678,72,1
174805,92534pat0002,47,1
174805,92584,72,1
174805,92690,297,1
174805,92947,297,2
174805,93058b,297,2
174805,93273,19,1
174805,93273,272,1
174805,93609,0,1
174805,96874,25,1
174805,98100,71,1
174805,98138,71,2
174805,98138,4,6
174805,98313,70,2
174805,98397,70,3
174805,99206,4,2
174805,99206,0,4
174805,99207,0,1
174805,99563,72,2
174805,99563,71,3
174805,99563,297,8
174805,99780,4,7
174805,99780,72,2
174806,100588pat0002,19,1
174806,10103443,9999,1
174806,10247,72,1
174806,103650a,47,1
174806,103650b,47,1
174806,11153,272,3
174806,11153,320,2
174806,11153,19,1
174806,11211,0,2
174806,11212,72,4
174806,11215,0,1
174806,11253,297,2
174806,11272,272,1
174806,11458,272,4
174806,11458,321,4
174806,11477,321,2
174806,11477,272,6
174806,11477,72,2
174806,11477,19,8
174806,11477,0,1
174806,13547,28,2
174806,13548,321,4
174806,14417,72,4
174806,14418,71,5
174806,14704,71,6
174806,14769,297,2
174806,14769,272,3
174806,15068,0,2
174806,15068,321,6
174806,15068,272,16
174806,15070,297,2
174806,15208,297,2
174806,15456,0,2
174806,15462,70,2
174806,15571,19,2
174806,15573,70,1
174806,15573,19,4
174806,15573,272,6
174806,15672,321,4
174806,15672,28,2
174806,15672,272,2
174806,15672,226,2
174806,15672,19,5
174806,15712,297,4
174806,15712,72,2
174806,16770,297,4
174806,1686,0,2
174806,17114,0,1
174806,17114,72,1
174806,1748,0,2
174806,1748,19,1
174806,18651,0,1
174806,18654,72,2
174806,18674,0,1
174806,20482,297,6
174806,2144,297,2
174806,21459,297,6
174806,2149,46,8
174806,22388,0,4
174806,22890,72,4
174806,22961,0,2
174806,23443,71,1
174806,24122,0,1
174806,2420,19,6
174806,2420,320,2
174806,24201,19,4
174806,24299,321,3
174806,24307,321,3
174806,24309,272,1
174806,24316,70,3
174806,25269,321,8
174806,2540,0,2
174806,26047,0,4
174806,2639,28,2
174806,2639,272,2
174806,2654,19,2
174806,2654,182,2
174806,26601,226,16
174806,26601,272,4
174806,2736,71,3
174806,27507,321,2
174806,28192,0,4
174806,28192,272,6
174806,28802,0,2
174806,29119,320,1
174806,29119,272,10
174806,29119,226,4
174806,29119,19,2
174806,29120,226,4
174806,29120,272,10
174806,29120,320,1
174806,29120,19,2
174806,3001,71,4
174806,3004,71,1
174806,3004,321,1
174806,3020,19,1
174806,3020,272,1
174806,3020,321,4
174806,3020,71,2
174806,3021,0,4
174806,3021,321,2
174806,3021,272,3
174806,3021,70,1
174806,3021,72,3
174806,3022,4,2
174806,3022,28,5
174806,3022,19,4
174806,3022,321,4
174806,3022,15,4
174806,3023,46,2
174806,3023,272,8
174806,3023,28,14
174806,3024,19,6
174806,3024,321,8
174806,3031,272,1
174806,3034,72,1
174806,3034,28,1
174806,3034,0,1
174806,3035,28,1
174806,30374,0,1
174806,30374,70,2
174806,30414,72,3
174806,30565,321,6
174806,30565,28,2
174806,30565,272,2
174806,3068b,28,1
174806,3069b,321,2
174806,3069b,320,3
174806,3069b,19,1
174806,3070b,321,2
174806,3070b,272,4
174806,3171,297,4
174806,3176,19,3
174806,32000,19,4
174806,32001,0,2
174806,32013,0,2
174806,32015,0,2
174806,32034,0,2
174806,32034,308,1
174806,3204,0,1
174806,32062,0,20
174806,32062,4,1
174806,32064a,0,2
174806,32064a,15,1
174806,32064a,28,8
174806,32073,71,1
174806,32123b,14,1
174806,3214pat0001,1103,1
174806,3215pr0001,379,1
174806,32184,0,2
174806,32184,72,1
174806,32192,272,3
174806,32803,28,4
174806,32803,72,2
174806,33909,70,1
174806,33909,272,6
174806,3484,72,2
174806,3484,0,1
174806,35186,71,1
174806,35464,19,4
174806,35485,0,1
174806,35787,272,2
174806,35787,321,2
174806,3623,272,4
174806,3623,19,1
174806,3660,19,4
174806,3665,72,2
174806,3666,272,2
174806,3673,71,1
174806,36840,71,8
174806,36840,19,4
174806,36840,0,1
174806,36841,19,2
174806,36841,272,4
174806,3700,71,1
174806,3700,72,2
174806,3701,0,3
174806,3705,0,3
174806,3707,0,4
174806,3709,0,1
174806,3709,71,2
174806,3710,71,1
174806,3710,72,2
174806,3710,28,2
174806,3710,320,2
174806,3710,19,1
174806,3713,0,1
174806,3749,19,2
174806,3795,19,5
174806,3795,0,1
174806,3937,15,2
174806,3941,321,1
174806,4032a,72,3
174806,4032a,15,2
174806,4070,0,2
174806,4070,321,4
174806,4081b,71,4
174806,41125,297,1
174806,41677,19,4
174806,41677,72,4
174806,41740,272,2
174806,41740,28,2
174806,41769,321,1
174806,41769,226,1
174806,41770,226,1
174806,41770,321,1
174806,42135,0,1
174806,42918,272,1
174806,42924,1,3
174806,43093,1,5
174806,43722,0,1
174806,43722,272,1
174806,43723,272,1
174806,43723,0,1
174806,43898,182,2
174806,44728,272,8
174806,44861,72,6
174806,4590,72,1
174806,4740,47,2
174806,47455,72,4
174806,47456,297,3
174806,47458,297,4
174806,47753,321,2
174806,4865b,0,2
174806,50923,72,2
174806,50950,272,1
174806,51739,28,1
174806,52107,0,2
174806,53451,297,14
174806,53585,0,6
174806,54200,226,10
174806,54200,321,4
174806,54200,272,3
174806,54200,0,1
174806,54200,28,4
174806,54200,72,4
174806,54200,70,1
174806,54200,182,2
174806,55013,72,2
174806,57539,179,1
174806,57585,0,2
174806,57909b,72,6
174806,58176,182,4
174806,59900,0,1
174806,59900,19,2
174806,60470b,84,4
174806,60470b,72,2
174806,60478,0,4
174806,60897,0,2
174806,61252,320,2
174806,61252,297,1
174806,61332,0,1
174806,6134,71,2
174806,6141,1103,2
174806,6141,182,5
174806,6141,46,16
174806,62462,0,4
174806,63864,272,2
174806,63868,72,2
174806,64225,19,1
174806,64567,297,1
174806,64644,297,1
174806,65138,272,2
174806,65184,182,1
174806,6536,272,2
174806,65487,72,2
174806,6553,0,4
174806,65578,272,2
174806,66857,0,2
174806,66906,0,10
174806,66955,0,1
174806,67695,297,6
174806,67695,72,3
174806,67696,321,5
174806,67696,0,4
174806,67810,0,1
174806,69754,297,4
174806,69755,72,4
174806,71752,0,1
174806,73230,71,8
174806,73825,19,2
174806,73825,15,2
174806,73825,72,4
174806,75937,0,1
174806,76919,297,4
174806,77845,0,2
174806,78256,19,2
174806,78257,0,1
174806,79389,0,4
174806,79505,0,2
174806,79846,321,2
174806,79851,0,1
174806,79896,297,1
174806,79897,297,4
174806,80177,19,1
174806,80178,19,1
174806,80563,72,2
174806,82276pat0002pr0004,272,1
174806,85080,72,2
174806,85861,0,7
174806,85943,72,2
174806,85984,70,1
174806,85984,272,3
174806,85984,321,2
174806,85984,19,1
174806,87079,272,2
174806,87083,72,2
174806,87994,297,1
174806,89678,72,2
174806,92534pat0001,46,1
174806,92690,297,1
174806,92692,0,3
174806,92907,0,2
174806,93273,0,1
174806,93273,272,4
174806,93274,72,4
174806,95199,297,2
174806,96874,25,1
174806,98138,72,2
174806,98138,272,2
174806,98138,182,3
174806,98313,0,2
174806,98313,297,15
174806,99021,72,4
174806,99206,0,2
174806,99207,72,4
174806,99207,0,6
174806,99563,0,4
174806,99563,297,2
174806,99780,72,8
174806,99780,28,6
174806,99780,321,2
174806,99780,19,4
174806,99781,272,2
174806,99781,19,6
174806,99781,321,4
174806,99781,320,2
174806,99781,0,2
174808,10103444,9999,1
174808,10170,84,1
174808,104046a,320,1
174808,104046b,320,1
174808,11153,4,4
174808,11153,322,1
174808,11211,71,18
174808,11212,4,2
174808,11212,71,2
174808,11213,0,2
174808,11214,72,1
174808,11215,0,5
174808,11253,0,2
174808,11477,15,2
174808,11477,322,4
174808,11477,4,4
174808,13731,4,22
174808,13731,0,2
174808,13965,0,2
174808,14417,72,3
174808,14418,71,2
174808,14419,72,2
174808,14704,71,11
174808,14716,322,2
174808,14769,297,3
174808,15068,72,13
174808,15068,15,2
174808,15068,0,19
174808,15068,322,3
174808,15068,4,6
174808,15070,0,2
174808,15254,191,1
174808,15462,70,1
174808,15534,72,1
174808,15535,72,1
174808,15571,71,4
174808,15712,0,10
174808,15712,4,4
174808,15712,15,2
174808,15712,70,1
174808,15712,297,6
174808,15712,72,2
174808,17485,0,2
174808,18041,297,2
174808,18395,191,2
174808,18575,0,1
174808,18649,0,1
174808,18651,0,4
174808,18653,0,2
174808,18653,322,2
174808,18653,191,4
174808,18653,4,4
174808,18654,4,2
174808,18674,15,2
174808,18674,0,2
174808,18677,0,6
174808,1927,0,4
174808,20482,297,4
174808,20482,0,2
174808,21459,297,8
174808,22385,322,2
174808,22484,72,1
174808,22885,71,11
174808,22885,4,6
174808,22890,72,6
174808,2357,71,2
174808,23986,15,1
174808,24122,0,1
174808,2412b,4,6
174808,2412b,0,1
174808,2412b,179,2
174808,2412b,71,2
174808,2420,19,2
174808,2420,71,4
174808,2420,4,4
174808,2420,15,4
174808,2420,0,2
174808,2420,322,4
174808,24201,0,8
174808,24201,71,1
174808,24246,0,2
174808,24299,4,2
174808,24299,322,1
174808,24307,4,2
174808,24307,322,1
174808,24309,4,2
174808,24309,0,1
174808,2431,4,4
174808,24316,70,3
174808,2445,4,2
174808,2449,72,2
174808,2449,0,2
174808,2450,4,2
174808,2465,71,2
174808,24866,10,1
174808,24866,1050,1
174808,25269,322,4
174808,25375,297,2
174808,2540,71,2
174808,26047,297,4
174808,2654,71,2
174808,26601,322,2
174808,26603,73,2
174808,26603,4,2
174808,26603,15,1
174808,2736,71,2
174808,27925,322,4
174808,28192,0,2
174808,28192,297,18
174808,2821,84,1
174808,28621,36,2
174808,2877,71,4
174808,29119,19,1
174808,29119,4,3
174808,29119,322,2
174808,29119,71,1
174808,29120,322,2
174808,29120,71,1
174808,29120,4,3
174808,29120,19,1
174808,3001,28,2
174808,3001,72,4
174808,3002,71,1
174808,3002,0,1
174808,3002,4,1
174808,3003,19,1
174808,3003,4,2
174808,3003,0,1
174808,3004,191,2
174808,3005,191,4
174808,3009,322,3
174808,3009,191,2
174808,3010,19,2
174808,3010,4,2
174808,3010,322,2
174808,3010,71,6
174808,3010,191,6
174808,30136,0,9
174808,30154,297,1
174808,30166,71,8
174808,3020,191,2
174808,3020,72,1
174808,3020,4,11
174808,3020,0,1
174808,3020,28,6
174808,3020,19,2
174808,3021,4,11
174808,3021,322,4
174808,3021,0,6
174808,3022,19,4
174808,3022,4,2
174808,3022,0,3
174808,3022,71,1
174808,3023,4,19
174808,3023,41,8
174808,3023,28,25
174808,3023,0,6
174808,3023,322,3
174808,3024,322,8
174808,3024,297,16
174808,3024,4,8
174808,3029,28,1
174808,3030,28,1
174808,3031,72,1
174808,3031,4,3
174808,3032,4,6
174808,3033,28,4
174808,3034,0,2
174808,3034,71,2
174808,3035,0,2
174808,30357,322,4
174808,30363,71,2
174808,30374,297,2
174808,30383,72,2
174808,3039,41,2
174808,3040b,4,8
174808,3040b,0,2
174808,30414,72,24
174808,3044c,4,2
174808,3062b,4,12
174808,3062b,0,1
174808,3065,41,2
174808,3068b,19,1
174808,3068b,0,2
174808,3068b,70,1
174808,3068b,322,1
174808,3069b,41,32
174808,3069b,71,2
174808,3069b,4,2
174808,3069b,70,1
174808,3070b,0,2
174808,3070b,14,1
174808,3070b,4,10
174808,32000,0,2
174808,32013,4,4
174808,32014,4,2
174808,32015,0,2
174808,32016,4,6
174808,32034,0,4
174808,32056,14,2
174808,3206,0,1
174808,32062,4,16
174808,32064a,4,4
174808,3214pat0001,1103,1
174808,3215pr0001,379,1
174808,32184,4,3
174808,3220pr0001,322,1
174808,32270,0,1
174808,32278,0,1
174808,32316,0,2
174808,32474,3,1
174808,32524,0,1
174808,32526,0,2
174808,32530,0,2
174808,32606,191,1
174808,32607,10,1
174808,32802,72,1
174808,32803,0,2
174808,32803,71,6
174808,32828,0,2
174808,33051,10,1
174808,33172,25,1
174808,33183,10,1
174808,33909,15,2
174808,33909,4,2
174808,34076,0,2
174808,34103,73,2
174808,3460,0,6
174808,3460,322,3
174808,3460,72,2
174808,35044,28,2
174808,35480,0,4
174808,35480,71,15
174808,35480,70,2
174808,36017,297,8
174808,3622,71,2
174808,3622,0,2
174808,3623,15,4
174808,3623,72,4
174808,3623,0,2
174808,3623,28,2
174808,3623,322,4
174808,3659,4,2
174808,3659,191,2
174808,3665,4,2
174808,3666,0,8
174808,3666,28,13
174808,3666,19,2
174808,3666,72,2
174808,3678b,4,1
174808,36840,70,1
174808,36840,72,2
174808,36841,71,2
174808,3700,4,1
174808,3700,71,4
174808,3703,0,4
174808,3705,0,2
174808,3705,4,1
174808,3706,4,4
174808,3708,4,4
174808,3710,191,4
174808,3710,72,2
174808,3710,4,14
174808,3710,322,2
174808,3710,0,4
174808,3713,0,1
174808,37352,71,4
174808,3747b,72,2
174808,3749,19,2
174808,37695,10,1
174808,3795,28,3
174808,3795,71,6
174808,3795,0,2
174808,3795,72,2
174808,3795,4,10
174808,38014,15,3
174808,3832,4,3
174808,3832,0,3
174808,3894,72,6
174808,3941,19,1
174808,3941,71,2
174808,3956,0,1
174808,3958,28,1
174808,3960,322,2
174808,39789,85,2
174808,4032a,72,1
174808,4032a,4,2
174808,40925pat0012,2,1
174808,4162,0,7
174808,41740,15,2
174808,41740,72,4
174808,41740,0,7
174808,41769,4,2
174808,41770,4,2
174808,41854,4,2
174808,42022,0,2
174808,42023,72,4
174808,42195,0,2
174808,4274,71,2
174808,4282,0,2
174808,4286,0,4
174808,42876,484,1
174808,4287c,72,2
174808,42918,4,2
174808,42924,1,7
174808,43056,71,1
174808,43093,1,5
174808,43857,0,2
174808,43898,0,2
174808,44567b,0,1
174808,44728,4,4
174808,44728,71,5
174808,4477,71,2
174808,44861,4,8
174808,44861,15,8
174808,4595,0,1
174808,4697b,0,2
174808,4740,41,4
174808,4740,0,2
174808,47456,322,2
174808,47456,0,8
174808,47457,322,2
174808,4790b,70,1
174808,48205,4,3
174808,48208,4,3
174808,48336,0,10
174808,4871,72,1
174808,49668,41,1
174808,50340,71,1
174808,50950,0,2
174808,50955,4,5
174808,50956,4,5
174808,51270,4,2
174808,52107,28,2
174808,53451,297,10
174808,54200,19,2
174808,54200,191,2
174808,54200,71,1
174808,54657,0,2
174808,54657,15,2
174808,57585,0,2
174808,58176,71,2
174808,59443,0,5
174808,59443,4,4
174808,59900,15,4
174808,60474,72,2
174808,60479,0,1
174808,60479,28,2
174808,60479,71,6
174808,60481,0,2
174808,60481,4,2
174808,60483,0,2
174808,6081,4,2
174808,60897,0,6
174808,6091,4,2
174808,6106,0,2
174808,6111,72,2
174808,61332,0,20
174808,61409,0,4
174808,61409,72,4
174808,6141,297,53
174808,61485,0,4
174808,61780,70,1
174808,6179,0,2
174808,6190,72,12
174808,6232,71,2
174808,62462,297,1
174808,62462,71,1
174808,63864,4,2
174808,63864,0,6
174808,63868,15,6
174808,63868,4,2
174808,63965,70,1
174808,64567,297,1
174808,64567,0,2
174808,64644,0,12
174808,64799,14,2
174808,65080pat0001,15,2
174808,65304,71,1
174808,65304,297,2
174808,6536,72,1
174808,6541,322,6
174808,65426,4,1
174808,65426,0,1
174808,65429,4,1
174808,65429,0,1
174808,65487,72,4
174808,65489,71,1
174808,65509,0,1
174808,65578,71,1
174808,66252,0,4
174808,6636,71,2
174808,6636,4,2
174808,66906,0,11
174808,66956,71,1
174808,68211,10,1
174808,68297,28,1
174808,69729,71,1
174808,69729,15,2
174808,69754,1103,2
174808,69755,72,2
174808,70681,322,4
174808,70681,0,8
174808,72132,0,2
174808,73111,0,4
174808,73825,0,2
174808,75c12,297,2
174808,76919,297,2
174808,76919,191,2
174808,76959,0,5
174808,77850,0,4
174808,78256,15,4
174808,78258,15,1
174808,78443,28,1
174808,78444,28,1
174808,78666,191,4
174808,78666,4,2
174808,79389,19,6
174808,79491,72,2
174808,79846,72,2
174808,79987,72,1
174808,85861,297,14
174808,85943,4,1
174808,86996,0,10
174808,87079,4,4
174808,87081,0,2
174808,87083,72,2
174808,87087,4,8
174808,87087,72,3
174808,87087,0,4
174808,87580,0,1
174808,87618,70,2
174808,88646,15,1
174808,88646,0,1
174808,88930,4,2
174808,89678,72,4
174808,89678,4,20
174808,92338,72,1
174808,92582,71,1
174808,92947,0,1
174808,92950,70,2
174808,93058b,297,2
174808,93059,297,2
174808,93061,0,2
174808,93095,19,1
174808,93160,14,1
174808,93273,71,2
174808,93274,72,2
174808,93606,4,6
174808,96874,25,1
174808,98137,297,2
174808,98138,47,1
174808,98138,41,4
174808,98138pr0051,297,3
174808,98138pr0274,0,2
174808,98139,297,3
174808,98313,0,4
174808,98313,70,2
174808,99206,4,2
174808,99206,0,18
174808,99207,0,16
174808,99207,322,3
174808,99563,19,1
174808,99563,0,4
174808,99563,297,18
174808,99780,72,24
174810,100588pat0002pr0001,272,1
174810,11090,70,1
174810,11477,320,4
174810,13349,72,1
174810,14417,72,1
174810,14704,71,6
174810,14769,297,2
174810,15573,297,3
174810,15672,0,2
174810,15706,0,2
174810,1745,4,1
174810,18674,70,1
174810,21459,297,2
174810,2412b,297,4
174810,2432,1103,3
174810,2540,297,4
174810,3001,19,1
174810,3003,0,1
174810,3004,272,1
174810,3004,72,2
174810,3004,25,1
174810,30176,27,2
174810,3021,0,1
174810,3022,4,3
174810,3022,272,3
174810,3023,272,6
174810,3023,320,3
174810,3035,2,1
174810,30363,0,2
174810,30385,41,1
174810,3039,272,2
174810,3039,72,4
174810,3206,0,1
174810,3214pat0001,1103,1
174810,3215pr0001,379,1
174810,32607,27,2
174810,33909,19,2
174810,3666,272,1
174810,3700,19,1
174810,3839b,297,2
174810,3958,2,1
174810,41531,1103,2
174810,41740,0,1
174810,4286,272,2
174810,42876,484,1
174810,43712,272,1
174810,44567b,0,1
174810,46667,72,2
174810,47457,297,2
174810,47759,297,1
174810,53941,71,4
174810,57906,46,5
174810,60474,72,1
174810,60481,288,4
174810,6126b,182,1
174810,61332,0,2
174810,6239,0,2
174810,63783,71,1
174810,64225pr9997,0,1
174810,65186,72,2
174810,66906,4,1
174810,70681,71,2
174810,71752,19,1
174810,73109,71,2
174810,80477,72,2
174810,85984,320,2
174810,85984pr0021,71,1
174810,87580,70,2
174810,87994,70,1
174810,90194,0,1
174810,92947,308,1
174810,92950,72,2
174810,93274,0,2
174810,98071pr9999,272,1
174810,98072pr9999,272,1
174856,10102768,9999,1
174856,10247,72,2
174856,10314,4,2
174856,11090,297,1
174856,11203,15,4
174856,11214,4,2
174856,11215,15,1
174856,11477,3,2
174856,11477,0,2
174856,11946,14,1
174856,11947,14,1
174856,13547,14,2
174856,15068,15,1
174856,15068,14,4
174856,15395,15,1
174856,15470,15,1
174856,15535,4,7
174856,15540,72,4
174856,15573,14,2
174856,15573,0,2
174856,15712,4,5
174856,15712,3,1
174856,18651,0,7
174856,18653,71,1
174856,18653,72,1
174856,18654,72,6
174856,18674,14,1
174856,18674,72,1
174856,20482,71,1
174856,22385,4,5
174856,22484,72,1
174856,23443,71,4
174856,2412b,71,3
174856,2421,0,2
174856,24246,4,2
174856,2431,15,1
174856,2432,14,3
174856,2432,72,2
174856,24866,31,2
174856,2508,0,1
174856,25375,297,1
174856,2540,4,1
174856,25892,15,1
174856,26047,71,1
174856,2654,71,1
174856,26601,4,2
174856,26603,4,2
174856,2665a,297,1
174856,2665b,297,1
174856,2665c,297,1
174856,2665d,297,1
174856,2665e,297,1
174856,2665f,297,1
174856,2665g,297,2
174856,28192,4,2
174856,2821,84,1
174856,29119,15,1
174856,29120,15,1
174856,3003,72,1
174856,3020,191,8
174856,3021,14,2
174856,3021,15,2
174856,3022,4,2
174856,3022,14,2
174856,3023,84,4
174856,3023,3,3
174856,3031,71,2
174856,3032,0,2
174856,30374,71,2
174856,30374,4,1
174856,3040b,71,3
174856,3069bpr0367,84,1
174856,3176,4,4
174856,32000,72,2
174856,32013,72,4
174856,32018,71,4
174856,32028,14,2
174856,32062,4,2
174856,32064a,15,6
174856,32073,14,1
174856,32123b,14,4
174856,32530,4,2
174856,32607,10,2
174856,3262,71,2
174856,32803,14,1
174856,32828,19,1
174856,3298,4,1
174856,3300,4,4
174856,33320,2,1
174856,33909,4,4
174856,35480,15,2
174856,35480,72,2
174856,3666,15,4
174856,3673,71,2
174856,36840,71,2
174856,36841,14,2
174856,3705,4,6
174856,3709,4,6
174856,3709,72,1
174856,3710,3,9
174856,3747b,4,1
174856,37695,10,1
174856,37762,297,1
174856,3823,47,1
174856,3941,72,2
174856,3941,2,9
174856,3956,71,2
174856,39767,0,1
174856,39789,4,1
174856,39888,19,3
174856,4032a,1,8
174856,4070,4,2
174856,41769,4,1
174856,41769,14,1
174856,41770,4,1
174856,41770,14,1
174856,42135,15,1
174856,4274,15,1
174856,42918,14,8
174856,42918,4,2
174856,42924,1,1
174856,43093,1,5
174856,44728,72,1
174856,4489b,297,2
174856,4519,14,1
174856,4740,71,1
174856,47456,4,2
174856,47457,4,2
174856,48336,4,2
174856,49307,71,3
174856,51270,4,1
174856,53451,297,1
174856,54200,4,2
174856,54200,3,2
174856,54200,378,3
174856,54200,14,2
174856,55981,297,1
174856,57585,71,1
174856,59443,4,1
174856,59900,71,4
174856,60169,72,1
174856,60470b,4,2
174856,60475b,72,2
174856,60478,4,2
174856,60483,15,4
174856,60897,85,2
174856,6091,85,1
174856,6091,3,2
174856,6106,322,1
174856,61252,72,2
174856,61332,0,13
174856,61345,15,1
174856,61409,19,2
174856,61409,4,4
174856,61409,72,4
174856,61409,14,12
174856,6141,0,3
174856,6141,47,3
174856,6141,15,4
174856,6141,36,7
174856,61800,3,3
174856,6231,4,4
174856,62462,71,1
174856,63082,71,1
174856,63868,4,2
174856,63868,14,8
174856,64567,297,1
174856,64567,0,1
174856,64951,84,1
174856,6541,0,2
174856,6553,71,4
174856,65578,71,4
174856,6636,4,2
174856,66909,82,2
174856,66956,4,1
174856,67245,14,4
174856,68547,15,3
174856,69729,4,1
174856,69754,297,3
174856,69755,72,4
174856,69767,297,1
174856,69858,0,3
174856,72008,4,2
174856,73109,4,2
174856,73825,0,2
174856,78256,15,2
174856,78333,71,1
174856,79389,0,4
174856,80324,191,2
174856,80686pr0003,322,1
174856,85861,14,4
174856,85861,70,1
174856,85861,297,3
174856,85984,14,2
174856,85984,72,1
174856,85984pr0021,71,1
174856,86876,15,2
174856,86996,71,1
174856,87407,71,2
174856,87580,71,1
174856,87580,84,1
174856,87994,71,2
174856,87994,4,2
174856,88072,0,1
174856,89678,72,5
174856,90258,72,4
174856,92099,72,4
174856,92842,0,2
174856,93061,71,1
174856,93273,4,2
174856,93274,14,2
174856,93789,179,1
174856,95344,0,1
174856,96874,3,1
174856,98138pr0186,71,1
174856,99207,14,4
174856,99563,4,3
174856,99563,3,2
174856,99780,15,2
174856,99781,14,4
174857,10102769,9999,1
174857,11090,70,2
174857,1126pr0004,19,1
174857,1126pr0006,19,1
174857,11476,2,2
174857,11477,15,6
174857,11477,27,4
174857,11833,0,2
174857,13547,28,2
174857,13965,3,2
174857,14704,71,5
174857,14719,15,6
174857,15068,3,5
174857,15068,15,11
174857,15070,297,6
174857,15208,15,2
174857,15469,10,4
174857,15535,27,2
174857,15571,297,6
174857,15571,15,4
174857,1750,3,8
174857,18034,0,1
174857,18646,15,2
174857,18653,15,2
174857,22385,15,5
174857,22385,27,3
174857,2420,15,4
174857,24299,27,5
174857,24307,27,5
174857,24309,15,3
174857,2540,297,1
174857,2601,35,1
174857,2601,297,2
174857,26047,297,8
174857,26047,15,2
174857,2654,26,2
174857,2654,70,1
174857,2654,2,2
174857,2665a,297,1
174857,2665b,297,1
174857,2665c,297,1
174857,2665d,297,1
174857,2665e,297,1
174857,2665f,297,1
174857,2665g,297,2
174857,2736,71,4
174857,27393,0,2
174857,27925,15,12
174857,29119,27,11
174857,29120,27,11
174857,3001,71,1
174857,30136,19,3
174857,3020,28,3
174857,3020,15,1
174857,3021,15,5
174857,3021,19,2
174857,3021,3,10
174857,3022,15,3
174857,3022,3,5
174857,3022,72,2
174857,3023,3,8
174857,3023,15,4
174857,3023,4,7
174857,3024,3,10
174857,30374,0,2
174857,30565,15,4
174857,3176,15,1
174857,3176,19,3
174857,32000,15,2
174857,32002,19,1
174857,32064a,72,2
174857,32073,14,2
174857,32126,15,1
174857,32192,2,2
174857,32607,297,2
174857,32803,3,12
174857,32828,19,6
174857,33909,70,1
174857,35044,15,2
174857,35480,28,15
174857,36017,297,1
174857,3639,72,2
174857,3640,15,2
174857,36840,72,10
174857,36841,27,6
174857,36841,19,8
174857,3700,0,1
174857,3710,3,2
174857,3795,15,3
174857,3938,15,4
174857,3960,297,2
174857,41769,28,1
174857,41770,28,1
174857,43093,1,4
174857,43719,15,1
174857,44728,28,5
174857,4519,71,2
174857,4740,297,4
174857,47455,15,4
174857,47456,15,1
174857,47456,297,4
174857,47457,15,1
174857,47458,15,1
174857,48170,72,2
174857,48171,19,2
174857,48172,0,2
174857,48336,19,2
174857,51270,28,2
174857,53451,297,14
174857,53585,0,2
174857,54200,15,4
174857,59900,297,2
174857,60470b,191,1
174857,60470b,15,3
174857,60474,19,2
174857,60478,3,4
174857,60478,70,8
174857,6091,15,12
174857,61252,10,4
174857,61332,0,2
174857,6141,35,6
174857,62361,15,4
174857,62361,3,4
174857,63868,28,2
174857,64567,297,1
174857,65473,15,4
174857,65487,72,2
174857,65617,297,8
174857,6587,28,2
174857,66956,191,1
174857,66956,15,14
174857,67696,308,2
174857,68547,297,2
174857,69754,297,2
174857,69755,72,2
174857,69858,297,4
174857,73109,71,1
174857,73230,15,6
174857,73825,14,2
174857,79389,378,6
174857,80477,72,1
174857,85861,14,2
174857,85943,72,2
174857,87079,19,1
174857,87994,297,1
174857,88072,72,1
174857,88704,70,2
174857,89678,4,2
174857,92692,297,5
174857,93273,28,2
174857,93274,15,2
174857,93609,0,2
174857,96874,3,1
174857,98313,297,20
174857,99207,19,2
174857,99207,10,20
174857,99563,297,2
174857,99780,3,2
174857,99781,27,6
174858,10102771,9999,1
174858,10190,3,2
174858,11090,297,8
174858,11090,72,3
174858,11127,41,1
174858,11153,272,2
174858,11203,70,1
174858,11211,72,1
174858,11211,1,1
174858,11211,28,2
174858,11211,0,2
174858,11212,4,2
174858,11212,2,1
174858,11215,15,2
174858,11215,71,3
174858,11458,70,2
174858,11476,70,4
174858,11477,272,7
174858,11477,1,2
174858,11477,3,2
174858,11477,72,21
174858,11833,4,2
174858,11833,71,1
174858,13548,72,3
174858,13965,272,2
174858,14413,71,1
174858,14418,71,2
174858,14419,72,2
174858,14704,71,2
174858,14716,70,2
174858,14716,15,2
174858,15068,378,2
174858,15068,272,7
174858,15068,72,2
174858,15070,297,3
174858,15207,15,2
174858,15208,297,2
174858,15332,70,6
174858,15395,297,1
174858,15397,30,2
174858,15429,297,4
174858,15470,323,2
174858,15573,297,8
174858,15573,72,4
174858,15573,15,16
174858,15573,0,8
174858,15573,272,3
174858,15672,71,2
174858,15706,72,4
174858,15712,15,6
174858,15712,297,7
174858,15744,297,1
174858,16577,72,1
174858,16577,70,2
174858,18034,179,4
174858,18653,272,2
174858,18653,72,6
174858,18674,1,1
174858,18674,10,1
174858,18674,15,2
174858,18674,272,2
174858,18677,71,2
174858,18838,1,3
174858,18970,297,1
174858,18980,19,2
174858,19121,297,17
174858,1927,272,1
174858,19798,72,1
174858,20310,70,6
174858,20482,70,8
174858,20482,297,6
174858,20482,0,1
174858,20482,28,1
174858,22385,272,6
174858,22385,19,1
174858,22385,1,2
174858,22667,4,1
174858,22885,71,8
174858,22885,484,4
174858,22885,0,6
174858,22890,72,2
174858,23443,297,1
174858,2357,72,3
174858,2357,272,1
174858,2357,71,1
174858,23860,45,1
174858,23969,72,1
174858,23986,15,2
174858,24085,10,1
174858,2412b,378,2
174858,2420,28,4
174858,2420,72,2
174858,2420,71,2
174858,2420,14,2
174858,2420,15,4
174858,2423,326,1
174858,24307,378,2
174858,2431,3,5
174858,2431,1,2
174858,2431,31,8
174858,2431,28,2
174858,2431,15,23
174858,2431,484,4
174858,2431,72,1
174858,2445,72,1
174858,2449,72,1
174858,2449,272,1
174858,2450,378,1
174858,2454b,0,1
174858,2456,72,3
174858,2456,15,2
174858,2456,19,1
174858,24866,26,2
174858,24946,19,1
174858,24947,14,1
174858,25269,272,2
174858,25269,19,11
174858,25375,297,4
174858,2540,72,4
174858,2587,179,1
174858,26047,297,18
174858,2639,72,2
174858,2654,1053,2
174858,26601,28,1
174858,26601,19,3
174858,26603,15,1
174858,26603,14,4
174858,26603,72,1
174858,26603,322,2
174858,2682,2,5
174858,2682,1054,1
174858,27261,72,1
174858,27263,19,1
174858,27263,72,2
174858,27266,297,2
174858,2730,321,1
174858,2730,0,1
174858,2736,71,2
174858,27925,4,4
174858,27925,297,2
174858,27925,19,1
174858,28192,72,2
174858,28802,0,1
174858,28802,19,1
174858,28870,297,10
174858,29119,72,1
174858,29119,378,1
174858,29120,378,1
174858,29120,72,1
174858,3001,71,3
174858,3001,31,3
174858,3001,1,2
174858,3001,15,2
174858,3001,19,2
174858,3003,19,2
174858,3004,1,4
174858,3004,378,11
174858,3004,71,1
174858,3004,72,4
174858,3004,27,2
174858,3005,72,2
174858,3005,70,2
174858,3005,1,5
174858,3005,15,6
174858,3005,272,4
174858,3007,72,2
174858,3008,3,2
174858,30089b,0,1
174858,3009,71,1
174858,3009,3,2
174858,30099,72,1
174858,3010,15,5
174858,3010,72,3
174858,3010,272,9
174858,3010,19,1
174858,30136,19,16
174858,30137,84,2
174858,3020,272,7
174858,3020,28,1
174858,3020,191,2
174858,3020,15,8
174858,3020,19,1
174858,3021,272,1
174858,3021,28,3
174858,3021,1,1
174858,3021,72,12
174858,3021,19,10
174858,3022,19,2
174858,3022,72,1
174858,3022,297,2
174858,3022,272,4
174858,3022,1,3
174858,3023,30,1
174858,3023,72,1
174858,3023,3,1
174858,3023,28,1
174858,3023,15,9
174858,3023,19,9
174858,3023,71,4
174858,3023,25,3
174858,3023,272,2
174858,3023,41,86
174858,3023,84,1
174858,3024,30,2
174858,3024,15,2
174858,3024,72,3
174858,3024,70,6
174858,3024,1,7
174858,3024,28,2
174858,3027,19,2
174858,3029,28,3
174858,3030,19,3
174858,3031,85,2
174858,3032,28,3
174858,3032,19,1
174858,3033,28,1
174858,3034,1,10
174858,3034,272,1
174858,3034,72,1
174858,3034,19,3
174858,3034,28,1
174858,3035,84,1
174858,3035,71,1
174858,30355,28,3
174858,3036,19,1
174858,3037,71,1
174858,30374,70,3
174858,30374,4,1
174858,3038,72,2
174858,30385,36,1
174858,3040b,378,16
174858,3040b,72,5
174858,3040b,26,2
174858,30414,71,1
174858,30414,72,3
174858,30414,378,1
174858,30503,19,3
174858,3062b,3,10
174858,3062b,2,6
174858,3062b,70,1
174858,3062b,15,6
174858,3065,41,30
174858,3068b,19,4
174858,3068b,15,14
174858,3069b,378,13
174858,3069b,322,1
174858,3069b,191,4
174858,3069b,15,4
174858,3069b,272,1
174858,3069b,71,1
174858,3069b,72,1
174858,3069b,19,4
174858,3069b,28,1
174858,3069bpr0367,84,1
174858,3070b,3,2
174858,3070b,82,2
174858,3070bpr0147,71,1
174858,3171,297,4
174858,3176,72,1
174858,32000,72,2
174858,32016,71,1
174858,32018,71,4
174858,32018,0,2
174858,32028,70,2
174858,32062,4,2
174858,32064a,0,3
174858,32073,14,1
174858,32123b,71,1
174858,32192,72,1
174858,32278,1,2
174858,32316,27,1
174858,32324,71,2
174858,3245c,15,8
174858,32525,26,2
174858,32532,71,2
174858,32607,26,3
174858,32803,72,3
174858,32828,72,3
174858,32952,1,16
174858,32952,15,6
174858,32952,19,4
174858,32952,70,5
174858,32952,71,2
174858,32952,272,4
174858,3298,1,1
174858,33121,4,1
174858,33320,297,2
174858,33909,15,2
174858,33909,4,1
174858,33909,72,2
174858,33909,70,7
174858,33909,71,3
174858,33909,3,8
174858,34103,378,9
174858,34172,15,2
174858,3460,4,3
174858,3460,19,4
174858,35480,28,2
174858,35480,72,4
174858,35480,19,3
174858,35480,2,25
174858,35480,70,9
174858,35787,19,1
174858,36017,15,1
174858,36017,297,11
174858,3622,322,6
174858,3622,15,4
174858,3623,378,4
174858,3623,72,2
174858,3623,28,2
174858,3623,71,1
174858,3623,15,2
174858,3633,297,23
174858,3633,0,4
174858,3659,70,2
174858,3660,26,2
174858,3660,272,4
174858,3665,71,5
174858,3665,72,1
174858,3665,272,5
174858,3666,3,5
174858,3666,19,1
174858,3666,71,1
174858,3666,28,3
174858,3666,30,9
174858,3666,1,7
174858,3666,272,1
174858,3666,70,2
174858,36840,71,2
174858,3700,15,2
174858,3701,19,1
174858,3702,14,3
174858,3703,72,2
174858,3703,15,2
174858,3705,4,1
174858,3705,0,1
174858,3707,4,2
174858,3709,15,5
174858,3710,71,2
174858,3710,28,2
174858,3710,70,10
174858,3710,1,1
174858,3710,15,21
174858,3710,3,13
174858,3710,378,14
174858,3710,272,2
174858,3710,30,7
174858,3747b,0,1
174858,37762,297,8
174858,37775,0,1
174858,3795,19,1
174858,3795,1,5
174858,3795,15,3
174858,3795,484,3
174858,3795,28,8
174858,3832,15,1
174858,38320,297,2
174858,3839b,297,2
174858,3894,71,1
174858,3895,15,2
174858,39262,297,1
174858,3941,15,4
174858,3958,71,1
174858,3958,15,1
174858,3958,28,1
174858,3960,297,1
174858,4032a,19,1
174858,4032a,4,2
174858,4032a,72,2
174858,4032a,14,1
174858,4032a,15,6
174858,4032a,71,2
174858,40490,1,2
174858,4070,15,2
174858,4070,0,2
174858,4079b,70,2
174858,4081b,272,1
174858,4081b,4,1
174858,41539,19,2
174858,4162,19,2
174858,4162,15,8
174858,4162,71,2
174858,41682,19,1
174858,41740,19,3
174858,41747,272,3
174858,41748,272,3
174858,41769,272,1
174858,41769,28,1
174858,41769,1,1
174858,41770,1,1
174858,41770,28,1
174858,41770,378,1
174858,4286,1,36
174858,4286,378,5
174858,4286,15,8
174858,4287c,71,1
174858,4287c,15,1
174858,42924,1,8
174858,43093,1,5
174858,43722,272,1
174858,43723,272,1
174858,43888,72,2
174858,43898,15,2
174858,4460b,272,9
174858,4460b,72,3
174858,44728,3,4
174858,4477,272,3
174858,4477,1,8
174858,4477,15,1
174858,44861,84,2
174858,44861,14,4
174858,44865,72,1
174858,44865,71,2
174858,4490,72,1
174858,4510,70,1
174858,46212,41,2
174858,4740,15,1
174858,4740,41,2
174858,47457,15,1
174858,47458,297,1
174858,47755,272,1
174858,47847,71,1
174858,47847,272,1
174858,47905,70,1
174858,48336,15,4
174858,48336,297,3
174858,48336,72,1
174858,48729b,72,1
174858,48729b,297,2
174858,49153,15,1
174858,49577,26,3
174858,49595b,191,1
174858,49595c,191,1
174858,49595d,191,2
174858,49595e,191,2
174858,49595g,191,2
174858,49656pat0001,28,1
174858,51239,19,1
174858,51270,28,2
174858,51283,1053,5
174858,51739,272,1
174858,53119,15,1
174858,53451,297,18
174858,54200,28,2
174858,54200,72,4
174858,54200,272,4
174858,54200,378,5
174858,54383,272,1
174858,55236,288,3
174858,56145,297,3
174858,56908,297,2
174858,57895,41,1
174858,57895,19,1
174858,57909b,72,1
174858,59230,72,2
174858,59349,41,3
174858,59443,27,3
174858,59900,297,1
174858,59900,41,5
174858,60470b,72,1
174858,60474,0,1
174858,60474,4,2
174858,60474,72,1
174858,60475b,71,3
174858,60476,71,1
174858,60477,72,9
174858,60479,72,2
174858,60479,15,6
174858,60479,70,3
174858,60479,19,2
174858,60481,378,9
174858,60485,14,1
174858,60583b,19,2
174858,60592,70,2
174858,60593,28,5
174858,60594,1,2
174858,60594,3,2
174858,60596,70,3
174858,60598,0,1
174858,60607,297,4
174858,60621,1103,1
174858,60897,0,2
174858,60897,71,2
174858,60897,70,2
174858,60897,1,8
174858,6106,15,2
174858,6106,19,5
174858,6111,72,1
174858,6111,1,1
174858,6112,19,1
174858,6112,15,1
174858,61252,297,2
174858,61252,71,1
174858,61332,0,30
174858,61409,272,2
174858,6141,71,16
174858,61482,71,1
174858,61485,15,2
174858,6232,71,4
174858,63864,19,1
174858,63864,308,1
174858,63864,1,1
174858,63864,4,4
174858,63864,272,1
174858,63864,71,5
174858,63965,70,1
174858,64644,297,2
174858,64647,41,2
174858,64648,25,2
174858,64648,158,1
174858,64648,212,2
174858,65092,1053,33
174858,65429,15,1
174858,65509,70,4
174858,65578,71,1
174858,6587,28,1
174858,65886,0,1
174858,6636,70,4
174858,6636,3,5
174858,6636,4,2
174858,6636,19,1
174858,6636,82,2
174858,6636,15,3
174858,6636,1,2
174858,66857,19,1
174858,66909,82,3
174858,67095,72,1
174858,67446,72,2
174858,67696,72,1
174858,68013,15,12
174858,68547,297,2
174858,69729,19,2
174858,69729,71,1
174858,69729,15,1
174858,69729,3,2
174858,69858,297,6
174858,70681,1,36
174858,70880,72,5
174858,70880,272,3
174858,73109,71,3
174858,73682,1,14
174858,73825,72,1
174858,73831,84,6
174858,75937,84,2
174858,76766,0,5
174858,77808,72,5
174858,77844,15,6
174858,77844,84,6
174858,77850,0,2
174858,78258,15,1
174858,78329,71,2
174858,78329,19,4
174858,78443,272,4
174858,78443,28,3
174858,78444,28,3
174858,78444,272,1
174858,79389,15,2
174858,79897,297,2
174858,80543,15,2
174858,85080,19,4
174858,85861,71,2
174858,85861,297,72
174858,85941,4,6
174858,85984,72,2
174858,85984,272,1
174858,85984,28,2
174858,86996,15,25
174858,87079,15,8
174858,87079,19,6
174858,87081,72,1
174858,87087,26,1
174858,87544,41,2
174858,87544,272,1
174858,87552,41,2
174858,87580,322,1
174858,87580,72,4
174858,87580,3,18
174858,87609,378,4
174858,87617,15,10
174858,87620,378,3
174858,87994,297,1
174858,87994,15,3
174858,88292,19,3
174858,88292,72,3
174858,88292,272,1
174858,88930,272,4
174858,88930,72,3
174858,89678,4,10
174858,91405,19,1
174858,91988,72,1
174858,92220,297,4
174858,92692,297,1
174858,92950,19,1
174858,93061,71,1
174858,93273,19,1
174858,93273,272,4
174858,93274,72,1
174858,93789,179,4
174858,96874,25,1
174858,98138,71,4
174858,98138pr0051,297,1
174858,98313,297,8
174858,98834,82,1
174858,99206,19,1
174858,99206,71,2
174858,99206,0,1
174858,99206,15,2
174858,99207,4,4
174858,99207,19,1
174858,99207,71,2
174858,99207,72,1
174858,99563,297,5
174858,99563,3,10
174858,99563,70,2
174858,99780,71,4
174858,99780,70,4
174858,99780,72,15
174858,99780,272,10
174858,99780,19,4
174858,99781,19,1
174858,99781,71,3
174859,10102770,9999,1
174859,10247,19,2
174859,10247,0,1
174859,11289,3,1
174859,11477,3,6
174859,11477,191,6
174859,13349,0,3
174859,14704,71,2
174859,14769,15,2
174859,15068,3,2
174859,15068,272,1
174859,15070,297,14
174859,15208,297,2
174859,15208,191,3
174859,15208,15,2
174859,15456,0,2
174859,15573,191,3
174859,15672,191,4
174859,16770,297,6
174859,17485,71,4
174859,18034,0,1
174859,18651,0,1
174859,18980,0,2
174859,20482,297,1
174859,22385,3,13
174859,22385,0,2
174859,22385,85,7
174859,2357,0,2
174859,24122,0,1
174859,2420,191,2
174859,2420,15,2
174859,24201,0,5
174859,24201,191,6
174859,24299,15,1
174859,24307,15,1
174859,24375,25,2
174859,24866,26,10
174859,24946,82,1
174859,25269,15,4
174859,25269,3,2
174859,25375,297,2
174859,2601,297,1
174859,26047,297,6
174859,2654,320,1
174859,2665a,297,1
174859,2665b,297,1
174859,2665c,297,1
174859,2665d,297,1
174859,2665e,297,1
174859,2665f,297,1
174859,2665g,297,2
174859,27167,0,2
174859,2736,71,2
174859,27393,0,2
174859,27925,0,2
174859,27925,3,4
174859,28192,297,4
174859,28192,85,4
174859,28326,0,2
174859,28802,0,4
174859,29119,3,5
174859,29119,0,2
174859,29120,0,2
174859,29120,3,5
174859,3001,0,2
174859,3002,15,4
174859,3003,0,2
174859,3003,19,2
174859,30136,0,2
174859,30166,71,1
174859,3020,320,2
174859,3020,3,2
174859,3021,15,12
174859,3022,191,4
174859,3022,85,2
174859,3023,85,6
174859,3023,15,2
174859,3023,0,8
174859,3023,3,16
174859,30357,3,2
174859,3039,191,1
174859,3068b,3,3
174859,3068b,191,2
174859,3070b,191,2
174859,32000,71,2
174859,32028,4,4
174859,32034,0,2
174859,32062,4,6
174859,32192,272,4
174859,32291,0,2
174859,32324,0,2
174859,32607,297,2
174859,32803,0,8
174859,32803,320,1
174859,32828,297,6
174859,34103,0,2
174859,3460,3,4
174859,35480,28,2
174859,35480,272,5
174859,35485,297,1
174859,3622,0,2
174859,3623,191,4
174859,3665,320,2
174859,36840,0,4
174859,36841,85,10
174859,3700,3,4
174859,3702,0,2
174859,3705,4,2
174859,3710,3,4
174859,3710,0,2
174859,3713,0,2
174859,37352,71,1
174859,3747b,0,2
174859,37762,297,2
174859,37775,0,1
174859,3795,191,1
174859,3839b,0,1
174859,3894,14,2
174859,3895,71,2
174859,39262,297,1
174859,39739,297,2
174859,4032a,3,3
174859,4032a,15,4
174859,40379,3,1
174859,41769,191,1
174859,41770,191,1
174859,4218,272,5
174859,42610,71,2
174859,42924,1,2
174859,43093,1,6
174859,43722,3,2
174859,43723,3,2
174859,44674,3,4
174859,44728,3,10
174859,44728,70,2
174859,44861,14,10
174859,4519,14,3
174859,45677,0,2
174859,4595,0,1
174859,4740,0,2
174859,47455,0,10
174859,47456,0,8
174859,47457,191,4
174859,47457,297,8
174859,47458,297,2
174859,47753,3,4
174859,47759,297,2
174859,48169,72,2
174859,48171,0,2
174859,48336,3,2
174859,49307,15,2
174859,49668,191,6
174859,51274,3,1
174859,51739,0,2
174859,51739,3,2
174859,53451,15,2
174859,53585,0,2
174859,54200,3,2
174859,57360,0,1
174859,57697,0,1
174859,57909b,72,1
174859,59443,70,2
174859,60212,0,1
174859,60470b,191,3
174859,60474,0,2
174859,60475b,14,2
174859,60897,15,4
174859,60897,0,4
174859,6091,191,14
174859,6106,3,4
174859,61332,0,18
174859,61409,70,2
174859,6141,85,15
174859,6141,15,2
174859,6141,0,12
174859,62462,3,1
174859,63868,28,6
174859,63868,0,3
174859,63965,70,1
174859,64567,297,1
174859,64567,0,1
174859,65304,0,2
174859,6564,0,1
174859,6565,0,1
174859,66909,297,1
174859,66955,0,4
174859,66956,0,2
174859,66956,191,6
174859,66956,3,3
174859,67696,72,1
174859,67696,0,2
174859,68547,15,1
174859,70681,3,4
174859,73230,0,2
174859,73230,25,4
174859,73825,71,2
174859,76959,0,1
174859,77257,0,1
174859,77258,71,1
174859,78666,3,2
174859,79389,0,20
174859,79505,0,4
174859,80017,191,3
174859,80563,72,4
174859,80796,47,1
174859,85861,297,4
174859,85943,72,2
174859,87083,72,1
174859,87087,15,1
174859,87087,191,2
174859,87580,0,2
174859,87620,26,2
174859,87747,85,2
174859,87747,15,2
174859,87994,297,1
174859,89678,4,8
174859,92692,297,6
174859,93095,191,1
174859,93273,0,3
174859,93273,191,3
174859,93274,72,4
174859,96874,25,1
174859,98100,0,1
174859,98138pr0363,0,2
174859,98281,0,2
174859,98585,0,2
174859,98585,321,2
174859,99207,0,14
174859,99563,191,2
174859,99563,3,5
174859,99563,297,5
174859,99780,72,8
174859,99781,3,10
174860,11211,322,4
174860,14719,72,4
174860,15672,70,4
174860,1745,323,2
174860,18674,323,3
174860,22385,15,4
174860,22385,1053,4
174860,22483,1053,2
174860,2431,322,4
174860,24866,31,5
174860,27257,41,5
174860,27263,15,4
174860,3001,31,1
174860,3004,323,2
174860,3004,322,8
174860,3010,323,2
174860,3020,323,1
174860,3020,19,1
174860,3023,0,2
174860,30367c,41,1
174860,3062b,1055,4
174860,3068b,19,4
174860,32062,0,1
174860,3245c,19,2
174860,3395,70,2
174860,35787,322,4
174860,37352,272,1
174860,37352,26,1
174860,3941,19,2
174860,39789,4,1
174860,40066,323,2
174860,41740,15,4
174860,42409,41,1
174860,51739,15,4
174860,6003,15,4
174860,60470b,84,4
174860,60474,322,1
174860,6063,15,1
174860,61485,0,1
174860,64000,15,4
174860,74611,31,1
174860,78886,41,12
174860,85861,15,1
174860,85984,323,4
174860,87580,26,1
174860,87580,272,1
174860,87620,322,8
174860,89523,322,1
174860,92950,323,2
174860,98138,26,8
174860,98138,323,8
174860,99206,15,4
174861,10884,27,1
174861,11477,41,1
174861,11610,19,1
174861,12622c02,321,1
174861,15470,29,1
174861,24111pr0040,19,1
174861,2431,191,2
174861,24866,1050,2
174861,3004,191,3
174861,3039,15,1
174861,3068b,15,2
174861,33085,14,1
174861,37352,191,4
174861,3823,47,1
174861,3829c01,15,1
174861,41740,1050,1
174861,41948,322,1
174861,4286,19,1
174861,43888,70,1
174861,4738c,30,1
174861,49579pr0003,323,1
174861,6014b,15,4
174861,60470b,322,1
174861,60481,322,3
174861,6141,41,1
174861,6256,191,1
174861,65509,191,1
174861,80835,15,1
174861,87697,0,4
174861,90397,27,1
174861,92474,41,1
174861,93095,15,1
174861,93160,15,1
174861,93273,321,2
174861,93273pr0021,15,1
174862,02135,85,1
174862,10103762,9999,1
174862,11211,15,2
174862,11211,71,1
174862,13965,70,1
174862,14769pr1262,19,2
174862,15395,322,1
174862,15573,4,1
174862,18674,14,4
174862,18674,15,2
174862,19798,15,1
174862,20482,47,2
174862,2412b,72,1
174862,2417,10,1
174862,24866,4,2
174862,24866,1050,5
174862,2496,0,1
174862,26604,71,2
174862,28192,70,1
174862,3003,15,1
174862,3004,19,1
174862,3005,15,2
174862,3010,19,3
174862,30136,71,1
174862,30136,84,1
174862,3020,27,2
174862,3021,3,2
174862,3022,27,1
174862,3023,3,2
174862,3024,322,4
174862,3024,3,2
174862,3024,71,4
174862,3024,484,1
174862,30357,3,1
174862,3040bpr0013,15,1
174862,3062b,84,7
174862,3062b,4,1
174862,3062b,70,1
174862,3062b,46,1
174862,3068b,3,1
174862,3069b,4,1
174862,3070bpr0235,71,1
174862,3176,71,2
174862,32607,10,2
174862,33172,25,1
174862,33183,10,1
174862,34050pr0001,379,1
174862,34816,19,1
174862,35480,70,1
174862,3622,322,2
174862,3622,212,2
174862,3710,1050,2
174862,3713,0,1
174862,3749,19,1
174862,37775,182,1
174862,4162,15,2
174862,41948,27,1
174862,43898,15,1
174862,4599b,71,1
174862,48336,15,1
174862,48729b,72,1
174862,49307,4,1
174862,50950,1050,4
174862,50950,26,4
174862,59900,52,2
174862,60474,322,1
174862,60475b,15,1
174862,60475b,84,1
174862,60478,4,1
174862,6106,15,1
174862,6141,72,1
174862,6541,4,1
174862,65700,70,1
174862,65886,26,1
174862,68212,0,1
174862,76797,1050,1
174862,78666,15,2
174862,78666,70,1
174862,78666,4,1
174862,79741,179,2
174862,79808,71,1
174862,80441pat0001,47,2
174862,85080,322,1
174862,85080,212,1
174862,85861,182,3
174862,87580,0,2
174862,87994,71,1
174862,88292,15,2
174862,89678,4,1
174862,98138,14,1
174862,98138,15,3
174862,98138pr0185,179,1
174862,98138pr9989,4,1
174862,98283,15,2
174864,10103449,9999,1
174864,11089,378,2
174864,11090,70,3
174864,11090,0,1
174864,11090,10,2
174864,11211,2,3
174864,11211,15,10
174864,11477,41,2
174864,11477,15,4
174864,11609,191,15
174864,11833,2,1
174864,11833,84,1
174864,13808,158,2
174864,14716,15,4
174864,14769,84,2
174864,15254,15,4
174864,15469,10,1
174864,15469,5,1
174864,15535,70,1
174864,15535,2,1
174864,15573,308,2
174864,15573,321,6
174864,15573,19,1
174864,15573,70,3
174864,1566,70,2
174864,1566,10,1
174864,15672,15,2
174864,15712,70,2
174864,15712,71,2
174864,1745,70,2
174864,18674,70,1
174864,18674,28,2
174864,18838,15,1
174864,18853,226,15
174864,18853,191,4
174864,18853,29,2
174864,18920,179,1
174864,19119,2,8
174864,20310,15,10
174864,20482,70,2
174864,20482,72,2
174864,20482,0,1
174864,20952,378,2
174864,22667,26,1
174864,22885,15,3
174864,22886,15,2
174864,23443,15,4
174864,24093,0,1
174864,2420,15,4
174864,2420,71,2
174864,2423,2,8
174864,24309,15,2
174864,2431,15,3
174864,2431,41,5
174864,2431,84,3
174864,2431,321,2
174864,2431,70,3
174864,24324,0,1
174864,2453b,15,4
174864,2476a,28,1
174864,24866,5,24
174864,24866,2,7
174864,24866,71,7
174864,24866,15,19
174864,24866,25,1
174864,24946,158,1
174864,25269,4,1
174864,25269,78,6
174864,25269,15,5
174864,25269,321,6
174864,25269,10,4
174864,25269,70,2
174864,2571,41,1
174864,26047,0,1
174864,26066,2,2
174864,26601,28,2
174864,26603,0,1
174864,26603,19,1
174864,26604,15,6
174864,2682,2,3
174864,27507,15,2
174864,27507,19,2
174864,27925,326,7
174864,27925,10,1
174864,27925,1050,5
174864,27925,15,2
174864,27925,19,4
174864,28327,15,1
174864,28588,0,4
174864,3001,28,1
174864,3004,84,6
174864,3004,15,1
174864,3004,28,1
174864,3005,84,2
174864,3005,41,7
174864,3005,15,11
174864,3008,84,3
174864,30089b,0,1
174864,3009,15,1
174864,3010,15,2
174864,3010,28,1
174864,30176,2,1
174864,3020,10,4
174864,3020,15,2
174864,3021,78,12
174864,3022,28,1
174864,3022,19,1
174864,3022,70,1
174864,3022,84,1
174864,3022,71,2
174864,3022,10,2
174864,3022,15,3
174864,3023,15,22
174864,3023,41,5
174864,3023,10,1
174864,3023,19,4
174864,3024,320,1
174864,3024,29,1
174864,3024,84,2
174864,3024,15,26
174864,3024,70,3
174864,3024,10,3
174864,3031,10,1
174864,3032,19,1
174864,3033,19,1
174864,3034,10,1
174864,3035,19,1
174864,30357,15,1
174864,3039,41,2
174864,30562,47,1
174864,30565,19,2
174864,30565,10,2
174864,3062b,84,3
174864,3065,41,5
174864,3068b,15,2
174864,3069b,19,2
174864,3069b,0,5
174864,3069b,41,5
174864,3069b,15,1
174864,3069b,1050,2
174864,3069bpr0204,25,1
174864,3069bpr0386,41,2
174864,3070b,320,7
174864,3070b,321,2
174864,3070b,1050,4
174864,3070b,70,9
174864,3070b,15,13
174864,3070b,19,1
174864,3070b,41,2
174864,32016,70,6
174864,32028,378,9
174864,32062,0,1
174864,32062,4,6
174864,32072,10,1
174864,32474,15,1
174864,32606,191,1
174864,32606,15,1
174864,32606,5,1
174864,32607,26,6
174864,32607,10,16
174864,32607,2,1
174864,32607,4,1
174864,32607,191,2
174864,32607,29,27
174864,32607,27,2
174864,32607,15,4
174864,3262,378,1
174864,32828,84,2
174864,32952,15,19
174864,33183,70,1
174864,33320,26,3
174864,33320,27,1
174864,33909,1,2
174864,33909,28,3
174864,33909,15,5
174864,34103,19,3
174864,35394,41,1
174864,35480,72,14
174864,35480,15,2
174864,35809pat0003,179,1
174864,3622,71,3
174864,3623,15,2
174864,3666,15,2
174864,36840,71,1
174864,36841,19,1
174864,3702,15,4
174864,3705,4,1
174864,3709,15,1
174864,3710,72,1
174864,3710,19,2
174864,3710,84,2
174864,3710,78,6
174864,3710,10,3
174864,3710,15,3
174864,37695,320,4
174864,3795,28,2
174864,38585,19,4
174864,39262,15,3
174864,3941,70,1
174864,39739,1050,1
174864,4032a,78,1
174864,4032a,308,3
174864,4032a,15,1
174864,40379,70,2
174864,4070,47,8
174864,4070,10,4
174864,4081b,0,2
174864,4162,15,5
174864,41740,15,2
174864,41835,15,1
174864,4274,71,6
174864,43888,15,4
174864,43898,15,1
174864,43898,41,1
174864,44375b,15,1
174864,44861,84,2
174864,44861,15,6
174864,44861,378,1
174864,4519,14,2
174864,4599b,71,1
174864,46212,41,2
174864,46212,47,4
174864,4740,15,1
174864,48092,84,2
174864,48092,15,1
174864,48336,84,1
174864,48729b,70,4
174864,49661pr0003,484,2
174864,50950,15,6
174864,51270,28,1
174864,53451,19,1
174864,53451,158,2
174864,54200,15,2
174864,55236,288,1
174864,57585,0,1
174864,58176,2,2
174864,59443,70,4
174864,59900,15,1
174864,6003,19,1
174864,60470b,71,1
174864,60592,378,4
174864,60593,378,22
174864,60596,15,2
174864,60601,47,4
174864,60602,47,22
174864,60616b,47,1
174864,60897,71,1
174864,6091,15,2
174864,61332,0,2
174864,6141,41,1
174864,62361,15,1
174864,63864,19,1
174864,63868,19,1
174864,64727,2,2
174864,65473,70,2
174864,65578,2,4
174864,65578,47,13
174864,6575,70,2
174864,6636,15,10
174864,66857,15,1
174864,67338,484,1
174864,68013,19,1
174864,68568,15,1
174864,70681,84,1
174864,72132,72,4
174864,73109,71,2
174864,76798,47,1
174864,76959,15,1
174864,77850,0,2
174864,78258,15,3
174864,79194,3,2
174864,79393,326,6
174864,79393,15,11
174864,79491,14,1
174864,79736,27,1
174864,79756,15,3
174864,79757,15,2
174864,80015,15,2
174864,80497,70,3
174864,80674pr0002,226,2
174864,80674pr0004,0,3
174864,85080,84,1
174864,85861,0,7
174864,85861,5,3
174864,85861,158,2
174864,85861,320,5
174864,85861,27,1
174864,85861,2,3
174864,85984,15,2
174864,86996,84,2
174864,86996,71,5
174864,87079,321,1
174864,87087,19,3
174864,87375,47,2
174864,87544,41,3
174864,87580,70,1
174864,87580,41,1
174864,87580,321,4
174864,87620,28,1
174864,87994,15,4
174864,87994,10,2
174864,87994,0,1
174864,88072,15,1
174864,88072,0,2
174864,88295,4,2
174864,88646,15,5
174864,89678,4,4
174864,90202,0,1
174864,90826,19,1
174864,91405,19,1
174864,92438,19,1
174864,93092,191,1
174864,93273,2,1
174864,93551,10,3
174864,93563,25,1
174864,95228,47,1
174864,95344,28,1
174864,96874,3,1
174864,98138,84,2
174864,98138,78,4
174864,98138,70,6
174864,98138pr0208,47,1
174864,98138pr0271,191,1
174864,99207,15,2
174865,11203,15,12
174865,11203,29,12
174865,11476,15,12
174865,11476,29,12
174865,15068,29,10
174865,15068,15,6
174865,15571,29,2
174865,18674,15,2
174865,24947,14,2
174865,26604,15,4
174865,3003,29,1
174865,3022,29,4
174865,30374,70,1
174865,32062,0,45
174865,37195,226,2
174865,4032a,14,3
174865,4032a,10,1
174865,4274,71,1
174865,43093,1,1
174865,4519,71,2
174865,4727,10,1
174865,59443,2,48
174865,62462,10,1
174865,66956,15,12
174865,66956,29,16
174865,67811,15,4
174865,71752,0,1
174865,87994,297,2
174866,10104783,9999,1
174866,10170,84,1
174866,11458,70,4
174866,11477,30,2
174866,14769,323,2
174866,14769,72,2
174866,14769,29,2
174866,14769,226,1
174866,14769,30,3
174866,15254,323,1
174866,15397,70,1
174866,15470,323,1
174866,15470,29,1
174866,15573,323,2
174866,15573,72,2
174866,15672,15,6
174866,15712,70,5
174866,15712,19,1
174866,16577,70,1
174866,18041,297,1
174866,18674,15,1
174866,18674,70,1
174866,20482,72,2
174866,22385,15,1
174866,22484,72,1
174866,22885,15,1
174866,23969,72,2
174866,23969,322,1
174866,2412b,0,1
174866,2420,70,2
174866,2449,72,1
174866,24866,31,2
174866,24866,10,4
174866,27257,41,1
174866,28802,0,2
174866,29109,297,2
174866,3004,323,1
174866,3005,71,2
174866,3005,30,1
174866,3005,70,6
174866,3005,191,2
174866,3005,323,6
174866,30136,71,2
174866,30136,0,2
174866,30136,70,3
174866,30136,72,5
174866,30153,34,1
174866,30153,52,1
174866,3020,19,1
174866,3021,70,3
174866,3022,72,1
174866,3022,19,3
174866,3023,15,3
174866,3023,26,2
174866,3024,72,2
174866,3024,70,4
174866,3024,191,10
174866,3031,15,1
174866,3032,484,2
174866,3034,26,1
174866,3035,70,2
174866,3035,15,1
174866,30357,26,1
174866,30357,70,2
174866,3040b,323,2
174866,30565,26,2
174866,3062b,46,1
174866,3062b,70,8
174866,3068b,322,2
174866,3069b,70,2
174866,3172,70,4
174866,32028,70,6
174866,32607,10,4
174866,33320,2,1
174866,33320,26,1
174866,33909,0,1
174866,3460,15,1
174866,35299,191,1
174866,35480,0,2
174866,3622,70,2
174866,3622,191,2
174866,3622,323,2
174866,3623,5,3
174866,3623,323,6
174866,3623,70,2
174866,3623,191,6
174866,3659,70,2
174866,3665,71,5
174866,3665,70,8
174866,3666,70,2
174866,3673,71,1
174866,36752a,297,2
174866,3676,15,2
174866,36841,0,2
174866,3700,15,1
174866,3710,30,2
174866,3710,71,3
174866,3710,70,2
174866,3795,26,2
174866,38320,297,4
174866,3937,0,2
174866,3937,71,2
174866,3937,70,2
174866,3942c,297,2
174866,41740,19,2
174866,41740,70,4
174866,41770,226,4
174866,41948,27,3
174866,4287c,70,2
174866,4490,323,2
174866,4522,0,1
174866,48493,297,1
174866,50950,26,2
174866,51239,191,2
174866,51266,47,2
174866,54200,0,1
174866,54200,72,3
174866,54200,15,4
174866,59900,36,1
174866,59900,0,2
174866,60481,323,2
174866,60481,72,1
174866,60592,70,6
174866,60897,0,3
174866,60897,70,14
174866,61332,0,4
174866,6134,0,4
174866,6134,70,2
174866,6141,323,6
174866,6141,297,10
174866,6141,191,8
174866,62361,70,1
174866,6254,15,1
174866,63864,26,1
174866,64567,297,1
174866,64644,70,2
174866,64647,182,2
174866,65509,484,1
174866,65886,26,1
174866,6636,70,4
174866,6636,19,1
174866,67338,484,1
174866,67737,0,1
174866,68013,0,1
174866,77808,0,4
174866,79741,179,1
174866,79808,71,1
174866,79811,179,1
174866,85080,71,2
174866,85984,72,2
174866,87087,30,1
174866,87580,70,3
174866,87994,70,3
174866,90540,297,2
174866,93273,70,3
174866,95344,297,1
174866,98138,71,7
174866,98138,31,7
174866,98138,226,1
174866,98138,29,1
174866,98138,70,6
174866,98138pr0013,15,1
174866,98138pr0018,84,1
174866,98139,297,1
174866,98283,15,5
174866,98374,1103,1
174866,99206,70,1
174866,99207,19,1
174866,99563,297,5
174866,99781,70,1
174868,10104641,9999,1
174868,11214,4,2
174868,11609,191,3
174868,15068,70,4
174868,15395,322,1
174868,15573,85,1
174868,18674,70,1
174868,22885,14,6
174868,22885,5,6
174868,2420,15,1
174868,24246,85,1
174868,24246,4,1
174868,24246,25,1
174868,24246,27,1
174868,24866,29,8
174868,25269,70,40
174868,26604,19,3
174868,3004,323,3
174868,3009,323,3
174868,3020,15,3
174868,3020,323,5
174868,3023,15,1
174868,3023,85,1
174868,3032,15,3
174868,3034,70,1
174868,3034,15,4
174868,30504,70,1
174868,30504,15,1
174868,3062b,15,6
174868,3068b,323,4
174868,3069b,5,1
174868,3069b,14,1
174868,32062,0,1
174868,3262,3,1
174868,32803,15,1
174868,33909,15,1
174868,3460,70,2
174868,3460,15,1
174868,35470,15,1
174868,3622,323,1
174868,3666,323,1
174868,3710,15,2
174868,37352,15,1
174868,37762,15,7
174868,37775,182,10
174868,3941,19,1
174868,3957b,15,1
174868,42918,70,4
174868,43045,15,4
174868,52107,15,3
174868,59443,15,2
174868,6141,0,4
174868,65700,70,1
174868,6636,5,3
174868,6636,14,3
174868,78329,15,2
174868,83496,15,1
174868,85861,15,5
174868,87079,323,8
174868,87087,323,5
174868,98138,14,3
174868,98138,323,3
174868,99206,15,1
174870,11213,15,1
174870,11476,71,1
174870,11477,15,6
174870,11477,41,5
174870,13548,72,1
174870,14417,72,2
174870,14418,71,2
174870,14769,71,1
174870,14769,25,1
174870,14769,14,1
174870,15068,15,7
174870,15397,70,1
174870,15573,15,2
174870,15672,70,1
174870,1748,15,3
174870,18653,70,1
174870,18980,15,2
174870,22885,484,1
174870,2420,70,2
174870,2420,15,2
174870,2420,71,3
174870,2423,2,3
174870,24246,84,3
174870,2431,2,2
174870,2431,41,1
174870,24866,25,3
174870,2489,70,1
174870,25269,15,5
174870,25269,41,2
174870,25375,297,1
174870,26047,70,2
174870,27925,14,4
174870,27925,322,2
174870,28192,72,2
174870,29119,288,2
174870,29120,288,2
174870,29685pr0001,15,2
174870,3001,72,1
174870,3004,322,2
174870,3004,484,3
174870,3005,484,10
174870,3009,484,2
174870,3010,484,5
174870,30136,15,12
174870,3020,15,1
174870,3021,1,1
174870,3022,0,1
174870,3022,15,7
174870,3023,15,7
174870,3023,47,2
174870,3023,484,10
174870,3023,41,7
174870,3024,47,4
174870,3039,72,1
174870,3040b,72,4
174870,3069b,2,2
174870,3070b,41,2
174870,32474,15,1
174870,32606,191,3
174870,32607,2,13
174870,32803,72,1
174870,33183,10,5
174870,3666,71,1
174870,3679,71,1
174870,3680,15,1
174870,3710,322,1
174870,37352,15,2
174870,3830,15,2
174870,3831,15,2
174870,4032a,15,3
174870,42445,47,1
174870,4286,71,1
174870,44728,19,2
174870,48092,15,8
174870,48336,72,1
174870,49307,15,2
174870,51270,4,1
174870,54200,72,1
174870,54200,15,4
174870,59900,70,1
174870,6003,15,8
174870,60478,15,2
174870,60481,72,1
174870,60897,71,2
174870,6091,15,4
174870,61252,15,4
174870,6141,71,8
174870,65092,1055,3
174870,67329,0,2
174870,68568,71,1
174870,73825,70,1
174870,79389,0,1
174870,79393,14,3
174870,85861,297,1
174870,86996,71,5
174870,87994,70,1
174870,88072,70,1
174870,93273,70,1
174870,98138,72,3
174870,98138,326,3
174870,98138pr0026,15,2
174870,98313,70,3
174870,99206,14,1
174870,99780,19,2
174872,10104772,9999,1
174872,10247,71,4
174872,11211,71,1
174872,15207,71,1
174872,15573,191,2
174872,18977,0,5
174872,23444,0,2
174872,2357,191,1
174872,2412b,71,2
174872,2420,191,2
174872,2431,191,3
174872,2445,72,1
174872,25269,191,4
174872,26603,0,1
174872,3003,191,1
174872,3004,191,3
174872,30136,19,1
174872,3020,191,3
174872,3021,191,3
174872,3021,71,1
174872,3022,0,4
174872,3023,191,4
174872,3024,191,10
174872,3031,0,1
174872,3032,71,1
174872,3069b,191,6
174872,3070b,14,1
174872,32000,72,1
174872,32739,15,1
174872,32828,0,2
174872,32952,191,4
174872,33909,19,1
174872,3460,191,2
174872,35336,47,1
174872,35480,72,5
174872,3665,191,4
174872,3666,0,3
174872,3673,14,4
174872,3710,191,8
174872,3710,71,2
174872,3829c01,71,1
174872,3832,71,1
174872,4070,72,1
174872,43722,191,1
174872,43723,191,1
174872,47457,19,2
174872,52031,15,1
174872,60594,0,1
174872,61252,0,2
174872,61332,0,1
174872,6636,71,1
174872,6636,191,1
174872,66727,0,5
174872,85984,191,2
174872,87079,191,1
174872,87544,47,2
174872,87580pr0004,191,2
174872,98138,182,2
174872,98138,47,2
174872,98138,36,2
174872,98282,0,4
174872,99206,14,2
174872,99206,15,1
174874,11476,0,2
174874,11476,70,2
174874,11477,30,12
174874,15068,30,8
174874,15068pr0076,1,8
174874,22885,71,28
174874,2420,0,2
174874,2420,30,10
174874,2431,19,1
174874,2431,70,5
174874,2431,1,6
174874,2431,0,2
174874,25269,30,8
174874,26601,30,2
174874,26603pr0112,0,1
174874,29119,0,1
174874,29120,0,1
174874,3003,29,2
174874,3003,2,4
174874,3010,0,1
174874,3020,0,3
174874,3020,1,6
174874,3020,19,1
174874,3020,30,2
174874,3020,85,1
174874,3021,30,2
174874,3021,70,4
174874,3022,1,2
174874,3022,85,1
174874,3022,70,2
174874,3022,0,4
174874,3022,379,1
174874,3023,30,13
174874,3023,1,6
174874,3023,72,5
174874,3023,85,8
174874,3024,30,5
174874,3031,19,1
174874,3068b,70,2
174874,3068bpr0682,85,1
174874,3069b,1,2
174874,3069b,0,6
174874,3069b,85,1
174874,33909,70,2
174874,3623,1,6
174874,36752a,0,1
174874,36752a,70,1
174874,36841,85,4
174874,3710,71,2
174874,3710,30,2
174874,3710,15,2
174874,3710,379,2
174874,3710,0,2
174874,3941,4,2
174874,3958,0,2
174874,4032a,14,4
174874,4070,0,4
174874,41740,0,2
174874,41740,19,1
174874,41740,70,1
174874,79389,0,2
174874,85984,30,4
174874,85984,70,2
174874,85984,0,3
174874,87079,0,2
174874,87079,70,1
174874,87079,19,1
174874,93274,1,2
174874,93274,72,2
174874,98138pr0060,0,4
174874,99206,15,2
174875,10928,72,6
174875,11153,1,4
174875,11211,322,4
174875,11212,1,2
174875,11214,72,6
174875,11458,14,2
174875,11477,4,8
174875,15068,4,2
174875,1745,4,2
174875,1927,15,2
174875,22885,71,8
174875,23443,1,2
174875,2412b,179,3
174875,24246,4,2
174875,2431,4,4
174875,2450,4,2
174875,2456,4,2
174875,25269,19,2
174875,2654,1,1
174875,26601,4,2
174875,26604,72,4
174875,28192,4,4
174875,3001,1,2
174875,3003,27,3
174875,3004,1,6
174875,3004,4,4
174875,3005,25,6
174875,3005,1,12
174875,3009,1,5
174875,3009,4,2
174875,3010,1,44
174875,3020,15,2
174875,3020,1,2
174875,3020,2,3
174875,3021,1,4
174875,3021,4,2
174875,3022,1,5
174875,3022,4,11
174875,3022,25,2
174875,3023,4,4
174875,3023,19,4
174875,3023,3,12
174875,3023,14,3
174875,3023,2,3
174875,3023,1,2
174875,3024,14,8
174875,3024,1,6
174875,3024,4,4
174875,3031,27,2
174875,3034,27,2
174875,3034,15,1
174875,3037,1,2
174875,30374,0,1
174875,3040b,1,2
174875,30414,71,1
174875,3068b,15,1
174875,3069b,1,12
174875,3069b,4,4
174875,32000,19,6
174875,32062,0,1
174875,32064a,71,6
174875,32123b,15,2
174875,32270,0,2
174875,32324,71,1
174875,3245c,15,1
174875,32530,14,3
174875,32802,15,2
174875,32828,4,2
174875,32952,1,2
174875,3460,1,2
174875,35185,1,1
174875,35787,4,2
174875,3622,4,4
174875,3622,1,2
174875,3622,14,4
174875,3623,4,6
174875,3665,14,4
174875,3666,0,1
174875,3666,1,10
174875,3666,4,4
174875,3673,71,1
174875,3700,15,2
174875,3701,4,6
174875,3705,4,2
174875,3706,0,2
174875,3709,0,1
174875,3710,85,4
174875,3710,25,2
174875,3710,19,4
174875,3710,29,4
174875,3710,1,16
174875,3710,15,2
174875,3710,4,10
174875,37352,14,12
174875,3738,15,4
174875,3795,15,4
174875,3795,1,2
174875,3795,4,2
174875,3941,14,2
174875,3958,1,2
174875,4032a,25,4
174875,4162,1,2
174875,41677,4,2
174875,41682,70,4
174875,41682,1,6
174875,43056,71,2
174875,43093,1,2
174875,44567b,1,2
174875,4460b,4,12
174875,44728,4,2
174875,44728,2,6
174875,44728,25,4
174875,4477,1,4
174875,4519,71,2
174875,4871,14,2
174875,53585,0,4
174875,54200,14,8
174875,54200,4,2
174875,59349,4,2
174875,6005,1,2
174875,60212,0,6
174875,60485,14,1
174875,60581,4,2
174875,6091,1,2
174875,6111,4,2
174875,61332,0,4
174875,61409,4,4
174875,6141,85,10
174875,61485,0,1
174875,63864,1,4
174875,64225,4,2
174875,64799,71,2
174875,65304,25,2
174875,6541,71,4
174875,65509,70,2
174875,6636,1,2
174875,67695,72,4
174875,69729,4,2
174875,70681,1,4
174875,71752,0,2
174875,73562,4,4
174875,73825,1,6
174875,73825,4,8
174875,74611,71,1
174875,78522,14,3
174875,78522pr0004,14,1
174875,79389,0,4
174875,85984,4,6
174875,85984pr0006,72,1
174875,85984pr0013,72,1
174875,85984pr0021,71,1
174875,86996,15,4
174875,87079,85,2
174875,87079,1,2
174875,87081,0,1
174875,89678,72,2
174875,93273,1,26
174875,93273,14,4
174875,93274,4,2
174875,93274,14,6
174875,93592,1,1
174875,96874,25,1
174875,99206,27,4
174875,99207,4,4
174875,99207,1,4
174876,11211,15,2
174876,11476,70,4
174876,11477,0,11
174876,14719,19,4
174876,15068,0,15
174876,1748,0,2
174876,22885,71,27
174876,2420,272,2
174876,2420,320,2
174876,2420,0,1
174876,2431,19,1
174876,2431,0,6
174876,2431,1089,1
174876,2431pr0131,19,1
174876,25269,0,13
174876,29119,272,2
174876,29119,320,2
174876,29120,272,2
174876,29120,320,2
174876,3003,2,2
174876,3003,29,2
174876,3004,320,1
174876,3005,272,4
174876,3005,320,3
174876,3010,320,2
174876,3010,272,2
174876,3020,1089,2
174876,3020,0,8
174876,3020,272,2
174876,3020,191,1
174876,3020,320,2
174876,3021,15,2
174876,3022,272,3
174876,3022,0,2
174876,3022,320,2
174876,3022,378,2
174876,3023,0,4
174876,3023,15,6
174876,3023,1089,4
174876,3023,191,4
174876,3023,272,3
174876,3023,19,3
174876,3023,70,8
174876,3024,272,2
174876,3024,320,6
174876,3024,0,3
174876,3024,19,6
174876,3069b,4,2
174876,3069b,1,1
174876,3070b,320,2
174876,3070b,272,2
174876,32028,0,4
174876,32952,71,1
174876,35485,0,2
174876,3623,0,5
174876,3710,272,3
174876,3710,19,2
174876,3710,320,3
174876,3710,71,2
174876,37704,297,1
174876,3941,4,2
174876,3957b,0,1
174876,3957b,484,1
174876,3958,0,2
174876,4032a,14,4
174876,41682,15,1
174876,41740,0,2
174876,41740,1089,1
174876,4865b,19,1
174876,50950,0,1
174876,54200,0,2
174876,61252,0,2
174876,85984,320,2
174876,85984,19,2
174876,85984,272,2
174876,85984,0,2
174876,87079,0,3
174876,87079pr0305,320,1
174876,87079pr0306,272,1
174876,90826,308,2
174876,93274,0,1
174876,93274,320,1
174876,98138pr0060,0,4
174876,99206,19,1
174876,99206,0,4
174877,10172,297,1
174877,11211,15,2
174877,11476,70,4
174877,11477,70,9
174877,11477,226,2
174877,14719,19,4
174877,15068,70,3
174877,15068,226,10
174877,22885,71,28
174877,2420,70,5
174877,2420,14,2
174877,2431,0,2
174877,2431,19,2
174877,25269,70,13
174877,25269,226,9
174877,26601,226,1
174877,26603,19,1
174877,29119,288,2
174877,29119,14,2
174877,29119,70,1
174877,29120,288,2
174877,29120,14,2
174877,29120,70,1
174877,3003,29,2
174877,3003,2,4
174877,3005,288,2
174877,3005,14,4
174877,3010,14,2
174877,3010,288,2
174877,3020,288,2
174877,3020,14,2
174877,3020,0,1
174877,3020,226,3
174877,3020,71,1
174877,3020,70,2
174877,3020,19,1
174877,3021,15,2
174877,3022,70,2
174877,3022,14,2
174877,3022,19,3
174877,3023,70,15
174877,3023,0,4
174877,3023,15,6
174877,3023,71,4
174877,3023,226,4
174877,3023,288,7
174877,3023,14,1
174877,3024,19,5
174877,3024,14,2
174877,3024,288,4
174877,3024,70,3
174877,3031,19,1
174877,3031,70,1
174877,3069b,191,1
174877,3069b,2,1
174877,3070b,14,2
174877,3070b,288,2
174877,3070b,226,1
174877,3623,226,6
174877,3710,288,3
174877,3710,14,3
174877,37352,70,1
174877,3941,4,2
174877,3957b,484,1
174877,3957b,0,1
174877,3958,0,2
174877,4032a,14,2
174877,4032a,212,2
174877,41740,0,2
174877,41740,19,2
174877,85984,14,2
174877,85984,288,2
174877,85984,19,4
174877,85984,70,2
174877,87079,19,1
174877,87079,0,2
174877,87079pr0307,288,1
174877,87079pr0308,14,1
174877,87087,288,2
174877,90826,308,2
174877,93274,14,1
174877,93274,0,1
174877,98138pr0060,0,4
174877,99206,19,1
174887,102505,15,1
174887,3305pr0001,297,1
174887,36036pr0263,85,1
174887,3626cpr3981,0,1
174887,50231pr0007,4,1
174887,973c33h02pr6538,85,1
174888,101777pr0002,321,1
174888,102509,15,1
174888,3626cpr3976,158,1
174888,41879apr0021,326,1
174888,973c03h27pr6528,0,1
174961,11211,0,1
174961,2450,15,2
174961,3020,15,4
174961,3021,2,1
174961,3022,15,2
174961,3034,73,1
174961,30503,0,2
174961,3069b,15,1
174961,3300,15,3
174961,3795,0,1
174961,41769,15,1
174961,41770,15,1
174961,44661,15,1
174961,54200,40,2
174961,6091,15,4
174961,6141,0,4
174961,85984,0,1
174961,85984,15,1
174961,90194,15,1
174962,10103452,9999,1
174962,10247,15,1
174962,11090,19,1
174962,11211,15,6
174962,11476,15,5
174962,11477,272,1
174962,11477,25,1
174962,13392pr0004,272,2
174962,13965,31,2
174962,13965,15,2
174962,14418,71,2
174962,14704,71,2
174962,14718,15,2
174962,14718,71,1
174962,14769,25,1
174962,14769,14,1
174962,15068,31,5
174962,15068,3,3
174962,15068,15,2
174962,15210,72,1
174962,15535,71,1
174962,15573,15,3
174962,15712,71,1
174962,15712,3,6
174962,16091,71,1
174962,1748,71,1
174962,18674,71,1
174962,18980,25,2
174962,18990,41,1
174962,19220,0,1
174962,19798,72,1
174962,20482,15,1
174962,2357,31,2
174962,24086,84,1
174962,2412b,25,12
174962,2412b,71,7
174962,2420,0,1
174962,2420,14,1
174962,24201,15,1
174962,24309,15,2
174962,2431,3,1
174962,2432,0,1
174962,2432,25,4
174962,24866,71,3
174962,24866,4,1
174962,25214,15,2
174962,2540,25,6
174962,2569,0,2
174962,26047,15,2
174962,26047,71,1
174962,2654,72,2
174962,26603,14,2
174962,26603,15,1
174962,26603,25,1
174962,2736,71,4
174962,27507,3,2
174962,27976,1062,1
174962,28387,1062,1
174962,2877,15,1
174962,2921,71,3
174962,298c02,15,1
174962,3001,15,2
174962,3001,25,2
174962,3001,3,1
174962,3002,25,1
174962,3003,25,6
174962,3003,71,3
174962,3004,31,11
174962,3004,3,4
174962,3005,31,11
174962,3005,272,1
174962,3005,15,3
174962,3005pr0033,15,1
174962,30099,31,4
174962,3010,3,3
174962,3010,31,22
174962,30136,71,3
174962,30136,15,1
174962,30162,72,1
174962,3020,72,1
174962,3020,31,1
174962,3020,25,4
174962,3021,25,2
174962,3021,15,3
174962,3021,3,12
174962,3022,322,2
174962,3022,71,7
174962,3022,3,4
174962,3023,25,7
174962,3023,31,6
174962,3023,1062,6
174962,3023,84,1
174962,3023,3,2
174962,3023,272,6
174962,3023,46,3
174962,3023,19,1
174962,3024,14,4
174962,3024,41,2
174962,3024,31,3
174962,3024,3,3
174962,3028,3,2
174962,3034,71,6
174962,3039,25,1
174962,30395,72,1
174962,3039pr0025,15,1
174962,3040b,71,2
174962,30414,71,8
174962,3062b,27,2
174962,3068b,15,1
174962,3069b,3,11
174962,3069b,31,2
174962,3069bpr0300,15,1
174962,3069bpr0301,71,1
174962,3069bpr0307,71,1
174962,3070b,15,1
174962,3070b,3,7
174962,3070b,14,1
174962,3070bpr0160,71,1
174962,3070bpr0235,71,1
174962,32018,72,2
174962,32291,15,2
174962,32324,71,2
174962,3245c,15,4
174962,32555,0,4
174962,32555,15,3
174962,32607,27,1
174962,32828,71,2
174962,3386,0,4
174962,3460,3,1
174962,35157,40,1
174962,35336,41,2
174962,35480,71,2
174962,3623,15,1
174962,3666,25,1
174962,3673,14,4
174962,3673,71,1
174962,36840,15,1
174962,36841,25,2
174962,3702,321,1
174962,3710,322,3
174962,3710,71,1
174962,3710,25,2
174962,3710,15,3
174962,3710,1062,2
174962,3795,15,1
174962,3795,0,2
174962,3795,25,1
174962,3823,41,2
174962,3832,19,1
174962,3895,15,3
174962,3899,15,1
174962,3941,71,1
174962,3941,272,2
174962,3963,71,1
174962,4032a,15,2
174962,41740,31,2
174962,41740,3,4
174962,4282,19,3
174962,4289,15,1
174962,42924,1,7
174962,43093,1,1
174962,4345b,15,1
174962,4346,15,1
174962,43898,41,1
174962,43967,15,1
174962,44728,15,1
174962,4477,3,1
174962,4477,1062,2
174962,44865,4,2
174962,4510,15,1
174962,4528,0,1
174962,4599b,14,2
174962,4697b,0,1
174962,4740,41,2
174962,4740,15,1
174962,47455,72,1
174962,48171,0,1
174962,4865b,41,1
174962,48729b,25,3
174962,49307,84,2
174962,49579pr0003,323,1
174962,51482,0,1
174962,53020,14,1
174962,53923,0,1
174962,54200,25,2
174962,55889,0,4
174962,58176,41,1
174962,58176,182,1
174962,58381,15,1
174962,6003,31,2
174962,6020,0,1
174962,60219,15,1
174962,60470b,0,1
174962,60474,30,1
174962,60475b,71,2
174962,60476,15,2
174962,60478,3,4
174962,60479,15,1
174962,60479,3,1
174962,60581,15,2
174962,6081,15,9
174962,6081,25,9
174962,6091,25,7
174962,6091,15,7
174962,6112,3,2
174962,61332,0,20
174962,6141,0,5
174962,61780,212,1
174962,61780,272,1
174962,6187,1062,6
174962,62113,0,1
174962,62462,3,2
174962,63864,25,1
174962,63864,15,1
174962,63965,19,1
174962,65098,71,1
174962,65249,15,4
174962,65617,15,4
174962,65768,0,1
174962,66252,15,1
174962,6636,3,1
174962,67095,15,2
174962,67810,15,4
174962,68013,71,3
174962,68568,3,4
174962,68568,31,4
174962,69729,15,7
174962,71708,15,4
174962,73562,25,1
174962,73562,19,2
174962,77180,25,2
174962,77180,15,2
174962,77182,25,2
174962,77182,15,2
174962,78256,15,2
174962,78258,72,1
174962,78329,15,1
174962,78c12,25,4
174962,85861,182,4
174962,85984,3,1
174962,86996,71,3
174962,86996,0,1
174962,87079,15,2
174962,87079,25,1
174962,87079,272,3
174962,87087,3,4
174962,87087,19,1
174962,87087,15,2
174962,87414,0,2
174962,87544,71,2
174962,87552,19,1
174962,87552,41,8
174962,88930,14,1
174962,91405,19,1
174962,91501,15,1
174962,93061,0,2
174962,93606,25,8
174962,93609,15,2
174962,95228,40,2
174962,96874,25,1
174962,98138,34,3
174962,98138,36,3
174962,98138,322,1
174962,98138pr0035,179,2
174962,98138pr0197,47,1
174962,99206,25,14
174962,99563,3,2
174963,10103453,9999,1
174963,10928,72,1
174963,11203,15,1
174963,11211,71,1
174963,11213,322,2
174963,11267,1062,1
174963,11476,15,1
174963,11476,27,1
174963,11477,41,7
174963,11477,1062,3
174963,11603pr0005,323,1
174963,14716,15,1
174963,14719,70,1
174963,15068,322,2
174963,15210,0,1
174963,15254,25,2
174963,15279,27,2
174963,15573,25,7
174963,15712,3,1
174963,18651,0,1
174963,18674,5,4
174963,18855,323,1
174963,18980,31,1
174963,18980,70,1
174963,18980,1062,1
174963,19119,85,2
174963,19220,0,1
174963,20482,15,1
174963,22888,19,1
174963,22888,322,3
174963,22888,15,1
174963,24246,15,1
174963,2431,15,1
174963,2431,1062,5
174963,2432,0,1
174963,2453b,31,4
174963,2454b,31,1
174963,2465,272,1
174963,24866,1050,6
174963,24866,31,2
174963,25269,321,3
174963,25269,25,13
174963,25269,70,2
174963,26047,15,1
174963,2630,15,1
174963,27263,25,8
174963,27448,0,1
174963,27507,1062,4
174963,2817,322,2
174963,28621,25,3
174963,29119,70,2
174963,29120,70,1
174963,3001,25,2
174963,3001,321,1
174963,3001,3,2
174963,3003,272,7
174963,3004,31,4
174963,3004,25,1
174963,3005,272,1
174963,3005,31,2
174963,3005,3,5
174963,3005,25,4
174963,3005pr0033,15,1
174963,30089b,321,1
174963,3009,25,2
174963,3009,272,1
174963,30093,10,1
174963,3010,71,1
174963,30134,0,1
174963,30153,45,1
174963,30153,46,1
174963,30153,41,1
174963,30162,71,1
174963,3020,15,5
174963,3021,25,2
174963,3022,15,1
174963,3022,3,2
174963,3023,1062,2
174963,3023,3,4
174963,3023,71,1
174963,30504,19,1
174963,30562,41,4
174963,3062b,41,1
174963,3068b,30,1
174963,3068b,321,9
174963,3069b,321,5
174963,3069bpr0300,15,1
174963,3069bpr0307,71,1
174963,3070b,1062,4
174963,33121,4,1
174963,34076,71,1
174963,3460,19,1
174963,35480,70,1
174963,35809pat0001,323,1
174963,3592pr0001,70,2
174963,3666,3,2
174963,3666,25,4
174963,3673,14,1
174963,36840,71,1
174963,3700,15,1
174963,3795,321,2
174963,3795,15,1
174963,3795,31,1
174963,3852b,191,1
174963,3941,15,26
174963,3941,25,7
174963,3963,71,1
174963,41539,15,2
174963,41682,15,2
174963,41948,15,1
174963,41948,19,1
174963,42205,3,1
174963,43898,41,1
174963,44865,71,1
174963,4738c,30,1
174963,4739a,30,1
174963,4740,41,1
174963,48092,3,4
174963,48336,3,1
174963,4856b,31,1
174963,4865b,41,6
174963,48729b,31,4
174963,49153,15,1
174963,49577,26,2
174963,53020,14,1
174963,53119,15,3
174963,57895,41,1
174963,59900,41,1
174963,6003,322,1
174963,60475b,15,4
174963,60478,15,1
174963,60596,31,1
174963,6091,15,1
174963,61332,0,2
174963,6141,46,1
174963,6141,33,1
174963,6187,1062,3
174963,62462,15,2
174963,64225,25,1
174963,65487,15,1
174963,65886,41,1
174963,66857,15,1
174963,67095,84,1
174963,67156pr0003,14,1
174963,68013,15,4
174963,69729,321,2
174963,76959,15,2
174963,78258,72,1
174963,78666,25,2
174963,80683,41,2
174963,85861,27,1
174963,85861,15,3
174963,87079,322,3
174963,87087,15,1
174963,87087,71,1
174963,87580,27,7
174963,87580,3,4
174963,88072,15,2
174963,90194,1062,1
174963,91405,322,1
174963,92842,0,1
174963,96874,25,1
174963,98138,322,1
174963,98138,1062,3
174963,98138pr0197,47,1
174963,98397,71,1
174964,10104749,9999,1
174964,10247,71,1
174964,10928,72,1
174964,11090,19,1
174964,11153,3,2
174964,11211,272,2
174964,11213,28,2
174964,11253,0,1
174964,11253,4,2
174964,11476,71,1
174964,11477,1,1
174964,11477,1050,2
174964,11477,27,4
174964,11477,323,4
174964,11477,3,4
174964,11477,41,9
174964,11477,46,8
174964,11478,15,1
174964,11609,191,2
174964,13547,15,2
174964,13547,378,2
174964,13548,71,8
174964,13731,15,2
174964,14716,71,6
174964,15068,322,3
174964,15068,1,2
174964,15068,14,1
174964,15068,30,2
174964,15070,10,12
174964,15210,0,1
174964,15254,71,3
174964,15332,84,2
174964,15462,70,1
174964,15571,4,1
174964,15573,322,2
174964,15573,84,4
174964,15573,70,1
174964,15573,3,2
174964,15573,15,1
174964,15573,1,1
174964,15712,4,1
174964,15712,70,1
174964,16577,71,3
174964,1745,70,2
174964,1748,15,1
174964,1748,0,1
174964,1751,15,1
174964,18575,19,5
174964,18646,321,2
174964,18651,0,2
174964,18653,322,2
174964,18654,1,1
174964,18654,15,1
174964,18674,28,1
174964,18677,15,2
174964,18980,19,2
174964,20482,28,1
174964,20482,0,2
174964,20482,47,3
174964,20482,4,1
174964,2142,14,2
174964,22886,71,1
174964,22961,308,1
174964,23443,0,1
174964,23443,1,1
174964,2412b,179,3
174964,2412b,0,2
174964,2420,322,1
174964,2420,19,5
174964,24201,191,2
174964,24201,378,4
174964,24246,27,4
174964,24246,15,2
174964,24309,19,9
174964,2431,321,1
174964,2431,5,1
174964,2431,14,1
174964,2431,15,2
174964,2431,84,21
174964,2431,72,1
174964,2431,322,2
174964,2431,1050,2
174964,2445,19,2
174964,2453b,71,2
174964,2454b,71,2
174964,2456,322,1
174964,24866,1050,2
174964,24866,14,2
174964,2489,70,1
174964,25214,14,2
174964,25269,15,4
174964,25269,323,2
174964,25269,19,6
174964,25269,70,2
174964,25269,3,4
174964,25386,19,1
174964,2540,71,2
174964,26047,191,3
174964,26047,71,1
174964,2654,41,2
174964,26603,1,3
174964,2682,27,7
174964,27925,3,2
174964,2817,322,1
174964,28192,71,2
174964,2853,14,3
174964,2853,71,2
174964,28802,0,1
174964,28870,41,3
174964,298c02,1,1
174964,3001,0,3
174964,3001,322,1
174964,3001,71,3
174964,3001,15,1
174964,3002,4,1
174964,3002,27,2
174964,3002,71,1
174964,3003,322,1
174964,3003,71,1
174964,3003,14,1
174964,3004,1050,2
174964,3004,30,2
174964,3004,71,17
174964,3005,19,2
174964,3005,322,2
174964,3005,15,4
174964,3005,272,1
174964,3005,71,4
174964,3007,71,4
174964,3008,71,3
174964,3008,0,3
174964,30089b,27,1
174964,3009,71,3
174964,3009,0,2
174964,3010,322,1
174964,3010,1050,2
174964,3010,71,2
174964,3010,27,1
174964,30134,72,1
174964,30136,84,5
174964,30136,71,5
174964,30137,84,8
174964,3020,84,1
174964,3020,19,5
174964,3020,71,1
174964,3020,15,1
174964,3020,0,1
174964,3020,30,1
174964,3020,322,1
174964,3021,71,1
174964,3021,14,1
174964,3021,19,1
174964,3021,322,1
174964,3021,3,1
174964,3021,1,4
174964,3022,71,1
174964,3022,14,2
174964,3022,320,1
174964,3022,0,2
174964,3022,3,5
174964,3022,322,5
174964,3022,72,1
174964,3022,19,4
174964,3023,4,3
174964,3023,322,1
174964,3023,70,2
174964,3023,30,1
174964,3023,0,6
174964,3023,10,2
174964,3023,19,9
174964,3023,84,2
174964,3023,25,1
174964,3023,14,3
174964,3023,72,4
174964,3023,71,6
174964,3023,3,8
174964,3023,5,2
174964,3023,1050,2
174964,3024,84,2
174964,3024,70,4
174964,3024,71,2
174964,3024,15,4
174964,3024,0,2
174964,3024,14,4
174964,3024,19,5
174964,3024,10,4
174964,3024,323,2
174964,3024,4,2
174964,3024,1,1
174964,3029,321,1
174964,3029,15,1
174964,3031,70,2
174964,3031,19,2
174964,3032,322,1
174964,3032,321,2
174964,3032,70,2
174964,3033,19,1
174964,3034,3,1
174964,3034,19,12
174964,3034,322,6
174964,3035,321,1
174964,3035,19,1
174964,30357,84,4
174964,30357,322,3
174964,30357,15,2
174964,30357,1,4
174964,3036,322,1
174964,3036,19,2
174964,30367c,47,1
174964,3037,71,5
174964,30377,71,2
174964,3039,71,1
174964,3040b,71,3
174964,30414,29,1
174964,30565,321,1
174964,30565,70,2
174964,3062b,70,19
174964,3062b,14,2
174964,3062b,4,2
174964,3062b,322,2
174964,3062b,41,2
174964,3068b,30,2
174964,3068b,322,2
174964,3068b,272,1
174964,3068b,14,2
174964,3068b,15,1
174964,3068b,71,1
174964,3068b,3,1
174964,3069b,322,1
174964,3069b,4,1
174964,3069b,1050,1
174964,3069b,14,1
174964,3069b,84,4
174964,3069b,1,2
174964,3069b,30,2
174964,3069b,15,4
174964,3069b,10,1
174964,3069bpr0198,15,2
174964,3069bpr0366,26,1
174964,3069bpr0371,15,1
174964,3070b,3,2
174964,32000,4,6
174964,32013,71,2
174964,32016,1,2
174964,32056,72,3
174964,32062,4,4
174964,32064a,71,7
174964,32064a,15,4
174964,32064a,14,2
174964,32073,71,1
174964,32123b,14,8
174964,32184,0,3
174964,32270,0,1
174964,32324,0,2
174964,32449,72,2
174964,32523,72,1
174964,32523,1,1
174964,32524,71,2
174964,32525,71,1
174964,32526,14,2
174964,32526,322,2
174964,32607,27,2
174964,32803,15,1
174964,32803,3,1
174964,32803,0,2
174964,32952,70,4
174964,33078,0,1
174964,33078,4,1
174964,33909,322,3
174964,33909,1,1
174964,34103,19,2
174964,3460,71,3
174964,3460,19,10
174964,3460,1050,1
174964,3460,322,3
174964,3460,321,2
174964,35044,70,2
174964,35480,14,2
174964,35480,27,2
174964,35480,19,1
174964,35480,15,5
174964,35480,4,1
174964,35692,35,1
174964,35787,84,1
174964,3622,0,3
174964,3622,4,1
174964,3622,272,1
174964,3622,71,8
174964,3623,191,1
174964,3623,15,3
174964,3623,14,1
174964,3623,323,1
174964,3623,70,5
174964,3648b,72,2
174964,3660,272,1
174964,3665,322,2
174964,3666,15,2
174964,3666,1,2
174964,3666,5,1
174964,3666,14,2
174964,3666,322,1
174964,3666,19,3
174964,3666,71,1
174964,36840,19,2
174964,36841,27,2
174964,3700,0,21
174964,3700,322,2
174964,3701,72,4
174964,3702,0,2
174964,3705,4,1
174964,3705,0,5
174964,3706,0,2
174964,3707,4,1
174964,3709,0,2
174964,3710,0,3
174964,3710,19,2
174964,3710,71,3
174964,3710,70,1
174964,3710,30,2
174964,3710,322,1
174964,3710,72,1
174964,3713,71,2
174964,3713,4,5
174964,37352,19,9
174964,3749,19,6
174964,37775,41,1
174964,3795,19,1
174964,3832,19,1
174964,3894,71,1
174964,3895,72,1
174964,3942c,4,1
174964,3958,321,3
174964,39793,3,1
174964,39888,19,2
174964,4006,179,1
174964,4032a,0,3
174964,4032a,71,4
174964,4070,0,4
174964,4070,4,2
174964,41539,19,3
174964,4162,15,1
174964,41682,84,1
174964,41740,84,5
174964,42195,27,1
174964,42924,1,15
174964,43093,1,14
174964,43722,3,1
174964,43723,3,1
174964,43857,71,1
174964,44294,71,1
174964,4460b,71,1
174964,44661,3,2
174964,4477,19,3
174964,4477,322,1
174964,4477,1,1
174964,4477,70,1
174964,4477,15,1
174964,4477,321,1
174964,44861,71,1
174964,44874,71,2
174964,4495b,4,2
174964,4519,71,6
174964,4519,14,5
174964,4533,41,1
174964,46372,71,1
174964,4740,14,2
174964,4740,27,1
174964,4740,52,2
174964,4740,15,2
174964,47905,15,1
174964,48267,321,2
174964,48336,3,2
174964,49153,0,1
174964,49307,14,2
174964,49307,30,4
174964,49307,4,2
174964,49577,1050,1
174964,50950,19,1
174964,51138,71,2
174964,51274,70,1
174964,51739,4,1
174964,52107,71,1
174964,53119,15,1
174964,54200,3,3
174964,54200,41,10
174964,54200,15,2
174964,54200,1050,4
174964,54200,71,1
174964,54200,4,2
174964,57585,0,1
174964,59349,41,4
174964,59426,72,1
174964,59443,70,1
174964,59443,27,5
174964,59443,15,8
174964,59900,36,1
174964,59900,41,2
174964,6003,321,2
174964,60208,72,2
174964,60470b,0,2
174964,60474,30,1
174964,60477,71,2
174964,60478,14,2
174964,60478,27,4
174964,60479,19,1
174964,60483,72,1
174964,60484,71,3
174964,60593,70,1
174964,60594,70,2
174964,60897,321,2
174964,60897,0,2
174964,60897,4,2
174964,6091,3,2
174964,6091,10,2
174964,6111,14,1
174964,6111,15,2
174964,6111,71,2
174964,6112,19,1
174964,61252,71,5
174964,61252,14,5
174964,61332,0,21
174964,61408,0,2
174964,6141,72,2
174964,6141,15,10
174964,6141,226,6
174964,6141,71,3
174964,6141,35,1
174964,6141,36,1
174964,6141,322,1
174964,61780,272,1
174964,61903,71,2
174964,6232,71,2
174964,62462,4,1
174964,62462,1,7
174964,63864,1,3
174964,63869,27,2
174964,64225,4,1
174964,64648,25,1
174964,64847,4,6
174964,65249,15,3
174964,6541,72,2
174964,65489,71,2
174964,65578,47,3
174964,65617,1,4
174964,6587,28,3
174964,6589,19,5
174964,6632,1,2
174964,6636,19,1
174964,6636,84,7
174964,6636,70,1
174964,6636,15,1
174964,6636,1050,1
174964,6636,322,2
174964,66857,15,1
174964,66965pr0001,19,1
174964,67810,3,2
174964,68212,3,2
174964,68888,70,1
174964,69729,0,2
174964,69858,1060,4
174964,70681,322,4
174964,73109,71,4
174964,73230,70,1
174964,73825,15,2
174964,73825,0,2
174964,76797,19,2
174964,78256,19,4
174964,78258,72,4
174964,78258,15,1
174964,78329,71,1
174964,79491,72,4
174964,80177,1050,3
174964,80178,1050,3
174964,80497,4,2
174964,83496,0,1
174964,85861,27,4
174964,85861,182,1
174964,85861,2,4
174964,85861,41,6
174964,85861,14,2
174964,85984,10,1
174964,85984,84,2
174964,85984,322,2
174964,86876,4,1
174964,87079,19,1
174964,87079,322,2
174964,87083,72,5
174964,87552,71,2
174964,87580,1050,2
174964,87620,71,8
174964,87994,71,1
174964,87994,1,1
174964,89678,72,1
174964,90397,27,1
174964,90397,1050,1
174964,92198pr0398,92,1
174964,92198pr0399,70,1
174964,92410,15,1
174964,92926,27,1
174964,93095,30,4
174964,93273,322,4
174964,93273,71,2
174964,93273,14,1
174964,93274,15,2
174964,94925,71,2
174964,95347,14,2
174964,96874,25,1
174964,98138,4,3
174964,98138,41,1
174964,98138pr0035,179,2
174964,98138pr0107,0,7
174964,98138pr0185,179,1
174964,98262,14,1
174964,98560,71,1
174964,99008,19,1
174964,99009,71,1
174964,99010,0,1
174964,99206,27,2
174964,99207,1050,2
174964,99207,15,2
174964,99207,14,3
174964,99207,72,1
174964,99773,0,1
174964,99780,70,2
174964,99780,4,1
174965,10103456,9999,1
174965,10172,297,1
174965,11203,15,1
174965,11211,15,5
174965,11212,15,1
174965,11303,5,1
174965,11458,15,4
174965,11476,15,1
174965,11476,321,1
174965,11477,27,4
174965,11477,15,1
174965,13760,15,2
174965,13965,15,2
174965,14716,15,3
174965,14718,15,1
174965,14769,1050,1
174965,14769,15,3
174965,15068,15,3
174965,15210,0,1
174965,15395,27,1
174965,15535,25,3
174965,15535,15,2
174965,15535,27,1
174965,15573,321,9
174965,15573,3,1
174965,15573,0,4
174965,15573,15,2
174965,15573,25,1
174965,15573,10,2
174965,15712,3,2
174965,1745,4,2
174965,1745,0,1
174965,1748,15,1
174965,17485,71,2
174965,18674,10,1
174965,18674,15,2
174965,1927,15,2
174965,20482,15,11
174965,20482,158,1
174965,22888,10,1
174965,2357,15,4
174965,23969,47,2
174965,2397,0,1
174965,2412b,15,4
174965,2412b,71,1
174965,2412b,72,1
174965,2420,15,6
174965,24246,321,4
174965,2431,191,2
174965,2431,71,2
174965,2432,15,1
174965,2450,321,1
174965,2453b,15,4
174965,2456,19,1
174965,24855,70,3
174965,24866,27,9
174965,24866,191,2
174965,2496,0,2
174965,25269,0,2
174965,25269,1050,4
174965,25269,321,4
174965,26047,71,1
174965,2630,15,1
174965,2654,15,2
174965,2654,321,3
174965,2656,25,2
174965,2657,15,2
174965,26603,19,1
174965,26603,15,1
174965,2723,3,2
174965,27263,15,4
174965,27507,27,2
174965,27925,1050,4
174965,27925,321,4
174965,27925,27,3
174965,28192,15,2
174965,2821,84,1
174965,29120,27,2
174965,29120,15,1
174965,2921,15,1
174965,3001,321,1
174965,3001,71,1
174965,3002,15,1
174965,3003,15,1
174965,3003,25,1
174965,30031,0,1
174965,3004,15,2
174965,3004,71,1
174965,3004,321,1
174965,3005,71,1
174965,3005,15,5
174965,3005,47,1
174965,3005,321,4
174965,3005,41,2
174965,30089b,321,1
174965,3009,15,5
174965,3009,321,5
174965,3010,321,4
174965,30136,15,2
174965,3020,10,1
174965,3020,321,2
174965,3020,1062,1
174965,3020,15,3
174965,3020,1050,4
174965,3020,26,2
174965,3021,15,4
174965,3021,0,1
174965,3022,321,3
174965,3022,0,2
174965,3022,71,1
174965,3022,25,1
174965,3022,2,2
174965,3023,1050,8
174965,3023,2,1
174965,3023,321,3
174965,3023,15,16
174965,3023,14,2
174965,3023,1062,6
174965,3023,191,3
174965,3023,10,1
174965,3023,71,9
174965,3023,4,2
174965,3023,323,1
174965,3024,0,1
174965,3024,72,1
174965,3024,71,2
174965,3024,27,1
174965,3024,15,17
174965,3024,1050,6
174965,3024,19,1
174965,3024,321,8
174965,3032,321,3
174965,3032,19,1
174965,3032,15,1
174965,3033,15,2
174965,3034,10,1
174965,30340,14,2
174965,30359b,71,1
174965,30367c,41,1
174965,30414,15,6
174965,30503,15,1
174965,30562,47,4
174965,3062b,31,1
174965,3062b,3,1
174965,3062b,323,1
174965,3062b,15,2
174965,3062b,27,1
174965,3065,47,6
174965,3065,41,4
174965,3068b,0,3
174965,3068b,15,1
174965,3068b,25,2
174965,3069b,27,2
174965,3069b,1050,11
174965,3069b,323,1
174965,3069b,1062,1
174965,3069b,321,2
174965,3069bpr0168,70,1
174965,3069bpr0204,25,1
174965,3069bpr0369,5,1
174965,3069bpr0377,1050,1
174965,3070b,15,1
174965,3070b,3,7
174965,3070b,14,1
174965,3070b,27,4
174965,3070b,1050,3
174965,3070b,4,1
174965,3070b,82,1
174965,3070b,323,7
174965,3070b,72,1
174965,30924,15,2
174965,3185,15,2
174965,32001,15,1
174965,32013,72,1
174965,32062,0,1
174965,32064a,71,2
174965,32123b,15,4
174965,32126,0,1
174965,3245c,15,3
174965,32474,80,1
174965,32474,25,2
174965,32474,27,1
174965,32530,0,2
174965,32607,27,3
174965,32607,2,9
174965,3262,27,1
174965,32803,321,1
174965,32803,15,1
174965,32828,0,1
174965,32952,15,9
174965,33909,15,2
174965,34103,71,2
174965,34172,15,1
174965,3456,321,1
174965,3460,15,3
174965,35044,19,1
174965,35480,15,2
174965,35485,179,2
174965,35787,15,2
174965,3623,14,1
174965,3623,321,4
174965,3623,71,4
174965,3623,15,3
174965,3666,321,2
174965,3666,1050,4
174965,3666,15,3
174965,3673,71,1
174965,3676,15,1
174965,3679,71,3
174965,3680,15,3
174965,36840,226,1
174965,3700,15,1
174965,3700,0,2
174965,3700,71,1
174965,3705,0,1
174965,3708,0,2
174965,3710,10,1
174965,3710,71,1
174965,3710,1062,13
174965,3710,15,6
174965,3738,15,1
174965,3749,19,1
174965,37762,70,4
174965,3795,1062,1
174965,3795,321,1
174965,3795,15,2
174965,3852b,191,1
174965,3937,0,1
174965,3938,71,1
174965,3941,15,2
174965,3941,27,1
174965,3941,41,1
174965,3956,15,1
174965,3957b,71,1
174965,3958,321,1
174965,39739,3,1
174965,39888,19,1
174965,4032a,321,1
174965,4032a,0,1
174965,40527,15,1
174965,4070,0,1
174965,4070,15,1
174965,41682,15,1
174965,41740,1050,4
174965,41948,1050,1
174965,42205,15,1
174965,4274,71,9
174965,4287c,15,1
174965,44375bpr0016,15,1
174965,4477,15,1
174965,44861,15,4
174965,4519,71,1
174965,4533,15,2
174965,4599b,0,1
174965,46212,47,2
174965,46303,1050,1
174965,48336,2,1
174965,49307,72,1
174965,49307,5,1
174965,49307,0,1
174965,50950,15,14
174965,53019,15,2
174965,57895,47,1
174965,58380,15,1
174965,58381,15,1
174965,59349,15,3
174965,59349,47,3
174965,59443,71,2
174965,59900,0,1
174965,59900,15,1
174965,6003,321,4
174965,60474,15,1
174965,60478,15,3
174965,60581,47,1
174965,60581,15,1
174965,60596,15,1
174965,60599,71,1
174965,60897,15,2
174965,60897,0,1
174965,6141,29,1
174965,6141,27,3
174965,6141,323,2
174965,6141,226,1
174965,6141,191,1
174965,6179,71,1
174965,6231,15,1
174965,62462,0,3
174965,63864,321,1
174965,63864,15,2
174965,63965,71,1
174965,63965,15,1
174965,64000,15,2
174965,64867,321,4
174965,65249,15,2
174965,6541,27,2
174965,6541,72,1
174965,65578,71,1
174965,6636,321,5
174965,6636,27,2
174965,6636,15,2
174965,6636,1062,4
174965,6636,1050,13
174965,67095,15,1
174965,67329,29,3
174965,67329,14,3
174965,68212,0,1
174965,68568,71,4
174965,68568,15,2
174965,69729,25,1
174965,72824,1062,1
174965,76795,15,2
174965,76959,15,5
174965,77808,72,2
174965,77844,15,1
174965,77845,0,2
174965,78522,321,3
174965,79393,15,4
174965,80015,321,2
174965,80015,15,5
174965,80031,1050,1
174965,80683,47,2
174965,85080,15,4
174965,85861,72,1
174965,85984,15,1
174965,85984,0,1
174965,86996,71,2
174965,87079,1062,1
174965,87087,71,1
174965,87087,15,2
174965,87580,1050,3
174965,88289,0,1
174965,89681,10,1
174965,90398,297,1
174965,90498,10,1
174965,92198pr0352,1089,1
174965,92198pr0385,78,1
174965,92410,3,2
174965,92438,1050,1
174965,92947,15,2
174965,93221pr0003,71,1
174965,93274,15,1
174965,93609,71,1
174965,96874,25,1
174965,98138,1062,7
174965,98138,46,2
174965,98138,41,2
174965,98138,47,1
174965,98138,71,1
174965,98138,15,2
174965,98138pr0255,19,1
174965,98397,15,1
174965,99206,4,2
174965,99250pr0001,4,1
174965,99780,0,1
174966,10103454,9999,1
174966,1316pr0030,15,1
174966,13965,70,2
174966,14769pr1054,70,1
174966,14769pr1075,70,2
174966,15068,3,2
174966,15068,15,2
174966,15207,71,2
174966,15254,84,2
174966,15573,27,8
174966,15573,70,4
174966,15573,378,2
174966,15672,323,3
174966,15706,70,2
174966,15712,70,1
174966,18674,10,1
174966,18674,70,3
174966,18853,191,1
174966,1927,378,1
174966,20482,47,1
174966,20952,4,2
174966,2136pat0001,272,1
174966,2136pat0002,30,1
174966,22886,323,3
174966,22888,10,2
174966,2357,70,3
174966,2397,0,1
174966,23986,378,1
174966,2417,191,5
174966,2420,84,2
174966,2420,14,2
174966,2420,70,1
174966,2423,484,2
174966,24246,72,3
174966,2431pr0156,84,7
174966,2453b,323,2
174966,2456,70,1
174966,2465,70,1
174966,24866,4,3
174966,24866,25,4
174966,2489,308,1
174966,25269,70,2
174966,26603,25,1
174966,2682,27,4
174966,2877,19,3
174966,28802,0,5
174966,2921,70,2
174966,3001,70,1
174966,3003,70,2
174966,3004,70,2
174966,3004,0,1
174966,3005,323,4
174966,3005,84,4
174966,3005,378,3
174966,3009,323,3
174966,3009,70,1
174966,3009,84,4
174966,3010,70,2
174966,3010,323,5
174966,30134,70,1
174966,30165,15,1
174966,30165,84,1
174966,30166,70,7
174966,3020,70,4
174966,3020,0,1
174966,3020,14,2
174966,3020,10,2
174966,3021,70,2
174966,3022,0,2
174966,3022,14,1
174966,3022,72,1
174966,3023,378,4
174966,3023,15,2
174966,3023,19,1
174966,3023,70,8
174966,3023,323,6
174966,3023,71,1
174966,30237b,70,2
174966,30237b,0,1
174966,3024,4,8
174966,3024,70,4
174966,3024,84,3
174966,3024,323,3
174966,3028,19,1
174966,3029,10,1
174966,3031,70,1
174966,3035,14,3
174966,3036,10,2
174966,30374,70,1
174966,30565,10,2
174966,30565,70,1
174966,3068b,10,1
174966,3069b,71,1
174966,3069b,27,4
174966,3069b,14,2
174966,3069b,84,16
174966,3069b,15,1
174966,3070b,71,1
174966,3070b,15,8
174966,32013,308,1
174966,32028,14,4
174966,32062,4,1
174966,32064a,0,1
174966,3245c,84,3
174966,32607,4,10
174966,32607,27,1
174966,32607,25,9
174966,32952,323,12
174966,3298,84,1
174966,33051,4,1
174966,33051,10,1
174966,33172,25,1
174966,33183,10,3
174966,33183,70,2
174966,33909,70,1
174966,3456,484,1
174966,3460,70,4
174966,3460,0,1
174966,35464,4,1
174966,35787,71,1
174966,3622,4,1
174966,3622,323,3
174966,3623,0,2
174966,3665,323,4
174966,3665,378,1
174966,3666,484,2
174966,3666,70,5
174966,3710,323,6
174966,3710,70,10
174966,37352,70,1
174966,37775,182,2
174966,37776,1103,1
174966,3795,10,1
174966,3795,14,5
174966,3795,484,5
174966,38014,15,2
174966,38320,297,1
174966,3837,179,1
174966,3852b,29,1
174966,3958,484,2
174966,4032a,84,2
174966,41835pr0001,321,1
174966,4286,323,10
174966,44861,84,7
174966,4489b,70,2
174966,4495b,4,1
174966,4522,0,1
174966,4599b,71,1
174966,4740,27,1
174966,48336,3,2
174966,48336,72,2
174966,49307,19,2
174966,51274,70,1
174966,53119,70,1
174966,54200,226,1
174966,59349,84,3
174966,59900,15,1
174966,59900,0,1
174966,59900,46,1
174966,60470b,14,2
174966,60475b,84,3
174966,60479,70,1
174966,60592,3,1
174966,60594,3,1
174966,60596,3,1
174966,60608,14,2
174966,60623,14,1
174966,60897,70,3
174966,6106,14,1
174966,6112,70,2
174966,61252,72,2
174966,61332,0,1
174966,6141,41,1
174966,6141,15,1
174966,6231,71,2
174966,62462,70,1
174966,6254,15,2
174966,63868,70,1
174966,6541,19,1
174966,67095,84,1
174966,67688,71,2
174966,69729,70,1
174966,69830pr0031,84,1
174966,70844pr0002,71,1
174966,71752,19,6
174966,78329,71,1
174966,80497,70,1
174966,85861,70,1
174966,85984,323,1
174966,86996,84,6
174966,87079,3,1
174966,87079,70,1
174966,87079,25,2
174966,87079,10,1
174966,87087,323,2
174966,87580,30,1
174966,87580,84,1
174966,87580,3,1
174966,87580,15,1
174966,88646,71,1
174966,90195,0,1
174966,92926,27,1
174966,92947,70,2
174966,93086,30,1
174966,93086,3,1
174966,93087,0,2
174966,93095,70,2
174966,93096,70,2
174966,95343,4,1
174966,95344,72,1
174966,95345,70,1
174966,96874,25,1
174966,98138,84,27
174966,98138pr0048,70,5
174966,98283,378,6
174966,98283,84,8
174967,10172,297,1
174967,11241pr0010,84,1
174967,13770,297,1
174967,15332,15,3
174967,15573,15,1
174967,21229,15,2
174967,22888,10,2
174967,22889,15,1
174967,23969,41,1
174967,2431,15,1
174967,24866,1050,5
174967,2496,0,1
174967,2629,10,1
174967,2877,14,1
174967,3001,85,1
174967,3004,19,1
174967,3008,15,4
174967,3009,191,2
174967,3010,30,1
174967,3010,15,1
174967,30150,84,1
174967,30162,72,1
174967,30165,84,1
174967,3020,85,1
174967,3020,322,1
174967,3020,26,1
174967,3023,27,4
174967,3023,30,2
174967,3034,27,2
174967,3040b,191,2
174967,3040b,30,2
174967,3062b,297,3
174967,3062b,3,1
174967,3069b,85,2
174967,3069b,15,1
174967,32607,2,2
174967,33051,4,1
174967,33172,25,1
174967,33183,10,1
174967,3460,15,2
174967,35787,26,1
174967,3666,15,1
174967,3666,27,1
174967,3710,19,4
174967,3941,70,1
174967,3960pr0056,15,1
174967,40066,15,4
174967,41740,15,2
174967,41948,19,1
174967,43898,41,1
174967,44728,19,1
174967,44865,71,1
174967,4495b,191,2
174967,4515,30,2
174967,53119,70,1
174967,59349pr0021,191,1
174967,60474,19,1
174967,60475b,15,4
174967,60481,3,2
174967,61780,212,1
174967,6254,15,1
174967,63864,26,2
174967,64644,297,1
174967,65509,15,1
174967,65509,19,4
174967,67095pr0027,15,1
174967,69830pr0031,84,1
174967,85984,26,2
174967,86876,15,1
174967,87079,191,3
174967,87079,3,1
174967,87081,15,1
174967,87087,19,1
174967,87580,84,1
174967,87618,71,1
174967,88072,15,2
174967,93086,3,1
174967,94717,26,4
174967,94718,26,1
174967,94719,26,1
174967,94720,26,2
174967,94721,26,1
174967,94722,26,1
174967,94723,26,1
174967,94724,26,1
174967,94725,26,4
174967,95228,47,1
174967,95345,70,1
174967,98288,2,1
174968,10104654,9999,1
174968,11090,15,2
174968,11211,2,1
174968,11212,0,2
174968,11213,191,1
174968,1126,84,27
174968,11476,0,1
174968,14769,70,1
174968,14769,19,3
174968,15210,0,1
174968,15395,27,4
174968,15535,25,1
174968,15573,0,2
174968,15573,484,3
174968,15573,70,4
174968,15573,71,8
174968,15712,0,12
174968,1748,0,1
174968,1751,15,1
174968,18674,71,2
174968,18674,0,5
174968,18674,70,3
174968,18853,191,2
174968,19798,15,1
174968,20482,10,2
174968,22885,71,1
174968,23443,15,2
174968,2357,484,3
174968,23969,15,1
174968,23969,26,6
174968,2417,288,1
174968,2420,15,1
174968,2420,1,1
174968,2423,2,1
174968,24246,92,10
174968,2431,71,4
174968,2431,19,5
174968,2432,25,1
174968,2453b,31,2
174968,2454b,31,2
174968,2456,71,2
174968,2476a,15,1
174968,24866,10,17
174968,24866,1,3
174968,24866,2,3
174968,25269,19,1
174968,25269,26,6
174968,25269,85,5
174968,25269pr0041,19,6
174968,2612,30,1
174968,2630,15,1
174968,2652pr0001,15,1
174968,2656,25,1
174968,2657,47,1
174968,26601,30,1
174968,26603,15,1
174968,2682,27,2
174968,27263,71,3
174968,27507,19,1
174968,27925,25,1
174968,27925,19,1
174968,28327,15,1
174968,28621,35,1
174968,28621,46,3
174968,28870,15,2
174968,2921,15,2
174968,298c02,0,1
174968,3001,84,2
174968,3002,0,1
174968,3003,84,1
174968,3004,84,2
174968,3004,191,4
174968,3004,15,2
174968,3004,31,8
174968,3004,71,3
174968,3004,30,1
174968,3005,31,12
174968,3005,30,1
174968,3005,84,1
174968,3006,71,1
174968,3007,71,2
174968,3009,71,1
174968,3009,31,6
174968,3010,30,7
174968,3010,84,3
174968,3010,31,6
174968,30136,15,2
174968,3020,84,1
174968,3020,26,1
174968,3020,15,2
174968,3021,84,1
174968,3022,0,1
174968,3023,84,1
174968,3023,30,1
174968,3023,0,1
174968,3023,25,3
174968,3023,31,8
174968,3023,28,1
174968,3024,30,1
174968,3032,1,1
174968,3034,321,1
174968,3034,84,1
174968,3035,19,1
174968,3035,71,1
174968,30357,85,3
174968,30357,31,1
174968,3036,72,1
174968,30503,15,1
174968,3062b,15,1
174968,3062b,19,1
174968,3062b,25,2
174968,3062b,14,1
174968,3068b,15,1
174968,3069b,19,6
174968,3069b,15,1
174968,3069b,26,6
174968,3069b,84,1
174968,3070b,71,2
174968,3070b,19,2
174968,3070b,15,2
174968,3070b,30,2
174968,32202,15,1
174968,3245c,0,1
174968,32606,5,2
174968,32607,288,2
174968,32607,10,24
174968,32828,288,2
174968,33183,27,1
174968,33183,10,1
174968,33909,71,1
174968,3456,72,1
174968,35480,27,1
174968,35787,71,1
174968,3622,15,1
174968,3623,71,2
174968,3623,15,2
174968,3626c,4,1
174968,3666,15,2
174968,3666,85,2
174968,3666,31,4
174968,3666,25,1
174968,3702,71,2
174968,3710,30,12
174968,3710,85,2
174968,3710,84,4
174968,3710,321,2
174968,37695,10,4
174968,37762,70,8
174968,37762,15,4
174968,3795,70,4
174968,38583,191,10
174968,3941,15,6
174968,3941,27,1
174968,40243,19,8
174968,40244,72,1
174968,4032a,84,5
174968,4162,19,6
174968,4162,15,2
174968,41740,15,4
174968,43898,26,1
174968,44728,0,2
174968,4477,15,2
174968,44861,84,1
174968,4528,179,1
174968,4529,0,1
174968,4599b,71,2
174968,4733,0,4
174968,4740,27,1
174968,49153,71,1
174968,49307,25,20
174968,52107,70,1
174968,57895,47,3
174968,59349,31,2
174968,59900,35,2
174968,59900,182,2
174968,59900,36,2
174968,59900,46,2
174968,6003,72,1
174968,60474,191,2
174968,60478,0,1
174968,60592,25,2
174968,60596,15,1
174968,60596,30,3
174968,60601,15,1
174968,60601,41,1
174968,60616b,47,1
174968,60897,15,2
174968,6091,1,2
174968,6091,321,2
174968,6141,35,4
174968,6141,72,4
174968,61780,191,3
174968,63864,84,2
174968,64644,0,2
174968,65509,19,5
174968,6636,71,2
174968,68869,191,1
174968,69729,71,1
174968,73111,85,3
174968,77845,0,2
174968,78329,0,1
174968,79393,84,1
174968,79393,71,1
174968,79741,179,1
174968,79808,71,1
174968,79811,179,1
174968,80179,179,1
174968,85080,0,2
174968,85861,288,4
174968,85861,15,1
174968,86996,15,6
174968,86996,326,1
174968,86996,484,1
174968,87079,0,1
174968,87081,15,2
174968,87087,2,1
174968,87580,70,4
174968,87580,85,13
174968,87580,71,3
174968,87994,10,2
174968,88292,15,1
174968,90195,0,6
174968,91405,19,1
174968,92438,72,1
174968,92926,27,1
174968,93606,321,2
174968,93606,1,2
174968,96874,25,1
174968,98100,0,1
174968,98138,70,2
174968,98138,27,1
174968,98138,41,1
174968,98138,84,3
174968,98138,4,5
174968,98138,2,1
174968,98138,15,8
174968,98138,0,9
174968,98138,71,4
174968,98138pr0351,10,4
174968,99206,71,3
174968,99207,25,8
174968,99780,0,1
174968,99780,2,2
174969,100559pat0001pr0002,484,1
174969,10104102,9999,1
174969,11062,0,1
174969,11090,0,1
174969,11153,71,2
174969,11211,2,3
174969,11211,29,5
174969,11211,15,14
174969,1126,84,12
174969,11267,14,1
174969,11458,72,2
174969,11477,41,3
174969,11477,272,2
174969,11477,1050,2
174969,11477,46,4
174969,11477,5,2
174969,14716,322,2
174969,14719,72,5
174969,14719,14,4
174969,14769,30,5
174969,15068,29,2
174969,15068,1050,2
174969,15068,5,1
174969,15207,15,2
174969,15395,308,2
174969,15535,70,1
174969,15573,19,2
174969,15573,71,1
174969,15573,5,1
174969,15573,297,3
174969,15573,321,3
174969,15573,484,6
174969,1566,10,4
174969,15712,70,1
174969,15712,1,2
174969,15712,0,1
174969,1751,72,1
174969,18041,0,2
174969,18654,19,2
174969,18674,322,2
174969,18674,72,2
174969,18674,25,1
174969,18674,70,2
174969,18674,0,2
174969,18759,71,2
174969,18920,179,1
174969,18977,0,1
174969,18980,10,1
174969,20482,321,1
174969,20482,0,2
174969,20482,47,1
174969,20482,10,4
174969,22388,0,3
174969,22667,26,1
174969,22885,29,1
174969,23443,0,1
174969,23443,84,2
174969,2357,15,13
174969,23969,33,2
174969,24122,28,2
174969,2412b,15,2
174969,2412b,321,8
174969,2412b,85,5
174969,2417,26,2
174969,2417,2,1
174969,2420,1,1
174969,2420,3,8
174969,24201,4,4
174969,2423,26,3
174969,2423,2,1
174969,24246,92,6
174969,24246,0,1
174969,24309,14,1
174969,2431,484,3
174969,2431,0,2
174969,2431,70,1
174969,2432,0,1
174969,2450,15,5
174969,2454b,78,1
174969,2454b,322,2
174969,2456,19,3
174969,24855,70,2
174969,24866,1050,8
174969,24866,30,4
174969,24866,5,2
174969,24866,2,2
174969,2496,3,1
174969,25269,1,2
174969,25269,5,12
174969,25269,191,4
174969,25269,3,2
174969,25269,84,8
174969,25975pr0001,84,1
174969,26047,0,1
174969,2612,15,5
174969,2637,71,2
174969,2654,46,1
174969,2654,15,2
174969,26599,71,1
174969,26603,31,1
174969,26603,15,2
174969,26603,2,1
174969,27448,0,3
174969,27507,191,1
174969,27507,1050,2
174969,27507,19,1
174969,27925,85,4
174969,28192,14,4
174969,2853,71,1
174969,28870,15,2
174969,3001,71,1
174969,3002,1,2
174969,3004,27,20
174969,3004,226,24
174969,3004,191,1
174969,3004,1050,5
174969,3004,10,1
174969,3004,3,3
174969,3004,322,21
174969,3004,71,1
174969,3004,212,5
174969,3005,226,10
174969,3005,15,1
174969,3005,27,14
174969,3005,78,10
174969,3005,19,4
174969,3005,1050,3
174969,3005,84,1
174969,3005,3,1
174969,3005,322,12
174969,3005,212,2
174969,3007,71,3
174969,3009,0,1
174969,3009,27,7
174969,3009,3,1
174969,3009,15,2
174969,3009,70,2
174969,3009,84,1
174969,3009,71,5
174969,3010,78,12
174969,3010,10,1
174969,3010,226,8
174969,3010,322,4
174969,3010,70,1
174969,3010,484,1
174969,3010,15,2
174969,3010,191,2
174969,3010,29,4
174969,30136,84,9
174969,3020,19,3
174969,3020,1050,1
174969,3020,484,2
174969,3020,70,1
174969,3020,0,1
174969,3021,14,2
174969,3021,322,2
174969,3021,30,1
174969,3021,15,2
174969,3021,1,1
174969,3022,2,2
174969,3023,3,3
174969,3023,4,3
174969,3023,10,3
174969,3023,191,1
174969,3023,226,4
174969,3023,322,9
174969,3023,272,4
174969,3023,1050,2
174969,3023,321,1
174969,3023,1,6
174969,3023,15,2
174969,3023,78,2
174969,30237b,70,1
174969,30237b,0,1
174969,3024,46,4
174969,3024,15,3
174969,3024,78,4
174969,3024,297,2
174969,3024,36,5
174969,3024,1050,2
174969,3024,10,7
174969,3031,85,1
174969,3031,70,1
174969,3032,0,1
174969,3033,72,2
174969,3034,19,1
174969,3034,72,2
174969,3034,70,1
174969,3034,321,2
174969,30357,2,1
174969,30357,3,3
174969,30357,191,2
174969,30374,0,1
174969,3040b,3,4
174969,30414,29,3
174969,30504,15,1
174969,3062b,26,1
174969,3062b,14,2
174969,3062b,3,2
174969,3062b,27,1
174969,3062b,15,21
174969,3062b,41,1
174969,3062b,1,1
174969,3065,45,3
174969,3065,33,2
174969,3068b,5,3
174969,3068b,27,3
174969,3068b,84,2
174969,3068b,10,2
174969,3068b,322,3
174969,3068b,14,3
174969,3068b,72,3
174969,3068bpr0416,15,1
174969,3069b,5,2
174969,3069b,182,1
174969,3069b,484,2
174969,3069b,25,2
174969,3069b,322,1
174969,3069b,19,1
174969,3069b,10,4
174969,3069b,1050,4
174969,3069b,33,2
174969,3069bpr0189,0,1
174969,3069bpr0278,15,2
174969,3069bpr0300,0,1
174969,3070b,15,13
174969,3070b,484,7
174969,3070b,14,12
174969,3070b,272,2
174969,3176,322,1
174969,32062,0,6
174969,32064a,14,2
174969,32123b,71,1
174969,32124,70,1
174969,32192,28,1
174969,32198,19,1
174969,32474,27,1
174969,32474,25,2
174969,32474,4,1
174969,32606,5,3
174969,32607,2,16
174969,32607,326,1
174969,32607,288,7
174969,32607,10,2
174969,32607,4,24
174969,32803,0,2
174969,32828,0,1
174969,32952,272,1
174969,32952,15,2
174969,3298,84,4
174969,34076,71,1
174969,3460,2,1
174969,34816,15,1
174969,35442,322,2
174969,35459,71,1
174969,35480,2,4
174969,35480,15,1
174969,35787,85,4
174969,35787,31,5
174969,35787,26,5
174969,35787,30,4
174969,35809pat0001,323,1
174969,3622,27,12
174969,3622,14,1
174969,3622,19,2
174969,3623,19,1
174969,3623,321,4
174969,3623,226,5
174969,3665,2,4
174969,3665,0,2
174969,3666,1050,4
174969,3666,3,1
174969,3666,14,1
174969,3666,72,2
174969,3666,191,2
174969,3666,15,2
174969,3676,10,4
174969,3676,15,3
174969,36840,14,1
174969,36841,212,1
174969,3700,1,2
174969,3702,71,2
174969,3705,4,4
174969,3710,191,4
174969,3710,15,42
174969,3710,10,8
174969,3710,14,2
174969,3710,1050,7
174969,37695,10,5
174969,37695,320,5
174969,37762,0,1
174969,37762,10,14
174969,3795,14,1
174969,3795,15,2
174969,3795,2,2
174969,3795,272,1
174969,3795,0,1
174969,3795,19,1
174969,38014,15,2
174969,3821,4,1
174969,3822,4,1
174969,3837,179,1
174969,3839b,191,2
174969,3941,1,2
174969,3941,41,2
174969,3957b,484,1
174969,3958,72,2
174969,3958,85,1
174969,39888,19,2
174969,4032a,84,1
174969,4032a,14,1
174969,4032a,321,1
174969,4032a,85,3
174969,4032a,308,1
174969,4070,15,15
174969,4070,191,12
174969,4083,0,2
174969,4151b,72,1
174969,4162,322,2
174969,4162,72,2
174969,4162,14,2
174969,4162,27,2
174969,41682,4,2
174969,41682,84,2
174969,41740,27,4
174969,41740,70,1
174969,41740,14,4
174969,41740,322,4
174969,41740,72,5
174969,41740,5,4
174969,41835pr0001,321,1
174969,41948,322,1
174969,42205,14,1
174969,42205,15,2
174969,42509,47,2
174969,43093,1,2
174969,43888,15,4
174969,43898,0,2
174969,44861,4,4
174969,4519,14,4
174969,4519,71,1
174969,4536,5,2
174969,4599b,71,1
174969,4697b,71,1
174969,4733,15,1
174969,4733,0,1
174969,4740,0,1
174969,48092,191,1
174969,48336,1,1
174969,4865b,19,4
174969,48729b,70,2
174969,49307,15,2
174969,49668,15,1
174969,50340,0,2
174969,50451,0,1
174969,50745,4,2
174969,50950,15,2
174969,51239,191,6
174969,51266,47,6
174969,52107,70,1
174969,53118pr0001,0,2
174969,53451,4,4
174969,54200,14,4
174969,54200,15,2
174969,57894,15,1
174969,57895,47,4
174969,59230,0,2
174969,59349,47,3
174969,59443,19,11
174969,59900,26,1
174969,59900,19,1
174969,6003,72,1
174969,60169,72,1
174969,60470b,0,1
174969,60474,26,1
174969,60477,19,4
174969,60478,0,3
174969,60483,28,2
174969,60592,2,8
174969,60593,5,3
174969,60596,15,8
174969,60596,3,4
174969,60601,47,8
174969,60602,47,3
174969,60616b,47,1
174969,60897,15,2
174969,6091,322,1
174969,6106,321,1
174969,61332,0,5
174969,61409,321,1
174969,6141,25,7
174969,6141,19,4
174969,6141,70,1
174969,6180,72,1
174969,6222,70,1
174969,6231,19,2
174969,62361,15,1
174969,62462,27,2
174969,62462,14,1
174969,63864,72,4
174969,63864,19,5
174969,63868,14,2
174969,64451,72,2
174969,64644,0,5
174969,64951,31,2
174969,65509,72,1
174969,65509,484,2
174969,65578,84,4
174969,65578,47,1
174969,65886,26,2
174969,6636,5,2
174969,6636,1,2
174969,6636,14,3
174969,6636,71,4
174969,6636,15,1
174969,6636,19,4
174969,67095,84,1
174969,67446,72,1
174969,67810,3,8
174969,68325,26,1
174969,70681,10,2
174969,73109,71,4
174969,73111,27,1
174969,77808,72,3
174969,77844,15,2
174969,78258,4,1
174969,78666,10,2
174969,79393,84,1
174969,79393,26,4
174969,79736,27,1
174969,79756,15,5
174969,79757,15,3
174969,80015,321,1
174969,80683,47,2
174969,80796,47,2
174969,85080,85,4
174969,85861,0,1
174969,85861,5,1
174969,85861,14,2
174969,85861,27,4
174969,85975,0,1
174969,85984,15,4
174969,85984,14,5
174969,86996,484,3
174969,86996,0,1
174969,87079,191,1
174969,87079,0,1
174969,87079,84,4
174969,87087,1,6
174969,87580,47,2
174969,87994,70,2
174969,87994,0,1
174969,88072,0,1
174969,88646,71,1
174969,89678,72,3
174969,90195,71,4
174969,90195,0,5
174969,90258,484,2
174969,90370pr0005,0,1
174969,90398,297,1
174969,90398,378,1
174969,90398,72,1
174969,90498pr0020,15,1
174969,91501,19,4
174969,91988,15,1
174969,92338,72,1
174969,92410,1,1
174969,92582,71,2
174969,93095,0,2
174969,93552pat0003,70,1
174969,96874,3,1
174969,98138,46,4
174969,98138,5,1
174969,98138,70,1
174969,98138,15,5
174969,98138,1053,1
174969,98138,1,1
174969,98138,14,5
174969,98138pr0017,29,2
174969,98138pr0208,47,1
174969,98138pr9989,4,1
174969,98283,78,18
174969,98585,484,1
174969,99207,226,1
174969,99563,15,14
174969,99780,14,2
174969,99781,0,1
174970,10103457,9999,1
174970,10197,72,1
174970,11090,0,2
174970,1126,84,3
174970,11476,321,1
174970,11477,0,1
174970,11477,321,4
174970,13965,15,2
174970,14769,30,4
174970,14769,84,3
174970,15068,30,6
174970,15068,15,4
174970,15210,72,2
174970,15395,0,1
174970,15573,0,1
174970,15573,322,1
174970,15573,71,1
174970,15672,321,2
174970,15712,71,5
174970,15712,0,1
174970,16091,0,1
174970,18651,0,1
174970,18653,84,3
174970,18674,28,2
174970,19220,0,1
174970,1927,15,2
174970,1927,27,2
174970,20311pr0006,15,1
174970,20482,0,1
174970,22885,19,1
174970,22885,15,7
174970,22888,10,1
174970,23443,72,1
174970,2412b,80,4
174970,2412b,0,1
174970,2412b,321,6
174970,2420,27,2
174970,2420,15,2
174970,2420,30,4
174970,24201,15,1
174970,2423,2,3
174970,24246,25,2
174970,2431,27,1
174970,2431pr0158,14,1
174970,2432,0,2
174970,24946,15,1
174970,2566,0,1
174970,26603,15,1
174970,28192,71,2
174970,28192,28,1
174970,28192,15,2
174970,28802,14,1
174970,28802,71,4
174970,298c02,14,1
174970,3001,14,2
174970,3003,15,4
174970,3003,84,1
174970,3004,30,4
174970,3004,321,2
174970,3005,27,2
174970,3005,30,8
174970,3009,71,1
174970,30136,28,1
174970,30136,84,3
174970,3020,30,2
174970,3020,322,2
174970,3020,0,3
174970,3022,28,1
174970,3022,19,3
174970,3023,27,6
174970,3023,46,2
174970,3023,0,1
174970,3023,322,5
174970,3023,15,5
174970,3023,14,5
174970,30236,15,2
174970,3024,321,2
174970,3024,27,2
174970,3024,15,6
174970,3024,84,1
174970,3031,0,1
174970,3032,71,1
174970,3034,30,4
174970,3034,321,1
174970,3034,27,2
174970,3037,15,1
174970,30374,71,2
174970,3039,15,1
174970,3040b,84,1
174970,3040b,27,2
174970,3062b,84,1
174970,3069b,27,3
174970,3069bpr0020,71,2
174970,3069bpr0204,25,1
174970,3069bpr0300,15,1
174970,3069bpr0301,71,1
174970,3069bpr0307,71,1
174970,3070b,47,2
174970,3070b,36,2
174970,3070b,182,4
174970,3070bpr0160,71,2
174970,32034,84,3
174970,32529,0,1
174970,32607,288,5
174970,32828,84,5
174970,33909,71,3
174970,34103,72,2
174970,34172,484,1
174970,3460,15,1
174970,3460,71,2
174970,35480,71,1
174970,35809pat0001,323,1
174970,3622,15,2
174970,3623,27,2
174970,3665,30,4
174970,3665,28,1
174970,3666,27,5
174970,3666,321,2
174970,3666,19,7
174970,3668,72,2
174970,3679,71,1
174970,3680,15,1
174970,36840,27,2
174970,3710,321,2
174970,3710,30,4
174970,3710,15,5
174970,3710,27,3
174970,37352,27,4
174970,37352,322,2
174970,3749,19,4
174970,3795,71,4
174970,3823,41,2
174970,3899,45,1
174970,4032a,84,6
174970,4032a,15,1
174970,4083,14,1
174970,4162,321,2
174970,41948,10,1
174970,4274,71,3
174970,43898,15,1
174970,44728,27,4
174970,4595,0,2
174970,4697b,71,1
174970,4733,27,1
174970,4740,41,1
174970,4740,0,2
174970,48336,15,1
174970,48336,71,2
174970,4865b,322,2
174970,49307,27,2
174970,54200,84,1
174970,60470b,15,2
174970,60477,19,1
174970,60581,15,1
174970,6081,15,6
174970,60849,71,4
174970,6091,15,2
174970,6117,72,1
174970,6141,46,2
174970,6231,14,1
174970,63864,321,4
174970,6541,19,1
174970,65509,484,1
174970,65578,2,1
174970,6636,321,5
174970,69729,15,3
174970,71752,0,1
174970,72206,179,4
174970,73562,0,2
174970,78256,15,2
174970,79756,71,4
174970,85861,182,2
174970,85861,71,2
174970,86876,15,1
174970,86996,0,1
174970,86996,71,6
174970,87079,71,1
174970,87087,19,2
174970,87552,15,4
174970,87552,41,2
174970,87617,0,1
174970,87618,71,1
174970,89678,72,1
174970,90370pr0005,0,2
174970,91988,72,2
174970,92198pr0389,1088,1
174970,92690,71,1
174970,93274,72,2
174970,98138,47,1
174970,98282,321,4
174970,99206,71,4
174970,99780,19,1
174970,99780,14,1
174971,10103458,9999,1
174971,11153,31,2
174971,11153,15,4
174971,11477,15,2
174971,11609,191,1
174971,15068,31,2
174971,15068,1062,4
174971,15068,15,8
174971,15573,71,3
174971,1744,25,4
174971,18855,323,1
174971,18980,31,1
174971,19220,0,2
174971,22885,71,1
174971,22888,322,1
174971,24184,25,1
174971,2423,26,1
174971,2431,484,1
174971,25269,31,4
174971,2654,47,4
174971,2682,2,1
174971,29115,0,2
174971,29119,3,2
174971,29120,3,2
174971,3001,71,1
174971,3002,27,1
174971,3003,71,2
174971,3004,31,1
174971,3005,322,2
174971,30136,19,1
174971,3020,25,4
174971,3020,15,3
174971,3021,0,1
174971,3022,15,1
174971,3022,72,5
174971,3022,0,1
174971,3023,31,3
174971,3023,0,1
174971,3023,19,9
174971,3023,322,4
174971,30236,0,1
174971,3031,71,1
174971,3034,71,1
174971,3034,3,2
174971,30374,27,1
174971,3040b,71,7
174971,30414,378,4
174971,3062b,70,2
174971,3069b,71,1
174971,3069b,484,1
174971,31990,26,1
174971,32059,15,1
174971,32803,0,1
174971,35299,41,1
174971,35787,1062,2
174971,3660,322,1
174971,3710,15,4
174971,3832,71,2
174971,4006,179,1
174971,41769,15,1
174971,41770,15,1
174971,4274,71,1
174971,4286,72,2
174971,44861,71,1
174971,49578pr0001,15,1
174971,52494,72,1
174971,54200,72,2
174971,60470b,15,1
174971,60478,15,2
174971,6141,36,2
174971,6141,70,2
174971,6141,71,2
174971,6141,15,8
174971,6141,34,2
174971,6239,3,1
174971,67329,72,4
174971,68212,3,2
174971,68568,31,4
174971,76959,15,1
174971,78258,0,1
174971,79850,3,1
174971,85984,322,2
174971,87079,322,2
174971,87079,25,4
174971,87580,72,1
174971,90194,15,1
174971,90397,27,1
174971,92842,0,1
174971,93095,322,2
174971,93609,72,2
174971,95228,40,1
174971,95344,0,2
174971,99781,15,2
174992,102665,15,1
174993,102664,15,1
174994,102663,15,1
174995,102662,15,1
174996,102661,15,1
175004,2345,71,6
175004,2357,72,4
175004,2357,15,2
175004,2419,72,2
175004,2420,71,4
175004,2431,308,8
175004,2431,0,1
175004,2445,70,2
175004,2449,308,6
175004,2456,70,2
175004,2462,71,10
175004,2489,308,2
175004,2540,72,4
175004,2555,0,1
175004,2566,0,2
175004,2586pr0024,71,1
175004,2654,19,4
175004,2780,0,12
175004,3001,72,5
175004,3002,72,6
175004,3002,70,1
175004,3003,70,2
175004,3003,71,12
175004,3004,15,1
175004,3004,72,39
175004,3004,71,8
175004,30043,0,2
175004,3005,70,28
175004,3005,71,4
175004,30055,0,4
175004,30056,0,6
175004,3009,71,6
175004,3009,70,1
175004,30093,288,6
175004,30099,308,4
175004,3010,71,4
175004,3010,72,12
175004,30103,0,1
175004,30106,47,1
175004,30134,70,1
175004,30136,70,4
175004,3020,70,5
175004,3020,72,2
175004,3023,0,2
175004,3023,15,1
175004,30237a,70,8
175004,30238,0,1
175004,30246,71,2
175004,3027,72,1
175004,3028,72,2
175004,3029,72,4
175004,3030,70,4
175004,3030,72,4
175004,3031,72,3
175004,3033,288,2
175004,3035,72,2
175004,3037,70,2
175004,30374,0,1
175004,3039,72,4
175004,30390b,71,2
175004,3040b,288,12
175004,3040b,72,8
175004,3040b,70,4
175004,30414,0,2
175004,3045,72,2
175004,3048c,0,2
175004,30503,288,4
175004,30503,72,6
175004,3062b,36,1
175004,3068b,70,4
175004,3069b,70,2
175004,32013,71,2
175004,32054,0,2
175004,32062,4,2
175004,3245b,71,20
175004,32474,0,2
175004,32530,72,4
175004,33057,484,1
175004,3455,71,2
175004,3460,308,11
175004,3460,72,2
175004,3622,70,16
175004,3622,71,8
175004,3660,71,6
175004,3660,0,8
175004,3665,72,18
175004,3665,0,2
175004,3665,71,8
175004,3666,0,2
175004,3684,72,4
175004,3700,71,30
175004,3710,70,5
175004,3747b,72,10
175004,3794a,70,8
175004,3794a,0,3
175004,3795,72,3
175004,3795,70,6
175004,3830,70,8
175004,3831,70,8
175004,3832,70,6
175004,3846pr0016,71,1
175004,3847,135,1
175004,3941,0,3
175004,3942c,72,2
175004,4070,0,4
175004,4085c,0,2
175004,41769,70,2
175004,41770,70,2
175004,4286,72,6
175004,43337,71,1
175004,43899,72,1
175004,44358,70,2
175004,4460b,71,8
175004,4460b,308,14
175004,4460b,72,20
175004,4491b,72,1
175004,4493c01pr0011,15,1
175004,4497,308,2
175004,47847,72,8
175004,47990,72,1
175004,48492,272,1
175004,49668,320,16
175004,53451,15,41
175004,54200,72,13
175004,54200,288,4
175004,59232,135,1
175004,59233pat0002,42,1
175004,59900,42,1
175004,59900,70,34
175004,59900,34,1
175004,6019,72,5
175004,6020,0,2
175004,60474,72,2
175004,60478,71,4
175004,60479,71,1
175004,60596,0,1
175004,60621,71,1
175004,6066,308,2
175004,60674,308,2
175004,60752,135,4
175004,6082,72,3
175004,6083,72,2
175004,6108,71,2
175004,6111,72,2
175004,6112,0,3
175004,6123,72,2
175004,6126a,182,4
175004,6141,71,4
175004,61485,0,2
175004,61856pr0001,72,1
175004,62808,72,2
175004,64644,0,1
175004,6636,70,3
175004,85959pat0001,36,2
175052,15535,28,1
175052,15573,297,1
175052,18646,28,1
175052,18674,72,1
175052,21459,182,1
175052,21459,297,2
175052,2453b,71,2
175052,26047,297,2
175052,3023,72,2
175052,3062b,36,2
175052,32607,2,1
175052,33320,297,1
175052,3666,272,1
175052,3710,0,1
175052,37762,10,3
175052,41740,72,1
175052,44728,71,1
175052,4740,0,2
175052,48729b,0,2
175052,54200,272,2
175052,60478,0,2
175052,6141,297,2
175052,85861,27,1
175052,98100,71,1
175052,98139,297,1
175053,100426,321,1
175053,100954pr0004,321,1
175053,101349,47,1
175053,102708pr0001,27,1
175053,102748pr0002,15,1
175053,103667pr0001,15,1
175053,103667pr0002,15,2
175053,103667pr0003,15,2
175053,103670,15,1
175053,103670pr0001,15,1
175053,103670pr0002,15,1
175053,104384pr0005,212,1
175053,104653pr0001,15,1
175053,12602,15,1
175053,14222pr0016,73,1
175053,15327,71,1
175053,17865pr0003,0,1
175053,20302,321,1
175053,2291,158,2
175053,23230pr0002,25,1
175053,24806,4,1
175053,24807,322,1
175053,27372pr0016,15,1
175053,29304,15,1
175053,3011,226,18
175053,31042,71,1
175053,31110,226,6
175053,31110pr0149,14,1
175053,31333pr0013,15,1
175053,3437,323,2
175053,3437,1050,2
175053,3437,226,24
175053,3437pr0177,29,1
175053,35088,158,1
175053,35114,4,6
175053,35114pr0002,4,4
175053,3519,15,1
175053,35516c01pr0043,322,1
175053,40666,84,11
175053,4196,15,3
175053,4886,212,3
175053,4890,15,2
175053,4890,1050,2
175053,4891,323,4
175053,4911,15,1
175053,4912,14,1
175053,49989pr0001,484,1
175053,51262,15,2
175053,51269,71,1
175053,58498c01,27,1
175053,61649,226,4
175053,6474,4,2
175053,6510,27,4
175053,65109,84,2
175053,65110,31,2
175053,65111,15,1
175053,65112,15,2
175053,65114,84,1
175053,65115,15,1
175053,65116,15,1
175053,65161pr0001,19,1
175053,65245pr0037,15,1
175053,65273,323,4
175053,65273,321,2
175053,65273,1050,1
175053,65567c01,15,1
175053,72134,1055,1
175053,73568,27,1
175053,73568,25,1
175053,76371,47,10
175053,76371,226,17
175053,76371pr0188,15,1
175053,76371pr0220,15,1
175053,76371pr0222,27,1
175053,76371pr0223,25,1
175053,76371pr0225,47,2
175053,76371pr0226,15,1
175053,76371pr0227,15,1
175053,84195,30,4
175053,87084,323,4
175053,89158,10,2
175053,90265,15,4
175053,92094,226,1
175053,98222,322,1
175053,98222,323,4
175053,98233,15,2
175055,102748pr0001,1062,1
175055,15454pr0009,158,1
175055,24911c03,15,1
175055,3437,322,1
175055,44524,71,1
175055,65084,71,1
175055,65161pr0002,15,1
175055,65836,322,1
175055,70675,19,1
175055,73568,321,1
175055,73568,25,1
175055,73568,27,1
175055,76371pr0222,27,1
175055,76371pr0223,25,1
175055,76371pr0224,321,1
175056,11090,84,2
175056,11476,4,1
175056,11477,15,4
175056,14704,71,2
175056,15068,4,1
175056,15068,15,3
175056,15573,15,4
175056,15672,321,2
175056,18649,4,1
175056,18980,15,2
175056,22484,72,2
175056,22885,2,2
175056,24866,10,2
175056,3010,15,2
175056,3020,15,2
175056,3069b,321,4
175056,35459,19,1
175056,35480,15,3
175056,3623,15,3
175056,3679,71,1
175056,3680,3,1
175056,4871,15,1
175056,54200,19,3
175056,59900,25,1
175056,6091,321,4
175056,6141,308,2
175056,63965,70,1
175056,67329,484,2
175056,85984,4,4
175056,93604,15,2
175056,98138,29,2
175056,98138pr0107,0,2
175056,99207,15,6
175056,99563,15,3
175057,10190,226,2
175057,11090,25,1
175057,11477,41,1
175057,11609,191,2
175057,13548,71,1
175057,22961,308,1
175057,2412b,27,2
175057,24204,70,1
175057,26601,322,1
175057,2682,27,4
175057,3005pr0033,15,1
175057,30089b,321,1
175057,3020,308,1
175057,3021,84,3
175057,3022,84,1
175057,3030,19,1
175057,32064a,19,1
175057,33909,19,1
175057,34103,84,2
175057,3592pr0001,70,1
175057,3659,308,2
175057,3795,322,2
175057,4733,70,1
175057,48729b,15,1
175057,53119,15,2
175057,6003,322,1
175057,6187,1062,1
175057,85861,27,4
175057,87994,15,1
175057,90397,27,1
175057,92926,1050,1
175057,95228,47,1
175057,98138pr0035,179,1
175094,3022,72,1
175094,3068b,4,1
175094,3069b,4,1
175094,41854,4,1
175094,48336,0,2
175094,60470b,0,2
175094,65080pat0001,15,1
175094,85984,0,1
175094,99206,0,1
175096,3837,72,1
175096,53119,70,1
175141,29bc01,4,1
175141,3001a,47,2
175141,3001a,4,10
175141,3001a,15,8
175141,3002a,15,3
175141,3002a,4,2
175141,3003a,4,6
175141,3003a,15,4
175141,3007,4,1
175141,3035,15,1
175141,3065,4,2
175141,3065,15,3
175141,3081bc01,4,1
175141,31bc01,4,1
175141,33bc01,4,1
175142,29ac01,4,1
175142,3001c,4,10
175142,3001c,47,2
175142,3001c,15,8
175142,3002b,15,3
175142,3002b,4,2
175142,3003b,15,4
175142,3003b,4,6
175142,3007a,4,1
175142,3035a,15,1
175142,3065,4,2
175142,3065,15,3
175142,3081ac01,4,1
175142,31ac01,4,1
175142,33ac01,4,1
175145,3007,4,1
175145,3007,1,1
175145,3007,14,1
175145,3007,15,1
175145,3007c,4,1
175145,3011,1,4
175145,3011,4,4
175145,3011,14,3
175145,75775,15,1
175145,dupupn0125,4,1
175148,21459,4,1
175148,64567,4,1
175148,87747,15,1
175148,92338,72,1
175181,3626cpr9658,158,1
175181,93160,15,1
175181,970c03pr0023,0,1
175181,973c22h03pr0003,0,1
175181,98128,0,1
175235,3626cpr3269,14,1
175235,37823,321,1
175235,970c27,15,1
175235,973c29h01pr5967,212,1
175367,11477,72,2
175367,15573,0,1
175367,15712,0,1
175367,1927,71,2
175367,22385,0,1
175367,2412b,72,3
175367,25269,46,2
175367,29119,0,1
175367,29120,0,1
175367,30031,72,1
175367,3022,72,1
175367,30602,40,1
175367,3710,0,1
175367,3795,0,2
175367,41769,0,1
175367,41770,0,1
175367,6141,46,4
175367,93273,0,1
175367,98721,0,2
175500,11291,71,1
175500,2654,71,1
175500,3004pr0024,73,1
175500,3020,0,1
175500,3023,36,1
175500,3023,71,1
175500,32028,1,1
175500,3678bpr0059,73,1
175500,4590,73,1
175500,4600,71,1
175500,50951,0,2
175500,6215,73,1
175500,93594,179,2
175541,11476,71,1
175541,26603,0,1
175541,30031,0,1
175541,30166,71,1
175541,3062b,72,2
175541,37352,14,1
175541,3837,72,1
175541,60470b,14,1
175541,6141,70,2
175599,10247,72,2
175599,11211,0,2
175599,11214,72,2
175599,14417,72,2
175599,14704,72,2
175599,14718,14,1
175599,14718pr9985,14,1
175599,15068,0,2
175599,15068,14,2
175599,15068,19,1
175599,24201,14,4
175599,26603,19,4
175599,2780,0,2
175599,3002,2,1
175599,3004,19,2
175599,3005,0,2
175599,3020,0,1
175599,3020,19,2
175599,3021,0,2
175599,3022,19,2
175599,3022,0,4
175599,3023,0,6
175599,3023,14,2
175599,3031,0,1
175599,3068b,0,1
175599,3068bpr0163,0,1
175599,3069b,0,2
175599,3069b,14,2
175599,32064a,71,2
175599,3245c,14,2
175599,3622,19,2
175599,3623,19,4
175599,3666,0,1
175599,3666,19,2
175599,3700,14,6
175599,3701,19,2
175599,3705,4,1
175599,3710,19,2
175599,3710,0,2
175599,3795,0,1
175599,3795,14,2
175599,3941,25,2
175599,4032a,14,3
175599,41769,0,2
175599,41770,0,2
175599,60474,14,2
175599,61409,0,2
175599,61409,19,2
175599,6187,15,2
175599,63864,19,2
175599,65304,0,1
175599,69729,0,1
175599,85080,14,8
175599,85984,19,4
175599,85984,0,2
175599,87079,0,1
175599,87087,19,2
175599,99206,19,2
175599,99780,19,2
175601,87079pr9943,15,1
175602,87079pr9934,15,1
175603,87079pr9933,15,1
175605,87079pr9932,15,1
175606,87079pr9931,15,1
175607,87079pr9930,15,1
175610,87079pr9927,15,1
175611,87079pr9926,15,1
175613,87079pr9925,15,1
175616,87079pr9924,15,1
175622,16178pat0001,4,1
175622,3626cpr2598,14,1
175622,970c34,25,1
175622,973c28h01pr4204,1,1
175623,3626cpr2463,14,1
175623,3833,4,1
175623,970c28,1,1
175623,973c27h01pr4202,15,1
175631,11153,14,1
175631,11476,71,1
175631,11477,0,4
175631,11477,82,8
175631,15573,15,1
175631,15712,191,2
175631,22885,15,1
175631,24201,15,2
175631,2432,25,1
175631,2450,15,2
175631,25269,29,1
175631,26047,297,2
175631,2654,4,1
175631,27925,82,2
175631,27925,4,2
175631,3001,2,1
175631,3003,15,1
175631,3004,15,1
175631,30166,71,1
175631,3020,0,1
175631,3022,14,2
175631,3023,15,1
175631,3023,0,1
175631,32059,15,1
175631,3245c,4,2
175631,32802,4,1
175631,32828,297,2
175631,3623,321,1
175631,3665,25,2
175631,36840,0,2
175631,36840,4,2
175631,3710,191,1
175631,3795,2,2
175631,3942c,25,1
175631,3957b,1,1
175631,4032a,4,1
175631,4081b,15,6
175631,43722,15,1
175631,43723,15,1
175631,44728,4,4
175631,47905,15,2
175631,59900,182,2
175631,60470b,14,1
175631,60474,14,1
175631,60897,4,2
175631,85861,182,2
175631,98138,0,2
175631,98138pr0008,15,2
175631,98138pr0107,0,2
175631,99781,15,1
175632,87079pr9923,15,1
175636,87079pr9922,15,1
175637,11211,0,1
175637,14769,4,8
175637,3009,4,6
175637,3009,0,2
175637,3010,4,2
175637,3024,4,8
175637,3036,0,1
175637,3069b,4,6
175637,3070b,4,4
175637,3298,0,2
175637,3666,4,2
175637,3958,4,4
175637,4032a,4,8
175637,4162,0,1
175637,4162pr9984,0,1
175637,4477,4,2
175637,60481,0,2
175637,6111,4,2
175637,6636,4,8
175637,98560,0,3
175638,15068,71,1
175638,15573,15,1
175638,15712,288,1
175638,24246,29,2
175638,2540,15,1
175638,3020,15,1
175638,3021,19,1
175638,3022,71,1
175638,3022,19,1
175638,3024,71,2
175638,44728,71,1
175638,49307,19,2
175638,54200,15,2
175638,60470b,15,1
175638,60478,19,2
175638,6141,29,1
175638,6141,15,1
175638,6141,25,1
175638,87087,15,2
175638,98138pr0008,15,2
175638,99780,19,1
175639,87079pr9921,15,1
175677,15573,72,2
175677,2419,72,6
175677,2420,71,4
175677,2449,72,8
175677,26601,72,4
175677,27263,72,4
175677,3003,72,2
175677,3009,72,4
175677,3020,72,2
175677,3023,72,8
175677,3024,41,7
175677,3028,72,2
175677,3062b,41,8
175677,3069b,41,40
175677,3069b,72,8
175677,3070b,41,5
175677,54200,41,2
175677,59900,41,4
175677,60897,72,4
175677,6111,72,2
175677,6636,72,6
175677,87580,72,2
175677,87994,70,1
175677,87994,41,4
175682,10103446,9999,1
175682,10104748,9999,1
175682,10104782,9999,1
175682,10170,84,3
175682,10187,2,5
175682,10202,0,1
175682,10247,0,1
175682,10928,72,2
175682,11090,297,16
175682,11090,4,4
175682,11090,0,14
175682,11153,4,2
175682,11153,0,4
175682,11153,70,1
175682,11203,0,5
175682,11211,19,3
175682,11211,71,13
175682,11212,288,4
175682,11212,72,5
175682,11212,0,3
175682,11212,71,19
175682,11214,72,2
175682,11215,0,2
175682,11253,0,2
175682,11253,5,2
175682,11253,4,1
175682,11458,0,4
175682,11476,70,2
175682,11476,0,3
175682,11477,70,2
175682,11477,0,7
175682,11477,288,8
175682,11477,72,6
175682,11610,71,2
175682,11610,19,1
175682,11618,191,1
175682,13547,0,4
175682,13547,71,4
175682,13564,70,1
175682,13564,0,1
175682,13965,71,1
175682,13965,70,1
175682,13965,308,4
175682,14137,72,3
175682,14395,71,4
175682,14395,70,5
175682,14395,72,8
175682,14716,71,4
175682,14716,70,14
175682,14716,19,5
175682,14716,28,1
175682,14716,308,4
175682,14716,84,2
175682,14716,15,5
175682,14719,0,6
175682,14719,70,4
175682,14719,15,2
175682,14719,72,2
175682,14719,71,1
175682,14769,70,1
175682,15068,72,2
175682,15068,484,1
175682,15068,15,2
175682,15068,0,2
175682,15068,70,1
175682,15068,191,4
175682,15070,14,2
175682,15070,297,3
175682,15070,71,1
175682,15070,15,4
175682,15207,0,3
175682,15210,15,1
175682,15254,19,2
175682,15254,70,1
175682,15462,70,2
175682,15470,297,1
175682,15470,15,1
175682,15535,4,6
175682,15535,72,1
175682,15535,0,1
175682,15573,72,11
175682,15573,308,2
175682,15573,297,4
175682,15573,70,29
175682,15573,0,16
175682,15573,322,7
175682,15573,288,8
175682,15573,27,8
175682,15573,4,5
175682,15573,84,4
175682,15573,71,17
175682,15573,484,1
175682,15573,19,3
175682,15672,0,3
175682,15672,72,3
175682,15672,71,4
175682,15672,379,2
175682,15712,71,1
175682,15712,70,1
175682,15712,3,3
175682,15712,4,20
175682,15712,72,6
175682,15712,297,8
175682,15712,0,21
175682,15712,15,1
175682,16577,72,1
175682,16770,0,3
175682,1745,71,3
175682,1751,15,2
175682,1762,71,2
175682,18041,297,1
175682,18395,4,4
175682,18575,0,2
175682,18649,4,8
175682,18651,0,1
175682,18653,0,1
175682,18653,84,1
175682,18653,72,1
175682,18654,1103,3
175682,18674,70,1
175682,18674,72,1
175682,18674,71,2
175682,18674,322,1
175682,18677,71,1
175682,18759,72,1
175682,18838,71,2
175682,18853,191,4
175682,18853,29,6
175682,18920,179,1
175682,18947,72,1
175682,18980,71,1
175682,1927,71,1
175682,1927,70,4
175682,19727,0,1
175682,20309,0,2
175682,20482,71,2
175682,20482,47,3
175682,20482,70,2
175682,20482,288,1
175682,20482,297,4
175682,20482,0,7
175682,20482,72,4
175682,20952,4,4
175682,21459,297,4
175682,21459,182,1
175682,21459,27,2
175682,22385,72,1
175682,22388,0,1
175682,22667,26,4
175682,22885,71,1
175682,22885,15,2
175682,22886,15,7
175682,22886,323,1
175682,22961,0,1
175682,2310,71,5
175682,2343,47,3
175682,23443,297,7
175682,23443,0,2
175682,2357,19,2
175682,2357,191,3
175682,2357,15,7
175682,2357,0,1
175682,2357,71,5
175682,2357,72,5
175682,2357,85,3
175682,2395,72,1
175682,23950,72,2
175682,23950,71,1
175682,23969,70,5
175682,23969,72,7
175682,23969,19,6
175682,23986,378,1
175682,2403,72,1
175682,24093,41,2
175682,2412b,179,4
175682,2412b,0,12
175682,2412b,297,1
175682,2412b,272,4
175682,2412b,15,2
175682,2412b,27,5
175682,2412b,72,19
175682,24131,297,1
175682,2417,15,4
175682,2420,71,17
175682,2420,70,14
175682,2420,28,4
175682,2420,72,5
175682,2420,15,13
175682,2420,4,4
175682,2420,2,19
175682,24201,70,1
175682,24201,0,2
175682,24201,71,1
175682,24201,15,2
175682,2423,2,1
175682,24246,72,2
175682,24246,70,2
175682,24246,182,1
175682,24246,84,4
175682,24246,71,5
175682,2431,28,1
175682,2431,27,2
175682,2431,15,1
175682,2431,4,10
175682,2431,71,4
175682,2431,2,2
175682,2431,0,1
175682,2431,72,2
175682,24316,70,2
175682,2432,72,8
175682,2432,71,2
175682,2432,15,1
175682,2432,0,2
175682,24324,0,5
175682,2445,72,3
175682,2445,0,3
175682,2445,71,2
175682,2445,70,2
175682,2450,71,1
175682,2450,0,5
175682,2450,272,2
175682,2450,27,2
175682,2450,288,4
175682,2450,72,1
175682,2453b,70,4
175682,2453b,72,4
175682,2456,15,3
175682,2456,71,3
175682,2465,0,4
175682,2465,72,1
175682,2476a,0,1
175682,24855,2,2
175682,2486,72,4
175682,24866,25,6
175682,24866,323,4
175682,24866,212,3
175682,24866,10,12
175682,24866,71,1
175682,24866,14,4
175682,24866,191,2
175682,24866,226,2
175682,24866,2,72
175682,24866,5,22
175682,2489,70,1
175682,2496,0,1
175682,25061,27,1
175682,25214,1103,1
175682,25269,10,1
175682,25269,3,17
175682,25269,84,2
175682,25269,15,2
175682,25269,71,7
175682,25269,70,4
175682,25269,27,2
175682,25269,322,2
175682,25269,379,1
175682,25269,0,1
175682,25269,484,1
175682,25386,19,1
175682,2540,72,2
175682,2540,0,2
175682,2566,0,4
175682,2569,0,3
175682,2571,52,2
175682,26047,272,2
175682,26047,70,7
175682,26047,0,31
175682,2653,0,1
175682,2654,72,2
175682,2654,19,3
175682,2654,0,1
175682,26601,2,2
175682,26601,71,2
175682,26601,28,1
175682,26601,27,4
175682,26603,84,2
175682,26603,322,2
175682,26603,0,5
175682,26603,272,3
175682,26603,71,1
175682,26603,15,3
175682,26604,19,1
175682,26604,378,1
175682,26604,71,5
175682,26604,70,5
175682,26604,72,2
175682,2723,0,1
175682,27263,71,2
175682,27263,72,3
175682,27263,70,2
175682,27263,0,8
175682,2730,72,3
175682,2730,71,1
175682,27507,72,4
175682,27507,70,2
175682,27507,15,1
175682,27507,3,3
175682,27507,0,1
175682,27507,27,2
175682,27925,3,2
175682,27925,15,4
175682,27925,71,3
175682,27925,323,3
175682,27940,72,4
175682,2817,0,1
175682,28192,72,4
175682,28192,0,5
175682,28192,14,1
175682,28327,323,2
175682,28327,15,1
175682,28621,46,1
175682,28621,41,6
175682,2877,379,2
175682,28802,70,2
175682,28870,297,3
175682,28974,70,4
175682,29119,0,6
175682,29120,0,6
175682,2921,0,1
175682,298c05,71,1
175682,3001,71,11
175682,3001,15,2
175682,3001,0,4
175682,3001,84,1
175682,3001,31,10
175682,3002,70,1
175682,3002,72,9
175682,3002,19,9
175682,3003,71,1
175682,3003,19,1
175682,3003,0,1
175682,3003,322,3
175682,3003,72,1
175682,3003,191,1
175682,3004,4,2
175682,3004,323,12
175682,3004,308,13
175682,3004,191,8
175682,3004,28,3
175682,3004,272,13
175682,3004,0,2
175682,3004,85,12
175682,3004,70,6
175682,3005,15,9
175682,3005,308,11
175682,3005,14,9
175682,3005,84,3
175682,3005,19,6
175682,3005,28,31
175682,3005,70,37
175682,3005,72,10
175682,3005,85,12
175682,3005,320,20
175682,3005,322,6
175682,3005,272,14
175682,3005,4,2
175682,3005,323,16
175682,3005,0,9
175682,3005pr9865,272,2
175682,3005pr9866,15,1
175682,3007,71,2
175682,3007,0,1
175682,3008,72,2
175682,3008,70,2
175682,3008,84,1
175682,3008,15,7
175682,3009,71,2
175682,3009,72,5
175682,3009,191,6
175682,30099,70,1
175682,3010,19,2
175682,3010,85,7
175682,3010,72,8
175682,3010,70,3
175682,3010,84,3
175682,3010,71,5
175682,3010,14,6
175682,3010,272,9
175682,3010,15,5
175682,3010,323,11
175682,30134,72,1
175682,30136,0,2
175682,30136,70,3
175682,30136,3,7
175682,30136,71,3
175682,30136,72,59
175682,30137,0,1
175682,30145,71,2
175682,30153,47,3
175682,30165,0,1
175682,30176,2,4
175682,3020,72,4
175682,3020,0,14
175682,3020,28,1
175682,3020,288,5
175682,3020,70,3
175682,3020,4,1
175682,3020,71,23
175682,3020,19,4
175682,3020,15,2
175682,3021,28,2
175682,3021,3,2
175682,3021,2,6
175682,3021,71,14
175682,3021,70,4
175682,3021,72,5
175682,3021,0,3
175682,3021,322,2
175682,3022,15,2
175682,3022,70,4
175682,3022,0,5
175682,3022,72,1
175682,3022,322,1
175682,3022,71,4
175682,3022,320,2
175682,3022,10,2
175682,3023,323,14
175682,3023,19,10
175682,3023,322,4
175682,3023,0,23
175682,3023,308,12
175682,3023,15,20
175682,3023,72,16
175682,3023,70,48
175682,3023,326,9
175682,3023,4,3
175682,3023,85,9
175682,3023,191,8
175682,3023,28,8
175682,3023,272,3
175682,3023,46,2
175682,3023,379,9
175682,3023,84,4
175682,3023,71,12
175682,3023,3,23
175682,30237b,71,1
175682,3024,272,14
175682,3024,3,19
175682,3024,379,46
175682,3024,85,3
175682,3024,71,21
175682,3024,4,6
175682,3024,27,2
175682,3024,15,14
175682,3024,10,3
175682,3024,14,3
175682,3024,41,5
175682,3024,308,18
175682,3024,28,1
175682,3024,322,4
175682,3024,323,2
175682,3024,92,2
175682,3024,0,11
175682,3024,191,8
175682,3024,70,41
175682,3024,297,9
175682,3024,84,9
175682,30261,15,2
175682,3029,71,1
175682,30292,272,1
175682,3030,70,1
175682,3030,28,2
175682,3030,72,1
175682,3030,0,1
175682,3030,19,1
175682,3031,70,2
175682,3031,378,1
175682,3031,19,1
175682,3031,71,11
175682,3031,72,1
175682,3032,15,1
175682,3032,19,1
175682,3032,72,1
175682,3032,71,11
175682,3032,70,1
175682,3033,72,1
175682,3033,19,1
175682,3034,72,8
175682,3034,320,2
175682,3034,71,8
175682,3034,3,1
175682,3034,28,1
175682,3035,72,3
175682,3035,71,11
175682,3035,0,2
175682,30357,15,1
175682,30357,71,3
175682,30357,72,4
175682,3036,0,1
175682,3036,72,1
175682,3036,71,1
175682,30374,15,4
175682,30374,70,1
175682,30374,45,2
175682,30374,297,3
175682,30374,0,2
175682,30374,72,2
175682,30374,19,3
175682,30383,72,2
175682,3039,72,1
175682,30395,72,1
175682,3040b,70,2
175682,3040b,4,2
175682,3040b,72,5
175682,3040b,15,2
175682,30414,72,2
175682,30414,71,2
175682,30503,71,1
175682,30562,47,1
175682,30565,71,4
175682,30565,70,2
175682,3062b,71,1
175682,3062b,41,1
175682,3062b,27,3
175682,3062b,0,2
175682,3062b,72,6
175682,3062b,297,14
175682,3062b,70,6
175682,3068b,70,3
175682,3068b,4,2
175682,3068b,0,2
175682,3068b,15,3
175682,3068b,72,9
175682,3068b,84,3
175682,3069b,4,2
175682,3069b,15,10
175682,3069b,323,2
175682,3069b,41,335
175682,3069b,71,2
175682,3069b,3,4
175682,3069b,297,1
175682,3069b,46,1
175682,3069b,272,6
175682,3069b,379,2
175682,3069b,484,1
175682,3069b,72,1
175682,3069bpr0300,15,1
175682,3069bpr0371,15,3
175682,3070b,322,2
175682,3070b,71,4
175682,3070b,3,6
175682,3070b,1,2
175682,3070b,158,1
175682,3070b,15,4
175682,3070b,272,3
175682,3070b,70,3
175682,3070b,27,2
175682,3070b,323,2
175682,3070b,72,5
175682,3070b,288,1
175682,3070b,19,2
175682,3070b,191,3
175682,3070b,4,4
175682,3070b,41,2
175682,30924,15,1
175682,3172,71,4
175682,3176,71,2
175682,3185,72,1
175682,31990,0,1
175682,32000,4,4
175682,32000,72,5
175682,32000,71,3
175682,32000,0,3
175682,32000,19,2
175682,32013,0,2
175682,32013,4,6
175682,32018,0,2
175682,32018,72,4
175682,32028,191,2
175682,32028,0,5
175682,32028,272,2
175682,32028,15,7
175682,32028,72,7
175682,32028,70,7
175682,32062,0,3
175682,32062,4,6
175682,32064a,0,1
175682,32064a,308,2
175682,32064a,15,4
175682,32072,0,1
175682,32073,14,1
175682,32123b,15,1
175682,32123b,71,1
175682,32124,0,2
175682,32124,70,4
175682,32124,15,2
175682,32140,0,2
175682,32184,15,1
175682,3221,0,1
175682,32235,4,2
175682,3224,70,2
175682,3224,0,4
175682,32270,0,8
175682,32278,72,1
175682,3228c,72,3
175682,32291,72,2
175682,32316,72,1
175682,32324,71,1
175682,3245c,71,1
175682,3245c,72,6
175682,32474,4,2
175682,32523,72,8
175682,32523,0,4
175682,32524,72,1
175682,32526,0,2
175682,32531,71,1
175682,32555,15,8
175682,32557,71,4
175682,32606,191,2
175682,32607,288,6
175682,32607,25,1
175682,32607,27,10
175682,32607,29,9
175682,32607,10,12
175682,32828,4,4
175682,32828,0,1
175682,32828,297,3
175682,32828,72,3
175682,32952,19,1
175682,32952,272,2
175682,32952,15,6
175682,32952,71,4
175682,32952,323,2
175682,32952,72,3
175682,32952,70,3
175682,32952,4,2
175682,3298,72,1
175682,33078,72,1
175682,33078,0,1
175682,33078,297,1
175682,33183,10,4
175682,33303,70,5
175682,33320,27,4
175682,3386,0,5
175682,33909,28,2
175682,33909,378,2
175682,33909,272,4
175682,33909,71,9
175682,33909,70,11
175682,33909,19,6
175682,3395,15,1
175682,34103,19,9
175682,34103,15,2
175682,34103,72,4
175682,34103,0,2
175682,34103,326,3
175682,34103,70,3
175682,3456,19,1
175682,3460,4,5
175682,3460,0,3
175682,3460,70,14
175682,3460,71,6
175682,3460,72,5
175682,3460,272,1
175682,3460,84,2
175682,3484,0,10
175682,3484,72,1
175682,35044,71,4
175682,35044,0,2
175682,35186,4,18
175682,35459,0,2
175682,35480,70,7
175682,35480,28,1
175682,35480,0,9
175682,35480,71,12
175682,35480,2,6
175682,35480,72,5
175682,35480,15,3
175682,35485,297,1
175682,35530,321,1
175682,35787,3,2
175682,35787,71,2
175682,35787,70,2
175682,3622,15,4
175682,3622,71,11
175682,3622,72,31
175682,3622,4,2
175682,3622,84,7
175682,3622,322,3
175682,3622,19,3
175682,3623,71,15
175682,3623,14,1
175682,3623,15,4
175682,3623,272,1
175682,3623,27,1
175682,3623,323,1
175682,3623,70,24
175682,3623,19,4
175682,3623,2,16
175682,3623,320,1
175682,3623,0,11
175682,3623,28,16
175682,3633,72,2
175682,3659,71,43
175682,3659,72,5
175682,3659,70,1
175682,3659,19,3
175682,3660,72,13
175682,3665,70,4
175682,3665,0,3
175682,3665,72,4
175682,3666,3,7
175682,3666,71,19
175682,3666,4,2
175682,3666,484,1
175682,3666,15,3
175682,3666,19,2
175682,3666,70,6
175682,3666,72,2
175682,3666,0,8
175682,3673,14,5
175682,3673,71,1
175682,3676,10,1
175682,3679,71,3
175682,3680,0,1
175682,3680,15,2
175682,36840,71,8
175682,36840,72,8
175682,36840,378,1
175682,36841,71,1
175682,36841,484,2
175682,36841,272,2
175682,36841,85,2
175682,36841,19,4
175682,36841,10,2
175682,36841,70,3
175682,36841,72,2
175682,3700,71,2
175682,3700,72,16
175682,3700,15,6
175682,3700,70,2
175682,3700,0,4
175682,3701,71,4
175682,3701,70,1
175682,3702,0,2
175682,3703,71,5
175682,3703,72,2
175682,3705,0,1
175682,3707,0,1
175682,3708,0,2
175682,3710,288,25
175682,3710,15,4
175682,3710,191,13
175682,3710,320,5
175682,3710,72,19
175682,3710,4,2
175682,3710,323,8
175682,3710,226,1
175682,3710,28,6
175682,3710,19,1
175682,3710,85,2
175682,3710,71,24
175682,3710,70,22
175682,3710,3,11
175682,3710,2,1
175682,3713,4,1
175682,3713,71,2
175682,37352,15,2
175682,37352,4,2
175682,37352,27,10
175682,3747b,72,9
175682,3749,19,1
175682,37695,10,10
175682,37762,297,1
175682,37762,28,2
175682,37762,0,8
175682,37775,182,1
175682,3795,2,4
175682,3795,19,1
175682,3795,272,3
175682,3795,0,10
175682,3795,3,3
175682,3795,28,1
175682,3795,71,5
175682,38014,15,1
175682,3811,72,2
175682,3832,484,1
175682,3832,70,1
175682,3832,3,2
175682,3832,19,1
175682,3839b,297,4
175682,3839b,19,4
175682,38583,2,4
175682,38648pat0001,0,1
175682,3941,3,2
175682,3958,484,1
175682,39789,70,2
175682,4006,0,2
175682,4032a,19,2
175682,4032a,4,2
175682,4032a,15,1
175682,4032a,72,1
175682,40379,70,1
175682,40490,272,1
175682,40527,379,1
175682,4070,191,2
175682,4070,70,17
175682,4070,78,2
175682,4070,72,5
175682,4070,71,2
175682,4070,15,4
175682,4079b,320,1
175682,4151b,72,1
175682,4162,19,1
175682,4162,70,12
175682,4162,0,11
175682,4162,272,2
175682,4162,71,3
175682,4162,72,5
175682,4162,4,2
175682,41677,0,1
175682,41677,71,4
175682,41677,15,1
175682,41682,15,1
175682,41682,70,4
175682,41740,84,5
175682,41740,72,5
175682,41740,70,1
175682,41740,71,43
175682,41740,0,25
175682,41740,272,2
175682,41740,15,12
175682,41740,4,4
175682,42003,3,1
175682,42003,71,1
175682,42135,71,2
175682,4216,28,18
175682,4216,70,3
175682,4218,35,5
175682,42195,4,4
175682,42205,0,1
175682,4274,71,7
175682,4274,15,9
175682,4282,71,4
175682,4282,72,1
175682,4287c,72,4
175682,4287c,0,3
175682,42924,1,21
175682,43093,1,16
175682,4342,84,2
175682,43722,71,3
175682,43723,71,3
175682,43857,0,2
175682,43898,71,1
175682,44294,71,3
175682,44301b,0,1
175682,44301b,71,2
175682,44567b,71,1
175682,44567b,0,3
175682,44728,28,2
175682,44728,72,1
175682,44728,0,3
175682,4477,72,3
175682,4477,15,6
175682,4477,0,4
175682,4477,70,9
175682,44861,0,1
175682,44861,378,2
175682,4510,15,2
175682,4510,72,1
175682,4510,71,4
175682,4510,70,1
175682,4519,71,5
175682,4522,0,3
175682,4528,297,1
175682,4528,0,1
175682,45590,0,1
175682,4595,0,4
175682,4599b,70,2
175682,46212,52,2
175682,46212,47,2
175682,46372,71,1
175682,4697b,0,2
175682,4740,0,1
175682,4740,71,1
175682,4740,15,1
175682,4740,2,3
175682,47457,0,1
175682,47457,71,5
175682,47457,72,2
175682,47905,70,2
175682,47905,0,1
175682,48092,27,2
175682,48092,15,1
175682,48092,70,1
175682,48336,71,7
175682,48336,70,3
175682,48336,0,5
175682,4865b,28,1
175682,4865b,72,6
175682,48729b,297,9
175682,48729b,70,8
175682,49307,25,1
175682,49307,3,6
175682,49307,71,1
175682,49612,27,1
175682,50254,0,6
175682,50340,71,2
175682,50340,323,3
175682,50340,72,3
175682,50340,4,1
175682,50950,0,1
175682,50950,70,1
175682,50967,0,2
175682,51239,308,3
175682,51266,47,2
175682,51739,272,1
175682,52107,4,2
175682,52107,0,1
175682,52107,28,2
175682,52501,72,2
175682,53119,15,1
175682,53451,14,2
175682,53451,4,2
175682,53451,297,2
175682,53923,320,3
175682,54200,14,2
175682,54200,4,6
175682,54200,0,2
175682,54200,72,1
175682,54200,71,5
175682,54200,70,5
175682,54383,71,1
175682,54657,71,2
175682,55013,72,1
175682,55236,2,2
175682,56823c50,0,1
175682,57360,72,1
175682,57895,15,1
175682,57895,52,6
175682,57895,47,3
175682,58176,2,2
175682,59349,272,1
175682,59443,0,2
175682,59443,70,4
175682,59900,40,1
175682,59900,10,2
175682,59900,19,4
175682,59900,46,1
175682,59900,70,2
175682,59900,71,2
175682,59900,297,1
175682,59900,0,1
175682,59900,4,3
175682,6003,3,3
175682,6003,72,2
175682,6003,19,1
175682,6003,70,1
175682,60470b,71,1
175682,60474,0,2
175682,60475b,72,1
175682,60475b,70,1
175682,60475b,84,4
175682,60475b,0,4
175682,60476,15,4
175682,60477,0,4
175682,60478,27,2
175682,60478,0,6
175682,60479,0,18
175682,60479,15,1
175682,60479,70,3
175682,60479,4,2
175682,60479,71,2
175682,60481,71,4
175682,60581,71,2
175682,60592,297,1
175682,60592,308,6
175682,60592,70,10
175682,60592,379,9
175682,60592,272,17
175682,60593,70,3
175682,60593,15,6
175682,60594,70,1
175682,60596,4,1
175682,60596,15,6
175682,60596,72,1
175682,60596,70,4
175682,60596,3,3
175682,6060,4,2
175682,6060,3,2
175682,60601,47,14
175682,60601,15,6
175682,60602,47,8
175682,60603,47,1
175682,60616b,47,4
175682,60616b,15,2
175682,60623,272,1
175682,60623,320,2
175682,60623,288,1
175682,6081,191,6
175682,60897,70,8
175682,60897,71,1
175682,60897,85,2
175682,6091,15,8
175682,6091,272,4
175682,6091,70,2
175682,6091,72,6
175682,6091,84,2
175682,6106,71,1
175682,6111,72,6
175682,6111,71,1
175682,6112,0,4
175682,61184,71,1
175682,61252,0,16
175682,61252,15,4
175682,61252,71,1
175682,6126b,182,2
175682,61332,0,39
175682,6140,0,2
175682,61408,0,1
175682,61409,72,2
175682,61409,71,8
175682,61409,0,8
175682,6141,45,6
175682,6141,322,6
175682,6141,46,2
175682,6141,182,3
175682,6141,0,11
175682,6141,71,5
175682,6141,15,2
175682,6141,70,1
175682,6141,297,10
175682,6141,1,1
175682,6141,47,3
175682,6141,35,3
175682,6141,4,5
175682,6141,25,1
175682,6141,72,10
175682,61482,71,1
175682,61485,0,2
175682,61510,71,1
175682,6155,72,1
175682,61780,72,1
175682,6179,71,1
175682,6180,71,5
175682,6180,0,1
175682,6180,72,1
175682,61800,379,2
175682,62113,70,1
175682,6231,71,4
175682,6231,0,1
175682,6231,72,3
175682,6231,70,5
175682,62361,71,2
175682,62462,4,2
175682,62462,19,1
175682,62462,71,1
175682,6266,70,2
175682,63864,272,4
175682,63864,3,7
175682,63864,84,1
175682,63864,4,1
175682,63864,322,1
175682,63864,14,2
175682,63864,191,1
175682,63864,308,11
175682,63864,326,2
175682,63864,10,1
175682,63864,71,5
175682,63864,0,3
175682,63864,15,8
175682,63864,72,3
175682,63868,0,7
175682,63868,71,3
175682,63868,308,1
175682,63868,72,6
175682,63868,70,2
175682,63965,70,1
175682,63965,28,1
175682,64567,308,1
175682,64567,297,3
175682,64644,0,1
175682,64644,19,1
175682,64644,297,1
175682,64644,70,2
175682,64647,41,1
175682,64799,71,1
175682,64799,72,1
175682,65092,1055,2
175682,65304,71,5
175682,65304,297,5
175682,65304,0,7
175682,6536,4,4
175682,6541,15,6
175682,6541,191,4
175682,6541,19,3
175682,6541,71,5
175682,65426,4,2
175682,65429,4,2
175682,65509,72,2
175682,6553,72,2
175682,65571,71,2
175682,65578,71,4
175682,65753,0,4
175682,6583,272,2
175682,6636,28,2
175682,6636,191,4
175682,6636,71,5
175682,6636,72,7
175682,6636,70,3
175682,6636,15,3
175682,6636,0,16
175682,6636,19,4
175682,6636,3,4
175682,66857,3,1
175682,66857,484,1
175682,67095,84,1
175682,67095,15,1
175682,67095,4,1
175682,67338,15,1
175682,67338,484,1
175682,67810,191,8
175682,68013,15,1
175682,68211,70,1
175682,68211,10,4
175682,68212,0,2
175682,68212,3,2
175682,68568,3,2
175682,68568,272,2
175682,69066,308,3
175682,69729,4,1
175682,69729,0,1
175682,70681,0,19
175682,70681,71,1
175682,70681,4,2
175682,71689,4,2
175682,71752,19,1
175682,72132,15,2
175682,73230,378,2
175682,73562,72,4
175682,73682,0,4
175682,73825,15,10
175682,73825,72,8
175682,73825,70,2
175682,73825,378,8
175682,73825,0,7
175682,73878,70,1
175682,73878,272,2
175682,75902,4,2
175682,75937,0,1
175682,76959,70,1
175682,76959,0,1
175682,77180,27,1
175682,77182,27,1
175682,77765,71,13
175682,77808,72,2
175682,77844,0,6
175682,77845,0,4
175682,77850,0,4
175682,78168,15,2
175682,78256,71,6
175682,78257,72,2
175682,78258,0,1
175682,78258,72,3
175682,78329,272,1
175682,78329,0,4
175682,78329,84,1
175682,78443,71,2
175682,78444,71,2
175682,79194,47,1
175682,79194,72,1
175682,79194,0,1
175682,79389,4,3
175682,79389,72,4
175682,79389,71,4
175682,79389,0,4
175682,79393,71,1
175682,79393,15,1
175682,79393,10,1
175682,79393,4,1
175682,79491,191,16
175682,79491,72,1
175682,79491,0,1
175682,79735,28,2
175682,79756,71,2
175682,79756,0,4
175682,79756,15,2
175682,79757,0,4
175682,79768,70,3
175682,79808,71,1
175682,79811,0,1
175682,79987,72,1
175682,80015,3,2
175682,80015,323,2
175682,80015,15,2
175682,80031,70,1
175682,80440,72,1
175682,80441pat0001,47,2
175682,80477,72,1
175682,80497,4,2
175682,80497,70,3
175682,80562,70,3
175682,80567,27,4
175682,80683,47,2
175682,80796,72,2
175682,85080,272,4
175682,85834,4,1
175682,85861,297,11
175682,85861,0,4
175682,85861,15,1
175682,85861,182,1
175682,85861,72,1
175682,85861,27,14
175682,85861,70,2
175682,85940,0,1
175682,85943,72,1
175682,85975,70,2
175682,85984,72,1
175682,85984,71,5
175682,85984,15,6
175682,85984,70,11
175682,85984,323,4
175682,86876,15,7
175682,86996,15,17
175682,87079,378,2
175682,87079,15,3
175682,87079,3,4
175682,87079,4,4
175682,87079,70,4
175682,87079,84,2
175682,87079,71,10
175682,87079,72,8
175682,87079,191,2
175682,87079,272,2
175682,87079,323,3
175682,87079,0,1
175682,87083,72,3
175682,87087,70,5
175682,87087,4,2
175682,87087,272,3
175682,87087,84,2
175682,87087,72,5
175682,87087,484,1
175682,87087,71,5
175682,87544,70,2
175682,87552,71,2
175682,87580,28,2
175682,87580,484,2
175682,87580,0,11
175682,87580,41,1
175682,87580,70,2
175682,87580,297,1
175682,87580,71,1
175682,87620,72,1
175682,87693,15,1
175682,87747,27,2
175682,87994,0,7
175682,87994,15,1
175682,87994,70,1
175682,88072,72,24
175682,88072,71,2
175682,88072,0,4
175682,88292,72,8
175682,88292,70,3
175682,88646,0,1
175682,88646,71,1
175682,88704,4,2
175682,89522,297,1
175682,89678,72,10
175682,89678,4,2
175682,89679,15,1
175682,90195,72,1
175682,90258,484,2
175682,90258,72,4
175682,90370,0,2
175682,90398,320,1
175682,90398pr9998,272,1
175682,90398pr9999,0,1
175682,90540,72,1
175682,90540,297,1
175682,91176,70,4
175682,91988,71,3
175682,91988,72,2
175682,92099,28,1
175682,92107,15,2
175682,92107,28,1
175682,92584,70,1
175682,92589,1103,1
175682,92690,297,1
175682,92690,71,2
175682,92690,1103,2
175682,92692,70,2
175682,92947,71,1
175682,92950,70,2
175682,92950,72,3
175682,93061,0,2
175682,93095,70,3
175682,93096,0,4
175682,93274,72,2
175682,93609,0,2
175682,95347,4,2
175682,96874,25,1
175682,98100,3,2
175682,98138,34,1
175682,98138,15,2
175682,98138,41,1
175682,98138,27,3
175682,98138,72,9
175682,98138,25,1
175682,98138,70,12
175682,98138,191,1
175682,98138,322,1
175682,98138,0,16
175682,98138,36,1
175682,98138,4,1
175682,98138,308,2
175682,98138pr0107,0,2
175682,98138pr0121,19,1
175682,98138pr0274,0,3
175682,98138pr0283,297,2
175682,98283,71,7
175682,98283,72,5
175682,98283,19,1
175682,98313,70,2
175682,98367,0,2
175682,99021,72,1
175682,99206,70,1
175682,99206,72,2
175682,99206,19,2
175682,99206,15,9
175682,99207,70,3
175682,99207,19,5
175682,99207,0,1
175682,99207,71,11
175682,99207,15,1
175682,99563,4,4
175682,99563,19,4
175682,99563,15,6
175682,99563,71,28
175682,99563,484,1
175682,99563,0,42
175682,99563,72,6
175682,99563,70,52
175682,99563,378,2
175682,99563,297,22
175682,99563,3,2
175682,99780,378,2
175682,99780,72,1
175682,99780,15,1
175682,99780,0,1
175682,99780,4,5
175682,99780,272,1
175682,99780,2,2
175682,99781,0,1
175682,99781,72,2
175682,99781,4,4
175682,99781,70,6
175896,3626bpr0190,15,1
175896,48724,71,1
175896,6260,15,1
175896,6265,15,2
175896,6266,15,2
175977,30361c,27,2
175977,30367b,27,2
175977,43093,1,2
175977,57539pat0002,47,2
175977,74699,0,2
175977,85959pat0004,34,2
175977,90609,0,4
175977,90611,27,1
175977,90612,0,1
175977,90617,27,2
175977,90617,72,2
175977,90625,0,1
175977,90634,0,1
175977,90641,0,3
175977,90641,42,6
175977,90650,0,2
175977,93571,72,2
175977,93571,57,1
175977,98570pat0001,15,1
175977,98571,0,2
175977,98579,27,1
176040,2335,15,1
176040,30089b,0,1
176040,87994,15,1
176135,30153,33,1
176135,3069bpr0100,2,1
176135,92585,4,1
176168,2432,4,1
176168,30157,4,3
176168,3022,71,1
176168,3023,4,1
176168,3034,71,1
176168,30375,72,1
176168,3829c01,15,1
176168,42610,71,6
176168,43898,15,1
176168,4740,33,1
176168,4854,15,1
176168,51011,0,6
176168,6117,72,1
176168,61409,72,2
176168,87618,71,1
176168,87754,15,1
176168,88072,71,1
176168,89159,82,1
176168,98313,72,2
176286,21459,297,1
176286,23860,41,1
176286,64567,297,1
176286,85861,297,1
176286,87994,297,1
176286,92690,297,1
176286,98138,1053,2
176297,25379,179,1
176297,3626cpr0412,179,1
176297,41162,297,1
176297,970c27pr9746,15,1
176297,973c21h03pr0004,15,1
176384,10105705,9999,1
176384,10928,72,7
176384,11090,0,10
176384,11153,0,2
176384,11203,72,19
176384,11203,0,2
176384,11211,0,12
176384,11211,71,7
176384,11211,72,2
176384,11212,72,2
176384,11214,72,4
176384,11215,0,5
176384,11253,179,4
176384,1126,19,1
176384,11476,0,3
176384,11477,0,22
176384,11833,0,1
176384,13547,0,2
176384,13548,72,7
176384,13731,0,2
176384,14395,72,12
176384,14718,72,2
176384,14719,0,2
176384,14719,72,2
176384,14769,14,5
176384,14769,0,4
176384,15068,19,1
176384,15068,0,9
176384,15207,72,4
176384,15397,19,2
176384,15462,70,1
176384,15533,71,31
176384,15535,0,1
176384,15571,0,2
176384,15573,71,1
176384,15672,14,2
176384,15672,0,4
176384,16091,71,2
176384,16577,72,3
176384,17485,71,6
176384,17485,4,1
176384,18649,0,2
176384,18651,0,1
176384,18653,72,2
176384,18654,4,1
176384,18674,0,3
176384,18677,0,2
176384,1927,0,9
176384,1927,72,4
176384,22885,0,21
176384,22885,71,16
176384,22885,14,4
176384,2310,71,2
176384,2357,72,53
176384,2357,0,48
176384,2357,14,6
176384,2357,71,2
176384,23948,71,1
176384,23986,15,1
176384,24122,72,2
176384,2412b,179,38
176384,2420,14,2
176384,2420,0,13
176384,2420,72,22
176384,24201,0,6
176384,24201,72,10
176384,24299,0,2
176384,24299,72,1
176384,24307,0,3
176384,24307,72,2
176384,2431,72,33
176384,2431,0,4
176384,24316,70,16
176384,2445,72,7
176384,2445,0,8
176384,2449,0,14
176384,2449,72,31
176384,2450,0,2
176384,2450,72,3
176384,2454b,0,8
176384,2456,72,1
176384,2456,0,32
176384,2462,0,2
176384,2465,72,12
176384,2465,0,9
176384,25269,0,2
176384,2540,0,3
176384,2540,14,1
176384,26047,0,8
176384,2639,28,2
176384,2653,0,2
176384,2654,71,1
176384,26601,72,14
176384,26601,0,6
176384,26603,72,4
176384,26603,0,4
176384,27150,0,1
176384,27261,72,17
176384,27263,0,4
176384,2730,72,2
176384,27925,1,2
176384,27925,0,6
176384,28621,41,1
176384,28802,72,2
176384,29119,0,2
176384,29120,0,2
176384,3001,72,28
176384,3001,0,41
176384,3002,72,14
176384,3002,0,11
176384,3003,72,21
176384,3003,0,2
176384,3003,19,1
176384,3004,14,8
176384,3004,0,74
176384,3004,72,68
176384,3005,71,6
176384,3005,0,38
176384,3005,14,6
176384,3005,72,67
176384,3006,0,5
176384,3007,72,5
176384,3007,0,44
176384,3008,72,14
176384,3008,0,7
176384,3009,14,4
176384,3009,0,22
176384,3009,72,50
176384,30099,72,4
176384,3010,0,46
176384,3010,72,29
176384,30103,0,10
176384,30136,19,6
176384,30136,0,2
176384,30136,72,4
176384,30136,15,18
176384,30162,71,2
176384,30192,72,1
176384,3020,71,2
176384,3020,72,8
176384,3020,14,1
176384,3020,0,6
176384,3021,71,2
176384,3021,14,1
176384,3021,0,12
176384,3022,191,5
176384,3022,0,43
176384,3022,72,1
176384,3023,0,95
176384,3023,46,23
176384,3023,14,4
176384,3023,72,65
176384,3023,4,1
176384,30236,72,1
176384,30236,0,2
176384,30237b,71,9
176384,3024,72,13
176384,3024,0,53
176384,3024,14,3
176384,3024,15,2
176384,3029,72,11
176384,3030,0,1
176384,3030,72,18
176384,3031,0,2
176384,3031,72,6
176384,3032,72,2
176384,3033,72,2
176384,3034,72,3
176384,3034,14,1
176384,3034,0,24
176384,3035,72,5
176384,3035,71,1
176384,3035,0,1
176384,3036,72,1
176384,3036,0,7
176384,30363,0,1
176384,30374,0,1
176384,3039,72,4
176384,3040b,0,22
176384,3040b,72,54
176384,30414,72,7
176384,30414,14,9
176384,3044c,72,1
176384,3046a,72,22
176384,30503,72,11
176384,30503,0,4
176384,30505,0,4
176384,30565,72,4
176384,3068b,72,1
176384,3068b,19,9
176384,3068b,4,1
176384,3068b,0,19
176384,3069b,40,2
176384,3069b,0,6
176384,3069b,46,12
176384,3069b,19,1
176384,3069b,72,7
176384,3070b,72,6
176384,3070b,19,2
176384,3070b,0,18
176384,3176,72,2
176384,3176,0,1
176384,32000,72,2
176384,32000,71,8
176384,32000,0,12
176384,32028,15,2
176384,32028,0,2
176384,32028,179,2
176384,32028,71,2
176384,32034,71,2
176384,32062,4,2
176384,32064a,71,2
176384,32073,71,1
176384,32123b,71,2
176384,32123b,14,2
176384,32270,0,3
176384,32278,72,4
176384,32316,71,2
176384,3245c,72,17
176384,3245c,0,1
176384,32531,0,7
176384,32802,72,2
176384,32828,71,2
176384,32952,0,8
176384,32952,72,4
176384,3298,72,3
176384,3298,0,1
176384,33909,19,4
176384,33909,72,10
176384,33909,28,2
176384,33909,0,6
176384,3456,0,1
176384,3460,0,38
176384,3460,71,10
176384,3460,72,6
176384,3460,4,6
176384,35186,0,2
176384,35480,0,6
176384,35578,0,2
176384,3622,72,23
176384,3622,0,28
176384,3622,14,1
176384,3623,19,4
176384,3623,0,19
176384,3623,72,39
176384,3659,0,2
176384,3660,72,6
176384,3665,72,20
176384,3665,0,10
176384,3665,71,6
176384,3666,72,10
176384,3666,0,10
176384,3666,71,3
176384,3666,28,5
176384,3676,72,2
176384,3678b,72,2
176384,3679,71,1
176384,3680,0,1
176384,36840,71,4
176384,36840,0,2
176384,36841,71,4
176384,36841,0,6
176384,3685,72,6
176384,3700,0,26
176384,3700,14,6
176384,3700,71,4
176384,3701,71,1
176384,3701,0,1
176384,3701,72,2
176384,3702,0,2
176384,3703,0,7
176384,3705,4,1
176384,3706,4,2
176384,3706,0,1
176384,3707,0,1
176384,3710,72,19
176384,3710,19,1
176384,3710,14,6
176384,3710,0,31
176384,3743,15,5
176384,3747b,72,2
176384,3749,19,5
176384,3749,1103,2
176384,37762,179,2
176384,3795,14,3
176384,3795,72,7
176384,3795,0,2
176384,3795,71,1
176384,38014,15,2
176384,3829c01,71,1
176384,3830,0,6
176384,3831,72,3
176384,3831,0,3
176384,3832,0,1
176384,3832,15,4
176384,3832,72,8
176384,3878,0,1
176384,3895,0,1
176384,3937,72,2
176384,3941,14,4
176384,3941,0,11
176384,3942c,72,3
176384,4032a,72,4
176384,4070,72,14
176384,4070,0,12
176384,4070,71,2
176384,4079b,0,1
176384,4081b,72,1
176384,4151b,72,4
176384,4151b,0,16
176384,41539,72,1
176384,4162,72,11
176384,4162,0,36
176384,4162,14,8
176384,41682,0,6
176384,41740,0,11
176384,41740,72,1
176384,41769,72,1
176384,41770,72,5
176384,4217,0,1
176384,4274,15,13
176384,4278,0,1
176384,4282,72,5
176384,4282,0,3
176384,4286,0,4
176384,4286,72,11
176384,4287c,0,16
176384,42924,1,14
176384,43093,1,15
176384,43710,72,5
176384,43711,72,5
176384,43722,72,7
176384,43722,0,2
176384,43723,72,8
176384,43723,0,2
176384,4460b,72,21
176384,4460b,0,2
176384,44709,0,1
176384,44728,0,2
176384,44728,2,18
176384,44728,72,12
176384,44728,14,2
176384,44728,19,1
176384,4476b,1103,9
176384,4477,14,4
176384,4477,0,11
176384,4477,72,6
176384,44861,0,2
176384,44865,0,16
176384,4510,15,3
176384,4519,14,4
176384,4533,72,2
176384,45590,0,3
176384,4742,72,1
176384,47457,72,3
176384,47457,19,9
176384,47753,0,1
176384,48092,72,6
176384,48336,72,2
176384,4865b,0,1
176384,48729b,0,14
176384,50745,0,1
176384,50950,0,4
176384,50967,0,8
176384,51739,72,4
176384,54200,71,2
176384,54200,0,8
176384,54200,72,88
176384,54383,71,1
176384,54384,72,2
176384,54384,71,1
176384,55982,0,4
176384,58090,0,2
176384,59349,72,4
176384,59349,0,5
176384,59443,4,2
176384,59900,72,18
176384,6003,72,4
176384,60169,72,2
176384,6020,0,5
176384,604547,0,1
176384,604548,0,1
176384,604549,0,1
176384,604550,0,1
176384,604551,0,1
176384,604552,0,1
176384,604553,0,1
176384,604614,0,1
176384,604615,0,1
176384,60470b,0,5
176384,60475b,71,4
176384,60477,72,4
176384,60477,0,2
176384,60478,0,2
176384,60479,72,6
176384,60481,72,16
176384,60481,0,12
176384,6083,72,2
176384,60897,71,2
176384,6091,72,4
176384,6111,72,25
176384,6112,0,5
176384,61252,72,2
176384,61332,0,36
176384,6134,0,2
176384,61409,0,10
176384,6141,46,16
176384,6141,179,29
176384,62113,0,1
176384,6233,72,1
176384,62930,47,1
176384,63864,0,12
176384,63965,0,5
176384,64648,179,1
176384,64799,0,1
176384,64867,72,2
176384,6541,0,14
176384,6541,72,14
176384,6553,72,2
176384,65734,0,2
176384,6585,0,2
176384,6589,19,4
176384,6636,0,3
176384,6636,72,2
176384,66727,0,1
176384,66956,0,1
176384,67440,0,4
176384,68297,0,2
176384,69729,0,29
176384,71752,0,3
176384,72132,72,2
176384,73230,71,2
176384,73230,72,22
176384,73230,378,4
176384,73825,71,18
176384,76766,71,1
176384,76959,0,6
176384,78258,0,7
176384,78329,0,1
176384,78443,0,1
176384,78444,0,1
176384,78666,0,4
176384,79491,72,8
176384,81911,40,1
176384,85861,72,52
176384,85959pat0003,36,1
176384,85984,72,5
176384,85984,0,5
176384,85984,71,4
176384,86996,484,4
176384,86996,0,6
176384,87079,72,2
176384,87079,0,4
176384,87083,72,3
176384,87087,72,10
176384,87087,71,1
176384,87544,40,2
176384,87620,72,4
176384,87994,0,1
176384,88292,72,17
176384,88704,0,1
176384,88930,0,1
176384,89522,179,56
176384,89678,72,2
176384,90498,0,3
176384,91988,72,4
176384,91988,71,1
176384,91988,0,2
176384,92410,71,2
176384,92950,72,1
176384,93095,0,1
176384,93273,0,1
176384,94925,71,2
176384,95347,1103,8
176384,96874,25,1
176384,98138,36,5
176384,98138,0,14
176384,98138,46,2
176384,98138,71,2
176384,98283,71,20
176384,98560,72,4
176384,98721,0,4
176384,99206,72,2
176384,99206,0,8
176384,99207,14,2
176384,99207,0,14
176384,99563,72,6
176384,99563,1103,10
176384,99563,0,7
176384,99780,0,23
176384,99781,14,1
176384,99781,0,6
176395,11477,15,2
176395,17485,71,4
176395,20482,72,4
176395,2654,46,2
176395,3004,71,1
176395,3023,71,1
176395,30367c,15,2
176395,3069b,40,1
176395,3069b,15,2
176395,32828,71,1
176395,3460,72,1
176395,3623,72,2
176395,3623,14,2
176395,4032a,72,8
176395,41740,72,1
176395,4595,71,1
176395,52107,14,1
176395,52107,15,1
176395,78258,0,2
176395,85861,71,9
176395,87994,71,8
176395,89678,72,4
176399,10288,308,2
176399,11957,0,4
176399,2736,71,4
176399,32002,72,6
176399,32005a,72,2
176399,32140,71,4
176399,32293,0,2
176399,32523,71,4
176399,32524,71,12
176399,32525,71,2
176399,32526,71,4
176399,40490,71,2
176399,41239,71,8
176399,41677,71,4
176399,44309,0,2
176399,48989,71,2
176399,50163,71,1
176399,53992,0,6
176399,55615,71,2
176399,55976,0,2
176399,56145,71,4
176399,60483,0,2
176399,6177b,71,2
176399,61903,71,2
176399,64178,71,2
176399,64179,71,1
176399,64781,0,1
176399,65098,0,2
176399,6573,72,1
176399,6575,72,4
176399,6589,19,2
176399,6628,0,4
176399,6632,71,2
176399,88517,71,4
176524,2346,0,2
176524,2431,1,2
176524,2444,1,4
176524,2588,21,1
176524,2654,0,2
176524,2780,0,12
176524,2815,0,2
176524,2825,71,2
176524,2854,72,2
176524,2982c01,1,1
176524,2983,71,2
176524,3001,4,2
176524,3004,4,4
176524,3023,1,6
176524,3040b,4,4
176524,3068b,4,1
176524,3068b,14,1
176524,3068b,15,1
176524,3068b,1,1
176524,3069b,15,1
176524,3069b,4,1
176524,3069b,1,1
176524,3069b,14,1
176524,32002,72,8
176524,32013,1,2
176524,32017,71,8
176524,32028,71,4
176524,32039,71,2
176524,32062,0,4
176524,32064a,2,4
176524,32073,71,2
176524,32123b,71,8
176524,32124,1,2
176524,32125,1,2
176524,3460,1,2
176524,3482,14,10
176524,3483,0,2
176524,3634,0,2
176524,3647,71,3
176524,3648b,71,2
176524,3649,71,1
176524,3650c,71,2
176524,3673,71,12
176524,3700,4,4
176524,3701,4,4
176524,3702,4,4
176524,3703,4,2
176524,3705,0,2
176524,3706,0,2
176524,3707,0,2
176524,3708,0,2
176524,3709,1,4
176524,3710,1,2
176524,3713,71,20
176524,3737,0,3
176524,3738,1,4
176524,3743,71,4
176524,3749,19,8
176524,3794a,1,4
176524,3795,1,2
176524,3857,2,1
176524,3894,4,4
176524,3895,4,4
176524,3941,4,2
176524,3956,1,2
176524,4019,71,2
176524,4032a,15,2
176524,4032a,0,2
176524,4185,71,2
176524,4274,71,4
176524,43362c01,71,2
176524,4444pr0008,0,1
176524,4477,1,4
176524,4519,71,2
176524,4716,0,2
176524,5306bc011,0,2
176524,5306bc017,0,2
176524,5306bc033,0,2
176524,6035,15,1
176524,6536,71,3
176524,6538b,71,2
176524,6553,71,2
176524,6575,72,2
176524,6587,72,2
176524,6588,14,1
176524,6589,71,4
176524,6632,71,2
176524,71082,47,1
176524,71509,0,4
176524,85543,15,2
176524,85545,1,1
176524,879,71,2
176524,997251,47,1
176524,upn0032,0,1
176539,2527,6,2
176539,3062b,0,12
176539,4600,0,4
176539,4624,7,8
176539,84943,8,2
176543,11090,0,6
176543,11215,0,1
176543,11476,71,2
176543,13349,0,1
176543,14417,72,6
176543,14704,71,6
176543,15672,72,2
176543,1762,0,4
176543,18654,179,1
176543,2412b,0,4
176543,24201,0,2
176543,2540,0,2
176543,2654,72,1
176543,27167,0,1
176543,28192,0,8
176543,3005,0,2
176543,3022,72,4
176543,3023,320,11
176543,30374,36,1
176543,30602,0,2
176543,3068bpr0690,0,1
176543,3172,71,1
176543,3536,71,1
176543,3623,0,4
176543,3627,36,1
176543,3665,0,2
176543,41682,72,2
176543,41740,0,2
176543,4304,0,8
176543,4740,0,2
176543,47456,0,2
176543,47458,0,2
176543,54200,0,8
176543,61409,72,2
176543,63868,0,2
176543,64567,80,1
176543,65304,179,1
176543,78329,0,4
176543,79846,72,4
176543,85861,72,12
176543,87580,320,1
176543,93095,0,1
176543,99781,71,2
176544,11090,71,6
176544,11215,0,1
176544,11477,191,1
176544,11610,71,1
176544,11610,0,1
176544,14417,72,6
176544,14704,71,6
176544,15068,320,2
176544,15068,379,2
176544,15535,72,2
176544,15672,72,2
176544,15712,0,1
176544,17485,191,2
176544,18654,0,1
176544,2412b,320,1
176544,2420,378,4
176544,24201,71,2
176544,24246,320,1
176544,2540,72,2
176544,27167,288,1
176544,2817,71,1
176544,28192,71,2
176544,28192,70,1
176544,2877,379,2
176544,3004,288,1
176544,3020,72,2
176544,3022,0,3
176544,3023,70,5
176544,3023,379,9
176544,3062b,272,4
176544,3068bpr0693,288,1
176544,3172,71,1
176544,32062,4,1
176544,32124,0,2
176544,33492,71,2
176544,3536,71,1
176544,3623,71,2
176544,3710,0,1
176544,41682,191,1
176544,41682,72,2
176544,41740,71,2
176544,4304,72,2
176544,44728,272,1
176544,47457,71,2
176544,49668,71,4
176544,54200,288,2
176544,54200,191,1
176544,59900,320,1
176544,60470b,191,2
176544,60475b,70,2
176544,61184,71,3
176544,61332,0,2
176544,61409,378,2
176544,6141,36,3
176544,63868,72,2
176544,64567,0,1
176544,64644,0,1
176544,65304,0,1
176544,66956,71,2
176544,67810,191,2
176544,69754,1103,1
176544,69755,72,1
176544,73109,71,2
176544,77845,71,2
176544,79846,72,4
176544,85861,70,3
176544,85984,71,2
176544,87580,288,1
176544,93095,0,1
176544,93273,70,1
176544,95199,0,1
176544,99780,70,1
176544,99781,70,2
176545,11090,0,6
176545,11215,0,1
176545,11610,0,1
176545,14417,72,6
176545,14704,71,6
176545,15672,71,2
176545,15712,0,1
176545,17485,15,4
176545,18654,0,1
176545,2412b,71,2
176545,24201,0,2
176545,2540,71,2
176545,26601,0,2
176545,27167,15,1
176545,27263,15,2
176545,28192,15,2
176545,28192,0,2
176545,3021,15,2
176545,3021,0,2
176545,3022,0,8
176545,3023,72,1
176545,3068bpr0694,15,1
176545,3172,71,1
176545,32062,4,1
176545,32124,0,2
176545,3536,71,1
176545,35480,0,7
176545,36841,0,1
176545,3710,0,1
176545,4032a,0,2
176545,41682,15,2
176545,41740,15,2
176545,4304,15,4
176545,49307,71,2
176545,58247,0,1
176545,60475b,15,2
176545,61332,0,2
176545,61409,15,4
176545,6141,36,3
176545,63868,15,2
176545,64644,0,1
176545,65304,0,1
176545,66857,15,4
176545,68013,15,4
176545,69754,1103,1
176545,69755,72,1
176545,78329,0,4
176545,79846,15,4
176545,85861,0,3
176545,85861,71,4
176545,87580,71,1
176545,93095,0,1
176545,98100,15,4
176545,98138,15,2
176545,99781,71,2
176575,100954pr0005,27,1
176575,102287pr0001,1062,1
176575,102287pr0002,1062,1
176575,102287pr0003,1062,1
176575,14721,27,1
176575,22881,27,2
176575,23927,70,1
176575,24911c03,15,1
176575,3011,41,1
176575,31070,70,1
176575,31165,25,1
176575,3437,72,3
176575,3437,84,1
176575,3437pr0175,47,1
176575,34534pr0001,31,1
176575,35735,226,1
176575,51703,182,1
176575,6510,27,2
176575,65870,71,1
176575,70676,71,1
176575,70676,321,1
176575,73564pr0001,323,1
176575,75266,15,1
176575,75675,14,1
176575,76371,84,1
176575,76371,41,2
176575,76371pr0216,15,1
176575,84195,4,1
176575,84195,29,1
176575,87084,71,2
176575,98218,322,1
176630,18980,2,2
176630,22888,0,2
176630,2412b,484,4
176630,2431,41,2
176630,26603,2,2
176630,3020,484,4
176630,3021,484,3
176630,3023,484,2
176630,3023,14,2
176630,3069b,2,1
176630,3069b,41,2
176630,3070b,41,2
176630,32952,4,2
176630,3460,0,1
176630,37762,15,4
176630,85861,70,4
176630,87087,484,4
176630,98283,484,2
176635,11476,4,2
176635,11477,4,4
176635,11477,0,7
176635,15068,0,1
176635,15070,272,4
176635,15573,320,3
176635,18677,4,2
176635,2420,4,2
176635,24299,1,1
176635,24307,1,1
176635,28192,320,2
176635,3020,0,1
176635,3022,72,2
176635,3024,0,6
176635,30383,72,2
176635,3700,4,3
176635,3710,4,1
176635,47905,4,1
176635,49668,4,4
176635,50950,4,1
176635,52107,0,1
176635,54200,4,2
176635,54657,72,2
176635,60476,0,2
176635,60478,1,5
176635,60897,0,2
176635,61332,0,2
176635,6141,14,2
176635,99207,4,1
176635,99780,0,2
176765,36752a,28,1
176803,11211,0,3
176803,11211,70,6
176803,11211,15,3
176803,14769pr1249,297,1
176803,15254,15,2
176803,15573,72,1
176803,3003,15,3
176803,3003,484,8
176803,3003,70,1
176803,3004,484,2
176803,3004,72,1
176803,30044,15,1
176803,30046,297,1
176803,3005,15,4
176803,3009,484,3
176803,3009,70,1
176803,3010,484,3
176803,3020,70,4
176803,3022,84,1
176803,3023,72,3
176803,30374,19,1
176803,3068b,84,5
176803,3069b,84,2
176803,3069b,72,1
176803,32530,72,1
176803,34172,15,2
176803,34173,179,1
176803,3710,70,1
176803,41539,0,1
176803,59900,70,1
176803,6182,15,1
176803,63864,484,2
176803,64225,82,1
176803,69729pr0007,19,1
176803,85861,72,9
176803,87079,484,2
176803,98138,10,1
176803,98138,2,7
176803,98138,19,3
176803,98138,158,2
176803,98138,1050,2
176803,98138,4,7
176803,98283,15,8
176804,11211,0,1
176804,11253,179,2
176804,11476,0,4
176804,13564,0,1
176804,14417,72,2
176804,14704,71,2
176804,14716,0,8
176804,14769pr1174,297,1
176804,15068,272,4
176804,15279,10,1
176804,15395,15,2
176804,15535,0,2
176804,15573,70,3
176804,15706,0,4
176804,15712,297,15
176804,18976,0,1
176804,18980,19,4
176804,20482,15,2
176804,21459,297,2
176804,22888,19,1
176804,24093,70,1
176804,24122,28,1
176804,2417,10,1
176804,24324,70,1
176804,2450,19,2
176804,25975pr0002,15,1
176804,2654,47,1
176804,3004,272,5
176804,3008,0,3
176804,30136,0,1
176804,3022,19,1
176804,3022,70,3
176804,3023,72,2
176804,30237b,0,1
176804,3035,19,6
176804,30374,19,1
176804,3062b,272,6
176804,3062b,4,2
176804,3069b,19,1
176804,3069b,272,2
176804,3184,0,1
176804,3460,0,1
176804,36017,297,2
176804,3665,0,8
176804,36840,84,2
176804,3707,4,1
176804,3710,0,1
176804,37341a,10,2
176804,37341b,10,2
176804,37341c,10,2
176804,37341d,10,2
176804,37341e,10,2
176804,3749,19,1
176804,3941,4,3
176804,3942c,15,2
176804,40144,72,1
176804,40145,0,1
176804,40379,0,1
176804,4081b,0,2
176804,41740,272,6
176804,4286,272,4
176804,4740,129,2
176804,4865b,28,1
176804,49153,0,1
176804,50663pat0009,297,1
176804,53451,0,1
176804,53454,179,1
176804,54200,272,4
176804,57894,0,3
176804,57895,15,3
176804,59443,4,1
176804,59895,0,1
176804,60470b,84,2
176804,60475b,0,2
176804,60477,0,2
176804,60478,70,4
176804,60479,0,1
176804,60481,0,10
176804,60897,70,2
176804,6091,0,2
176804,6141,2,2
176804,61780,70,1
176804,62462,0,1
176804,63965,297,2
176804,64567,0,7
176804,64567,297,6
176804,66909,19,1
176804,69729,0,2
176804,79194,47,2
176804,79482,9999,1
176804,85861,297,9
176804,85984,28,1
176804,85984,70,1
176804,87617,4,8
176804,87994,70,1
176804,87994,297,4
176804,88072,0,6
176804,92338,179,1
176804,92690,1103,1
176804,92691,15,1
176804,92950,0,4
176804,93273,272,2
176804,99563,297,1
176909,10104462,9999,1
176909,10202,0,6
176909,10928,72,2
176909,11153,14,2
176909,11153,0,2
176909,11203,0,2
176909,11211,0,3
176909,11212,0,2
176909,11214,72,4
176909,11215,0,6
176909,11477,4,4
176909,11477,25,4
176909,11477,1,8
176909,14417,72,1
176909,14696,0,66
176909,14718,0,12
176909,14719,14,2
176909,14719pr0001,1,14
176909,14769pr1269,15,4
176909,15068,14,4
176909,15068,1,1
176909,15068,0,2
176909,15207,0,6
176909,15462,70,1
176909,15535,15,2
176909,15535,0,2
176909,15573,1,4
176909,15672,71,2
176909,15712,0,2
176909,16091,71,1
176909,18651,0,2
176909,18654,0,7
176909,18654,80,2
176909,18654,71,11
176909,18674,0,1
176909,18674,71,1
176909,22484,72,2
176909,22885,71,8
176909,22961,71,1
176909,22961,72,2
176909,2357,14,2
176909,2357,0,9
176909,2420,0,2
176909,2420,14,6
176909,24201,14,2
176909,2431,25,1
176909,2431,14,4
176909,2431,0,7
176909,2432,1,1
176909,2445,0,2
176909,2445,72,4
176909,24482,212,1
176909,2449,0,2
176909,2456,14,2
176909,2465,71,1
176909,25269,4,6
176909,25269,1,12
176909,25269,25,6
176909,2654,15,2
176909,2654,0,1
176909,26601,0,2
176909,26603,14,3
176909,26603,0,4
176909,26603pr0114,1,2
176909,26604,15,2
176909,26604,0,2
176909,2723,0,1
176909,27263,322,6
176909,27263,14,2
176909,2736,71,1
176909,2825,0,2
176909,28621,47,1
176909,2937,14,2
176909,3001,0,1
176909,3001,4,3
176909,3001,14,11
176909,3002,0,7
176909,3002,14,8
176909,3003,15,1
176909,3003,0,4
176909,3003,14,11
176909,3003,72,2
176909,3004,322,4
176909,3004,14,22
176909,3004,0,29
176909,3004,1,2
176909,3004,25,2
176909,3005,71,2
176909,3005,0,26
176909,3005,14,22
176909,3006,0,1
176909,3007,71,2
176909,3007,14,2
176909,3008,0,10
176909,3008,1,2
176909,3009,0,10
176909,3009,4,4
176909,3010,14,18
176909,3010,0,20
176909,3020,71,3
176909,3020,19,3
176909,3020,14,2
176909,3020,0,18
176909,3021,14,4
176909,3021,72,4
176909,3021,0,14
176909,3022,15,2
176909,3022,0,5
176909,3022,29,2
176909,3022,71,6
176909,3022,19,1
176909,3022,14,11
176909,3022,72,12
176909,3023,0,48
176909,3023,1,1
176909,3023,25,1
176909,3023,14,52
176909,3023,4,26
176909,3024,1,4
176909,3024,0,12
176909,3024,322,3
176909,3024,25,3
176909,3024,272,3
176909,3024,4,3
176909,3024,14,6
176909,3024,71,2
176909,30249,0,2
176909,3027,0,4
176909,3028,0,4
176909,3028,72,1
176909,3029,0,1
176909,3032,72,2
176909,3034,71,1
176909,3034,0,3
176909,3034,72,6
176909,3035,0,2
176909,3035,71,2
176909,3036,72,2
176909,30363,0,2
176909,30374,19,66
176909,3039,0,2
176909,30414,71,4
176909,30414,72,2
176909,30505,0,4
176909,3062b,4,4
176909,3068b,0,9
176909,3068b,14,1
176909,3068b,72,9
176909,3068bpr0684,1,2
176909,3069b,0,10
176909,3069b,14,4
176909,3069b,272,13
176909,3069b,15,1
176909,3069b,1,2
176909,3069bpr0382,1,68
176909,3070b,272,8
176909,3070b,0,4
176909,3070b,14,4
176909,3070bpr0298,0,1
176909,3176,0,3
176909,3184,0,1
176909,32000,71,24
176909,32005a,72,1
176909,32034,71,1
176909,32062,0,3
176909,32062,4,2
176909,32063,0,4
176909,32064a,2,4
176909,32064a,14,3
176909,32073,71,2
176909,32123b,14,7
176909,32124,0,10
176909,32140,0,2
176909,32192,0,1
176909,32316,0,4
176909,32449,4,1
176909,32449,0,1
176909,3245c,0,8
176909,32474,15,1
176909,3249,0,4
176909,32523,0,13
176909,32530,0,4
176909,32555,0,4
176909,32828,0,2
176909,32952,0,8
176909,3386,0,2
176909,33909,0,2
176909,33909,272,1
176909,33909,15,1
176909,34103,25,1
176909,34103,4,1
176909,3460,14,10
176909,3460,322,3
176909,3460,0,31
176909,35185,1,1
176909,35480,71,2
176909,35480,0,37
176909,35787,3,6
176909,35787,4,4
176909,3622,0,38
176909,3622,14,10
176909,3623,0,20
176909,3623,322,1
176909,3623,14,6
176909,3648b,72,2
176909,3649,71,3
176909,3660,72,11
176909,3666,71,2
176909,3666,1,1
176909,3666,0,2
176909,3666,72,8
176909,3666,322,2
176909,3673,14,1
176909,3673,71,1
176909,3700,1,4
176909,3700,0,6
176909,3700,71,4
176909,3701,71,1
176909,3702,14,3
176909,3703,0,2
176909,3705,4,4
176909,3706,0,1
176909,3707,4,1
176909,3709,72,2
176909,3710,4,3
176909,3710,71,5
176909,3710,14,2
176909,3710,0,8
176909,3713,4,3
176909,3713,0,1
176909,3743,71,1
176909,3749,19,5
176909,3795,14,5
176909,3795,1,3
176909,3795,25,1
176909,3795,4,4
176909,3795,71,4
176909,3832,1,4
176909,3895,71,2
176909,39369,0,2
176909,3937,1,3
176909,39888,19,4
176909,4032a,15,2
176909,4032a,4,3
176909,4032a,25,3
176909,4032a,0,5
176909,4032a,1,8
176909,4070,4,1
176909,4070,72,2
176909,4070,19,4
176909,41239,14,2
176909,41539,0,3
176909,4162,14,2
176909,4162,0,18
176909,4162,72,2
176909,41682,0,6
176909,41682,2,4
176909,41740,1,6
176909,42003,14,1
176909,42610,0,3
176909,4282,71,6
176909,4282,19,2
176909,4282,0,5
176909,42924,1,20
176909,43093,1,2
176909,43857,0,17
176909,4460b,0,6
176909,4460b,14,6
176909,44728,4,4
176909,4477,1,2
176909,4477,0,5
176909,4515pr0006,15,1
176909,4515pr0007,15,1
176909,4515pr0008,15,1
176909,4519,71,1
176909,45590,0,5
176909,4740,4,1
176909,4871,1,2
176909,51283,47,1
176909,53585,0,7
176909,54200,19,8
176909,54200,0,3
176909,54200,4,1
176909,54200,1,4
176909,54200,25,1
176909,54869,36,1
176909,55013,72,3
176909,55889,0,1
176909,59349,14,6
176909,59349,0,6
176909,59426,72,3
176909,59443,25,1
176909,59443,0,1
176909,59900,0,7
176909,59900,1,1
176909,60470b,4,4
176909,60478,71,2
176909,60479,0,13
176909,60479,15,2
176909,60479,14,14
176909,60481,14,2
176909,60481,0,3
176909,60483,25,1
176909,60484,0,2
176909,60581,0,14
176909,60593,0,1
176909,60602,47,1
176909,6091,14,2
176909,6091,0,2
176909,6111,14,6
176909,6111,0,15
176909,6112,0,2
176909,61184,71,43
176909,61287,4,2
176909,61332,0,205
176909,6134,71,3
176909,6141,80,1
176909,6141,14,2
176909,6141,19,3
176909,6222,71,3
176909,62462,0,64
176909,62462,14,1
176909,63864,14,2
176909,63864,1,6
176909,63864,25,2
176909,63864,0,12
176909,63864,4,2
176909,63864pr0049,1,21
176909,63869,0,1
176909,63965,4,2
176909,64644,0,3
176909,65249,15,9
176909,6536,72,2
176909,6541,14,3
176909,6541,0,1
176909,6587,28,1
176909,6589,19,3
176909,6632,0,1
176909,6636,1,4
176909,6636,0,12
176909,66906,4,2
176909,67329,0,1
176909,67329,14,1
176909,67446,72,3
176909,68013,0,2
176909,68888,72,1
176909,69729,0,12
176909,69729,4,6
176909,69778,1,1
176909,69819,0,1
176909,73109,71,3
176909,73111,0,1
176909,73230,0,4
176909,73825,14,4
176909,73831,84,2
176909,76797,1,4
176909,76797,4,2
176909,76797,14,6
176909,76797,25,2
176909,76959,71,3
176909,76959,0,3
176909,77844,0,3
176909,77850,0,25
176909,78258,4,2
176909,78258,72,3
176909,78329,71,1
176909,78329,19,2
176909,78329,4,1
176909,78329,0,1
176909,79389,0,4
176909,79756,0,6
176909,81346,2,1
176909,85543,15,1
176909,85861,4,2
176909,85861,0,22
176909,85943,4,1
176909,85984,14,1
176909,85984,0,24
176909,85984,1,4
176909,85984,71,2
176909,85984,19,12
176909,85984,25,2
176909,85984,4,2
176909,86996,0,4
176909,86996,4,1
176909,87079,25,1
176909,87079,4,1
176909,87079,0,3
176909,87079,1,2
176909,87083,72,2
176909,87087,0,2
176909,87087,14,4
176909,87552,47,1
176909,87580,0,3
176909,87580,72,3
176909,88930,0,2
176909,89678,4,113
176909,90498,0,6
176909,90498,14,2
176909,91988,0,2
176909,91988,19,2
176909,92907,1,3
176909,93274,0,1
176909,94925,0,9
176909,96874,25,1
176909,98138,19,4
176909,98138,14,1
176909,98138pr0185,179,1
176909,98138pr0355,0,2
176909,98138pr0356,0,2
176909,98138pr0357,0,2
176909,98138pr0358,0,2
176909,98138pr0359,0,2
176909,98138pr0360,0,4
176909,98263,71,1
176909,99206,4,9
176909,99206,0,28
176909,99207,0,42
176909,99207,4,12
176909,99207,1,1
176909,99207,15,3
176909,99780,0,5
176974,92738,0,1
176978,19220,0,1
176978,2524,70,1
176978,30132,72,1
176981,98721,0,2
177240,10201,0,1
177240,10314,19,1
177240,10314,0,1
177240,11062,15,1
177240,12825,0,3
177240,12825,71,3
177240,14769,15,1
177240,14769pr0001,15,1
177240,15254,71,1
177240,15332,0,3
177240,15332,15,2
177240,18742,179,1
177240,18759,71,2
177240,2343,47,1
177240,2357,71,4
177240,2357,272,2
177240,2357,0,2
177240,2357,70,2
177240,2412b,80,4
177240,2412b,15,1
177240,2420,15,1
177240,2420,19,11
177240,2420,72,1
177240,2431,0,7
177240,2431,15,2
177240,2431,71,8
177240,2432,0,6
177240,2445,15,1
177240,2456,15,1
177240,2540,19,3
177240,2546pat0001,4,2
177240,2780,0,6
177240,2817,71,1
177240,2921,70,4
177240,2921,71,2
177240,298c02,0,1
177240,3001,72,2
177240,3001,0,1
177240,3001,71,2
177240,3001,28,3
177240,3001,70,3
177240,3002,72,3
177240,3003,272,1
177240,3003,28,3
177240,3004,70,32
177240,3004,19,13
177240,3004,15,11
177240,3004,0,2
177240,3004,272,7
177240,3004,4,2
177240,30044,15,1
177240,30044,19,3
177240,3005,19,2
177240,3005,33,2
177240,3005,182,2
177240,3005,71,3
177240,3005,70,37
177240,3005,0,20
177240,3005,15,4
177240,3005,379,43
177240,3008,72,1
177240,3008,15,6
177240,3008,70,42
177240,3009,71,8
177240,3009,19,4
177240,3009,0,10
177240,3009,379,54
177240,3009,15,5
177240,3009,70,32
177240,3010,70,9
177240,3010,19,3
177240,3010,379,62
177240,3010,272,6
177240,3010,0,6
177240,30106,47,1
177240,30134,0,1
177240,30134,70,1
177240,30136,72,22
177240,30136,71,7
177240,30150,70,1
177240,3020,70,1
177240,3020,72,3
177240,3020,71,5
177240,3020,0,5
177240,3020,1,1
177240,3020,15,1
177240,3020,19,1
177240,3021,0,2
177240,3021,72,4
177240,3021,71,1
177240,3022,4,1
177240,3022,71,5
177240,3022,0,4
177240,3023,0,20
177240,3023,70,20
177240,3023,320,6
177240,3023,71,9
177240,3023,19,11
177240,3023,28,4
177240,3023,15,10
177240,3024,73,6
177240,3024,0,29
177240,3024,1,7
177240,3024,71,13
177240,3024,28,4
177240,3024,15,10
177240,3027,0,1
177240,3027,71,3
177240,3028,71,2
177240,3034,71,4
177240,30340,15,1
177240,3035,71,3
177240,3036,71,2
177240,3037,0,2
177240,3039,320,1
177240,3040b,70,4
177240,3040b,72,6
177240,3040b,15,6
177240,30414,15,4
177240,30586,71,4
177240,3062b,46,1
177240,3062b,72,9
177240,3065,34,1
177240,3068b,72,17
177240,3068b,73,14
177240,3068b,19,11
177240,3068b,320,2
177240,3068b,28,2
177240,3069b,71,21
177240,3069b,15,17
177240,3069b,72,34
177240,3069b,484,8
177240,3069b,1,3
177240,3069b,4,1
177240,3069bpr0099,15,2
177240,3069bpr0100,2,1
177240,3070b,71,8
177240,3070b,1,4
177240,3070b,19,20
177240,3070b,15,5
177240,3070b,72,10
177240,3070b,70,7
177240,3176,0,2
177240,32002,72,2
177240,32028,71,20
177240,32054,0,1
177240,32124,0,3
177240,32474,4,1
177240,33183,10,2
177240,33291,191,7
177240,33291,5,8
177240,33291,70,12
177240,33291,10,9
177240,33320,72,1
177240,33320,14,1
177240,3460,71,11
177240,3460,70,1
177240,3460,72,10
177240,3622,0,2
177240,3622,71,6
177240,3622,15,2
177240,3622,19,2
177240,3622,70,8
177240,3623,0,1
177240,3623,70,2
177240,3623,71,8
177240,3626c,47,2
177240,3633,0,3
177240,3659,71,5
177240,3660,71,2
177240,3665,0,4
177240,3666,320,1
177240,3666,0,3
177240,3666,70,8
177240,3666,72,9
177240,3666,71,15
177240,3666,19,12
177240,3675,0,2
177240,3678b,0,6
177240,3700,70,5
177240,3700,0,4
177240,3710,72,24
177240,3710,15,1
177240,3710,320,5
177240,3710,71,10
177240,3710,19,3
177240,3710,73,1
177240,3741,2,1
177240,3742,14,3
177240,3747b,71,1
177240,3794b,320,5
177240,3794b,19,8
177240,3794b,72,21
177240,3794b,71,19
177240,3795,72,2
177240,3795,71,7
177240,3830,71,2
177240,3831,71,2
177240,3832,19,2
177240,3832,71,2
177240,3832,15,1
177240,3852b,191,1
177240,3857,2,2
177240,3899,14,1
177240,3899,4,1
177240,3899,47,1
177240,3937,0,1
177240,3941,15,1
177240,3957b,71,3
177240,3958,0,2
177240,40234,71,1
177240,4032a,0,2
177240,4032a,484,3
177240,4070,15,10
177240,4070,70,16
177240,4081b,0,1
177240,41539,28,3
177240,4162,72,10
177240,4162,70,3
177240,4175,71,3
177240,4216,379,48
177240,42446,71,1
177240,4274,71,1
177240,4282,72,1
177240,4286,2,4
177240,4286,71,2
177240,4286,72,4
177240,43093,1,1
177240,43337,71,1
177240,4345b,4,3
177240,4346,4,2
177240,4346,47,1
177240,43888,72,2
177240,4445,320,2
177240,4445,0,3
177240,4460b,320,2
177240,44728,71,1
177240,4477,0,2
177240,4490,0,2
177240,4510,71,1
177240,4528,179,1
177240,4529,15,1
177240,4536,15,1
177240,4594,47,1
177240,4599b,0,2
177240,4599b,71,1
177240,4719,2,1
177240,4740,15,1
177240,4740,2,1
177240,4740,72,1
177240,47905,72,1
177240,4865b,4,1
177240,4865b,40,1
177240,48729b,0,2
177240,48729b,71,2
177240,51739,71,1
177240,54200,40,1
177240,54200,85,1
177240,54200,0,5
177240,54200,4,4
177240,54200,71,2
177240,57895,47,1
177240,58181,40,2
177240,59900,71,4
177240,59900,2,2
177240,59900,46,1
177240,59900,70,4
177240,60478,0,4
177240,60479,15,3
177240,60481,0,28
177240,60581,15,1
177240,60592,15,1
177240,60592,19,15
177240,60593,15,19
177240,60594,19,2
177240,60594,15,1
177240,60596,15,5
177240,60596,70,3
177240,60601,47,16
177240,60602,47,19
177240,60603,47,3
177240,60614,72,2
177240,60616a,47,1
177240,60623,0,4
177240,60623,2,2
177240,60806,0,1
177240,6081,288,2
177240,60897,15,1
177240,60897,1,2
177240,60897,71,6
177240,6091,320,2
177240,6091,15,8
177240,6091,1,2
177240,6091,0,3
177240,6091,72,12
177240,6111,72,3
177240,61252,25,1
177240,61252,15,4
177240,6134,15,1
177240,6141,72,24
177240,6141,46,1
177240,6141,71,12
177240,6141,2,6
177240,6141,4,2
177240,6141,1,2
177240,6141,27,15
177240,6141,85,4
177240,6141,14,6
177240,6141,0,38
177240,6231,71,11
177240,62462,15,1
177240,6251pr0003,84,1
177240,6266,0,7
177240,63864,71,26
177240,63864,15,3
177240,63864,0,1
177240,63965,71,1
177240,64567,0,5
177240,64644,0,2
177240,64647,57,1
177240,64648,25,1
177240,6541,70,2
177240,6541,71,2
177240,6541,19,2
177240,6636,15,6
177240,6636,70,2
177240,6636,71,29
177240,73983,71,18
177240,75c09,0,2
177240,86035,1,1
177240,87079,71,1
177240,87079,72,5
177240,87079,15,1
177240,87087,15,6
177240,87087,72,6
177240,87087,0,1
177240,87087,71,2
177240,87544,15,2
177240,87552,15,3
177240,87552,47,4
177240,87580,0,2
177240,87580,19,1
177240,87580,73,2
177240,87620,0,4
177240,88292,15,4
177240,88293,15,2
177240,88930,0,1
177240,91501,19,1
177240,92099,28,1
177240,92107,28,1
177240,92410,71,1
177240,92438,71,3
177240,92586pr0002,484,1
177240,92593,71,6
177240,92593,72,2
177240,92593,15,3
177240,92690,71,1
177240,92851,47,2
177240,92926,72,1
177240,92946,72,6
177240,93160,15,3
177240,98560,320,7
177240,99774,15,2
177274,87079pr9920,15,1
177313,2432,1,1
177313,3069b,182,2
177313,34337,15,4
177313,3795,71,1
177313,3829c01,71,1
177313,44674,191,2
177313,44861,0,2
177313,64450,0,1
177313,67687,71,2
177313,87414,0,4
177313,99780,0,1
177321,3626cpr2522,14,1
177321,3833,4,1
177321,970c24,379,1
177321,973c19h12pr2885,25,1
177340,10104734,9999,1
177340,11090,19,4
177340,11153,84,6
177340,11211,71,1
177340,11212,19,4
177340,11215,84,4
177340,11476,84,4
177340,11476,484,1
177340,11477,84,4
177340,13548,72,2
177340,14137,84,7
177340,15068,84,2
177340,15573,84,7
177340,15573,19,16
177340,15712,19,1
177340,15712,71,2
177340,18649,72,1
177340,18980,19,2
177340,1927,19,4
177340,19729,378,1
177340,22385,85,2
177340,22885,84,4
177340,23186,308,1
177340,23443,72,4
177340,2357,19,3
177340,2357,72,2
177340,2412b,0,2
177340,2420,84,10
177340,2420,72,2
177340,24201,28,7
177340,24299,84,4
177340,24307,84,4
177340,2431,84,5
177340,2431,15,4
177340,2431,19,1
177340,2450,84,6
177340,2456,0,2
177340,2462,0,2
177340,25269,72,2
177340,2540,72,1
177340,2540,19,2
177340,26047,72,8
177340,2654,71,2
177340,27256,46,2
177340,27257,41,2
177340,27263,19,11
177340,27393,15,4
177340,27507,182,8
177340,28802,0,2
177340,29119,84,2
177340,29120,84,2
177340,3001,84,2
177340,3002,29,2
177340,3003,71,2
177340,3004,84,2
177340,30089b,0,1
177340,3010,0,6
177340,3010,84,1
177340,30136,28,3
177340,30165,19,2
177340,3020,84,12
177340,3020,4,1
177340,3021,0,10
177340,3021,84,2
177340,3022,71,2
177340,3022,14,2
177340,3022,85,2
177340,3022,84,5
177340,3023,3,4
177340,3023,84,23
177340,3023,28,4
177340,3024,0,2
177340,3024,19,2
177340,3024,84,25
177340,3030,72,4
177340,3032,0,4
177340,3034,19,4
177340,3035,84,1
177340,3036,19,1
177340,30374,72,26
177340,30377,0,8
177340,3039,19,1
177340,3040b,19,2
177340,3043,0,2
177340,30565,19,2
177340,30565,84,4
177340,3068b,28,1
177340,3068b,84,4
177340,3069b,84,10
177340,3069bpr0301,71,2
177340,3070b,19,2
177340,32064a,0,4
177340,3245c,84,2
177340,3262,84,4
177340,32828,71,2
177340,3297,0,4
177340,3298,19,2
177340,33078,84,2
177340,3460,71,8
177340,34816,28,2
177340,3484,15,3
177340,3484,72,4
177340,35044,28,2
177340,35480,72,10
177340,35480,484,7
177340,36083c,15,1
177340,36083d,15,1
177340,36083e,15,1
177340,36083f,15,2
177340,3622,0,2
177340,3623,72,2
177340,3626c,25,2
177340,3626cpr2264,78,1
177340,3626cpr2587,78,1
177340,3626cpr3846,78,1
177340,3666,84,3
177340,3679,71,1
177340,3680,0,1
177340,3710,84,9
177340,3710,14,4
177340,37352,19,2
177340,3795,14,2
177340,3795,84,2
177340,3941,84,28
177340,3941,0,1
177340,4006,0,1
177340,4032a,84,3
177340,4042,47,3
177340,4048,15,1
177340,40527,0,2
177340,4070,15,2
177340,4162,71,20
177340,41751,84,3
177340,4282,19,2
177340,4304,71,2
177340,43722,19,3
177340,43722,84,5
177340,43723,19,3
177340,43723,84,5
177340,44728,0,2
177340,44728,19,2
177340,44861,72,4
177340,4522,0,1
177340,4590,72,18
177340,4740,182,2
177340,47457,19,1
177340,47759,84,2
177340,47905,0,2
177340,48336,72,2
177340,49668,179,2
177340,51739,71,1
177340,54200,84,2
177340,54200,19,12
177340,54200,72,6
177340,55013,72,4
177340,58846,0,4
177340,59349,19,1
177340,59900,15,2
177340,60470b,71,4
177340,60470b,72,1
177340,60478,84,2
177340,60478,19,5
177340,60897,71,2
177340,60897,72,2
177340,6091,84,12
177340,6091,19,5
177340,61252,72,2
177340,6141,36,1
177340,6141,72,12
177340,6141,179,4
177340,61485,0,1
177340,6179,72,1
177340,62810,70,1
177340,63864,84,2
177340,63864,4,2
177340,63868,72,13
177340,63965,72,4
177340,64567,71,1
177340,65578,47,1
177340,6564,0,1
177340,6565,0,1
177340,66909,72,30
177340,66956,71,1
177340,70681,84,15
177340,73230,71,2
177340,78257,0,4
177340,78258,72,10
177340,78329,0,4
177340,79194,15,2
177340,79194,47,4
177340,85861,15,4
177340,85861,47,6
177340,85984,84,2
177340,87079,0,2
177340,87081,0,1
177340,87994,0,4
177340,91988,72,2
177340,92582,84,7
177340,93274,72,4
177340,95343,70,1
177340,95344,28,1
177340,96874,3,1
177340,98138,34,2
177340,98138,47,1
177340,98371,308,1
177340,99021,72,4
177340,99206,84,7
177340,99563,85,2
177340,99780,19,2
177340,99780,0,2
177340,99780,71,2
177340,99781,71,1
177341,10126,320,1
177341,10127,320,1
177341,11458,272,4
177341,14704,71,2
177341,14769,297,2
177341,14769pr1280,71,1
177341,15068,320,2
177341,15571,297,1
177341,18990pr0006,320,1
177341,22890,72,2
177341,2412b,297,4
177341,27167,320,1
177341,3020,71,1
177341,3021,320,1
177341,3023,41,1
177341,3034,0,1
177341,3668,72,1
177341,3700,72,1
177341,4079b,272,1
177341,48172,0,1
177341,50950,320,2
177341,51739,72,4
177341,59900,52,2
177341,61184,71,2
177341,61332,0,1
177341,63783,71,1
177341,65886,41,1
177341,70943c01,320,1
177341,70946c01,320,1
177341,71752,0,2
177341,73109,71,2
177341,79846,72,2
177341,79897,320,2
177341,86148,297,2
177341,93273,320,2
177341,98876,71,1
177342,14769pr1050,14,1
177342,18674,72,1
177342,2412b,72,2
177342,28779,0,2
177342,3001,72,1
177342,3003,4,1
177342,3009,14,2
177342,3023,182,2
177342,3039,70,1
177342,3069b,36,2
177342,3069b,0,2
177342,3069bpr0100,2,1
177342,3622,72,2
177342,4032a,70,1
177342,4162,0,2
177342,45677,0,3
177342,55981,14,4
177342,58090,0,4
177342,6126b,182,1
177342,61409,0,2
177342,65094,0,1
177342,81911,47,1
177342,85984,0,2
177342,85984pr0021,71,1
177342,92947,72,2
177342,98721,0,1
177343,10104735,9999,1
177343,10247,14,2
177343,10247,71,2
177343,11211,0,1
177343,11477,0,6
177343,14719,0,2
177343,15207,72,1
177343,15571,0,1
177343,1748,0,2
177343,2412b,0,14
177343,2412b,179,2
177343,24201,72,2
177343,24299,0,2
177343,24307,0,6
177343,2431,0,4
177343,2540,4,1
177343,2654,71,6
177343,26603,72,2
177343,27925,0,4
177343,29115,0,1
177343,29119,0,3
177343,29120,0,3
177343,3001,71,1
177343,3005,0,4
177343,3010,0,2
177343,30136,72,1
177343,3020,15,1
177343,3020,72,3
177343,3021,4,3
177343,3021,0,2
177343,3023,0,6
177343,3023,71,1
177343,3023,14,2
177343,3029,72,4
177343,3031,72,4
177343,3032,72,1
177343,3034,71,8
177343,30357,0,2
177343,3036,0,1
177343,3036,72,1
177343,3038,0,2
177343,30383,72,4
177343,3040b,0,2
177343,30503,0,4
177343,30565,0,2
177343,3068b,0,1
177343,3069b,27,3
177343,3069b,0,14
177343,32802,0,1
177343,32803,0,6
177343,32952,0,2
177343,3460,0,3
177343,3484,72,2
177343,35044,0,8
177343,35480,72,19
177343,3623,0,6
177343,3623,72,2
177343,3666,0,6
177343,3710,0,10
177343,3832,0,2
177343,3937,0,4
177343,3938,71,4
177343,4162,0,8
177343,41682,0,1
177343,41740,72,1
177343,41747,0,1
177343,41748,0,1
177343,41769,0,2
177343,41770,0,2
177343,4287c,0,4
177343,43722,0,1
177343,43723,0,2
177343,4477,72,2
177343,44861,0,2
177343,47457,72,2
177343,4871,0,1
177343,49668,0,3
177343,50304,0,2
177343,50305,0,2
177343,54200,0,6
177343,60477,72,2
177343,6081,0,2
177343,60897,71,2
177343,61332,0,4
177343,6141,182,8
177343,61482,0,1
177343,65426,0,1
177343,65429,0,1
177343,67139,0,1
177343,68568,0,4
177343,69729,0,2
177343,69754,1103,2
177343,69755,72,2
177343,70681,0,2
177343,77808,72,1
177343,78258,15,2
177343,78443,0,1
177343,78444,0,1
177343,78666,0,4
177343,79756,0,2
177343,85984,72,1
177343,85984,0,10
177343,87079,0,1
177343,87079,71,1
177343,90194,72,1
177343,92092,72,2
177343,92279,40,1
177343,93273,0,2
177343,93606,0,1
177343,98138,46,2
177343,98138,71,4
177343,98721,0,2
177343,99781,72,10
177344,10104736,9999,1
177344,10509pr0009,15,1
177344,11208,71,1
177344,11209,0,1
177344,11211,70,23
177344,11211,71,9
177344,11212,72,12
177344,11477,28,8
177344,13548,28,2
177344,14413,0,7
177344,14418,71,1
177344,14718,0,1
177344,14719,272,1
177344,14769,0,1
177344,15207,71,1
177344,15407,1103,2
177344,15533,71,2
177344,15533,72,4
177344,15535,71,1
177344,15573,15,2
177344,15706,70,2
177344,15706,0,3
177344,15712,70,2
177344,16091,0,1
177344,18031,179,1
177344,18980,0,2
177344,1927,72,2
177344,1927,15,1
177344,20312,15,1
177344,20313,15,1
177344,20482,72,1
177344,22961,0,3
177344,2357,0,7
177344,2412b,71,2
177344,2419,15,1
177344,2419,72,1
177344,2420,15,1
177344,2420,28,7
177344,24299,84,3
177344,2431,15,4
177344,2449,28,1
177344,2450,28,2
177344,2450,71,1
177344,2450,70,1
177344,2450,72,4
177344,2456,15,4
177344,2456,71,2
177344,25214,1103,2
177344,26047,15,1
177344,2654,71,1
177344,2654,15,2
177344,26601,0,2
177344,26603,15,10
177344,26604,71,8
177344,26604,19,25
177344,27263,71,4
177344,27263,15,3
177344,27393,182,2
177344,27507,182,4
177344,27507,272,4
177344,28192,28,1
177344,28192,72,2
177344,28192,71,1
177344,28802,71,1
177344,3001,0,1
177344,3002,14,4
177344,3002,0,1
177344,3002,19,2
177344,3002,72,2
177344,3003,0,1
177344,3004,28,6
177344,3004,19,2
177344,3004,0,1
177344,3008,0,3
177344,3009,19,2
177344,3010,0,2
177344,3020,15,2
177344,3020,70,1
177344,3020,0,3
177344,3021,72,1
177344,3021,71,3
177344,3023,0,4
177344,3023,15,1
177344,3023,84,3
177344,30237b,0,2
177344,3024,84,2
177344,3024,70,4
177344,3030,72,3
177344,3031,71,2
177344,3032,72,2
177344,30340,15,1
177344,30357,28,1
177344,30361c,72,1
177344,30374,71,1
177344,3039,484,1
177344,3040b,28,14
177344,3040b,0,3
177344,3040b,182,3
177344,3040b,72,2
177344,30503,70,1
177344,3062b,484,14
177344,3068b,15,8
177344,3069b,0,4
177344,3069b,15,2
177344,3069bpr0305,14,2
177344,3069bpr0307,71,1
177344,32001,71,1
177344,32001,0,1
177344,32016,70,2
177344,32016,72,1
177344,32016,0,2
177344,32062,4,1
177344,32062,0,2
177344,32064a,72,1
177344,32064a,0,5
177344,32192,72,1
177344,3245c,70,2
177344,3298,0,1
177344,33909,0,4
177344,3460,71,2
177344,3484,72,1
177344,35480,71,16
177344,35480,484,9
177344,35787,15,8
177344,3622,0,12
177344,3623,71,20
177344,36451a,35,1
177344,3665,70,2
177344,3665,71,6
177344,3666,70,1
177344,3666,84,1
177344,3666,72,1
177344,3666,0,1
177344,36756pr0001,28,1
177344,36840,0,2
177344,3700,15,2
177344,3701,19,1
177344,3705,0,4
177344,3706,0,1
177344,3707,4,1
177344,3709,0,2
177344,3709,72,3
177344,3709,4,2
177344,3710,72,6
177344,3710,28,1
177344,3710,0,1
177344,3710,70,3
177344,3710,308,2
177344,3738,0,2
177344,3747b,72,1
177344,3795,84,2
177344,3795,0,1
177344,3795,70,2
177344,3830,0,2
177344,3831,0,2
177344,3832,15,1
177344,3832,72,2
177344,3937,71,1
177344,3941,2,1
177344,3941,0,2
177344,3958,28,1
177344,39789,0,3
177344,39789,15,1
177344,4032a,15,4
177344,4032a,72,1
177344,4032a,70,2
177344,4032a,0,2
177344,4032a,484,6
177344,4042,47,2
177344,4070,71,6
177344,41770,379,3
177344,4282,72,1
177344,4286,71,15
177344,4286,0,2
177344,43093,1,5
177344,43711,72,3
177344,44728,0,3
177344,44861,84,2
177344,4519,71,2
177344,4519,14,3
177344,4740,36,2
177344,48205,71,1
177344,48336,84,1
177344,48336,70,2
177344,50018h,179,1
177344,54200,182,9
177344,54200,272,1
177344,54200,84,9
177344,58846,0,4
177344,59443,15,2
177344,59900,72,2
177344,60474,71,1
177344,60475b,0,1
177344,60478,70,2
177344,60481,70,2
177344,6106,28,2
177344,6106,72,1
177344,61252,47,1
177344,61252,15,2
177344,61332,0,2
177344,6134,70,1
177344,63864,272,2
177344,64647,41,1
177344,64799,71,10
177344,6541,71,1
177344,65509,15,1
177344,65578,71,4
177344,65578,47,1
177344,66252,72,1
177344,6636,15,4
177344,6636,272,1
177344,6636,72,1
177344,66897,0,1
177344,66906,0,1
177344,69729,70,1
177344,70681,72,4
177344,73230,71,1
177344,75902pr0019,72,1
177344,75904,71,1
177344,76959,0,2
177344,78256,15,1
177344,78329,15,3
177344,78329,0,1
177344,78444,71,2
177344,79194,47,2
177344,85861,182,14
177344,85861,47,7
177344,85861,71,7
177344,85861,41,2
177344,87079,15,15
177344,87079,70,1
177344,87087,84,2
177344,87552,484,8
177344,87580,72,1
177344,87620,72,2
177344,87994,308,3
177344,88072,70,2
177344,89678,4,1
177344,90258,484,6
177344,90398pr0060,0,1
177344,93789,179,1
177344,95347,1103,3
177344,96874,25,1
177344,98138,47,4
177344,98138,36,2
177344,98283,71,24
177344,99012,72,2
177344,99780,71,2
177346,10104995,9999,1
177346,11215,0,3
177346,11477,0,8
177346,11833,0,1
177346,13731,0,2
177346,14769,80,2
177346,15068,72,1
177346,15068,0,10
177346,15070,71,2
177346,15571,0,2
177346,15573,28,4
177346,15672,0,4
177346,17485,14,1
177346,18041,297,1
177346,18651,0,1
177346,18976,0,1
177346,23443,0,1
177346,2357,71,2
177346,24122,72,2
177346,2412b,72,8
177346,2420,71,4
177346,2420,0,8
177346,24201,72,2
177346,24246,72,4
177346,2431,0,2
177346,2432,72,1
177346,25269,80,2
177346,26601,0,8
177346,27263,0,2
177346,29119,0,2
177346,29120,0,2
177346,3001,72,1
177346,3003,72,1
177346,30044,0,4
177346,30046,0,2
177346,30162,71,2
177346,3020,19,4
177346,3020,0,1
177346,3020,71,2
177346,3021,0,2
177346,3021,322,4
177346,3022,28,4
177346,3023,379,2
177346,3023,0,20
177346,3023,46,2
177346,3023,15,4
177346,3024,0,16
177346,3024,36,6
177346,3029,71,1
177346,3030,0,1
177346,3031,0,1
177346,3034,14,1
177346,3040b,72,2
177346,3068b,0,3
177346,3069b,40,2
177346,3176,71,2
177346,32002,19,4
177346,32017,14,2
177346,32028,0,4
177346,32062,4,1
177346,32073,14,1
177346,32123b,71,4
177346,32270,0,1
177346,32952,0,6
177346,33909,72,2
177346,3460,0,1
177346,3460,71,3
177346,3484,72,2
177346,35480,72,1
177346,35578,0,2
177346,3623,72,4
177346,3666,28,3
177346,36840,15,4
177346,36841,0,4
177346,3700,71,6
177346,3701,72,3
177346,3705,0,1
177346,3710,379,2
177346,3737,4,1
177346,3749,19,3
177346,37762,179,2
177346,3795,70,2
177346,3832,0,1
177346,3937,72,2
177346,4032a,322,2
177346,41740,72,1
177346,4274,15,2
177346,4278,0,1
177346,4287c,0,4
177346,4304,0,2
177346,44728,2,1
177346,44728,0,2
177346,4477,0,3
177346,4742,72,1
177346,47753,0,1
177346,50745,0,1
177346,50967,0,8
177346,54200,0,8
177346,55981,0,2
177346,55982,0,2
177346,58090,0,2
177346,59443,25,3
177346,59900,25,2
177346,59900,0,2
177346,60474,28,1
177346,60477,0,4
177346,60478,0,2
177346,61332,0,2
177346,6134,71,2
177346,61409,0,10
177346,6141,14,10
177346,6141,179,4
177346,61482,0,1
177346,6179,0,1
177346,6180,72,1
177346,6541,0,4
177346,6553,72,2
177346,6585,0,1
177346,65886,0,1
177346,6589,19,2
177346,6636,0,2
177346,66897,71,1
177346,66956,0,1
177346,67446,72,1
177346,73825,72,2
177346,78329,71,6
177346,78443,0,1
177346,78444,0,1
177346,78666,0,6
177346,78666,4,2
177346,79389,71,2
177346,79491,72,2
177346,80796,47,1
177346,81911,40,1
177346,85861,0,2
177346,85959pat0003,36,1
177346,85984,0,2
177346,86996,4,2
177346,87544,40,2
177346,87580,379,1
177346,92950,0,2
177346,93273,0,1
177346,93595,0,1
177346,93606,72,1
177346,98138,36,4
177346,98138,71,2
177346,98138,0,4
177346,98721,0,1
177346,99207,0,2
177346,99207,19,2
177346,99563,179,7
177346,99780,0,5
177346,99781,0,4
177347,10105110,9999,1
177347,11211,72,10
177347,11213,28,1
177347,11458,0,2
177347,11476,320,1
177347,11477,0,20
177347,11477,326,1
177347,11477,28,6
177347,13547,0,8
177347,13547,28,1
177347,13564,4,1
177347,13564,0,6
177347,14417,72,2
177347,14419,72,4
177347,14704,72,5
177347,14718,14,1
177347,15068,0,17
177347,15068,28,9
177347,15209,0,8
177347,15462,70,1
177347,15573,288,4
177347,15712,0,3
177347,18646,0,1
177347,18649,0,2
177347,18677,0,4
177347,20482,72,4
177347,20482,0,6
177347,23443,0,7
177347,23443,320,1
177347,2420,0,8
177347,2420,84,1
177347,24201,28,2
177347,24299,15,1
177347,24299,0,1
177347,24307,0,1
177347,24307,15,1
177347,24309,0,1
177347,2431pr0156,84,1
177347,25269,28,5
177347,25269,15,2
177347,25269,0,14
177347,2540,28,1
177347,26047,0,2
177347,26047,5,6
177347,2654,28,2
177347,2654,0,10
177347,26601,484,6
177347,26603,0,1
177347,27261,0,11
177347,27925,0,2
177347,28192,0,4
177347,28192,28,1
177347,28802,72,4
177347,29119,15,2
177347,29119,28,3
177347,29119,0,7
177347,29120,15,2
177347,29120,28,3
177347,29120,0,7
177347,3003,29,1
177347,3004,15,1
177347,30136,0,5
177347,3020,326,3
177347,3021,0,3
177347,3021,84,1
177347,3022,326,10
177347,3022,322,3
177347,3023,0,2
177347,3023,4,2
177347,3023,15,4
177347,3069b,28,5
177347,3069b,0,7
177347,3171,0,9
177347,32001,0,9
177347,32062,0,2
177347,32123b,71,2
177347,32607,326,8
177347,32802,0,1
177347,32803,28,2
177347,32803,0,5
177347,32828,70,5
177347,35459,308,2
177347,35480,0,24
177347,35480,28,8
177347,35789,0,1
177347,3623,0,4
177347,3628,0,3
177347,3666,0,1
177347,36840,19,2
177347,36841,0,2
177347,3709,71,1
177347,3710,84,4
177347,3710,0,7
177347,3710,27,4
177347,3795,28,2
177347,3937,0,2
177347,3941,72,3
177347,39789,4,1
177347,40379,0,3
177347,4081b,72,1
177347,4081b,70,1
177347,41769,0,3
177347,41770,0,3
177347,4304,1,1
177347,44728,72,4
177347,44728,0,2
177347,44861,0,2
177347,45677,0,3
177347,45677,28,2
177347,47455,72,3
177347,47457,0,2
177347,48171,0,2
177347,48171,19,1
177347,4865b,0,2
177347,4865b,28,1
177347,49097,326,1
177347,50950,0,7
177347,50950,28,1
177347,51739,0,7
177347,51739,28,2
177347,53451,15,18
177347,53585,0,3
177347,54200,0,17
177347,54200,28,6
177347,60474,0,1
177347,6091,28,1
177347,6091,0,3
177347,61252,0,4
177347,61332,0,2
177347,6134,0,2
177347,6141,326,5
177347,62462,0,3
177347,64799,72,1
177347,66906,0,3
177347,67696,0,3
177347,68013,0,4
177347,68568,70,1
177347,68568,0,2
177347,73825,0,4
177347,73825,3,2
177347,75902pr0032,0,1
177347,76959,0,2
177347,77850,0,2
177347,78256,0,4
177347,80431,72,3
177347,80497,4,1
177347,80497,0,1
177347,85861,5,4
177347,85943,72,2
177347,85984,0,2
177347,87747,0,8
177347,88704,70,1
177347,88704,0,2
177347,89678,72,5
177347,92692,0,2
177347,93273,0,2
177347,93273,28,1
177347,93604,0,2
177347,93604pr0015,0,1
177347,98138,84,2
177347,98283,28,2
177347,98313,0,8
177347,98313,28,4
177347,99207,28,1
177347,99207,0,1
177347,99563,15,2
177347,99780,0,11
177347,99780,28,4
177600,15573,15,1
177600,15712,0,1
177600,30031,0,1
177600,3020,0,1
177600,3020,15,1
177600,3023,0,1
177600,3069b,4,1
177600,34337,71,4
177600,3710,0,1
177600,41854,15,1
177600,47457,4,1
177600,67687,0,2
177600,85984,15,1
177600,87414,0,4
177600,93273,0,1
177600,99781,71,1
177683,10104728,9999,1
177683,10172,297,1
177683,11203,15,4
177683,11211,15,2
177683,11610,19,1
177683,13251,308,1
177683,14716,15,2
177683,14718,15,10
177683,14769,71,1
177683,15068,19,1
177683,15462,70,2
177683,15533,19,15
177683,15535,0,2
177683,15573,4,4
177683,15573,15,2
177683,15573,1,4
177683,15573,321,2
177683,15712,19,4
177683,15712,71,2
177683,15712,72,3
177683,1748,71,6
177683,18654,15,17
177683,18654,3,3
177683,18674,15,1
177683,18759,72,2
177683,2003,0,1
177683,20310,70,2
177683,20482,47,4
177683,21778,14,1
177683,23443,15,4
177683,23443,0,3
177683,2357,14,4
177683,2357,25,2
177683,2391,4,1
177683,23948,71,1
177683,2420,0,16
177683,2431,321,7
177683,2431,0,4
177683,2445,4,1
177683,2453b,84,2
177683,2456,19,2
177683,2456,15,4
177683,2465,19,1
177683,2486,14,2
177683,2489,70,1
177683,25975pr0001,84,1
177683,26047,15,2
177683,26603,0,2
177683,27150,0,1
177683,27925,4,8
177683,27925,15,4
177683,2877,15,4
177683,3001,4,5
177683,3002,4,4
177683,3002,19,4
177683,3003,29,4
177683,3004,3,3
177683,3004,1,2
177683,3004,27,5
177683,3005,15,2
177683,3005,19,3
177683,3005,4,6
177683,3005,1,2
177683,3008,15,1
177683,3008,84,4
177683,3009,19,5
177683,3010,0,8
177683,30150,84,2
177683,30153,47,4
177683,3020,4,3
177683,3020,19,4
177683,3020,2,1
177683,3020,15,2
177683,3020,72,1
177683,3021,25,1
177683,3021,0,1
177683,3022,4,4
177683,3022,0,1
177683,3022,14,1
177683,3022,70,2
177683,3023,15,10
177683,3023,25,3
177683,3023,19,13
177683,3023,4,2
177683,3023,31,1
177683,3024,28,4
177683,3024,4,2
177683,3024,0,4
177683,3024,29,1
177683,3024,1,1
177683,3024,25,1
177683,30292,15,2
177683,3034,19,4
177683,3034,288,1
177683,3036,2,3
177683,3039,3,3
177683,3039,4,2
177683,3040b,71,2
177683,30414,4,2
177683,3062b,323,8
177683,3062b,2,8
177683,3062b,0,2
177683,3068b,15,1
177683,3068b,321,2
177683,3068b,0,2
177683,3068b,10,11
177683,3069b,321,13
177683,3069b,15,14
177683,3069b,72,1
177683,3069b,3,3
177683,3069b,2,25
177683,3069bpr0300,0,1
177683,3176,72,1
177683,32014,15,2
177683,32028,28,1
177683,32123b,15,9
177683,32140,15,2
177683,32316,72,3
177683,32474,3,1
177683,32523,15,2
177683,32530,4,1
177683,32803,72,2
177683,34103,72,1
177683,3460,84,10
177683,35480,320,2
177683,3622,19,8
177683,3623,0,8
177683,3623,15,3
177683,3623,71,4
177683,3623,28,4
177683,3660,19,3
177683,3660,4,5
177683,3665,19,8
177683,3666,15,5
177683,3666,72,8
177683,3666,4,4
177683,3673,14,1
177683,3700,0,4
177683,3702,0,2
177683,3706,4,1
177683,3710,26,14
177683,3710,4,2
177683,3749,19,1
177683,3795,71,4
177683,3795,4,2
177683,3832,70,1
177683,3894,71,1
177683,3957b,70,1
177683,3958,10,2
177683,3960,15,1
177683,4032a,0,2
177683,4032a,4,2
177683,40490,0,1
177683,4079b,379,5
177683,41239,15,1
177683,4151b,28,2
177683,4162,0,2
177683,4162,15,12
177683,41740,15,2
177683,42924,1,6
177683,43093,1,2
177683,4349,4,1
177683,44294,14,2
177683,4476b,15,2
177683,4477,15,1
177683,4495b,2,1
177683,45590,0,2
177683,4590,72,4
177683,4733,71,2
177683,4740,15,4
177683,48336,71,2
177683,48729b,15,2
177683,49153,15,9
177683,52107,71,1
177683,54200,0,2
177683,59443,70,1
177683,59900,29,1
177683,59900,1,1
177683,59900,25,1
177683,6005,4,4
177683,60474,0,1
177683,60481,1,2
177683,60485,14,1
177683,60581,47,3
177683,60897,15,2
177683,6091,0,4
177683,61252,71,2
177683,61332,0,11
177683,61408,4,1
177683,6141,41,4
177683,61485,71,1
177683,6205,15,1
177683,62462,71,9
177683,6254,15,1
177683,63864,0,3
177683,63864,15,2
177683,63965,72,1
177683,65249,15,1
177683,6541,0,5
177683,65509,70,2
177683,6575,72,4
177683,65886,4,1
177683,6636,321,2
177683,6636,4,2
177683,68013,15,4
177683,69729,15,2
177683,69729,10,31
177683,70681,15,4
177683,72824,1062,2
177683,73109,71,1
177683,73825,72,2
177683,78258,0,3
177683,85861,15,2
177683,85861,14,4
177683,86996,72,6
177683,87079,15,2
177683,87079,321,5
177683,87079,2,34
177683,87087,0,3
177683,87552,15,4
177683,87994,15,3
177683,87994,4,1
177683,89678,4,2
177683,89678,72,2
177683,91405,71,4
177683,91988,15,1
177683,92950,19,3
177683,96874,3,1
177683,98100,0,1
177683,98138,19,8
177683,99207,72,4
177683,99207,19,1
177683,99563,0,2
177796,11476,26,2
177796,13548,72,2
177796,15573,0,1
177796,1997,15,2
177796,20952,26,2
177796,22888,1050,1
177796,23443,15,2
177796,3062b,47,1
177796,32803,0,1
177796,33909,5,2
177796,3941,47,1
177796,4032a,71,3
177796,44861,72,2
177796,6141,158,2
177796,66965pr0011,322,1
177796,75937,0,1
177796,87747,158,6
177796,98138pr0364,14,2
177796,98313,1103,6
177796,99563,15,1
177867,11477,321,3
177867,15279,10,1
177867,24866,14,2
177867,3005,321,2
177867,3021,15,1
177867,3023,321,3
177867,3023,47,2
177867,3023,71,2
177867,3024,71,1
177867,3032,27,1
177867,3176,71,1
177867,32803,15,1
177867,32828,71,1
177867,33909,19,1
177867,35480,2,1
177867,4070,19,1
177867,6091,321,2
177867,6231,71,1
177867,6254,288,1
177867,65578,84,1
177867,85861,15,1
177867,90398,297,1
177867,98138,72,1
177870,11212,71,2
177870,26047,71,2
177870,3003,0,2
177870,3005,72,3
177870,30162,71,1
177870,3031,72,1
177870,33909,71,2
177870,35480,72,2
177870,3665,71,2
177870,3676,71,1
177870,4733,71,1
177870,53451,179,2
177870,54200,72,4
177870,6141,71,3
177870,65676,71,2
177870,78256,0,1
177870,87580,72,1
177870,98283,72,2
177870,98721,0,2
177871,11153,4,4
177871,11211,0,4
177871,11212,4,4
177871,11214,72,4
177871,11253,179,1
177871,11476,71,2
177871,11477,14,2
177871,11833,4,2
177871,14719,4,4
177871,14769pr1197,71,2
177871,15068,4,6
177871,15068,14,2
177871,15068,71,2
177871,15395,0,2
177871,15462,70,1
177871,15573,70,1
177871,15573,19,2
177871,15672,71,1
177871,15712,0,1
177871,15712,71,2
177871,16091,0,2
177871,18654,0,2
177871,18852pr0012,3,1
177871,18990,47,1
177871,1974,41,2
177871,1974pr0001,4,1
177871,2357,71,2
177871,2412b,71,2
177871,2412b,179,2
177871,2420,0,2
177871,24201,4,6
177871,2431,19,1
177871,2431,4,3
177871,24316,70,2
177871,2431pr0158,14,1
177871,24482,72,3
177871,2450,72,4
177871,25214,4,1
177871,25269,71,8
177871,2540,14,4
177871,26047,70,2
177871,26603,4,4
177871,27263,4,8
177871,28192,0,4
177871,28802,0,4
177871,29119,4,2
177871,29120,4,2
177871,298c02,1,1
177871,3002,4,4
177871,3003,0,2
177871,3004,322,1
177871,3004,4,2
177871,3005,71,1
177871,3005,14,2
177871,3005,0,4
177871,30136,71,1
177871,30153,33,1
177871,30165,71,1
177871,3020,71,6
177871,3020,27,2
177871,3020,4,1
177871,3020,0,2
177871,3021,0,2
177871,3021,72,6
177871,3021,4,6
177871,3022,4,2
177871,3023,15,5
177871,3023,4,4
177871,3024,0,1
177871,3024,71,4
177871,3031,71,1
177871,3031,0,1
177871,3035,72,1
177871,30375,14,1
177871,30414,0,1
177871,3068b,4,4
177871,3069b,71,4
177871,3069b,0,2
177871,3069b,14,1
177871,3069b,4,10
177871,3069bpr0301,71,1
177871,3070b,4,12
177871,3070b,14,1
177871,32000,14,2
177871,32062,4,4
177871,32064a,14,4
177871,32064a,322,2
177871,32123b,14,2
177871,32184,15,2
177871,32474,0,1
177871,32525,4,2
177871,32803,4,4
177871,32828,0,2
177871,33492,71,3
177871,35480,15,2
177871,35480,0,8
177871,35480,4,4
177871,35480,71,10
177871,35480,27,4
177871,35787,4,4
177871,3623,72,2
177871,3666,71,2
177871,3666,4,1
177871,3673,14,2
177871,36840,72,4
177871,3700,71,2
177871,3709,0,2
177871,3710,27,5
177871,3710,71,9
177871,3710,4,1
177871,3710,14,1
177871,3795,0,3
177871,3916,1,4
177871,3917,14,1
177871,3918pr0002,321,1
177871,3941,0,2
177871,4032a,27,2
177871,4032a,0,4
177871,4032a,72,4
177871,40490,15,2
177871,41531,14,2
177871,4162,72,1
177871,41740,0,2
177871,41747,4,2
177871,41748,4,2
177871,41767,4,2
177871,41768,4,2
177871,4185,0,2
177871,4274,15,7
177871,4287c,71,2
177871,43093,1,8
177871,43722,70,1
177871,43723,70,1
177871,43898,47,1
177871,44728,28,8
177871,45590,0,4
177871,4740,14,2
177871,4740,0,4
177871,47455,72,2
177871,47753,4,2
177871,48169,72,2
177871,48170,72,2
177871,49153,0,2
177871,49576pr0003,191,1
177871,52979,1095,1
177871,53585,0,2
177871,54200,4,2
177871,54657,72,2
177871,57909b,308,2
177871,59900,71,3
177871,59900,4,1
177871,60208,71,1
177871,60476,15,2
177871,6091,71,4
177871,6091,4,4
177871,61252,0,1
177871,61332,0,17
177871,6141,27,10
177871,6141,14,2
177871,6141,71,14
177871,6141,72,6
177871,6180,0,1
177871,6231,72,4
177871,62462,4,1
177871,63864,71,2
177871,63868,70,2
177871,64225,4,2
177871,66906,0,4
177871,67696,72,2
177871,67696,0,2
177871,67696,4,2
177871,67697,0,2
177871,68568,15,2
177871,71708,4,2
177871,75539,72,1
177871,77257,0,1
177871,77258,71,1
177871,77765,71,2
177871,77844,0,2
177871,78329,0,4
177871,79389,71,4
177871,79393,71,2
177871,79850,14,2
177871,80324,14,2
177871,85861,0,2
177871,85984,4,4
177871,87083,72,2
177871,87087,27,4
177871,87580,14,5
177871,87994,71,1
177871,88930,0,3
177871,89678,72,2
177871,93061,0,2
177871,93274,72,2
177871,93606,4,2
177871,96874,25,1
177871,98138,0,4
177871,98138,36,2
177871,98138pr0369,179,2
177871,99206,19,4
177871,99206,0,4
177871,99207,4,9
177871,99207,71,1
177871,99563,71,2
177871,99780,0,11
177871,99780,1,1
177871,99781,71,6
177871,99781,27,5
177903,2187pr0003,4,1
177903,2188,4,1
177903,28621pr3977,14,1
177903,970c22pr0002,4,1
177903,973c66h22pr0001,320,1
177905,2187pr0001,321,1
177905,2188,321,1
177905,28621pr3979,14,1
177905,970c04pr0001,321,1
177905,973c65h04pr0001,272,1
177906,2187pr0002,10,1
177906,2188,10,1
177906,28621pr3980,14,1
177906,970c06pr0002,10,1
177906,973c74h31pr0001,288,1
177921,11211,14,2
177921,11833,84,1
177921,13965,70,4
177921,14716,70,2
177921,14769,15,2
177921,14769pr0160,84,1
177921,14769pr1172,15,1
177921,15068,15,2
177921,15068,4,2
177921,15395,27,1
177921,15535,4,1
177921,15571,14,1
177921,15573,14,2
177921,15672,71,4
177921,15712,70,4
177921,1748,15,1
177921,17485,71,1
177921,18674,15,1
177921,18980,28,2
177921,1927,191,4
177921,21301,308,1
177921,22886,191,2
177921,2357,70,4
177921,2431,484,2
177921,2431,84,2
177921,24866,191,3
177921,25269,14,2
177921,2614,0,1
177921,2654,4,1
177921,30044,19,1
177921,3004pr0056,14,1
177921,3005,70,8
177921,3005,191,4
177921,3006,71,1
177921,3009,191,2
177921,30136,70,3
177921,30166,320,2
177921,3020,1,2
177921,3020,484,1
177921,3020,2,4
177921,3021,19,3
177921,3022,14,1
177921,3022,70,3
177921,3022,72,2
177921,3022,19,2
177921,3023,191,14
177921,3023,14,2
177921,3023,70,4
177921,3023,322,1
177921,3024,191,2
177921,3031,70,1
177921,3034,4,2
177921,30357,2,1
177921,3036,15,1
177921,3040b,191,6
177921,30414,191,1
177921,3044c,4,1
177921,3062b,70,4
177921,3068b,15,1
177921,3068bpr0692,15,1
177921,3068bpr9422,27,1
177921,3068bpr9673,14,1
177921,3069b,15,1
177921,3069b,84,1
177921,3176,322,1
177921,32028,15,1
177921,32607,27,4
177921,3262,27,1
177921,32828,0,2
177921,3298,4,6
177921,33172,25,1
177921,33909,484,1
177921,3460,191,1
177921,3484,71,1
177921,3484,72,1
177921,35470,15,1
177921,35480,70,6
177921,3623,71,1
177921,3659,70,1
177921,3666,484,4
177921,3710,71,2
177921,3710,191,1
177921,37352,14,1
177921,37352pr0004,14,1
177921,37695,10,1
177921,3795,1,1
177921,38014,15,1
177921,3899,5,1
177921,3899,10,1
177921,3899,4,1
177921,3900,15,1
177921,3941,27,2
177921,3957b,70,1
177921,4081b,70,1
177921,4304,19,1
177921,43888,71,1
177921,44861,14,2
177921,49307,4,2
177921,52107,191,1
177921,53019,15,1
177921,54200,4,4
177921,54200,2,2
177921,6005,70,2
177921,60594,70,2
177921,60608,2,4
177921,64000,15,2
177921,6541,14,2
177921,6636,226,1
177921,6636,15,1
177921,66788,14,2
177921,66789,1,1
177921,66789,10,2
177921,66790,10,1
177921,66792,1,1
177921,66792,10,2
177921,66857pr0003,19,1
177921,66858,2,1
177921,67329,484,2
177921,69729,4,2
177921,79736,27,1
177921,79846,2,1
177921,85861,15,5
177921,86876,191,1
177921,87079,226,3
177921,87079,84,2
177921,87580,10,1
177921,92950,70,1
177921,98100,71,1
177921,98138pr0018,84,1
177921,98138pr0255,19,1
177921,99207,14,3
177921,99207,70,2
177921,99781,14,1
177922,10103052,9999,1
177922,10247,71,2
177922,10247,4,1
177922,10247,72,4
177922,11203,14,3
177922,11208,0,8
177922,11209,0,8
177922,11213,27,2
177922,1126,71,1
177922,11290,15,4
177922,11301,15,2
177922,11458,15,4
177922,11458,4,1
177922,11476,0,4
177922,11477,15,4
177922,11477,321,6
177922,11477,27,4
177922,12897,4,1
177922,14716,15,3
177922,14718,71,4
177922,14718,15,3
177922,15068,15,4
177922,15207,71,4
177922,15456,0,3
177922,15573,15,2
177922,15672,0,4
177922,15712,15,8
177922,18651,0,4
177922,18654,71,1
177922,18654,72,3
177922,18674,72,2
177922,18677,71,2
177922,18980,27,1
177922,19220,0,1
177922,20482,15,1
177922,22885,15,2
177922,22889,15,1
177922,23969,0,2
177922,23969,15,3
177922,2412b,71,5
177922,2412b,72,2
177922,2420,15,10
177922,24201,71,1
177922,24246,71,1
177922,24246,15,2
177922,24299,321,3
177922,24299,71,1
177922,24299,15,2
177922,24307,15,2
177922,24307,321,3
177922,24307,71,1
177922,2431,71,7
177922,2431,15,2
177922,2431,14,2
177922,2432,72,3
177922,2432,14,1
177922,2445,0,1
177922,25269,27,4
177922,26603,72,1
177922,2723pr0003,0,2
177922,28802,0,1
177922,29119,15,2
177922,29120,15,2
177922,3001,15,4
177922,3001,19,1
177922,3003,19,7
177922,3003,272,8
177922,3003,27,4
177922,3004,272,2
177922,3004,14,1
177922,3004,15,4
177922,3004,27,1
177922,3005,15,5
177922,3008,15,5
177922,30089b,0,1
177922,3009,19,2
177922,3010,15,5
177922,30134,72,1
177922,30136,15,1
177922,3020,71,6
177922,3020,0,1
177922,3020,27,6
177922,3020,15,4
177922,3020,72,1
177922,3021,27,3
177922,3021,15,5
177922,3021,14,4
177922,3022,25,4
177922,3022,71,1
177922,30229,72,1
177922,3023,25,3
177922,3023,14,4
177922,3023,40,1
177922,3024,19,4
177922,3030,0,1
177922,3031,272,3
177922,3031,27,2
177922,3032,25,2
177922,3032,0,1
177922,3032,72,1
177922,3033,72,2
177922,3034,71,1
177922,30355,272,1
177922,30356,272,1
177922,30374,71,1
177922,30375,72,2
177922,30377,71,2
177922,3039,72,1
177922,3039pr0027,15,2
177922,3040b,15,4
177922,30414,71,1
177922,30503,15,2
177922,3062b,4,2
177922,3062b,0,3
177922,3068b,27,1
177922,3068b,321,2
177922,3068b,72,1
177922,3069b,0,4
177922,3069b,27,8
177922,3069b,182,1
177922,3069b,15,2
177922,3069bpr9996,72,3
177922,32001,71,4
177922,32013,71,2
177922,32014,72,1
177922,32016,71,2
177922,32028,0,4
177922,32028,72,2
177922,32028,71,4
177922,32062,4,1
177922,32192,72,4
177922,3245c,71,1
177922,3245c,15,4
177922,32524,72,2
177922,32531,0,1
177922,32952,0,4
177922,34103,0,4
177922,34337,71,10
177922,3456,71,1
177922,3460,321,2
177922,3476,15,1
177922,35459,15,2
177922,35480,15,1
177922,35480,72,3
177922,35480,71,2
177922,3623,272,2
177922,3623,15,13
177922,3665,321,2
177922,3666,27,4
177922,3666,15,6
177922,3666,272,2
177922,3666,71,5
177922,3710,71,1
177922,3710,0,12
177922,3710,272,4
177922,3710,14,1
177922,3710,27,2
177922,37178,27,1
177922,3747b,15,4
177922,3795,27,2
177922,3795,0,4
177922,3829c01,71,2
177922,3832,0,1
177922,3894,71,2
177922,3899,15,2
177922,3958,272,1
177922,39767,0,5
177922,39789,4,2
177922,39888,19,4
177922,4032a,72,1
177922,4032a,15,2
177922,4032a,71,6
177922,4079b,272,6
177922,4079b,27,8
177922,4162,15,5
177922,41740,15,2
177922,41747,15,2
177922,41748,15,2
177922,41769,321,1
177922,41769,15,1
177922,41770,321,1
177922,41770,15,1
177922,42610,71,6
177922,4274,71,8
177922,42918,272,1
177922,42924,1,4
177922,42947,0,3
177922,43093,1,9
177922,4345b,71,2
177922,4346,71,2
177922,43710,15,2
177922,43711,15,2
177922,43722,27,1
177922,43723,27,1
177922,4449,70,1
177922,44728,72,4
177922,4477,15,11
177922,44861,0,2
177922,4519,71,4
177922,4529,0,1
177922,47457,71,2
177922,50745,0,2
177922,50745,15,4
177922,50951,0,2
177922,54091,15,2
177922,54095,15,2
177922,54096,15,1
177922,54097,15,1
177922,54200,47,4
177922,54200,14,1
177922,54200,27,4
177922,54200,0,2
177922,54200,321,2
177922,54383,272,1
177922,54384,272,1
177922,58176,182,1
177922,58380,15,1
177922,59900,25,2
177922,60212,4,6
177922,60212,15,3
177922,60219,71,2
177922,60219,15,1
177922,60478,71,1
177922,60581,15,2
177922,60581,40,3
177922,60592,0,8
177922,60598,4,1
177922,60601,41,24
177922,60657,15,2
177922,60849,71,1
177922,60897,15,3
177922,61332,0,32
177922,61345,15,12
177922,6141,71,2
177922,6141,182,3
177922,61487,15,2
177922,63082,71,2
177922,63864,15,3
177922,63868,4,2
177922,63965,72,2
177922,64450,0,1
177922,65304,0,1
177922,65304,4,1
177922,65509,72,1
177922,65617,71,8
177922,6564,15,2
177922,6565,15,2
177922,6636,321,2
177922,6636,72,2
177922,66897,71,2
177922,67241,15,1
177922,67243,15,1
177922,67244,272,1
177922,67245,272,1
177922,69729,71,4
177922,73562,0,2
177922,73825,71,4
177922,76959,15,8
177922,78258,0,2
177922,78329,0,1
177922,79194,0,2
177922,79389,71,2
177922,79389,19,4
177922,80177,15,2
177922,80178,15,2
177922,80267,27,1
177922,80268,27,1
177922,85984,0,2
177922,85984,15,2
177922,85984,72,1
177922,85984,321,1
177922,87079,25,1
177922,87079,14,1
177922,87079,15,2
177922,87079,0,2
177922,87079,27,2
177922,87079,321,1
177922,87414,0,10
177922,87544,15,2
177922,87544,71,6
177922,87544,41,8
177922,87552,71,1
177922,87552,40,2
177922,92262,15,1
177922,92409,0,4
177922,92847,15,2
177922,92950,72,2
177922,93274,14,2
177922,96874,25,1
177922,98100,71,2
177922,98138,182,4
177922,98138,34,1
177922,98138,36,3
177922,98138,40,2
177922,98138pr0035,179,2
177922,98560,72,2
177922,99021,72,2
177922,99206,0,1
177922,99563,15,3
177922,99780,15,2
177932,100943,0,4
177932,10101062,9999,1
177932,10104827,9999,1
177932,11214,4,15
177932,11946,0,4
177932,11947,0,3
177932,14720,71,1
177932,15458,0,1
177932,15462,70,3
177932,18651,0,8
177932,18654,71,4
177932,18654,72,2
177932,18654,4,2
177932,18944,0,4
177932,18946,4,1
177932,22169,72,3
177932,22961,72,4
177932,2387,0,2
177932,2389,0,2
177932,2391,0,2
177932,2391,72,9
177932,2393,71,4
177932,2395,0,3
177932,2403,0,3
177932,24119,0,1
177932,24316,70,4
177932,2491,0,4
177932,2736,71,4
177932,32002,19,10
177932,32005a,72,6
177932,32013,71,4
177932,32017,71,2
177932,32062,4,15
177932,32063,14,2
177932,32063,71,8
177932,32073,71,2
177932,32073,14,4
177932,32140,0,6
177932,32250,0,8
177932,32270,0,2
177932,32271,0,4
177932,32278,0,9
177932,32294,0,2
177932,32316,72,13
177932,32316,0,6
177932,32449,0,4
177932,32523,4,1
177932,32523,0,3
177932,32524,0,21
177932,32525,71,4
177932,32525,0,20
177932,3673,71,12
177932,3706,0,2
177932,3713,71,4
177932,3713,0,2
177932,39793,72,2
177932,39888,19,5
177932,40490,72,4
177932,41239,72,2
177932,41239,0,2
177932,4162,0,2
177932,41677,0,8
177932,4192,71,4
177932,42003,4,2
177932,42003,72,4
177932,42924,1,71
177932,43093,1,17
177932,43857,72,6
177932,43857,0,2
177932,44294,14,1
177932,44294,71,5
177932,4519,14,4
177932,4519,71,10
177932,46189,0,11
177932,49283,1,1
177932,49283,14,1
177932,49283,4,1
177932,52731,71,8
177932,55013,72,2
177932,56908,4,4
177932,59443,0,4
177932,59443,4,3
177932,60483,0,2
177932,60484,0,3
177932,60484,72,1
177932,60485,71,1
177932,61184,71,2
177932,61332,0,220
177932,62462,71,2
177932,63869,71,4
177932,63869,0,2
177932,64178,71,2
177932,64179,0,2
177932,64179,4,1
177932,64391,0,2
177932,64392,0,2
177932,64393,0,2
177932,64681,0,2
177932,64682,0,2
177932,64683,0,2
177932,64872,72,8
177932,65304,0,12
177932,65304,71,19
177932,6536,14,2
177932,6536,0,10
177932,65414,71,2
177932,65487,4,4
177932,65487,0,21
177932,65489,71,3
177932,6589,19,10
177932,6632,71,2
177932,66906,4,10
177932,67142,0,2
177932,67491,0,2
177932,68196,0,2
177932,69761,14,2
177932,69762,14,2
177932,71682,0,4
177932,71708,0,10
177932,71709,0,5
177932,71710,0,1
177932,72008,4,4
177932,73507,71,1
177932,73507,0,13
177932,77765,71,6
177932,78442,0,2
177932,80267,0,1
177932,80268,0,1
177932,80274,0,1
177932,80278,0,1
177932,80285,0,1
177932,85824,71,1
177932,87083,72,4
177932,87761,0,2
177932,89678,4,8
177932,89679,0,7
177932,89954c01,4,4
177932,94925,71,4
177932,99008,19,5
177959,10104926,9999,1
177959,11211,71,11
177959,1126,71,2
177959,11476,71,4
177959,11477,70,4
177959,11477,0,1
177959,11477,28,2
177959,13731,15,2
177959,14395,70,1
177959,14716,70,3
177959,15068,15,2
177959,15210,72,1
177959,15303,36,3
177959,15392,72,1
177959,15400,72,2
177959,15535,0,2
177959,15535,72,1
177959,15535pr0001,72,1
177959,15573,71,4
177959,15672,70,1
177959,15672,379,4
177959,15672,0,2
177959,15672,28,4
177959,15712,71,10
177959,1745,0,2
177959,1745,70,2
177959,1748,71,2
177959,1751,71,1
177959,18651,0,2
177959,18674,15,1
177959,1927,72,4
177959,20105,0,1
177959,20482,71,1
177959,22886,71,1
177959,22888,2,1
177959,2310,15,4
177959,23950,0,2
177959,2417,10,7
177959,2420,0,6
177959,24201,0,4
177959,2423,2,3
177959,2431,28,9
177959,2431,0,2
177959,2432,71,6
177959,2432,14,1
177959,2432,0,1
177959,2445,28,1
177959,2445,72,1
177959,2450,72,2
177959,2453b,0,2
177959,2454b,0,7
177959,2456,71,2
177959,2462,15,2
177959,2465,0,1
177959,2540,71,2
177959,2654,71,1
177959,2654,0,4
177959,26603,72,2
177959,26603,28,4
177959,2682,27,2
177959,2682,2,2
177959,2714b,71,8
177959,27263,71,4
177959,27448,0,2
177959,2817,71,1
177959,2877,0,1
177959,2877,14,3
177959,298c02,14,2
177959,298c02,71,1
177959,3001,28,18
177959,3003,28,22
177959,3003,0,5
177959,3004,28,28
177959,30043,71,2
177959,3005,28,8
177959,3007,15,1
177959,3007,0,2
177959,3009,28,2
177959,3009,0,4
177959,3009,71,2
177959,3010,28,17
177959,30162,0,1
177959,3020,28,2
177959,3020,72,1
177959,3021,72,2
177959,3021,14,3
177959,3021,28,8
177959,3021,2,1
177959,3022,19,3
177959,3022,71,13
177959,3023,28,25
177959,3023,0,3
177959,3023,326,2
177959,3023,15,4
177959,3023,2,6
177959,3024,0,2
177959,3030,71,1
177959,3030,15,1
177959,3031,72,1
177959,3032,28,2
177959,3032,0,5
177959,3033,72,1
177959,3034,2,4
177959,3034,72,2
177959,3035,28,3
177959,3035,72,2
177959,3036,0,1
177959,30374,41,1
177959,3039,71,2
177959,3039pr0032,72,1
177959,3040b,15,2
177959,3040b,71,3
177959,30414,15,1
177959,30414,0,4
177959,30504,71,8
177959,3062b,41,1
177959,3068b,71,2
177959,3068b,28,2
177959,3069b,14,3
177959,3069b,28,2
177959,3069b,0,8
177959,3070b,28,26
177959,3070b,0,4
177959,30987,70,3
177959,32013,71,1
177959,32014,71,1
177959,32028,71,3
177959,32034,84,1
177959,32062,4,2
177959,32064a,71,4
177959,32073,71,1
177959,32525,0,1
177959,32532,71,2
177959,32607,2,32
177959,32828,71,2
177959,32952,72,2
177959,3298,70,1
177959,3384,40,1
177959,3386,15,1
177959,33909,14,1
177959,34103,326,4
177959,34103,0,4
177959,3460,71,8
177959,3460,28,5
177959,3484,72,1
177959,35394,71,1
177959,35787,0,8
177959,3623,72,2
177959,3623,71,2
177959,3626c,322,1
177959,3665,28,2
177959,3665,0,2
177959,3666,71,2
177959,3666,72,6
177959,3666,2,3
177959,3673,71,8
177959,3678b,28,18
177959,3679,71,3
177959,3680,15,3
177959,36840,84,2
177959,36840,0,5
177959,3700,70,3
177959,3700,72,4
177959,3701,0,4
177959,3707,4,2
177959,3708,0,1
177959,3710,0,2
177959,3795,28,6
177959,3795,72,2
177959,3795,0,1
177959,3830,72,4
177959,3831,72,4
177959,3832,71,3
177959,3832,72,3
177959,3832,15,1
177959,3839b,71,1
177959,3895,0,2
177959,3899,4,1
177959,3937,71,1
177959,3941,47,1
177959,3956,71,2
177959,4006,179,1
177959,4032a,72,4
177959,4070,71,2
177959,4079,379,3
177959,4162,326,2
177959,4162,28,5
177959,41740,72,1
177959,41740,28,2
177959,4185,14,2
177959,41948,2,1
177959,4274,15,2
177959,4282,71,4
177959,4286,2,2
177959,4287c,0,2
177959,4304,19,6
177959,43898,15,2
177959,4477,28,2
177959,44861,0,4
177959,44865,72,2
177959,4510,71,2
177959,4515,28,2
177959,4533,41,2
177959,4588,15,2
177959,4599b,71,1
177959,47397,28,4
177959,47398,28,4
177959,4740,46,2
177959,47905,71,1
177959,48336,72,6
177959,4865b,14,3
177959,4865b,28,2
177959,49308,15,2
177959,50304,2,1
177959,50305,2,1
177959,52494,72,1
177959,54200,36,4
177959,54200,14,2
177959,57899,0,1
177959,58247,179,1
177959,59349,41,2
177959,59443,72,1
177959,6020,71,2
177959,60373,70,1
177959,60470b,0,6
177959,60474,72,2
177959,60475b,0,6
177959,60478,71,4
177959,60479,28,6
177959,60481,70,3
177959,60481,28,8
177959,60581,0,1
177959,60596,0,2
177959,6091,15,4
177959,6111,72,4
177959,61332,0,16
177959,6134,0,1
177959,6141,179,2
177959,6141,72,3
177959,6141,36,8
177959,61780,72,1
177959,6232,70,2
177959,6233,15,1
177959,64567,80,1
177959,6541,19,4
177959,6636,0,4
177959,6636,28,6
177959,6636,71,2
177959,6636,326,2
177959,67095,15,1
177959,68325,71,1
177959,68568,70,4
177959,69729,71,2
177959,69754,1103,2
177959,69755,72,2
177959,73111,15,1
177959,73230,70,4
177959,73825,72,1
177959,75c10,71,1
177959,76959,0,1
177959,77808,72,3
177959,78258,0,1
177959,78443,28,1
177959,78443,15,1
177959,78444,15,1
177959,78444,28,1
177959,80477,72,1
177959,83496,15,1
177959,85080,70,2
177959,85984,71,2
177959,85984,14,2
177959,85984,15,3
177959,85984,326,8
177959,86996,71,4
177959,86996,0,4
177959,87079,28,3
177959,87079,14,2
177959,87087,19,6
177959,87544,19,2
177959,87580,72,1
177959,87580,15,1
177959,87994,15,1
177959,87994,72,4
177959,88072,0,2
177959,89678,72,3
177959,89678,4,6
177959,90540,72,2
177959,91988,2,1
177959,92410,71,2
177959,92738,0,3
177959,93095,0,1
177959,93274,72,2
177959,93789,179,1
177959,96874,25,1
177959,98138,15,2
177959,98138,36,4
177959,98138,322,1
177959,98138pr0010,179,2
177959,98283,28,14
177959,98284,71,4
177959,98585,379,2
177959,98585,15,2
177959,99207,28,8
177959,99563,72,10
177959,99780,14,2
177959,99780,15,2
177959,99780,72,2
177960,10052,71,1
177960,11211,19,1
177960,11212,19,4
177960,11212,71,1
177960,11253,0,1
177960,11477,326,10
177960,13547,70,1
177960,13965,19,1
177960,13965,70,1
177960,14395,71,1
177960,14395,15,1
177960,14716,28,1
177960,14719,28,3
177960,14719,71,4
177960,14769,15,1
177960,15070,297,1
177960,15207,19,1
177960,15533,19,5
177960,15571,71,2
177960,15573,320,1
177960,15573,297,1
177960,15573,28,14
177960,15573,73,1
177960,15573,19,43
177960,15573,71,4
177960,15573,72,2
177960,15672,28,1
177960,15672,70,1
177960,15672,71,13
177960,15672,72,3
177960,15672,19,8
177960,15712,297,2
177960,15712,71,3
177960,15712,15,1
177960,1745,71,1
177960,1748,19,2
177960,17485,19,1
177960,18654,19,1
177960,18654,297,1
177960,18674,72,1
177960,20482,297,4
177960,20482,0,2
177960,20482,15,2
177960,20482,28,2
177960,21269,71,1
177960,22385,19,1
177960,22385pr0145,19,1
177960,22385pr0146,19,1
177960,22388,71,3
177960,22885,71,2
177960,22885,19,1
177960,22886,71,2
177960,22886,19,1
177960,2357,71,14
177960,2357,19,2
177960,2357,2,1
177960,24122,0,1
177960,2412b,19,36
177960,2412b,70,1
177960,2420,71,8
177960,2420,70,2
177960,2420,1,5
177960,2420,28,3
177960,2420,19,6
177960,24201,70,1
177960,2423,484,1
177960,24246,19,2
177960,24246,71,21
177960,24299,71,12
177960,24307,71,4
177960,2431,41,11
177960,2431,71,2
177960,2431,72,3
177960,2431,28,1
177960,2431,0,1
177960,2431,19,5
177960,2431,33,8
177960,24482,72,6
177960,2449,71,1
177960,2450,28,1
177960,2456,71,1
177960,2456,322,1
177960,2456,19,2
177960,2465,15,1
177960,24855,70,2
177960,24866,297,4
177960,25269,71,12
177960,25269,326,14
177960,25269,19,3
177960,25269,28,4
177960,26047,70,2
177960,26047,297,3
177960,26601,19,3
177960,26601,28,2
177960,26601,71,5
177960,26601,326,1
177960,26603,19,2
177960,26604,19,4
177960,27263,71,1
177960,27925,71,1
177960,27925,28,5
177960,27925,326,7
177960,28192,71,1
177960,28192,72,2
177960,28588,72,2
177960,28621pr4128,71,1
177960,3001,15,2
177960,3001,71,7
177960,3002,72,1
177960,3002,15,3
177960,3002,71,8
177960,3002,19,4
177960,3003,71,11
177960,3003,19,6
177960,3003,322,3
177960,3004,19,4
177960,3004,71,20
177960,3004,326,5
177960,3004,25,16
177960,3004,72,1
177960,3005,19,19
177960,3005,326,1
177960,3005,72,1
177960,3005,71,23
177960,3005,27,17
177960,3005,25,3
177960,3005pr0037,72,4
177960,3005pr0038,19,20
177960,3007,71,1
177960,3008,71,1
177960,3008,19,2
177960,3009,71,2
177960,3009,19,2
177960,3009,322,4
177960,3009,26,1
177960,3009,72,2
177960,3010,72,2
177960,3010,1,5
177960,3010,19,2
177960,3010,71,9
177960,3010,70,1
177960,30115,288,1
177960,30136,19,9
177960,30162,19,1
177960,3020,326,7
177960,3020,19,10
177960,3020,71,2
177960,3020,28,2
177960,3021,322,2
177960,3021,19,9
177960,3021,70,1
177960,3021,2,2
177960,3021,4,1
177960,3021,28,3
177960,3021,71,11
177960,3022,326,2
177960,3022,19,16
177960,3022,28,8
177960,3022,72,3
177960,3022,71,3
177960,3023,28,20
177960,3023,47,27
177960,3023,15,7
177960,3023,326,10
177960,3023,73,1
177960,3023,71,46
177960,3023,70,1
177960,3023,27,23
177960,3023,19,40
177960,3024,19,41
177960,3024,326,9
177960,3024,70,3
177960,3024,0,4
177960,3024,47,10
177960,3024,15,9
177960,3024,71,18
177960,3024,28,6
177960,3024,72,8
177960,3030,0,3
177960,3030,71,1
177960,3031,0,1
177960,3031,72,1
177960,3031,19,3
177960,3031,71,2
177960,3032,322,1
177960,3032,71,6
177960,3032,19,4
177960,3033,0,11
177960,3033,71,1
177960,3033,19,1
177960,3034,19,4
177960,3035,0,1
177960,3035,71,2
177960,30357,0,2
177960,30357,15,1
177960,30357,19,1
177960,30367c,47,1
177960,30374,19,12
177960,30374,71,7
177960,30374,0,1
177960,3038,71,2
177960,30385,378,6
177960,3039,71,2
177960,3040b,326,13
177960,3040b,47,5
177960,3040b,71,46
177960,3040b,72,14
177960,3044c,72,45
177960,3044c,19,1
177960,3045,71,1
177960,3049d,72,2
177960,3062b,70,1
177960,3062b,19,27
177960,3065,1053,3
177960,3068b,19,4
177960,3069b,19,34
177960,3069b,41,85
177960,3069b,71,9
177960,3069b,326,11
177960,3069b,33,51
177960,3069b,28,24
177960,3069bpr0391,19,3
177960,3069bpr0392,19,10
177960,3070b,28,27
177960,3070b,71,6
177960,3070b,0,4
177960,3070b,41,10
177960,3070b,70,2
177960,3070b,15,5
177960,3070b,19,16
177960,3176,14,1
177960,32028,28,1
177960,32028,19,4
177960,32064a,19,9
177960,3245c,71,1
177960,3245c,19,2
177960,32530,72,1
177960,32607,15,2
177960,32952,71,1
177960,32952,19,8
177960,3386,0,4
177960,3386,71,3
177960,33909,308,1
177960,33909,28,6
177960,33909,19,2
177960,3396,71,2
177960,34103,15,11
177960,34103,326,8
177960,34103,72,5
177960,34103,71,2
177960,34103,19,4
177960,34103,28,5
177960,3460,71,2
177960,3460,326,1
177960,3460,19,4
177960,3460,322,2
177960,3484,25,3
177960,3484,70,1
177960,3484,297,1
177960,35459,19,9
177960,35464,19,9
177960,35464,72,4
177960,35480,19,2
177960,35480,320,1
177960,35480,28,6
177960,35480,72,1
177960,3622,71,12
177960,3622,4,2
177960,3622,19,2
177960,3622,14,6
177960,3623,28,5
177960,3623,14,3
177960,3623,15,3
177960,3623,326,12
177960,3623,71,18
177960,3623,19,11
177960,3623,2,4
177960,3626c,19,1
177960,3660,19,1
177960,3665,2,7
177960,3665,71,12
177960,3666,1,2
177960,3666,71,3
177960,3666,28,4
177960,3666,26,1
177960,3666,326,1
177960,3666,15,1
177960,3666,70,1
177960,3666,19,7
177960,3678b,71,5
177960,36840,15,8
177960,36840,19,17
177960,36841,19,1
177960,3700,19,1
177960,3710,19,10
177960,3710,28,1
177960,3710,326,7
177960,3710,322,2
177960,3710,4,5
177960,3710,15,2
177960,3710,71,10
177960,3710,70,2
177960,37352,19,10
177960,3747b,71,2
177960,37762,19,7
177960,37775,182,1
177960,3795,70,1
177960,3795,2,2
177960,3795,19,7
177960,3795,71,3
177960,3795,28,1
177960,38317,72,2
177960,38583,19,5
177960,38585,19,6
177960,3937,72,4
177960,3941,19,20
177960,3942c,72,10
177960,3957b,19,2
177960,3958,71,1
177960,3958,0,2
177960,4032a,326,1
177960,4032a,19,2
177960,4032a,28,7
177960,4032a,15,1
177960,4070,47,1
177960,4070,19,30
177960,4070,320,1
177960,4070,28,8
177960,4162,0,13
177960,4162,19,1
177960,4162pr0101,0,1
177960,41682,19,2
177960,41740,28,1
177960,41740,0,2
177960,41740,19,7
177960,4216,19,2
177960,42445,47,1
177960,4286,71,15
177960,4286,326,1
177960,4287c,71,2
177960,4304,19,1
177960,4304,71,1
177960,43711,72,1
177960,43722,71,6
177960,43723,71,5
177960,4460b,71,11
177960,44728,19,1
177960,4477,4,2
177960,4477,71,3
177960,4490,71,1
177960,4490,19,7
177960,4733,70,1
177960,4733,15,2
177960,4740,72,1
177960,47905,19,1
177960,47905,70,2
177960,48336,297,1
177960,48336,19,2
177960,49668,19,1
177960,49668,191,1
177960,52107,28,1
177960,52107,15,1
177960,52107,71,6
177960,52107,70,1
177960,53451,70,2
177960,54200,212,2
177960,54200,71,5
177960,54200,72,2
177960,54200,28,1
177960,54200,70,2
177960,54200,19,10
177960,54200,47,35
177960,54200,326,23
177960,59900,297,1
177960,59900,71,1
177960,59900,19,3
177960,59900,0,1
177960,59900,72,15
177960,60474,28,2
177960,60474,322,1
177960,60475b,19,1
177960,60481,71,40
177960,60481,326,2
177960,60581,71,3
177960,60897,19,23
177960,60897,72,1
177960,6111,71,2
177960,6111,4,2
177960,6112,71,1
177960,6112,19,1
177960,61184,71,1
177960,6134,0,4
177960,61409,28,14
177960,6141,72,2
177960,6141,15,2
177960,6141,70,1
177960,6141,4,4
177960,6141,25,6
177960,6141,84,7
177960,6141,484,2
177960,6141,308,4
177960,6141,19,63
177960,6141,0,2
177960,6141,378,3
177960,6141,28,8
177960,6141,326,11
177960,6141,14,17
177960,61485,0,1
177960,6179,19,1
177960,6231,19,2
177960,6233,72,1
177960,6254,288,4
177960,63864,71,3
177960,63864,326,1
177960,63864,28,1
177960,63864,19,6
177960,63868,19,1
177960,63965,0,2
177960,64847,15,2
177960,6541,19,2
177960,65429,71,1
177960,65578,84,4
177960,6564,71,1
177960,65886,72,2
177960,6636,72,4
177960,6636,71,2
177960,6636,0,4
177960,6636,28,2
177960,6636,19,1
177960,66909,297,1
177960,68013,19,5
177960,73117,297,1
177960,73825,70,2
177960,73825,19,3
177960,73825,71,3
177960,76959,70,1
177960,76959,71,13
177960,77850,28,3
177960,77850,0,1
177960,78258,19,1
177960,78258,0,2
177960,78329,71,1
177960,78329,19,1
177960,78443,28,1
177960,78666,70,1
177960,79389,19,3
177960,79389,71,5
177960,85080,19,12
177960,85861,320,2
177960,85861,28,1
177960,85861,19,11
177960,85861,72,3
177960,85975,72,1
177960,85984,72,3
177960,85984,71,2
177960,85984,19,1
177960,87081,19,2
177960,87087,70,1
177960,87087,19,2
177960,87580,71,1
177960,87580,72,1
177960,87580,326,15
177960,87620,71,1
177960,87620,19,1
177960,87994,19,5
177960,87994,0,2
177960,88292,72,1
177960,88646,297,1
177960,89522,72,17
177960,89678,72,3
177960,90258,19,5
177960,91405,0,1
177960,92950,71,1
177960,96874,3,1
177960,98138,71,1
177960,98138,29,1
177960,98138,70,1
177960,98283,19,9
177960,98313,70,1
177960,99207,19,7
177960,99563,297,1
177960,99563,72,2
177960,99780,19,1
177960,99780,15,1
177960,99781,19,1
177961,02135,25,1
177961,02137pat0002,0,1
177961,10104185,9999,1
177961,11090,0,2
177961,11211,19,4
177961,11211,4,2
177961,11211,72,2
177961,11211,71,1
177961,11211,27,1
177961,11215,0,1
177961,1126,71,8
177961,11476,70,2
177961,11477,15,1
177961,14395,84,4
177961,14716,84,2
177961,14716,71,1
177961,14716,70,1
177961,14718,19,5
177961,14769,27,2
177961,14769,5,1
177961,14769,1050,1
177961,14769,84,5
177961,14769,1,1
177961,14769pr1075,70,2
177961,15068,15,6
177961,15070,15,3
177961,15207,15,1
177961,15254,71,2
177961,15462,70,1
177961,15469,323,7
177961,15469,378,7
177961,15469,288,3
177961,15470,15,1
177961,15573,15,1
177961,15573,72,1
177961,15573,191,2
177961,15573,27,2
177961,15573,25,1
177961,15706,72,4
177961,15712,71,1
177961,16577,71,1
177961,18653,71,2
177961,18654,25,1
177961,18674,15,2
177961,18674,72,4
177961,1871,71,1
177961,18746,1050,1
177961,18746,1062,3
177961,19532pr0010,15,1
177961,19798,0,1
177961,20482,0,1
177961,20482,15,1
177961,22388,71,1
177961,22885,19,6
177961,22888,15,1
177961,22961,72,5
177961,2343,297,1
177961,23443,0,1
177961,2357,14,2
177961,23969,71,1
177961,23969,47,2
177961,2417,288,1
177961,2420,71,3
177961,2423,378,1
177961,24246,71,4
177961,24246,15,3
177961,24299,15,1
177961,24309,15,2
177961,2431,84,10
177961,2431,71,4
177961,2446,1050,1
177961,2446,1062,1
177961,2453b,84,2
177961,2456,0,1
177961,2456,19,1
177961,2456,70,3
177961,24866,323,3
177961,26047,378,1
177961,2639,29,1
177961,26601,15,2
177961,26603,0,2
177961,26603,1,1
177961,26603,19,2
177961,27263,15,1
177961,27925,71,2
177961,28192,379,1
177961,28802,14,2
177961,29111,0,1
177961,29119,15,1
177961,29120,15,1
177961,298c05,71,1
177961,3001,272,1
177961,3001,4,2
177961,3001,70,1
177961,3002,72,1
177961,3003,14,1
177961,3003,71,1
177961,3004,71,11
177961,3004,2,1
177961,3004,272,3
177961,3004,3,1
177961,3005,70,1
177961,3005,272,3
177961,3005,0,1
177961,3005,71,15
177961,3005,322,5
177961,3005,84,3
177961,3008,71,3
177961,3008,70,2
177961,3009,70,1
177961,3009,71,9
177961,3009,84,1
177961,3009,272,2
177961,3009,0,1
177961,3010,272,1
177961,3010,70,1
177961,3010,72,4
177961,3010,71,12
177961,30151b,47,1
177961,3020,71,4
177961,3020,15,4
177961,3020,84,2
177961,3020,0,2
177961,3020,484,1
177961,3021,19,5
177961,3021,70,1
177961,3022,322,1
177961,3022,0,1
177961,3022,71,1
177961,3022,70,2
177961,3022,27,2
177961,3023,84,3
177961,3023,28,2
177961,3023,71,9
177961,3023,191,2
177961,3023,0,8
177961,3023,5,1
177961,3023,322,6
177961,3023,15,10
177961,3023,70,5
177961,3024,191,4
177961,3024,70,2
177961,3024,15,6
177961,3024,84,9
177961,3024,71,25
177961,3029,322,2
177961,3032,0,1
177961,3033,15,1
177961,3034,15,1
177961,3034,84,2
177961,3034,322,2
177961,3035,70,2
177961,3036,70,1
177961,30363,15,2
177961,30374,70,1
177961,30374,27,2
177961,30374,4,2
177961,30385,33,1
177961,30414,19,3
177961,30503,72,1
177961,30504,15,1
177961,30504,0,1
177961,30565,15,1
177961,3062b,14,1
177961,3062b,322,1
177961,3062b,484,20
177961,3062b,308,14
177961,3062b,212,1
177961,3068b,15,5
177961,3068b,30,1
177961,3068b,1062,1
177961,3069b,19,1
177961,3069b,322,10
177961,3069b,15,4
177961,3069b,191,1
177961,3069bpr0168,70,1
177961,3069bpr0369,5,1
177961,3070b,191,3
177961,3070b,15,2
177961,3070b,0,1
177961,3070bpr0234,71,2
177961,3172,70,4
177961,32028,378,1
177961,32028,191,2
177961,32064a,72,2
177961,32064a,15,1
177961,32202,15,1
177961,3245c,71,1
177961,32523,3,1
177961,32803,484,1
177961,32828,0,1
177961,33183,70,1
177961,33243,15,1
177961,3386,0,5
177961,33909,72,6
177961,33909,322,6
177961,34076,71,2
177961,34103,1,1
177961,3460,84,2
177961,3460,28,2
177961,3460,71,2
177961,3460,72,1
177961,35787,15,3
177961,3622,72,1
177961,3622,71,2
177961,3623,71,5
177961,3623,322,1
177961,3623,15,3
177961,3623,70,4
177961,3666,322,6
177961,3666,71,2
177961,3666,191,1
177961,3666,72,3
177961,3666,70,1
177961,3666,15,6
177961,3666,84,2
177961,36841,70,2
177961,3700,2,3
177961,3700,72,1
177961,3701,19,5
177961,3710,70,3
177961,3710,27,1
177961,3710,0,8
177961,3710,191,2
177961,3710,72,7
177961,3710,484,1
177961,3710,71,13
177961,3710,19,1
177961,3710,322,1
177961,3710,84,2
177961,37762,15,1
177961,3795,71,3
177961,3795,15,4
177961,3832,15,2
177961,3941,19,1
177961,3942c,323,7
177961,3957b,1,2
177961,4006,179,1
177961,4032a,322,1
177961,4032a,70,2
177961,40527,379,1
177961,41805,52,3
177961,41835pr0001,4,1
177961,41948,15,1
177961,4278,0,2
177961,4286,379,3
177961,42924,1,3
177961,4304,4,1
177961,43093,1,1
177961,43898,0,1
177961,4477,70,1
177961,44861,84,1
177961,4519,14,1
177961,47753,379,2
177961,48092,71,4
177961,48336,2,2
177961,48336,70,2
177961,48336,15,1
177961,4871,19,2
177961,49307,15,7
177961,49307,84,20
177961,50950,15,2
177961,53119,15,3
177961,54200,379,1
177961,54200,41,2
177961,54200,70,1
177961,57895,47,1
177961,59349,71,1
177961,59900,15,7
177961,6003,15,2
177961,6005,15,10
177961,60470b,15,1
177961,60470b,14,2
177961,60475b,72,1
177961,60475b,71,1
177961,60581,19,3
177961,60594,3,1
177961,60596,3,4
177961,60603,47,1
177961,60616b,47,3
177961,6081,15,2
177961,60897,322,1
177961,6091,15,2
177961,6091,71,9
177961,61332,0,2
177961,6141,179,2
177961,6141,70,5
177961,6141,297,2
177961,6141,85,2
177961,6141,1,2
177961,6179,0,1
177961,6180,71,1
177961,6182,71,1
177961,63864,1,1
177961,63864,19,1
177961,63864,15,3
177961,63965,70,1
177961,63965,0,1
177961,63965,10,7
177961,64647,182,1
177961,65304,25,1
177961,6541,4,1
177961,65509,484,1
177961,65578,47,2
177961,65886,27,1
177961,6636,71,1
177961,6636,1062,2
177961,6636,15,1
177961,66857,3,1
177961,67338,484,1
177961,68495pat0003,47,3
177961,69729,15,10
177961,69729,27,2
177961,70681,71,2
177961,73230,378,6
177961,73562,71,1
177961,73825,84,6
177961,73825,322,3
177961,77844,84,2
177961,78256,0,6
177961,78256,71,1
177961,78666,15,8
177961,79389,378,1
177961,79389,19,3
177961,79756,15,6
177961,79757,15,3
177961,80031,15,1
177961,85861,0,2
177961,85861,70,1
177961,85975,179,1
177961,85984,378,1
177961,85984,15,9
177961,85984,71,2
177961,86876,84,5
177961,87079,484,1
177961,87079,84,2
177961,87079,71,1
177961,87079,3,1
177961,87079,191,3
177961,87087,1,2
177961,87552,19,2
177961,87552,47,1
177961,87552,0,1
177961,87580,191,3
177961,87580,15,2
177961,87618,0,1
177961,87620,71,2
177961,87994,0,1
177961,88072,72,2
177961,89678,4,8
177961,90398,297,1
177961,90509,25,2
177961,90509,322,4
177961,92438,84,1
177961,93273,15,1
177961,93560,272,1
177961,96874,3,1
177961,98138,72,6
177961,98138,47,1
177961,98138,14,1
177961,98138pr0018,84,2
177961,98138pr0035,179,2
177961,98138pr0048,70,3
177961,98138pr0185,179,2
177963,10104259,9999,1
177963,11090,0,1
177963,11187,5,4
177963,1126,15,2
177963,11476,0,1
177963,11477,1053,4
177963,11477,84,4
177963,11610,71,1
177963,13548,71,1
177963,14716,0,2
177963,14719,84,1
177963,14769,84,1
177963,15070,15,4
177963,15469,288,1
177963,15469,323,2
177963,15469,378,2
177963,15573,70,1
177963,15573,226,4
177963,15573,72,1
177963,15706,71,1
177963,15706,70,2
177963,15712,0,9
177963,18653,15,1
177963,18674,72,2
177963,18674,15,1
177963,1871,15,4
177963,18980,1050,1
177963,20482,70,2
177963,23443,0,1
177963,2397,322,1
177963,2412b,484,5
177963,2412b,0,4
177963,2420,0,2
177963,2423,378,1
177963,24246,84,2
177963,24246,15,2
177963,2431,31,2
177963,2431,484,4
177963,2450,84,1
177963,24866,323,2
177963,25269,15,4
177963,25269,31,4
177963,25269,191,2
177963,2540,15,2
177963,2630,0,1
177963,2654,0,1
177963,26603,25,1
177963,26603,84,1
177963,27507,84,6
177963,27925,84,2
177963,28192,379,1
177963,28327,323,1
177963,2921,15,2
177963,3004,3,2
177963,3004,272,2
177963,3004,72,2
177963,3004,25,2
177963,3005,71,7
177963,3005,3,2
177963,3007,15,1
177963,30089b,27,1
177963,3009,3,3
177963,3009,71,1
177963,30099,71,1
177963,3010,3,2
177963,3010,15,2
177963,3020,15,2
177963,3020,27,1
177963,3020,14,1
177963,3020,484,1
177963,3020,70,1
177963,3022,3,1
177963,3022,15,2
177963,3023,70,1
177963,3023,3,5
177963,3023,25,2
177963,3023,15,7
177963,3023,0,2
177963,3023,322,2
177963,3023,28,1
177963,30237b,70,2
177963,3024,71,5
177963,3024,1,2
177963,3024,84,6
177963,3024,15,2
177963,3024,3,4
177963,3031,15,2
177963,3034,71,1
177963,3035,15,1
177963,3036,19,2
177963,30374,0,2
177963,30385,35,1
177963,3040b,41,1
177963,30414,72,1
177963,30414,71,1
177963,30503,71,1
177963,30504,19,1
177963,30565,15,2
177963,3062b,70,1
177963,3062b,484,3
177963,3068b,15,1
177963,3068b,70,1
177963,3068b,19,1
177963,3069b,15,2
177963,3069b,14,1
177963,3070b,15,6
177963,30925,0,1
177963,3168pr0053,71,1
177963,3168pr0055,71,1
177963,32028,484,8
177963,32028,15,2
177963,3245c,70,1
177963,32607,288,2
177963,32803,28,1
177963,32952,3,4
177963,3386,0,2
177963,33909,15,1
177963,3396,191,1
177963,3460,1,2
177963,3460,84,1
177963,3460,15,3
177963,3460,3,2
177963,35044,15,3
177963,35044,71,1
177963,35470,15,1
177963,35480,71,2
177963,35480,484,2
177963,35480,0,4
177963,35787,15,7
177963,35787,3,4
177963,3622,71,2
177963,3623,72,3
177963,3623,484,2
177963,3661,15,2
177963,3666,25,1
177963,3666,84,2
177963,36840,70,5
177963,36840,71,3
177963,3710,484,1
177963,3710,3,4
177963,3710,84,4
177963,3710,71,6
177963,3710,25,2
177963,3710,15,4
177963,3710,0,1
177963,37352,323,2
177963,37775,182,2
177963,3795,15,1
177963,3795,84,1
177963,3942c,323,2
177963,3961a,3,1
177963,4070,15,2
177963,41948,15,1
177963,4309,14,2
177963,43898,15,1
177963,44728,70,1
177963,44861,84,6
177963,47457,14,1
177963,48092,3,4
177963,49307,71,1
177963,49307,15,7
177963,54200,379,1
177963,59349,41,1
177963,59900,129,1
177963,59900,15,2
177963,6003,15,2
177963,6005,15,2
177963,60470b,71,1
177963,60470b,84,2
177963,60581,41,1
177963,60592,0,1
177963,60601,47,1
177963,60623,70,1
177963,6081,15,2
177963,6091,15,4
177963,6091,71,2
177963,6141,45,4
177963,6141,52,5
177963,6141,3,4
177963,61780,212,1
177963,6182,71,1
177963,6254,15,1
177963,6254,26,2
177963,6256,191,1
177963,63864,15,2
177963,63965,15,2
177963,64000,15,2
177963,65734,47,2
177963,67810,15,2
177963,68211,70,1
177963,68325,71,1
177963,68495pat0003,47,2
177963,68568,15,2
177963,68568,25,2
177963,70880,1053,1
177963,78258,15,1
177963,79393,15,2
177963,80015,25,2
177963,80015,15,2
177963,85080,3,4
177963,85861,71,1
177963,85861,70,2
177963,85984,27,4
177963,85984,14,4
177963,86876,71,1
177963,87079,14,1
177963,87079,25,3
177963,87079,272,1
177963,87079,15,2
177963,87079,27,1
177963,87375,47,3
177963,92438,19,1
177963,93095,70,1
177963,93273,84,1
177963,93273,0,1
177963,95188,15,1
177963,98138,14,1
177963,98138,47,1
177963,98138,71,2
177963,98138,72,3
177963,98138pr0018,84,3
177963,98138pr0048,70,4
177963,98138pr0056,84,2
177963,99207,70,1
177963,99780,212,2
177964,10101063,9999,1
177964,10197,0,8
177964,11214,4,12
177964,11458,0,2
177964,11477,0,2
177964,11946,27,2
177964,11946,0,1
177964,11947,27,2
177964,11947,0,1
177964,15092,72,1
177964,15462,70,2
177964,18651,0,18
177964,18654,27,14
177964,18654,0,10
177964,22961,27,8
177964,22961,71,1
177964,2387,27,8
177964,2387,0,4
177964,2389,27,8
177964,2389,0,4
177964,23948,14,1
177964,2395,27,1
177964,2395,0,1
177964,2403,0,1
177964,2403,27,1
177964,24116,0,2
177964,24119,0,1
177964,2420,0,4
177964,2431,0,2
177964,24316,70,15
177964,2457,27,2
177964,2459,27,2
177964,27940,72,7
177964,2819,0,1
177964,3022,72,2
177964,3023,0,4
177964,30374,27,3
177964,30374,0,2
177964,30699,0,2
177964,3069b,0,1
177964,32000,0,2
177964,32002,19,2
177964,32013,71,2
177964,32013,27,2
177964,32013,0,4
177964,32014,0,2
177964,32016,0,2
177964,32034,71,5
177964,32056,0,4
177964,32062,4,36
177964,32073,71,1
177964,32123b,14,15
177964,32126,0,4
177964,32140,27,2
177964,32140,0,16
177964,32140,71,2
177964,32184,71,5
177964,32192,0,2
177964,32202,27,2
177964,32270,0,1
177964,32278,27,1
177964,32278,0,2
177964,32291,72,2
177964,32316,0,4
177964,32316,27,2
177964,32449,27,2
177964,32523,0,2
177964,32523,4,2
177964,32524,0,4
177964,32525,0,7
177964,32525,27,1
177964,32526,0,8
177964,32526,27,2
177964,35186,0,2
177964,3623,0,2
177964,3673,71,2
177964,3705,0,4
177964,3706,0,1
177964,3707,0,1
177964,3713,71,2
177964,3795,0,1
177964,40490,71,5
177964,41239,71,4
177964,41677,0,20
177964,42003,27,12
177964,42135,72,10
177964,42195,4,2
177964,42531,27,2
177964,42924,1,45
177964,43093,1,45
177964,44294,14,1
177964,44309,0,2
177964,44874,27,2
177964,4519,14,17
177964,48267,27,4
177964,50950,0,2
177964,50950,27,2
177964,55013,72,1
177964,56145,0,2
177964,56904,0,2
177964,59443,0,4
177964,59443,71,4
177964,59443,27,4
177964,60483,27,18
177964,60485,71,7
177964,61332,0,93
177964,61408,4,1
177964,63864,0,1
177964,63869,0,6
177964,64393,27,1
177964,64681,27,1
177964,65304,0,8
177964,6536,0,23
177964,65487,1,4
177964,65487,27,5
177964,65487,15,1
177964,65487,0,8
177964,65489,71,2
177964,6553,0,2
177964,65746,0,1
177964,6589,19,4
177964,6632,4,4
177964,6632,0,10
177964,6636,0,1
177964,69729,0,2
177964,69819,71,2
177964,69819,0,6
177964,71682,0,3
177964,71682,27,13
177964,71708,27,8
177964,71708,0,5
177964,80274,27,1
177964,80278,27,1
177964,80286,27,3
177964,80324,0,2
177964,80324,27,2
177964,85861,0,9
177964,87080,27,1
177964,87083,72,6
177964,87086,27,1
177964,87408,0,1
177964,89678,72,15
177964,98138pr0161,0,1
177964,99008,19,2
177965,10169,84,1
177965,11212,2,1
177965,11212,19,1
177965,11477,484,1
177965,11833,84,3
177965,13548,71,1
177965,14704,71,1
177965,15573,191,1
177965,15573,72,4
177965,15573,71,2
177965,15712,19,1
177965,15712,72,4
177965,15712,0,4
177965,1745,71,2
177965,20482,72,10
177965,22484,72,1
177965,24246,70,1
177965,24299,71,2
177965,24307,71,2
177965,2432,70,1
177965,24482,72,2
177965,2540,0,1
177965,2540,28,1
177965,26047,0,1
177965,26047,2,1
177965,26047,71,2
177965,26601,72,4
177965,27263,71,2
177965,27925,70,2
177965,28326,71,1
177965,3005,71,1
177965,30136,71,1
177965,3021,28,1
177965,3021,15,1
177965,3021,72,1
177965,3023,182,1
177965,3023,36,1
177965,3023,28,2
177965,3023,71,1
177965,3023,19,1
177965,3024,0,1
177965,3024,71,2
177965,3024,72,1
177965,3062b,47,1
177965,3062b,308,11
177965,3069b,72,1
177965,3070b,41,1
177965,3070b,47,1
177965,3070b,72,1
177965,3070b,15,1
177965,3070b,40,2
177965,32828,71,3
177965,32828,72,8
177965,35394,71,1
177965,35464,0,4
177965,35480,72,1
177965,3623,70,2
177965,3623,15,2
177965,3623,72,2
177965,36840,19,2
177965,36840,0,1
177965,36840,72,2
177965,36841,0,1
177965,36841,71,2
177965,3710,72,1
177965,37762,0,1
177965,3839b,0,1
177965,3899,4,1
177965,4032a,2,3
177965,4070,70,2
177965,4081b,70,1
177965,4081b,72,2
177965,41769,0,1
177965,41769,15,1
177965,41769,28,1
177965,41770,28,1
177965,41770,0,1
177965,41770,15,1
177965,4349,72,2
177965,4460b,15,1
177965,4595,0,2
177965,4596,71,1
177965,4733,72,3
177965,4733,71,1
177965,47905,72,1
177965,48336,72,3
177965,4865b,28,1
177965,4871,0,1
177965,49668,179,1
177965,50950,272,2
177965,52107,71,2
177965,54200,15,1
177965,54200,272,3
177965,54200,71,4
177965,54200,70,3
177965,57899,0,1
177965,58247,1103,1
177965,59233pat0001,41,1
177965,59900,71,3
177965,59900,2,4
177965,60470b,72,1
177965,60470b,71,4
177965,60474,28,1
177965,60475b,72,2
177965,60478,71,2
177965,60478,72,1
177965,60478,15,1
177965,60481,15,1
177965,61252,71,1
177965,61252,0,1
177965,61409,72,4
177965,6141,84,2
177965,6141,272,4
177965,6141,71,1
177965,6141,4,1
177965,63864,70,2
177965,63868,28,1
177965,63868,70,2
177965,63868,71,1
177965,64567,1103,2
177965,64567,71,1
177965,65426,71,1
177965,65426,0,1
177965,65429,71,1
177965,65429,0,1
177965,65886,0,1
177965,66909,72,3
177965,66956,308,1
177965,78257,70,3
177965,78257,72,4
177965,78329,0,1
177965,79389,71,1
177965,85861,0,1
177965,85861,41,2
177965,85984,0,1
177965,86996,71,1
177965,86996,72,1
177965,87087,71,1
177965,89522,179,1
177965,92738,0,1
177965,93273,320,1
177965,93273,70,1
177965,95344,0,1
177965,98138,47,1
177965,98138pr0018,84,1
177965,98397,70,1
177965,99207,320,1
177965,99563,15,1
177965,99563,72,1
177965,99780,72,2
177965,99780,28,1
177965,99781,28,1
177967,10104633,9999,1
177967,11215,0,1
177967,11476,71,1
177967,11477,0,2
177967,14769,71,2
177967,15068,71,2
177967,15303,35,3
177967,15400,72,2
177967,15573,0,2
177967,18675pr0038,40,1
177967,18677,71,8
177967,1927,0,4
177967,2420,72,4
177967,24201,72,4
177967,24309,71,2
177967,2431,288,4
177967,2450,288,4
177967,2450,0,4
177967,2654,41,2
177967,26603,72,2
177967,2877,72,1
177967,28802,71,2
177967,3003,14,1
177967,3005,0,2
177967,3010,71,1
177967,3020,71,5
177967,3020,0,2
177967,3020,288,3
177967,3021,72,4
177967,3022,0,1
177967,3022,28,2
177967,3022,72,8
177967,3022,71,4
177967,3023,71,6
177967,3023,0,4
177967,3023,4,1
177967,3024,0,2
177967,3024,71,4
177967,3031,72,1
177967,30374,35,1
177967,32000,378,2
177967,32062,4,2
177967,32123b,71,2
177967,32803,0,4
177967,33909,72,5
177967,3460,71,4
177967,3623,288,4
177967,3623,72,4
177967,3666,72,4
177967,3710,288,3
177967,3710,71,4
177967,3747b,71,1
177967,4032a,72,2
177967,41682,0,2
177967,41769,72,1
177967,41770,72,1
177967,42003,72,2
177967,43722,71,1
177967,43722,288,2
177967,43723,288,2
177967,43723,71,1
177967,43857,71,2
177967,44861,72,2
177967,48336,72,1
177967,50304,71,2
177967,50305,71,2
177967,50950,71,4
177967,50950,288,2
177967,54200,71,2
177967,54200,36,2
177967,54383,288,2
177967,54383,71,1
177967,54384,288,2
177967,54384,71,1
177967,59900,0,2
177967,60219,72,1
177967,60470b,72,1
177967,61184,71,2
177967,61332,0,12
177967,6134,71,2
177967,6141,71,2
177967,6141,14,2
177967,63864,72,2
177967,63864,288,2
177967,63965,0,2
177967,64567,80,1
177967,64567,0,2
177967,69819,71,2
177967,76797,288,2
177967,85984,288,2
177967,87087,72,2
177967,87580,72,1
177967,93273,71,1
177967,99207,0,4
177967,99563,71,4
177967,99563,0,1
177967,99780,71,2
177967,99781,72,4
177968,10288,308,1
177968,11090,72,4
177968,11153,321,4
177968,11476,15,8
177968,11477,226,4
177968,11477,31,4
177968,11477,29,2
177968,14704,71,2
177968,15068,321,1
177968,15068,5,6
177968,15535,28,1
177968,15573,15,1
177968,22885,5,2
177968,22888,2,2
177968,2417,10,1
177968,2423,27,4
177968,24246,322,2
177968,2431,226,10
177968,24866,14,4
177968,25269,5,8
177968,25269,26,2
177968,2540,19,2
177968,2654,321,1
177968,26604,15,2
177968,2736,71,2
177968,27940,0,2
177968,29119,322,1
177968,29120,322,1
177968,3002,14,1
177968,3004,5,2
177968,3004,29,1
177968,3020,226,3
177968,3020,27,2
177968,3020,26,5
177968,3021,5,4
177968,3022,322,1
177968,3022,15,1
177968,3022,26,2
177968,3023,0,4
177968,3023,5,9
177968,3034,322,2
177968,3039,288,4
177968,30565,321,2
177968,3068b,5,2
177968,3068b,26,1
177968,3069b,26,2
177968,32028,272,1
177968,32062,0,2
177968,32064a,26,2
177968,32123b,5,4
177968,32607,30,4
177968,32803,288,2
177968,32952,272,2
177968,3298,26,1
177968,33183,10,3
177968,35480,15,3
177968,3705,0,1
177968,3710,29,2
177968,37352,29,5
177968,37352,323,4
177968,3795,30,2
177968,3941,70,5
177968,4032a,4,2
177968,4032a,5,3
177968,4032a,70,1
177968,4032a,0,4
177968,4070,26,2
177968,41682,15,1
177968,42135,5,2
177968,4216,15,2
177968,43093,1,1
177968,43719,26,1
177968,43722,3,1
177968,43723,3,1
177968,4871,5,1
177968,50950,0,1
177968,53451,0,4
177968,59443,70,1
177968,59900,70,3
177968,6005,5,2
177968,60470b,322,1
177968,60474,26,2
177968,60474,28,1
177968,60478,226,2
177968,60485,71,1
177968,61252,15,8
177968,6141,0,1
177968,6141,191,6
177968,64225,5,2
177968,67329,15,3
177968,69729,5,1
177968,75937,15,2
177968,87083,72,2
177968,89678,72,1
177968,92907,0,1
177968,93606,26,1
177968,98138pr0107,0,2
177968,98284,70,2
177968,98313,70,2
177968,99021,72,2
177968,99206,0,2
177970,11153,71,1
177970,11458,1,2
177970,11476,1,3
177970,11477,71,1
177970,11477,1,2
177970,11833,71,1
177970,15535,71,1
177970,15573,1,1
177970,15573,72,7
177970,18646,0,1
177970,18649,71,1
177970,18980,71,1
177970,2431,1,1
177970,2450,72,2
177970,2723,0,1
177970,27507,71,2
177970,3005,1,1
177970,3021,72,1
177970,3023,0,4
177970,3034,0,1
177970,30565,71,2
177970,3068b,72,1
177970,3070b,1,1
177970,3070b,71,2
177970,3795,72,1
177970,3960,71,1
177970,4032a,322,2
177970,4079b,0,2
177970,41682,72,1
177970,44861,72,1
177970,4519,71,1
177970,4740,72,1
177970,47905,71,1
177970,57899,0,1
177970,58247,0,3
177970,60474,72,1
177970,61332,0,2
177970,6141,41,7
177970,6141,71,3
177970,63868,71,2
177970,6541,72,2
177970,68325,71,1
177970,69755,72,3
177970,69767,179,3
177970,76797,71,2
177970,78257,72,1
177970,78329,72,3
177970,79389,0,1
177970,89678,72,1
177970,98284,0,1
177971,100559pat0003,484,1
177971,11602pr0031,71,1
177971,11609,297,1
177971,14417,72,2
177971,14769,323,2
177971,15573,19,1
177971,1613,2,1
177971,18653,322,2
177971,18746,191,1
177971,20482,15,1
177971,20482,297,1
177971,20953,15,1
177971,22667,4,1
177971,23969,322,2
177971,24111pr0042,19,1
177971,2412b,71,1
177971,24307,2,4
177971,2431,84,1
177971,24866,4,1
177971,24866,297,2
177971,2496,3,1
177971,25269,41,1
177971,2652pr0041,15,1
177971,2817,71,1
177971,2821,191,2
177971,28621,15,1
177971,2921,4,3
177971,3003,323,1
177971,30150,84,1
177971,3021,15,2
177971,3021,191,2
177971,3021,72,1
177971,3022,72,1
177971,3022,191,1
177971,3023,72,2
177971,3039,4,2
177971,3045,72,2
177971,3062b,4,4
177971,3062b,41,1
177971,3062b,3,8
177971,3069b,10,1
177971,3069b,15,2
177971,3168pr0002,15,1
177971,32474,15,2
177971,32607,10,5
177971,32828,70,1
177971,32828,71,1
177971,3300,4,2
177971,33078,4,1
177971,33172,25,1
177971,33183,27,1
177971,33183,70,1
177971,34050pr0001,379,1
177971,35480,4,1
177971,3623,191,2
177971,3659,484,2
177971,3666,322,2
177971,3666,15,2
177971,3673,14,2
177971,3710,10,6
177971,37352,4,2
177971,37775,182,1
177971,3837,72,1
177971,3878,0,1
177971,4032a,2,3
177971,41740,322,2
177971,41740,71,2
177971,41769,2,4
177971,4286,191,2
177971,42876,484,1
177971,43898,4,1
177971,4528,179,1
177971,46303,321,1
177971,4733,72,2
177971,4740,2,1
177971,4865b,322,2
177971,49307,15,2
177971,50254,4,12
177971,53119,70,1
177971,54200,182,2
177971,54200,2,8
177971,59900,2,1
177971,60032,19,1
177971,60474,15,2
177971,60474,4,1
177971,60897,4,3
177971,61252,4,1
177971,6182,15,2
177971,6183,4,1
177971,63082,71,2
177971,6541,191,2
177971,65509,4,1
177971,67687,71,6
177971,69901pr0039,484,1
177971,84307pr0002,191,1
177971,85861,297,1
177971,85984,10,1
177971,86996,4,3
177971,86996,84,2
177971,87580,27,1
177971,87580,4,1
177971,87580,3,2
177971,87580,25,1
177971,87580,73,1
177971,87580,191,2
177971,87580,322,1
177971,87580,14,1
177971,87580,10,1
177971,88646,4,1
177971,93160,15,1
177971,93273,15,1
177971,98138,41,3
177971,98138,158,2
177971,98138,46,2
177971,98138,4,2
177971,98138,1050,2
177971,98138,31,2
177971,98138pr0018,84,1
177971,98138pr0056,84,2
177971,98138pr0059,84,1
177971,98283,484,3
177971,99207,71,1
177971,99781,72,1
177974,11211,70,3
177974,11211,0,6
177974,11211,15,4
177974,11215,15,2
177974,14716,484,7
177974,14716,15,4
177974,14719,15,8
177974,14769,1,2
177974,15535,72,2
177974,15573,28,12
177974,15573,15,2
177974,18787,179,1
177974,18787,297,1
177974,18788,179,1
177974,18792,70,1
177974,18792,30,2
177974,20482,47,2
177974,22885,19,1
177974,2357,14,4
177974,2357,19,12
177974,2357,71,4
177974,2357,15,12
177974,2420,71,4
177974,2420,2,34
177974,2431,15,2
177974,24316,70,2
177974,2453b,15,2
177974,2454b,19,4
177974,2456,19,4
177974,2456,15,1
177974,24866,4,2
177974,2654,4,2
177974,26603pr0116,71,1
177974,28974,15,2
177974,3001,15,27
177974,3001,70,4
177974,3001,19,29
177974,3001,84,1
177974,3001,2,4
177974,3003,71,2
177974,3003,15,18
177974,3003,19,30
177974,3004,71,2
177974,3004,2,4
177974,3004,19,19
177974,3004,14,4
177974,3004,72,1
177974,3004pr0090,72,1
177974,3005,0,2
177974,3005,19,2
177974,3005,484,20
177974,3007,15,2
177974,3007,19,2
177974,3008,19,1
177974,3010,2,2
177974,3010,15,2
177974,3010,19,7
177974,3020,321,2
177974,3020,70,2
177974,3020,28,2
177974,3020,14,2
177974,3020,15,2
177974,3020,71,6
177974,3020,19,4
177974,3022,71,9
177974,3022,15,7
177974,3022,19,13
177974,3022,70,2
177974,3022,484,2
177974,3023,2,2
177974,3023,0,3
177974,3023,19,3
177974,3023,15,4
177974,3023,28,8
177974,30237b,19,4
177974,3024,40,14
177974,3024,15,18
177974,3024,182,3
177974,3024,46,3
177974,3024,0,4
177974,3024,484,10
177974,3027,19,1
177974,3031,15,10
177974,3031,2,6
177974,3032,70,2
177974,3033,2,2
177974,3034,19,9
177974,3035,19,3
177974,3036,19,1
177974,3068b,484,3
177974,3068b,15,4
177974,3068b,19,4
177974,3068b,71,2
177974,3068bpr0590,19,2
177974,3069b,484,2
177974,3070b,484,2
177974,3070b,288,2
177974,32001,71,2
177974,32062,0,4
177974,32064a,15,4
177974,3245c,15,2
177974,33909,70,4
177974,33909,19,4
177974,3456,15,1
177974,3456,10,2
177974,3460,308,2
177974,3460,19,2
177974,35480,0,4
177974,3701,15,4
177974,3709,15,2
177974,3710,15,4
177974,3738,71,1
177974,3795,70,2
177974,3795,15,4
177974,3795,71,2
177974,3795,288,4
177974,3832,19,2
177974,3937,15,4
177974,3938,15,2
177974,3958,15,2
177974,4032a,14,10
177974,4032a,0,5
177974,41740,70,4
177974,4216,15,2
177974,4282,288,2
177974,4304,15,4
177974,43093,1,4
177974,44567b,15,2
177974,44865,19,4
177974,4738c,84,1
177974,47455,0,2
177974,48171,72,2
177974,48336,2,2
177974,60470b,2,2
177974,60478,70,2
177974,6111,19,1
177974,6134,15,2
177974,6141,71,12
177974,6141,70,24
177974,64644,484,2
177974,64644,308,2
177974,6541,15,2
177974,65509,70,1
177974,65578,2,2
177974,67446,72,4
177974,69729,71,1
177974,79194,47,1
177974,80431,72,2
177974,80835,84,1
177974,86996,484,6
177974,86996,4,2
177974,87079,2,8
177974,87079,71,4
177974,87079,28,1
177974,87079,19,2
177974,87079,15,2
177974,87580,15,20
177974,87580,10,2
177974,87580,84,2
177974,87580,28,38
177974,87580,72,3
177974,87580,19,4
177974,87580,484,4
177974,91988,19,5
177974,91988,15,1
177974,96874,25,1
177974,99563,179,2
177975,14769pr1268,72,1
177975,1745,2,2
177975,18791,320,2
177975,18792,30,1
177975,19729,25,2
177975,19729pr0005,25,1
177975,20482,47,1
177975,2420,2,7
177975,24246,2,4
177975,2431,25,2
177975,2431,320,2
177975,2431,72,1
177975,2445,25,2
177975,2456,25,1
177975,2456,288,3
177975,24855,2,1
177975,24866,212,3
177975,24866,10,2
177975,24946,15,1
177975,2654,33,2
177975,28621,52,1
177975,3001,72,5
177975,3001,288,2
177975,3001,2,1
177975,3001,25,11
177975,3001,70,5
177975,3003,84,1
177975,3003,25,14
177975,3003,2,1
177975,3003,70,13
177975,3004,25,6
177975,3004,70,1
177975,3004pr0014,84,2
177975,3004pr0020,72,1
177975,3004pr0021,72,1
177975,3005,84,2
177975,3005,70,1
177975,30137,70,2
177975,3020,3,2
177975,3020,27,5
177975,3020,320,3
177975,3020,25,4
177975,3020,15,3
177975,3022,27,2
177975,3022,15,1
177975,3022,70,2
177975,3023,2,1
177975,3023,25,4
177975,3023,70,1
177975,3024,182,2
177975,3024,46,2
177975,3030,1,1
177975,3033,1,4
177975,3034,70,1
177975,3068b,15,1
177975,3068bpr0236,84,1
177975,3069b,25,4
177975,3069b,72,1
177975,3070b,288,4
177975,3128pr0002,71,1
177975,3129,179,1
177975,33183,10,2
177975,3622,25,12
177975,3710,320,2
177975,3710,72,3
177975,3710,70,2
177975,3795,70,3
177975,3830,70,1
177975,3831,72,1
177975,3958,2,1
177975,4032a,0,4
177975,4032a,72,1
177975,4070,25,2
177975,41740,320,2
177975,4738c,84,1
177975,48336,2,3
177975,60470b,2,3
177975,6141,15,1
177975,6141,71,1
177975,6223,47,1
177975,64644,308,2
177975,80835,84,1
177975,85861,70,4
177975,87079,71,1
177975,87079,2,1
177975,87087,70,1
177975,87580,72,5
177975,87580,288,5
177975,87580,2,3
177975,87580,84,1
177975,87580,70,4
177975,87580,52,2
177975,87580,25,4
177975,87580,33,2
177975,98138pr0367,47,2
177975,99780,320,4
177976,10247,0,1
177976,11153,4,2
177976,11208,179,4
177976,11209,0,4
177976,11477,4,2
177976,13731,0,2
177976,13731,321,4
177976,15068,4,5
177976,15068,0,1
177976,15207,71,6
177976,15573,0,3
177976,15712,71,2
177976,23443,0,2
177976,2412b,14,2
177976,2412b,179,2
177976,2412b,0,11
177976,2412b,71,1
177976,2420,71,8
177976,2420,14,4
177976,2420,0,4
177976,2431,321,4
177976,2431,4,2
177976,2431pr0158,14,2
177976,2432,321,1
177976,2432,14,1
177976,2432,4,1
177976,2437,40,1
177976,2446,0,1
177976,2446,4,1
177976,2446,321,1
177976,2447,0,3
177976,25269,321,2
177976,2654,71,4
177976,27256,41,2
177976,28326,0,4
177976,28802,0,1
177976,3001,0,2
177976,3003,19,1
177976,3003,0,1
177976,3005,71,6
177976,3010,72,4
177976,30136,0,4
177976,3020,0,6
177976,3020,71,1
177976,3020,4,3
177976,3021,321,4
177976,3021,15,2
177976,3022,19,2
177976,3022,4,2
177976,3022,15,1
177976,3023,4,4
177976,3023,72,2
177976,3023,0,2
177976,3024,14,4
177976,3024,0,3
177976,3031,14,1
177976,3068bpr0368,14,1
177976,3069b,321,2
177976,32803,0,2
177976,35480,14,4
177976,3622,0,4
177976,3623,4,2
177976,3665,0,10
177976,3666,4,4
177976,3666,0,7
177976,3710,0,6
177976,3710,71,4
177976,3710,14,1
177976,3795,71,1
177976,3795,0,2
177976,3829c01,71,3
177976,3832,0,2
177976,40687,72,2
177976,41740,14,2
177976,43722,4,2
177976,43723,4,2
177976,4477,19,2
177976,4477,0,2
177976,50943,179,1
177976,50950,0,1
177976,52107,0,1
177976,52501,0,1
177976,53451,0,2
177976,54200,46,2
177976,54200,36,2
177976,54200,47,4
177976,55981,14,4
177976,56891,0,4
177976,57783,40,1
177976,60212,0,2
177976,60219,0,4
177976,60470b,0,2
177976,60477,0,2
177976,60479,72,2
177976,60897,1,6
177976,60897,25,6
177976,6091,0,2
177976,61072,179,1
177976,61409,4,2
177976,6141,71,4
177976,6141,0,2
177976,64799,72,1
177976,64799,0,1
177976,65202,0,1
177976,77083,0,1
177976,77808,0,12
177976,81911,40,1
177976,85861,71,4
177976,85984,4,2
177976,85984,14,12
177976,85984,0,1
177976,85984,71,3
177976,87079,71,1
177976,87087,14,2
177976,87087,0,2
177976,87580,72,3
177976,93273,321,1
177976,98138pr0275,15,1
177976,98282,0,4
177976,99207,0,4
177976,99207,14,1
177976,99563,0,2
177976,99563,14,1
177976,99780,0,5
177976,99781,0,3
177977,11153,0,4
177977,11153,322,2
177977,11458,71,4
177977,11458,0,4
177977,11477,80,2
177977,11477,322,2
177977,11477,41,12
177977,14769,0,4
177977,15068,27,2
177977,15068,80,1
177977,15207,4,2
177977,15303,33,4
177977,15400,72,2
177977,15672,0,4
177977,15712,71,2
177977,18973,45,1
177977,18980,322,2
177977,22385,27,2
177977,2412b,27,3
177977,2420,4,4
177977,2420,15,2
177977,2431,36,1
177977,2431,41,1
177977,2432,0,4
177977,2432,15,2
177977,2446,0,2
177977,2447,40,2
177977,25269,80,2
177977,25269,0,2
177977,28324,0,2
177977,29119,322,1
177977,29120,322,1
177977,3001,71,1
177977,3010,27,2
177977,3010,0,2
177977,3020,26,1
177977,3021,323,6
177977,3021,71,1
177977,3022,4,2
177977,3023,41,12
177977,3023,36,2
177977,3031,71,1
177977,3031,27,1
177977,3039,0,1
177977,3065,34,3
177977,3065,45,3
177977,3068b,27,1
177977,3068b,26,1
177977,3069b,322,2
177977,32013,71,4
177977,32015,71,4
177977,32062,4,8
177977,32802,4,1
177977,32828,71,4
177977,35480,71,8
177977,3665,27,2
177977,3666,27,2
177977,3666,0,2
177977,3666,26,2
177977,3673,71,4
177977,3710,27,2
177977,3710,26,1
177977,3710,0,4
177977,3710,15,2
177977,3749,19,4
177977,3829c01,71,2
177977,3937,4,2
177977,40687,72,2
177977,41740,0,1
177977,4274,15,8
177977,45677,0,1
177977,4740,41,4
177977,48336,0,1
177977,50943,179,2
177977,50949,0,2
177977,52501,0,4
177977,52501,15,2
177977,55981,0,4
177977,55981,27,4
177977,57783,34,1
177977,59900,41,4
177977,60212,0,2
177977,60470b,4,2
177977,60475b,0,2
177977,60897,0,2
177977,60897,15,4
177977,61332,0,4
177977,6134,0,2
177977,61409,0,2
177977,61409,80,4
177977,6141,80,18
177977,6215,4,1
177977,63864,80,4
177977,6636,27,1
177977,6636,26,1
177977,67446,72,4
177977,71752,19,2
177977,72206,26,4
177977,73230,71,4
177977,77083,0,2
177977,77808,0,12
177977,78256,71,12
177977,79389,0,2
177977,85984,0,2
177977,85984,80,6
177977,87580,71,2
177977,92402,0,4
177977,92842,0,4
177977,93606,26,1
177977,98138,36,2
177977,98138,34,2
177977,98282,0,6
177977,99780,71,3
177977,99781,27,3
177978,1126,84,1
177978,14716,484,6
177978,14716,19,9
177978,15573,19,3
177978,15573,70,2
177978,15672,191,1
177978,18787,1103,1
177978,18789,322,1
177978,18920,179,1
177978,19723,322,1
177978,19727pr0020,3,1
177978,19729,19,1
177978,19730,322,1
177978,20482,47,1
177978,2357,15,12
177978,24008pr0005,191,1
177978,24008pr0092,84,1
177978,2431,19,1
177978,2431,484,4
177978,2454b,71,1
177978,2456,71,1
177978,2456,15,6
177978,2456,19,2
177978,2456,3,2
177978,24855,2,2
177978,24866,2,8
177978,24866,4,6
177978,26047,84,1
177978,26047,191,1
177978,28621,36,1
177978,3001,3,6
177978,3001,2,10
177978,3001,71,2
177978,3001,70,1
177978,3001,191,8
177978,3001,15,12
177978,3003,10,11
177978,3003,15,25
177978,3003,19,12
177978,3003,71,6
177978,3003,3,19
177978,3003,29,1
177978,3003,191,22
177978,3004,71,1
177978,3004,484,4
177978,3004,15,2
177978,3004,3,8
177978,3004pr0014,84,2
177978,3004pr0020,72,1
177978,3004pr0021,72,1
177978,3004pr0036,15,2
177978,3005,0,4
177978,3005,71,1
177978,3005,484,14
177978,3005,19,2
177978,3010,19,1
177978,3010,484,4
177978,30136,15,2
177978,3020,2,2
177978,3020,19,4
177978,3020,70,2
177978,3020,71,3
177978,3020,26,8
177978,3020,27,2
177978,3020,191,2
177978,3021,3,1
177978,3022,15,2
177978,3022,14,2
177978,3022,19,2
177978,3022,4,2
177978,3022,71,11
177978,3023,26,4
177978,3023,71,1
177978,3023,0,1
177978,3023,15,7
177978,3023,3,4
177978,3024,0,9
177978,3024,46,4
177978,3024,71,4
177978,3024,33,2
177978,3024,182,4
177978,3024,84,3
177978,3024,70,1
177978,3024,47,1
177978,3030,191,1
177978,3031,19,2
177978,3031,2,2
177978,3033,71,2
177978,3035,71,2
177978,3062b,10,4
177978,3068b,15,2
177978,3068b,4,1
177978,3068bpr0236,84,1
177978,3069b,71,1
177978,3069b,484,4
177978,3069b,0,1
177978,3070b,191,1
177978,3070b,15,2
177978,3129,179,1
177978,3245c,71,1
177978,33183,191,2
177978,34816,71,2
177978,35480,15,2
177978,3623,15,1
177978,3666,72,1
177978,3700,19,2
177978,3710,28,3
177978,3710,71,4
177978,37775,182,2
177978,3795,70,2
177978,3795,191,7
177978,3795,3,2
177978,3795,71,5
177978,3795,26,2
177978,4032a,0,9
177978,41682,70,1
177978,4216,19,2
177978,44728,2,8
177978,4738c,84,1
177978,60475b,15,2
177978,60478,70,2
177978,60583b,19,1
177978,60592,19,1
177978,6141,15,2
177978,6141,19,4
177978,6141,10,4
177978,6141,70,1
177978,61780,70,1
177978,63864,70,1
177978,63868,191,1
177978,63868,70,1
177978,64648,179,1
177978,65509,10,8
177978,65509,72,9
177978,65509,15,2
177978,77765,71,1
177978,79389,25,1
177978,80835,84,1
177978,85861,70,30
177978,85861,0,1
177978,86996,15,2
177978,87079,484,2
177978,87079,28,2
177978,87580,72,10
177978,87580,28,6
177978,87580,15,8
177978,87580,14,1
177978,87580,29,1
177978,87580,191,13
177978,87580,3,6
177978,87580,26,12
177978,87580,0,1
177978,87580,10,5
177978,87580,71,1
177978,88704,70,1
177978,92438,1,1
177978,92438,72,2
177978,92438,2,3
177978,96874,25,1
177979,10103055,9999,1
177979,11203,72,2
177979,11203,28,2
177979,11211,4,2
177979,11458,4,6
177979,15068,0,1
177979,15208,19,1
177979,15209,15,2
177979,15303,35,4
177979,15400,72,2
177979,15573,0,1
177979,18646,19,2
177979,18649,71,4
177979,18674,70,2
177979,18910,15,1
177979,22388,10,2
177979,2412b,179,1
177979,2420,72,2
177979,24246,182,2
177979,24246,15,4
177979,2437,40,1
177979,24866,10,2
177979,25269,46,2
177979,26603,14,2
177979,28326,4,4
177979,28802,0,1
177979,3001,27,2
177979,3005,0,2
177979,3005,14,2
177979,3010,27,3
177979,3010,0,1
177979,3020,85,4
177979,3020,27,2
177979,3022,14,3
177979,3022,26,1
177979,3023,27,3
177979,3023,70,4
177979,3031,27,1
177979,3031,70,1
177979,3034,71,1
177979,3034,28,1
177979,3040b,10,2
177979,3069b,4,4
177979,32000,19,4
177979,32000,70,4
177979,32013,71,8
177979,32062,4,13
177979,32192,0,8
177979,32802,72,1
177979,32802,0,1
177979,33909,19,1
177979,35480,484,1
177979,35480,15,1
177979,3660,72,6
177979,3666,27,3
177979,3666,85,2
177979,3710,70,2
177979,3713,4,8
177979,3749,19,2
177979,3823,47,1
177979,3829c01,0,1
177979,3829c01,15,1
177979,3832,0,2
177979,4081b,0,2
177979,4274,71,2
177979,4304,0,2
177979,44309,0,8
177979,44861,72,2
177979,4738c,70,1
177979,4739a,70,1
177979,47905,70,2
177979,50943,179,1
177979,53451,4,2
177979,54200,484,2
177979,56145,297,4
177979,56145,4,4
177979,57360,72,1
177979,59900,297,1
177979,59900,182,2
177979,60474,4,1
177979,60897,25,2
177979,61072,179,1
177979,6126b,182,4
177979,61332,0,10
177979,61485,0,1
177979,62462,179,2
177979,64648,25,2
177979,64799,0,1
177979,65249,15,8
177979,69755,72,2
177979,69767,1103,2
177979,76959,70,2
177979,77808,297,8
177979,77845,0,1
177979,78256,0,14
177979,80326,15,1
177979,85984,28,1
177979,85984,2,3
177979,86996,484,4
177979,86996,71,4
177979,87994,70,1
177979,92582,71,1
177979,93273,15,1
177979,98138,36,2
177979,98138,25,4
177979,98138pr0283,297,1
177979,98282,15,4
177979,99780,0,3
177979,99780,15,3
177980,11477,72,1
177980,14417,72,3
177980,14418,71,3
177980,15573,71,1
177980,18787,1103,1
177980,20482,47,1
177980,2357,19,3
177980,2431,19,2
177980,24855,2,2
177980,24866,1050,2
177980,24866,323,2
177980,24866,10,2
177980,25269,25,2
177980,26603,71,1
177980,3001,19,1
177980,3001,29,12
177980,3001,14,1
177980,3001,1,1
177980,3003,14,1
177980,3003,1,1
177980,3003,0,2
177980,3003,5,4
177980,3003,29,8
177980,3004,29,8
177980,3004,26,10
177980,3004,19,5
177980,3004pr0020,72,1
177980,3004pr0021,72,1
177980,3004pr0105,71,2
177980,3005,84,2
177980,3005,71,1
177980,3007,19,1
177980,3008,19,4
177980,3010,26,12
177980,3020,321,2
177980,3020,26,2
177980,3020,28,1
177980,3020,72,1
177980,3021,71,1
177980,3022,29,2
177980,3022,0,2
177980,3022,28,3
177980,3022,14,1
177980,3022,15,1
177980,3023,29,6
177980,3023,72,1
177980,3024,320,2
177980,3024,46,1
177980,3024,14,4
177980,3024,182,1
177980,3024,25,1
177980,3024pr0021,29,2
177980,3024pr0027,323,1
177980,3030,29,2
177980,3031,19,2
177980,3034,28,1
177980,3035,19,1
177980,3036,19,2
177980,3036,26,2
177980,3062b,27,2
177980,3062b,47,2
177980,3068b,15,1
177980,3068b,29,2
177980,3069b,28,2
177980,3069b,71,4
177980,3070b,19,2
177980,3070b,25,3
177980,3070b,71,1
177980,3710,29,6
177980,3710,71,2
177980,3795,19,5
177980,3795,70,1
177980,3795,29,2
177980,4032a,0,3
177980,41740,26,2
177980,41740,28,1
177980,4727,10,1
177980,4733,15,1
177980,4738c,84,1
177980,54200,25,1
177980,54200,71,1
177980,60581,47,2
177980,6141,70,2
177980,6141,322,3
177980,6141,33,4
177980,64644,308,1
177980,64648,25,1
177980,65509,70,1
177980,80835,84,1
177980,86879,29,1
177980,86879,323,1
177980,86996,326,2
177980,87079,29,5
177980,87580,1,1
177980,87580,28,4
177980,87580,71,1
177980,87580,72,1
177980,87580,14,3
177980,95343,71,1
177980,95344,28,1
177980,98138,3,1
177980,99563,297,2
177980,99780,71,1
177980,99781,71,1
177981,11203,71,1
177981,11211,0,36
177981,11211,15,1
177981,11213,0,3
177981,15068,71,5
177981,15068,0,38
177981,15573,0,252
177981,15573,1,36
177981,15672,0,2
177981,15672,1,8
177981,1927,0,36
177981,1927,15,10
177981,22385,15,10
177981,23186,84,1
177981,2357,0,4
177981,2357,71,4
177981,23948,14,8
177981,2412b,0,2
177981,2420,0,72
177981,24299,15,12
177981,24309,0,2
177981,2431,0,7
177981,2431,1,2
177981,2445,0,6
177981,26047,15,5
177981,26603,0,3
177981,3003,1,36
177981,3004,0,4
177981,3004,72,25
177981,3008,0,2
177981,3009,1,2
177981,3010,0,3
177981,30136,0,72
177981,30136,15,1
177981,30136,72,36
177981,30166,72,36
177981,3020,19,1
177981,3020,4,36
177981,3020,72,101
177981,3021,0,6
177981,3021,15,72
177981,3022,72,122
177981,3022,0,36
177981,3022,14,1
177981,3022,15,46
177981,3023,1,6
177981,3023,0,4
177981,3023,19,72
177981,3023,71,27
177981,3032,15,18
177981,3034,0,25
177981,3035,0,2
177981,3068b,72,36
177981,3068b,71,12
177981,3068b,0,2
177981,3069b,0,4
177981,32018,0,5
177981,32062,0,6
177981,32555,0,6
177981,32803,0,1
177981,34103,71,216
177981,34103,1,10
177981,3460,1,4
177981,35480,0,36
177981,35480,15,6
177981,35480,72,6
177981,3666,1,6
177981,3666,4,36
177981,3710,0,36
177981,3710,1,10
177981,3710,71,2
177981,3710,15,36
177981,3737,0,8
177981,3795,0,3
177981,3795,4,54
177981,3830,15,36
177981,3831,15,36
177981,3832,0,2
177981,3937,0,1
177981,4032a,0,41
177981,41239,0,2
177981,41677,15,32
177981,41682,0,6
177981,41682,72,36
177981,41769,0,36
177981,41770,0,36
177981,4304,71,36
177981,44861,0,72
177981,48336,72,72
177981,4865b,15,5
177981,50950,1,8
177981,51739,72,12
177981,54200,0,8
177981,60470b,15,72
177981,60478,0,36
177981,61252,15,5
177981,61332,0,20
177981,6134,0,1
177981,61406pat0009,15,10
177981,6141,71,36
177981,6141,15,92
177981,6180pr0032,0,1
177981,63868,15,36
177981,65578,47,1
177981,67095,15,1
177981,68568,0,4
177981,69729,0,8
177981,69729,4,2
177981,69819,0,4
177981,73230,71,64
177981,73825,0,4
177981,75902pr0019,72,1
177981,75904,71,1
177981,77765,71,2
177981,77845,0,72
177981,77850,0,1
177981,78443,15,18
177981,78443,0,1
177981,78443,4,18
177981,78444,1,72
177981,78444,0,1
177981,78444,4,54
177981,78444,15,18
177981,79389,1,4
177981,85943,72,2
177981,85984,4,2
177981,87079,0,3
177981,91988,71,70
177981,91988,4,2
177981,93606,0,2
177981,96874,25,1
177981,99207,1,4
177981,99780,0,2
177994,21459,297,1
177994,23986,15,1
177994,24946,19,1
177994,25111,297,1
177994,25269pr0001,19,1
177994,29636,71,1
177994,3069bpr0276,72,1
177994,3069bpr0301,71,1
177994,3069bpr0307,71,1
177994,38014,15,1
177994,4006,179,1
177994,40925pat0012,2,1
177994,41162,1103,1
177994,42876,484,1
177994,4522,0,1
177994,4528,0,1
177994,6256,0,1
177994,63965,70,1
177994,92585,0,1
177994,93058b,297,2
177994,93568pat0002,84,1
177994,98139,297,1
177994,98368,272,1
178001,11568pr0011,484,1
178001,15470,70,1
178001,24086,84,1
178001,2496,0,2
178001,30089b,321,1
178001,3068bpr0019,15,1
178001,3069bpr0302,322,1
178001,42511,85,1
178001,46303,1050,1
178001,53019,15,1
178001,79743,323,1
178001,98138pr0074,84,1
178068,3216,297,1
178068,3217,297,1
178068,3626cpr9643,297,1
178068,970c21pr0002,297,1
178068,973c03h21pr0001,297,1
178070,2187,4,1
178070,2188,4,1
178070,28621pr3977,14,1
178070,970c22pr0002,4,1
178070,973c22h10pr6559,4,1
178072,2187,10,1
178072,2188,10,1
178072,28621pr3980,14,1
178072,970c06pr0002,10,1
178072,973c06h35pr0001,10,1
178074,28621pr3996,14,1
178074,80831pr0002,4,1
178074,970c10pr0001,320,1
178074,973c25h01pr0003,378,1
178075,3216,297,1
178075,4065pr0001,0,1
178075,970c75pr0002,1103,1
178075,973c03h21pr0002,320,1
178077,2188,191,1
178077,28621pr3991,14,1
178077,3448pat0001,191,1
178077,970c38pr0001,191,1
178077,973e132pr0001,191,1
178078,21268,15,1
178078,28621pr3986,14,1
178078,3216,0,1
178078,970c03pr0041,297,1
178078,973c21h03pr0008,0,1
178079,3216,0,1
178079,3217,0,1
178079,3626cpr9643,297,1
178079,970c03pr0041,297,1
178079,973c21h03pr0008,0,1
178081,28621pr3994,0,1
178081,3216,0,1
178081,3221,0,1
178081,970c03pr0041,297,1
178081,973c21h03pr0008,0,1
178083,28621pr3997,14,1
178083,3216,297,1
178083,76772,15,1
178083,970c75pr0001,1103,1
178083,973c47h21pr0001,0,1
178085,2187,0,1
178085,2188,0,1
178085,28621pr3993,14,1
178085,970c03pr0040,0,1
178085,973c03h03pr0010,0,1
178086,2187,321,1
178086,2188,321,1
178086,28621pr3979,14,1
178086,970c04pr0001,321,1
178086,973c04h12pr0001,321,1
178087,28621pr3998,288,1
178087,30381,0,1
178087,36036pr9991,0,1
178087,973c35h18pr0001,0,1
178088,28621pr3994,0,1
178088,3216,297,1
178088,3221,297,1
178088,970c21pr0002,297,1
178088,973c03h21pr0001,297,1
178090,2187,1,1
178090,2188,1,1
178090,28621pr3987,14,1
178090,970c28pr0034,1,1
178090,973c28h05pr0001,1,1
178091,2188,272,1
178091,28621pr3985,14,1
178091,3213pat0001,272,1
178091,970c27pr0003,15,1
178091,973d47pr0001,15,1
178092,2187,15,1
178092,2188,15,1
178092,3626cpr9642,179,1
178092,970c27pr0004,15,1
178092,973c27h14pr0002,15,1
178117,3626cpr1635,14,1
178117,41879a,15,1
178117,65579,308,1
178117,973e057pr0002,15,1
178118,13785,484,1
178118,28621pr4050,14,1
178118,970c33,30,1
178118,973c43h01pr9999,29,1
178119,11303,1,1
178119,3626cpr1966,14,1
178119,970c20,326,1
178119,973c28h01pr9994,1,1
178120,3626cpr3156,14,1
178120,78301,0,1
178120,970c05,272,1
178120,973c42h01pr9999,322,1
178122,28621pr4051,14,1
178122,970c03,0,1
178122,973f035pr9999,71,1
178122,99930,0,1
178123,11303,4,1
178123,3626cpr3667,14,1
178123,970c27,15,1
178123,973c22h01pr9998,4,1
178124,31895pat0002,15,1
178124,3626cpr2951,14,1
178124,970c26,19,1
178124,973c27h01pr9999,15,1
178127,3626cpr2948,14,1
178127,37823,484,1
178127,970c24pr2359,379,1
178127,973c03h01pr9997,0,1
178129,3626cpr9975,14,1
178129,69560pat0001,308,1
178129,970c24pr0900,70,1
178129,973c11h01pr0001,28,1
178130,11256,71,1
178130,3626cpr3680,14,1
178130,970c28,1,1
178130,973c27h01pr4202,15,1
178131,3626cpr2463,14,1
178131,40240,0,1
178131,970c03,0,1
178131,973c27h01pr9995,15,1
178132,3626cpr3769,14,1
178132,93059,19,1
178132,970c25,378,1
178132,973c25h01pr9999,378,1
178134,28621pr4056,179,1
178134,61506,71,1
178134,970c14,71,1
178134,973c14h12pr9999,71,1
178136,3626cpr1974,14,1
178136,970c07,308,1
178136,973c27h01pr9994,15,1
178136,98371,308,1
178193,28621pr3985,14,1
178193,66915,1050,1
178193,970c27pr0003,15,1
178193,973d47pr0001,15,1
178195,28621pr3991,14,1
178195,80682,0,1
178195,970c05pr0035,272,1
178195,973e132pr0001,191,1
178196,3626cpr2113,14,1
178196,970c33pr0001,30,1
178196,973c01h09pr0001,30,1
178196,99242,85,1
178197,28621pr4049,14,1
178197,61183,308,1
178197,970c05,272,1
178197,973c19h01pr0001,70,1
178198,28621pr4048,14,1
178198,3838a,0,1
178198,93563,4,1
178198,970c75pr0003,1103,1
178198,973c75h22pr0001,1103,1
178200,20877,484,1
178200,3626cpr2049,78,1
178200,970c03pr2511,1103,1
178200,973c03h03pr6712,1103,1
178202,11303,1,1
178202,3626cpr0001,14,1
178202,970c28,1,1
178202,973c22h01,4,1
178203,3624,320,1
178203,3626cpr3510,78,1
178203,970c10,320,1
178203,973c10h02pr6711,320,1
178204,16709pats12,0,1
178204,28621pr4076,78,1
178204,37697,70,1
178204,65753,0,1
178204,973c03h02pr5682,0,1
178205,28621pr4075,78,1
178205,36762,0,1
178205,41879a,0,1
178205,973c03h02pr5745,0,1
178206,10048,0,1
178206,3626cpr3640,1088,1
178206,41879a,0,1
178206,973c03h69pr6709,0,1
178207,28621pr4080,1089,1
178207,85974,308,1
178207,970c03,0,1
178207,973c12h70pr6721,72,1
178208,20877,308,1
178208,3626cpr3865,1088,1
178208,970c03,0,1
178208,973c09h69pr6720,85,1
178209,3626cpr1778,78,1
178209,59363,84,1
178209,970c05,272,1
178209,973c15h02pr6723,323,1
178210,3626cpr2580,78,1
178210,92083,484,1
178210,970c11,28,1
178210,973c14h02pr6708,272,1
178211,3626cpr2906,78,1
178211,87991,484,1
178211,970c12,72,1
178211,973c19h02pr6722,70,1
178235,15446,0,1
178235,15573,297,1
178235,15712,297,2
178235,30171,1103,1
178235,3024,297,1
178235,3062bpr0012,297,1
178235,4733,72,1
178235,48729b,72,2
178235,49668,179,2
178235,61409,72,2
178236,3626cpr2903,78,1
178236,36762,0,1
178236,37364c11,28,1
178236,973c05h02pr6717,272,1
178237,15500,70,1
178237,3626cpr3796,78,1
178237,970c07,308,1
178237,973c12h02pr6719,72,1
178239,28621pr4072,15,1
178239,36036pr0070,378,1
178239,973c25h27pr6703,378,1
178240,3626cpr2903,78,1
178240,62810,0,1
178240,970c24,379,1
178240,973c11h02pr6464,28,1
178241,36036pr0069,70,1
178241,36037,484,1
178241,3626cpr2723,78,1
178241,973c19h02pr6699,70,1
178242,36036,0,1
178242,3626cpr2199,78,1
178242,92082,0,1
178242,973g02c03h02pr6702,0,1
178244,28621pr4074,78,1
178244,62810,308,1
178244,970c24,379,1
178244,973c14h02pr6707,71,1
178245,28621pr4073,78,1
178245,35494,308,1
178245,970c03pr2509,0,1
178245,973f017pr6705,0,1
178247,59794c01pr0005,3,1
178247,80908,0,1
178247,92198pr0408,92,1
178247,92456c03pr0420,92,1
178248,3626cpr9830,14,1
178248,66912pat0001pr0001,0,1
178248,76918,0,1
178248,970c22pat03pr2198,4,1
178248,973e123pr6578,191,1
178249,20379c01pr0008,19,1
178249,3321,0,1
178249,92198pr0405,84,1
178249,92456c02pr0012,84,1
178251,85762pr0001,4,1
178251,970c41,484,1
178251,973c21h46pr6741,297,1
178252,3598,0,1
178252,36187c01pr0037,158,1
178252,92198pr0404,1088,1
178252,92456c16pr0463,1088,1
178253,12618,297,1
178253,1884,3,1
178253,3626cpr3712,14,1
178253,85832pr0001,26,1
178253,970c27pr2517,15,1
178253,973c27h01pr6079,15,1
178254,2246c01pr0001,326,1
178254,69509pat0001,0,1
178254,92198pr0409,84,1
178254,92456c02pr0011,84,1
178255,104186,47,1
178255,2241c01pr0024,27,1
178255,25613,226,1
178255,92198pr0407,78,1
178255,92456c01pr0066,78,1
178257,3575pr0001,25,1
178257,41879a,70,1
178257,973c21h46pr6741,297,1
178258,11618,321,1
178258,36187c01pr0046,212,1
178258,3850,92,1
178258,92198pr0406,78,1
178258,92456c01pr0064,78,1
178259,28321,0,1
178259,59794c01pr0241,226,1
178259,92198pr0403,78,1
178259,92456c01pr0436,78,1
178260,28621pr4091,158,1
178260,28974,70,1
178260,41879a,272,1
178260,4740pr0024,28,1
178260,78257,0,1
178260,85975,0,1
178260,973c28h40pr6740,1,1
178261,23955,70,1
178261,36187c01pr0045,226,1
178261,92198pr0378,78,1
178261,92456c01pr0402,78,1
178262,3626cpr3206,19,1
178262,53094pr0001,484,1
178262,75513pr0001,484,1
178262,970c22pat03pr2056,4,1
178262,973e124pr6743,14,1
178264,18844,226,1
178264,59794c01pr0192,73,1
178264,61667,73,1
178264,92198pr0401,78,1
178264,92456c01pr0328,78,1
178266,59794c01pr0190,0,1
178266,61547,85,1
178266,64408,484,1
178266,92198pr0402,78,1
178266,92456c01pr0326,191,1
178267,24797pr0001,226,1
178267,59794c01pr0010,321,1
178267,92198pr0406,78,1
178267,92456c01pr0074,78,1
178268,37364c27,15,1
178268,41637,71,1
178268,67887pr0001,29,1
178268,973c27h14pr6645,179,1
178270,19195pr0001,484,1
178270,65203pr0033,78,1
178270,92198pr0402,78,1
178271,28649pr0374,78,1
178271,65224pr0020,272,1
178271,87991,19,1
178272,15504,0,1
178272,28621pr4042,14,1
178272,66912pat0001pr0001,0,1
178272,970c22pat03pr2198,4,1
178272,973e123pr6578,191,1
178273,18844,226,1
178273,65203pr0032,78,1
178273,92198pr0401,78,1
178274,3626cpr3151,15,1
178274,68211,70,1
178274,77333pr0001,15,1
178274,89522,25,1
178276,24629pr0001,78,1
178276,970c46pr2494,3,1
178276,973c38h27pr6649,191,1
178277,23186,0,1
178277,3626cpr3907,14,1
178277,41637,71,1
178277,970c27pr2414,15,1
178277,973c27h14pr6636,179,1
178279,16530c01pr0106,3,1
178279,35182,320,1
178279,92198pr0396,84,1
178279,92456c02pr0013,84,1
178280,22411,0,1
178280,28621pr3955,4,1
178280,85861,297,1
178280,973c22h22pr6680,4,1
178280,98376pr0004,4,1
178281,28621pr4052,78,1
178281,95226,0,1
178281,970c22pat19pr0001,4,1
178281,973g22c23h38pr6671,4,1
178283,103931,0,1
178283,24636,0,1
178283,28621pr4058,0,1
178283,36036pr0066,0,1
178283,973c03h15pr6675,0,1
178284,3626cpr9830,14,1
178284,66912pat0001pr0001,0,1
178284,970c22pat03pr2198,4,1
178284,973e123pr6578,191,1
178285,3626cpr3619,322,1
178285,41637,71,1
178285,93223,25,1
178285,93563,25,1
178285,970c27pr2414,15,1
178285,973c27h14pr6576,179,1
178286,28621pr4060,78,1
178286,36036pr0067,0,1
178286,59276,0,1
178286,973c03h02pr6677,0,1
178288,28621pr4016,78,1
178288,62810,70,1
178288,970c11,28,1
178288,973c24h02pr6590,379,1
178290,3626cpr2615,78,1
178290,41879a,379,1
178290,88286,19,1
178290,973c02h02pr6623,84,1
178291,15443,84,1
178291,3626cpr2624,78,1
178291,41879a,28,1
178291,973c23h02pr6612,84,1
178293,28621pr4054,1089,1
178293,62810,0,1
178293,970c27,15,1
178293,973c27h70pr6670,15,1
178294,21778,0,1
178294,28621pr4055,70,1
178294,970c12,72,1
178294,973c27h19pr6672,15,1
178295,3626cpr2613,78,1
178295,85974,226,1
178295,970c26pr2477,19,1
178295,973c02h02pr6591,379,1
178296,21778,0,1
178296,28621pr4018,78,1
178296,970c11,28,1
178296,973c01h02pr6597,14,1
178297,28432,226,1
178297,3626cpr2613,78,1
178297,970c26pr2477,19,1
178297,973c60h02pr6595,1050,1
178298,28621pr4017,92,1
178298,61183,0,1
178298,970c03,0,1
178298,973c03h13pr6596,0,1
178299,3626cpr3459,78,1
178299,85974,226,1
178299,970c26pr2477,19,1
178299,973c60h02pr6599,1050,1
178300,28621pr4015,78,1
178300,61506,19,1
178300,970c27pr2476,15,1
178300,973c27h02pr6588,19,1
178301,28432,226,1
178301,3626cpr3039,78,1
178301,970c26pr2477,19,1
178301,973c60h02pr6599,1050,1
178303,28621pr4016,78,1
178303,61506,19,1
178303,970c26,19,1
178303,973c32h02pr6593,73,1
178305,28621pr4019,78,1
178305,61506,19,1
178305,970c27,15,1
178305,973c27h02pr6598,15,1
178306,28621pr4057,14,1
178306,85974,484,1
178306,970c29,212,1
178306,973c27h01pr6700,320,1
178329,3537pr0001,27,1
178329,41879a,15,1
178329,973c27h18pr6753,15,1
178330,28621pr4098,1088,1
178330,3595,308,1
178330,37046,25,1
178330,37364c12,72,1
178330,973c27h18pr6751,15,1
178331,28621pr4099,73,1
178331,37046,191,1
178331,37364c23,84,1
178331,4050,85,1
178331,973c26h32pr6752,19,1
178332,101117c01pr0024,323,1
178332,18854,52,1
178332,2645,320,1
178332,92198pr0346,78,1
178332,92456c01pr0473,78,1
178333,11408c07pr0005,1089,1
178333,16925c01pr0009,320,1
178333,21268,71,1
178333,28649pr0393,1089,1
178334,16925c01pr0009,272,1
178334,37823pr0001,0,1
178334,92198pr0394,92,1
178334,92816c05pr0009,92,1
178335,101117c01pr0022,379,1
178335,18853,226,1
178335,2633,0,1
178335,92198pr0010,1089,1
178335,92456c06pr0004,1089,1
178336,11408c07pr0147,1089,1
178336,16925c01pr0138,71,1
178336,3277,0,1
178336,92198pr0352,1089,1
178337,2241c01pr0018,1050,1
178337,90396,0,1
178337,92198pr0362,84,1
178337,92456c02pr0009,84,1
178338,2645,320,1
178338,92198pr0346,78,1
178338,92456c01pr0057,78,1
178338,92818c01pr0148,272,1
178339,36198c01pr0015,191,1
178339,85974,70,1
178339,92198pr0369,1089,1
178339,92456c06pr0485,1089,1
178341,11408c06pr0005,70,1
178341,2268c01pr0017,15,1
178341,24184,25,1
178341,2646,0,1
178341,92198pr0349,70,1
178342,2277c01pr0008,3,1
178342,90396,226,1
178342,92198pr0392,92,1
178342,92816c05pr0008,92,1
178343,2241c01pr0039,14,1
178343,2644,308,1
178343,92198pr0338,1088,1
178343,92456c16pr0489,1088,1
178345,2277c01pr0015,379,1
178345,28649pr0383,78,1
178345,3833,4,1
178345,92815c01pr0006,78,1
178389,2633,0,1
178389,36198c01pr0016,212,1
178389,92198pr0010,1089,1
178389,92456c06pr0001,1089,1
178390,11408c06pr0003,70,1
178390,2268c01pr0001,4,1
178390,24184,25,1
178390,2646,0,1
178390,92198pr0349,70,1
178391,24184,25,1
178391,2632,19,1
178391,36198c01pr0001,158,1
178391,92198pr0337,92,1
178391,92456c03pr0005,92,1
178392,2277c01pr0001,3,1
178392,24184,25,1
178392,28649pr0391,78,1
178392,41334,72,1
178392,92815c01pr0005,78,1
178393,11408c07pr0002,1089,1
178393,2277c01pr0003,3,1
178393,24184,25,1
178393,25409,308,1
178393,92198pr0390,1089,1
178394,2277c01pr0004,1050,1
178394,24184,25,1
178394,2644,308,1
178394,92198pr0338,1088,1
178394,92456c16pr0001,1088,1
178395,100811c01pr0001,78,1
178395,2277c01pr0001,3,1
178395,24184,25,1
178395,2640,484,1
178395,92198pr0336,78,1
178397,11408c02pr0003,84,1
178397,2268c01pr0013,1050,1
178397,40938,70,1
178397,92198pr0335,84,1
178399,17347,308,1
178399,2277c01pr0004,14,1
178399,92198pr0381,1088,1
178399,92816c06pr0002,1088,1
178400,11408c06pr0004,70,1
178400,2268c01pr0015,321,1
178400,2646,0,1
178400,92198pr0355,70,1
178401,2632,19,1
178401,36198c01pr0001,158,1
178401,92198pr0337,92,1
178401,92456c03pr0475,92,1
178403,11408c01pr0018,78,1
178403,36198c01pr0002,28,1
178403,92198pr0343,78,1
178403,98385,323,1
178405,2241c01pr0025,321,1
178405,90396,226,1
178405,92198pr0392,92,1
178405,92816c05pr0006,92,1
178406,11408c02pr0004,84,1
178406,2277c01pr0009,1,1
178406,40938,70,1
178406,92198pr0335,84,1
178407,2277c01pr0007,27,1
178407,62696,308,1
178407,92198pr0388,1089,1
178407,92456c06pr0002,1089,1
178408,2277c01pr0006,1,1
178408,2633,19,1
178408,92198pr0387,78,1
178408,92456c01pr0044,78,1
178409,11408c07pr0003,1089,1
178409,2277c01pr0007,27,1
178409,3277,0,1
178409,92198pr0384,1089,1
178417,100811c01pr0002,78,1
178417,2277c01pr0028,320,1
178417,2640,484,1
178417,92198pr0336,78,1
178418,11618,31,1
178418,2277c01pr0027,379,1
178418,2644,308,1
178418,92198pr0338,1088,1
178418,92456c16pr0003,1088,1
178419,2136pat0002,30,1
178419,2277c01pr0027,379,1
178419,92198pr0338,1088,1
178419,92456c16pr0004,1088,1
178420,85974,226,1
178420,92198pr0339,78,1
178420,92456c01pr0526,78,1
178420,92818c01pr0148,272,1
178421,59794c01pr0009,191,1
178421,92198pr0400,92,1
178421,92816c05pr0001,92,1
178421,99240,72,1
178422,11408c07pr0004,1089,1
178422,16925c01pr0177,379,1
178422,2631,226,1
178422,92198pr0358,1089,1
178423,2241c01pr0001,27,1
178423,2633,0,1
178423,92198pr0010,1089,1
178423,92456c06pr0003,1089,1
178424,16925c01pr0016,212,1
178424,87990,226,1
178424,92198pr0382,78,1
178424,92816c01pr0059,78,1
178425,11408c06pr0003,70,1
178425,2268c01pr0017,15,1
178425,2646,0,1
178425,92198pr0349,70,1
178426,101117c01pr0022,379,1
178426,2645,320,1
178426,92198pr0346,78,1
178426,92456c01pr0057,78,1
178428,2632,19,1
178428,36198c01pr0001,158,1
178428,92198pr0337,92,1
178428,92456c03pr0007,92,1
178431,11303,1,1
178431,3626cpr3067,14,1
178431,970c28,1,1
178431,973c27h01pr4202,15,1
178432,3626cpr2948,14,1
178432,85974,226,1
178432,970c29,212,1
178432,973c01h01pr6584,212,1
178433,3626cpr3266,14,1
178433,41879a,30,1
178433,973c01h01pr6693,272,1
178433,98385,226,1
178434,23186,84,1
178434,28621pr4071,14,1
178434,970c46,3,1
178434,973c01h01pr6682,85,1
178436,3557pr0001,15,1
178436,3626cpr2951,14,1
178436,970c27,15,1
178436,973e125pr6608,15,1
178437,3626cpr2113,14,1
178437,87990,70,1
178437,970c12pr2432,72,1
178437,973c03h01pr6609,5,1
178439,3626cpr3925,14,1
178439,87990,0,1
178439,970e11,321,1
178439,973c46h01pr5207,3,1
178441,2646,0,1
178441,3626cpr3926,14,1
178441,970c03,0,1
178441,973c27h01pr6607,15,1
178442,3626cpr3361,14,1
178442,74528,4,1
178442,970c22,4,1
178442,973c22h01pr4786,4,1
178443,21778,71,1
178443,3626cpr3661,14,1
178443,970c46,3,1
178443,973c15h46pr5670,323,1
178445,3626cpr3909,14,1
178445,970c24pr0900,70,1
178445,973c11h01pr0001,28,1
178445,98371,308,1
178448,2514,70,1
178448,3626cpr3667,14,1
178448,970c41,484,1
178448,973c46h01pr6355,3,1
178450,3626cpr3063,14,1
178450,87991,19,1
178450,970c29,212,1
178450,973c43h01pr5894,29,1
178451,20596,484,1
178451,3626cpr3265,14,1
178451,41879a,29,1
178451,65753,0,1
178451,69903,0,1
178451,973c39h01pr6725,15,1
178452,11438,85,1
178452,2523pr0002,4,1
178452,28621pr4081,10,1
178452,970c38,191,1
178452,973c09h22pr6724,191,1
178453,17630,0,1
178453,3626cpr3071,14,1
178453,970c05,272,1
178453,973c22h01pr5737,4,1
178455,3626cpr3923,14,1
178455,87990,92,1
178455,970c05,272,1
178455,973c27h01pr9999,15,1
178457,3626cpr3158,14,1
178457,78301,0,1
178457,970c32pr2514,73,1
178457,973c01h01pr6726,30,1
178459,3626cpr3361,14,1
178459,970c35,288,1
178459,973c27h01pr6729,15,1
178459,98385,70,1
178460,27186,70,1
178460,3626cpr3156,14,1
178460,970c03,0,1
178460,973c27h01pr4203,0,1
178464,3277,27,1
178464,3626cpr2224,14,1
178464,66913,3,1
178464,970c03,0,1
178464,973c03h01pr6727,15,1
178465,3626cpr3770,14,1
178465,85974,226,1
178465,970c26,19,1
178465,973c26h01pr6731,19,1
178466,2646,0,1
178466,3626cpr9729,14,1
178466,41879a,272,1
178466,973e126pr6728,322,1
178467,11303,1,1
178467,28621pr4022,14,1
178467,41879a,1,1
178467,973c18h01pr6606,15,1
178469,36060,0,1
178469,3626cpr3917,14,1
178469,970c25,378,1
178469,973c05h01pr6605,272,1
178470,3532,308,1
178470,3626cpr2948,14,1
178470,970c10,320,1
178470,973c29h01pr5955,212,1
178471,3626cpr3026,14,1
178471,3833,4,1
178471,970c34,25,1
178471,973c34h12pr2913,25,1
178472,16178pat0001,4,1
178472,3626cpr2113,14,1
178472,970c05,272,1
178472,973c28h01pr4204,1,1
178473,3626cpr3917,14,1
178473,3833,4,1
178473,970c24,379,1
178473,973c32h01pr2998,25,1
178474,16178pat0001,15,1
178474,3626cpr3360,14,1
178474,970c03,0,1
178474,973c03h01pr6422,0,1
178475,28621pr4057,14,1
178475,76772,320,1
178475,970c05,272,1
178475,973c34h05pr6674,322,1
178476,3626cpr3025,14,1
178476,3838a,25,1
178476,67298pat0001,322,1
178476,970c05pr2479,272,1
178476,973c42h01pr6594,272,1
178477,22380,272,1
178477,30090,41,1
178477,3626cpr3917,14,1
178477,3838a,25,1
178477,970c05pr2479,272,1
178477,973c42h01pr6594,272,1
178478,22380,272,1
178478,30090,41,1
178478,3626cpr3903,14,1
178478,3838a,25,1
178478,970c05pr2479,272,1
178478,973c42h01pr6594,272,1
178479,2528,0,1
178479,3626cpr0895,15,1
178479,6266,15,2
178479,78132,15,1
178479,93061,15,2
178481,3626cpr3920,14,1
178481,38781,25,1
178481,83345,0,1
178481,970c27,15,1
178481,973c42h01pr6589,15,1
178482,25378,0,1
178482,3626cpr3926,14,1
178482,970c42,322,1
178482,973c27h01pr6669,322,1
178483,3626cpr2972,14,1
178483,78301,84,1
178483,970c42,322,1
178483,973c27h01pr6621,322,1
178484,3626cpr3917,14,1
178484,36933pr0003,15,1
178484,970c34pr2475,25,1
178484,973e127pr6619,25,1
178485,3626cpr2598,14,1
178485,52686pat0006,484,1
178485,970c34pr2475,25,1
178485,973c42h05pr6587,25,1
178486,26066,15,1
178486,28621pr4031,14,1
178486,970c34pr2475,25,1
178486,973c42h27pr6620,322,1
178486,98385,70,1
178488,22380,272,1
178488,30090,41,1
178488,3626cpr3025,14,1
178488,3838a,25,1
178488,970c05pr2479,272,1
178488,973c42h01pr6594,272,1
178489,26073pr0005,272,1
178489,3626cpr2589,14,1
178489,52686pat0006,484,1
178489,970c34pr2475,25,1
178489,973c42h05pr6587,25,1
178491,28621pr4057,14,1
178491,41805,41,1
178491,93560,272,1
178491,970c34pr2475,25,1
178491,973c34h05pr6674,322,1
178492,3626cpr2589,14,1
178492,52686pat0006,484,1
178492,970c34pr2475,25,1
178492,973c42h05pr6587,25,1
178494,3626cpr3917,14,1
178494,38781,25,1
178494,79688,0,1
178494,970c34pr2475,25,1
178494,973e127pr6619,25,1
178495,25378,0,1
178495,3626cpr3926,14,1
178495,38781,25,1
178495,970c42,322,1
178495,973c27h01pr6669,322,1
178501,02137pat0003,226,1
178501,3626cpr2598,14,1
178501,970c06,10,1
178501,973c06h27pr6689,4,1
178502,02137pat0001,70,1
178502,3626cpr0933,14,1
178502,970c03,0,1
178502,973c42h22pr6684,0,1
178503,3626cpr0893,14,1
178503,87990,0,1
178503,970c18,27,1
178503,973c37h06pr6685,1062,1
178504,35660pat0002,272,1
178504,3626cpr2109,14,1
178504,970c10,320,1
178504,973c05h27pr6690,1050,1
178505,3626cpr1675,14,1
178505,37364c27,15,1
178505,65753,85,1
178505,69857,0,1
178505,973c09h27pr6687,31,1
178507,3626cpr0677,14,1
178507,41879a,3,1
178507,973c43h01pr6373,70,1
178507,98385,84,1
178508,28621pr4062,14,1
178508,62810,484,1
178508,970c03,0,1
178508,973c38h03pr6683,191,1
178509,28974,15,1
178509,3626cpr1663,14,1
178509,46303,1050,1
178509,970c05,272,1
178509,973c27h12pr5878,321,1
178511,21778,0,1
178511,3626cpr3924,14,1
178511,970c60pr2484,1050,1
178511,973c01h01pr6616,15,1
178512,23186,308,1
178512,3626cpr3739,14,1
178512,970c27,15,1
178512,973c05h01pr6613,272,1
178514,11256,71,1
178514,3626cpr3920,14,1
178514,970c42,322,1
178514,973c37h01pr6158,5,1
178515,29633,84,1
178515,3626cpr1614,14,1
178515,970c30,179,1
178515,973c42h01pr6618,322,1
178517,3626cpr3561,14,1
178517,41879a,321,1
178517,53126,0,1
178517,973c01h01pr4770,15,1
178520,3626cpr1966,14,1
178520,44751,70,1
178520,970c05,272,1
178520,973c14h01pr6617,25,1
178522,3626cpr2972,14,1
178522,85974,484,1
178522,970c26,19,1
178522,973c01h01pr6584,212,1
178549,18787,1103,1
178549,3003,72,1
178549,3004pr0036,15,2
178549,3022,4,1
178549,3031,2,1
178549,33051,4,1
178549,3700,71,2
178549,3713,4,1
178549,4032a,0,1
178549,87083,72,1
178549,87580,4,1
178549,87580,72,2
178642,10190,226,2
178642,18854,45,1
178642,20482,5,1
178642,23969,41,1
178642,24184,25,1
178642,3001,25,1
178642,3004,25,1
178642,3021,19,1
178642,3023,14,1
178642,3023,25,1
178642,3040bpr0013,15,1
178642,30565,321,1
178642,3069bpr0100,2,1
178642,3069bpr0144,15,1
178642,3070b,14,2
178642,3710,19,1
178642,3795,19,1
178642,4070,15,2
178642,4490,19,1
178642,49579pr0001,323,1
178642,54200,322,2
178642,59900,19,1
178642,6141,19,3
178642,87580,14,1
178642,88072,14,1
178642,90397,27,1
178659,11214,4,3
178659,11476,4,8
178659,13548,71,8
178659,13548,28,1
178659,14418,71,4
178659,14716,19,2
178659,14716,484,8
178659,14719,70,4
178659,15068,0,10
178659,15254,72,1
178659,15470,297,1
178659,15573,484,2
178659,15573,28,6
178659,15712,70,1
178659,18651,0,5
178659,18674,70,7
178659,20482,70,9
178659,22484,72,4
178659,22885,19,3
178659,23443,4,8
178659,2357,70,5
178659,23986,378,1
178659,24122,70,6
178659,2417,15,17
178659,2417,288,3
178659,2420,70,12
178659,2420,71,4
178659,24204,70,1
178659,24246,15,2
178659,24307,28,1
178659,2431,70,3
178659,2431,41,5
178659,2450,288,1
178659,2450,378,3
178659,2450,28,2
178659,2456,2,7
178659,2465,70,3
178659,24866,10,29
178659,24866,29,68
178659,25269,72,7
178659,2540,297,16
178659,26047,297,4
178659,26601,2,4
178659,2682,288,31
178659,27263,2,23
178659,27263,72,21
178659,28598,288,7
178659,3001,4,3
178659,3001,28,1
178659,3002,2,1
178659,3003,71,5
178659,3005,484,21
178659,3005,19,4
178659,3008,2,3
178659,3008,484,2
178659,3009,72,1
178659,3009,19,4
178659,30136,71,8
178659,30176,2,6
178659,30176,27,4
178659,3020,0,8
178659,3020,28,2
178659,3020,288,2
178659,3021,288,7
178659,3021,14,5
178659,3021,0,4
178659,3021,2,8
178659,3022,71,1
178659,3022,0,6
178659,3022,2,7
178659,3023,0,3
178659,3023,2,17
178659,3023,326,8
178659,3023,28,7
178659,3024,2,1
178659,3024,70,4
178659,3024,41,25
178659,3028,71,2
178659,3029,28,3
178659,3030,2,3
178659,3030,70,2
178659,3032,484,1
178659,3034,2,1
178659,3034,0,2
178659,3034,19,9
178659,30357,2,10
178659,30374,0,9
178659,30377,4,6
178659,3039,28,4
178659,30414,0,30
178659,3062b,70,1
178659,3068b,84,10
178659,3068b,2,6
178659,3068b,0,2
178659,3069b,72,4
178659,3069b,84,2
178659,3069b,41,102
178659,3069bpr0386,41,3
178659,3069bpr0393,41,6
178659,3070b,70,3
178659,32000,70,1
178659,32016,70,3
178659,32018,72,1
178659,32062,4,3
178659,32073,71,1
178659,32606,5,34
178659,32607,288,9
178659,32607,27,26
178659,32828,19,1
178659,32932,0,6
178659,3297,308,4
178659,33320,72,1
178659,33492,72,3
178659,33909,308,16
178659,34172,15,2
178659,3460,70,5
178659,35044,28,1
178659,35787,288,2
178659,3623,288,16
178659,3666,288,4
178659,3675,308,8
178659,3700,2,9
178659,3710,70,14
178659,37762,10,8
178659,3795,2,2
178659,3795,70,8
178659,3832,2,3
178659,3832,72,2
178659,3832,70,1
178659,39262,30,4
178659,3958,288,2
178659,3958,19,1
178659,40145,0,10
178659,4032a,288,14
178659,40379,70,14
178659,4162,19,7
178659,41682,14,1
178659,41740,19,4
178659,4190,72,12
178659,4190,308,4
178659,4282,0,11
178659,42862,28,1
178659,42862,71,1
178659,43093,1,1
178659,43710,71,1
178659,43711,71,2
178659,43722,288,7
178659,43722,2,13
178659,43723,2,10
178659,43723,0,4
178659,43723,288,7
178659,44861,84,4
178659,4733,71,5
178659,4740,2,4
178659,4740,71,5
178659,47457,19,2
178659,47457,72,1
178659,48165,28,3
178659,48165,71,1
178659,51274,70,1
178659,54200,71,1
178659,54200,28,4
178659,58176,71,5
178659,59443,70,3
178659,59895,0,10
178659,59900,10,4
178659,59900,71,5
178659,59900,70,2
178659,60477,71,1
178659,60478,0,4
178659,60478,4,4
178659,60481,71,1
178659,60592,0,2
178659,60592,70,18
178659,60601,15,18
178659,61332,0,2
178659,6141,47,2
178659,62462,70,5
178659,63965,70,3
178659,64799,70,1
178659,65473,70,1
178659,65509,19,1
178659,65509,484,2
178659,6564,71,1
178659,6636,71,1
178659,67361,70,1
178659,68212,191,4
178659,68869,71,3
178659,75c08,4,4
178659,78258,70,3
178659,79808,19,1
178659,85861,27,4
178659,85861,297,1
178659,85975,297,2
178659,85975,70,7
178659,86996,71,1
178659,87079,0,30
178659,87580,297,1
178659,87580,72,1
178659,87580,28,15
178659,87620,71,3
178659,88930,0,26
178659,89678,72,3
178659,90258,72,3
178659,91405,71,2
178659,92438,71,2
178659,96874,25,1
178659,98138,71,5
178659,98138,27,2
178659,98138,0,1
178659,98313,70,2
178659,98374,1103,1
178659,98397,70,2
178728,3030,0,2
178728,3032,71,2
178728,3068b,71,4
178728,32013,71,6
178728,32062,4,4
178728,32073,71,2
178728,32123b,71,2
178728,32198,71,2
178728,3649,71,1
178728,3957a,71,1
178728,3960,71,1
178728,4032a,71,4
178728,4162,0,3
178728,4162pr0010,0,1
178728,4185,71,1
178728,44375b,71,3
178728,4519,71,1
178728,4740,71,1
178728,57585,71,2
178728,59443,71,6
178728,6141,71,1
178728,6636,71,4
178728,75c20,71,3
178762,28621pr4002,78,1
178762,51008pr0002,0,1
178762,970c03,0,1
178762,973c03h03pr6561,0,1
178763,21269,15,1
178763,3626cpr2623,78,1
178763,970c14,71,1
178763,973c14h02pr6204,71,1
178765,21268,71,1
178765,28621pr4005,78,1
178765,970c03,0,1
178765,973c03h27pr6564,0,1
178766,25264,0,1
178766,28621pr4003,0,1
178766,970c03,0,1
178766,973c03h03pr6562,0,1
178767,28621pr4002,78,1
178767,79688,0,1
178767,970c03,0,1
178767,973c03h02pr0002,0,1
178768,28621pr4002,78,1
178768,3320pat0001,0,1
178768,37157,0,1
178768,970c03,0,1
178768,973c03h03pr6561,0,1
178770,26066,70,1
178770,27149,0,1
178770,28621pr4004,78,1
178770,41879a,28,1
178770,973c03h02pr6563,0,1
178771,3626cpr1635,14,1
178771,41879a,2,1
178771,87990,70,1
178771,973c01h01pr6367,15,1
178772,3626cpr1966,14,1
178772,46303,26,1
178772,970c42,322,1
178772,973c27h01pr5051,15,1
178933,27186,226,1
178933,3626cpr3877,70,1
178933,970c39pr2397,31,1
178933,973c33h05pr6338,31,1
178934,28621pr4082,78,1
178934,76925,29,1
178934,970c22pr2393,4,1
178934,973c22h02pr6730,4,1
178935,28621pr4084,1089,1
178935,62696,0,1
178935,970c22pr2393,4,1
178935,973c22h70pr6733,4,1
178936,17630,308,1
178936,28621pr4085,1089,1
178936,970c22pr2393,4,1
178936,973c22h70pr6734,4,1
178937,21778,26,1
178937,28621pr4083,1088,1
178937,970c22pr2393,4,1
178937,973c22h69pr6732,4,1
178938,13785,25,1
178938,3626cpr2956,84,1
178938,970c03,0,1
178938,973c18h69pr6737,27,1
178939,11256,226,1
178939,3626cpr3273,78,1
178939,970c03,0,1
178939,973c03h02pr5743,0,1
178940,2631,226,1
178940,3626cpr3345,92,1
178940,970c29,212,1
178940,973c11h13pr6754,28,1
178941,3626cpr3865,1088,1
178941,970c27,15,1
178941,973c22h69pr6314,4,1
178941,98385,0,1
178942,13785,25,1
178942,3626cpr3879,1089,1
178942,970c34pr2398,25,1
178942,973c34h10pr6339,25,1
178943,15500,70,1
178943,3626cpr3465,78,1
178943,970c27,15,1
178943,973c04h02pr6468,321,1
178944,25376,4,1
178944,3626cpr3461,78,1
178944,92746,484,1
178944,970c28pr2394,1,1
178944,973c28h02pr6316,1,1
178945,25376,4,1
178945,36060,0,1
178945,3626cpr3866,1088,1
178945,970c28pr2394,1,1
178945,973c28h69pr6321,1,1
178946,25409,308,1
178946,3626cpr3878,1089,1
178946,970c05,272,1
178946,973c22h70pr6312,4,1
178947,3626cpr2375,70,1
178947,79688,0,1
178947,970c05,272,1
178947,973c27h19pr6756,15,1
179089,11477,70,3
179089,13547,19,1
179089,2431,70,1
179089,27263,70,2
179089,3023,19,3
179089,3024,28,7
179089,3040b,70,1
179089,3070b,70,3
179089,3623,70,3
179089,3623,19,2
179089,3665,19,1
179089,3710,70,1
179089,42924,1,1
179089,44861,84,2
179089,47905,19,1
179089,60478,28,3
179089,60897,92,2
179089,6141,14,1
179089,6141,15,2
179089,63868,70,1
179089,6541,70,2
179089,6541,71,1
179238,21459,45,1
179297,50899pat0001,272,1
179297,50899pat0001,73,1
179297,50899pat0001,0,1
179297,50899pat0001,1,1
179297,50899pat0001,320,1
179297,50899pat0001,15,1
179297,50899pat0001,27,1
179297,50899pat0001,4,1
179297,50899pat0001,25,1
179297,50899pat0001,191,1
179297,50899pat0001,78,1
179382,32073,0,15
179382,32174,19,10
179382,32174,8,5
179382,32174,7,9
179382,32174,379,7
179382,32174,73,10
179382,32174,25,3
179382,32474,7,59
179382,32474pr0001,8,3
179382,32475,137,3
179382,32482,0,5
179382,32506,27,2
179382,32506,15,8
179382,32551,73,2
179382,32551,1,2
179382,32551,4,2
179382,32554,1102,14
179382,32558,4,5
179382,32560,19,7
179382,32566,25,1
179382,32567,0,2
179382,32568,6,3
179382,32569,379,3
179382,32570,8,5
179382,32571,33,3
179382,32573,1,1
179382,3705,0,9
179382,3706,0,3
179382,41660,135,5
179382,41662,135,4
179382,41662,1,15
179382,41662,4,7
179382,41663,73,5
179382,41663,135,5
179382,41665,0,8
179382,41665,4,10
179382,41665,2,7
179382,41665,6,6
179382,41665,15,8
179382,41666,7,45
179382,41667,7,21
179382,41669,33,6
179382,41669,41,11
179382,41670,0,22
179382,41670,73,11
179382,41670,6,12
179382,41670,1,39
179382,41670,27,9
179382,41670,19,21
179382,41670,15,17
179382,41671,0,1
179382,41671pat0002,1,3
179382,41671pat0002,0,1
179382,41672,25,1
179382,41673,1,12
179382,41673,2,5
179382,41673,4,2
179382,41673,7,23
179382,41673,8,1
179382,42042g,150,4
179382,42042g,25,1
179382,42042g,134,3
179382,42042h,8,1
179382,42042h,0,1
179382,42042h,22,1
179382,42042h,1,1
179382,42042h,14,1
179382,42042h,178,6
179382,42042h,1086,3
179382,42042h,137,9
179382,42074,135,23
179382,43614,135,1
179382,43615,0,1
179382,43616,0,7
179382,43616,6,1
179382,43616,4,1
179382,43855,2,1
179382,43855,4,1
179382,44137,19,7
179382,44137,73,4
179382,44137,15,5
179382,44140,1072,1
179382,44140,1069,3
179382,44140,183,1
179382,44809,8,8
179382,44809,484,5
179382,44809,379,9
179382,44809,272,7
179382,44810,73,3
179382,44810,19,6
179382,44936,135,13
179382,44937,135,9
179382,45275,135,9
179382,45425,135,1
179400,23306,383,1
179400,2412b,0,2
179400,2412b,72,8
179400,2412b,14,2
179400,2420,71,2
179400,2431,72,2
179400,2436,0,2
179400,2444,72,2
179400,2450,272,2
179400,2458,19,1
179400,298c02,71,1
179400,3004,71,2
179400,3010,72,4
179400,3020,0,1
179400,3020,14,1
179400,3021,71,1
179400,3021,19,1
179400,3022,72,4
179400,3023,72,1
179400,3023,19,1
179400,3024,320,2
179400,3031,0,4
179400,3034,71,1
179400,3034,72,1
179400,30365,0,2
179400,30365,71,2
179400,30367bpr0006,15,1
179400,30374,41,1
179400,30374,0,4
179400,30382,379,4
179400,30383,0,2
179400,30387,71,2
179400,30389c,71,1
179400,3044b,19,1
179400,30503,72,4
179400,30503,0,2
179400,30565,379,2
179400,3062b,71,4
179400,3068b,71,2
179400,3068b,72,2
179400,3068b,272,3
179400,32062,0,1
179400,32064b,72,4
179400,3622,71,2
179400,3660,15,1
179400,3666,71,2
179400,3700,15,1
179400,3710,0,2
179400,3747b,14,2
179400,3747b,15,1
179400,3795,72,1
179400,3937,72,1
179400,3960pr9979,40,1
179400,4070,0,2
179400,4079,70,1
179400,4081b,71,6
179400,4085c,72,8
179400,4095,71,2
179400,4150pr0002,19,2
179400,4150pr0005,15,1
179400,41532,0,2
179400,4162,14,4
179400,41677,19,2
179400,41769,72,1
179400,41770,72,1
179400,4210,71,2
179400,42446,0,2
179400,42610,71,4
179400,4286,0,2
179400,43710,14,1
179400,43711,14,1
179400,43722,14,1
179400,43723,14,1
179400,44300,72,1
179400,44302a,71,2
179400,44568,71,2
179400,44570,71,2
179400,4477,72,2
179400,4589,36,6
179400,4589,41,2
179400,47753,272,1
179400,47753,72,1
179400,50304,14,1
179400,50305,14,1
179400,50986pr0001,40,1
179400,51000,14,4
179400,51869,9999,1
179400,6091,0,2
179400,6134,0,1
179400,6141,72,6
179400,6141,41,2
179400,6587,72,4
179400,6636,272,4
179502,2412b,14,14
179502,2412b,72,10
179502,2412b,71,3
179502,2431,15,14
179502,2431,72,5
179502,2431,0,6
179502,2432,71,9
179502,2436,71,1
179502,2437,41,1
179502,2450,0,2
179502,2453a,15,12
179502,2454a,15,29
179502,2456,72,2
179502,2456,15,3
179502,2465,71,2
179502,2486,14,2
179502,2540,71,1
179502,2555,15,2
179502,2569,0,2
179502,2654,46,2
179502,2654,1,1
179502,2736,71,2
179502,298c02,1,1
179502,3001,15,1
179502,3001,0,1
179502,3001,71,5
179502,3002,15,2
179502,3002,72,1
179502,3003,14,1
179502,3003,15,1
179502,3004,0,11
179502,30043,71,3
179502,3005,15,9
179502,3005,0,1
179502,30055,71,6
179502,30055,0,6
179502,3008,71,1
179502,3008,0,2
179502,3009,72,6
179502,3009,15,33
179502,3010,1,1
179502,3010,0,4
179502,3010,15,17
179502,30106,71,1
179502,30134,0,1
179502,30136,19,6
179502,30145,15,3
179502,30151a,47,1
179502,30162,72,1
179502,30165,4,1
179502,3020,14,1
179502,3020,15,1
179502,3020,4,3
179502,3020,70,3
179502,3021,15,1
179502,3021,0,1
179502,3022,4,2
179502,3022,14,1
179502,30225,72,1
179502,3023,14,2
179502,3023,46,2
179502,3023,1,12
179502,3023,0,2
179502,30237a,72,7
179502,3024,36,2
179502,3024,15,2
179502,3024,47,2
179502,30249,15,2
179502,30261,15,2
179502,3027,0,2
179502,3030,71,4
179502,3030,0,2
179502,3031,15,2
179502,3033,0,7
179502,3034,0,2
179502,30340,15,2
179502,3035,0,1
179502,3037,15,2
179502,3037,0,2
179502,30383,15,1
179502,3039,72,1
179502,3039pr0001,15,1
179502,3039pr0002,15,1
179502,3039pr0005,15,1
179502,3040b,72,2
179502,30552,71,2
179502,30553,71,1
179502,3062b,4,1
179502,3062b,15,10
179502,3068b,15,3
179502,3068bpr0137,15,1
179502,3069b,0,3
179502,3069b,33,4
179502,3069b,15,2
179502,3069bpr0020,71,3
179502,3069bpr0030,15,1
179502,3069bpr0086,71,1
179502,3069bpr0099,15,1
179502,3070b,0,4
179502,3176,0,2
179502,32014,0,2
179502,32028,15,2
179502,32062,4,8
179502,3245b,15,4
179502,3245b,72,4
179502,32530,72,4
179502,3460,71,2
179502,3622,15,2
179502,3623,0,4
179502,3660,71,7
179502,3660,15,7
179502,3665,71,1
179502,3665,15,6
179502,3666,14,6
179502,3666,0,2
179502,3679,71,4
179502,3680,1,4
179502,3684,15,2
179502,3700,1,1
179502,3701,71,4
179502,3710,1,11
179502,3710,15,1
179502,3741,2,2
179502,3742,4,6
179502,3794a,15,3
179502,3794a,1,1
179502,3794a,0,10
179502,3829c01,71,2
179502,3832,4,3
179502,3832,15,1
179502,3836,70,1
179502,3837,72,1
179502,3857,72,1
179502,3899,14,2
179502,3899,47,2
179502,3900,15,4
179502,3937,15,1
179502,3941,15,2
179502,3957a,15,3
179502,3958,0,6
179502,3962b,0,3
179502,3963,71,2
179502,4006,0,1
179502,4032a,19,4
179502,4070,72,4
179502,4070,4,5
179502,4079b,14,4
179502,4083,14,2
179502,4085c,1,1
179502,4151b,72,2
179502,4162,15,8
179502,4162,0,1
179502,41677,4,4
179502,4175,0,2
179502,4216,15,44
179502,4217,15,5
179502,4218,41,16
179502,4219,15,2
179502,4286,15,7
179502,43337,1,4
179502,4345b,4,1
179502,4346,4,1
179502,4349,72,2
179502,4349,4,2
179502,4360,0,2
179502,43898,72,1
179502,44302a,15,2
179502,44375a,71,1
179502,4449,70,1
179502,44728,71,1
179502,4477,0,8
179502,4519,71,2
179502,4522,0,1
179502,4523,1,2
179502,4532,71,1
179502,4533,15,1
179502,45677,15,2
179502,4599b,1,1
179502,4599b,15,1
179502,4599b,71,1
179502,4697b,71,2
179502,4740,71,3
179502,4740,15,1
179502,4740,14,2
179502,48336,71,2
179502,4865a,71,3
179502,4872,41,1
179502,48729a,72,6
179502,48812,70,1
179502,50745,72,4
179502,50745,15,4
179502,50859b,0,1
179502,50861,0,2
179502,50862,71,2
179502,50950,0,2
179502,52035,15,1
179502,52036,72,2
179502,52038,15,3
179502,52501,15,2
179502,54200,33,12
179502,54200,0,4
179502,54200,46,5
179502,54200,36,4
179502,57783,41,2
179502,57895,41,8
179502,58827,0,1
179502,59349,15,1
179502,59349,72,7
179502,59443,14,4
179502,59443,4,2
179502,59443,0,4
179502,6014b,15,8
179502,6015,0,8
179502,6019,71,4
179502,6019,4,2
179502,6020,71,1
179502,60470a,0,3
179502,60475a,0,7
179502,60475a,15,4
179502,60478,15,2
179502,60581,41,2
179502,60581,15,2
179502,60581,40,1
179502,60594,15,1
179502,60596,0,13
179502,60596,72,2
179502,60616a,41,1
179502,60621,71,2
179502,6064,2,2
179502,61068,15,1
179502,6111,72,2
179502,6111,15,8
179502,6134,71,1
179502,6141,46,5
179502,6141,71,5
179502,6141,47,2
179502,6141,33,4
179502,6141,34,4
179502,6141,36,12
179502,61482,71,4
179502,6157,71,4
179502,61973,9999,1
179502,62113,72,1
179502,6232,4,2
179502,62808,72,2
179502,64567,71,2
179502,6541,14,8
179502,6553,0,2
179502,6558,1,4
179502,6636,15,2
179502,6636,0,18
179502,6636,14,2
179502,75c18,0,1
179502,86208,72,2
179563,10169,84,5
179563,103820,28,1
179563,103821,28,1
179563,103822pr0001,28,1
179563,11055pr0022,15,1
179563,11090,0,2
179563,11203,72,3
179563,11211,15,2
179563,11211,0,6
179563,11212,71,1
179563,11214,4,1
179563,1126,71,13
179563,14226c11,0,1
179563,14226c31,0,1
179563,14395,15,2
179563,14413,15,2
179563,14417,72,2
179563,14418,71,2
179563,14704,71,4
179563,14716,15,2
179563,14719,15,1
179563,14769,71,8
179563,14769,84,3
179563,15068,15,3
179563,15068,0,1
179563,15070,4,2
179563,15070,71,5
179563,15207,15,1
179563,15254,14,2
179563,15460,72,1
179563,15535,0,1
179563,15535,70,1
179563,15573,484,2
179563,15573,19,2
179563,15573,14,5
179563,15573,15,16
179563,15573,0,17
179563,15573,72,6
179563,15672,71,8
179563,15672,15,1
179563,15712,288,3
179563,15712,0,17
179563,15712,14,4
179563,1748,71,5
179563,17485,0,4
179563,18651,0,2
179563,18653,72,4
179563,18654,0,2
179563,18674,0,1
179563,18674,72,8
179563,18674,70,2
179563,18677,0,2
179563,18980,15,2
179563,1927,0,4
179563,20482,70,2
179563,21301,308,1
179563,22885,71,3
179563,2343,179,2
179563,2357,15,6
179563,2357,71,7
179563,2357,14,2
179563,2412b,19,7
179563,2419,15,1
179563,2419,71,1
179563,2420,0,1
179563,2420,15,6
179563,24246,0,2
179563,24246,72,17
179563,24246,320,4
179563,24309,19,6
179563,2431,0,7
179563,2431,14,2
179563,2432,0,1
179563,2449,15,4
179563,2450,71,3
179563,2453b,14,2
179563,2462,15,11
179563,2465,15,1
179563,2465,0,1
179563,2489,70,2
179563,2489,84,4
179563,2527,4,3
179563,2530,72,6
179563,2561,70,8
179563,2562,1103,2
179563,2566,19,3
179563,2566,0,1
179563,2584,0,1
179563,2585,71,1
179563,26601,71,3
179563,26601,0,4
179563,26601,322,1
179563,26603,322,2
179563,26604,70,4
179563,27062pat0002,14,1
179563,27263,15,3
179563,28802,0,2
179563,3001,72,63
179563,3001,15,2
179563,3002,0,9
179563,3003,15,2
179563,3003,0,4
179563,3004,14,7
179563,3004,0,5
179563,3004,15,33
179563,30044,15,2
179563,30046,0,2
179563,3005,15,29
179563,3005,71,17
179563,3005,14,7
179563,3008,15,1
179563,3008,0,2
179563,3008,72,1
179563,3008,71,1
179563,3009,15,4
179563,3009,14,2
179563,3010,14,2
179563,3010,15,17
179563,3010,0,2
179563,3010,71,25
179563,30136,0,5
179563,30136,70,2
179563,30136,72,74
179563,30136,15,12
179563,3020,72,3
179563,3020,0,9
179563,3020,19,2
179563,3020,71,2
179563,3021,4,4
179563,3021,0,6
179563,3021,72,8
179563,3021,71,12
179563,3021,15,2
179563,3022,15,3
179563,3022,0,2
179563,3022,1,1
179563,3022,71,1
179563,3022,322,1
179563,3022,72,3
179563,3023,71,11
179563,3023,72,8
179563,3023,2,2
179563,3023,15,48
179563,3023,14,5
179563,3023,19,2
179563,3023,70,2
179563,3023,4,13
179563,30237b,0,2
179563,30237b,15,5
179563,3024,182,1
179563,3024,71,7
179563,3024,28,3
179563,3024,14,16
179563,3024,15,26
179563,3027,71,1
179563,3029,322,1
179563,3029,0,1
179563,3030,71,2
179563,3031,0,1
179563,3032,71,8
179563,3032,322,2
179563,3032,14,1
179563,3032,0,2
179563,3032,15,3
179563,3033,0,1
179563,3034,0,5
179563,3035,71,1
179563,3035,15,2
179563,3035,0,2
179563,30357,0,1
179563,3036,322,1
179563,30363,0,1
179563,3037,0,2
179563,30374,0,5
179563,3039,71,10
179563,30395,72,1
179563,3040b,72,71
179563,3040b,14,4
179563,30414,378,2
179563,3045,71,1
179563,3046a,72,91
179563,30503,71,1
179563,30565,15,3
179563,30565,72,1
179563,3062b,0,32
179563,3062b,2,3
179563,3062b,70,6
179563,3062b,15,4
179563,3068bpr0240,19,1
179563,3069b,0,3
179563,3069b,320,3
179563,3069bpr9989,15,1
179563,3070b,15,38
179563,3070b,320,2
179563,3176,70,2
179563,3176,0,1
179563,32001,0,2
179563,32016,70,1
179563,32034,70,2
179563,32062,0,2
179563,32062,4,1
179563,32064a,0,2
179563,32530,4,1
179563,32607,2,12
179563,32607,10,10
179563,33121,4,1
179563,33320,2,1
179563,33909,70,3
179563,33909,72,1
179563,34103,15,4
179563,34103,0,1
179563,34172,15,2
179563,34337,71,8
179563,3460,0,4
179563,3460,71,5
179563,35480,0,18
179563,35480,320,73
179563,35787,15,2
179563,3622,4,1
179563,3622,15,20
179563,3622,14,3
179563,3622,72,1
179563,3622,0,3
179563,3622,71,1
179563,3623,72,2
179563,3623,15,10
179563,3623,71,1
179563,3623,14,4
179563,3659,71,5
179563,3659,15,4
179563,3660,14,8
179563,3665,0,6
179563,3665,71,3
179563,3666,15,7
179563,3666,14,2
179563,3666,71,1
179563,3666,70,2
179563,3666,0,6
179563,3678b,71,21
179563,36841,0,2
179563,3700,15,2
179563,3700,0,1
179563,3701,0,5
179563,3706,0,1
179563,3710,14,4
179563,3710,71,1
179563,3710,15,2
179563,3710,0,14
179563,3710,320,3
179563,3713,0,2
179563,3747b,15,5
179563,3749,19,1
179563,37762,15,1
179563,37775,182,9
179563,37776,0,1
179563,3795,15,2
179563,3795,70,7
179563,3795,71,1
179563,3795,19,1
179563,38320,297,1
179563,3849,0,3
179563,3895,0,1
179563,3937,15,6
179563,3937,0,1
179563,3941,0,10
179563,3957b,0,3
179563,3958,322,1
179563,3958,15,1
179563,4032a,2,3
179563,4032a,484,8
179563,4032a,84,1
179563,4032a,70,2
179563,4070,72,4
179563,4070,14,2
179563,4070,15,10
179563,4081b,0,2
179563,41539,71,1
179563,41539,322,2
179563,4162,0,5
179563,4162,71,1
179563,41677,72,2
179563,41682,28,2
179563,41740,14,8
179563,41740,15,7
179563,4175,28,2
179563,41768,72,4
179563,41770,71,3
179563,42195,0,1
179563,42448,70,2
179563,4278,0,1
179563,4282,15,1
179563,4286,72,2
179563,43045,71,2
179563,43093,1,1
179563,4332,308,1
179563,43721,72,1
179563,4477,71,1
179563,4477,72,1
179563,4477,0,3
179563,4477,15,3
179563,4490,15,16
179563,4490,0,2
179563,4495b,4,1
179563,4495b,14,1
179563,4519,14,2
179563,4599b,70,1
179563,4738c,70,3
179563,47407,0,3
179563,47457,326,1
179563,48002a,0,1
179563,48092,15,3
179563,48336,4,1
179563,49307,4,6
179563,49307,320,18
179563,50950,19,2
179563,51274,70,3
179563,53912pr0001,15,1
179563,54200,14,2
179563,54200,0,8
179563,54200,15,16
179563,54200,72,66
179563,55236,288,3
179563,56823c50,0,1
179563,59900,0,10
179563,6020,0,3
179563,60470b,0,5
179563,60474,0,3
179563,60475b,72,19
179563,60475b,15,13
179563,60477,71,3
179563,60478,0,2
179563,60478,70,6
179563,60481,0,4
179563,60481,15,2
179563,60481,71,8
179563,60592,320,1
179563,60596,15,1
179563,60621,1103,1
179563,6076,0,3
179563,6081,15,4
179563,60897,14,7
179563,60897,15,3
179563,6091,0,2
179563,6091,15,4
179563,6091,4,2
179563,6091,322,2
179563,6106,322,6
179563,6112,71,8
179563,61252,0,5
179563,61332,0,9
179563,6134,15,6
179563,6134,0,1
179563,61409,0,2
179563,6141,320,8
179563,6141,4,1
179563,6141,46,5
179563,6141,71,2
179563,6148,2,12
179563,61485,0,1
179563,61485,15,2
179563,61780,72,1
179563,6232,72,1
179563,62462,70,3
179563,62462,0,5
179563,62808,72,2
179563,63864,15,2
179563,63864pr0012,28,2
179563,63868,0,2
179563,63965,0,5
179563,64567,308,8
179563,64644,70,1
179563,64799,70,2
179563,6632,72,2
179563,6636,15,3
179563,66906,0,2
179563,67687,0,4
179563,67810,15,2
179563,68888,70,3
179563,69729,19,1
179563,70681,4,2
179563,71752,0,2
179563,71752,19,1
179563,72454,0,2
179563,73825,14,16
179563,73825,15,6
179563,75937,0,1
179563,76797,19,4
179563,76959,15,2
179563,76959,0,8
179563,77180,15,1
179563,77182,15,1
179563,77808,72,20
179563,77864pr0001,28,1
179563,78329,71,1
179563,78329,19,4
179563,78443,0,1
179563,78444,0,1
179563,80543,15,6
179563,80543,71,7
179563,80835,70,3
179563,84943,1103,3
179563,85080,15,3
179563,85861,28,2
179563,85861,0,26
179563,85943,72,2
179563,85984,15,6
179563,85984,4,2
179563,85984,71,4
179563,87083,72,2
179563,87087,0,1
179563,87421,15,2
179563,87580,71,4
179563,87580,0,9
179563,87580,28,1
179563,87585,70,2
179563,87620,14,8
179563,87620,15,14
179563,87693,15,1
179563,87994,0,2
179563,88292,0,2
179563,89678,72,9
179563,91988,72,2
179563,91988,0,1
179563,92099,0,2
179563,92107,0,1
179563,92107,71,1
179563,92338,72,4
179563,92438,322,6
179563,92947,0,4
179563,92947,72,4
179563,92950,15,4
179563,92950,72,2
179563,93273,0,2
179563,93273,320,1
179563,93606,15,2
179563,93609,0,1
179563,95228,34,1
179563,95344,28,1
179563,96874,25,1
179563,98138,71,12
179563,98138,15,2
179563,98138,0,4
179563,98138pr0283,297,4
179563,98283,71,11
179563,98283,320,2
179563,98374,1103,1
179563,98560,72,33
179563,99008,19,2
179563,99207,71,4
179563,99207,0,5
179563,99563,297,4
179563,99563,14,18
179563,99563,15,55
179563,99780,15,12
179563,99781,320,1
179563,99781,71,1
179570,upn0068,0,1
179570,upn0182,0,1
179570,upn0389,0,8
179570,upn0389,379,4
179570,upn0389,41,2
179570,upn0389,70,4
179571,upn0068,0,1
179571,upn0182,0,1
179571,upn0389,0,6
179571,upn0389,320,4
179571,upn0389,41,2
179571,upn0389,179,6
179575,88646pr9998,0,1
179586,2456,4,2
179586,2456,1,2
179586,3001,14,20
179586,3001,0,6
179586,3001,1,14
179586,3001,15,10
179586,3001,4,20
179586,3001pr0009,14,1
179586,3002,14,10
179586,3002,15,6
179586,3002,4,10
179586,3002,1,8
179586,3002,0,4
179586,3003,4,22
179586,3003,0,10
179586,3003,1,20
179586,3003,15,12
179586,3003,14,22
179586,3003pr0053,14,2
179586,3006,14,2
179586,3007,1,2
179586,4727,2,3
179586,4728,15,1
179586,4728,1,1
179586,4728,4,1
179586,4729,14,2
179586,4744pr0027,4,1
179586,4744pr0037,2,1
179586,4744pr0050,1,1
179586,6215,2,4
179586,6215,14,6
179586,6248,4,2
179639,3837,0,1
179639,3852b,191,1
179639,4449,0,1
179641,88646pr9998,0,1
179806,11211,19,1
179806,11212,15,10
179806,11212,72,2
179806,11212,19,1
179806,11253,179,2
179806,14719,15,2
179806,14719,72,18
179806,14719,71,2
179806,14719,70,1
179806,14719,28,4
179806,15070,15,1
179806,15397,15,3
179806,15573,15,67
179806,15573,378,2
179806,15573,19,4
179806,15573,70,1
179806,15573,72,20
179806,15573,71,16
179806,15573,28,4
179806,15712,72,2
179806,15712,71,2
179806,15712,70,1
179806,15712,15,4
179806,16577,70,2
179806,18674,28,3
179806,18677,0,2
179806,19119,308,6
179806,19119,2,16
179806,1927,15,1
179806,20482,70,4
179806,2357,28,2
179806,2357,71,2
179806,2357,70,4
179806,2357,15,3
179806,23949,72,1
179806,23969,15,2
179806,2412b,71,4
179806,2412b,15,21
179806,2420,15,10
179806,2420,19,1
179806,2420,28,12
179806,2420,72,4
179806,24201,15,2
179806,24299,378,14
179806,24299,71,2
179806,2431,72,4
179806,2431,28,9
179806,2431,15,3
179806,2431,0,4
179806,2431,71,2
179806,2431,378,1
179806,2445,15,1
179806,2450,378,1
179806,2456,70,4
179806,2456,2,1
179806,2456,71,4
179806,24866,29,36
179806,24866,288,121
179806,25269,15,1
179806,25269,72,2
179806,25269,28,3
179806,2540,15,2
179806,25892,72,20
179806,26047,72,4
179806,26603,72,3
179806,26603,28,1
179806,26603,71,16
179806,26604,15,8
179806,3001,28,10
179806,3001,71,1
179806,3001,19,2
179806,3002,15,1
179806,3003,15,1
179806,3003,70,2
179806,3003,28,8
179806,3004,28,16
179806,3004,15,11
179806,3004,70,4
179806,3005,70,11
179806,3005,15,3
179806,3005,28,6
179806,3005,2,1
179806,3008,15,1
179806,3009,19,3
179806,3009,28,15
179806,3009,70,4
179806,3010,28,9
179806,3010,19,1
179806,3010,70,3
179806,3010,15,4
179806,30136,308,3
179806,3020,15,2
179806,3020,19,2
179806,3020,71,2
179806,3020,28,4
179806,3020,0,2
179806,3020,308,2
179806,3020,70,1
179806,3021,15,11
179806,3021,72,1
179806,3021,70,1
179806,3021,28,5
179806,3021,19,2
179806,3022,28,2
179806,3022,15,1
179806,3022,72,1
179806,3022,71,1
179806,3023,71,4
179806,3023,28,23
179806,3023,4,1
179806,3023,70,4
179806,3023,19,6
179806,3023,378,3
179806,3023,15,46
179806,3023,308,4
179806,3023,72,12
179806,3024,70,1
179806,3024,28,7
179806,3024,72,9
179806,3024,308,4
179806,3024,85,1
179806,3024,4,3
179806,3024,378,1
179806,3030,19,4
179806,3031,15,2
179806,3032,15,1
179806,3032,28,3
179806,3032,19,1
179806,3033,15,2
179806,3033,0,6
179806,3033,71,6
179806,3033,28,1
179806,3034,15,2
179806,3034,72,1
179806,3034,28,14
179806,3035,72,1
179806,3035,71,1
179806,3036,71,4
179806,3036,19,1
179806,3037,72,3
179806,3040b,72,2
179806,3043,72,1
179806,3044c,72,1
179806,3046a,72,2
179806,3068b,72,1
179806,3068b,28,2
179806,3068b,378,3
179806,3068b,71,1
179806,3069b,378,2
179806,3069b,15,7
179806,3069b,28,12
179806,3069b,71,13
179806,3069b,72,6
179806,3069b,70,5
179806,3069b,19,3
179806,3070b,71,2
179806,3070b,72,4
179806,3070b,28,1
179806,3070b,70,15
179806,3070b,15,35
179806,3172,71,1
179806,32028,15,2
179806,32028,72,9
179806,3299,72,10
179806,3300,72,6
179806,3386,15,10
179806,33909,19,2
179806,33909,15,37
179806,33909,378,3
179806,33909,72,43
179806,34103,15,19
179806,34103,71,12
179806,34103,72,60
179806,34103,70,1
179806,3460,28,3
179806,3460,15,9
179806,3460,72,2
179806,3484,72,2
179806,35480,28,2
179806,35480,378,8
179806,35480,70,4
179806,35480,72,2
179806,35787,15,2
179806,3622,70,2
179806,3622,15,8
179806,3623,70,4
179806,3623,19,1
179806,3623,28,11
179806,3623,15,22
179806,3623,71,3
179806,3623,378,2
179806,3626c,72,2
179806,3660,19,1
179806,3666,28,16
179806,3666,308,1
179806,3666,72,2
179806,3666,378,4
179806,3666,15,14
179806,3666,19,3
179806,3666,70,7
179806,3678b,28,5
179806,36840,70,1
179806,36841,0,2
179806,3685,28,11
179806,3710,28,4
179806,3710,71,2
179806,3710,70,10
179806,3710,19,2
179806,3710,15,28
179806,3710,378,4
179806,3710,308,1
179806,3743,15,2
179806,3747b,70,6
179806,37762,72,4
179806,3795,15,3
179806,3795,0,6
179806,3937,15,3
179806,3937,72,2
179806,3958,0,4
179806,4070,15,2
179806,4070,28,4
179806,4162,72,1
179806,4162,71,5
179806,4162,15,3
179806,4162,70,12
179806,4162,0,15
179806,4162pr0099,0,1
179806,4162pr0100,0,1
179806,41740,15,18
179806,41740,70,7
179806,41740,71,5
179806,41769,71,1
179806,41769,378,15
179806,4190,72,21
179806,42924,1,1
179806,4304,15,1
179806,4460b,28,8
179806,4477,15,8
179806,4477,28,4
179806,44861,15,4
179806,4733,70,4
179806,48336,15,1
179806,52107,4,1
179806,54200,28,2
179806,54200,72,6
179806,54200,15,5
179806,54200,308,3
179806,59900,72,4
179806,59900,70,2
179806,59900,288,10
179806,60478,15,2
179806,60479,72,2
179806,60479,15,1
179806,60479,70,2
179806,60479,19,1
179806,60581,19,3
179806,6112,19,2
179806,6134,15,1
179806,6134,71,4
179806,61409,71,2
179806,6141,308,25
179806,6179,0,2
179806,6231,15,6
179806,63864,72,8
179806,63864,19,1
179806,63864,28,5
179806,63864,71,12
179806,63864,378,12
179806,63864,15,4
179806,64799,15,1
179806,65429,71,2
179806,65509,15,1
179806,65509,72,41
179806,6636,71,2
179806,6636,72,4
179806,6636,28,11
179806,6636,19,1
179806,6636,15,3
179806,69729,72,2
179806,73109,15,2
179806,77844,15,4
179806,78258,70,10
179806,78329,15,2
179806,78329,19,1
179806,85861,288,7
179806,85861,28,1
179806,85861,4,6
179806,85861,70,4
179806,85861,0,8
179806,85984,72,6
179806,85984,15,1
179806,86876,15,2
179806,86996,15,98
179806,87079,28,3
179806,87079,72,6
179806,87079,378,4
179806,87079,71,5
179806,87087,15,20
179806,87544,19,2
179806,87580,15,1
179806,87580,71,1
179806,87580,72,12
179806,87580,70,1
179806,87580,28,2
179806,87618,70,1
179806,87994,72,1
179806,87994,297,3
179806,87994,70,4
179806,89678,72,2
179806,91988,19,8
179806,91988,72,1
179806,91988,0,11
179806,91988,71,6
179806,93273,72,3
179806,96874,25,1
179806,98138,19,2
179806,98138,15,5
179806,98560,28,38
179806,99207,71,1
179806,99563,70,3
179806,99563,15,2
179806,99563,72,29
179806,99780,72,3
179806,99780,28,2
179806,99781,28,1
179967,3011,10,7
179967,3011,14,1
179967,3011,1,1
179967,3011,4,1
179967,31021,15,8
179967,31111,1,1
179967,31111,14,1
179967,31111,4,1
179967,31111,2,1
179967,3437,10,2
179967,4066,14,42
179967,4221554,9999,1
179967,4221674,9999,1
179967,4221678,9999,1
179967,4268,47,1
179967,45186,9999,1
179967,50726,9999,1
179967,6474,4,4
179967,6474,14,4
179967,75021pr0001,15,2
179967,75176pr0011,14,1
179967,75271pr0003,14,1
179967,75271pr0006,4,1
179967,75721pr0001,15,2
179967,75723pr0001,484,2
179967,75726,92,2
179967,76045pr0001,2,1
