inventoryId,partNumber,color,quantity
180064,30192,72,1
180064,44709,0,1
180064,85861,0,2
180070,92585,4,1
180086,92738,0,1
180093,75904,71,1
180140,10104049,9999,1
180140,10104050,9999,1
180140,11090,297,6
180140,11153,272,4
180140,11211,78,15
180140,11211,14,2
180140,11211,71,17
180140,11211,28,2
180140,11212,19,2
180140,11212,71,2
180140,11212,72,1
180140,11213,15,1
180140,11213,28,4
180140,11213,71,4
180140,11476,78,5
180140,11476,1,1
180140,11477,78,2
180140,11477,71,28
180140,11477,379,23
180140,11833,71,2
180140,13548,297,11
180140,13548,28,9
180140,13965,19,28
180140,14395,71,4
180140,14719,0,1
180140,14769,322,1
180140,14769,297,1
180140,15068,379,98
180140,15254,70,4
180140,15395,297,1
180140,15397,0,2
180140,15470,297,5
180140,15470,179,1
180140,15533,19,4
180140,15535,15,1
180140,15571,297,3
180140,15571,15,4
180140,15573,28,1
180140,15573,78,10
180140,15573,272,2
180140,15573,71,28
180140,15573,30,1
180140,15573,297,15
180140,15573,15,16
180140,15672,1,10
180140,15672,71,2
180140,15712,297,6
180140,15712,71,1
180140,15712,70,3
180140,16091,0,1
180140,16577,19,6
180140,18034,179,1
180140,18041,0,2
180140,18041,297,12
180140,18646,71,2
180140,18653,272,2
180140,18653,70,2
180140,18654,4,2
180140,18674,0,4
180140,18674,72,3
180140,18674,31,3
180140,18674,28,3
180140,18674,10,1
180140,18759,72,9
180140,18838,19,16
180140,18980,272,4
180140,18980,72,2
180140,18980,0,1
180140,19121,297,10
180140,1927,272,12
180140,20310,70,6
180140,20310,297,6
180140,20482,4,4
180140,20482,15,8
180140,20482,72,1
180140,20482,0,1
180140,20482,297,14
180140,22385,84,2
180140,22484,72,2
180140,22885,71,17
180140,22885,19,10
180140,22888,2,3
180140,22888,28,6
180140,22889,72,1
180140,2310,71,2
180140,2343,47,2
180140,23443,297,10
180140,2357,71,4
180140,2357,28,18
180140,23969,70,1
180140,23969,297,46
180140,23969,15,4
180140,23986,15,1
180140,24085,19,1
180140,2412b,0,1
180140,2412b,297,6
180140,2419,71,2
180140,2420,71,14
180140,2420,0,2
180140,2420,28,16
180140,2431,85,2
180140,2431,272,3
180140,2431,41,4
180140,2431,72,2
180140,2431,71,1
180140,2431,28,4
180140,2435,288,3
180140,2445,19,10
180140,2445,0,6
180140,24482,297,21
180140,2450,28,3
180140,2453b,70,3
180140,2453b,297,45
180140,2454b,78,12
180140,2454b,19,1
180140,2456,0,2
180140,2456,19,3
180140,24593,71,3
180140,2476a,28,1
180140,24866,10,1
180140,24866,30,1
180140,24866,4,1
180140,24866,26,6
180140,25214,0,1
180140,25269,72,8
180140,25269,30,1
180140,25269,71,4
180140,25269,2,1
180140,25269,84,4
180140,25269,191,4
180140,25269,484,2
180140,25269,85,6
180140,25269,272,14
180140,26047,297,6
180140,26601,28,11
180140,26601,30,2
180140,26601,72,2
180140,26603,19,2
180140,26604,71,50
180140,27263,71,6
180140,27263,15,4
180140,27263,2,8
180140,27263,297,7
180140,27263,272,4
180140,27393,41,1
180140,27448,15,2
180140,27507,84,2
180140,27507,71,16
180140,27507,297,2
180140,27925,85,4
180140,27925,272,12
180140,27925,71,20
180140,27925,30,1
180140,27925,484,2
180140,28192,297,6
180140,28327,0,2
180140,28621,35,1
180140,2877,379,4
180140,29119,71,1
180140,29120,71,1
180140,30000,72,4
180140,3001,1,1
180140,3001,379,1
180140,3001,70,1
180140,3001,31,10
180140,3002,19,7
180140,3002,71,9
180140,3003,1,2
180140,3003,71,2
180140,3003,322,10
180140,3003,15,8
180140,3003,78,16
180140,3004,1,6
180140,3004,72,2
180140,3004,71,4
180140,30044,19,1
180140,30046,297,1
180140,3005,78,60
180140,3005,70,4
180140,3005,272,6
180140,3005,28,1
180140,3005,0,1
180140,3005,379,73
180140,3006,19,2
180140,3008,71,2
180140,3008,19,12
180140,3009,379,13
180140,3009,19,1
180140,3009,15,1
180140,3010,28,2
180140,3010,78,68
180140,3010,70,2
180140,3010,379,44
180140,3010,322,4
180140,30136,70,1
180140,30136,19,20
180140,30151b,47,1
180140,3020,320,1
180140,3020,19,6
180140,3020,1,1
180140,3020,72,9
180140,3020,28,8
180140,3020,71,28
180140,3020,2,1
180140,3020,85,1
180140,3021,15,4
180140,3021,28,13
180140,3021,19,1
180140,3021,71,5
180140,3021,30,1
180140,3022,0,13
180140,3022,1,1
180140,3022,4,3
180140,3022,272,4
180140,3022,70,1
180140,3022,72,15
180140,3022,297,8
180140,3023,272,12
180140,3023,308,1
180140,3023,28,3
180140,3023,15,4
180140,3023,182,1
180140,3023,320,3
180140,3023,297,157
180140,3023,78,34
180140,3023,30,2
180140,3023,326,3
180140,3023,1,6
180140,3023,72,2
180140,3024,297,179
180140,3024,15,1
180140,3024,379,8
180140,3024,71,3
180140,3024,78,21
180140,3028,84,2
180140,3029,28,5
180140,3029,71,10
180140,3030,72,6
180140,3030,28,1
180140,3031,19,4
180140,3031,2,2
180140,3032,19,1
180140,3033,28,1
180140,3033,322,2
180140,3033,71,2
180140,3034,28,9
180140,3034,15,2
180140,3035,28,4
180140,30355,72,1
180140,30356,72,1
180140,30357,71,2
180140,30357,28,4
180140,30357,272,4
180140,30357,85,2
180140,3036,28,1
180140,30367c,297,2
180140,30367c,179,1
180140,3037,71,7
180140,30374,15,1
180140,3039,2,2
180140,3039,71,2
180140,3040b,28,2
180140,3040b,19,3
180140,30414,71,6
180140,3046a,72,2
180140,30503,19,2
180140,30503,72,4
180140,30565,28,1
180140,30565,2,2
180140,30565,1,12
180140,3062b,19,13
180140,3062b,1,6
180140,3062b,46,2
180140,3062b,14,2
180140,3062b,297,7
180140,3068b,15,7
180140,3068bpr0679,28,1
180140,3068bpr0680,19,1
180140,3069b,15,6
180140,3069b,379,21
180140,3069b,70,3
180140,3069b,78,30
180140,3069b,84,4
180140,3069b,30,2
180140,3069b,71,9
180140,3069b,72,1
180140,3069b,272,2
180140,3069b,1,8
180140,3069b,0,2
180140,3069b,41,4
180140,3069bpr0379,47,1
180140,3070b,84,1
180140,3070b,71,3
180140,3070b,0,1
180140,3070b,2,6
180140,3070b,15,3
180140,3070b,272,4
180140,3176,15,2
180140,3176,0,1
180140,32028,71,14
180140,32028,379,4
180140,32028,272,2
180140,32028,70,2
180140,32028,297,32
180140,32064a,0,2
180140,3245c,19,1
180140,3245c,71,2
180140,32531,0,2
180140,32532,71,15
180140,32607,288,6
180140,32607,297,1
180140,32607,25,2
180140,32607,26,3
180140,32803,71,1
180140,32828,71,1
180140,32828,0,1
180140,32828,297,14
180140,32952,1,4
180140,32952,72,18
180140,32952,70,17
180140,33051,4,1
180140,33320,2,1
180140,33320,70,4
180140,33322,297,1
180140,33492,71,1
180140,33909,0,8
180140,33909,72,3
180140,33909,71,6
180140,33909,15,1
180140,34103,71,2
180140,3456,72,2
180140,3460,19,4
180140,3460,84,4
180140,3460,28,9
180140,3460,72,6
180140,35044,92,4
180140,35299,1,6
180140,35443,72,2
180140,35459,0,4
180140,35480,15,50
180140,35480,2,1
180140,35480,0,1
180140,35480,71,34
180140,35787,72,2
180140,35787,0,2
180140,35787,71,8
180140,35787,2,4
180140,35787,15,2
180140,3622,78,34
180140,3622,15,1
180140,3622,70,4
180140,3622,71,8
180140,3623,379,17
180140,3623,71,7
180140,3623,28,14
180140,3623,70,1
180140,3623,1,4
180140,3633,297,4
180140,3659,28,3
180140,3659,3,1
180140,3660,1,1
180140,3660,19,4
180140,3660,72,2
180140,3665,71,2
180140,3665,19,11
180140,3665,272,4
180140,3665,28,2
180140,3666,272,4
180140,3666,70,3
180140,3666,0,1
180140,3666,84,3
180140,3666,71,5
180140,3666,1,1
180140,3666,28,15
180140,3678b,1,11
180140,3679,71,2
180140,3680,0,2
180140,36840,0,2
180140,36840,71,1
180140,36841,71,2
180140,3685,1,20
180140,3700,72,1
180140,3703,72,4
180140,3710,272,10
180140,3710,85,4
180140,3710,71,7
180140,3710,70,5
180140,3710,379,4
180140,3710,15,1
180140,3710,78,16
180140,3710,28,2
180140,37352,78,2
180140,3747b,71,1
180140,3747b,19,2
180140,3747b,15,4
180140,37762,15,1
180140,37762,297,47
180140,37775,182,23
180140,37776,0,2
180140,3795,28,15
180140,3795,308,2
180140,3795,71,8
180140,3795,1,2
180140,3795,0,1
180140,3795,15,2
180140,3795,70,1
180140,38014,15,1
180140,3832,15,1
180140,3832,71,4
180140,38320,297,21
180140,3839b,379,24
180140,38583,19,4
180140,38585,19,32
180140,39262,297,1
180140,3941,71,3
180140,3941,3,1
180140,3941,19,36
180140,3941,46,1
180140,3941,78,5
180140,3942c,1,7
180140,3942c,297,2
180140,3943b,1,6
180140,3957b,484,1
180140,3958,72,4
180140,3958,1,1
180140,3960pr0023,15,1
180140,39739,297,3
180140,40066,19,5
180140,4032a,0,6
180140,4032a,297,6
180140,4032a,15,4
180140,4070,78,12
180140,4070,72,2
180140,4070,0,1
180140,41539,28,2
180140,4162,78,11
180140,4162,272,2
180140,41740,28,2
180140,41740,297,15
180140,41740,70,5
180140,42409,297,1
180140,42409,41,2
180140,42445,47,4
180140,4274,15,4
180140,4274,71,1
180140,4282,28,1
180140,4282,72,4
180140,4286,272,2
180140,42862,71,2
180140,42862,2,3
180140,42924,1,2
180140,43720,72,1
180140,43721,72,1
180140,4460b,70,1
180140,4460b,1,12
180140,4460b,272,2
180140,44728,28,3
180140,44728,72,6
180140,4477,72,7
180140,4477,272,2
180140,4477,19,1
180140,4477,28,2
180140,4477,322,1
180140,44861,0,3
180140,4495b,297,3
180140,4510,71,12
180140,4510,297,4
180140,4519,71,2
180140,4528,0,1
180140,4529,0,1
180140,4599b,297,7
180140,4733,0,2
180140,4733,15,2
180140,4740,297,3
180140,4740,15,2
180140,4740,0,3
180140,47457,297,5
180140,47457,71,6
180140,47905,70,2
180140,47905,72,1
180140,48092,71,4
180140,48165,71,2
180140,48165,2,3
180140,48336,297,5
180140,4865b,15,2
180140,49307,71,4
180140,49307,19,8
180140,50304,28,1
180140,50305,28,1
180140,50745,297,4
180140,50950,272,2
180140,51270,25,1
180140,52107,15,2
180140,53451,297,10
180140,54200,272,4
180140,54200,0,3
180140,54200,28,10
180140,54200,1,2
180140,54200,78,15
180140,54200,71,27
180140,54200,379,58
180140,54200,297,54
180140,54383,272,1
180140,54383,1,1
180140,54384,272,1
180140,54384,1,1
180140,59349,379,20
180140,59349pr0026,78,1
180140,59900,45,12
180140,59900,0,4
180140,59900,297,86
180140,6003,71,1
180140,60474,28,8
180140,60474,72,1
180140,60474,0,1
180140,60475b,71,4
180140,60477,78,2
180140,60478,0,1
180140,60478,1,3
180140,60478,272,2
180140,60478,70,1
180140,60479,71,5
180140,60479,15,3
180140,60481,1,8
180140,60581,379,2
180140,60592,297,21
180140,60594,70,1
180140,60607,70,2
180140,6091,30,2
180140,6106,28,2
180140,6106,72,2
180140,6106,71,1
180140,6112,0,2
180140,6112,71,1
180140,6124,179,1
180140,6124,46,12
180140,61252,297,4
180140,61332,0,42
180140,6141,4,7
180140,6141,19,4
180140,6141,484,2
180140,6141,71,2
180140,61485,0,3
180140,6182,19,4
180140,6182,84,1
180140,61976,70,1
180140,62113,70,1
180140,6222,71,1
180140,6232,19,10
180140,62361,78,3
180140,62462,297,6
180140,6266,0,1
180140,63864,379,3
180140,63864,320,2
180140,63864,28,3
180140,63864,78,1
180140,63864pr0048,71,10
180140,63868,28,7
180140,63965,297,4
180140,63965,72,1
180140,64644,70,1
180140,64644,19,4
180140,64644,297,15
180140,64647,35,2
180140,64647,41,1
180140,65066,28,4
180140,65098,0,4
180140,65509,72,3
180140,65509,70,2
180140,65578,47,6
180140,65617,1,12
180140,6587,28,2
180140,6636,84,3
180140,6636,28,20
180140,6636,85,2
180140,6636,320,2
180140,66857,297,1
180140,66909,297,1
180140,66964,179,1
180140,67329,72,2
180140,67810,30,2
180140,68211,10,1
180140,68888,70,1
180140,69729,320,1
180140,70681,78,1
180140,73117,297,2
180140,73230,0,3
180140,73825,0,1
180140,73831,71,2
180140,77808,297,4
180140,78258,0,1
180140,78443,28,4
180140,79393,71,2
180140,79393,15,4
180140,79741,179,1
180140,79756,71,2
180140,79850,46,1
180140,80015,0,2
180140,80326,15,1
180140,85861,15,51
180140,85861,27,12
180140,85861,41,14
180140,85861,297,56
180140,85941,0,3
180140,85984,70,1
180140,85984,15,1
180140,85984,71,1
180140,85984,0,8
180140,86876,71,23
180140,86996,0,3
180140,87079,71,13
180140,87079,72,16
180140,87079,28,13
180140,87079,85,1
180140,87079,484,1
180140,87081,0,3
180140,87081,72,2
180140,87087,19,44
180140,87421,78,12
180140,87544,19,4
180140,87552,71,1
180140,87580,70,1
180140,87580,15,6
180140,87580,28,8
180140,87580,297,6
180140,87580,72,2
180140,87580,2,2
180140,87580,71,19
180140,87585,70,1
180140,87601,84,2
180140,87620,71,6
180140,87620,78,26
180140,88072,0,1
180140,88646,4,2
180140,89522,297,18
180140,89522,15,1
180140,89523,28,3
180140,89678,72,5
180140,91405,322,1
180140,91988,72,9
180140,92438,28,1
180140,92438,19,1
180140,92584,72,2
180140,92584,322,4
180140,92690,297,7
180140,92947,15,2
180140,92947,297,13
180140,92950,71,4
180140,93273,308,1
180140,93273,72,1
180140,93274,71,2
180140,93274,0,3
180140,93551pr0002,84,1
180140,93552pat0003,70,1
180140,95188,2,6
180140,95343,70,1
180140,95344,72,1
180140,96874,25,1
180140,98100,71,1
180140,98138,70,4
180140,98283,379,88
180140,98283,72,2
180140,98283,78,57
180140,98383,297,1
180140,98560,1,19
180140,99206,272,4
180140,99206,72,1
180140,99206,71,8
180140,99206,19,6
180140,99207,4,12
180140,99207,19,8
180140,99301,72,2
180140,99563,71,3
180140,99563,484,4
180140,99563,70,4
180140,99563,3,2
180140,99563,288,2
180140,99563,19,32
180140,99563,297,53
180140,99780,28,6
180140,99781,71,2
180148,14210,2,1
180148,2432,0,1
180148,2456,8,2
180148,2456,14,2
180148,2456,1,4
180148,3001,7,2
180148,3001,4,12
180148,3001,15,8
180148,3001,14,14
180148,3001,1,12
180148,3001,0,8
180148,3001,2,8
180148,3001,6,6
180148,3001,8,4
180148,3001pr0011,14,1
180148,3001pr0043,14,1
180148,3002,8,2
180148,3002,1,10
180148,3002,4,12
180148,3002,0,8
180148,3002,2,6
180148,3002,15,8
180148,3002,7,2
180148,3002,14,15
180148,3003,15,12
180148,3003,7,4
180148,3003,2,10
180148,3003,8,4
180148,3003,6,10
180148,3003,1,12
180148,3003,0,16
180148,3003,4,18
180148,3003,14,22
180148,3004,8,4
180148,3004,6,6
180148,3004,14,18
180148,3004,15,8
180148,3004,4,16
180148,3004,7,4
180148,3004,1,12
180148,3004,0,10
180148,3004,2,2
180148,3005pr0003,15,2
180148,3005pr0003,14,4
180148,3007,1,2
180148,3007,14,2
180148,30076,1,1
180148,3008,4,2
180148,3008,14,4
180148,3008,1,2
180148,3008,7,2
180148,3009,2,2
180148,3009,15,4
180148,3009,1,6
180148,3009,14,6
180148,3009,4,4
180148,3009,0,2
180148,3009,7,2
180148,3010,14,14
180148,3010,0,6
180148,3010,15,6
180148,3010,8,2
180148,3010,1,8
180148,3010,6,4
180148,3010,2,4
180148,3010,7,4
180148,3010,4,10
180148,30143pr0001,14,1
180148,3020,1,2
180148,3020,4,2
180148,3020,7,2
180148,3020,14,4
180148,3021,4,2
180148,3022,7,2
180148,3022,0,2
180148,3022,14,2
180148,30285,15,8
180148,3034,1,2
180148,3036,1,1
180148,3039,0,2
180148,3039,4,4
180148,3039,7,2
180148,3039,14,6
180148,3039,8,4
180148,3039,6,4
180148,3039,1,4
180148,30391,0,8
180148,3065,34,2
180148,3065,33,2
180148,3065,36,2
180148,3298,8,2
180148,33303,15,6
180148,3660,1,4
180148,3660,6,4
180148,3660,8,2
180148,3660,7,2
180148,3660,4,4
180148,3660,14,4
180148,3666,7,2
180148,3666,14,2
180148,3747a,14,2
180148,3795,14,4
180148,3795,7,2
180148,3823,41,1
180148,3829c01,15,1
180148,3832,7,2
180148,3857,2,2
180148,3865,2,1
180148,4286,14,2
180148,4286,8,2
180148,4727,2,4
180148,4728,14,1
180148,4728,4,2
180148,4728,1,1
180148,6064,2,2
180148,6111,4,2
180148,6140,0,2
180148,6215,14,2
180148,6215,8,4
180148,6215,7,2
180148,6223,34,2
180148,6223,36,2
180148,6243pr0001,15,1
180148,6245pr0001,7,1
180148,6249,4,2
180148,6249,8,2
180148,6255,2,1
180148,76519pr0002,1,1
180148,76520pr0003,25,1
180157,upn0478,0,1
180189,11212,0,4
180189,11609,297,2
180189,14716,272,4
180189,15470,179,3
180189,15573,0,4
180189,15712,0,1
180189,18980,72,1
180189,22388,41,2
180189,2412b,179,2
180189,2420,0,4
180189,2420,72,1
180189,2431,272,3
180189,2431,322,2
180189,2445,0,4
180189,24482,0,1
180189,2465,272,1
180189,24866,15,8
180189,24866,212,2
180189,25269,379,38
180189,25269,272,5
180189,26047,212,4
180189,27507,322,2
180189,27925,322,2
180189,27925,272,6
180189,28621,0,2
180189,3001,19,2
180189,3003,73,1
180189,3003,272,1
180189,3004,212,11
180189,3004,272,4
180189,3004,73,7
180189,3005,73,10
180189,3005,272,3
180189,3005,0,4
180189,3008,0,6
180189,3009,272,7
180189,3009,0,2
180189,3010,212,7
180189,3010,272,4
180189,30153,46,7
180189,3020,72,2
180189,3020,0,2
180189,3023,272,6
180189,3023,15,2
180189,3024,46,2
180189,3024,73,14
180189,3024,272,7
180189,3031,15,2
180189,3034,72,2
180189,3044c,72,1
180189,3045,272,4
180189,30565,72,1
180189,3068b,0,1
180189,3069b,272,2
180189,3069b,322,2
180189,3070b,322,1
180189,32028,179,10
180189,32064a,15,1
180189,33243,272,4
180189,33909,379,2
180189,35044,72,1
180189,35464,212,6
180189,3622,272,3
180189,3666,272,1
180189,3666,15,2
180189,3678b,272,2
180189,36841,272,2
180189,3688,272,1
180189,3706,4,6
180189,3710,272,3
180189,3710,15,1
180189,3710,0,4
180189,3710,72,1
180189,37762,179,2
180189,3795,0,1
180189,38585,15,4
180189,3957b,47,2
180189,39789,212,3
180189,4042,47,1
180189,4070,73,11
180189,4162,272,2
180189,4162,0,4
180189,41740,272,3
180189,4304,15,2
180189,44728,272,3
180189,4477,272,2
180189,54200,272,12
180189,54200,379,4
180189,54200,212,5
180189,60481,272,7
180189,60592,379,1
180189,60601,15,1
180189,60601,46,2
180189,61780,212,16
180189,6254,272,3
180189,63864,0,8
180189,64644,0,5
180189,6541,71,5
180189,6553,15,1
180189,65578,47,2
180189,67095,1000,1
180189,67095pr0029,1000,3
180189,68547,15,1
180189,69729pr0023,71,1
180189,69901,379,1
180189,78666,212,6
180189,79393,322,4
180189,85861,0,6
180189,87079,379,1
180189,87079,272,3
180189,87087,15,2
180189,87087,272,3
180189,87580,272,8
180189,90195,15,2
180189,90396,272,2
180189,92438,0,2
180189,93274,15,7
180189,96874,3,1
180189,99780,212,2
180255,10197,72,2
180255,11213,191,3
180255,11215,0,1
180255,11458,71,2
180255,11477,4,6
180255,11477,0,2
180255,11833,71,2
180255,14769,0,2
180255,14769,4,1
180255,15068,484,1
180255,15573,70,2
180255,15712,297,1
180255,18653,4,6
180255,19798,15,1
180255,20482,297,2
180255,22885,15,4
180255,22888,191,3
180255,23443,15,1
180255,2357,0,9
180255,23969,484,3
180255,2420,0,2
180255,2420,71,2
180255,24246,320,6
180255,24246,71,2
180255,2431,71,1
180255,2445,4,3
180255,24947,14,1
180255,24947,4,1
180255,25269,320,4
180255,26603,0,1
180255,27507,191,6
180255,27925,71,1
180255,28802,15,1
180255,28802,0,1
180255,3003,70,2
180255,3005pr0014,15,1
180255,3010,0,13
180255,3020,0,1
180255,3020,320,1
180255,3022,0,3
180255,3023,71,1
180255,3023,0,3
180255,3023,15,2
180255,3023,70,3
180255,3023,320,4
180255,30374,15,1
180255,3068b,71,1
180255,3068bpr0680,19,1
180255,32013,71,2
180255,32028,297,2
180255,32123b,14,2
180255,3262,4,1
180255,3262,14,1
180255,33078,297,1
180255,33243,0,6
180255,34816,0,3
180255,35464,212,2
180255,35480,71,4
180255,35480,28,4
180255,35480,72,3
180255,35809pat0003,179,1
180255,3623,191,6
180255,3666,28,2
180255,3710,0,1
180255,37452,5,3
180255,37762,15,1
180255,37775,182,1
180255,3899,15,1
180255,3937,70,1
180255,3960,0,2
180255,39613,4,2
180255,4032a,72,2
180255,4032a,84,2
180255,4079b,320,1
180255,4185,72,2
180255,47457,0,1
180255,54200,484,2
180255,60475b,0,5
180255,60592,0,2
180255,60601pr0010,47,1
180255,6091,320,2
180255,61332,0,2
180255,6134,70,1
180255,6141,47,1
180255,6180,15,1
180255,6231,0,2
180255,6254,15,1
180255,62930,47,1
180255,63868,0,2
180255,63965,15,1
180255,65700,70,1
180255,6636,0,1
180255,6636,70,1
180255,66897,0,1
180255,76959,0,1
180255,76959,70,1
180255,78258,15,1
180255,85861,0,1
180255,85984,0,2
180255,93274,71,2
180255,99207,0,3
180255,99780,15,1
180438,3070b,320,1
180438,32828,297,2
180438,43898,182,1
180438,4595,0,1
180438,85861,72,2
180438,90370,71,1
180438,98138,182,1
180438,98141,297,2
180440,15712,297,2
180440,3070b,0,1
180440,32828,0,2
180440,4733,0,2
180440,4740,182,1
180440,59900,297,1
180440,85861,297,3
180440,98138,182,1
180441,10187,297,2
180441,15712,297,2
180441,18674,0,1
180441,2654,15,1
180441,3070b,0,1
180441,32828,0,2
180441,43898,182,1
180441,4733,0,2
180441,98138,182,1
180442,18674,0,1
180442,2654,72,1
180442,3070b,0,1
180442,32828,0,2
180442,43898,182,1
180442,4733,0,2
180442,85861,297,2
180442,98138,182,1
180442,98141,297,2
180476,15573,2,1
180476,22885,0,2
180476,2412b,70,3
180476,2431,2,2
180476,30000,72,1
180476,3001,0,1
180476,3022,2,1
180476,3023,27,3
180476,3035,19,1
180476,32607,27,3
180476,3700,70,2
180476,37829pr0007,378,1
180476,42876,484,1
180476,60594,0,3
180476,62113,72,3
180476,87079,2,1
180476,99207,0,1
180511,3626cpr3283,78,1
180511,62810,484,1
180511,970c19,70,1
180511,973c19h02pr5329,70,1
180512,3626cpr3284,78,1
180512,62810,484,1
180512,970c19,70,1
180512,973c19h02pr5328,70,1
180515,10314pr9999,4,2
180515,104391,19,2
180515,11153,80,2
180515,11203,19,8
180515,11211,4,1
180515,11213,15,4
180515,11214,4,3
180515,11253,0,2
180515,1126,19,1
180515,13971,0,2
180515,14769,19,1
180515,15207,4,2
180515,15462,70,4
180515,15573,4,7
180515,15712,4,1
180515,1748,71,4
180515,17485,19,4
180515,1750,4,4
180515,18646,15,8
180515,18651,0,3
180515,18654,4,4
180515,18654,19,12
180515,18674,322,4
180515,1927,19,2
180515,1927,4,1
180515,1927,2,4
180515,20482,4,2
180515,20482,28,2
180515,22885,71,16
180515,2391,4,4
180515,23948,14,1
180515,23950,4,2
180515,2412b,80,4
180515,2420,19,2
180515,24246,4,2
180515,2431,4,7
180515,2431,14,4
180515,2445,19,2
180515,2456,4,2
180515,2456,14,4
180515,25269,4,2
180515,2639,4,2
180515,2654,4,2
180515,2730,321,1
180515,27507,4,8
180515,27925,19,24
180515,2825,4,1
180515,3001,0,5
180515,3001,4,2
180515,3002,4,1
180515,3002,29,2
180515,3004,4,4
180515,3007,4,2
180515,3008,71,1
180515,3009,4,2
180515,3010,14,4
180515,3010,4,16
180515,3020,19,2
180515,3020,4,4
180515,3020,27,6
180515,3021,4,3
180515,3021,3,2
180515,3022,19,4
180515,3022,4,2
180515,3022,25,2
180515,3023,4,16
180515,3023,19,2
180515,3023,27,12
180515,3024,4,22
180515,3024,47,1
180515,3029,4,8
180515,3030,70,1
180515,3032,4,5
180515,3032,2,1
180515,3034,72,2
180515,3035,4,1
180515,3035,14,2
180515,3036,19,1
180515,30374,19,6
180515,30374,14,1
180515,30414,321,2
180515,30565,4,8
180515,30586,19,20
180515,3069b,4,16
180515,3069b,19,4
180515,3070b,4,7
180515,3070b,47,1
180515,32000,14,2
180515,32012,72,1
180515,32062,0,3
180515,32123b,14,10
180515,32124,19,32
180515,32140,14,4
180515,32184,4,2
180515,32449,4,1
180515,3245c,4,2
180515,32526,0,2
180515,32532,71,4
180515,32952,4,4
180515,3300,4,2
180515,33909,19,4
180515,33909,4,6
180515,33909,1,4
180515,3395,4,9
180515,34103,19,4
180515,3460,71,2
180515,3460,19,6
180515,3460,4,7
180515,35464,4,1
180515,35480,19,3
180515,35480,4,2
180515,3622,4,4
180515,3622,25,2
180515,3623,2,2
180515,3623,4,5
180515,3666,4,12
180515,3666,15,9
180515,3700,19,8
180515,3702,27,2
180515,3703,0,6
180515,3705,0,2
180515,3706,0,1
180515,3710,4,15
180515,3710,1,10
180515,3749,19,6
180515,37597c80,72,1
180515,3795,14,3
180515,3795,4,2
180515,3941,19,4
180515,3958,4,2
180515,4032a,4,1
180515,4032a,19,13
180515,41539,19,4
180515,4162,4,4
180515,4162,80,1
180515,41682,4,1
180515,41740,4,3
180515,42135,71,3
180515,42610,71,4
180515,4282,19,4
180515,4287c,4,2
180515,42924,1,9
180515,43898,4,4
180515,43898,80,2
180515,4477,71,1
180515,4477,4,2
180515,44865,71,4
180515,4519,14,2
180515,48092,4,8
180515,49153,4,2
180515,54383,71,1
180515,54384,71,1
180515,59443,0,4
180515,60474,19,4
180515,60477,4,10
180515,60479,71,1
180515,60479,4,1
180515,60479,19,2
180515,6081,4,4
180515,6091,4,18
180515,6111,1,2
180515,6112,4,9
180515,61332,0,42
180515,6141,80,9
180515,6141,1,4
180515,6179,4,18
180515,62462,4,1
180515,62462,19,2
180515,63864,4,8
180515,63864,19,1
180515,6541,71,2
180515,65617,15,16
180515,6589,19,4
180515,6632,1,2
180515,6636,3,4
180515,6636,4,10
180515,67095,19,1
180515,67810,4,6
180515,68325,4,4
180515,69729,19,12
180515,69729,4,16
180515,70681,4,44
180515,71709,4,2
180515,73825,4,2
180515,78522pr9999,4,2
180515,79389,4,4
180515,79393,71,8
180515,79491,4,2
180515,85943,72,2
180515,86996,484,4
180515,87079,272,2
180515,87079,4,23
180515,87079,19,2
180515,87079,15,1
180515,87994,19,8
180515,89678,72,26
180515,96874,25,1
180515,99008,19,2
180515,99009,71,1
180515,99010,0,1
180515,99206,379,3
180515,99207,4,12
180515,99780,2,4
180515,99780,4,1
180515,99781,25,4
180541,21459,27,1
180541,64567,4,1
180541,87747,15,2
180607,3022,0,1
180607,3031,0,1
180607,3069b,0,1
180607,30837,71,1
180607,30839pr0004,0,1
180607,30841pr0010,0,1
180607,30841pr0012,0,1
180607,50951,0,4
180607,85984,0,1
180607,87079pr0133,0,2
180607,93587pr0014,0,1
180607,93594,179,4
180614,10201,71,1
180614,11211,19,1
180614,13564,72,2
180614,2431,72,1
180614,2877,71,2
180614,3001,191,2
180614,3001,0,2
180614,3004,191,1
180614,30076,0,1
180614,3009pr0012,191,2
180614,3010,191,4
180614,3010pr0018,71,1
180614,3022,0,1
180614,30237b,72,1
180614,30261pr0003,15,1
180614,3031,191,2
180614,3068bpr0341,191,1
180614,3069b,191,1
180614,3633,0,4
180614,3710,72,1
180614,52501,72,1
180614,55981,71,4
180614,59900,72,2
180614,87580,191,1
180614,87618,0,1
180614,88930,191,4
180614,92338,72,1
180614,92402,0,4
180614,93273,191,1
180614,93590,191,1
180617,3004pr0007,73,1
180617,3020,71,1
180617,3021,72,1
180617,3023,73,4
180617,3024,73,1
180617,30383,0,2
180617,3068b,1,1
180617,3678bpr0014,73,1
180617,3794a,73,1
180617,4085c,0,1
180617,44674,323,1
180617,4600,71,1
180617,50951,0,2
180617,54200,323,2
180617,60471,71,2
180617,6091,73,2
180617,93594,179,2
180618,3020,2,1
180618,3021,15,1
180618,3023,2,2
180618,3139,0,4
180618,32028,15,1
180618,3678bpr0021,4,1
180618,4085c,0,2
180618,44302a,15,2
180618,4528,0,2
180618,4600,71,2
180618,4624,71,4
180618,54200,2,2
180618,6141,72,2
180618,6215,2,1
180618,88072,15,1
180618,93274,4,1
180618,95120,15,1
180619,2420,71,2
180619,3004,14,2
180619,3020,14,1
180619,3021,72,2
180619,3022,0,2
180619,3023,73,1
180619,3069b,14,3
180619,3069bpr0117,14,1
180619,3622,14,1
180619,3623,14,1
180619,3794a,14,2
180619,3795,4,1
180619,4085c,0,2
180619,4528,0,2
180619,50948,0,1
180619,50951,0,4
180619,54200,323,1
180619,60212,14,2
180619,6141,36,2
180619,6141,47,2
180619,6157,0,2
180619,63868,71,2
180619,6628,0,1
180619,87618,0,1
180619,93273,14,1
180619,93273pr0003,14,1
180619,93274,14,2
180619,93594,179,4
180619,93598pr0002,14,1
180619,93598pr0003,14,1
180620,2420,71,2
180620,3004,14,2
180620,3020,14,1
180620,3022,0,2
180620,3023,1,1
180620,3069b,14,3
180620,3069bpr0117,14,1
180620,3622,14,1
180620,3623,14,1
180620,3794b,14,2
180620,3795,4,1
180620,3795,72,1
180620,4085c,0,2
180620,4528,0,2
180620,50948,0,1
180620,50951,0,4
180620,54200,323,1
180620,60212,14,2
180620,6141,47,2
180620,6141,36,2
180620,6157,0,2
180620,63868,71,2
180620,93273,14,1
180620,93273pr0003,14,1
180620,93274,14,2
180620,93594,179,4
180620,93598pr0002,14,1
180620,93598pr0003,14,1
180621,2420,4,2
180621,2431,15,3
180621,2436,15,3
180621,298c02,4,1
180621,3020,15,1
180621,3022,15,1
180621,3023,15,1
180621,3023,4,4
180621,3024,14,2
180621,3031,0,1
180621,3034,4,1
180621,30602pr0002,15,1
180621,3069bpr0119,15,1
180621,3070b,4,1
180621,3710,71,1
180621,44568,15,1
180621,47759pr0001,15,1
180621,50947,15,3
180621,50947,4,1
180621,50951,0,4
180621,54200,15,1
180621,54200,4,1
180621,6141,15,4
180621,6157,0,2
180621,64225,15,1
180621,92593,15,1
180621,93595,0,4
180622,2431pr0036,70,1
180622,2431pr0040,70,1
180622,2436,0,2
180622,2780,0,2
180622,3001pr0002,70,2
180622,30027b,70,2
180622,30028,0,2
180622,3021,72,2
180622,3022,71,3
180622,3023,1,2
180622,3024,70,1
180622,3024,0,1
180622,3034,72,1
180622,30395,72,1
180622,3069b,70,2
180622,3139,0,2
180622,32530,0,1
180622,3623,70,1
180622,3666,70,2
180622,3710,72,1
180622,4083,0,1
180622,4085c,0,2
180622,4150,72,1
180622,4528,0,2
180622,4600,71,1
180622,4624,70,2
180622,4865a,70,2
180622,57515,72,1
180622,6019,71,1
180622,60212,73,1
180622,6141,182,1
180622,6141,47,1
180622,6157,0,1
180622,6541,70,2
180622,6628,0,1
180622,87618,0,1
180622,93590,70,1
180622,93598pr0001,70,1
180623,298c02,4,1
180623,3020,4,1
180623,3021,15,1
180623,3023,15,2
180623,3139,0,4
180623,3678bpr0021,4,1
180623,3794b,4,1
180623,4085c,0,2
180623,44302a,0,2
180623,4529,0,2
180623,4600,71,2
180623,4624,15,4
180623,47458,4,1
180623,6019,71,1
180623,6141,72,1
180623,6215,15,1
180623,88072,4,1
180623,93274,4,1
180623,95120,0,1
180624,3020,2,1
180624,3021,15,1
180624,3023,2,2
180624,3139,0,4
180624,32028,15,1
180624,3678bpr0021,4,1
180624,4085c,0,2
180624,44302a,15,2
180624,4528,0,2
180624,4600,71,2
180624,4624,71,4
180624,54200,2,2
180624,6019,71,1
180624,6141,72,1
180624,6215,2,1
180624,88072,15,1
180624,93274,4,1
180624,95120,15,1
180625,2431pr0042,4,1
180625,2431pr0043,4,1
180625,2436,4,3
180625,3021,4,1
180625,3023,14,3
180625,3023,4,2
180625,3034,4,1
180625,3710,71,2
180625,3794b,0,4
180625,3795,1,1
180625,50951,0,4
180625,6141,36,2
180625,6157,0,2
180625,87079pr0019,4,1
180625,87079pr0020,4,1
180625,93587pr0006,4,1
180625,93590,4,1
180625,93591pr0010,4,1
180625,93595pr0002,15,4
180626,30027b,4,4
180626,30028,0,4
180626,3020,15,1
180626,3021,72,1
180626,3021,4,1
180626,3022,15,1
180626,3024,4,1
180626,3024,15,2
180626,3031,0,1
180626,3034,2,1
180626,30367cpr0017,4,1
180626,3068b,15,1
180626,3069b,15,2
180626,3710,15,1
180626,3794b,4,3
180626,43719,15,1
180626,48183,2,1
180626,4865a,4,1
180626,4865a,2,1
180626,6157,0,2
180626,61678,15,1
180626,93589pr0001,15,1
180627,2412b,72,1
180627,2436,4,2
180627,3020,14,1
180627,3020,15,2
180627,3023,2,2
180627,3023,14,2
180627,3034,71,1
180627,3710,71,2
180627,3794b,1,4
180627,50951,0,4
180627,54200,14,2
180627,60212,14,1
180627,6141,36,2
180627,6157,0,2
180627,63868,0,2
180627,87079pr0034,14,1
180627,87079pr0035,14,1
180627,93274,14,1
180627,93591pr0016,14,1
180627,93595,72,4
180627,98834pr0003,0,1
180627,98835pr0003,14,1
180628,2441,0,1
180628,2456,15,1
180628,30027b,71,4
180628,30028,0,4
180628,3010,1,1
180628,3022,0,2
180628,30363,1,2
180628,3037,1,2
180628,3068b,1,1
180628,3622,1,2
180628,3666,1,2
180628,3795,0,2
180628,50950,1,2
180628,85984,1,1
180628,87087,15,2
180629,3004pr0007,73,1
180629,3020,71,1
180629,3021,72,1
180629,3023,73,4
180629,3024,73,1
180629,30383,0,2
180629,3068b,1,1
180629,3678bpr0014,73,1
180629,3794b,73,1
180629,4085c,0,4
180629,44674,323,1
180629,4528,0,2
180629,4600,71,1
180629,50951,0,2
180629,54200,323,2
180629,60471,71,2
180629,6091,73,2
180629,93594,179,2
180630,2420,4,4
180630,2431pr0037,4,1
180630,2437pr0001,4,1
180630,2441,0,1
180630,2921,72,1
180630,3002,71,1
180630,30027b,71,4
180630,30028,0,4
180630,3003,4,2
180630,3004,4,2
180630,3020,4,2
180630,3021,4,1
180630,3022,14,2
180630,3023,4,2
180630,3023,1,2
180630,3069b,71,1
180630,3069b,15,1
180630,3070b,4,2
180630,3710,0,1
180630,4035,71,1
180630,53989,0,1
180630,54200,71,2
180630,60212,4,2
180630,60602,41,1
180630,6179,4,1
180630,63864,4,2
180630,85959pat0001,36,1
180630,87087,4,1
180630,87618,71,1
180630,88930,4,1
180630,92280,71,1
180630,93274,4,2
180631,2431pr0036,70,1
180631,2431pr0040,70,1
180631,2436,0,2
180631,2540,70,2
180631,2780,0,2
180631,3001pr0002,70,2
180631,30027b,70,2
180631,30028,0,2
180631,3021,72,2
180631,3022,71,3
180631,3023,1,2
180631,3024,70,2
180631,3034,72,1
180631,30377,0,2
180631,30395,72,1
180631,3069b,70,2
180631,3139,0,2
180631,32530,0,1
180631,3623,70,1
180631,3666,70,2
180631,3710,72,1
180631,4083,0,1
180631,4150,72,1
180631,4600,71,1
180631,4624,70,2
180631,4865a,70,2
180631,57515,72,1
180631,60212,73,1
180631,6141,182,1
180631,6141,47,1
180631,6157,0,1
180631,6541,70,2
180631,93590,70,1
180631,93598pr0001,70,1
180632,2431,4,1
180632,2436,15,2
180632,3023,14,3
180632,3023,4,2
180632,3034,4,1
180632,3710,71,2
180632,3794b,0,4
180632,3795,1,1
180632,48336,4,1
180632,50951,0,4
180632,60470a,0,1
180632,6157,0,2
180632,87079pr0017,4,1
180632,87079pr0018,4,1
180632,93587pr0004,4,1
180632,93590,4,1
180632,93591pr0002,4,1
180632,93593,4,4
180633,2420,73,4
180633,2555,0,1
180633,3020,15,2
180633,3023,4,2
180633,3031,73,1
180633,3034,1,1
180633,30374,71,1
180633,30414,73,2
180633,3069b,73,2
180633,3070b,73,4
180633,3710,73,1
180633,4740,71,1
180633,4865a,42,1
180633,48729b,0,1
180633,50951,0,4
180633,59900,4,1
180633,60475a,73,2
180633,6091,73,2
180633,61184,71,1
180633,6141,47,1
180633,6141,36,3
180633,6141,15,1
180633,6157,0,2
180633,85940,0,1
180633,85973,0,1
180633,87079,1,1
180633,93590,73,1
180633,93591pr0017,73,1
180633,93595pr0001,0,4
180633,93597pr0007,73,1
180633,98138pr0005,71,1
180634,2431pr0053,15,1
180634,2436,0,1
180634,30027b,4,4
180634,30028,0,4
180634,3020,15,1
180634,3021,4,1
180634,3022,15,1
180634,3023,72,1
180634,3024,15,2
180634,3024,4,1
180634,3031,0,1
180634,3034,2,1
180634,30367bpr0018,4,1
180634,3069b,15,3
180634,3710,15,1
180634,3794b,4,3
180634,43719,15,1
180634,4865a,4,1
180634,4865a,2,1
180634,6157,0,2
180634,61678,15,1
180634,85984,15,1
180634,90194,2,1
180634,93589pr0002,15,1
180635,2412b,72,1
180635,2420,72,2
180635,2437,27,1
180635,2437pr0002,27,1
180635,2441,0,1
180635,30027b,71,4
180635,30028,0,4
180635,3004,27,2
180635,3022,71,2
180635,3023,15,2
180635,3024,36,2
180635,30367b,72,1
180635,3068b,27,1
180635,3623,72,2
180635,3710,27,1
180635,3795,71,1
180635,3941,72,2
180635,4032a,4,2
180635,4032a,72,2
180635,4035,71,1
180635,60212,27,2
180635,60470b,0,1
180635,60478,71,2
180635,61184,71,1
180635,6126b,182,1
180635,6141,182,1
180635,6141,47,2
180635,64567,0,1
180635,85940,0,1
180635,87087,72,2
180635,87618,71,1
180635,88930,27,2
180635,92280,71,1
180635,93273pr0004,27,1
180635,93274,27,1
180636,2412b,72,1
180636,2431,4,2
180636,2431,71,2
180636,2431pr0054,4,1
180636,2456,72,1
180636,2540,71,2
180636,3001,4,2
180636,3002,72,2
180636,3005,4,2
180636,3009,4,1
180636,3010,4,1
180636,3020,71,2
180636,3020,19,1
180636,3023,0,3
180636,3023,1,10
180636,3023,4,2
180636,3034,15,2
180636,3039,72,2
180636,30414,14,3
180636,3069b,71,2
180636,3070b,4,4
180636,32013,71,1
180636,3245c,72,1
180636,3660,71,2
180636,3665,71,2
180636,3666,4,1
180636,3666,14,2
180636,3666,0,2
180636,3710,2,2
180636,3795,4,3
180636,3795,71,1
180636,3958,4,1
180636,3958,71,1
180636,4460b,4,2
180636,4488,71,4
180636,4697b,71,1
180636,4865b,4,2
180636,50745,4,4
180636,50950,71,2
180636,52031,4,1
180636,54200,4,4
180636,58176,33,2
180636,59900,71,1
180636,6014b,4,4
180636,6020,71,1
180636,60475b,71,4
180636,60476,4,4
180636,60581,4,2
180636,6091,4,4
180636,61184,71,2
180636,6141,72,4
180636,6141,36,1
180636,6141,47,4
180636,6215,4,2
180636,64453,4,1
180636,73590c03a,0,2
180636,85984,4,3
180636,87079pr0036,4,1
180636,87544,4,2
180636,87580,4,1
180636,87609,14,1
180636,87697,0,4
180636,88072,0,1
180636,92280,71,4
180636,98138pr0005,71,1
180637,2420,73,4
180637,2431,73,2
180637,3020,15,2
180637,3023,2,2
180637,3031,73,1
180637,3034,14,1
180637,30414,71,2
180637,3070b,73,4
180637,3710,73,1
180637,50951,0,4
180637,6091,73,2
180637,6141,47,2
180637,6141,36,2
180637,6157,0,2
180637,87079,1,1
180637,87087,71,2
180637,93590,73,1
180637,93591pr0009,73,1
180637,93595pr0001,0,4
180637,93597pr0002,73,1
180638,2340,26,2
180638,2431,26,2
180638,3020,15,2
180638,3031,26,1
180638,3034,14,1
180638,30414,26,2
180638,3069b,26,1
180638,50951,0,4
180638,6141,36,2
180638,6157,0,2
180638,87079,1,1
180638,93587pr0005,26,1
180638,93591pr0007,26,1
180638,93593,71,4
180638,93597pr0001,26,1
180639,2420,378,2
180639,2431,0,1
180639,2431pr0045,378,1
180639,2436,0,1
180639,3020,0,2
180639,3020,378,1
180639,3021,1,1
180639,3022,0,2
180639,3023,4,3
180639,3031,378,1
180639,3037pr0001,378,1
180639,3069bpr0121,378,1
180639,3069bpr0122,378,1
180639,3622,378,4
180639,3710,378,2
180639,3795,0,1
180639,45677,0,1
180639,50944pr0001,0,4
180639,50951,0,4
180639,60212,0,2
180639,6141,47,2
180639,6141,36,2
180639,6157,0,2
180639,87079,378,1
180639,87087,71,2
180639,88930,378,1
180639,93274,378,1
180640,10830pat0001,0,1
180640,2431,71,2
180640,2436,71,2
180640,2921,71,2
180640,3004,378,2
180640,3004,71,1
180640,3020,378,1
180640,3020,71,2
180640,3022,71,2
180640,3139,0,4
180640,32028,323,2
180640,3678b,323,1
180640,3678bpr0013,323,1
180640,3795,72,1
180640,4624,71,4
180640,47457,323,2
180640,53989,0,1
180640,59230,0,1
180640,6141,36,2
180640,6141,47,2
180640,6157,0,2
180640,93590,378,2
180641,2431,15,2
180641,2431,1,1
180641,2431pr0047,71,1
180641,2436,71,1
180641,3002,15,1
180641,30033,179,1
180641,3021,15,1
180641,3021,4,1
180641,3022,212,2
180641,3023,71,4
180641,3031,1,1
180641,3034,0,1
180641,3034,71,1
180641,30385,179,1
180641,3068b,15,1
180641,3622,212,2
180641,3623,15,1
180641,3710,212,1
180641,3710,1,1
180641,3794b,15,4
180641,3794b,1,2
180641,4081b,71,2
180641,44728,71,1
180641,50947,1,2
180641,50950,15,3
180641,50951,0,4
180641,54200,1,2
180641,60212,1,1
180641,6141,47,2
180641,6141,179,1
180641,6157,0,2
180641,63864,15,1
180641,93594,179,4
180641,93598pr0005,15,1
180642,2431pr0042,4,1
180642,2431pr0043,4,1
180642,2436,4,3
180642,3021,4,1
180642,3023,2,3
180642,3023,4,2
180642,3034,71,1
180642,3710,71,2
180642,3794b,0,4
180642,3795,0,1
180642,50951,0,4
180642,6141,36,2
180642,6157,0,2
180642,87079pr0019,4,1
180642,87079pr0020,4,1
180642,93587pr0006,4,1
180642,93590,4,1
180642,93591pr0010,4,1
180642,93595pr0002,15,4
180643,2431pr0036,70,1
180643,2431pr0040,70,1
180643,2436,0,2
180643,2540,70,2
180643,2780,0,2
180643,3001pr0002,70,2
180643,30027b,70,2
180643,30028,0,2
180643,3021,72,2
180643,3022,71,3
180643,3023,1,2
180643,3034,72,1
180643,30377,0,2
180643,30395,72,1
180643,3069b,70,2
180643,3139,0,2
180643,32530,0,1
180643,3475b,72,2
180643,3623,70,1
180643,3666,70,2
180643,3710,72,1
180643,4083,0,1
180643,4085c,0,2
180643,4150,72,1
180643,4600,71,1
180643,4624,70,2
180643,4865a,70,2
180643,57515,72,1
180643,60212,73,1
180643,6141,182,1
180643,6141,47,1
180643,6157,0,1
180643,6541,70,2
180643,85973,0,2
180643,93590,70,1
180643,93598pr0006,70,1
180644,2412b,71,3
180644,2432,72,1
180644,2654,47,1
180644,3001,4,3
180644,3004,71,1
180644,3005,71,2
180644,3007,14,1
180644,3009,4,4
180644,3009,72,4
180644,3020,71,2
180644,3022,72,3
180644,30236,71,1
180644,3036,0,1
180644,30367b,72,2
180644,3038,71,4
180644,3068b,71,1
180644,3678bpr0023,71,1
180644,3684,71,1
180644,4150,15,1
180644,4599b,0,1
180644,4740,42,2
180644,50303,0,2
180644,51739,71,1
180644,52501,72,2
180644,54200,72,4
180644,59900,36,2
180644,6019,72,1
180644,61184,71,3
180644,6636,71,2
180644,85940,0,2
180644,87079,71,1
180644,87087,71,2
180644,87616,72,2
180644,88072,0,2
180645,2412b,72,2
180645,2420,73,2
180645,2421,0,1
180645,2540,0,2
180645,30192,72,1
180645,3020,71,2
180645,3023,73,3
180645,3031,73,1
180645,30414,71,2
180645,3069b,73,3
180645,3070b,73,1
180645,32123b,71,1
180645,3710,73,1
180645,3832,1,1
180645,44676,72,2
180645,4488,71,1
180645,48729b,0,1
180645,50951,0,4
180645,6141,47,2
180645,6141,36,2
180645,6157,0,2
180645,87079,4,1
180645,87087,71,2
180645,93590,73,1
180645,93591pr0009,73,1
180645,93595pr0001,0,4
180645,93597pr0002,73,1
180646,2431,71,2
180646,2436,71,2
180646,2921,71,2
180646,3004,378,2
180646,3004,71,1
180646,3020,378,1
180646,3020,71,2
180646,3022,71,2
180646,32028,323,2
180646,3678b,323,1
180646,3678bpr0013,323,1
180646,3795,4,1
180646,4624,71,4
180646,47457,323,2
180646,59230,0,1
180646,59895,0,4
180646,6141,36,2
180646,6141,47,2
180646,6157,0,2
180646,90463,0,1
180646,93590,378,2
180647,12825,72,1
180647,2420,72,1
180647,2436,323,3
180647,2921,323,2
180647,3001pr0119,323,2
180647,3003,15,2
180647,3005,323,2
180647,3009pr0001,71,2
180647,3009pr0002,323,1
180647,3009pr0003,323,1
180647,3020,0,1
180647,3022,0,2
180647,3023,73,3
180647,3024,71,8
180647,3034,72,1
180647,3710,71,2
180647,3794a,323,1
180647,3795,323,1
180647,4085c,0,1
180647,4600,71,2
180647,50951,0,4
180647,60212,323,2
180647,85984,323,4
180647,86208,72,1
180647,93273pr0001,323,1
180647,93274,323,2
180647,93594,179,4
180647,93604,323,3
180647,93604pr0001,323,1
180648,2436,323,1
180648,3020,71,1
180648,3022,71,4
180648,3023,1,3
180648,3031,71,1
180648,3034,72,2
180648,30414,323,2
180648,3069b,323,3
180648,3139,0,4
180648,4070,71,2
180648,41769,323,1
180648,41770,323,1
180648,4600,71,1
180648,4624,15,4
180648,58176,36,2
180648,60212,15,1
180648,6157,0,1
180648,63864pr0001,226,2
180648,85984,323,2
180648,87087,323,2
180648,93273pr0006,323,1
180648,93591pr0004,323,1
180648,93604,323,1
180648,93606,323,1
180649,2431,4,1
180649,2436,15,2
180649,3023,14,3
180649,3023,4,2
180649,3034,4,1
180649,3710,72,2
180649,3794b,0,4
180649,3795,1,1
180649,48336,4,1
180649,50951,0,4
180649,60470a,0,1
180649,6157,0,2
180649,87079pr0017,4,1
180649,87079pr0018,4,1
180649,93587pr0004,4,1
180649,93590,4,1
180649,93591pr0002,4,1
180649,93593,4,4
180650,2431,73,2
180650,2436,71,2
180650,3021,14,2
180650,3023,73,2
180650,3031,73,1
180650,3034,72,1
180650,3710,1,4
180650,50944,71,4
180650,50951,0,4
180650,6157,0,2
180650,93587pr0002,73,1
180650,93587pr0003,73,1
180650,93591pr0003,73,1
180651,2431pr0035,378,1
180651,2436,378,2
180651,3004,28,4
180651,3004pr0006,378,2
180651,3020,0,2
180651,3020,378,1
180651,3022,0,1
180651,3023,73,1
180651,3068bpr0192,378,1
180651,3069b,0,1
180651,3069bpr0116,378,1
180651,32028,28,2
180651,32028,378,2
180651,3678bpr0012,28,2
180651,3795,72,2
180651,4284,28,1
180651,4528,0,1
180651,4624,71,4
180651,60212,378,1
180651,6141,36,2
180651,6141,47,2
180651,6157,0,2
180651,6179,28,1
180651,87414,0,4
180651,92280,378,2
180651,93274,378,1
180653,2431pr0033,4,1
180653,2436,4,2
180653,3022,4,1
180653,3023,2,3
180653,3023,4,1
180653,3034,4,1
180653,3710,71,2
180653,3794b,0,4
180653,3795,1,1
180653,48336,4,1
180653,50951,0,4
180653,60470a,0,1
180653,6157,0,2
180653,87079pr0014,4,1
180653,87079pr0015,4,1
180653,93587pr0001,4,1
180653,93590,4,1
180653,93591pr0001,4,1
180653,93593,4,4
180654,2412b,71,6
180654,2420,4,6
180654,2431pr0038,4,1
180654,3001,72,1
180654,3001,4,2
180654,3004,4,2
180654,3005,71,4
180654,3009,4,4
180654,3010,4,3
180654,3020,4,5
180654,3020,71,2
180654,3022,0,2
180654,3022,4,1
180654,3023,0,2
180654,3023,15,5
180654,3031,4,1
180654,3032,4,1
180654,3032,0,1
180654,3068b,4,2
180654,3069b,4,2
180654,3070b,4,6
180654,3245b,4,2
180654,3623,4,6
180654,3666,4,2
180654,3678bpr0016,4,1
180654,3678bpr0020,4,1
180654,3709,0,1
180654,3710,0,1
180654,3794b,4,2
180654,3795,0,1
180654,4032a,72,1
180654,40620,71,2
180654,4085c,71,2
180654,4282,0,2
180654,43722,4,1
180654,43723,4,1
180654,4488,71,6
180654,48336,71,2
180654,6005,4,2
180654,6014b,71,6
180654,60700,0,6
180654,6081,4,1
180654,6091,4,2
180654,6192b,71,2
180654,6541,4,2
180654,93274,4,2
180654,93274,71,2
180655,2412b,71,6
180655,2420,4,6
180655,2431pr0038,4,1
180655,3001,72,1
180655,3001,4,2
180655,3004,4,2
180655,3005,71,4
180655,3009,4,4
180655,3010,4,3
180655,3020,71,2
180655,3020,4,5
180655,3022,0,2
180655,3022,4,1
180655,3023,0,2
180655,3023,15,5
180655,3031,4,1
180655,3032,4,1
180655,3032,0,1
180655,3068b,4,2
180655,3069b,4,2
180655,3070b,4,6
180655,3245c,4,2
180655,3623,4,6
180655,3666,4,2
180655,3678bpr0016,4,1
180655,3678bpr0020,4,1
180655,3709,0,1
180655,3710,0,1
180655,3794b,4,2
180655,3795,0,1
180655,4032a,72,1
180655,40620,71,2
180655,4085c,71,2
180655,4282,0,2
180655,43722,4,1
180655,43723,4,1
180655,4488,71,6
180655,48336,71,2
180655,6005,4,2
180655,6014b,71,6
180655,60700,0,6
180655,6081,4,1
180655,6091,4,2
180655,6192b,71,2
180655,6541,4,2
180655,93274,71,2
180655,93274,4,2
180656,2431,26,2
180656,3020,15,2
180656,3031,26,1
180656,3034,72,1
180656,30414,26,2
180656,4865a,33,1
180656,50951,0,4
180656,6141,36,2
180656,6157,0,2
180656,87079,71,1
180656,93587pr0005,26,1
180656,93591pr0007,26,1
180656,93593,71,4
180656,93597pr0001,26,1
180657,2431pr0036,70,1
180657,2431pr0040,70,1
180657,2436,0,2
180657,2540,70,2
180657,2780,0,2
180657,3001pr0002,70,2
180657,30027b,70,2
180657,30028,0,2
180657,3021,72,2
180657,3022,71,3
180657,3023,1,2
180657,3034,72,1
180657,30377,0,2
180657,30395,72,1
180657,3069b,70,2
180657,3139,0,2
180657,32530,0,1
180657,3475b,72,2
180657,3623,70,1
180657,3666,70,2
180657,3710,72,1
180657,4083,0,1
180657,4150,72,1
180657,4600,71,1
180657,4624,70,2
180657,4865a,70,2
180657,57515,72,1
180657,60212,73,1
180657,60897,0,2
180657,6141,182,1
180657,6141,47,1
180657,6157,0,1
180657,6541,70,2
180657,85973,0,2
180657,93590,70,1
180657,93598pr0006,70,1
180659,2431pr0036,70,1
180659,2431pr0040,70,1
180659,2436,0,2
180659,2540,70,2
180659,2780,0,2
180659,3001pr0002,70,2
180659,30027b,70,2
180659,30028,0,2
180659,3021,72,2
180659,3022,71,2
180659,3023,1,2
180659,3034,72,1
180659,30377,0,2
180659,30395,72,1
180659,3069b,70,2
180659,3139,0,2
180659,32530,0,1
180659,3475b,72,2
180659,3623,70,1
180659,3666,70,2
180659,3710,72,1
180659,4083,0,1
180659,4085b,0,2
180659,4150,72,1
180659,4600,71,1
180659,4624,70,2
180659,4865a,70,2
180659,57515,72,1
180659,60212,73,1
180659,6141,47,1
180659,6141,182,1
180659,6157,0,1
180659,6541,70,2
180659,85973,0,2
180659,93590,70,1
180659,93598pr0006,70,1
180660,2412b,71,1
180660,2420,27,4
180660,2437,27,1
180660,2437pr0002,27,1
180660,2441,0,1
180660,2921,72,2
180660,3002,71,1
180660,30027b,71,4
180660,30028,0,4
180660,3003,0,1
180660,3004,27,2
180660,3020,27,1
180660,3022,14,2
180660,3023,4,2
180660,3024,36,2
180660,3068b,27,1
180660,3069b,15,1
180660,3710,27,1
180660,60212,27,2
180660,6141,47,2
180660,88930,27,2
180660,93273pr0004,27,1
180660,93274,27,1
180661,2431,26,2
180661,3020,15,2
180661,3023,26,1
180661,3031,26,1
180661,3034,72,1
180661,30414,26,2
180661,50951,0,4
180661,6141,36,2
180661,6157,0,2
180661,87079,1,1
180661,93587pr0005,26,1
180661,93591pr0007,26,1
180661,93593,71,4
180661,93597pr0001,26,1
180662,2420,4,4
180662,2431pr0037,4,1
180662,2437pr0001,4,1
180662,2441,0,1
180662,2921,72,2
180662,3001,4,1
180662,3002,71,1
180662,30027b,71,4
180662,30028,0,4
180662,3004,4,2
180662,3020,4,2
180662,3021,4,1
180662,3022,14,1
180662,3023,1,2
180662,3023,4,2
180662,3069b,71,1
180662,3069b,15,1
180662,3070b,4,2
180662,3710,0,1
180662,54200,71,2
180662,60212,4,2
180662,6179,4,1
180662,63864,4,2
180662,88930,4,1
180662,93274,4,2
180663,2420,15,4
180663,2431pr0048,15,1
180663,2431pr0049,15,1
180663,3020,15,2
180663,3023,2,2
180663,3031,73,1
180663,3034,14,1
180663,30414,15,2
180663,3069b,36,1
180663,3070b,15,4
180663,3710,73,1
180663,50951,0,4
180663,6091,15,2
180663,6141,47,2
180663,6141,36,2
180663,6157,0,2
180663,87079,0,1
180663,87087,15,2
180663,93590,15,1
180663,93591pr0009,73,1
180663,93595pr0001,0,4
180663,93597pr0005,15,1
180664,2431,71,1
180664,2525,15,1
180664,2540,72,2
180664,2639,72,2
180664,2817,0,2
180664,3001,72,2
180664,3004,25,1
180664,3009,71,2
180664,3020,0,2
180664,3020,1,4
180664,3020,15,5
180664,3023,0,6
180664,3024,0,2
180664,3032,19,2
180664,3034,15,1
180664,30355,15,1
180664,30356,15,1
180664,3039,0,2
180664,3068b,0,1
180664,3069b,15,2
180664,3460,15,2
180664,3660,4,1
180664,3710,14,2
180664,3795,0,2
180664,41539,15,1
180664,41769,0,1
180664,41770,0,1
180664,4282,0,2
180664,43121,0,2
180664,43722,15,1
180664,43723,15,1
180664,4445,0,2
180664,44567a,0,2
180664,4477,0,2
180664,46667,72,2
180664,47397,15,1
180664,47398,15,1
180664,47720,0,2
180664,4870,71,2
180664,50304,15,2
180664,50305,15,2
180664,50951,0,6
180664,54383,0,1
180664,54384,0,1
180664,60219,15,1
180664,60471,15,2
180664,60581,15,6
180664,6081,71,1
180664,6141,36,3
180664,6141,47,1
180664,6141,34,3
180664,61483,71,1
180664,63864,0,2
180664,6636,0,2
180664,87079,0,2
180664,87544,15,2
180664,87611,15,1
180664,87612pr0001,0,1
180664,87613pr0002,15,1
180664,87614,0,1
180664,87615,0,1
180664,93593,71,6
180665,2431pr0036,70,1
180665,2431pr0040,70,1
180665,2436,0,2
180665,2540,70,2
180665,2780,0,2
180665,3001pr0002,70,2
180665,30027b,70,2
180665,30028,0,2
180665,3021,72,2
180665,3022,71,3
180665,3023,1,2
180665,3024,70,2
180665,3034,72,1
180665,30377,0,2
180665,30395,72,1
180665,3069b,70,2
180665,3139,0,2
180665,32530,0,1
180665,3623,70,1
180665,3666,70,2
180665,3710,72,1
180665,4083,0,1
180665,4150,72,1
180665,4600,71,1
180665,4624,70,2
180665,4865a,70,2
180665,57515,72,1
180665,60212,73,1
180665,6141,47,1
180665,6141,182,1
180665,6157,0,1
180665,6541,70,2
180665,93590,70,1
180665,93598pr0006,70,1
180666,2431pr0042,4,1
180666,2431pr0043,4,1
180666,2436,4,3
180666,3021,4,1
180666,3023,2,3
180666,3023,4,2
180666,3034,4,1
180666,3710,71,2
180666,3794b,0,4
180666,3795,1,1
180666,50951,0,4
180666,6141,36,2
180666,6157,0,2
180666,87079pr0019,4,1
180666,87079pr0020,4,1
180666,93587pr0006,4,1
180666,93590,4,1
180666,93591pr0010,4,1
180666,93595pr0002,15,4
180667,30027b,4,4
180667,30028,0,4
180667,3020,15,1
180667,3021,72,1
180667,3021,4,1
180667,3022,15,1
180667,3024,4,1
180667,3024,15,2
180667,3031,0,1
180667,3034,4,1
180667,30367cpr0017,4,1
180667,3068b,15,1
180667,3069b,15,2
180667,3710,15,1
180667,3794b,4,3
180667,43719,15,1
180667,48183,2,1
180667,4865a,4,1
180667,4865a,2,1
180667,6157,0,2
180667,61678,15,1
180667,93589pr0001,15,1
180668,2431,378,1
180668,2431pr0058,378,1
180668,2431pr0059,378,1
180668,2437pr0004,378,1
180668,3004,378,1
180668,3005,378,1
180668,3010,378,1
180668,3020,70,1
180668,3020,15,2
180668,3020,378,1
180668,3022,1,1
180668,3023,378,2
180668,3031,71,1
180668,3034,72,1
180668,3037,378,1
180668,3069b,378,1
180668,3069bpr0125,378,1
180668,3710,378,1
180668,4070,0,1
180668,4600,71,2
180668,4624,71,4
180668,59895,0,4
180668,60212,378,2
180668,6141,15,1
180668,6141,36,2
180668,6141,47,2
180668,63864,378,4
180668,85940,0,1
180668,87079,378,1
180668,93274,378,2
180669,2412b,71,2
180669,2431pr0036,70,1
180669,2431pr0040,70,1
180669,2432,70,2
180669,2436,0,2
180669,2540,70,2
180669,2780,0,2
180669,3001pr0002,70,2
180669,30027b,70,2
180669,30028,0,2
180669,3021,72,3
180669,3022,71,2
180669,3023,1,2
180669,3034,72,1
180669,30377,0,2
180669,30395,72,1
180669,32187,71,2
180669,32530,0,1
180669,3623,70,1
180669,3666,70,2
180669,3710,72,1
180669,3794a,72,4
180669,4083,0,1
180669,4085c,0,2
180669,4150,72,1
180669,4600,71,1
180669,4624,70,2
180669,4740,191,4
180669,57515,72,1
180669,59895,0,2
180669,59900,182,2
180669,60212,73,1
180669,6126b,182,2
180669,6141,182,1
180669,6141,47,1
180669,6157,0,1
180669,63965,71,2
180669,6541,70,2
180669,6541,0,2
180669,6541,71,2
180669,72306,47,1
180669,85973,0,2
180669,87083,72,2
180669,93590,70,1
180669,93598pr0008,70,1
180669,98313,70,2
180671,2412b,71,2
180671,2431pr0036,70,1
180671,2431pr0040,70,1
180671,2432,70,2
180671,2436,0,2
180671,2540,70,2
180671,2780,0,2
180671,3001pr0002,70,2
180671,30027b,70,2
180671,30028,0,2
180671,3021,72,3
180671,3022,71,2
180671,3023,1,2
180671,3034,72,1
180671,30377,0,2
180671,30395,72,1
180671,32187,71,1
180671,32530,0,1
180671,3623,70,1
180671,3666,70,2
180671,3710,72,1
180671,3794b,72,4
180671,4083,0,1
180671,4085c,0,2
180671,4150,72,1
180671,4600,71,1
180671,4624,70,2
180671,4740,191,4
180671,53989,70,2
180671,57515,72,1
180671,59895,0,2
180671,59900,182,2
180671,60212,73,1
180671,6126a,182,2
180671,6141,182,1
180671,6141,47,1
180671,6157,0,1
180671,63965,71,2
180671,6541,71,2
180671,6541,70,2
180671,6541,0,2
180671,72306,47,1
180671,85973,0,2
180671,87083,72,2
180671,93590,70,1
180671,93598pr0008,70,1
180672,2420,73,2
180672,2654,72,2
180672,3020,71,1
180672,3020,73,2
180672,3023,4,1
180672,3023,73,2
180672,3031,73,1
180672,3034,72,1
180672,30414,73,2
180672,3710,73,1
180672,4599b,0,2
180672,48729b,0,1
180672,60470b,71,2
180672,6091,73,2
180672,6141,47,1
180672,63864,73,2
180672,85940,0,1
180672,85973,0,1
180672,87079,14,1
180672,87087,71,2
180672,93590,73,1
180672,93591pr0015,73,1
180672,93597pr0002,73,1
180672,98138pr0005,71,1
180672,98834,73,2
180673,2412b,72,1
180673,2420,72,2
180673,2437pr0003,25,1
180673,2441,0,1
180673,2921,0,1
180673,30027b,71,4
180673,30028,0,4
180673,3004,25,2
180673,3005,25,2
180673,3020,25,2
180673,3021,25,1
180673,3024,36,2
180673,3037,25,1
180673,3710,25,1
180673,3795,15,2
180673,48336,0,1
180673,60212,25,2
180673,6126b,182,1
180673,6141,47,2
180673,6179,25,1
180673,63864,25,4
180673,85940,0,1
180673,87087,0,1
180673,93273pr0007,25,1
180673,93274,25,1
180673,98313,0,1
180674,2412b,14,5
180674,2431,14,1
180674,3001,72,1
180674,3005,14,2
180674,3010,14,2
180674,3020,14,1
180674,3020,72,1
180674,3022,25,1
180674,30387,14,1
180674,30388,14,1
180674,30389c,14,1
180674,30395,72,1
180674,30396,14,1
180674,30553,72,1
180674,3069b,378,1
180674,3070b,14,1
180674,32028,378,1
180674,3678bpr0029,14,1
180674,3710,14,2
180674,41539,0,1
180674,4286,14,2
180674,44567a,14,1
180674,60474,0,1
180674,6141,0,2
180674,6141,46,2
180674,61485,0,1
180674,87994,0,1
180675,2431,71,2
180675,2436,71,2
180675,2921,71,2
180675,3004,378,2
180675,3004,71,1
180675,30152pat0001,0,1
180675,3020,71,1
180675,3020,378,2
180675,3022,71,2
180675,32028,323,2
180675,3678b,323,1
180675,3678bpr0028,323,1
180675,3795,71,1
180675,4624,71,4
180675,47457,323,2
180675,59230,0,1
180675,59895,0,4
180675,6141,47,2
180675,6141,36,2
180675,6157,0,2
180675,93590,378,2
180676,2431pr0052,1,1
180676,3020,1,2
180676,3022,72,6
180676,3023,321,2
180676,3024,1,2
180676,3034,19,1
180676,30414,15,2
180676,4624,15,4
180676,54200,36,2
180676,60212,4,1
180676,6141,14,8
180676,6157,0,2
180676,63868,4,2
180676,87079pr0032,1,1
180676,87079pr0033,1,1
180676,87414,0,4
180676,93274,1,1
180676,93591pr0014,1,1
180676,98834pr0002,4,1
180676,98835pr0002,321,1
180677,3020,1,1
180677,3021,4,1
180677,3023,1,2
180677,32028,4,1
180677,3678bpr0027,1,1
180677,4085c,0,3
180677,44302a,72,2
180677,4528,0,2
180677,4600,71,2
180677,4624,15,4
180677,6215,1,1
180677,87414,0,4
180677,88072,4,1
180677,93274,4,1
180677,95120,72,1
180678,2431pr0043,4,1
180678,2431pr0051,4,1
180678,2436,4,3
180678,3021,4,1
180678,3023,1,3
180678,3023,4,1
180678,3034,19,1
180678,3710,14,2
180678,3794b,71,4
180678,3795,2,1
180678,50951,0,4
180678,6141,0,2
180678,6141,36,2
180678,6157,0,2
180678,87079pr0019,4,1
180678,87079pr0020,4,1
180678,93587pr0007,4,1
180678,93590,4,1
180678,93591pr0010,4,1
180678,93595pr0003,4,4
180679,2420,4,4
180679,2420,72,2
180679,2436,15,2
180679,3023,1,2
180679,3023,36,2
180679,3034,19,1
180679,3710,72,4
180679,3794b,14,4
180679,3795,2,1
180679,4081b,0,2
180679,50951,0,4
180679,60212,72,1
180679,61409,72,2
180679,6141,0,4
180679,6157,0,2
180679,63868,71,2
180679,87079pr0030,72,1
180679,87079pr0031,72,1
180679,93274,72,1
180679,93591pr0012,72,1
180679,93595,71,4
180679,98834pr0002,0,1
180679,98835pr0001,72,1
180680,41889,1103,1
180680,41890,1103,2
180680,42687,1103,1
180824,11153,2,2
180824,11208,71,6
180824,11209,0,6
180824,11211,0,4
180824,11215,0,1
180824,11477,322,2
180824,11477,2,2
180824,11477,4,4
180824,11477,1,2
180824,15068,2,2
180824,15068,71,4
180824,15068,0,2
180824,15068,15,2
180824,15207,71,2
180824,15535,0,1
180824,15573,1,5
180824,15573,2,1
180824,15573,14,5
180824,22885,15,5
180824,2412b,71,8
180824,2420,4,2
180824,2420,322,2
180824,2420,72,4
180824,24299,15,1
180824,24307,15,1
180824,24309,15,1
180824,2432,1,1
180824,2432,14,1
180824,2445,15,2
180824,25269,1,2
180824,25269,14,2
180824,28802,4,2
180824,28802,72,2
180824,28802,1,2
180824,3001,2,3
180824,30028,0,8
180824,3005,71,4
180824,30136,3,2
180824,30165,72,2
180824,3021,1,1
180824,3021,15,3
180824,3021,4,1
180824,3023,322,4
180824,3023,15,9
180824,3023,2,6
180824,3023,4,5
180824,3023,36,3
180824,3024,182,2
180824,3024,2,7
180824,3031,15,4
180824,3033,15,1
180824,3070b,4,1
180824,3070b,322,1
180824,32828,71,2
180824,32952,0,2
180824,35787,0,2
180824,35787,15,2
180824,3623,0,2
180824,3666,71,4
180824,36840,15,4
180824,3710,72,5
180824,37352,2,2
180824,3738,72,2
180824,3749,19,1
180824,3795,15,2
180824,3832,0,1
180824,39767,0,7
180824,4032a,2,2
180824,4032a,71,4
180824,4070,72,8
180824,43722,15,1
180824,43723,15,1
180824,44728,2,2
180824,44728,15,2
180824,47457,72,1
180824,48336,72,2
180824,50340,71,1
180824,50745,15,2
180824,50949,2,2
180824,50951,0,4
180824,54383,2,1
180824,54384,2,1
180824,59900,71,2
180824,60470b,15,2
180824,60897,0,6
180824,6091,15,2
180824,6091,2,8
180824,61409,4,2
180824,61409,1,2
180824,6141,0,6
180824,62113,72,4
180824,63864,2,6
180824,63868,72,2
180824,64644,71,2
180824,66897,0,4
180824,74967,71,8
180824,85984,71,4
180824,85984,0,2
180824,87079,71,4
180824,87580,0,2
180824,92582,71,1
180824,93594,179,4
180824,98138,320,2
180824,98138,47,4
180824,98138,272,2
180824,99206,0,8
180824,99207,71,2
180824,99563,15,1
180824,99780,15,4
180824,99781,72,2
181040,10202pr0016,4,2
181040,10247,15,4
181040,11153,4,2
181040,11153,0,4
181040,11212,4,4
181040,11213,71,1
181040,11215,1,1
181040,11476,4,10
181040,11477,1,3
181040,13547,0,2
181040,13547,4,4
181040,13731,4,7
181040,13731,0,1
181040,14413,0,3
181040,14719,15,4
181040,14769,27,42
181040,14769,158,22
181040,14769,10,71
181040,14769,0,6
181040,15068,0,3
181040,15068,4,8
181040,15068,1,6
181040,15254,4,2
181040,15462,70,2
181040,15535,2,42
181040,15712,15,13
181040,15712,4,4
181040,1745,2,19
181040,18674,10,24
181040,18980,4,7
181040,20482,15,6
181040,22889,0,1
181040,23443,15,17
181040,2357,15,8
181040,2419,1,1
181040,2420,15,4
181040,2420,1,18
181040,24201,0,2
181040,24299,1,13
181040,24299,4,10
181040,24299,0,5
181040,24307,1,13
181040,24307,4,10
181040,24307,0,5
181040,24309,4,1
181040,2431,4,8
181040,2432,4,1
181040,2456,15,10
181040,2462,71,1
181040,25269,4,3
181040,25269,2,6
181040,25269,0,31
181040,25269,1,2
181040,2540,0,18
181040,2630,15,3
181040,26601,4,9
181040,26603,1,10
181040,27263,4,2
181040,27925,4,8
181040,27925,2,4
181040,28192,4,1
181040,28192,1,8
181040,29111,0,15
181040,29119,0,3
181040,29119,4,3
181040,29119,1,3
181040,29120,4,3
181040,29120,0,3
181040,29120,1,3
181040,3001,4,44
181040,3001,0,12
181040,3002,15,45
181040,3002,1,8
181040,3002,0,10
181040,3003,1,7
181040,3003,4,7
181040,3004,1,13
181040,3004,15,6
181040,3004,4,8
181040,3005,4,4
181040,3006,0,5
181040,3007,1,7
181040,3007,15,52
181040,3008,15,4
181040,3009,15,4
181040,3010,4,3
181040,3010,15,7
181040,3010,14,1
181040,30166,15,10
181040,3020,15,8
181040,3020,4,4
181040,3021,4,26
181040,3021,0,7
181040,3022,0,15
181040,3023,4,38
181040,3023,1,20
181040,3023,14,15
181040,3023,0,9
181040,3030,0,1
181040,3031,4,5
181040,3032,4,1
181040,3032,1,5
181040,3034,1,3
181040,3034,4,8
181040,3035,4,1
181040,30355,0,1
181040,30356,0,1
181040,30357,15,11
181040,3036,0,4
181040,3036,4,2
181040,3036,1,8
181040,30374,15,4
181040,3039,4,3
181040,3040b,0,1
181040,30504,27,2
181040,30565,0,2
181040,30565,1,2
181040,30565,4,8
181040,3069b,4,2
181040,3069b,0,9
181040,3070b,4,21
181040,3070b,1,2
181040,3176,4,6
181040,32126,15,17
181040,32200,15,9
181040,32530,14,2
181040,32531,0,2
181040,32532,0,2
181040,32828,0,5
181040,3297,4,5
181040,3298,0,1
181040,3300,4,16
181040,3396,0,4
181040,3460,15,24
181040,3460,0,5
181040,35480,1,4
181040,35787,4,16
181040,35787,0,14
181040,3622,4,6
181040,3623,4,7
181040,3623,15,8
181040,3660,1,2
181040,3665,4,1
181040,3666,4,5
181040,3700,14,6
181040,3700,0,2
181040,3702,4,8
181040,3706,0,1
181040,3707,4,1
181040,3710,1,20
181040,3710,14,8
181040,3710,0,1
181040,3713,4,3
181040,37352,4,2
181040,3747b,4,5
181040,37762,15,1
181040,3795,0,16
181040,3795,15,21
181040,3830,15,2
181040,3831,15,2
181040,3832,4,4
181040,3832,15,1
181040,3894,0,1
181040,3941,15,6
181040,39613,4,2
181040,4032a,4,27
181040,40379,15,4
181040,4162,15,24
181040,4162,4,2
181040,41682,0,1
181040,41740,0,7
181040,41769,4,4
181040,41770,4,4
181040,4282,0,13
181040,4282,15,20
181040,4286,4,5
181040,42924,1,4
181040,43710,4,1
181040,43711,4,1
181040,43722,4,8
181040,43722,1,6
181040,43723,4,8
181040,43723,1,6
181040,44861,15,4
181040,4599b,15,11
181040,47456,4,8
181040,47457,71,2
181040,47458,71,1
181040,47753,4,2
181040,48092,4,3
181040,4871,0,1
181040,49153,15,11
181040,53585,0,2
181040,54383,0,1
181040,54383,4,2
181040,54384,0,1
181040,54384,4,2
181040,58846,4,2
181040,59443,15,2
181040,59900,1,26
181040,60474,14,8
181040,60484,14,2
181040,60897,14,5
181040,61332,0,14
181040,6141,0,13
181040,61485,14,2
181040,6178pr0007,14,1
181040,6222,15,2
181040,6232,4,2
181040,63864,15,8
181040,63864,14,1
181040,63965,15,7
181040,65426,0,3
181040,65426,4,13
181040,65429,4,13
181040,65429,0,3
181040,6636,0,33
181040,66956,4,4
181040,67139,0,2
181040,67696,15,2
181040,68013,15,2
181040,72132,0,2
181040,73109,71,1
181040,74611,0,1
181040,76797,15,4
181040,76797,4,4
181040,76959,0,3
181040,77850,0,9
181040,85080,1,1
181040,87079pr0304,4,4
181040,87087,1,4
181040,87620,0,1
181040,88072,0,10
181040,91405,10,10
181040,91988,71,1
181040,92585,0,1
181040,93606,2,4
181040,95188,4,2
181040,96874,25,1
181040,98138,158,27
181040,98138,27,100
181040,98138,10,154
181040,98313,0,10
181040,99207,4,4
181053,15068,1062,1
181053,15068pr0015,15,1
181053,20482,72,2
181053,2340,1,2
181053,2397,0,1
181053,28802,1,2
181053,3002,72,1
181053,33909,72,1
181053,3747b,1,1
181053,3795,1,1
181053,59900,182,2
181053,99780,72,1
181058,3001a,0,4
181058,3002a,0,4
181058,3003a,0,4
181058,3004,14,14
181058,3005,14,6
181058,3005,4,8
181058,3007,0,2
181058,3008,4,1
181058,3008,0,4
181058,3008,14,8
181058,3009,4,3
181058,3009,14,4
181058,3010,47,4
181058,3010,4,1
181058,3020,14,7
181058,3020,4,3
181058,3021,0,8
181058,3021,14,8
181058,3022,1,3
181058,3022,4,8
181058,3022,14,6
181058,3023,14,18
181058,3023,4,2
181058,3024,0,4
181058,3028,4,1
181058,3029,4,1
181058,3029,14,3
181058,3030,14,3
181058,3031,4,1
181058,3032,14,2
181058,3033,14,2
181058,3034,4,2
181058,3035,4,5
181058,3035,14,1
181058,3062a,15,8
181058,3062a,4,4
181058,3068b,14,29
181058,3069b,4,16
181058,3069b,0,16
181058,3069b,14,4
181058,3070b,0,4
181058,3403c01,0,1
181058,3460,14,6
181058,3460,4,4
181058,3482,7,6
181058,3581,14,4
181058,3582,0,4
181058,3622,14,8
181058,3623,14,6
181058,3623,7,2
181058,3634,0,4
181058,3647,7,9
181058,3648a,7,2
181058,3650a,7,2
181058,3651,7,13
181058,3660,4,2
181058,3665,14,8
181058,3666,0,4
181058,3666,14,22
181058,3666,4,4
181058,3673,7,28
181058,3700,4,4
181058,3700,0,4
181058,3700,14,12
181058,3701,4,4
181058,3701,14,3
181058,3701,1,2
181058,3702,14,2
181058,3702,4,10
181058,3703,4,3
181058,3703,0,2
181058,3703,1,4
181058,3703,14,4
181058,3704,0,4
181058,3705,0,2
181058,3706,0,2
181058,3707,0,10
181058,3708,0,3
181058,3710,14,12
181058,3710,4,1
181058,3713,7,17
181058,3736,7,3
181058,3738,4,2
181058,3738,14,2
181058,3743,7,12
181058,3749,7,5
181058,3795,4,3
181058,56823,0,1
181058,71509,0,1
181058,9244,7,2
181059,10104184,9999,1
181059,11090,71,2
181059,11211,15,1
181059,14719,15,2
181059,14769pr1075,70,1
181059,15672,72,2
181059,15672,71,3
181059,18674,0,2
181059,20482,71,2
181059,22388,320,2
181059,22885,484,2
181059,2357,15,3
181059,23950,70,4
181059,2420,70,2
181059,24201,70,4
181059,2431,70,1
181059,2431,71,1
181059,2445,71,1
181059,2445,70,1
181059,24866,4,4
181059,24866,14,2
181059,24866,29,2
181059,2489,84,1
181059,26603,84,1
181059,3004,0,1
181059,3004,70,2
181059,3004,15,9
181059,3005,70,4
181059,3005,15,9
181059,3009,70,2
181059,3009,15,2
181059,3010,15,2
181059,3020,72,2
181059,3021,84,1
181059,3023,308,2
181059,3023,71,4
181059,3023,15,2
181059,3024,308,2
181059,3024,15,2
181059,3024,70,8
181059,3024,72,3
181059,3028,70,1
181059,3032,72,1
181059,3033,484,1
181059,3034,0,4
181059,30374,0,1
181059,3065,47,1
181059,3068b,272,1
181059,3068b,15,1
181059,3069b,70,4
181059,3069b,19,8
181059,3069b,212,2
181059,3069b,484,1
181059,3069bpr0168,70,1
181059,32607,10,4
181059,32803,0,1
181059,32828,71,1
181059,32952,70,6
181059,32952,15,2
181059,3298,72,13
181059,3299,72,2
181059,33909,72,1
181059,3460,70,1
181059,35464,71,1
181059,35464,484,1
181059,3622,15,4
181059,3622,70,3
181059,3623,71,1
181059,3623,70,2
181059,3666,71,2
181059,3666,70,1
181059,3710,70,7
181059,37775,182,1
181059,3835,0,1
181059,3957b,0,1
181059,4070,212,4
181059,41740,15,2
181059,41740,70,2
181059,4286,72,5
181059,4510,72,2
181059,4599b,71,1
181059,4865b,19,2
181059,49307,15,2
181059,54200,72,7
181059,54200pr0005,14,1
181059,59900,0,1
181059,60475b,15,2
181059,60479,0,2
181059,60592,70,4
181059,60593,70,2
181059,60601,47,4
181059,60602,308,1
181059,60602,47,1
181059,6141,70,1
181059,6141,484,2
181059,6141,47,1
181059,6141,46,2
181059,6231,19,1
181059,6231,70,6
181059,63864,15,2
181059,63864,4,1
181059,86996,84,2
181059,87079,27,3
181059,87087,70,2
181059,90540,297,2
181059,98138,0,1
181059,98138pr0048,70,15
181059,98138pr0256,297,1
181059,99780,2,4
181125,3626cpr0891,14,1
181125,41805,41,1
181125,93560,15,1
181125,970c32,73,1
181125,973c29h03pr4527,212,1
181132,21268,0,1
181132,3626cpr1663,14,1
181132,970c03,0,1
181132,973c14h01pr3451,71,1
181133,25378,0,1
181133,3626cpr1614,14,1
181133,970c25,378,1
181133,973c33h01pr3424,30,1
181134,3626cpr2522,14,1
181134,3898,15,1
181134,970c14pr1094,71,1
181134,973c27h01,15,1
181135,3626cpr1965,14,1
181135,95226,484,1
181135,970c27,15,1
181135,973c43h01pr4284,29,1
181211,3437,4,1
181211,3664pr0005,4,1
181211,4883c02,4,1
181211,dupfig0004pr0003,1,1
181236,2214,1,2
181236,2214,4,3
181236,2275c01pr0003,14,1
181236,2276pr0001,8,1
181236,2278pr0001,14,1
181236,2281pr0002,6,1
181236,2300,14,1
181236,2302,1,2
181236,2302,4,2
181236,2312c01,1,1
181236,3011,4,9
181236,3011,15,3
181236,3011,1,7
181236,3011,2,9
181236,3011,14,7
181236,3437,2,12
181236,3437,15,3
181236,3437,1,11
181236,3437,14,12
181236,3437,4,12
181236,3437pr0067,14,1
181236,4066pr0103,14,1
181236,4066pr0124,14,1
181236,4066pr0143,4,1
181236,4066pr0153,4,1
181236,4197pr0007,14,1
181236,47510pr0002,212,1
181236,6394,4,1
181236,6434pr0001,0,1
181236,6502pr0002,7,1
181236,6851,2,1
181236,74657c01pr0001,14,1
181236,75121pr0002,26,1
181236,75580,0,1
181236,90482pr0002,0,2
181257,10104784,9999,1
181257,11203,0,2
181257,11211,0,1
181257,11212,15,2
181257,11212,72,2
181257,11214,72,1
181257,11458,72,10
181257,11476,4,2
181257,11477,0,2
181257,14719,0,6
181257,14769,80,1
181257,14769,0,1
181257,15068,4,6
181257,15068,72,2
181257,15535pr0009,4,4
181257,15573,0,11
181257,15573,15,2
181257,15573,71,7
181257,15573,4,10
181257,15672,4,12
181257,15712,71,1
181257,15712,0,2
181257,1748,0,3
181257,17485,0,2
181257,18575,0,2
181257,18653,0,4
181257,18654,72,1
181257,18654,71,1
181257,18677,71,2
181257,1927,4,4
181257,20482,71,3
181257,22484,72,1
181257,22885,71,2
181257,2357,0,2
181257,23950,4,2
181257,2420,14,2
181257,2420,4,6
181257,2420,15,2
181257,2420,71,2
181257,2420,19,4
181257,24201,4,6
181257,24201,15,2
181257,24201,0,2
181257,2421,0,1
181257,24246,71,6
181257,24299,4,2
181257,24307,4,2
181257,2431,4,4
181257,2431,71,2
181257,2445,4,5
181257,2465,4,1
181257,26603,72,6
181257,2723pr0004,71,4
181257,2730,71,1
181257,2736,71,2
181257,27925,80,4
181257,28192,72,2
181257,28192,4,6
181257,2877,72,12
181257,28802,71,4
181257,28802,0,2
181257,29119,4,1
181257,29120,4,1
181257,2921,0,4
181257,3001,4,3
181257,3003,4,5
181257,30031,71,2
181257,3004,0,6
181257,3004,4,13
181257,3004,71,6
181257,3005,0,8
181257,3005,4,6
181257,3006,0,2
181257,3008,0,3
181257,3009,4,3
181257,3010,0,3
181257,3020,4,14
181257,3020,0,1
181257,3020,14,2
181257,3021,71,4
181257,3021,0,5
181257,3021,4,6
181257,3022,15,1
181257,3022,4,14
181257,3022,72,3
181257,3022,71,2
181257,3023,15,2
181257,3023,0,4
181257,3023,71,1
181257,3023,4,34
181257,3023,72,10
181257,3024,71,8
181257,3024,4,12
181257,3024,72,4
181257,3024,15,2
181257,3032,4,1
181257,3034,4,2
181257,3034,0,1
181257,30357,4,4
181257,3036,0,1
181257,3036,4,1
181257,3037,4,2
181257,30414,71,1
181257,30414,0,3
181257,30414,4,1
181257,30505,0,2
181257,3062b,14,3
181257,3068b,72,1
181257,3068b,4,2
181257,3069b,15,2
181257,3069b,71,1
181257,3069b,0,2
181257,3069b,4,7
181257,3069b,47,1
181257,3070b,4,2
181257,3070b,0,4
181257,32000,14,1
181257,32000,72,24
181257,32002,19,1
181257,32005a,0,2
181257,32013,71,2
181257,32017,71,1
181257,32028,71,11
181257,32062,4,1
181257,32069,0,2
181257,32140,0,2
181257,32184,72,2
181257,32270,0,1
181257,32449,71,2
181257,32530,72,3
181257,32531,0,2
181257,32532,0,2
181257,32828,71,7
181257,32952,71,2
181257,33078,71,2
181257,33085,71,4
181257,33909,4,4
181257,3395,0,18
181257,34103,4,4
181257,34103,72,4
181257,34103,320,6
181257,34103,15,10
181257,34103,0,4
181257,3460,72,4
181257,3460,4,6
181257,3484,0,4
181257,35459,0,6
181257,35480,0,8
181257,3571,47,2
181257,3572,4,2
181257,3573,15,2
181257,35787,15,4
181257,3622,4,6
181257,3622,0,2
181257,3622,15,4
181257,3623,71,1
181257,3623,4,12
181257,3623,0,7
181257,3660,4,4
181257,3666,4,2
181257,3666,71,2
181257,3666,0,3
181257,3666,15,2
181257,3673,14,4
181257,3673,71,2
181257,36841,4,2
181257,3700,0,1
181257,3700,4,2
181257,3703,0,6
181257,3705,4,1
181257,3706,0,1
181257,3710,4,12
181257,3710,15,2
181257,3710,0,7
181257,3710,71,5
181257,3713,71,2
181257,37352,4,38
181257,3743,71,1
181257,3747b,4,4
181257,3749,19,2
181257,37762,71,4
181257,3795,4,3
181257,3832,4,1
181257,38799,47,4
181257,3894,0,5
181257,3899,179,1
181257,3937,4,6
181257,3938,71,6
181257,39888,19,1
181257,4032a,72,1
181257,4070,0,4
181257,4081b,71,2
181257,4162,320,5
181257,41682,4,6
181257,41682,71,2
181257,41740,4,1
181257,41740,0,2
181257,41764,4,1
181257,41765,4,1
181257,42022,4,2
181257,42195,72,1
181257,42610,71,1
181257,4274,15,3
181257,42918,4,5
181257,42924,1,31
181257,4304,4,4
181257,4304,15,2
181257,43093,1,5
181257,44294,71,2
181257,44728,4,2
181257,4477,4,4
181257,44861,72,4
181257,4490,0,1
181257,4510,0,2
181257,4519,71,2
181257,48336,0,2
181257,48336,71,2
181257,4865b,320,1
181257,49097,71,2
181257,54200,4,8
181257,56904,15,4
181257,58176,36,4
181257,59443,0,2
181257,59443,72,1
181257,6005,4,4
181257,60470b,4,2
181257,60474,71,1
181257,60479,71,1
181257,60479,4,2
181257,60479,72,1
181257,60897,71,2
181257,60897,72,4
181257,6091,4,4
181257,6112,4,1
181257,61184,4,2
181257,61332,0,24
181257,6141,14,4
181257,6179,4,2
181257,61903,71,1
181257,63082,71,1
181257,63864,4,2
181257,63864,0,6
181257,63868,72,2
181257,63965,72,1
181257,65249,71,6
181257,65249,15,1
181257,65304,0,2
181257,6536,71,2
181257,6541,4,4
181257,6541,71,4
181257,65426,15,1
181257,65426,71,1
181257,65429,71,1
181257,65429,15,1
181257,65509,4,2
181257,65578,71,1
181257,6636,71,2
181257,6636,320,2
181257,6636pr0038,4,2
181257,66906,4,2
181257,66909,71,4
181257,67329,71,4
181257,67810,4,2
181257,67811,0,1
181257,69729,4,3
181257,69729pr0026,4,4
181257,69819,71,2
181257,70490,0,4
181257,70681,4,2
181257,71752,0,3
181257,71771,4,1
181257,71771pr0001,4,1
181257,73109,71,4
181257,73562,71,4
181257,73562,0,4
181257,73562,4,2
181257,73825,0,2
181257,77180,4,1
181257,77182,4,1
181257,77808,72,1
181257,77844,0,2
181257,78258,72,1
181257,78329,4,8
181257,78329,15,2
181257,78c09,0,1
181257,79389,0,2
181257,79393,71,2
181257,79491,4,4
181257,80015,71,2
181257,80177,4,1
181257,80178,4,1
181257,80543,4,6
181257,85861,0,7
181257,85861,4,1
181257,85861,71,10
181257,85984,4,33
181257,86996,71,6
181257,86996,4,6
181257,86996,0,2
181257,87079,0,2
181257,87079,4,6
181257,87079,72,1
181257,87079,71,3
181257,87079pr0313,4,2
181257,87580,4,2
181257,87609,4,1
181257,87994,71,1
181257,88930,4,2
181257,91988,19,1
181257,92907,0,1
181257,92950,71,2
181257,92950pr0001,4,2
181257,93061,0,3
181257,93273,4,2
181257,93273,0,2
181257,93550,179,1
181257,93606,4,2
181257,96874,25,1
181257,98138,14,4
181257,98138,0,3
181257,98138,71,4
181257,98138,47,2
181257,99207,0,1
181257,99207,4,2
181257,99207,15,4
181257,99780,0,1
181257,99781,0,4
181330,104390,15,1
181330,28621pr4040,78,1
181330,28694pr0001,0,1
181330,36036pr0062,226,1
181330,973g04c02h02pr6640,1,1
181331,3626cpr2264,78,1
181331,50231,320,1
181331,62810,70,1
181331,970c29pat23pr2492,212,1
181331,973c27h02pr6641,1,1
181333,18853,29,1
181333,28621pr4044,78,1
181333,3201,226,1
181333,36036pr0064,30,1
181333,973c43h02pr6651,31,1
181334,26139,308,1
181334,28621pr4046,1089,1
181334,970c23pat19pr2496,84,1
181334,973c27h70pr6653,3,1
181335,2526,226,1
181335,25972,308,1
181335,28621pr4043,84,1
181335,50231,226,1
181335,970c05,272,1
181335,973c40h23pr6647,158,1
181338,21788,0,1
181338,2526,297,1
181338,3626cpr3958,78,1
181338,970c22pr0003,4,1
181338,973c44h27pr6644,226,1
181339,100907pat0001,226,1
181339,28621pr4041,78,1
181339,36036pr0063,212,1
181339,973g02c27h27pr6643,212,1
181342,24629pr0001,78,1
181342,970c03,0,1
181342,973c30h27pr6716,179,1
181357,11213,2,1
181357,15571,1,2
181357,15573,15,1
181357,1748,15,2
181357,18041,297,10
181357,3001,71,2
181357,3003,19,1
181357,3004,19,1
181357,3005,19,1
181357,3062b,19,4
181357,3062b,71,10
181357,3069b,71,2
181357,35464,15,1
181357,4032a,15,1
181357,4070,19,2
181357,4081b,15,2
181357,54200,1,1
181357,59900,297,1
181357,59900,1,10
181357,6177bpr0011,15,1
181357,68013,19,1
181357,89522,297,1
181357,90195,71,2
181378,11211,1,4
181378,11213,15,4
181378,14395,0,8
181378,18674,0,2
181378,18674,191,2
181378,22888,0,2
181378,22888,15,2
181378,2357,15,1
181378,2445,4,2
181378,2445,3,2
181378,2445,15,12
181378,2456,4,4
181378,2456,71,6
181378,25269,15,4
181378,25269,191,4
181378,25269,4,4
181378,25269,0,4
181378,2639,29,14
181378,27263,15,8
181378,27263,3,6
181378,27507,191,4
181378,27507,15,4
181378,27507,4,4
181378,27507,0,4
181378,27925,15,4
181378,27925,191,12
181378,27925,4,4
181378,27925,0,12
181378,3001,29,4
181378,3001,14,1
181378,3003,1,8
181378,3003,15,4
181378,3003,4,2
181378,3003,29,4
181378,3004,0,4
181378,3004,29,4
181378,3005,29,1
181378,3005,15,4
181378,3007,15,7
181378,3008,15,10
181378,3020,15,1
181378,3020,1,4
181378,3022,1,4
181378,3022,0,8
181378,3023,2,8
181378,3023,1,8
181378,3023,0,4
181378,3030,0,2
181378,3034,1,4
181378,3034,3,4
181378,3034,0,1
181378,3034,15,1
181378,3035,4,2
181378,3039,1,4
181378,30414,1,8
181378,30504,3,2
181378,30565,191,4
181378,30565,15,8
181378,30565,4,4
181378,3068b,3,4
181378,3068b,0,8
181378,3068b,29,32
181378,3068b,15,4
181378,3068b,1,20
181378,3069b,15,22
181378,3069b,1,2
181378,3070b,15,20
181378,3070b,3,8
181378,3298,1,8
181378,3460,1,4
181378,3460,29,4
181378,35787,15,4
181378,35787,3,28
181378,35787,4,24
181378,3700,15,6
181378,3701,15,18
181378,37352,15,8
181378,37352,191,24
181378,37352,1,16
181378,37352,0,8
181378,3795,191,4
181378,3795,2,4
181378,3795,15,2
181378,3958,29,2
181378,41682,0,4
181378,41740,4,16
181378,41740,1,32
181378,41740,29,28
181378,41740,15,56
181378,41740,3,24
181378,4282,15,1
181378,44728,1,2
181378,60474,191,2
181378,6106,19,4
181378,61332,0,6
181378,6141,0,4
181378,63864,1,12
181378,67139,0,2
181378,74611,15,1
181378,78329,15,8
181378,79393,191,4
181378,79393,4,4
181378,79393,0,4
181378,79393,15,4
181378,87079,1,1
181378,87081,0,2
181378,87609,14,6
181378,92438,29,1
181378,92438,1,1
181378,93606,1,8
181378,96874,3,1
181378,99206,4,6
181379,10187,0,2
181379,10247,19,1
181379,11153,19,2
181379,11211,71,2
181379,11215,84,1
181379,1126,71,2
181379,11458,70,2
181379,11476,0,4
181379,11476,15,3
181379,11477,322,1
181379,11477,0,1
181379,11477,15,2
181379,13547,321,3
181379,13547,70,2
181379,13548,0,4
181379,13548,321,4
181379,14704,71,2
181379,14769,19,2
181379,14769pr1220,0,1
181379,14769pr1282,19,2
181379,15068,15,2
181379,15068,484,2
181379,15068,0,2
181379,15068,19,2
181379,15068,70,2
181379,15208,15,2
181379,15332,15,1
181379,15533,84,1
181379,15535,71,7
181379,15573,70,4
181379,15573,72,8
181379,15573,19,5
181379,15672,72,2
181379,15672,19,2
181379,15672,70,2
181379,15672,321,1
181379,15672,0,3
181379,15712,71,2
181379,15712,15,2
181379,1748,19,2
181379,18646,0,2
181379,18649,72,2
181379,18654,71,1
181379,18674,1,4
181379,18674,15,4
181379,18742,14,6
181379,18980,19,2
181379,22385,320,2
181379,22388,71,10
181379,22388,19,8
181379,22388,15,2
181379,22484,72,1
181379,22885,19,4
181379,22888,72,1
181379,2357,70,6
181379,23949,72,1
181379,2412b,19,5
181379,2420,71,1
181379,2420,28,2
181379,2420,19,1
181379,2420,15,1
181379,24201,70,8
181379,24201,19,2
181379,24201,0,2
181379,24246,15,2
181379,24246,71,2
181379,24246,19,4
181379,24309,19,2
181379,2431,19,2
181379,2431,320,1
181379,2431,15,2
181379,2432,0,1
181379,2450,84,1
181379,2476a,15,2
181379,25269,29,2
181379,25269,484,2
181379,25269,10,2
181379,25269,19,6
181379,2540,15,1
181379,26047,70,1
181379,2639,72,2
181379,2653,71,2
181379,2654,0,1
181379,2654,46,1
181379,26601,19,2
181379,26603,19,2
181379,26603pr0047,14,1
181379,26603pr0121,15,2
181379,26604,19,2
181379,27507,72,2
181379,27925,19,2
181379,28802,1,1
181379,29115,70,1
181379,29119,15,2
181379,29120,15,2
181379,3002,19,2
181379,3003,19,2
181379,3003,70,4
181379,3004,72,4
181379,3004,70,4
181379,3005,10,4
181379,3005,84,3
181379,3005,15,4
181379,3005,25,2
181379,3005,14,4
181379,3005,19,3
181379,3005,70,8
181379,3005pr0027,10,2
181379,3010,0,1
181379,30136,15,5
181379,30136,19,4
181379,30136,0,2
181379,30165,84,1
181379,30166,72,1
181379,3020,19,4
181379,3020,25,3
181379,3020,0,2
181379,3020,484,2
181379,3020,70,4
181379,3021,5,2
181379,3021,19,2
181379,3021,15,8
181379,3021,70,2
181379,3022,0,11
181379,3022,70,8
181379,3022,10,2
181379,3022,71,4
181379,3022,72,2
181379,3022,484,1
181379,3022,15,2
181379,3023,321,1
181379,3023,10,3
181379,3023,71,6
181379,3023,484,13
181379,3023,72,8
181379,3023,19,11
181379,3023,1,3
181379,3023,70,8
181379,3023,84,9
181379,3023,322,2
181379,3024,70,4
181379,3024,484,9
181379,3024,5,4
181379,3024,14,4
181379,3024,72,4
181379,3024,15,6
181379,3024,84,4
181379,3024,321,8
181379,3024,0,8
181379,3024,19,7
181379,3024,71,2
181379,3031,19,2
181379,3031,71,1
181379,3031,14,2
181379,3034,10,1
181379,3035,72,1
181379,30357,19,2
181379,30357,72,4
181379,30374,71,3
181379,3038,71,2
181379,3040b,484,1
181379,3040b,321,2
181379,3040b,84,4
181379,30414,70,1
181379,30414,15,1
181379,30565,72,2
181379,30565,70,4
181379,3062b,41,6
181379,3068b,484,1
181379,3068b,70,1
181379,3068bpr0660,484,1
181379,3068bpr9415,0,1
181379,3068bpr9733,320,2
181379,3068bpr9903,321,1
181379,3068bpr9978,484,1
181379,3069b,15,4
181379,3069b,0,4
181379,3069b,10,7
181379,3070b,19,2
181379,3070b,15,1
181379,3070b,10,3
181379,31990,71,4
181379,32000,15,2
181379,32000,71,1
181379,32001,1,1
181379,32028,28,4
181379,32034,71,2
181379,32034,27,1
181379,32059,0,1
181379,32062,4,3
181379,32062,0,3
181379,32073,14,1
181379,32124,72,1
181379,32802,72,1
181379,32802,15,1
181379,32952,0,2
181379,32952,1,1
181379,32952,72,2
181379,33492,71,2
181379,3386,0,1
181379,33909,14,1
181379,33909,70,1
181379,34103,0,4
181379,34103,19,1
181379,3460,70,1
181379,3460,72,2
181379,3484,72,2
181379,35044,15,2
181379,35044,10,2
181379,35480,15,2
181379,35480,19,1
181379,35480,0,1
181379,3622,84,1
181379,3622,19,7
181379,3622,15,1
181379,3622,70,2
181379,3622pr0059,10,2
181379,3622pr0074,15,1
181379,3623,15,2
181379,3623,321,1
181379,3623,71,2
181379,3623,19,2
181379,3623,14,1
181379,3659,19,5
181379,3659,70,2
181379,3660,19,1
181379,3665,19,5
181379,3666,322,2
181379,36840,70,4
181379,36840,15,4
181379,36841,19,2
181379,36841,71,1
181379,3700,19,2
181379,3700,14,2
181379,3705,4,2
181379,3706,0,1
181379,3710,15,2
181379,3710,72,2
181379,3710,19,1
181379,3710,70,2
181379,3710,10,4
181379,3710,484,3
181379,37352,4,1
181379,3738,84,1
181379,37762,4,2
181379,37775,182,4
181379,37776,71,6
181379,3795,70,5
181379,3830,70,4
181379,3831,70,4
181379,3832,14,1
181379,3937,1,4
181379,3937,72,4
181379,3941,71,5
181379,39789,14,1
181379,4032a,71,1
181379,4070,19,2
181379,41682,70,2
181379,41740,84,4
181379,41740,70,1
181379,41740,72,2
181379,41740,14,2
181379,41769,19,1
181379,41770,19,1
181379,4274,71,1
181379,4274,15,1
181379,42924,1,4
181379,4304,71,2
181379,4304,19,1
181379,4304,0,2
181379,43093,1,1
181379,43722,19,1
181379,43723,19,1
181379,44294,14,1
181379,44728,71,4
181379,44728,15,2
181379,44728,19,1
181379,44861,71,2
181379,48092,70,8
181379,4871,0,1
181379,49668,15,4
181379,49668,179,4
181379,53119,15,8
181379,54200,15,2
181379,54200,321,6
181379,54657,4,1
181379,54671,71,2
181379,59443,70,8
181379,59900,71,4
181379,6003,19,2
181379,6005,15,2
181379,60169,71,1
181379,60474,322,1
181379,60474,0,1
181379,60478,321,1
181379,60592,0,4
181379,60897,25,4
181379,6091,70,6
181379,6091,19,2
181379,6091,0,2
181379,61252,72,4
181379,61332,0,2
181379,6134,0,4
181379,6134,1,4
181379,6141,0,4
181379,6141,182,1
181379,6141,36,1
181379,6141,484,4
181379,6141,19,6
181379,6179,72,1
181379,6179,71,4
181379,62462,71,2
181379,63864,0,2
181379,63864,84,2
181379,63864,15,4
181379,63864,19,2
181379,63868,28,1
181379,64951,84,2
181379,65249,15,1
181379,6541,70,4
181379,6541,71,4
181379,6541,2,1
181379,6636,19,2
181379,66788,14,2
181379,66789,14,1
181379,66792,14,1
181379,66857pr0006,19,1
181379,66857pr0036,19,1
181379,66859,14,1
181379,66906,0,2
181379,67329,14,2
181379,67329,72,2
181379,67929,15,1
181379,67931pat0001,0,1
181379,67931pat0001,321,1
181379,68013,19,7
181379,68568,70,2
181379,68568,19,2
181379,68568,15,2
181379,69729,72,1
181379,70681,71,1
181379,73230,0,2
181379,73562,71,1
181379,73825,72,1
181379,73825,0,2
181379,73825,70,2
181379,73825,19,2
181379,73832,71,1
181379,73832,84,1
181379,76766,0,1
181379,76776,70,2
181379,76959,70,7
181379,77850,0,1
181379,78256,0,4
181379,78258,72,5
181379,78258,4,2
181379,78329,72,2
181379,78329,19,2
181379,78666,70,4
181379,78666,15,2
181379,79389,72,2
181379,79389,19,4
181379,79750,70,1
181379,85080,84,4
181379,85080,70,2
181379,85861,71,2
181379,85861,4,3
181379,85861,72,9
181379,85984,19,6
181379,85984,321,4
181379,85984,0,4
181379,87079,14,2
181379,87079pr0316,70,1
181379,87079pr0318,15,1
181379,87087,71,2
181379,87087,1,2
181379,87087,15,4
181379,87580,15,1
181379,89681,84,4
181379,93273,15,1
181379,95354,0,1
181379,96874,25,1
181379,98138,484,2
181379,98138,71,8
181379,98138pr0051,297,1
181379,98138pr0256,297,1
181379,99207,10,6
181379,99207,0,4
181379,99207,70,2
181379,99207,19,2
181379,99563,70,5
181379,99563,72,2
181379,99780,15,4
181379,99780,0,2
181379,99780,72,2
181382,11211,29,4
181382,11211,15,2
181382,11211,226,2
181382,11211,14,2
181382,11477,4,4
181382,11833,15,2
181382,14769,0,1
181382,14769,29,2
181382,14769,4,2
181382,14769,14,2
181382,14769,322,2
181382,14769,15,2
181382,14769pr1003,15,4
181382,15068,0,4
181382,15573,29,2
181382,15573,4,2
181382,15573,226,2
181382,15573,15,2
181382,15573,14,2
181382,15573,0,2
181382,15573,322,2
181382,18980,15,2
181382,22885,15,2
181382,22885,4,3
181382,22885,226,2
181382,22885,14,2
181382,2412b,15,16
181382,2412b,14,4
181382,2419,15,2
181382,2431,322,2
181382,2431,14,2
181382,2431,4,2
181382,2456,14,2
181382,2456,0,2
181382,2456,4,2
181382,2456,15,2
181382,2456,29,2
181382,2456,322,2
181382,24866,4,4
181382,24866,15,4
181382,24866,29,6
181382,24866,14,4
181382,24866,323,6
181382,25269,15,4
181382,25269,322,6
181382,25269,4,10
181382,25269,226,4
181382,25269,29,6
181382,25269,0,4
181382,25269,14,4
181382,26601,15,12
181382,27925,0,4
181382,27925,4,4
181382,27925,14,4
181382,27925,322,4
181382,27925,323,10
181382,27925,15,4
181382,2877,0,4
181382,3001,226,6
181382,3001,15,6
181382,3001,323,12
181382,3001,0,8
181382,3001,14,8
181382,3001,322,8
181382,3001,4,6
181382,3001,29,6
181382,3002,15,2
181382,3003,226,8
181382,3003,4,4
181382,3003,29,9
181382,3003,323,6
181382,3003,15,6
181382,3003,14,6
181382,3003,322,10
181382,3003,0,2
181382,3004,15,10
181382,3004,226,10
181382,3004,322,11
181382,3004,29,17
181382,3004,14,8
181382,3004,4,8
181382,3004,0,6
181382,3004,323,10
181382,3005,14,8
181382,3005,0,4
181382,3005,226,8
181382,3005,322,10
181382,3005,4,6
181382,3005,323,4
181382,3005,15,6
181382,3005,29,6
181382,3009,14,2
181382,3009,4,2
181382,3009,323,4
181382,3009,0,2
181382,3009,322,4
181382,3010,4,4
181382,3010,322,6
181382,3010,15,2
181382,3010,14,2
181382,3010,29,4
181382,3010,0,4
181382,3010,226,4
181382,3010,323,6
181382,3020,15,2
181382,3020,0,2
181382,3020,14,5
181382,3020,322,4
181382,3020,226,6
181382,3020,4,4
181382,3020,29,4
181382,3020,323,4
181382,3021,14,2
181382,3021,322,2
181382,3022,0,4
181382,3022,322,4
181382,3022,14,2
181382,3023,14,10
181382,3023,4,4
181382,3023,29,4
181382,3023,226,12
181382,3023,0,4
181382,3023,322,6
181382,3023,15,6
181382,3023,323,10
181382,3024,15,2
181382,3032,15,3
181382,3034,15,2
181382,3034,0,2
181382,3034,4,2
181382,3034,14,2
181382,3034,322,2
181382,30357,15,4
181382,30374,4,2
181382,30374,0,2
181382,30385,33,1
181382,3039,322,6
181382,3039,0,6
181382,3039,15,4
181382,3039,4,2
181382,3039,14,4
181382,3040b,29,8
181382,3040b,15,4
181382,3040b,4,2
181382,3040b,14,2
181382,3040b,322,4
181382,3040b,0,4
181382,30414,4,2
181382,30414,15,2
181382,3062b,14,7
181382,3062b,322,2
181382,3062b,15,10
181382,3062b,4,4
181382,3062b,0,6
181382,3069b,226,2
181382,3069b,14,4
181382,3069b,322,4
181382,3069b,15,4
181382,3069b,4,6
181382,3069b,323,4
181382,3069b,29,4
181382,32952,4,2
181382,3298,15,4
181382,35480,14,3
181382,35480,4,4
181382,35480,15,4
181382,3556,1055,4
181382,3660,322,4
181382,3660,14,6
181382,3660,4,4
181382,3665,15,2
181382,3665,29,4
181382,3665,226,10
181382,3665,4,2
181382,3665,14,2
181382,3665,323,12
181382,3666,323,2
181382,3666,29,2
181382,3666,0,2
181382,36840,14,4
181382,36840,4,4
181382,3707,4,4
181382,3710,323,2
181382,3710,226,2
181382,3710,322,4
181382,3710,29,4
181382,3710,0,2
181382,3710,4,4
181382,3710,15,6
181382,3710,14,8
181382,37352,226,6
181382,37352,0,2
181382,37352,323,6
181382,37352,322,8
181382,37352,29,6
181382,37352,15,14
181382,37352,14,8
181382,37352,4,8
181382,3795,14,2
181382,3795,322,2
181382,3795,29,4
181382,3795,15,2
181382,3832,15,2
181382,3937,15,3
181382,3941,14,12
181382,3941,0,4
181382,3941,226,4
181382,3941,4,8
181382,3941,15,4
181382,3941,322,8
181382,3942c,15,4
181382,3942c,321,2
181382,3942c,4,2
181382,3943b,15,1
181382,3960,15,1
181382,4032a,4,6
181382,4032a,15,8
181382,4032a,14,6
181382,4032a,322,6
181382,4070,14,2
181382,4070,4,2
181382,4070,321,2
181382,41682,14,2
181382,4286,0,2
181382,4286,4,2
181382,44661,15,8
181382,48336,0,2
181382,48336,322,4
181382,48336,14,1
181382,48336,15,2
181382,48336,4,2
181382,50950,15,2
181382,50950,29,4
181382,50950,322,2
181382,50950,14,2
181382,50950,4,2
181382,50950,0,2
181382,53119,15,8
181382,54200,14,6
181382,54200,0,4
181382,54200,4,4
181382,54200,15,6
181382,54200,29,4
181382,54200,226,4
181382,54200,322,7
181382,54200,323,4
181382,59900,36,8
181382,59900,0,2
181382,59900,14,6
181382,59900,321,2
181382,59900,4,4
181382,59900,15,2
181382,59900,297,2
181382,6014b,14,4
181382,60474,4,2
181382,60474,15,6
181382,60474,14,1
181382,60481,4,2
181382,60481,0,2
181382,60481,322,4
181382,6091,323,4
181382,6091,14,2
181382,6091,322,2
181382,6091,4,2
181382,6106,15,4
181382,6134,15,3
181382,6141,322,8
181382,6141,14,4
181382,6141,226,4
181382,6141,15,5
181382,6141,4,6
181382,6141,29,15
181382,6141,323,2
181382,63868,0,2
181382,63868,14,8
181382,63868,4,10
181382,63868,15,2
181382,63868,322,8
181382,63965,71,2
181382,64644,0,2
181382,67687,71,2
181382,67810,15,6
181382,75937,15,3
181382,76959,0,4
181382,76959,226,4
181382,76959,15,7
181382,85080,14,14
181382,85080,15,30
181382,85080,4,18
181382,85080,0,8
181382,85080,322,20
181382,85861,0,12
181382,85984,226,4
181382,85984,322,6
181382,85984,15,4
181382,85984,323,4
181382,85984,14,10
181382,85984,0,2
181382,85984,4,6
181382,87079,4,1
181382,87081,15,2
181382,87087,323,6
181382,87087,4,4
181382,87087,226,6
181382,87087,0,4
181382,87087,14,4
181382,87087,15,4
181382,87087,29,4
181382,87087,321,2
181382,87747,0,2
181382,87747,4,2
181382,87747,15,1
181382,96874,3,1
181382,98138,322,4
181382,98138,29,4
181382,98138,226,4
181382,98138,14,4
181382,98138,323,8
181382,98138,4,4
181382,98138pr0008,15,6
181382,98138pr9976,15,2
181382,98138pr9977,15,4
181382,98138pr9978,15,2
181382,98138pr9979,15,2
181382,98138pr9980,15,2
181382,98138pr9981,15,2
181382,98262,14,2
181382,98262,4,4
181382,99780,14,4
181382,99780,4,4
181400,28621pr4096,78,1
181400,36036pr0072,84,1
181400,37046,4,1
181400,3986,0,1
181400,973c41h02pr0002,320,1
181401,28621pr4097,78,1
181401,36036pr0073,85,1
181401,37046,85,1
181401,95225,226,1
181401,973c10h02pr6746,30,1
181402,3277,308,1
181402,3626cpr3577,78,1
181402,970c24pr2359,379,1
181402,973c11h02pr6747,28,1
181403,104255pr0001,484,1
181403,3626cpr9929,78,1
181403,37364c22,4,1
181403,65753,0,1
181403,973c22h02pr6750,4,1
181404,3626cpr2764,78,1
181404,92083,84,1
181404,970c29pr2519,212,1
181404,973c26h02pr6748,19,1
181501,100426,321,1
181501,100954pr0038,191,1
181501,102708pr0001,27,1
181501,103670pr0003,15,1
181501,104653pr0001,15,1
181501,14721,14,1
181501,15515,158,1
181501,18652,27,1
181501,18823pr0073,29,1
181501,20302,321,1
181501,2301,10,2
181501,2302,226,4
181501,27372pr0015,15,1
181501,27395,31,1
181501,3011,226,2
181501,3011,322,1
181501,3011,323,2
181501,31213pr0014,15,1
181501,3437,323,1
181501,3437,226,2
181501,3437,1050,3
181501,3437,158,2
181501,35114,27,2
181501,40666,15,1
181501,4196,15,2
181501,44524,10,1
181501,4890,1050,1
181501,4891,15,1
181501,4911,15,1
181501,4912,14,1
181501,49989pr0001,15,1
181501,61649,322,1
181501,65108pr0001,15,1
181501,65110,31,1
181501,65111,15,1
181501,65112,15,1
181501,65242c01pr0173,322,1
181501,65273,1050,1
181501,65273,323,1
181501,65273,4,1
181501,76371,323,2
181501,76371,322,2
181501,76371,1050,1
181501,76371,10,2
181501,76371pr0219,15,1
181501,76371pr0220,15,1
181501,76371pr0221,15,1
181501,89278,14,1
181501,90265,15,1
181501,92094,14,1
181501,94901,322,1
181501,98233,15,1
181538,10170,84,1
181538,10202pr0005,3,2
181538,11062,0,1
181538,11090,297,1
181538,11153,15,2
181538,11153,321,4
181538,11203,378,4
181538,11212,272,2
181538,11477,26,2
181538,11602pr0003,379,1
181538,11618,31,1
181538,11618,85,1
181538,13269,85,1
181538,13459,272,1
181538,14716,19,2
181538,15100,15,1
181538,15207,70,1
181538,15207,15,2
181538,15470,297,4
181538,15533,72,2
181538,15571,323,4
181538,15573,85,6
181538,15573,297,2
181538,15712,15,1
181538,17485,15,2
181538,18653,3,2
181538,18674,15,2
181538,19798,0,1
181538,20310,70,2
181538,20482,70,1
181538,21301,70,1
181538,22385,70,2
181538,22385,85,6
181538,22390,3,1
181538,22885,19,1
181538,2343,297,1
181538,23443,0,4
181538,23949,323,2
181538,24122,0,1
181538,2412b,70,3
181538,2417,191,1
181538,2420,84,2
181538,2431,323,1
181538,2431,26,3
181538,2431,70,4
181538,24482,297,3
181538,24866,10,1
181538,24866,191,10
181538,24866,26,6
181538,2489,308,1
181538,25269,26,4
181538,26047,297,3
181538,26601,26,2
181538,26603,84,2
181538,27925,30,8
181538,3003,19,3
181538,3003,272,2
181538,3004,19,4
181538,3004,85,2
181538,30044,70,2
181538,30046,297,2
181538,3005,323,4
181538,3007,70,3
181538,3009,19,8
181538,3009,30,1
181538,3010,378,1
181538,3010,15,1
181538,30106,47,1
181538,30145,19,4
181538,30165,15,1
181538,3020,85,2
181538,3021,15,2
181538,3023,84,1
181538,3023,3,6
181538,3023,31,4
181538,3023,1,2
181538,30237b,19,4
181538,30249,19,2
181538,3030,28,1
181538,3031,31,1
181538,3032,28,1
181538,3032,15,1
181538,3034,3,2
181538,3035,70,2
181538,30350b,26,2
181538,3039,3,4
181538,3039pr0009,15,1
181538,3040b,26,4
181538,3040b,19,4
181538,30414,19,1
181538,3049d,191,1
181538,30565,322,1
181538,30613,19,1
181538,3062b,19,2
181538,3062b,70,3
181538,3068b,15,3
181538,3068b,30,1
181538,3069b,30,2
181538,3069b,26,6
181538,3069bpr0168,70,1
181538,3245c,19,6
181538,32607,25,2
181538,32828,0,2
181538,3297,323,4
181538,33051,4,1
181538,33121,4,1
181538,33322,297,1
181538,35480,15,7
181538,35700,191,1
181538,3622,19,4
181538,3622,70,2
181538,3623,70,2
181538,3623,26,4
181538,3623,15,2
181538,3626c,15,1
181538,3633,15,2
181538,3633,297,3
181538,3659,70,2
181538,3659,19,2
181538,3666,321,1
181538,3666,15,2
181538,3678b,323,6
181538,3688,3,3
181538,3710,70,2
181538,3710,191,1
181538,3710,1,3
181538,37352,85,4
181538,37352,15,7
181538,37352,323,2
181538,3747b,19,2
181538,3795,15,2
181538,38583,15,1
181538,3937,15,2
181538,3938,0,2
181538,3958,0,1
181538,40066,19,3
181538,4032a,0,1
181538,4081b,1,2
181538,41539,31,1
181538,41682,19,2
181538,41740,85,7
181538,41835pr0001,15,2
181538,4216,15,3
181538,4274,71,1
181538,4287b,70,2
181538,4332,70,1
181538,43888,3,4
181538,43888,19,2
181538,43888,70,4
181538,4460b,85,2
181538,44861,378,2
181538,44861,15,4
181538,4490,19,2
181538,4495b,26,4
181538,4510,84,3
181538,4738c,84,1
181538,4739a,84,1
181538,47905,378,1
181538,48336,70,4
181538,51270,25,1
181538,52107,70,2
181538,58380,15,1
181538,58381,15,1
181538,59349,15,1
181538,59349,19,2
181538,59900,182,1
181538,59900,297,2
181538,6005,378,1
181538,60474,28,1
181538,60475b,19,4
181538,60478,378,2
181538,60808,19,5
181538,61052,9999,1
181538,6141,47,1
181538,6179,15,2
181538,6182,19,1
181538,63864,70,4
181538,63864,28,1
181538,64644,308,1
181538,64648,212,1
181538,64799,70,1
181538,64807,15,1
181538,65066pr0001,47,1
181538,65075,9999,1
181538,6636,3,2
181538,6636,26,2
181538,6636,70,4
181538,67338,484,1
181538,76764,179,1
181538,85861,297,5
181538,87079,70,4
181538,87079,15,1
181538,87079,323,1
181538,87087,19,2
181538,87552,19,2
181538,87580,26,3
181538,87580,70,4
181538,87585,70,2
181538,87609,15,1
181538,87994,0,7
181538,88072,19,1
181538,88072,70,1
181538,88646,15,1
181538,90194,70,1
181538,90195,19,6
181538,92099,15,2
181538,92438,31,3
181538,92950,85,2
181538,92950,19,2
181538,93095,15,2
181538,93273,3,1
181538,93273,19,2
181538,95228,34,1
181538,96874,25,1
181538,98138,15,4
181538,98138pr0024,179,1
181538,98138pr0048,70,2
181538,98138pr0050,19,1
181538,99207,70,1
181538,99563,19,2
181538,99780,70,2
181562,28621pr4095,78,1
181562,36036pr0071,2,1
181562,37046,288,1
181562,3987,484,1
181562,973c31h02pr0002,2,1
181741,10197,72,6
181741,102735,47,1
181741,103710pr0001,71,1
181741,104729pr0001,484,1
181741,11090,15,2
181741,11212,0,3
181741,11213,71,1
181741,11214,72,1
181741,1126,84,2
181741,11458,71,3
181741,11610,0,1
181741,11833,0,2
181741,14417,72,2
181741,14716,0,2
181741,14718,0,1
181741,14769,71,4
181741,15068,0,4
181741,15207,0,1
181741,15462,70,3
181741,15535,72,7
181741,15573,0,10
181741,16091,0,3
181741,1748,0,3
181741,18575,0,1
181741,18651,0,2
181741,18674,71,5
181741,1927,72,1
181741,20482,0,4
181741,20482,71,1
181741,22885,0,2
181741,22888,0,2
181741,2393,71,1
181741,2420,0,2
181741,2431,0,6
181741,2431,71,2
181741,24316,70,1
181741,25214,71,1
181741,25269,0,2
181741,25269,15,1
181741,2654,0,1
181741,2654,47,4
181741,26603,0,7
181741,26603,72,2
181741,2723,0,6
181741,27507,15,8
181741,27925,0,20
181741,27925,71,8
181741,3001,0,3
181741,3003,84,3
181741,3004,70,4
181741,3004,0,6
181741,3009,0,3
181741,3010,0,5
181741,30136,3,2
181741,3020,72,1
181741,3020,4,1
181741,3020,0,2
181741,3022,72,1
181741,3023,71,2
181741,3023,46,2
181741,3023,0,20
181741,3023,84,9
181741,3024,484,9
181741,3024,0,16
181741,3024,71,1
181741,3033,0,2
181741,3034,84,6
181741,3034,0,2
181741,3036,72,1
181741,3038,0,4
181741,3039,0,3
181741,30541,0,2
181741,3068b,80,1
181741,3068b,0,9
181741,3068bpr0680,19,1
181741,3069b,84,3
181741,3069b,0,3
181741,3070b,71,2
181741,32013,0,2
181741,32013,71,1
181741,32015,0,6
181741,32062,4,4
181741,32062,0,6
181741,32064a,0,6
181741,32073,71,1
181741,32123b,15,6
181741,32123b,71,2
181741,32184,0,2
181741,32249,0,6
181741,32316,71,4
181741,32498,0,1
181741,32523,71,2
181741,3262,70,1
181741,32803,0,1
181741,32952,0,3
181741,33909,15,4
181741,33909,0,3
181741,3396,15,1
181741,3460,15,1
181741,3460,0,1
181741,3460,71,4
181741,3460,84,3
181741,35480,72,9
181741,35480,15,1
181741,35787,0,6
181741,35787,15,6
181741,35809pat0003,179,1
181741,3622,0,1
181741,3623,0,1
181741,3659,0,1
181741,3666,72,3
181741,3666,0,9
181741,3673,71,1
181741,36840,0,1
181741,3700,84,6
181741,3700,0,1
181741,3705,4,7
181741,3705,0,4
181741,3706,4,1
181741,3709,72,2
181741,3710,0,4
181741,3710,70,3
181741,3710,71,4
181741,3710,484,12
181741,37352,71,4
181741,3795,484,3
181741,3832,0,1
181741,3937,70,1
181741,3941,70,6
181741,3941,4,2
181741,3957b,47,2
181741,39793,72,1
181741,39888,19,2
181741,4032a,28,2
181741,4032a,72,1
181741,4032a,0,4
181741,4079b,288,1
181741,41539,72,1
181741,4162,72,1
181741,4162,71,7
181741,41677,71,8
181741,41682,0,3
181741,41740,72,2
181741,4185,71,2
181741,42003,72,1
181741,42135,4,1
181741,42529,72,1
181741,4304,0,1
181741,43093,1,6
181741,43898,47,1
181741,43898,71,1
181741,44728,0,12
181741,4477,0,1
181741,4519,14,1
181741,4519,71,6
181741,4742,0,1
181741,47455,0,1
181741,48092,0,6
181741,48170,72,1
181741,48336,0,1
181741,49307,288,2
181741,51138,71,2
181741,54200,0,1
181741,54200,484,2
181741,54200,71,2
181741,54672,71,2
181741,57895pr0025,47,1
181741,57895pr0028,47,1
181741,57895pr0029,47,1
181741,59443,71,6
181741,60219,71,1
181741,60470b,0,1
181741,60474,322,1
181741,60479,0,2
181741,60483,0,2
181741,60485,71,3
181741,60596,0,3
181741,61332,0,10
181741,6134,70,1
181741,6141,19,4
181741,6141,71,9
181741,61485,0,1
181741,6177b,0,2
181741,62462,70,1
181741,63864,0,4
181741,63864,15,2
181741,64644,70,2
181741,6541,0,11
181741,65487,72,2
181741,65509,484,1
181741,65826,10,4
181741,6587,28,1
181741,6632,71,6
181741,6636,0,7
181741,6636,84,6
181741,6636,71,2
181741,66906,0,2
181741,67095,71,1
181741,68325,71,1
181741,68568,0,12
181741,69729,0,3
181741,69984,0,1
181741,73111,71,2
181741,73230,84,25
181741,73825,0,9
181741,74611,71,2
181741,78258,15,2
181741,78329,71,2
181741,79387,0,1
181741,79389,0,6
181741,79393,0,8
181741,79491,0,4
181741,80431,72,1
181741,85080,0,8
181741,85943,72,1
181741,85984,0,1
181741,85984,71,3
181741,86876,71,1
181741,87079,84,3
181741,87079,0,5
181741,87087,71,4
181741,87087,484,2
181741,87620,0,1
181741,89678,4,7
181741,90258,72,2
181741,91988,0,2
181741,92950,0,1
181741,96874,25,1
181741,98138,71,8
181741,98138,326,4
181741,98138,70,1
181741,98375,179,3
181741,99207,72,5
181741,99207,0,6
181741,99780,0,5
181741,99781,72,1
181849,2526,4,1
181849,3626cpr3156,14,1
181849,67043pat0001,19,1
181849,87693,4,1
181849,970c27,15,1
181849,973c28h01pr6631,1,1
181850,3626cpr2113,14,1
181850,85974,0,1
181850,970c03,0,1
181850,973c27h01pr6635,15,1
181851,18927,4,1
181851,3626cpr1557,14,1
181851,970c31,2,1
181851,973c01h01pr2822,15,1
181854,2526,297,1
181854,2528pr0015,15,1
181854,3626cpr2590,14,1
181854,64647,4,1
181854,970c27,15,1
181854,973c28h01pr6629,1,1
181855,2524,70,1
181855,2526,4,1
181855,2545,0,1
181855,3626cpr3376,14,1
181855,970c27,15,1
181855,973c28h01pr6631,1,1
181856,2524,70,1
181856,2526,4,1
181856,2545,0,1
181856,3626cpr3739,14,1
181856,970c27,15,1
181856,973c28h01pr6631,1,1
181857,2524,70,1
181857,2526,4,1
181857,2545,0,1
181857,28621pr4057,14,1
181857,970c27,15,1
181857,973c28h01pr6631,1,1
181858,2526,297,1
181858,3626cpr3584,14,1
181858,64647,4,1
181858,67043pat0001,70,1
181858,970c27,15,1
181858,973c28h01pr6631,1,1
181859,18927,4,1
181859,3626cpr0895,15,1
181859,6266,15,2
181859,78132,15,1
181859,93061,15,2
181956,11153,272,7
181956,11153,80,3
181956,11211,272,4
181956,11211,15,18
181956,11212,272,2
181956,11477,272,4
181956,14704,72,1
181956,14769,272,4
181956,15068,272,30
181956,15456,0,1
181956,15573,272,4
181956,15672,272,1
181956,1762,71,9
181956,22385,272,2
181956,22885,71,8
181956,22888,0,2
181956,2420,72,4
181956,2420,272,4
181956,24201,272,10
181956,24309,272,17
181956,2431,272,6
181956,2431,0,4
181956,2456,14,2
181956,25269,272,6
181956,26047,272,20
181956,2654,272,11
181956,27263,272,4
181956,27507,0,4
181956,27925,272,4
181956,28192,272,1
181956,29119,272,3
181956,29120,272,3
181956,3001,71,1
181956,3001,4,1
181956,3003,272,6
181956,3004,0,4
181956,3009,272,4
181956,3009,71,4
181956,3010,14,3
181956,30166,15,4
181956,3020,0,2
181956,3020,72,1
181956,3020,272,2
181956,3020,14,11
181956,3021,322,1
181956,3021,272,9
181956,3022,272,17
181956,3022,71,4
181956,3022,0,1
181956,3023,71,3
181956,3023,0,9
181956,3023,272,19
181956,3031,272,1
181956,3031,15,2
181956,3032,71,1
181956,3034,272,1
181956,30414,71,2
181956,3045,0,4
181956,3068b,272,2
181956,3069b,272,8
181956,32064a,14,2
181956,32324,0,1
181956,32525,71,2
181956,32828,71,3
181956,32952,72,4
181956,3298,0,8
181956,33909,272,2
181956,3460,0,7
181956,3460,72,3
181956,3460,272,2
181956,35480,4,7
181956,3623,272,6
181956,3623,0,2
181956,3666,4,6
181956,3666,272,7
181956,3666,71,15
181956,3675,0,4
181956,3705,4,2
181956,3710,71,8
181956,3710,272,4
181956,3795,0,3
181956,3795,71,7
181956,3937,0,3
181956,3958,15,1
181956,4032a,4,17
181956,4162,80,6
181956,41740,272,2
181956,42862,272,3
181956,42918,272,2
181956,4304,71,4
181956,4304,0,8
181956,43712,272,1
181956,43722,272,3
181956,43723,272,3
181956,44728,4,4
181956,4477,0,4
181956,44861,15,8
181956,4510,272,1
181956,47753,272,2
181956,48165,272,3
181956,50950,272,3
181956,50955,272,2
181956,50956,272,2
181956,54200,272,4
181956,60470b,272,13
181956,60478,272,2
181956,60592,71,3
181956,61332,0,1
181956,6134,0,2
181956,6134,71,1
181956,61409,272,4
181956,6141,14,4
181956,6141,1,8
181956,6141,272,2
181956,6180pr0033,0,1
181956,64799,0,1
181956,6636,272,1
181956,67329,15,2
181956,69729,72,1
181956,73825,0,2
181956,86876,71,3
181956,87079,272,3
181956,87087,14,4
181956,87087,72,2
181956,93273,272,4
181956,98560,0,4
181956,99207,14,4
181956,99780,14,2
181956,99781,272,1
182083,10050,297,1
182083,64647,182,1
182083,68504,182,1
182083,85861,297,2
182098,10105341,9999,1
182098,10105342,9999,1
182098,10247,72,1
182098,11090,0,1
182098,11153,15,2
182098,11203,72,4
182098,11211,72,2
182098,11212,15,18
182098,11212,71,2
182098,11215,71,1
182098,1126,15,4
182098,11477,70,2
182098,11477,191,2
182098,13547,15,2
182098,13547,72,4
182098,14719,15,2
182098,14769,71,4
182098,15068,15,4
182098,15068,379,4
182098,15068,4,2
182098,15207,72,2
182098,15303,35,3
182098,15400,72,2
182098,15535,71,1
182098,15535,72,2
182098,15535,2,4
182098,15573,25,1
182098,15573,15,4
182098,15573,0,1
182098,15573,28,2
182098,15573,72,1
182098,15672,191,1
182098,15712,71,8
182098,15712,72,2
182098,1750,25,4
182098,18673,1103,1
182098,18674,0,2
182098,18674,72,2
182098,18674,322,2
182098,18990,1095,1
182098,20482,0,1
182098,20482,4,6
182098,2148,0,2
182098,22385,15,1
182098,22885,15,6
182098,2310,72,16
182098,23443,0,4
182098,23969,71,1
182098,24122,28,4
182098,2412b,378,2
182098,2412b,179,2
182098,2412b,72,1
182098,2412b,15,4
182098,2412b,4,1
182098,2420,72,2
182098,2420,15,12
182098,24299,378,2
182098,24299,4,1
182098,24299,191,2
182098,24307,4,1
182098,24307,378,2
182098,24307,191,2
182098,2431,15,6
182098,2431,191,3
182098,2431,71,5
182098,2431,72,4
182098,24316,70,1
182098,2445,15,2
182098,2445,72,1
182098,2456,72,3
182098,24866,71,1
182098,24866,2,1
182098,2654,72,2
182098,2654,0,8
182098,26601,15,2
182098,26603,15,4
182098,26604,378,2
182098,27263,379,6
182098,28192,322,4
182098,28192,4,2
182098,28192,72,9
182098,2877,71,4
182098,29119,378,1
182098,29120,378,1
182098,3001,0,1
182098,3002,72,4
182098,3002,0,1
182098,3003,0,1
182098,3003,72,1
182098,3004,71,4
182098,3005,72,2
182098,3005,71,4
182098,3005,15,2
182098,3008,71,2
182098,3009,71,2
182098,3010,15,2
182098,30136,71,1
182098,30136,326,10
182098,30136,15,4
182098,3020,15,15
182098,3020,19,7
182098,3020,72,9
182098,3020,25,4
182098,3020,0,2
182098,3020,4,2
182098,3021,15,4
182098,3021,71,8
182098,3021,322,6
182098,3022,15,4
182098,3022,72,3
182098,3022,0,7
182098,3023,5,2
182098,3023,15,13
182098,3023,191,2
182098,3023,378,4
182098,3023,379,3
182098,3023,322,1
182098,3023,72,10
182098,3023,19,9
182098,3023,4,2
182098,3023,71,4
182098,3024,191,2
182098,3024,71,4
182098,3024,15,4
182098,3024,46,4
182098,3029,72,2
182098,3029,15,2
182098,30304,72,1
182098,3031,72,1
182098,3032,72,1
182098,3032,15,4
182098,3034,0,8
182098,3034,19,2
182098,3035,0,1
182098,3036,72,1
182098,3036,15,2
182098,30374,71,4
182098,30374,72,1
182098,30377,179,6
182098,3039,70,1
182098,3040b,72,2
182098,3062b,72,6
182098,3062b,0,1
182098,3065,46,2
182098,3068b,191,1
182098,3068b,70,1
182098,3068b,15,4
182098,3068b,379,5
182098,3069b,378,4
182098,3069b,0,1
182098,3069b,191,2
182098,3069b,36,2
182098,3069b,4,1
182098,3069b,72,2
182098,3069bpr0276,72,1
182098,3070b,72,2
182098,3070b,71,2
182098,3070b,322,4
182098,3070b,379,4
182098,3070b,15,6
182098,3176,71,1
182098,32001,0,1
182098,32028,15,6
182098,32064a,0,7
182098,32064a,322,2
182098,32123b,71,1
182098,32124,0,2
182098,3245c,72,4
182098,3245c,15,1
182098,32523,15,4
182098,32524,72,4
182098,32531,71,6
182098,32532,71,4
182098,32803,71,4
182098,32803,15,1
182098,32803,0,6
182098,32803,72,8
182098,32828,0,6
182098,32952,19,2
182098,32952,15,1
182098,33078,72,2
182098,3384,1095,1
182098,3386,0,2
182098,33909,71,2
182098,33909,72,2
182098,34076,71,2
182098,34103,71,10
182098,34103,70,2
182098,3460,72,2
182098,3460,15,2
182098,35464,15,2
182098,35480,72,9
182098,35480,71,20
182098,35480,0,3
182098,35787,15,2
182098,3622,72,2
182098,3623,19,2
182098,3623,15,4
182098,3623,72,6
182098,3623,71,4
182098,3660,72,2
182098,3665,15,8
182098,3665,71,4
182098,3666,0,6
182098,3666,72,2
182098,3666,15,2
182098,3679,71,1
182098,3680,0,1
182098,36840,72,2
182098,36840,15,2
182098,36841,15,1
182098,36841,71,2
182098,3701,15,8
182098,3705,4,2
182098,3708,4,2
182098,3709,72,4
182098,3710,72,9
182098,3710,0,12
182098,3710,15,6
182098,3710,4,1
182098,3710,71,5
182098,3713,4,2
182098,3747b,0,3
182098,3795,19,1
182098,3795,71,4
182098,3795,72,3
182098,3795,15,4
182098,3832,71,2
182098,3894,72,2
182098,3937,0,2
182098,3937,72,2
182098,3937,15,2
182098,3941,71,4
182098,3941,72,2
182098,3941,15,2
182098,3958,15,2
182098,4032a,0,4
182098,4032a,19,4
182098,4032a,72,1
182098,4070,15,4
182098,41239,72,1
182098,4162,15,4
182098,41682,71,4
182098,41740,70,2
182098,41769,379,1
182098,41769,15,1
182098,41770,15,1
182098,41770,379,1
182098,42195,71,2
182098,4286,72,8
182098,4287c,15,6
182098,4345b,71,1
182098,4346,15,1
182098,43722,15,2
182098,43723,15,2
182098,43898,1061,2
182098,44567b,0,2
182098,44568,71,1
182098,44728,72,2
182098,44861,0,2
182098,44861,378,2
182098,44861,15,2
182098,4519,14,2
182098,4569,15,2
182098,4599b,71,1
182098,4740,1061,2
182098,47905,0,1
182098,48205,15,8
182098,48208,15,8
182098,4871,72,2
182098,49307,25,1
182098,50340,71,2
182098,50747pr0018,1095,1
182098,50950,0,2
182098,50950,15,2
182098,50950,191,2
182098,53540,71,2
182098,54200,2,2
182098,54200,191,1
182098,54200,72,6
182098,54200,4,2
182098,54200,15,8
182098,54200,36,1
182098,54383,15,1
182098,54384,15,1
182098,54657,0,2
182098,56145,179,2
182098,59900,0,1
182098,60219,72,1
182098,60470b,0,1
182098,60478,72,12
182098,60478,0,4
182098,60478,27,4
182098,60478,15,2
182098,60479,15,2
182098,60479,72,4
182098,60481,15,9
182098,60481,71,2
182098,60485,71,2
182098,60594,4,2
182098,6091,0,10
182098,6111,0,2
182098,61252,25,4
182098,61332,0,39
182098,6134,0,2
182098,6134,71,2
182098,6134,15,2
182098,61409,15,2
182098,6141,10,1
182098,6141,191,1
182098,61780,72,1
182098,6180,15,2
182098,6231,15,4
182098,6233,0,6
182098,63864,15,6
182098,63864,14,2
182098,63864,379,2
182098,63864,71,4
182098,63864,72,1
182098,63868,72,4
182098,63868,15,6
182098,63868,322,14
182098,63965,0,4
182098,63965,72,2
182098,63965,71,2
182098,64225,15,3
182098,64567,0,2
182098,6587,28,4
182098,68325,71,2
182098,69729,71,1
182098,69729,25,2
182098,72454,72,2
182098,73111,0,2
182098,73230,0,4
182098,73230,25,4
182098,73562,72,4
182098,73825,15,1
182098,73825,0,3
182098,75937,1103,2
182098,76766,71,4
182098,76766,15,2
182098,76959,71,2
182098,76959,0,1
182098,76959,15,2
182098,77844,0,2
182098,77850,0,2
182098,78258,72,2
182098,78258,70,2
182098,78258,0,6
182098,78329,15,2
182098,78329,71,4
182098,78666,191,2
182098,78666,15,6
182098,79389,72,2
182098,79393,15,4
182098,79756,15,2
182098,79987,72,2
182098,85861,2,5
182098,85861,72,5
182098,85861,14,4
182098,85861,0,6
182098,85861,71,12
182098,85861,4,3
182098,85984,15,8
182098,85984,0,1
182098,85984,70,3
182098,85984pr0006,72,1
182098,86996,15,6
182098,86996,72,4
182098,86996,4,2
182098,86996,71,2
182098,86996,84,2
182098,87079,15,4
182098,87079,72,2
182098,87079,379,2
182098,87079,378,2
182098,87087,71,3
182098,87087,29,2
182098,87580,72,1
182098,87580,28,1
182098,88072,72,4
182098,89678,4,2
182098,91988,71,2
182098,92099,0,1
182098,92279,1095,1
182098,92738,179,1
182098,92738,0,2
182098,92947,0,2
182098,92947,71,3
182098,93273,72,3
182098,93273,15,2
182098,93274,15,2
182098,93606,72,2
182098,96874,25,1
182098,98138,41,2
182098,98138,33,4
182098,98138,191,4
182098,98138,36,3
182098,98138,72,4
182098,99206,71,2
182098,99206,0,5
182098,99206,72,2
182098,99207,72,2
182098,99207,15,2
182098,99207,0,2
182098,99563,191,2
182098,99563,15,28
182098,99563,179,3
182098,99563,70,1
182098,99563,1103,3
182098,99563,379,8
182098,99780,4,2
182098,99780,15,2
182098,99781,0,1
182098,99781,4,2
182098,99781,15,4
182132,11256,226,1
182132,3626cpr9702,78,1
182132,970c18,27,1
182132,973c18h02pr9999,27,1
182267,3626c,25,1
182267,970c34,25,1
182267,973c34h34,25,1
182275,10101061,9999,1
182275,10197,0,9
182275,10928,72,1
182275,11214,4,26
182275,11272,1103,2
182275,11458,0,4
182275,11478,0,2
182275,11946,0,6
182275,11947,0,6
182275,14696,297,64
182275,14720,71,5
182275,15362,0,2
182275,15462,70,4
182275,18651,0,19
182275,18654,72,10
182275,18654,0,7
182275,18654,71,16
182275,18654,297,8
182275,18677,0,2
182275,18945,71,2
182275,18946,4,1
182275,22961,0,9
182275,22961,72,2
182275,22961,71,1
182275,23443,0,2
182275,2387,71,1
182275,2387,0,4
182275,2387,40,1
182275,2389,40,1
182275,2389,0,4
182275,2389,71,1
182275,2391,72,4
182275,2391,0,1
182275,2393,71,3
182275,23948,14,1
182275,2395,0,3
182275,2403,0,3
182275,24119,71,2
182275,2412b,71,8
182275,24201,0,2
182275,2431,4,2
182275,24316,70,11
182275,24375,25,2
182275,2457,72,2
182275,2471,4,1
182275,2473,72,2
182275,2474,14,2
182275,2477,0,4
182275,2489,0,2
182275,25214,0,2
182275,25214,71,7
182275,26603,0,1
182275,2736,71,2
182275,27940,72,9
182275,27965,179,3
182275,2825,71,2
182275,2850b,71,4
182275,2851,14,4
182275,2852,71,4
182275,2853,14,2
182275,2854,19,3
182275,28621,47,2
182275,3021,0,1
182275,3023,71,2
182275,3024,36,1
182275,3024,71,2
182275,3033,0,1
182275,3035,0,1
182275,3069b,80,2
182275,32000,14,1
182275,32002,19,8
182275,32009,0,2
182275,32013,14,1
182275,32013,0,18
182275,32014,0,4
182275,32015,71,4
182275,32015,72,1
182275,32016,72,1
182275,32016,0,9
182275,32017,71,3
182275,32034,0,3
182275,32034,71,2
182275,32056,71,6
182275,32062,4,46
182275,32063,71,4
182275,32063,4,2
182275,32064a,0,1
182275,32065,0,1
182275,32073,71,12
182275,32123b,71,15
182275,32140,71,1
182275,32140,0,14
182275,32184,15,2
182275,32184,0,7
182275,32184,71,2
182275,32192,71,1
182275,32192,0,10
182275,32271,71,2
182275,32278,0,2
182275,32291,72,12
182275,32293,0,1
182275,32316,71,2
182275,32316,0,8
182275,32449,71,2
182275,32449,0,2
182275,32523,71,8
182275,32523,0,12
182275,32524,0,4
182275,32524,71,1
182275,32525,71,3
182275,32526,14,2
182275,32526,0,7
182275,32557,71,4
182275,32828,0,2
182275,3484,0,2
182275,3623,0,1
182275,3649,71,1
182275,3666,0,2
182275,3705,0,27
182275,3706,4,2
182275,3708,0,2
182275,3710,71,3
182275,3713,0,1
182275,3713,71,9
182275,3743,71,4
182275,39794,0,1
182275,40490,0,2
182275,40490,1,1
182275,41239,0,4
182275,41239,72,2
182275,4158,322,2
182275,4159,25,2
182275,41677,4,2
182275,41677,0,18
182275,41677,71,2
182275,4185,0,1
182275,42003,72,20
182275,42135,71,2
182275,42135,72,2
182275,42195,71,5
182275,42195,0,3
182275,42610,0,1
182275,4278,0,2
182275,42924,1,110
182275,43093,1,75
182275,44294,14,3
182275,44809,0,8
182275,44809,71,2
182275,44874,4,1
182275,44874,71,2
182275,4519,14,40
182275,47753,71,1
182275,49153,4,4
182275,53585,0,1
182275,54200,36,3
182275,55013,72,5
182275,57585,0,5
182275,59426,72,2
182275,59443,71,2
182275,59443,0,6
182275,59443,15,7
182275,60208,72,2
182275,60483,25,3
182275,60483,0,6
182275,60483,71,15
182275,60484,71,12
182275,61332,0,162
182275,61409,71,8
182275,63864,71,2
182275,63869,0,7
182275,64179,0,4
182275,64225,71,1
182275,64391,0,2
182275,64683,0,2
182275,64781,0,1
182275,64782,0,2
182275,65098,0,1
182275,65304,71,19
182275,65304,0,6
182275,6536,0,40
182275,65416,71,1
182275,65487,72,2
182275,65487,0,15
182275,65489,71,1
182275,6553,72,1
182275,6587,28,2
182275,6629,0,6
182275,6629,71,2
182275,6632,4,2
182275,6632,0,6
182275,66906,4,9
182275,69633,297,2
182275,69636,0,2
182275,69778,1,5
182275,69819,71,1
182275,69819,0,6
182275,71708,0,14
182275,71708,71,7
182275,71710,0,2
182275,71711pat0001,71,2
182275,71720,1,2
182275,71721,0,1
182275,71722,0,1
182275,73230,15,2
182275,73507,0,4
182275,77765,71,1
182275,78258,0,5
182275,78c06,0,2
182275,79717c03,71,1
182275,80267,0,1
182275,80267,72,1
182275,80268,72,1
182275,80268,0,1
182275,80274,72,1
182275,80274,0,1
182275,80278,0,1
182275,80278,72,1
182275,80286,0,4
182275,80477,72,4
182275,81346,2,3
182275,83496,0,1
182275,85543,15,2
182275,85984,0,2
182275,87079,0,1
182275,87083,72,7
182275,89678,72,10
182275,89678,4,9
182275,89679,0,2
182275,89953c01,71,1
182275,92907,71,4
182275,92907,0,2
182275,92909,72,2
182275,93273,71,1
182275,94925,71,2
182275,98138,47,2
182275,98138,71,4
182275,98138,36,2
182275,98138,0,1
182275,98138,182,2
182275,98585,0,1
182275,99008,19,4
182275,99773,71,4
182307,10314,288,2
182307,10314pr0001,288,12
182307,11090,0,1
182307,11153,19,8
182307,11212,72,4
182307,11215,0,8
182307,11458,72,1
182307,11477,288,8
182307,11477,15,4
182307,11477,80,4
182307,11477,71,2
182307,12825,14,2
182307,13547,0,4
182307,14769,288,2
182307,14769pr0004,71,2
182307,15068,15,18
182307,15573,71,29
182307,15920,9999,1
182307,16280pr0001,15,1
182307,16681,9999,1
182307,2343,47,2
182307,2412b,179,8
182307,2412b,70,8
182307,2412b,0,6
182307,2412b,297,1
182307,2420,70,10
182307,2431,288,28
182307,2431,15,4
182307,2431,0,2
182307,2432,71,2
182307,24607,40,2
182307,2540,19,2
182307,2540,72,1
182307,2736,71,1
182307,2741,0,1
182307,2780,0,26
182307,2817,0,2
182307,298c02,15,1
182307,3002,0,3
182307,3004,19,5
182307,3004,70,12
182307,3004,288,6
182307,3005,15,2
182307,3005,28,6
182307,3005,288,12
182307,3009,70,4
182307,3010,288,11
182307,3010,0,1
182307,30151b,47,1
182307,3020,19,8
182307,3020,288,13
182307,3020,0,4
182307,3021,288,6
182307,3021,71,10
182307,3022,70,4
182307,3023,288,38
182307,3023,19,18
182307,3023,71,6
182307,3023,70,4
182307,3023,0,4
182307,3023,40,6
182307,3024,19,8
182307,3024,40,2
182307,3024,70,4
182307,3024,71,8
182307,3024,288,22
182307,3024,4,2
182307,3024,47,2
182307,3024,0,8
182307,3024,182,4
182307,3032,72,1
182307,3034,71,1
182307,3035,0,3
182307,3035,15,1
182307,30350b,72,1
182307,30367c,72,1
182307,30374,0,1
182307,30374,71,2
182307,30414,4,1
182307,30414,288,6
182307,3068b,19,6
182307,3068b,70,1
182307,3068b,4,1
182307,3068b,288,4
182307,3069b,40,2
182307,3069b,19,6
182307,3069b,72,6
182307,3069bpr0090,72,1
182307,3070b,70,2
182307,3070b,0,1
182307,3070b,28,14
182307,3070b,36,4
182307,3070b,15,18
182307,3070b,19,22
182307,3070b,71,4
182307,3070b,288,12
182307,3176,288,2
182307,32000,0,4
182307,32013,72,1
182307,32028,72,6
182307,32123b,14,4
182307,32123b,71,2
182307,32523,80,4
182307,3456,71,1
182307,3460,0,5
182307,35299,288,4
182307,3623,288,18
182307,3623,70,3
182307,3623,0,4
182307,3623,15,1
182307,3660,288,4
182307,3665,0,7
182307,3666,71,6
182307,3666,288,8
182307,3666,15,1
182307,3700,71,2
182307,3710,19,7
182307,3710,0,8
182307,3710,288,6
182307,3794b,70,2
182307,3832,72,5
182307,3832,19,5
182307,3894,0,4
182307,3895,0,2
182307,3895,1,4
182307,3937,72,2
182307,3941,41,1
182307,4032a,72,2
182307,4070,72,6
182307,4081b,0,4
182307,4162,0,1
182307,4162,72,5
182307,4162,71,1
182307,42446,70,2
182307,4274,1,8
182307,43093,1,2
182307,4342,84,1
182307,44309,0,4
182307,4460b,288,4
182307,44728,72,1
182307,4510,72,3
182307,4735,0,2
182307,4740,47,4
182307,4740,71,2
182307,48336,4,2
182307,48724,0,1
182307,53451,0,4
182307,54200,288,14
182307,54200,14,1
182307,54200,19,2
182307,54200,191,1
182307,54200,15,8
182307,54200,4,2
182307,54200,28,4
182307,56145,71,4
182307,56898,0,1
182307,56904,15,1
182307,59349,71,1
182307,60476,15,2
182307,60478,0,10
182307,60479,0,4
182307,60581,40,2
182307,6081,288,1
182307,6091,288,4
182307,6091,19,26
182307,6091,70,8
182307,6091,15,10
182307,6111,72,2
182307,61184,71,1
182307,6134,0,5
182307,6141,47,2
182307,6141,297,2
182307,6141,80,4
182307,6141,0,8
182307,6141,4,1
182307,62462,80,13
182307,62701,179,4
182307,63864,15,2
182307,63864,288,10
182307,63864,72,4
182307,63868,0,6
182307,63965,70,1
182307,6541,0,12
182307,6558,1,11
182307,6636,19,2
182307,73983,288,4
182307,76766,71,4
182307,87079,72,2
182307,87079,15,12
182307,87083,72,4
182307,87087,288,24
182307,87087,0,6
182307,87544,40,2
182307,91884,179,2
182307,91988,70,2
182307,92280,4,2
182307,92280,0,4
182307,93273,19,2
182307,93555,179,2
182307,93604,288,2
182307,96874,25,1
182307,98138,71,2
182307,98138,182,2
182307,98138pr0012,179,3
182307,99206,0,8
182307,99207,4,4
182307,99207,0,4
182307,99780,0,3
182307,99781,71,1
182378,15573,71,2
182378,15712,71,7
182378,18649,71,1
182378,18674,72,1
182378,23443,320,1
182378,2412b,72,1
182378,26047,71,4
182378,3020,320,1
182378,3021,71,2
182378,3023,320,3
182378,3024,72,1
182378,3040b,47,1
182378,3070b,47,1
182378,3070b,320,1
182378,32828,72,4
182378,37762,72,1
182378,42862,71,2
182378,44728,72,1
182378,4740,71,6
182378,48165,71,2
182378,48729b,72,2
182378,54200,72,2
182378,61252,72,6
182378,73825,320,1
182378,78257,72,2
182378,78258,72,1
182378,87087,0,2
182378,92692,0,2
182378,99780,320,1
182483,18920,179,1
182483,3020,1,2
182483,3022,14,1
182483,87989,27,1
182521,12825,0,2
182521,2357,2,4
182521,2357,15,1
182521,2357,4,1
182521,2357,1,1
182521,2357,14,1
182521,2420,1,1
182521,2420,14,1
182521,2420,15,1
182521,2420,4,1
182521,2431,27,24
182521,3004,27,36
182521,3008,2,4
182521,3010,27,12
182521,3022,71,2
182521,3023,71,16
182521,30374,71,1
182521,3048c,71,1
182521,3062b,0,1
182521,3068b,0,1
182521,3068b,2,1
182521,3068b,71,1
182521,3068bpr0143,15,1
182521,3068bpr0144,15,1
182521,3068bpr0145,15,1
182521,3068bpr0148,15,1
182521,3069b,71,16
182521,3069b,27,4
182521,3070b,27,4
182521,3622,27,12
182521,3794a,72,1
182521,3811,2,1
182521,4006,0,2
182521,4733,0,2
182521,48729b,0,2
182521,53451,4,2
182521,54200,0,1
182521,59900,71,4
182521,6111,2,8
182521,6141,47,32
182521,64776pat0001,0,1
182521,85861,15,1
182521,85863pr0008,1,3
182521,85863pr0009,14,3
182521,85863pr0010,4,3
182521,85863pr0011,15,3
182521,88076,15,1
182835,41889,1103,1
182835,41890,1103,1
182835,42687,1103,1
182835,64796,1103,1
182855,3626bpr0541,14,1
182855,3844,148,1
182855,970c03,0,1
182855,973c03h01pr1625,288,1
182856,3626bpr0566,14,1
182856,3844,148,1
182856,970c03,0,1
182856,973c03h01pr1625,288,1
182930,11153,15,4
182930,11476,15,1
182930,11477,191,4
182930,11477,4,4
182930,15573,19,3
182930,15573,71,2
182930,15712,72,2
182930,18649,4,2
182930,18674,4,1
182930,19119,484,2
182930,23443,0,2
182930,2420,72,2
182930,24201,15,6
182930,2421,0,2
182930,24246,72,1
182930,24246,25,10
182930,2450,322,2
182930,2450,288,4
182930,2454b,70,1
182930,24866,14,2
182930,24866,29,3
182930,24866,27,10
182930,24866,26,5
182930,24866,25,2
182930,2540,71,1
182930,26047,15,2
182930,26047,71,2
182930,26601,25,2
182930,26601,1,2
182930,26604,19,4
182930,29119,25,2
182930,29120,25,2
182930,3004,71,2
182930,3004,19,2
182930,3020,191,1
182930,3020,25,6
182930,3020,1,1
182930,3021,4,1
182930,3022,25,2
182930,3022,19,2
182930,3023,19,3
182930,3023,25,2
182930,3023,70,8
182930,3024,70,8
182930,3024,25,4
182930,3024,4,1
182930,3024,15,2
182930,3031,15,2
182930,3032,1,1
182930,30374,0,2
182930,3040b,71,2
182930,3062b,19,2
182930,3176,72,1
182930,32828,226,3
182930,35480,15,2
182930,3659,19,2
182930,3665,19,2
182930,3665,25,2
182930,3666,1,1
182930,3679,71,2
182930,3680,15,2
182930,36840,4,4
182930,3710,25,5
182930,3710,15,5
182930,3710,19,3
182930,3795,70,1
182930,3795,1,1
182930,3941,15,1
182930,3941,4,2
182930,3960,19,1
182930,4032a,15,2
182930,4032a,71,2
182930,41769,191,1
182930,41769,322,1
182930,41770,322,1
182930,41770,191,1
182930,4460b,71,1
182930,4495b,4,2
182930,52107,28,3
182930,54200,4,3
182930,54200,71,6
182930,54200,25,6
182930,54200,15,2
182930,54200,191,6
182930,59900,19,2
182930,59900,46,4
182930,60470b,4,2
182930,60481,72,3
182930,60897,4,1
182930,6091,4,2
182930,61252,0,8
182930,61252,25,2
182930,61252,1,2
182930,6141,484,3
182930,64647,182,2
182930,64727,2,4
182930,67688,71,2
182930,75937,0,1
182930,86208,72,2
182930,87087,15,4
182930,96874,3,1
182930,98138pr0008,15,2
182930,98138pr0026,15,2
182930,98284,0,1
182930,99206,25,1
182930,99207,4,1
182930,99781,0,2
183071,18788,179,1
183071,18792,70,1
183071,1927,0,4
183071,19727pr0005,0,1
183071,19727pr0077,4,1
183071,20482,70,1
183071,2357,4,2
183071,2420,4,25
183071,2456,4,6
183071,2456,70,3
183071,2456,2,2
183071,24866,10,4
183071,26603,0,1
183071,3001,288,3
183071,3003,70,7
183071,3003,4,6
183071,3004pr0014,84,2
183071,3005,4,2
183071,3006,70,1
183071,3009,4,4
183071,3010,4,3
183071,30145,15,1
183071,3020,19,1
183071,3020,70,1
183071,3020,0,1
183071,3020,4,1
183071,3020,14,2
183071,3022,15,1
183071,3022,0,1
183071,3022,19,2
183071,3023,4,17
183071,3023,0,1
183071,3023,29,1
183071,3024,84,1
183071,3024,4,2
183071,3024,46,1
183071,3024,15,43
183071,3024,182,1
183071,3030,19,1
183071,3034,2,1
183071,3035,2,4
183071,3035,1,1
183071,3068b,15,1
183071,3068bpr0236,84,1
183071,3069b,19,3
183071,32028,15,3
183071,33183,191,2
183071,33909,15,2
183071,3666,4,1
183071,3795,70,1
183071,3795,2,1
183071,3795,28,1
183071,3795,4,1
183071,3795,19,5
183071,3958,4,2
183071,4032a,0,3
183071,4070,15,2
183071,4216,15,2
183071,44728,2,4
183071,4738c,84,1
183071,4739a,84,1
183071,48336,0,2
183071,60470b,15,1
183071,60594,4,1
183071,6141,15,3
183071,62113,84,1
183071,6223,34,5
183071,63868,0,4
183071,64644,308,1
183071,65509,288,6
183071,86996,84,6
183071,87552,41,4
183071,87580,4,9
183071,87580,2,4
183071,87580,33,1
183071,87580,28,9
183071,95343,71,1
183071,95344,28,1
183071,99780,0,1
183078,10104898,9999,1
183078,10104899,9999,1
183078,10106123,9999,1
183078,104814,71,2
183078,11090,25,1
183078,11090,0,2
183078,11153,15,20
183078,11211,1,1
183078,11211,19,77
183078,11211,28,17
183078,11211,15,3
183078,11212,15,1
183078,11212,71,12
183078,11214,72,6
183078,11458,71,1
183078,11458,15,1
183078,11477,41,10
183078,11477,71,2
183078,11477,28,2
183078,11477,0,1
183078,11477,15,9
183078,13349,15,1
183078,13349,72,6
183078,13548,72,26
183078,13564,15,3
183078,13731,72,2
183078,14395,72,6
183078,14418,71,8
183078,14419,72,4
183078,14704,71,2
183078,14716,0,1
183078,14719,28,12
183078,14719,71,2
183078,14719,15,6
183078,14769,71,7
183078,15068,320,9
183078,15068,72,11
183078,15068,71,8
183078,15254,84,3
183078,15254,15,2
183078,15254,72,1
183078,15395,0,3
183078,15460,72,4
183078,15533,71,2
183078,15533,19,7
183078,15571,0,4
183078,15571,71,2
183078,15573,15,11
183078,15573,320,11
183078,15573,28,4
183078,15573,71,36
183078,15573,297,4
183078,15573,378,11
183078,15573,19,1
183078,15672,72,3
183078,15712,15,8
183078,15712,0,5
183078,15712,71,4
183078,1745,71,5
183078,1748,15,4
183078,1750,72,4
183078,18041,0,2
183078,18575,0,2
183078,18651,0,5
183078,18653,0,1
183078,18653,84,6
183078,18654,72,4
183078,18654,70,2
183078,18674,0,1
183078,18677,71,1
183078,18677,0,1
183078,18980,28,3
183078,18980,0,6
183078,1927,72,2
183078,1927,19,3
183078,1927,15,3
183078,20310,0,10
183078,20310,297,17
183078,20482,297,3
183078,20482,72,2
183078,21229,0,2
183078,22385,71,14
183078,22385,72,8
183078,22885,28,41
183078,22886,71,3
183078,22886,70,2
183078,22886,0,2
183078,22961,15,4
183078,2343,297,10
183078,2343,179,8
183078,23443,0,4
183078,2357,19,18
183078,2357,72,16
183078,23949,72,2
183078,23950,71,2
183078,24014,71,2
183078,24122,15,8
183078,24122,0,2
183078,2412b,71,3
183078,2420,19,3
183078,2420,0,7
183078,2420,71,9
183078,2420,15,2
183078,24201,15,1
183078,24246,71,17
183078,24246,15,4
183078,24299,71,2
183078,24299,378,3
183078,24307,71,2
183078,24307,378,3
183078,24309,15,3
183078,24309,71,2
183078,2431,71,8
183078,2431,15,30
183078,2431,41,7
183078,2431,28,10
183078,2432,0,1
183078,2445,72,4
183078,2449,72,1
183078,2450,28,3
183078,2453b,71,1
183078,2454b,84,6
183078,2454b,19,3
183078,2456,320,1
183078,2456,72,11
183078,2462,72,16
183078,2465,72,7
183078,2465,0,1
183078,2476a,28,4
183078,24866,297,15
183078,24866,30,1
183078,24869,72,2
183078,2489,308,1
183078,24946,191,1
183078,25059,1103,1
183078,2508,15,1
183078,2508,0,3
183078,25269,71,8
183078,25269,72,8
183078,25269,47,7
183078,2540,15,1
183078,26021,70,1
183078,26047,72,1
183078,2654,0,3
183078,2654,47,1
183078,2654,15,3
183078,26601,326,4
183078,26601,71,4
183078,26601,322,1
183078,26601,0,4
183078,26603,15,2
183078,26603,0,1
183078,26603,84,2
183078,27150,29,1
183078,27263,71,8
183078,2736,71,11
183078,27507,71,4
183078,27507,15,5
183078,27925,0,16
183078,27925,71,6
183078,27925,19,6
183078,28192,15,46
183078,28192,0,4
183078,28192,72,1
183078,28621,72,1
183078,28621pr4117,30,1
183078,28802,71,7
183078,28974,72,1
183078,29111,0,1
183078,29119,72,4
183078,29119,71,2
183078,29120,72,4
183078,29120,71,2
183078,2921,0,1
183078,3001,0,3
183078,3001,4,6
183078,3001,19,5
183078,3001,72,8
183078,3001,15,3
183078,3002,0,5
183078,3002,72,3
183078,3003,0,6
183078,3003,19,6
183078,3003,84,3
183078,3003,72,6
183078,3004,0,1
183078,3005,71,5
183078,3005,378,1
183078,3005,15,4
183078,3005,28,20
183078,3007,71,1
183078,3008,84,4
183078,3008,4,3
183078,3008,15,4
183078,3008,72,6
183078,3009,15,3
183078,3009,320,4
183078,3009,84,8
183078,3009,19,5
183078,3009,72,13
183078,3010,320,5
183078,3010,28,23
183078,3010,0,5
183078,30103,0,2
183078,30115,288,1
183078,30115,272,1
183078,30136,28,72
183078,30136,70,11
183078,30150,70,1
183078,30151b,47,1
183078,30153,36,1
183078,30166,15,4
183078,3020,72,15
183078,3020,0,12
183078,3020,28,4
183078,3020,378,10
183078,3020,71,9
183078,3020,320,5
183078,3021,71,15
183078,3021,28,26
183078,3021,27,4
183078,3022,28,41
183078,3022,0,13
183078,3022,71,1
183078,3022,297,4
183078,3022,15,6
183078,3022,19,12
183078,3023,322,19
183078,3023,15,67
183078,3023,0,13
183078,3023,19,15
183078,3024,71,14
183078,3024,28,45
183078,3024,72,3
183078,3024,297,21
183078,3024,15,106
183078,3024,0,6
183078,3024,19,8
183078,3029,72,3
183078,3029,15,1
183078,3031,72,4
183078,3032,72,5
183078,3032,15,3
183078,3033,72,2
183078,3034,71,6
183078,3034,28,3
183078,3034,15,4
183078,3035,72,1
183078,30357,71,6
183078,3036,71,1
183078,3036,72,4
183078,30363,72,3
183078,30367c,47,1
183078,30374,0,3
183078,30374,47,1
183078,30385,35,1
183078,3039,72,30
183078,3039,0,4
183078,3040b,28,24
183078,30414,72,29
183078,30414,19,99
183078,3043,0,3
183078,3049d,15,2
183078,3049d,0,2
183078,30504,28,12
183078,30565,71,10
183078,3062b,46,9
183078,3062b,0,5
183078,3062b,72,9
183078,3068b,15,15
183078,3068b,0,13
183078,3068b,72,4
183078,3068b,71,3
183078,3068b,19,3
183078,3068b,28,46
183078,3068bpr0376,19,1
183078,3068bpr0644,19,1
183078,3069b,28,24
183078,3069b,15,18
183078,3069b,71,3
183078,3069bpr0271,19,1
183078,3069bpr0390,19,1
183078,3070b,19,2
183078,3070b,378,4
183078,3070b,320,4
183078,3070b,15,38
183078,3171,19,7
183078,3176,15,2
183078,32018,71,2
183078,32028,15,1
183078,32028,320,4
183078,32028,71,50
183078,32062,0,6
183078,32064a,15,4
183078,32064a,0,1
183078,32123b,71,4
183078,32291,71,2
183078,3245c,4,2
183078,3245c,14,2
183078,3245c,15,1
183078,3245c,2,2
183078,32474,15,6
183078,32474pr1026,5,1
183078,32525,0,1
183078,32525,4,1
183078,3262,72,1
183078,32802,15,1
183078,32803,15,4
183078,32803,0,12
183078,32803,28,9
183078,32828,0,1
183078,32828,297,3
183078,32952,84,18
183078,32952,0,1
183078,32952,71,3
183078,32952,15,4
183078,33320,27,1
183078,33320,70,1
183078,33320,72,1
183078,3386,0,4
183078,33909,71,26
183078,33909,72,2
183078,3396,15,4
183078,34103,0,7
183078,34103,19,8
183078,34103,71,6
183078,34316,70,1
183078,3460,28,12
183078,3460,15,2
183078,3469pr0001,15,1
183078,3484,72,4
183078,3484,0,3
183078,35044,0,6
183078,35044,15,5
183078,35394,71,1
183078,35480,28,71
183078,35480,15,14
183078,35787,15,2
183078,3622,70,24
183078,3622,0,1
183078,3622,72,21
183078,3622,71,9
183078,3622,15,1
183078,3622,19,17
183078,3623,326,10
183078,3623,71,26
183078,3623,15,23
183078,3626c,297,1
183078,3626cpr0895,15,1
183078,3659,71,7
183078,3660,72,17
183078,3660,19,3
183078,3665,28,6
183078,3666,28,5
183078,3666,72,15
183078,3666,71,5
183078,3666,378,7
183078,3666,15,9
183078,3666,19,7
183078,3673,14,2
183078,36752a,0,4
183078,36752a,308,1
183078,36752a,70,1
183078,3678b,72,11
183078,3678b,0,11
183078,36840,71,2
183078,36840,72,8
183078,36841,15,26
183078,36841,212,1
183078,36841,0,4
183078,3700,19,2
183078,3700,72,10
183078,3710,15,64
183078,3710,19,6
183078,3710,378,6
183078,3710,72,8
183078,3710,28,28
183078,37352,0,2
183078,37352,15,1
183078,37352,71,1
183078,3749,19,6
183078,37762,15,12
183078,37776,0,2
183078,3795,28,3
183078,3795,320,3
183078,3795,378,9
183078,3795,0,2
183078,3795,71,3
183078,3811,72,1
183078,38317,0,2
183078,3832,71,5
183078,3832,72,2
183078,38320,0,14
183078,3852b,29,2
183078,38799,0,4
183078,3894,0,6
183078,3899,4,1
183078,3900,71,2
183078,3937,0,1
183078,3941,71,7
183078,3942c,72,4
183078,3942c,0,1
183078,3957b,0,1
183078,3958,378,2
183078,4032a,72,16
183078,4041,15,4
183078,4042,47,1
183078,4070,15,6
183078,41539,28,1
183078,4162,15,8
183078,4162,72,11
183078,4162,71,10
183078,41677,0,2
183078,41682,72,5
183078,41740,0,10
183078,41740,71,5
183078,41740,15,11
183078,4175,72,1
183078,41769,71,4
183078,41770,71,4
183078,42003,0,2
183078,42022,72,1
183078,42023,72,7
183078,42205,15,1
183078,4282,72,9
183078,4282,71,3
183078,4282,321,1
183078,4304,19,22
183078,4304,72,6
183078,43045,0,4
183078,4345b,71,1
183078,4346,0,1
183078,43722,28,7
183078,43723,28,7
183078,43888,15,14
183078,43898,378,1
183078,4460b,72,1
183078,44728,72,4
183078,44728,19,10
183078,4477,320,2
183078,4477,71,7
183078,4477,0,14
183078,4477,15,1
183078,44861,71,6
183078,4510,71,14
183078,4510,72,2
183078,4599b,0,2
183078,4697b,297,2
183078,4733,0,1
183078,4738c,70,1
183078,47397,72,4
183078,47398,72,4
183078,4739a,70,1
183078,4740,0,2
183078,47455,15,2
183078,47457,0,1
183078,48092,71,6
183078,48171,72,2
183078,48205,378,5
183078,48205,71,1
183078,48208,378,5
183078,48208,71,1
183078,48336,322,1
183078,48336,0,4
183078,48336,71,4
183078,4865b,0,1
183078,49307,15,4
183078,49307,19,2
183078,49307,0,6
183078,49311,71,2
183078,49612,378,4
183078,49972,15,1
183078,50923,72,2
183078,50950,15,8
183078,51239,71,10
183078,51266,47,10
183078,51274,15,2
183078,53451,19,22
183078,53585,0,2
183078,53923,72,2
183078,54200,71,6
183078,54200,182,3
183078,54200,41,5
183078,54200,326,37
183078,54200,15,6
183078,54200,47,3
183078,54200,19,6
183078,57360,71,2
183078,57585,71,4
183078,57895,19,4
183078,57895,0,1
183078,57909b,15,2
183078,58181,47,3
183078,59349,19,1
183078,59349,70,1
183078,59349,84,2
183078,59443,15,6
183078,59900,0,7
183078,59900,72,25
183078,59900,15,9
183078,59900,297,6
183078,60474,28,3
183078,60475b,72,2
183078,60477,72,5
183078,60478,0,1
183078,60479,19,4
183078,60479,72,29
183078,60481,0,4
183078,60481,72,11
183078,60592,378,13
183078,60592,71,1
183078,60592,320,8
183078,60593,308,1
183078,60594,71,2
183078,60596,308,1
183078,60596,19,5
183078,60596,15,1
183078,60601,47,8
183078,60602,1095,1
183078,60608,0,4
183078,60621,1103,1
183078,60623,320,1
183078,60897,71,2
183078,6111,72,11
183078,6112,19,2
183078,61332,0,19
183078,6134,0,1
183078,6141,71,12
183078,6141,297,47
183078,6141,182,1
183078,6141,46,3
183078,6179,71,1
183078,6192b,28,11
183078,6192bpr0001,28,10
183078,6231,71,1
183078,62462,15,2
183078,6259,71,1
183078,62808,297,2
183078,63864,71,11
183078,63864,378,12
183078,63864,15,73
183078,63864,72,22
183078,63864,0,10
183078,63868,0,4
183078,63868,321,2
183078,63965,0,1
183078,64799,71,1
183078,64867,72,15
183078,6541,14,2
183078,6541,4,2
183078,65426,71,3
183078,65429,71,3
183078,65509,15,1
183078,65578,47,2
183078,65734,378,4
183078,6587,28,4
183078,65886,0,2
183078,6636,28,4
183078,6636,0,1
183078,6636,15,44
183078,6636,320,2
183078,66857,0,4
183078,66906,0,1
183078,66956,71,2
183078,67095pr0030,297,3
183078,67329,72,3
183078,67632pr0002,379,1
183078,67696,15,6
183078,68013,71,1
183078,68503pat0001,179,1
183078,68888,72,1
183078,69729,71,2
183078,69729,0,2
183078,69729,15,7
183078,69729,72,2
183078,72132,0,1
183078,72210a,0,4
183078,72210b,0,2
183078,73109,71,2
183078,73825,15,1
183078,77844,15,4
183078,77850,28,10
183078,78256,71,2
183078,78256,0,1
183078,78257,0,2
183078,78258,72,10
183078,78329,0,4
183078,78329,71,6
183078,78443,28,4
183078,78444,28,4
183078,78666,71,2
183078,79194,15,8
183078,79194,0,1
183078,79389,15,1
183078,79389,72,4
183078,79389,19,2
183078,79393,72,6
183078,79491,28,4
183078,79756,0,2
183078,79756,19,4
183078,79850,47,2
183078,80015,15,11
183078,80326,28,1
183078,80431,72,2
183078,80543,19,8
183078,80562,1103,1
183078,80566,1103,7
183078,80683,308,2
183078,80686,72,1
183078,85080,71,2
183078,85861,0,19
183078,85861,15,20
183078,85861,28,25
183078,85861,297,4
183078,85943,72,2
183078,85959pat0008,57,1
183078,85975,297,7
183078,85984,0,4
183078,85984,72,33
183078,85984,70,3
183078,85984,15,6
183078,85984,71,5
183078,86996,0,4
183078,87079,320,5
183078,87079,71,5
183078,87087,70,4
183078,87087,19,63
183078,87087,71,9
183078,87087,72,8
183078,87544,15,2
183078,87580,19,7
183078,87580,0,16
183078,87580,71,7
183078,87580,84,2
183078,87580,28,14
183078,87620,71,2
183078,87693,15,3
183078,87991,484,1
183078,87994,297,6
183078,88292,19,1
183078,88930,0,1
183078,89522,72,19
183078,89522,378,1
183078,90398,297,1
183078,91501,71,4
183078,92084pr0001,70,1
183078,92338,179,5
183078,92690,297,1
183078,92692,15,2
183078,92950,71,1
183078,92950,19,2
183078,92950,70,2
183078,93273,72,2
183078,93273,15,1
183078,93606,15,9
183078,95345,70,1
183078,96874,25,1
183078,98100,0,1
183078,98138,72,20
183078,98138,47,1
183078,98138,326,24
183078,98138,41,2
183078,98138,34,1
183078,98138,36,3
183078,98138pr0353,297,19
183078,98138pr0354,272,1
183078,98283,70,4
183078,98283,71,13
183078,98283,19,11
183078,98283,84,10
183078,99021,72,1
183078,99207,28,5
183078,99207,15,2
183078,99207,0,1
183078,99207,322,1
183078,99563,297,29
183078,99563,15,1
183078,99780,72,4
183078,99781,19,15
183078,99781,71,4
183078,99781,0,2
183175,10100343,9999,1
183175,11211,1,4
183175,11212,1,2
183175,11477,15,2
183175,11477,379,2
183175,13608,179,1
183175,13731,71,2
183175,13786pr0002,484,1
183175,14769pr1252,0,1
183175,15068,15,1
183175,15068,71,6
183175,15535,71,2
183175,15573,15,2
183175,15712,15,3
183175,18646,72,2
183175,18729,182,1
183175,18980,71,2
183175,20482,72,1
183175,22385,71,1
183175,22885,15,16
183175,2357,320,4
183175,24093,41,3
183175,2412b,71,2
183175,2419,72,1
183175,2420,320,2
183175,24246,379,2
183175,24309,71,3
183175,24309,320,2
183175,2431,15,4
183175,2456,71,2
183175,2456,15,1
183175,2465,71,4
183175,24866,1050,1
183175,25269,15,4
183175,2654,41,4
183175,26603,71,4
183175,2730,71,1
183175,2752,71,16
183175,2817,71,2
183175,2877,379,4
183175,298c02,15,2
183175,3001,379,3
183175,3003,71,2
183175,3005,182,14
183175,3007,71,2
183175,3008,72,1
183175,3009,71,10
183175,3010,71,2
183175,3020,379,8
183175,3021,15,10
183175,3022,379,1
183175,3023,41,18
183175,3024,182,6
183175,3032,320,1
183175,3034,72,1
183175,3036,72,3
183175,3039,71,2
183175,3062b,308,1
183175,3068b,71,1
183175,3068b,15,1
183175,3069bpr0290,15,1
183175,3070b,1,1
183175,32607,30,1
183175,32607,10,1
183175,32607,26,2
183175,32607,27,2
183175,32828,71,1
183175,3297,71,2
183175,3298,71,2
183175,33909,15,1
183175,35032a,182,2
183175,35032b,182,2
183175,35032c,182,2
183175,35032d,182,2
183175,35032e,182,1
183175,35032f,182,1
183175,35480,72,1
183175,3660,379,7
183175,3665,71,8
183175,3666,71,4
183175,3675,71,2
183175,36840,71,2
183175,3710,379,12
183175,37695,10,1
183175,37762,72,1
183175,3795,72,4
183175,3899,4,1
183175,4032a,72,4
183175,41769,71,1
183175,41770,71,1
183175,42862,71,1
183175,4287c,71,4
183175,4287c,15,2
183175,42924,1,2
183175,43722,379,1
183175,43723,379,1
183175,44126,71,3
183175,4445,71,2
183175,4460b,15,2
183175,44728,72,2
183175,4477,15,2
183175,4477,71,4
183175,48165,71,1
183175,49153,71,2
183175,49668,71,4
183175,50303,71,2
183175,50950,71,4
183175,53020,71,1
183175,54200,1,1
183175,54200,71,2
183175,60479,15,2
183175,60581,41,2
183175,60897,72,1
183175,6091,15,2
183175,61409,72,10
183175,6141,36,4
183175,6179,72,2
183175,6180,71,1
183175,64225,71,4
183175,6541,321,2
183175,65426,71,1
183175,65429,71,1
183175,6636,15,2
183175,68013,71,4
183175,69754,71,2
183175,69755,72,2
183175,76797,71,6
183175,76797,320,2
183175,80177,71,7
183175,80178,71,7
183175,80686pr0002,72,1
183175,80686pr0002,15,1
183175,85861,182,4
183175,85984,15,4
183175,87079,71,2
183175,87580,15,9
183175,95188,71,2
183175,96874,3,1
183175,98138,19,1
183175,99207,320,4
183176,11153,70,13
183176,11211,19,4
183176,11211,322,6
183176,11211,71,8
183176,11212,0,4
183176,11477,320,3
183176,11477,0,2
183176,11477,70,13
183176,11477,308,5
183176,11610,0,1
183176,13547,0,4
183176,14413,0,4
183176,14417,72,1
183176,14418,71,2
183176,14419,72,2
183176,14704,71,4
183176,14769,2,4
183176,15068,484,2
183176,15068,70,8
183176,15068,308,18
183176,15207,70,1
183176,15392,72,1
183176,15573,0,4
183176,15712,0,2
183176,1927,0,6
183176,20105,0,1
183176,20953,0,2
183176,22885,19,13
183176,22885,15,9
183176,22890,72,7
183176,2357,15,2
183176,2357,19,4
183176,23950,71,1
183176,23969,72,2
183176,24122,0,2
183176,2412b,1,4
183176,2420,2,4
183176,2420,15,2
183176,2420,70,33
183176,2420,308,32
183176,2420,71,6
183176,24201,70,8
183176,24201,72,1
183176,24201,484,2
183176,24299,70,5
183176,24307,70,5
183176,2431,484,4
183176,2431,72,1
183176,2431,0,3
183176,2431,19,1
183176,2431,70,4
183176,2445,0,2
183176,2450,0,2
183176,2450,70,1
183176,2454b,19,2
183176,2456,19,4
183176,25269,484,6
183176,2653,0,6
183176,26601,70,4
183176,27261,308,10
183176,27261,70,28
183176,29119,308,95
183176,29119,70,91
183176,29120,308,64
183176,29120,70,49
183176,3001,71,1
183176,3001,0,1
183176,3002,25,4
183176,3002,15,2
183176,3002,14,1
183176,3003,71,2
183176,3003,14,1
183176,3003,15,1
183176,3003,2,1
183176,3004,308,2
183176,3004,19,2
183176,3004,15,5
183176,3004,2,1
183176,3005,308,1
183176,3005,2,1
183176,3005,70,3
183176,3007,71,2
183176,3007,19,1
183176,3009,28,2
183176,3010,322,1
183176,3010,70,1
183176,30136,19,1
183176,3020,484,1
183176,3020,70,4
183176,3020,19,3
183176,3020,308,30
183176,3020,71,2
183176,3020,0,4
183176,3020,72,5
183176,3021,19,3
183176,3021,72,2
183176,3021,70,11
183176,3021,15,5
183176,3021,71,3
183176,3021,0,16
183176,3022,1,3
183176,3022,322,8
183176,3022,484,1
183176,3022,70,8
183176,3022,0,3
183176,3023,4,10
183176,3023,70,61
183176,3023,322,5
183176,3023,84,1
183176,3023,484,1
183176,3023,3,3
183176,3023,0,11
183176,3023,1,1
183176,3023,2,8
183176,3023,308,131
183176,3024,308,60
183176,3024,0,4
183176,3024,70,55
183176,3024,4,5
183176,3030,308,11
183176,3030,70,5
183176,3031,19,2
183176,3031,70,4
183176,3032,70,2
183176,3032,484,1
183176,3032,15,1
183176,3034,4,3
183176,3034,19,3
183176,3034,0,5
183176,3034,70,3
183176,3035,0,2
183176,30383,0,2
183176,3040b,308,4
183176,30414,71,5
183176,30565,70,2
183176,3062b,2,2
183176,3062b,72,1
183176,3062b,0,2
183176,3062b,4,4
183176,3068b,0,10
183176,3069b,70,2
183176,3069b,0,1
183176,3069b,484,1
183176,3069b,308,19
183176,3070b,71,18
183176,3070b,70,13
183176,32028,70,1
183176,32062,0,3
183176,32062,4,3
183176,32064a,2,2
183176,32124,0,2
183176,32803,484,6
183176,32952,0,2
183176,33909,0,4
183176,34103,0,2
183176,34103,15,1
183176,3460,308,2
183176,3460,70,2
183176,3460,71,2
183176,35787,71,6
183176,35787,70,2
183176,3622,1,3
183176,3622,19,1
183176,3622,70,1
183176,3623,72,2
183176,3623,0,12
183176,3623,19,4
183176,3623,4,4
183176,3623,70,18
183176,3623,484,4
183176,3665,70,1
183176,3666,308,9
183176,3666,70,4
183176,3679,71,2
183176,3680,0,2
183176,36840,14,6
183176,36840,71,2
183176,36840,0,2
183176,36840,70,1
183176,36841,0,3
183176,36841,71,9
183176,3705,0,1
183176,3710,15,2
183176,3710,1,5
183176,3710,71,2
183176,3710,70,14
183176,3710,72,2
183176,3710,308,10
183176,3710,2,4
183176,3713,0,1
183176,37762,0,2
183176,3795,72,1
183176,3795,0,2
183176,3795,19,1
183176,3795,308,31
183176,3832,70,15
183176,3832,19,2
183176,3958,0,3
183176,4032a,2,2
183176,4032a,484,2
183176,4032a,15,3
183176,4070,15,7
183176,4162,70,2
183176,41677,15,4
183176,41740,70,2
183176,41769,70,3
183176,41770,70,1
183176,4282,4,2
183176,4282,0,1
183176,4282,19,2
183176,4304,19,14
183176,43722,70,3
183176,43723,70,2
183176,44567b,0,1
183176,44728,1,1
183176,44728,71,13
183176,44728,19,2
183176,44728,0,1
183176,44728,4,2
183176,4477,19,2
183176,4477,70,1
183176,4519,14,2
183176,4519,71,1
183176,4697b,0,4
183176,47905,71,2
183176,49668,0,10
183176,50923,72,2
183176,50950,308,6
183176,52107,0,1
183176,54200,70,21
183176,54200,308,83
183176,54200,0,2
183176,54657,0,2
183176,57909b,72,2
183176,59443,0,2
183176,59900,0,3
183176,60477,308,4
183176,6106,0,8
183176,6111,0,2
183176,61252,308,32
183176,6141,14,19
183176,6141,484,18
183176,6178pr0009,0,1
183176,63082,0,2
183176,63864,308,4
183176,63864,3,1
183176,63868,72,4
183176,63965,0,2
183176,6575,0,1
183176,6636,308,2
183176,66909,0,2
183176,67695,72,1
183176,67696,0,4
183176,67697,0,1
183176,70681,308,47
183176,70681,70,38
183176,73230,0,2
183176,73230,72,3
183176,73825,0,2
183176,73831,308,2
183176,76959,70,2
183176,77850,0,3
183176,78256,0,4
183176,78257,308,18
183176,78258,0,3
183176,78329,72,9
183176,78329,4,1
183176,78329,0,7
183176,78329,84,2
183176,79389,19,4
183176,79846,72,1
183176,80130,28,1
183176,80796,72,1
183176,85861,0,5
183176,85861,72,3
183176,85943,72,2
183176,85984,0,1
183176,86996,4,2
183176,87079,0,15
183176,87079,484,1
183176,87087,19,1
183176,87087,308,9
183176,87580,4,4
183176,88072,71,1
183176,88072,72,1
183176,93094,15,4
183176,93273,308,90
183176,93273,70,59
183176,93273,71,1
183176,96874,25,1
183176,98138,36,2
183176,98138,0,2
183176,98138,1,2
183176,98138pr0373,308,2
183176,99207,25,1
183176,99207,14,8
183176,99207,0,10
183176,99563,0,4
183176,99563,70,4
183176,99563,71,24
183176,99780,0,1
183176,99780,70,20
183176,99780,15,16
183176,99781,0,17
183176,99781,70,2
183176,99781,15,1
183176,99781,19,1
183176,99781,14,20
183199,18787,297,1
183201,10105220,9999,1
183201,11153,320,2
183201,11215,71,2
183201,11477,71,1
183201,11477,72,4
183201,11477,320,4
183201,14769,71,2
183201,15068,320,4
183201,15068,71,14
183201,15092,72,1
183201,15462,70,1
183201,15500,85,1
183201,15573,72,2
183201,15573,0,8
183201,15573,320,5
183201,15712,71,2
183201,1748,71,1
183201,17485,71,1
183201,18649,71,4
183201,18651,0,4
183201,18673,1103,1
183201,18674,0,3
183201,18939,71,1
183201,20482,71,2
183201,23950,71,4
183201,2412b,72,13
183201,2412b,320,2
183201,2420,72,4
183201,2420,320,2
183201,24246,72,2
183201,24299,72,2
183201,24307,72,2
183201,24309,320,2
183201,2445,0,1
183201,2450,71,6
183201,2450,320,12
183201,26601,72,2
183201,26601,320,4
183201,26603,320,8
183201,26603,0,2
183201,26603,72,1
183201,2730,0,2
183201,28192,71,2
183201,2877,71,1
183201,3002,71,1
183201,3010,71,1
183201,30166,71,2
183201,3020,72,6
183201,3020,71,2
183201,3020,320,7
183201,3021,71,2
183201,3022,28,3
183201,3022,320,1
183201,3022,71,2
183201,3022,0,5
183201,3023,4,2
183201,3023,36,2
183201,3023,72,4
183201,3023,320,3
183201,3024,320,2
183201,3024,72,4
183201,3032,320,4
183201,3032,72,2
183201,3032,71,4
183201,3034,71,2
183201,3034,320,2
183201,30355,71,2
183201,30356,71,2
183201,30367c,47,1
183201,30374,47,2
183201,30374,35,1
183201,30374,36,2
183201,3040b,320,4
183201,3040b,72,2
183201,30503,320,8
183201,3062b,72,2
183201,3068b,28,1
183201,3068b,320,6
183201,3069b,47,4
183201,3069bpr0276,72,1
183201,3070b,0,2
183201,3070bpr0301,28,1
183201,32000,0,2
183201,32028,71,1
183201,32064a,0,3
183201,32064a,71,1
183201,32073,71,2
183201,32529,0,1
183201,32802,0,1
183201,32803,0,8
183201,32828,72,8
183201,32828,71,2
183201,33909,28,1
183201,34103,0,2
183201,3460,72,2
183201,3484,71,2
183201,35480,0,8
183201,35480,72,4
183201,35787,320,6
183201,3623,0,2
183201,3623,71,2
183201,3666,71,3
183201,36840,72,2
183201,3700,72,2
183201,3701,1,1
183201,3710,72,12
183201,3710,320,2
183201,3747b,320,2
183201,3795,71,2
183201,3795,0,3
183201,3832,71,1
183201,3958,71,4
183201,39793,72,1
183201,39888,19,2
183201,4006,179,1
183201,4032a,72,5
183201,40490,72,2
183201,4070,320,2
183201,41539,72,1
183201,4162,71,1
183201,41769,71,2
183201,41769,72,2
183201,41770,71,2
183201,41770,72,2
183201,4286,0,2
183201,4286,71,1
183201,4287c,0,4
183201,4287c,71,1
183201,42924,1,7
183201,4304,71,1
183201,43093,1,1
183201,43713,320,1
183201,43722,71,1
183201,43722,320,3
183201,43723,71,1
183201,43723,320,3
183201,44294,14,1
183201,44728,0,2
183201,44728,71,4
183201,4477,71,1
183201,4740,41,4
183201,47905,0,1
183201,48336,72,2
183201,4865b,72,1
183201,49307,72,4
183201,51739,71,4
183201,52107,0,6
183201,52107,71,6
183201,54200,72,4
183201,54200,320,7
183201,60470b,71,8
183201,60479,0,2
183201,60484,0,2
183201,6091,28,2
183201,6106,71,4
183201,61190c,72,4
183201,61332,0,7
183201,6141,35,6
183201,6141,71,2
183201,6141,36,2
183201,6178,71,2
183201,6233,72,3
183201,62885,0,2
183201,63586,72,3
183201,63864,72,2
183201,63868,71,1
183201,64567,80,3
183201,65304,0,2
183201,6541,72,5
183201,65487,1,4
183201,65509,0,1
183201,65509,72,2
183201,65886,71,2
183201,6632,0,2
183201,69754,1103,2
183201,69755,72,2
183201,73230,0,6
183201,78329,15,2
183201,80796,72,1
183201,85984,320,12
183201,85984,19,3
183201,87079,28,2
183201,87079,320,4
183201,88738,72,1
183201,89678,4,2
183201,90194,71,1
183201,91988,72,2
183201,92279pr0003,47,1
183201,92947,72,1
183201,93095,0,1
183201,93273,320,3
183201,93606,320,2
183201,96874,25,1
183201,98100,71,1
183201,98138,41,1
183201,98585,1103,4
183201,99207,0,4
183201,99207,71,2
183201,99563,71,2
183201,99780,71,6
183201,99781,72,4
183201,99781,71,5
183201,99781,0,2
183202,10105305,9999,1
183202,10247,72,4
183202,11153,320,2
183202,11211,72,4
183202,1126,71,1
183202,11458,191,4
183202,11476,0,1
183202,11477,191,6
183202,11477,15,8
183202,11477,71,8
183202,11477,72,2
183202,11477,0,2
183202,14719,72,1
183202,14719,71,2
183202,14719,320,2
183202,15068,71,3
183202,15068,320,4
183202,15068,72,2
183202,15068,191,6
183202,15068,15,2
183202,15207,15,2
183202,15462,70,2
183202,15535,71,3
183202,15535,19,1
183202,15535pr0001,72,1
183202,15573,15,5
183202,15573,72,7
183202,15573,0,3
183202,15712,320,1
183202,1748,71,1
183202,18651,0,4
183202,18654,15,4
183202,18654,72,2
183202,18674,0,2
183202,18677,71,20
183202,1927,1,2
183202,1927,15,4
183202,20482,15,2
183202,20482,72,2
183202,21849pr0007,47,1
183202,22385,15,4
183202,22885,71,4
183202,22885,19,6
183202,2310,72,2
183202,23950,191,2
183202,23950,72,2
183202,23969,72,2
183202,2412b,72,9
183202,2419,72,2
183202,2420,320,2
183202,2420,15,8
183202,24201,1,2
183202,24246,72,9
183202,24299,71,1
183202,24307,71,1
183202,2431,15,2
183202,2431,308,2
183202,2431,1,2
183202,2432,72,1
183202,2450,15,2
183202,25269,1,2
183202,25269,71,1
183202,2654,72,1
183202,2654,47,4
183202,2654,15,2
183202,26603,191,7
183202,26603,71,1
183202,28192,320,2
183202,2877,72,1
183202,2877,0,2
183202,3001,322,1
183202,3004,15,2
183202,3004,1,4
183202,3005,15,2
183202,3005,72,3
183202,3009,0,2
183202,3010,71,2
183202,3020,0,3
183202,3020,15,3
183202,3020,71,3
183202,3021,15,5
183202,3021,72,3
183202,3021,322,2
183202,3021,19,4
183202,3021,191,6
183202,3022,71,3
183202,3022,72,4
183202,3022,28,4
183202,3022,19,6
183202,3022,0,2
183202,3022,320,6
183202,3023,19,2
183202,3023,71,10
183202,3023,1,16
183202,3024,15,6
183202,3024,191,4
183202,3024,71,6
183202,3024,1,2
183202,3029,72,1
183202,3032,320,1
183202,3034,72,2
183202,3035,71,1
183202,3036,71,2
183202,30363,15,2
183202,30374,36,2
183202,3040b,15,2
183202,30414,0,2
183202,30414,19,2
183202,30504,15,2
183202,3069b,71,5
183202,3069b,191,5
183202,3069b,1,2
183202,3069b,15,7
183202,3070b,320,2
183202,3070b,72,7
183202,3070b,71,2
183202,3070b,15,4
183202,32000,71,5
183202,32016,72,2
183202,32028,15,8
183202,32028,71,1
183202,32062,0,4
183202,32064a,0,4
183202,32064a,71,2
183202,32123b,14,3
183202,32123b,5,3
183202,32124,72,3
183202,32124,0,3
183202,32316,15,2
183202,32523,72,5
183202,32531,71,1
183202,32802,72,2
183202,32803,15,2
183202,32828,71,2
183202,32952,72,2
183202,3297,15,4
183202,3298,0,1
183202,3298,15,2
183202,3386,0,12
183202,33909,15,8
183202,33909,71,2
183202,33909,0,2
183202,3395,0,2
183202,34103,15,2
183202,34103,0,6
183202,3460,19,2
183202,3460,15,2
183202,3460,1,2
183202,35186,71,2
183202,35480,71,8
183202,35480,1,6
183202,35480,2,1
183202,35480,0,8
183202,35480,72,4
183202,35787,15,2
183202,3623,15,14
183202,3623,71,8
183202,3623,0,2
183202,3623,1,5
183202,3623,72,4
183202,3665,15,4
183202,3666,15,4
183202,3666,191,4
183202,3666,19,4
183202,3676,15,4
183202,36840,72,8
183202,36841,0,2
183202,36841,71,4
183202,36841,72,2
183202,36841,191,2
183202,3701,15,3
183202,3705,0,1
183202,3706,0,1
183202,3708,0,2
183202,3710,72,9
183202,3710,0,4
183202,3710,15,3
183202,3710,191,10
183202,3710,71,8
183202,3713,71,12
183202,3713,0,2
183202,3737,4,2
183202,3747b,72,1
183202,37762,71,4
183202,3795,71,2
183202,3795,15,3
183202,3795,322,2
183202,3795,72,3
183202,3941,71,4
183202,3941,72,2
183202,3957b,0,2
183202,4032a,72,4
183202,4032a,0,2
183202,40490,15,4
183202,4070,71,2
183202,4162,15,2
183202,4162,71,2
183202,41682,0,1
183202,41740,15,2
183202,41769,1,1
183202,41769,15,4
183202,41769,71,2
183202,41769,72,1
183202,41769,191,2
183202,41770,72,1
183202,41770,1,1
183202,41770,71,2
183202,41770,15,4
183202,41770,191,2
183202,42135,72,2
183202,42924,1,2
183202,4304,0,4
183202,43722,71,1
183202,43722,1,1
183202,43723,71,1
183202,43723,1,1
183202,44568,71,2
183202,44728,72,6
183202,4519,71,2
183202,4519,14,2
183202,45590,0,2
183202,4569,15,2
183202,47397,71,1
183202,47398,71,1
183202,47905,72,2
183202,48205,320,2
183202,48208,320,2
183202,4865b,72,2
183202,4865b,71,4
183202,50304,15,1
183202,50305,15,1
183202,50337,15,2
183202,50340,71,1
183202,50950,320,2
183202,50950,191,2
183202,50955,71,1
183202,50956,71,1
183202,52107,0,6
183202,53923,72,1
183202,54383,71,1
183202,54384,71,1
183202,55013,72,5
183202,57360,71,1
183202,57585,70,1
183202,57585,71,1
183202,59443,71,2
183202,59443,72,2
183202,59900,45,2
183202,59900,71,2
183202,60470b,15,1
183202,60478,0,1
183202,60479,71,2
183202,6091,71,2
183202,6091,191,2
183202,61252,320,2
183202,61332,0,9
183202,6141,0,9
183202,6141,35,8
183202,6141,36,6
183202,6179,320,2
183202,6231,72,2
183202,63864,71,2
183202,63864,72,7
183202,63864,1,2
183202,63864,191,2
183202,63869,71,3
183202,64567,1103,2
183202,64567,80,2
183202,64570,71,2
183202,65304,71,8
183202,65304,25,2
183202,6541,71,4
183202,65509,72,1
183202,6587,28,2
183202,65886,72,1
183202,6636,191,4
183202,6636,320,2
183202,6636,1,4
183202,66909,71,2
183202,66956,191,6
183202,67329,29,1
183202,69729,15,4
183202,69729,1,2
183202,69754,179,2
183202,69754,1103,2
183202,69755,72,4
183202,69819,72,3
183202,73111,15,2
183202,73230,25,6
183202,73230,72,8
183202,73825,72,4
183202,73825,71,2
183202,78329,15,2
183202,78329,71,2
183202,79389,71,2
183202,79688,0,1
183202,85861,71,8
183202,85984,72,3
183202,85984,320,2
183202,85984,15,3
183202,85984pr0006,72,1
183202,86996,72,2
183202,86996,15,2
183202,87079,1,2
183202,87079,320,4
183202,87083,72,3
183202,87087,15,3
183202,87087,71,4
183202,87087,72,4
183202,87580,72,1
183202,87994,4,2
183202,88930,71,4
183202,89678,4,2
183202,89678,72,6
183202,90194,15,1
183202,91988,0,1
183202,91988,15,1
183202,92279,320,1
183202,92279pr0004,47,1
183202,92582,0,1
183202,92738,179,1
183202,92738,0,1
183202,92947,0,2
183202,93095,0,1
183202,96874,25,1
183202,98138,15,2
183202,98138,0,2
183202,99207,0,2
183202,99207,320,8
183202,99563,15,1
183202,99563,179,2
183202,99780,72,2
183202,99780,320,1
183202,99781,71,5
183202,99781,1,1
183222,19729pr0053,3,1
183222,970c05,272,1
183222,973c46h12pr6105,272,1
183223,19729pr0004,0,1
183223,19732,0,1
183223,3022,71,1
183223,3024,0,2
183223,3070b,0,2
183223,33909,72,1
183223,4070,71,4
183223,6636,0,2
183223,87580,72,1
183279,11476,15,2
183279,11477,1,8
183279,15571,1,2
183279,15573,19,1
183279,15573,1,2
183279,1745,15,4
183279,22885,226,14
183279,2420,1,4
183279,2431,0,1
183279,25269,19,4
183279,27263,15,2
183279,29119,1,8
183279,29120,1,8
183279,3003,2,2
183279,3003,29,1
183279,3004,1,1
183279,3005,1,2
183279,30136,15,1
183279,30165,19,1
183279,3020,1,1
183279,3021,71,2
183279,3021,19,3
183279,3022,19,4
183279,3022,1,2
183279,3023,4,2
183279,3023,1,12
183279,3023,15,2
183279,3024,15,2
183279,3031,1,6
183279,3045,1,4
183279,3069b,19,2
183279,3069b,4,2
183279,3070b,1,6
183279,3623,1,2
183279,3659,1,1
183279,3665,1,2
183279,36840,1,2
183279,3917,14,1
183279,3958,0,1
183279,4032a,14,1
183279,41740,0,1
183279,4304,14,1
183279,50950,1,2
183279,54200,1,2
183279,6141,0,1
183279,87079,0,1
183279,93606,1,1
183279,98138pr0338,10,2
183280,11476,15,2
183280,15068,191,9
183280,15208,15,2
183280,15209,15,2
183280,15573,15,1
183280,15573,191,1
183280,1745,15,4
183280,1748,15,2
183280,22885,19,10
183280,2420,191,4
183280,2420,15,4
183280,24246,15,2
183280,2431,0,1
183280,25269,15,2
183280,27925,191,1
183280,3003,27,2
183280,3004,29,1
183280,3010,191,1
183280,3020,191,4
183280,3021,71,2
183280,3022,4,2
183280,3022,191,4
183280,3023,27,1
183280,3024,191,8
183280,3031,191,2
183280,3040b,191,2
183280,3069b,15,2
183280,3069b,191,4
183280,3070b,191,6
183280,35480,0,5
183280,3666,191,1
183280,3700,191,2
183280,3710,191,3
183280,3710,1,2
183280,3941,15,1
183280,3942c,15,2
183280,3958,0,1
183280,4006,179,1
183280,4032a,4,1
183280,41740,0,1
183280,4304,1,1
183280,43093,1,2
183280,4519,71,2
183280,51739,15,1
183280,54200,191,2
183280,6141,0,1
183280,65473,191,2
183280,87079,191,1
183280,87079,0,1
183280,87087,191,8
183280,98138pr0338,321,2
183339,15573,0,6
183339,15712,0,4
183339,2357,0,2
183339,2432,0,1
183339,2540,0,4
183339,30028,0,2
183339,3003,0,1
183339,3023,28,3
183339,3034,72,1
183339,32028,0,4
183339,3623,72,3
183339,39767,71,1
183339,4286,0,1
183339,54200,40,4
183339,6014b,71,2
183339,67687,0,1
183339,74967,71,2
183339,79389,0,2
183339,79811,0,4
183339,80324,0,2
183339,85984,0,2
183339,87580,0,1
183339,87697,0,2
183339,90194,0,1
183339,99207,71,2
183372,3626cpr2255,14,1
183372,61183,19,1
183372,970c20pr9769,326,1
183372,973e109pr0001,2,1
183373,11303,1,1
183373,3626cpr1966,14,1
183373,970c12,72,1
183373,973c27h01pr4790,15,1
183576,10202,0,2
183576,10314,71,1
183576,11090,4,1
183576,11090,0,1
183576,11208,0,4
183576,11208,71,2
183576,11209,0,6
183576,11211,19,4
183576,11211,14,2
183576,11212,72,8
183576,11213,19,1
183576,11458,14,6
183576,11476,71,1
183576,11477,71,2
183576,13564,0,2
183576,14210,15,1
183576,14417,72,10
183576,14418,71,4
183576,14704,71,7
183576,14716,71,6
183576,14718,4,1
183576,14719,71,6
183576,14719,72,7
183576,14719,4,12
183576,14719,191,2
183576,15068,14,4
183576,15068,0,4
183576,15068,1,1
183576,15068,15,1
183576,15207,71,12
183576,15210,0,7
183576,15332,4,18
183576,15395,320,2
183576,15456,71,1
183576,15496,15,1
183576,15535,72,1
183576,15573,84,1
183576,15573,71,13
183576,15573,72,19
183576,15573,484,1
183576,15573,378,3
183576,15573,0,1
183576,15573,10,14
183576,15573,15,3
183576,15573,70,2
183576,15573,2,1
183576,15712,14,1
183576,15712,0,1
183576,15712,72,3
183576,15712,4,14
183576,15712,71,2
183576,15712,15,1
183576,18395,4,1
183576,18653,84,1
183576,18674,322,1
183576,18674,15,1
183576,18677,0,2
183576,18759,72,1
183576,18759,71,2
183576,18977,0,2
183576,19119,2,2
183576,19220,0,1
183576,20482,71,4
183576,20482,72,2
183576,20482,4,2
183576,20482,297,4
183576,21459,179,2
183576,22667,27,1
183576,22667,26,1
183576,22885,71,24
183576,23443,71,2
183576,2357,484,2
183576,2357,71,12
183576,2357,4,2
183576,23950,71,13
183576,2397,0,4
183576,24093,41,2
183576,2412b,179,24
183576,2412b,378,1
183576,2420,14,8
183576,2420,71,10
183576,24246,4,1
183576,24299,72,2
183576,24307,72,2
183576,2431,71,10
183576,2431,320,3
183576,2431,321,3
183576,2431,70,5
183576,2431,191,6
183576,2431,4,3
183576,2431,84,4
183576,2432,4,6
183576,2437,40,2
183576,2445,72,1
183576,2449,71,2
183576,2453b,71,10
183576,2454b,71,14
183576,2465,71,3
183576,24866,2,12
183576,24866,212,4
183576,2489,308,1
183576,25214,71,2
183576,2524,70,1
183576,25269,0,6
183576,25269,4,7
183576,25269,72,26
183576,25386,19,1
183576,2540,0,1
183576,2540,4,1
183576,2540,28,1
183576,2562,1103,1
183576,2571,41,1
183576,26047,0,2
183576,26066,19,1
183576,2654,47,3
183576,2654,15,1
183576,2654,0,2
183576,26601,0,2
183576,26603,2,6
183576,26603,84,14
183576,26603,72,1
183576,26603,15,3
183576,26603,4,2
183576,26604,71,24
183576,26604,191,2
183576,26604,19,8
183576,26604,0,5
183576,27263,71,2
183576,27263,72,12
183576,27507,70,2
183576,27925,4,8
183576,2821,84,2
183576,28324,0,1
183576,28621,47,1
183576,28802,70,4
183576,28802,0,1
183576,28974,72,2
183576,29111,0,1
183576,29119,378,1
183576,29120,378,1
183576,2921,71,1
183576,298c02,14,1
183576,3001,71,13
183576,3001,28,2
183576,3001,19,1
183576,3002,71,2
183576,3002,14,4
183576,3003,28,3
183576,3003,71,1
183576,3003,84,1
183576,3003,19,9
183576,3004,378,4
183576,3004,4,1
183576,3004,0,1
183576,3004,71,15
183576,3004,2,2
183576,3005,320,2
183576,3005,47,1
183576,3005,4,1
183576,3005,71,59
183576,3005,70,9
183576,3005,378,6
183576,3007,71,6
183576,3008,71,15
183576,30089b,0,1
183576,3009,378,6
183576,3009,71,22
183576,3009,320,2
183576,3010,71,62
183576,3010,2,2
183576,3010,14,3
183576,3010,320,3
183576,30150,14,2
183576,30153,47,1
183576,30162,0,1
183576,3020,15,4
183576,3020,0,3
183576,3020,14,1
183576,3020,71,6
183576,3020,191,2
183576,3020,72,4
183576,3020,84,2
183576,3021,72,7
183576,3021,4,2
183576,3021,1,2
183576,3021,71,1
183576,3021,378,1
183576,3021,14,3
183576,3022,1,1
183576,3022,0,3
183576,3022,71,9
183576,3022,191,1
183576,3022,84,1
183576,3022,321,1
183576,3022,14,2
183576,3022,29,1
183576,3023,1,2
183576,3023,4,2
183576,3023,71,52
183576,3023,47,1
183576,3023,72,2
183576,3023,84,3
183576,3023,378,3
183576,3023,2,6
183576,3023,484,3
183576,3023,15,2
183576,3023,14,2
183576,3023,0,4
183576,3023,182,1
183576,3023,191,4
183576,3024,84,3
183576,3024,34,4
183576,3024,47,7
183576,3024,15,1
183576,3024,14,3
183576,3024,70,2
183576,3024,71,41
183576,3024,72,2
183576,3024,191,1
183576,3031,19,1
183576,3032,4,6
183576,3033,71,11
183576,3034,0,1
183576,3035,0,1
183576,30357,72,8
183576,30374,4,6
183576,3039,72,3
183576,3039pr0030,72,1
183576,3040b,19,8
183576,3040b,182,1
183576,3040b,71,4
183576,30414,0,2
183576,30414,71,2
183576,30586,71,1
183576,3062b,0,2
183576,3062b,4,3
183576,3062b,15,1
183576,3062b,3,1
183576,3062b,27,1
183576,3062b,47,2
183576,3062b,321,4
183576,3065,47,2
183576,3068b,10,44
183576,3068b,84,3
183576,3068b,72,64
183576,3068b,321,14
183576,3068b,0,1
183576,3068b,191,9
183576,3068b,320,13
183576,3068bpr0019,15,1
183576,3068bpr0368,14,1
183576,3068bpr9762,15,1
183576,3068bpr9763,15,1
183576,3068bpr9764,15,1
183576,3068bpr9765,15,1
183576,3068bpr9766,15,1
183576,3068bpr9767,15,1
183576,3068bpr9768,15,1
183576,3068bpr9769,15,1
183576,3068bpr9770,15,1
183576,3068bpr9771,15,1
183576,3068bpr9772,15,1
183576,3068bpr9773,15,1
183576,3068bpr9774,15,4
183576,3068bpr9775,15,1
183576,3068bpr9776,15,1
183576,3069b,71,8
183576,3069b,191,6
183576,3069b,15,2
183576,3069b,1,2
183576,3069b,84,10
183576,3069b,14,3
183576,3069b,0,2
183576,3069b,4,11
183576,3069b,72,31
183576,3069b,70,4
183576,3069b,28,2
183576,3069b,10,13
183576,3069bpr0155,14,1
183576,3069bpr0300,15,5
183576,3070b,15,19
183576,3070b,36,1
183576,3070b,70,2
183576,3070b,226,2
183576,3070b,72,2
183576,3070b,47,2
183576,3070b,4,3
183576,3070b,71,5
183576,3070b,84,3
183576,3070b,10,1
183576,3070b,0,17
183576,3070bpr0191,182,8
183576,3070bpr0234,71,1
183576,32028,71,231
183576,32062,0,1
183576,3228c,71,67
183576,32607,2,2
183576,32802,0,1
183576,32803,71,1
183576,32803,484,1
183576,32803,72,1
183576,32952,0,4
183576,32952,71,287
183576,33078,378,1
183576,33909,1,1
183576,33909,71,2
183576,33909,70,1
183576,34076,0,4
183576,34103,84,2
183576,34103,191,4
183576,34103,484,1
183576,34103,0,1
183576,34103,71,2
183576,34103,15,5
183576,3456,71,3
183576,3460,71,25
183576,35032a,182,2
183576,35032b,182,2
183576,35032c,182,2
183576,35032d,182,2
183576,35032e,182,1
183576,35032f,182,1
183576,35464,71,46
183576,35480,0,4
183576,35480,4,3
183576,35480,14,2
183576,35809pat0001,323,1
183576,36083a,15,2
183576,36083d,15,1
183576,36083e,15,1
183576,36083f,15,2
183576,3622,71,20
183576,3622,484,1
183576,3622,70,2
183576,3623,72,1
183576,3623,2,4
183576,3623,71,42
183576,3623,28,2
183576,3660,72,4
183576,3665,71,6
183576,3665,14,4
183576,3666,71,24
183576,3666,72,1
183576,3666,14,4
183576,36756pr0001,28,1
183576,3679,71,1
183576,3680,0,1
183576,36841,71,1
183576,3700,70,2
183576,3700,84,1
183576,3700,2,3
183576,3700,14,1
183576,3706,0,1
183576,3710,15,2
183576,3710,484,2
183576,3710,320,1
183576,3710,14,2
183576,3710,71,94
183576,3710,85,1
183576,3710,72,2
183576,3713,71,2
183576,37352,14,8
183576,3747b,19,4
183576,3795,0,1
183576,3795,484,2
183576,3811,72,1
183576,3829c01,71,1
183576,3829c01,1,1
183576,3832,71,9
183576,3899,5,1
183576,3899,4,1
183576,3899,15,1
183576,3937,84,2
183576,3937,378,1
183576,3937,19,6
183576,3937,2,1
183576,3938,378,1
183576,3941,41,1
183576,3941,70,6
183576,3942c,15,1
183576,3960,15,1
183576,3961,72,1
183576,39767,0,1
183576,4032a,72,1
183576,4032a,321,2
183576,4032a,0,7
183576,4070,4,2
183576,4070,2,3
183576,4070,15,4
183576,4070,71,30
183576,4070,47,2
183576,4070,70,2
183576,4079b,70,4
183576,4079b,0,5
183576,4079b,272,2
183576,4081b,72,2
183576,4162,71,21
183576,41682,84,1
183576,41740,70,4
183576,41740,14,1
183576,41740,0,2
183576,41740,71,16
183576,41835pr0001,15,2
183576,41854,4,1
183576,42445,47,2
183576,4274,1,2
183576,4274,71,1
183576,4282,72,5
183576,4282,71,7
183576,4286,71,2
183576,4286,19,4
183576,4287c,71,2
183576,42947,0,2
183576,4345b,15,1
183576,4345b,71,1
183576,4346,15,1
183576,43898,71,2
183576,44294,14,1
183576,44375b,15,1
183576,4460b,71,2
183576,44676,378,2
183576,44728,0,1
183576,44728,4,2
183576,44728,71,3
183576,44728,14,1
183576,4477,71,28
183576,4536,84,6
183576,4536,15,2
183576,4599b,71,1
183576,4733,15,1
183576,4740,72,1
183576,4740,41,1
183576,4740,4,1
183576,47457,71,1
183576,48336,0,2
183576,48336,15,2
183576,4865b,71,16
183576,48729b,0,2
183576,48729b,71,1
183576,49307,71,15
183576,49656pat0001,28,1
183576,49668,71,2
183576,50340,71,4
183576,53451,0,1
183576,53923,72,4
183576,54200,36,1
183576,54200,71,1
183576,54200,47,4
183576,54200,484,2
183576,54200,14,2
183576,54200,15,2
183576,54200,19,4
183576,55817,72,2
183576,56903,71,2
183576,59349,47,1
183576,59900,297,2
183576,59900,15,2
183576,60032,0,4
183576,6020,4,8
183576,60470b,15,1
183576,60474,72,2
183576,60475b,84,2
183576,60476,71,1
183576,60478,71,1
183576,60479,71,3
183576,60592,15,1
183576,60593,379,2
183576,60594,0,3
183576,60596,379,3
183576,60596,0,1
183576,60601,40,1
183576,60602,47,2
183576,60603,47,3
183576,60616b,47,1
183576,60616b,71,2
183576,60849,71,2
183576,60897,1,1
183576,60897,71,2
183576,60897,72,2
183576,60897,0,1
183576,6111,71,7
183576,61184,71,2
183576,61252,15,1
183576,61252,1,2
183576,61252,0,2
183576,61332,0,2
183576,6134,70,2
183576,6134,71,7
183576,6141,80,1
183576,6141,179,28
183576,6141,84,2
183576,6141,47,2
183576,61482,71,1
183576,6178,0,1
183576,61780,70,2
183576,6179,0,1
183576,6190,0,1
183576,61976,70,2
183576,6231,4,1
183576,6231,71,2
183576,62885,0,1
183576,63864,71,13
183576,63864,72,3
183576,63864,14,6
183576,63864,10,4
183576,63864,4,14
183576,63864,2,5
183576,63864,80,1
183576,63965,15,4
183576,63965,4,1
183576,63965,71,1
183576,64448,72,2
183576,64567,71,1
183576,64567,4,1
183576,6536,14,2
183576,65578,47,2
183576,65676,71,2
183576,6636,4,8
183576,6636,70,1
183576,6636,71,10
183576,67095,71,1
183576,69729,72,11
183576,73304,182,1
183576,74515,15,1
183576,75937,179,1
183576,77259,47,1
183576,79194,0,5
183576,79194,47,2
183576,80326,71,1
183576,85861,4,2
183576,85861,71,3
183576,85861,70,4
183576,85861,0,1
183576,85861,15,7
183576,85861,182,18
183576,85861,41,1
183576,85959pat0003,36,1
183576,85975,4,1
183576,87079,0,2
183576,87079,70,1
183576,87079,4,1
183576,87079,191,15
183576,87079,14,1
183576,87087,484,4
183576,87087,84,1
183576,87087,72,51
183576,87087,320,1
183576,87544,40,1
183576,87552,47,347
183576,87552,71,7
183576,87552,0,2
183576,87580,15,9
183576,87580,191,7
183576,87580,70,3
183576,87580,28,1
183576,87580,72,10
183576,87580,321,1
183576,87580,84,4
183576,87580,19,3
183576,87580,320,3
183576,87580,71,1
183576,87747,4,1
183576,87994,0,1
183576,87994,71,2
183576,87994,4,2
183576,88072,19,2
183576,88292,84,1
183576,88646,71,1
183576,88704,0,1
183576,90398,297,3
183576,90498,0,1
183576,90981,15,1
183576,91501,71,4
183576,91988,71,3
183576,92410,0,1
183576,92410,71,2
183576,92410,15,1
183576,92690,71,1
183576,93059,71,1
183576,93061,71,1
183576,95199,0,1
183576,95228,34,1
183576,95343,71,1
183576,95344,4,1
183576,95347,1103,2
183576,96874,3,1
183576,98100,71,1
183576,98138,47,4
183576,98138,36,5
183576,98138,320,8
183576,98138,182,4
183576,98138pr0018,84,1
183576,98138pr0035,179,7
183576,98138pr0090,84,4
183576,98280,2,2
183576,98282,14,4
183576,98313,72,1
183576,99206,378,1
183576,99206,15,4
183576,99207,0,7
183576,99207,71,1
183576,99207,1,2
183576,99207,15,1
183576,99780,4,1
183576,99780,14,3
183576,99780,72,1
183576,99780,321,4
183576,99781,4,1
183637,15573,191,1
183637,15712,0,1
183637,2432,71,1
183637,30031,71,1
183637,3023,36,1
183637,3023,71,1
183637,3795,191,1
183637,44674,3,2
183637,54200,41,2
183637,6014b,71,4
183637,60478,71,2
183637,67687,0,2
183637,87697,0,4
183649,35458,272,1
183649,3626cpr3361,14,1
183649,970c05,272,1
183649,973e030pr4519,15,1
183817,2277c01pr0004,1050,1
183817,2644,308,1
183817,92198pr0338,1088,1
183817,92456c16pr0001,1088,1
184048,fabfig0002c01pr0001,1,1
184048,fabupn0020,1,1
184049,fabfig0002c02pr0001,1,1
184049,fabupn0020,0,1
184050,fabfig0002c03pr0001,4,1
184050,fabupn0021,4,1
184051,fabfig0002c02pr0001,1,1
184051,fabupn0021,4,1
184143,14417,72,1
184143,14704,71,1
184143,15535,71,1
184143,25214,25,4
184143,25269,191,2
184143,3001,378,1
184143,3020,378,1
184143,3032,15,1
184143,3039,47,2
184143,3065,47,2
184143,3068b,378,1
184143,32064a,0,4
184143,3622,15,2
184143,3666,378,2
184143,3705,4,2
184143,3795,0,1
184143,4032a,191,1
184143,49097,378,4
184143,6141,191,4
184143,6141,0,2
184143,66956,191,1
184143,98281,15,1
184143,99781,15,1
184305,11476,15,2
184305,14418,71,2
184305,14419,72,4
184305,14704,71,2
184305,1748,15,1
184305,22885,15,1
184305,2736,71,4
184305,3004,15,1
184305,3022,71,1
184305,3022,0,1
184305,3023,15,2
184305,3024,0,2
184305,30367c,35,1
184305,3069b,15,1
184305,3069b,27,4
184305,3070b,15,2
184305,3665,15,2
184305,4032a,15,2
184305,54200,0,2
184305,73230,15,4
184305,99781,27,2
184306,15573,322,1
184306,24246,322,4
184306,25269,5,1
184306,26047,212,2
184306,29119,322,1
184306,29120,322,1
184306,3004,322,2
184306,3022,322,2
184306,3023,322,4
184306,32952,323,2
184306,37352,1050,1
184306,49307,322,2
184306,60478,212,2
184306,61252,321,4
184306,6141,322,1
184306,73825,322,2
184306,98138pr0107,0,2
184504,13195pr0001,326,1
184504,16709pat02,19,1
184504,973c26h20pr4263,19,1
184629,1993,10,1
184629,28621pr4026,10,1
184629,77181,35,1
184632,28621pr4024,14,1
184632,40240,0,1
184632,970c09,85,1
184632,973c09h01pr6610,31,1
184633,1993,323,1
184633,28621pr4028,323,1
184633,93223,484,1
184633,95226,484,1
184634,1993,323,1
184634,28621pr4028,323,1
184634,3898,15,1
184635,1993,323,1
184635,28621pr4028,323,1
184635,6131,1,1
184635,93223,15,1
184672,1993pr0002,0,1
184672,41637,0,1
184672,64647,45,1
184672,65578,0,1
184672,79435pr0004,0,1
184673,15082,45,2
184673,15712,0,2
184673,18986,47,1
184673,1993pr0001,0,1
184673,2006pat0001,0,1
184673,28621pr4086,0,1
184673,64847,26,2
184674,28621pr4088,14,1
184674,36037,320,1
184674,970c28,1,1
184674,973c28h01pr6736,31,1
184675,103435,10,1
184675,2003pr0001,70,1
184675,27145,10,1
184675,28621pr4025,14,1
184675,970c12pat22pr2481,72,1
184675,973e128pr6611,321,1
184676,103385,191,1
184676,1987pat0001,1053,1
184676,28621pr4030,14,1
184676,37614,30,1
184676,970c42pat33pr2483,322,1
184676,973c27h01pr6615,191,1
184677,100452pat0001,15,1
184677,28621pr4087,15,1
184677,4057,0,1
184677,970c27pr2515,0,1
184677,973c27h27pr6735,0,1
184686,1993,323,1
184686,28621pr4028,323,1
184686,43898pr0004,85,1
184687,2007,0,1
184687,28621pr4029,0,1
184687,3631pr0001,0,1
184687,970c03pr2482,0,1
184687,973f037pr6614,0,1
184688,1993pr0003,15,1
184688,28621pr4090,0,1
184688,51283,47,1
184689,1993,0,1
184689,28621pr4029,0,1
184689,3838a,0,1
184689,50665,0,1
184690,1993,0,1
184690,28621pr4029,0,1
184690,54568,14,1
184690,89520,0,1
184691,15439,0,1
184691,1993,0,1
184691,2528,0,1
184691,28621pr4029,0,1
184691,54568,14,1
184692,15712,71,1
184692,1993,0,1
184692,23443,72,1
184692,27149,0,1
184692,28621pr4029,0,1
184692,28974,0,1
184692,54568,14,1
184692,78258,72,1
184694,1993,321,1
184694,28551,0,1
184694,28621pr4077,321,1
184695,1989,71,1
184695,28621pr4089,14,1
184695,72326,15,1
184695,970c41pr2516,484,1
184695,973c19h01pr6738,70,1
184697,1987pat0001,1053,1
184697,28621pr4030,14,1
184697,970c42pat33pr2483,322,1
184697,973c27h01pr6615,191,1
184699,1988,85,1
184699,28621pr4070,14,1
184699,970c75pr2508,272,1
184699,973f036pr6701,272,1
184700,25412,226,1
184700,27145,1,1
184700,28621pr4038,14,1
184700,970c22pr2510,0,1
184700,973c22h03pr6710,4,1
184703,1988,85,1
184703,28621pr4070,14,1
184703,4498,70,1
184703,970c75pr2508,272,1
184703,973f036pr6701,272,1
184704,1993,0,1
184704,28621pr4029,0,1
184704,64647,45,1
184704,89520,0,1
184705,12897,4,1
184705,2003pr0001,70,1
184705,28621pr4025,14,1
184705,970c12pat22pr2481,72,1
184705,973e128pr6611,321,1
184706,100453pr0001,323,1
184706,11256,15,1
184706,28621pr4027,14,1
184706,66788,14,2
184707,103436,3,1
184707,1988,85,1
184707,28621pr4070,14,1
184707,970c75pr2508,272,1
184707,973f036pr6701,272,1
184708,2003pr0001,70,1
184708,27145,10,1
184708,28621pr4025,14,1
184708,970c12pat22pr2481,72,1
184708,973e128pr6611,321,1
184710,25412,226,1
184710,28621pr4038,14,1
184710,970c05,272,1
184710,973c22h01pr6637,4,1
184712,1987pat0001,1053,1
184712,28621pr4030,14,1
184712,37614,30,1
184712,970c42pat33pr2483,322,1
184712,973c27h01pr6615,191,1
184713,102297pr0001,15,1
184713,3862pr0001,15,1
184714,4040pr0001,323,1
184714,65213pr0004,323,1
184719,11408c05pr0007,92,1
184719,16925c01pr0019,1,1
184719,3886,308,1
184719,4039pr0001,15,1
184719,92198pr0411,92,1
184720,11408c05pr0009,92,1
184720,3886,308,1
184720,4039pr0001,15,1
184720,92198pr0411,92,1
184720,92818c01pr0009,1,1
184721,11408c05pr0008,92,1
184721,3886,308,1
184721,4039pr0001,15,1
184721,92198pr0411,92,1
184721,92820c01pr0020,5,1
184743,27456pr0003,1,1
184743,970c28pat22pr2222,1,1
184743,973c02h27pr6757,1,1
184744,102507pr0001,191,1
184744,16709pat22pr2523,4,1
184744,3510pat0001,191,1
184744,973c34h27pr6758,191,1
184745,27456pr0004,1,1
184745,970c28pat22pr2222,1,1
184745,973c02h27pr6757,1,1
184748,104176pr0001,4,1
184748,38628c02,4,1
184748,38630c02,4,1
184748,99131c03pr0009,0,1
184760,102506pr0001,29,1
184760,24782pr0029,15,1
184760,970c43pat22pr2526,29,1
184760,973c02h27pr6764,4,1
184761,19729pr0070,10,1
184761,970c05,272,1
184761,973c06h05pr6691,272,1
184762,23766pr0075,28,1
184762,25767pr0003,85,1
184762,3485,0,1
184762,41879a,308,1
184764,19729pr0072,85,1
184764,970c03,0,1
184764,973c09h27pr6713,85,1
184766,19729pr0073,308,1
184766,970c21,297,1
184766,973c34h23pr6714,25,1
184768,3626cpr3586,30,1
184768,48493,297,1
184768,970c05,272,1
184768,973c37h37pr6446,272,1
184772,28631pr0421,320,1
184772,3626cpr2552,78,1
184772,970c10pr2525,320,1
184772,973c21h10pr6763,320,1
184788,10050,297,2
184788,10169,84,1
184788,10172,297,1
184788,11127,41,1
184788,11437,297,1
184788,11476,15,2
184788,11477,70,1
184788,12888pr0001,84,1
184788,13548,2,4
184788,14769pr1054,70,1
184788,15068,4,1
184788,15070,70,1
184788,15573,70,1
184788,15672,15,2
184788,15712,71,2
184788,18674,322,1
184788,18674,0,2
184788,18746,288,1
184788,22385,27,1
184788,22385pr0144,70,1
184788,24093,0,1
184788,24246,85,1
184788,24866,4,1
184788,24866,25,1
184788,24866,26,1
184788,25376,4,1
184788,26047,70,2
184788,2654,0,2
184788,28621,15,1
184788,3004,72,3
184788,3005,2,1
184788,3005,15,2
184788,3005,4,2
184788,3005,26,2
184788,3005pr0026,73,1
184788,30136,308,2
184788,30136,70,1
184788,3021,4,1
184788,3021,15,1
184788,3022,71,2
184788,3022,191,1
184788,3022,2,1
184788,3022,15,2
184788,3022,70,2
184788,3022,4,1
184788,3022,27,1
184788,3023,72,2
184788,3023,70,2
184788,3023,46,1
184788,3024,33,2
184788,3040b,15,1
184788,3062b,15,1
184788,3062b,4,2
184788,3062b,46,2
184788,3062b,70,2
184788,3062b,19,1
184788,3068b,4,1
184788,3069bpr0300,0,1
184788,3069bpr0302,322,1
184788,3070b,0,1
184788,3262,15,1
184788,32828,297,1
184788,32828,0,1
184788,32952,70,4
184788,33048,484,1
184788,33909,308,2
184788,35458,272,1
184788,35464,15,1
184788,35480,226,1
184788,3623,484,1
184788,3665,4,2
184788,3710,15,3
184788,3710,70,10
184788,37352,4,3
184788,37762,15,1
184788,37775,182,3
184788,3839b,297,2
184788,3899,4,1
184788,3941,15,1
184788,4032a,25,1
184788,4032a,3,1
184788,4032a,70,1
184788,4032a,322,1
184788,4070,0,2
184788,4081b,0,2
184788,41769,2,4
184788,41862,71,1
184788,42876,484,2
184788,43898,4,1
184788,44861,84,1
184788,4522,0,1
184788,4599b,0,2
184788,46304,15,1
184788,4733,15,2
184788,4740,0,3
184788,47905,321,1
184788,47905,15,1
184788,47905,0,1
184788,4865b,4,2
184788,49668,41,3
184788,53118pr0001,0,1
184788,54200,182,2
184788,54200,15,3
184788,54200,2,4
184788,59900,0,2
184788,59900,70,3
184788,59900,72,2
184788,59900,297,1
184788,59900,2,1
184788,60478,27,2
184788,6117,72,1
184788,61252,72,1
184788,6141,46,3
184788,6141,36,3
184788,6141,27,1
184788,6141,4,1
184788,6141,70,1
184788,63868,0,2
184788,63868,70,1
184788,64000,15,1
184788,64644,0,1
184788,6636,4,1
184788,68211,70,2
184788,73117,297,1
184788,78257,0,1
184788,80686pr0002,15,1
184788,85861,297,1
184788,85861,0,2
184788,85861,70,1
184788,85984,308,2
184788,87087,14,1
184788,87087,70,1
184788,87580,191,1
184788,87580,288,1
184788,90509,322,2
184788,93555,179,2
184788,98138,41,1
184788,98138,0,1
184788,98138pr0056,84,1
184788,98138pr0255,19,2
184788,98283,84,3
184788,99563,70,1
184789,11212,19,1
184789,11437,297,1
184789,11476,71,1
184789,11609,297,2
184789,11610,72,4
184789,15470,29,1
184789,15470,323,1
184789,15571,71,1
184789,15573,85,1
184789,15573,4,1
184789,15712,70,2
184789,18674,272,1
184789,18674,70,1
184789,20482,71,1
184789,22388,15,2
184789,22388,4,1
184789,22388,71,1
184789,22388,320,1
184789,22667,4,1
184789,22667,26,1
184789,2343,179,1
184789,2343,47,1
184789,2431,4,1
184789,2431pr0194,28,1
184789,2496,0,2
184789,2655,71,2
184789,28621,15,1
184789,28621,46,1
184789,3002,70,1
184789,3004,378,2
184789,3005,71,2
184789,3005pr0029,15,1
184789,3010,378,1
184789,3010,4,1
184789,30136,70,2
184789,30136,308,2
184789,30165,15,1
184789,3020,70,1
184789,3020,72,1
184789,3020,308,2
184789,3020,4,2
184789,3020,2,2
184789,3022,4,1
184789,30222,33,1
184789,3023,71,2
184789,3023,226,1
184789,3023,27,1
184789,3023,4,3
184789,3023,25,1
184789,3023,3,1
184789,3024,288,4
184789,30367c,41,1
184789,30385,41,1
184789,3040b,71,2
184789,3044c,15,1
184789,3062b,15,1
184789,3062b,0,1
184789,3062b,308,3
184789,3068bpr0673,19,1
184789,3069b,72,1
184789,3069bpr0271,19,1
184789,32028,2,2
184789,32028,70,2
184789,32607,2,1
184789,3262,15,3
184789,32828,19,2
184789,32952,70,2
184789,33320,70,1
184789,35480,72,1
184789,36752a,0,1
184789,36752a,28,1
184789,36752a,70,1
184789,36752a,308,1
184789,3710,72,1
184789,37352,15,1
184789,37762,15,1
184789,37775,182,1
184789,3795,15,1
184789,3836,70,1
184789,3878,0,1
184789,3941,72,1
184789,3941,70,1
184789,3942c,15,2
184789,3957b,0,1
184789,4032a,19,1
184789,4032a,70,1
184789,4032a,72,1
184789,4079,272,1
184789,41682,72,1
184789,42876,484,1
184789,4345b,71,1
184789,4346,71,1
184789,4599b,297,1
184789,4733,70,3
184789,4740,0,1
184789,4740,15,3
184789,48336,14,1
184789,4865b,47,2
184789,48729b,70,2
184789,49307,15,2
184789,53119,15,1
184789,53119,70,1
184789,54200,288,6
184789,54200,378,6
184789,59900,15,2
184789,59900,129,1
184789,59900,1061,1
184789,59900,297,1
184789,60474,15,1
184789,60474,19,1
184789,60481,19,2
184789,60897,14,4
184789,6124,45,1
184789,6124,46,1
184789,6141,297,2
184789,6141,19,2
184789,6141,71,1
184789,6141,15,2
184789,6141,320,1
184789,6141,46,1
184789,64567,0,3
184789,64647,182,2
184789,68495pat0001,47,1
184789,85080,28,3
184789,85080,15,1
184789,85861,297,2
184789,85861,288,2
184789,85975,297,1
184789,85984,0,1
184789,87087,15,2
184789,87087,308,1
184789,87580,15,1
184789,87580,0,1
184789,87580,4,1
184789,92084pr0001,70,1
184789,93095,70,1
184789,95228,40,1
184789,98375,179,1
184792,15573,0,1
184792,24093pr0040,70,1
184792,24324,70,1
184792,27393,52,2
184792,3069bpr0383,19,1
184792,65578,47,1
184792,88646,0,1
184793,15573,0,1
184793,3757,297,1
184793,65578,47,1
184793,88646,0,1
184793,98138pr0371,297,1
184794,15573,0,1
184794,3023,19,1
184794,3065pr0106,47,1
184794,65578,47,1
184794,87994,179,2
184794,88646,0,1
184794,99563,0,1
184795,15573,0,1
184795,65578,47,1
184795,88646,0,1
184795,98138pr0372,179,1
184796,15573,0,1
184796,26603pr0118,19,1
184796,3069bpr0380,379,1
184796,65578,47,1
184796,88646,0,1
184797,15573,0,1
184797,3748,0,1
184797,3753pr0001,70,1
184797,65578,47,1
184797,88646,0,1
184798,15573,0,1
184798,3068bpr0677,15,1
184798,3748,70,1
184798,65578,47,1
184798,69962pr0002,84,1
184798,88646,0,1
184799,15573,0,1
184799,65578,47,1
184799,79688,0,1
184799,88646,0,1
184799,90398pr0057,0,1
184800,15573,0,1
184800,65578,47,1
184800,78258,19,1
184800,85861,70,2
184800,88646,0,1
184801,15573,0,1
184801,30162,0,1
184801,3661,15,1
184801,36840,15,1
184801,3899pr0012,14,1
184801,65578,47,1
184801,85861,0,1
184801,88646,0,1
184801,98138,35,1
184802,15573,0,1
184802,59233,46,2
184802,65578,47,1
184802,88646,0,1
184803,10187,179,2
184803,15573,0,1
184803,30151bpr0005,26,1
184803,64798,0,1
184803,65578,47,1
184803,88646,0,1
184807,11211,27,2
184807,11477,70,4
184807,11477,15,1
184807,11477,4,5
184807,11477,84,1
184807,14769,0,1
184807,15068,70,2
184807,15068,4,6
184807,15573,15,6
184807,15573,84,3
184807,15573,288,4
184807,15573,70,3
184807,15712,0,2
184807,22885,272,3
184807,24299,191,1
184807,24307,191,1
184807,2431,84,1
184807,2431,70,1
184807,27925,0,6
184807,3002,4,2
184807,3002,15,1
184807,3005,322,2
184807,3020,70,1
184807,3020,84,2
184807,3021,0,2
184807,3021,378,2
184807,3021,4,4
184807,3022,15,2
184807,3022,84,1
184807,3023,4,6
184807,3024,84,4
184807,3024,191,3
184807,30414,27,2
184807,3069b,82,6
184807,3070b,70,2
184807,3070b,82,5
184807,3176,72,4
184807,32013,4,2
184807,32034,15,1
184807,32062,4,6
184807,32474,15,3
184807,32952,15,2
184807,32952,84,2
184807,35480,320,1
184807,35480,378,1
184807,35480,0,4
184807,3622,4,2
184807,3623,378,1
184807,36841,15,1
184807,3710,27,1
184807,3710,288,1
184807,3941,15,2
184807,3941,72,2
184807,39888,19,1
184807,4032a,191,3
184807,4081b,0,1
184807,41740,84,2
184807,4519,14,2
184807,49307,70,8
184807,54200,84,2
184807,59443,15,2
184807,59443,4,2
184807,59900,15,1
184807,60474,0,2
184807,60478,70,10
184807,6232,4,2
184807,6541,4,2
184807,6589,19,4
184807,78329,15,1
184807,78329,0,3
184807,78329,4,3
184807,85861,297,2
184807,86876,15,2
184807,87081,0,2
184807,87087,4,2
184807,92338,297,2
184807,95344,0,2
184807,96874,25,1
184807,98138,322,2
184807,98138,320,2
184807,98138pr0008,15,2
184807,98138pr0026,15,2
184808,11609,297,3
184808,11610,484,2
184808,11610,19,2
184808,14769pr1003,15,2
184808,14769pr1116,15,2
184808,14769pr1117,15,2
184808,15470,29,1
184808,15470,323,1
184808,15573,15,3
184808,15573,2,3
184808,15573,84,4
184808,15706,0,6
184808,15712,70,2
184808,15712,15,2
184808,18677,0,6
184808,18980,15,2
184808,18980,2,1
184808,18980,70,2
184808,2445,0,3
184808,25269,15,4
184808,25269,4,4
184808,25269,84,6
184808,25269,2,4
184808,27507,15,2
184808,27925,15,9
184808,3022,15,10
184808,3023,15,7
184808,30357,84,24
184808,3069b,4,2
184808,3069b,2,2
184808,3623,70,2
184808,3623,4,4
184808,3623,2,6
184808,3795,0,6
184808,3832,71,3
184808,39739,29,2
184808,53119,70,1
184808,54200,2,2
184808,6141,4,2
184808,6141,2,2
184808,6141,15,11
184808,6254,15,1
184808,67338,484,2
184808,73767,0,3
184808,87079,84,12
184808,96874,25,1
184808,98138,29,2
184808,98138,0,3
184808,98138pr0013,15,2
184844,3626cpr3531,92,1
184844,42861pat0001pr0002,15,1
184844,970c27pr2347,15,1
184844,973c27h03pr6167,15,1
184845,28621pr4111,92,1
184845,63586,72,1
184845,64802,378,1
184845,87610pr0422,378,1
184845,970c24pr2529,379,1
184845,973c24h14pr6769,71,1
184848,19916,0,1
184848,19917,0,1
184848,3626cpr3905,15,1
184848,50231,0,1
184848,970c03pr1918,0,1
184848,973c03h03pr5218,0,1
184852,13195pr0001,326,1
184852,41879a,19,1
184852,973c26h20pr6770,19,1
184853,2019pr0424,15,1
184853,3626cpr3262,92,1
184853,64802,1,1
184853,970c27pr1928,15,1
184853,973c27h03pr5237,15,1
184855,2019pr0424,15,1
184855,3626cpr3262,92,1
184855,970c27pr1928,15,1
184855,973c27h03pr5237,15,1
184856,2019pr0424,15,1
184856,3626cpr3262,92,1
184856,61190c,25,1
184856,970c27pr1928,15,1
184856,973c27h03pr6776,15,1
184858,28621pr4124,78,1
184858,3887,484,1
184858,64802,1103,1
184858,970c12pr2533,72,1
184858,973c12h03pr6786,72,1
184861,3626cpr1670,78,1
184861,92746,28,1
184861,970c19pr2530,70,1
184861,973c44h02pr6778,226,1
184861,99250pr0002,28,1
184864,26139,70,1
184864,3626cpr2587,78,1
184864,970c05pr2531,272,1
184864,973c26h02pr6780,0,1
184864,99250pr0002,28,1
184865,36036pr0005,15,1
184865,3626cpr2764,78,1
184865,48212,308,1
184865,973c27h02pr6779,15,1
184866,21269,15,1
184866,28621pr4118,78,1
184866,970c26pr2012,19,1
184866,973c26h02pr5437,19,1
184867,30361cpr1024,71,1
184867,30362,179,2
184867,3262pr1032,179,1
184868,28621pr4119,78,1
184868,30370pr0425,15,1
184868,970c34pr2013,71,1
184868,973c34h03pr5436,25,1
184869,28621pr4119,78,1
184869,30370pr0426,226,1
184869,970c34pr2013,71,1
184869,973c34h03pr5436,25,1
184871,2447,0,1
184871,28621pr4122,78,1
184871,61182,15,1
184871,970c14,71,1
184871,973c24h02pr6784,0,1
184872,28621pr4123,92,1
184872,61182,15,1
184872,970c26,19,1
184872,973c26h13pr6785,19,1
184876,21268,2,1
184876,28621pr4107,15,1
184876,970c09,85,1
184876,973c09h33pr6761,85,1
184877,3320pat0001,0,1
184877,3626cpr2859,78,1
184877,37157,0,1
184877,970c03,0,1
184877,973c03h03pr6760,0,1
184878,3320pat0001,0,1
184878,3626cpr3464,78,1
184878,37157,0,1
184878,970c03,0,1
184878,973c03h03pr1961,0,1
184879,28621pr4107,15,1
184879,64798,2,1
184879,970c33,30,1
184879,973c33h27pr6762,30,1
184880,28621pr4107,15,1
184880,61506,85,1
184880,970c09,85,1
184880,973c09h33pr6761,85,1
184881,28621pr4135,4,1
184881,970c05pat22,272,1
184881,973c05h22pr6799,4,1
184882,28621pr4136,4,1
184882,970c05pat22,272,1
184882,973c05h22pr6800,4,1
184884,26139,308,1
184884,28621pr4139,78,1
184884,970c31,2,1
184884,973c31h35pr6802,2,1
184885,28621pr4138,78,1
184885,3484,72,4
184885,36452,0,1
184885,53923,71,4
184885,54662,71,4
184885,57360,71,4
184885,62810,308,1
184885,970c12pr2535,72,1
184885,973c12h07pr6801,72,1
184886,1126,0,1
184886,18986,47,1
184886,2149,46,4
184886,28621pr4140,1088,1
184886,32828,226,4
184886,36451a,46,4
184886,79687,0,1
184886,970c11pr2096,28,1
184886,973c03h03pr6803,0,1
184889,23187,308,1
184889,3626cpr2956,84,1
184889,970c03,0,1
184889,973c11h23pr6804,28,1
184890,3626cpr3507,84,1
184890,38800,0,1
184890,970c24,379,1
184890,973c01h23pr6810,4,1
184891,10124,30,1
184891,10126,30,1
184891,10127,30,1
184891,10154,30,1
184891,43093,1,2
184891,79281pr0001,72,1
184891,79435pr0005,30,1
184892,3626cpr3704,84,1
184892,37046,1,1
184892,83345,0,1
184892,970c14,71,1
184892,973c14h23pr6805,71,1
184893,104848,320,1
184893,23187,84,1
184893,3626cpr3812,78,1
184893,970c03,0,1
184893,973c10h02pr5753,320,1
184949,11253,179,4
184949,11833,15,1
184949,14719,72,1
184949,15571,71,1
184949,15573,72,1
184949,15573,2,1
184949,15712,70,1
184949,1745,71,1
184949,18674,4,2
184949,18674,71,1
184949,18920,179,1
184949,19729,41,1
184949,22385,4,1
184949,2343,297,1
184949,2412b,297,1
184949,24201,4,3
184949,24201,288,2
184949,24246,0,2
184949,24482,72,1
184949,26047,297,2
184949,26601,4,2
184949,27393,41,2
184949,2877,72,1
184949,28870,297,2
184949,3004,288,1
184949,3005,71,9
184949,3005,70,1
184949,3020,28,2
184949,3021,71,1
184949,3022,72,1
184949,3022,4,1
184949,3022,297,1
184949,3022,15,1
184949,3023,288,1
184949,3023,320,1
184949,3024,40,2
184949,3024,320,1
184949,3024,308,2
184949,3031,72,3
184949,30357,4,4
184949,30374,41,2
184949,30374,72,1
184949,3062b,41,3
184949,3069b,297,3
184949,3070b,34,2
184949,3070b,320,1
184949,32064a,71,1
184949,32803,288,2
184949,32828,297,4
184949,32828,70,2
184949,33051,4,1
184949,34103,0,1
184949,34816,71,3
184949,35480,15,2
184949,35480,70,1
184949,36083a,297,2
184949,36083b,297,1
184949,36083c,297,1
184949,36083d,297,2
184949,36083e,297,1
184949,36083f,297,2
184949,3623,288,2
184949,3623,0,1
184949,3659,71,1
184949,36840,0,2
184949,3710,72,1
184949,37775,182,4
184949,3821,4,1
184949,4032a,71,1
184949,4081b,0,2
184949,41682,4,1
184949,41769,2,4
184949,41811,0,1
184949,42876,484,1
184949,43722,288,4
184949,43722,15,1
184949,43723,15,1
184949,4590,15,1
184949,4733,70,2
184949,4740,15,3
184949,47905,320,2
184949,48729b,71,1
184949,49307,0,3
184949,49307,288,4
184949,50949,0,1
184949,51739,71,2
184949,54200,0,1
184949,54200,34,2
184949,54200,36,1
184949,59900,72,1
184949,60474,15,1
184949,60475b,71,3
184949,60481,71,2
184949,60897,72,1
184949,60897,71,4
184949,61252,4,2
184949,61252,297,2
184949,6141,34,2
184949,6141,1,1
184949,6141,41,1
184949,64000,15,1
184949,64567,297,1
184949,64644,297,1
184949,66965pr0001,19,1
184949,75902pr0019,72,1
184949,75904,71,1
184949,79194,47,4
184949,79786,4,1
184949,81911,47,1
184949,85861,182,2
184949,85861,70,3
184949,85861,297,8
184949,87087,288,2
184949,87580,71,1
184949,90398,272,1
184949,92585,297,1
184949,92947,297,1
184949,92947,72,1
184949,93273,70,1
184949,93555,179,2
184949,95228,34,1
184949,95344,297,1
184949,98138,0,1
184949,98138,41,1
184949,98368,4,1
184962,55236,70,2
185091,3626cpr3360,14,1
185091,44751,70,1
185091,970c03,0,1
185091,973c46h03pr6772,179,1
185092,3626cpr3025,14,1
185092,92081,226,1
185092,970c03,0,1
185092,973c60h03pr6771,179,1
185094,28621pr4116,73,1
185094,970c32,73,1
185094,973c01h01pr6773,0,1
185095,3626cpr2113,14,1
185095,67043pat0001,19,1
185095,970c75,1103,1
185095,973c01h01pr6774,26,1
185096,3626cpr0933,14,1
185096,80682,320,1
185096,970c03,0,1
185096,973c03h03pr6777,0,1
185097,23186,322,1
185097,28621pr4057,14,1
185097,970c03,0,1
185097,973c03h03pr6777,0,1
185098,3626cpr3063,14,1
185098,87990,226,1
185098,970c03,0,1
185098,973c03h03pr6777,0,1
185099,21778,0,1
185099,3626cpr1769,14,1
185099,970c11,28,1
185099,973c14h01pr3451,71,1
185100,3626cpr2951,14,1
185100,87990,226,1
185100,970c27,15,1
185100,973c27h05pr5116,179,1
185101,20877,84,1
185101,3626cpr1965,14,1
185101,970c04,321,1
185101,973c04h01pr5976,321,1
185102,3626cpr3266,14,1
185102,41879a,321,1
185102,973c31h01pr4903,15,1
185102,98385,70,1
185103,35701,484,1
185103,3626cpr3265,14,1
185103,41879a,288,1
185103,973c22h01pr3432,15,1
185104,35701,321,1
185104,3626cpr3158,14,1
185104,970c12pr2432,72,1
185104,973c35h01pr5038,288,1
185105,3626cpr1675,14,1
185105,85974,484,1
185105,970c60,1050,1
185105,973c29h01pr6759,212,1
185106,2514,70,1
185106,3626cpr3921,14,1
185106,970c24pr0900,70,1
185106,973c27h01pr4200,15,1
185107,23186,84,1
185107,3626cpr1966,14,1
185107,970c26,19,1
185107,973c05h01pr6376,321,1
185108,36060,308,1
185108,3626cpr1967,14,1
185108,41879a,30,1
185108,973c01h01pr6367,15,1
185109,3626cpr3917,14,1
185109,970c03,0,1
185109,973c27h01pr6416,1,1
185109,99930,0,1
185178,10100077,9999,1
185178,11127,41,2
185178,11214,4,2
185178,11214,72,1
185178,11477,15,4
185178,14769,72,2
185178,15068,15,4
185178,15068,14,1
185178,15068pr0058,15,1
185178,15573,19,2
185178,15672,72,4
185178,18674,15,2
185178,18675,15,1
185178,18980,15,2
185178,19159,0,1
185178,20482,321,1
185178,22886,71,4
185178,22889,71,5
185178,2357,71,2
185178,2420,72,4
185178,2431,272,6
185178,2431,15,6
185178,2432,0,1
185178,2540,71,2
185178,26047,0,2
185178,2654,0,1
185178,2654,182,1
185178,26599,0,2
185178,26603,15,1
185178,2877,72,7
185178,3001,15,1
185178,3001,1,1
185178,3002,72,2
185178,3003,15,4
185178,3004,272,4
185178,3004,0,1
185178,3007,71,2
185178,30089b,0,1
185178,3009,71,4
185178,3009,15,4
185178,3010,272,2
185178,30136,15,1
185178,30145,19,1
185178,3020,272,1
185178,3020,71,8
185178,3020,1,1
185178,3021,72,4
185178,3021,15,2
185178,3021,19,2
185178,3022,71,2
185178,3022,1,1
185178,3023,41,8
185178,3023,1,2
185178,3023,47,1
185178,30237b,71,2
185178,30237b,15,1
185178,30249,15,4
185178,30292pr9997,272,4
185178,3030,71,2
185178,3031,71,1
185178,3032,15,4
185178,3033,19,2
185178,3034,19,1
185178,30361c,72,2
185178,3040b,71,4
185178,3040b,15,2
185178,30414,14,2
185178,3062b,41,1
185178,3068b,72,5
185178,3068b,15,1
185178,3068b,0,2
185178,3069b,72,3
185178,3069b,73,1
185178,3069bpr0276,72,1
185178,3069bpr0305,14,1
185178,32013,14,4
185178,32015,0,2
185178,32028,71,4
185178,32062,4,4
185178,32064a,4,2
185178,3245c,15,8
185178,3245c,71,3
185178,32607,10,1
185178,33085,14,1
185178,3460,72,6
185178,3660,72,2
185178,3665,72,2
185178,3665,71,8
185178,3665,15,2
185178,3666,1,2
185178,3700,14,2
185178,3700,1,1
185178,3701,0,6
185178,3705,0,2
185178,3709,71,3
185178,3710,1,2
185178,3710,72,2
185178,3795,322,2
185178,3795,0,2
185178,3894,15,2
185178,3894,72,2
185178,3941,14,4
185178,3960,15,1
185178,4006,179,1
185178,4032a,14,1
185178,4032a,71,1
185178,40527,379,4
185178,41539,71,1
185178,41682,0,1
185178,41740,15,4
185178,42610,71,2
185178,42924,1,2
185178,43093,1,10
185178,4345b,71,1
185178,4346,47,1
185178,43898,71,1
185178,44568,71,8
185178,44861,71,10
185178,4519,71,2
185178,46413,41,8
185178,47457,72,2
185178,48336,297,12
185178,49699,72,4
185178,51739,71,1
185178,54200,41,1
185178,57360,72,1
185178,59443,72,4
185178,59900,182,3
185178,60208,72,1
185178,60476,0,4
185178,60478,0,4
185178,60581,15,2
185178,61252,15,2
185178,61332,0,7
185178,6141,47,3
185178,6141,46,12
185178,62462,14,2
185178,62711,0,1
185178,63868,14,4
185178,64799,15,1
185178,65578,47,1
185178,65886,272,4
185178,6636,72,1
185178,66792,15,1
185178,67440,15,8
185178,69729,19,2
185178,73230,71,6
185178,80326,14,2
185178,85861,297,9
185178,85984,15,2
185178,87079,272,2
185178,87079,0,2
185178,87398pat0001,179,1
185178,87580,1,2
185178,87620,72,8
185178,87991,19,1
185178,87994,72,1
185178,88072,14,1
185178,88644pat0001,179,1
185178,88930,15,4
185178,89522,179,1
185178,92081,226,1
185178,92099,15,2
185178,92582,0,1
185178,92690,71,1
185178,92832,41,1
185178,92847,15,1
185178,93095,322,2
185178,96874,25,1
185178,98138,71,2
185178,99008,19,2
185178,99021,72,4
185178,99206,15,1
185178,99207,71,4
185245,11477,484,3
185245,11477,78,2
185245,14719,484,2
185245,14769pr0162,70,1
185245,15068,484,1
185245,15397,484,1
185245,15712,15,2
185245,22885,484,2
185245,25269,484,2
185245,3024,484,5
185245,3024,78,4
185245,32952,19,1
185245,3622,484,1
185245,3623,484,3
185245,36840,70,2
185245,4070,19,3
185245,43898,14,1
185245,49668,15,1
185245,54200,484,1
185245,61252,14,1
185245,6141,70,3
185245,66859,78,1
185245,79194,72,1
185245,86996,0,1
185245,87087,70,2
185245,98138,41,1
185245,98138,308,1
185251,10126,19,1
185251,10127,19,1
185251,11203,84,2
185251,11458,322,4
185251,14417,72,1
185251,14704,71,3
185251,14719,84,2
185251,15068,84,6
185251,15573,0,1
185251,15573,322,2
185251,22890,72,2
185251,24201,15,2
185251,24201,0,2
185251,24201,84,8
185251,24246,71,1
185251,25269,19,2
185251,26601,19,2
185251,26603pr0119,84,1
185251,26604,71,2
185251,29119,15,1
185251,29120,15,1
185251,3003,84,2
185251,3010,15,1
185251,3020,322,1
185251,3021,0,1
185251,3021,4,1
185251,3022,28,1
185251,3022,84,2
185251,3022,19,1
185251,3023,29,2
185251,3023,84,6
185251,3024,0,2
185251,3024,84,4
185251,3024,15,2
185251,3024,4,1
185251,3069b,4,1
185251,3070b,19,2
185251,3263,15,1
185251,32803,15,1
185251,3560,19,2
185251,3700,84,2
185251,3710,0,2
185251,4045,19,1
185251,4045pr0001,19,1
185251,4081b,4,1
185251,4304,19,2
185251,4304,0,2
185251,54200,0,2
185251,54200,4,2
185251,54200,322,4
185251,54657,84,2
185251,61332,0,2
185251,66857,15,1
185251,73825,84,4
185251,85984,4,2
185251,98138,19,2
185251,99206,27,1
185251,99207,28,2
185252,103483pat0001,70,1
185252,1997,70,1
185252,3004pr0108,70,1
185252,3022,19,1
185252,3023,4,2
185252,3024,4,2
185252,3024,70,2
185252,34103,4,1
185252,35480,70,1
185252,3562,4,1
185252,3623,19,1
185252,36840,19,2
185252,37352,19,1
185252,37352pr0027,19,1
185252,3968,70,3
185252,4310,19,2
185252,6091,4,3
185252,63864pr0050,4,1
185252,6541,4,3
185252,87087,70,2
185252,87087,4,1
185252,89678,72,1
185252,98138,19,2
185252,99781,19,1
185254,103483pat0001,484,1
185254,11153,14,1
185254,11476,14,1
185254,15068,5,1
185254,24201,14,2
185254,25269,14,4
185254,26047,5,1
185254,3004pr0110,14,1
185254,3022,19,1
185254,3023,5,2
185254,3023,14,2
185254,3024,5,1
185254,3024,14,1
185254,34103,5,1
185254,35480,484,1
185254,3623,484,1
185254,3623,19,1
185254,37352,19,1
185254,37352pr0027,19,1
185254,3968,484,2
185254,4310,19,2
185254,60478,14,1
185254,6091,14,1
185254,6091,5,3
185254,6541,5,2
185254,73831,5,1
185254,79389,14,2
185254,87087,484,1
185254,87087,14,2
185254,98138pr0368,19,2
185254,99780,19,1
185254,99781,19,1
185255,14769,2,1
185255,15712,14,2
185255,22385,2,2
185255,24246,14,2
185255,26604,10,2
185255,3004,2,1
185255,3004pr0109,2,1
185255,3023,2,2
185255,3023,14,1
185255,3049d,14,1
185255,37352,2,1
185255,48336,4,1
185255,49668,4,4
185255,66858,14,1
185255,67329,2,2
185255,85984,2,1
185257,10126,19,1
185257,10127,19,1
185257,104352pr0001,4,1
185257,11203,70,1
185257,11477,70,2
185257,14417,72,2
185257,14704,71,3
185257,14719,70,1
185257,15068,19,1
185257,15068,70,6
185257,15573,14,2
185257,1750,70,1
185257,1871,70,1
185257,20482,321,2
185257,2420,70,4
185257,24201,70,16
185257,25269,19,2
185257,26601,19,2
185257,26603pr0117,70,1
185257,29119,19,1
185257,29120,19,1
185257,3021,19,1
185257,3021,15,1
185257,3021,70,5
185257,3022,14,1
185257,3022,4,1
185257,3022,19,1
185257,3023,226,1
185257,3023,70,10
185257,3023,25,2
185257,3023,28,1
185257,3024,70,3
185257,3070b,19,2
185257,3560,19,2
185257,3623,70,2
185257,36840,19,2
185257,3700,70,2
185257,3710,70,1
185257,4045,19,1
185257,4045pr0001,19,1
185257,4070,70,2
185257,4070,4,2
185257,44567b,0,1
185257,50340,0,1
185257,54200,70,1
185257,54657,70,2
185257,60592,70,2
185257,6091,70,4
185257,64799,70,1
185257,66857,19,1
185257,85984,70,1
185257,98138,19,2
185257,99207,70,5
185257,99781,19,2
185258,103483pat0001,70,1
185258,15068,70,1
185258,18654,70,1
185258,22385,15,1
185258,2310,28,2
185258,3002,70,1
185258,3004,70,1
185258,3004pr0107,19,1
185258,3021,28,2
185258,3021,70,1
185258,3023,70,1
185258,3023,19,1
185258,3024,28,3
185258,3069b,15,1
185258,32028,15,2
185258,34103,15,1
185258,34103,70,1
185258,35480,15,2
185258,3623,28,2
185258,36841,15,4
185258,3700,15,1
185258,37352,19,1
185258,37352pr0027,19,1
185258,3968,70,2
185258,42924,1,1
185258,4310,19,2
185258,44728,15,2
185258,54200,15,4
185258,6091,28,3
185258,63864,28,1
185258,6541,70,3
185258,85984,15,1
185258,99780,19,1
185258,99781,15,1
185292,11609,191,1
185292,2357,15,2
185292,2423,2,1
185292,2431,15,2
185292,24866,4,1
185292,24866,5,1
185292,27925,29,4
185292,3005,15,1
185292,3070b,29,8
185292,32606,4,2
185292,32607,27,1
185292,3622,15,2
185292,39613,4,1
185292,39739,29,1
185292,48092,15,1
185292,6003,26,2
185292,6141,15,2
185292,63864,15,2
185292,80674,226,1
185312,11476,19,1
185312,13548,72,4
185312,14704,71,2
185312,15070,15,2
185312,15208,15,4
185312,15209,15,2
185312,15573,15,2
185312,15573,320,2
185312,1748,15,2
185312,22388,71,2
185312,22388,19,4
185312,2420,28,6
185312,2431pr0198,15,1
185312,25269,15,6
185312,28192,28,2
185312,28802,15,1
185312,29119,19,1
185312,29119,15,2
185312,29120,15,2
185312,29120,19,1
185312,3003,25,1
185312,30136,15,2
185312,30166,72,2
185312,3020,15,1
185312,3020,71,2
185312,3021,28,1
185312,3022,320,2
185312,3022,15,3
185312,3023,15,11
185312,3068bpr0695,0,1
185312,3068bpr9742,72,1
185312,3070b,4,2
185312,35480,14,2
185312,35480,2,2
185312,3659,15,1
185312,3710,19,3
185312,3710,0,1
185312,3937,4,4
185312,3941,15,2
185312,4032a,15,2
185312,4070,15,2
185312,4304,0,4
185312,44861,72,4
185312,4733,71,1
185312,47457,15,2
185312,52501,15,1
185312,54200,4,3
185312,60478,15,1
185312,6091,15,4
185312,6134,4,4
185312,6141,19,5
185312,63864,19,2
185312,6541,19,2
185312,66906,0,2
185312,66956,15,1
185312,67929,15,1
185312,73109,71,1
185312,85861,71,1
185312,87580,72,4
185312,87747,19,2
185312,87994,10,1
185312,89678,4,1
185312,93273,19,1
185312,99207,0,5
185312,99780,72,2
185312,99781,0,2
185312,99781,15,2
185314,14769,85,1
185314,15573,19,1
185314,17485pr0008,85,1
185314,28660,78,2
185314,3003pr0160,78,1
185314,3937,19,1
185314,4032a,2,1
185314,4032a,15,1
185314,6134,15,1
185314,66855pr0009,15,1
185314,66858,70,1
185314,98138,72,1
185316,13547,321,1
185316,2476a,15,2
185316,25269,19,2
185316,26603pr0047,14,1
185316,26604,19,2
185316,3005,10,3
185316,3005,14,4
185316,3005pr0027,10,1
185316,3023,10,3
185316,3024,321,5
185316,3024,14,4
185316,3068bpr9903,321,1
185316,3069b,10,3
185316,3070b,10,2
185316,32952,1,1
185316,3622pr0059,10,1
185316,3623,14,1
185316,3700,14,2
185316,54200,321,3
185316,6541,70,2
185316,66788,14,2
185316,66857pr0006,19,1
185316,66859,14,1
185316,67931pat0001,321,1
185316,73825,72,1
185317,14769pr1220,0,1
185317,15068,484,2
185317,15068,0,2
185317,2654,0,1
185317,3023,484,2
185317,3068b,484,1
185317,3068bpr0660,484,1
185317,3068bpr9978,484,1
185317,4871,0,1
185317,67329,72,2
185317,79750,70,1
185317,99207,0,2
185321,10187,0,1
185321,11476,0,1
185321,14704,71,2
185321,15068,70,2
185321,15208,15,2
185321,15573,70,2
185321,15672,70,2
185321,15712,15,1
185321,24201,70,8
185321,25269,19,2
185321,26047,70,1
185321,30166,72,1
185321,3020,70,2
185321,3021,15,1
185321,3022,70,1
185321,3022,0,3
185321,3023,322,2
185321,3023,70,8
185321,3024,19,2
185321,3024,15,2
185321,3024,70,4
185321,30414,70,1
185321,3068bpr9415,0,1
185321,3069b,15,2
185321,3070b,15,1
185321,34103,19,1
185321,3622,15,1
185321,3622pr0074,15,1
185321,3659,70,2
185321,36840,70,4
185321,36841,19,2
185321,41682,70,2
185321,4304,19,1
185321,44861,71,2
185321,6091,70,6
185321,6541,70,2
185321,66857pr0036,19,1
185321,66906,0,2
185321,67931pat0001,0,1
185321,76959,70,2
185321,87079pr0316,70,1
185382,10190,0,2
185382,11090,0,19
185382,11090,71,1
185382,11213,322,3
185382,11253,297,2
185382,11640,5,1
185382,13808,297,1
185382,14769,19,4
185382,15068,322,4
185382,15207,0,2
185382,15254,322,2
185382,15573,72,2
185382,15573,322,8
185382,16606pat0001pr0001,15,1
185382,17485,0,2
185382,18575,19,3
185382,18651,0,2
185382,18653,191,4
185382,18674,71,1
185382,18674,15,4
185382,18920,179,1
185382,19220,0,2
185382,22885,15,2
185382,2343,297,1
185382,2423,2,4
185382,2431,15,2
185382,2431,71,8
185382,2431,191,4
185382,2432,0,4
185382,2445,72,1
185382,2445,4,2
185382,2456,322,2
185382,2486,72,3
185382,24866,15,4
185382,24866,212,4
185382,24866,26,4
185382,2496,0,3
185382,25975pr0001,84,1
185382,2653,0,2
185382,27150,0,1
185382,27256,46,2
185382,2730,71,3
185382,27507,191,6
185382,3001,70,4
185382,3001,27,8
185382,3001,15,4
185382,3001,4,8
185382,3001,191,10
185382,3001,72,6
185382,3001,322,8
185382,3001,30,8
185382,3003,15,4
185382,3003,72,2
185382,3003,322,4
185382,3003,4,4
185382,3003,70,4
185382,3003,27,4
185382,3003,191,4
185382,3003,31,4
185382,3004,4,8
185382,3004,15,4
185382,3004,30,8
185382,3004,322,8
185382,3004,27,8
185382,3004,72,6
185382,3004,191,18
185382,3005,30,4
185382,3005,4,4
185382,3005,27,4
185382,3005,191,4
185382,3005,322,4
185382,3007,4,2
185382,3008,15,2
185382,30089b,0,1
185382,3009,191,6
185382,3009,322,6
185382,3009,0,2
185382,3010,191,10
185382,3010,27,8
185382,3010,322,8
185382,3010,30,8
185382,3010,4,8
185382,3010,72,2
185382,30151b,47,2
185382,30153,47,7
185382,30153,36,2
185382,30153,34,2
185382,30153,33,2
185382,30153,46,2
185382,30154,72,1
185382,30165,72,4
185382,30165,0,4
185382,3020,72,2
185382,3020,30,4
185382,3022,191,4
185382,3023,4,4
185382,3031,191,6
185382,3034,322,4
185382,3035,19,2
185382,30385,297,1
185382,3039,4,4
185382,3062b,47,4
185382,3062b,27,4
185382,3068b,72,6
185382,3068b,322,4
185382,3068bpr0197,28,1
185382,3068bpr0240,19,1
185382,3068bpr0687,15,12
185382,3069b,71,6
185382,3069b,15,6
185382,3069b,72,3
185382,3069bpr0206,15,4
185382,3069bpr0290,15,1
185382,3069bpr0304,15,1
185382,32028,72,2
185382,32064a,0,4
185382,32064a,71,8
185382,32270,0,3
185382,32498,0,3
185382,32523,322,1
185382,32523,72,1
185382,32530,72,1
185382,32607,10,8
185382,3460,191,4
185382,35044,191,6
185382,35480,4,2
185382,35692,33,1
185382,35809pat0001,323,1
185382,3659,191,2
185382,3660,191,4
185382,3666,322,4
185382,3666,72,1
185382,3679,71,2
185382,3680,4,2
185382,3700,72,2
185382,3700,15,8
185382,3701,72,2
185382,3703,72,1
185382,3705,4,3
185382,3706,0,2
185382,3707,4,2
185382,3710,27,4
185382,3713,4,2
185382,37352,27,4
185382,3749,19,8
185382,37776,0,1
185382,3795,27,4
185382,38648pat0001,0,1
185382,3878,0,1
185382,3941,15,4
185382,3942c,4,3
185382,3958,72,1
185382,4006,179,1
185382,4032a,4,3
185382,42022,27,4
185382,42511,85,1
185382,4274,15,6
185382,42924,1,1
185382,4349,4,1
185382,46372,71,3
185382,4740,0,4
185382,4740,71,2
185382,48092,191,12
185382,49153,15,8
185382,53118pr0001,0,1
185382,59443,71,2
185382,59900,70,4
185382,60481,72,6
185382,60596,4,1
185382,60616b,15,1
185382,6091,30,4
185382,6111,71,6
185382,6112,0,2
185382,6124,45,1
185382,6126b,41,2
185382,6126b,182,2
185382,61332,0,11
185382,6141,0,4
185382,62698,0,1
185382,65249,15,3
185382,65509,72,6
185382,65826,10,2
185382,6636,15,2
185382,69947pr0001,484,1
185382,75538,25,2
185382,75539,25,2
185382,75c18,0,4
185382,78256,15,8
185382,78329,71,12
185382,80440,14,1
185382,80441pat0001,47,2
185382,85080,322,4
185382,85861,4,2
185382,87087,191,4
185382,87994,71,3
185382,87994,0,4
185382,90370pr0007,0,1
185382,90398,297,1
185382,91405,27,1
185382,91405,19,2
185382,92438,19,2
185382,92438,27,1
185382,93221pr0003,71,1
185382,93551pr0001,84,1
185382,93552pat0002,70,1
185382,95347,0,4
185382,96874,25,2
185382,98138,47,1
185382,98383,297,1
185384,14222pr0011,322,1
185384,15327,297,2
185384,16499,226,1
185384,18825pr0032,4,1
185384,24806,4,1
185384,26832,322,1
185384,26835,4,1
185384,3011,2,5
185384,3011,25,5
185384,3011,73,5
185384,3011,1,5
185384,3011,14,5
185384,3011,4,5
185384,3118,27,1
185384,3437,15,2
185384,38909pr0056,15,1
185384,41978,72,4
185384,43852,34,1
185384,43871,4,1
185384,47408,322,1
185384,6451643,9999,1
185384,6451644,9999,1
185384,6490,10,1
185384,65114,226,1
185384,69711pr0001,1050,1
185384,72134,14,1
185384,72152pr0058,15,1
185384,73241,14,1
185384,76371pr0149,15,1
185384,92009,15,2
185385,10197,0,6
185385,10247,15,6
185385,10928,72,1
185385,11203,15,6
185385,11212,191,1
185385,11212,0,1
185385,11213,15,1
185385,11213,322,1
185385,11214,72,7
185385,11214,4,3
185385,11458,15,4
185385,11458,378,2
185385,11477,0,1
185385,11477,2,2
185385,11477,191,1
185385,11477,226,1
185385,11946,1,4
185385,11947,1,4
185385,13564,72,1
185385,14226c41,0,1
185385,14417,72,4
185385,14716,15,4
185385,14769,1,2
185385,15068,323,1
185385,15068,322,1
185385,15068,2,3
185385,15070,15,8
185385,15458,15,1
185385,15462,70,1
185385,15535,15,1
185385,15573,29,1
185385,15573,5,1
185385,15573,1,2
185385,15672,27,2
185385,15672,4,1
185385,15672,320,1
185385,15712,4,2
185385,18575,19,1
185385,18646,321,2
185385,18651,0,6
185385,18653,15,2
185385,18654,15,14
185385,18654,0,9
185385,18654,1,10
185385,18677,0,4
185385,18948,15,8
185385,1927,71,3
185385,20953,15,1
185385,22885,5,1
185385,22885,29,1
185385,22961,15,4
185385,2393,71,7
185385,23948,71,2
185385,2395,2,4
185385,2403,2,4
185385,24116,15,3
185385,24119,14,2
185385,2412b,378,1
185385,2412b,27,1
185385,2423,27,1
185385,2423,2,1
185385,24246,15,5
185385,2431,322,2
185385,2431,29,1
185385,2438,14,2
185385,2442,14,2
185385,2476a,0,2
185385,2476a,71,2
185385,24866,14,1
185385,24866,10,1
185385,24869,72,2
185385,2496,0,2
185385,25059,71,3
185385,25269,30,12
185385,25269,15,19
185385,26021,322,1
185385,26599,0,3
185385,26603,0,2
185385,26603,29,2
185385,2714b,0,2
185385,27925,15,4
185385,27940,0,4
185385,2817,0,2
185385,2877,15,2
185385,29119,0,1
185385,29120,0,1
185385,3003,15,6
185385,30044,15,2
185385,3005,226,1
185385,3005,191,1
185385,3010,15,2
185385,3010,1,4
185385,30136,15,2
185385,30145,15,1
185385,30153,46,1
185385,30153,35,1
185385,30153,36,1
185385,30153,33,1
185385,30153,41,1
185385,30153,34,1
185385,3020,30,1
185385,3020,0,1
185385,3020,71,4
185385,3020,5,2
185385,3020,31,1
185385,3020,15,1
185385,3021,2,2
185385,3021,14,1
185385,3021,0,2
185385,3022,15,2
185385,3022,321,1
185385,3022,1,2
185385,3023,71,2
185385,3023,46,2
185385,3023,0,5
185385,3023,15,4
185385,3031,1,2
185385,3033,31,3
185385,3034,15,2
185385,3036,4,3
185385,3040b,15,2
185385,3062b,10,1
185385,3062b,3,1
185385,3065,47,1
185385,3068b,5,1
185385,3068b,322,1
185385,3068b,15,2
185385,3068b,1,3
185385,3068b,0,1
185385,3068b,25,4
185385,3068b,323,1
185385,3068bpr0687,15,12
185385,3069b,27,2
185385,3069b,29,1
185385,3069b,15,4
185385,3069bpr0189,0,1
185385,3069bpr0290,15,1
185385,3069bpr0304,15,1
185385,3070b,30,3
185385,3172,4,2
185385,3176,71,4
185385,32000,15,2
185385,32002,19,8
185385,32005a,72,4
185385,32009,0,6
185385,32013,71,1
185385,32013,15,8
185385,32014,0,4
185385,32014,71,9
185385,32016,25,1
185385,32017,14,4
185385,32034,15,2
185385,32034,0,6
185385,32056,0,2
185385,32062,4,18
185385,32064a,15,2
185385,32064a,2,2
185385,32064a,0,2
185385,32072,14,1
185385,32073,71,6
185385,32073,14,1
185385,32123b,14,8
185385,32140,0,3
185385,32140,25,2
185385,32140,14,2
185385,32140,15,1
185385,32184,14,3
185385,32184,15,2
185385,32192,0,1
185385,32270,0,7
185385,32278,272,3
185385,32278,1,6
185385,32316,15,16
185385,32316,26,9
185385,32316,0,6
185385,32449,0,2
185385,3245c,1,4
185385,3245c,15,2
185385,32474,191,1
185385,32474,15,1
185385,32474,321,1
185385,32474,5,1
185385,32498,0,1
185385,32523,322,1
185385,32523,72,2
185385,32523,15,10
185385,32523,25,19
185385,32523,4,1
185385,32523,0,1
185385,32524,15,4
185385,32524,2,1
185385,32524,191,1
185385,32524,10,1
185385,32524,0,6
185385,32524,14,2
185385,32524,322,1
185385,32524,27,1
185385,32524,1,1
185385,32524,3,1
185385,32525,15,23
185385,32525,0,3
185385,32525,25,1
185385,32526,15,4
185385,32526,0,2
185385,32557,0,6
185385,32606,5,1
185385,32607,212,1
185385,32607,3,1
185385,32803,0,6
185385,32803,10,1
185385,32803,15,6
185385,32905,71,1
185385,33320,1050,1
185385,33320,29,1
185385,33909,15,9
185385,34103,0,2
185385,3460,15,1
185385,34738,71,2
185385,35485,0,1
185385,35809pat0001,323,1
185385,3665,15,3
185385,3666,15,2
185385,3673,14,8
185385,3673,71,9
185385,3679,71,2
185385,3680,15,1
185385,3680,0,1
185385,36840,27,2
185385,36841,0,2
185385,3700,0,10
185385,3700,1,2
185385,3700,15,10
185385,3705,0,3
185385,3706,4,1
185385,3707,0,5
185385,3709,15,5
185385,3710,5,1
185385,3710,1050,1
185385,3713,0,2
185385,3713,4,2
185385,3713,71,11
185385,3749,19,27
185385,38585,15,2
185385,38648pat0001,0,1
185385,39262,297,1
185385,3937,15,2
185385,3941,15,7
185385,3941,0,1
185385,3941,45,2
185385,3941,31,2
185385,3942c,15,3
185385,39611,14,2
185385,39790,0,1
185385,39793,15,21
185385,39793,26,4
185385,39793,14,1
185385,39794,15,3
185385,39794,26,1
185385,39888,19,12
185385,4032a,1,1
185385,4032a,0,3
185385,4032a,191,1
185385,4032a,5,1
185385,4032a,4,1
185385,4032a,15,1
185385,4032a,85,1
185385,4032a,2,1
185385,4032a,14,1
185385,40490,15,4
185385,40490,0,2
185385,40490,25,10
185385,4070,72,1
185385,4070,10,2
185385,41239,25,2
185385,41239,322,2
185385,41239,15,3
185385,41539,15,1
185385,41823,15,1
185385,4185,0,3
185385,42003,15,1
185385,42003,0,3
185385,42135,0,1
185385,42135,71,1
185385,42195,71,2
185385,42195,0,1
185385,42511,85,1
185385,4274,15,16
185385,4282,15,5
185385,4286,15,2
185385,4287c,15,2
185385,42924,1,132
185385,43093,1,27
185385,43857,0,2
185385,43857,4,1
185385,43857,1,1
185385,43857,15,4
185385,43857,27,4
185385,43898,0,2
185385,44294,14,1
185385,44294,71,2
185385,44874,71,5
185385,4519,14,12
185385,4519,71,3
185385,45590,0,1
185385,45677pr0023,15,4
185385,4599b,15,2
185385,46189,0,2
185385,46372,71,2
185385,4740,45,1
185385,4740,33,1
185385,4740,52,1
185385,4740,0,6
185385,48171,0,2
185385,48267,15,3
185385,48267,29,1
185385,48267,4,1
185385,48336,297,4
185385,49130,71,10
185385,49308,15,1
185385,50450,0,2
185385,50990b,15,1
185385,51739,15,2
185385,54200,29,1
185385,54200,14,1
185385,54200,5,1
185385,54200,72,1
185385,55013,72,1
185385,55236,2,2
185385,55981,0,3
185385,55982,0,4
185385,57585,71,1
185385,59349,47,1
185385,59443,25,2
185385,59443,15,8
185385,59443,0,3
185385,6005,14,1
185385,6005,191,1
185385,60474,30,1
185385,60474,85,1
185385,60474,15,3
185385,60474,0,2
185385,60478,321,1
185385,60478,212,1
185385,60479,15,4
185385,60483,322,4
185385,60484,15,5
185385,6063,72,1
185385,6091,30,1
185385,6091,85,1
185385,61252,14,1
185385,6126b,182,1
185385,61332,0,171
185385,6134,15,2
185385,61408,0,1
185385,6141,0,1
185385,6141,47,1
185385,6141,85,30
185385,6141,14,1
185385,61485,15,1
185385,6182,15,2
185385,6222,15,3
185385,6223,33,2
185385,6233,15,1
185385,62462,15,2
185385,62462,0,2
185385,62698,0,1
185385,63864,0,1
185385,63864,15,4
185385,63868,15,4
185385,63868,378,1
185385,63868,27,1
185385,64179,15,7
185385,64225,27,1
185385,64681,15,1
185385,64782,0,1
185385,64782,15,1
185385,65151c02,0,1
185385,65249,15,8
185385,65304,0,7
185385,65304,71,3
185385,6536,15,2
185385,6536,0,1
185385,65487,15,2
185385,65489,71,2
185385,65509,4,1
185385,6587,28,1
185385,6629,15,1
185385,6629,2,2
185385,6629,25,8
185385,6629,1,4
185385,6636,14,4
185385,6636,29,1
185385,6636,27,2
185385,66789,10,1
185385,66906,0,4
185385,67139,0,2
185385,68568,15,4
185385,71708,15,2
185385,71709,15,4
185385,71709,0,1
185385,71710,0,4
185385,73763,71,5
185385,73764,0,1
185385,77107,15,1
185385,77765,71,14
185385,79393,15,4
185385,79491,14,4
185385,79851,25,6
185385,80015,15,4
185385,80286,0,3
185385,80477,72,1
185385,80910,15,2
185385,85080,1,1
185385,85080,212,1
185385,85861,72,1
185385,85984,14,1
185385,85984,226,1
185385,85984,15,1
185385,87079,0,1
185385,87081,0,2
185385,87081,4,6
185385,87083,72,6
185385,87087,1,1
185385,87087,272,1
185385,87994,0,1
185385,88072,15,2
185385,89201,0,7
185385,89678,4,31
185385,90370,26,1
185385,93273,320,1
185385,93273,4,1
185385,94925,71,1
185385,96874,3,1
185385,98100,15,2
185385,98138,5,8
185385,98138,31,1
185385,98138pr0083,15,2
185385,98585,0,3
185385,99008,19,5
185385,99206,15,2
185385,99781,226,1
185385,99781,14,1
185481,2339,71,2
185481,2339,0,7
185481,2343,297,1
185481,2357,71,2
185481,2419,72,1
185481,2420,4,2
185481,2431,72,1
185481,2431,70,11
185481,2445,4,2
185481,2449,72,4
185481,2450,72,4
185481,2453a,71,2
185481,2454a,72,8
185481,2489,70,1
185481,2540,0,1
185481,2555,4,4
185481,2560,0,1
185481,2564,0,1
185481,2566,0,2
185481,2570,70,1
185481,2653,71,6
185481,2736,71,1
185481,3001,15,2
185481,3002,71,4
185481,3003,71,2
185481,3004,0,14
185481,3004,72,2
185481,3004,71,17
185481,3004,70,1
185481,30044,320,6
185481,30044,70,2
185481,30045,0,8
185481,3005,72,10
185481,3005,71,13
185481,3005,0,10
185481,3009,71,1
185481,30099,320,8
185481,3010,71,2
185481,3010,0,8
185481,30136,70,13
185481,30137,70,3
185481,30150,70,1
185481,30153,36,1
185481,30153,33,1
185481,30153,46,1
185481,3020,0,2
185481,3021,70,1
185481,3022,4,1
185481,3022,70,1
185481,3023,72,1
185481,3023,19,2
185481,3023,320,12
185481,3024,71,4
185481,3024,72,10
185481,30246,71,2
185481,30275,70,1
185481,3028,72,2
185481,3029,72,1
185481,3031,71,1
185481,3032,70,1
185481,3032,71,2
185481,3033,72,4
185481,3033,272,2
185481,3034,19,1
185481,3036,70,1
185481,3036,272,1
185481,30374,0,1
185481,3039,72,4
185481,3039,0,8
185481,3040b,70,2
185481,3040b,72,8
185481,3048c,320,8
185481,3048c,297,5
185481,30565,272,2
185481,3062b,72,19
185481,3069b,0,1
185481,3070b,0,4
185481,32000,72,6
185481,32013,0,1
185481,32014,72,2
185481,32039,4,2
185481,32064b,72,8
185481,32073,71,1
185481,32123b,71,4
185481,3245b,71,4
185481,32474,0,2
185481,32523,71,1
185481,32530,72,2
185481,3298,72,1
185481,33057,484,1
185481,3307,71,2
185481,33320,2,1
185481,3403,71,1
185481,3404,71,1
185481,3455,0,2
185481,3460,4,2
185481,3460,0,1
185481,3622,71,3
185481,3622,72,2
185481,3633,0,2
185481,3659,320,6
185481,3659,71,2
185481,3660,0,8
185481,3660,320,1
185481,3665,70,2
185481,3665,320,2
185481,3666,72,1
185481,3673,71,6
185481,3678b,272,2
185481,3684,0,1
185481,3700,70,1
185481,3706,0,3
185481,3710,0,2
185481,3710,70,2
185481,3710,71,4
185481,3710,320,2
185481,3713,71,1
185481,3794a,4,6
185481,3795,70,2
185481,3846pr0016,71,1
185481,3847,135,2
185481,3937,4,2
185481,3937,71,1
185481,3941,70,6
185481,3957a,0,1
185481,3958,70,1
185481,40234,71,1
185481,4032b,71,1
185481,40379,294,2
185481,4085c,4,2
185481,4085c,0,6
185481,4162,272,2
185481,42448,0,2
185481,4286,0,3
185481,4287b,72,2
185481,43093,1,3
185481,4424,70,1
185481,4460a,320,2
185481,4460a,70,4
185481,4460a,272,4
185481,4477,72,1
185481,4477,71,1
185481,4490,0,2
185481,4495b,4,1
185481,4497,135,1
185481,4510,0,2
185481,4519,71,2
185481,4599a,0,1
185481,4738b,70,2
185481,4739a,70,2
185481,47847pat0003,135,2
185481,4790,70,1
185481,48002a,0,1
185481,4871,4,1
185481,53451,15,8
185481,53452,0,1
185481,54200,72,17
185481,54200,0,2
185481,54200,4,4
185481,54821,135,2
185481,55706pat0003,0,2
185481,57503,334,1
185481,57504,334,1
185481,57505,334,1
185481,57506,334,1
185481,59229,72,2
185481,59231pr0001,72,4
185481,59232,135,2
185481,59233pat0001,41,2
185481,59900,15,12
185481,59901,72,1
185481,60169,71,1
185481,6019,0,2
185481,6020,0,1
185481,6066,0,1
185481,6066,71,2
185481,6082,72,1
185481,6091,320,4
185481,6111,71,1
185481,6112,0,2
185481,6126a,57,2
185481,6134,4,2
185481,6134,0,1
185481,6141,1,2
185481,6538b,4,4
185481,6541,15,2
185481,6636,0,10
185481,75c10,0,4
185481,85544,4,1
185571,18395,0,1
185571,79194,0,2
185571,85861,0,2
185571,87747,0,1
185575,22388,182,3
185575,33492,72,2
185575,64644,297,1
185575,92690,297,1
185640,54187,14,8
185640,54190,15,8
185813,3068bpr0376,19,1
185813,36752a,308,1
185813,4332,70,1
185813,92084pr0003,15,1
185813,9781913110215a,9999,1
185813,9781913110215b,9999,1
185813,9781913110215c,9999,1
185813,9781913110215d,9999,1
185813,9781913110215e,9999,1
185820,4499,85,1
185904,11090,0,4
185904,18395,0,2
185904,3626cpr2825,0,1
185904,36452,0,1
185904,40379,0,4
185904,59900,0,4
185904,85861,0,4
185904,87747,0,2
185904,970c03,0,1
185904,973c03h03pr4604,0,1
185928,10202,15,2
185928,10247,14,1
185928,103918pat0001,15,1
185928,10928,72,1
185928,11090,15,1
185928,11203,71,2
185928,11203,15,1
185928,11203,0,2
185928,11211,272,3
185928,11211,14,2
185928,11212,15,5
185928,11212,72,5
185928,11215,0,1
185928,11455,0,2
185928,11476,15,6
185928,11476,71,3
185928,11476,14,2
185928,11477,15,13
185928,11478,15,4
185928,13547,15,2
185928,13731,15,2
185928,13731,71,2
185928,14417,72,1
185928,14704,71,1
185928,14718,15,4
185928,14719,15,2
185928,15068,15,66
185928,15068,0,2
185928,15207,15,2
185928,15462,70,2
185928,15573,15,8
185928,1748,15,1
185928,1750,0,2
185928,18575,19,2
185928,18674,14,4
185928,18838,71,2
185928,20482,4,2
185928,22885,19,4
185928,22885,14,1
185928,22961,15,4
185928,2310,15,2
185928,2357,70,2
185928,2357,15,14
185928,23948,14,1
185928,23949,72,1
185928,23950,15,2
185928,2420,4,4
185928,2420,0,6
185928,2420,15,16
185928,24246,272,3
185928,24246,15,4
185928,24299,72,1
185928,24307,72,1
185928,24309,71,4
185928,2431,272,2
185928,2431,0,1
185928,24316,70,3
185928,2445,4,1
185928,2445,71,1
185928,2465,0,2
185928,2465,15,12
185928,25269,15,10
185928,2654,15,13
185928,26599,0,6
185928,26603,15,4
185928,26603,71,2
185928,27925,15,2
185928,27938,72,1
185928,27940,0,1
185928,27940,1,2
185928,2817,0,2
185928,28192,1,2
185928,28192,15,5
185928,28802,15,6
185928,29119,15,5
185928,29120,15,5
185928,2937,15,4
185928,3001,0,3
185928,3001,15,5
185928,3002,70,4
185928,3002,71,1
185928,3002,72,1
185928,3003,0,1
185928,3004,25,4
185928,3004,272,1
185928,3004,4,2
185928,3004,15,21
185928,3004,72,10
185928,3004,70,4
185928,3005,71,4
185928,3005,15,21
185928,3007,70,1
185928,3008,70,1
185928,3008,19,2
185928,3008,272,1
185928,3008,15,13
185928,3008pr0075,272,1
185928,3009,0,8
185928,3009,15,19
185928,3009,25,2
185928,3009,72,1
185928,3009,272,1
185928,3010,15,10
185928,3010,272,1
185928,3020,1,9
185928,3020,70,4
185928,3020,71,9
185928,3020,15,7
185928,3021,15,8
185928,3021,1,5
185928,3021,14,1
185928,3021,4,5
185928,3022,71,11
185928,3022,4,9
185928,3022,15,7
185928,3023,4,7
185928,3023,15,58
185928,3023,71,3
185928,3023,1,37
185928,3023,0,25
185928,3023,272,2
185928,3024,15,28
185928,3024,272,2
185928,3024,46,2
185928,3031,71,2
185928,3031,15,2
185928,3032,15,1
185928,3032,72,1
185928,3034,15,2
185928,3034,71,1
185928,3034,4,2
185928,3035,70,1
185928,3035,15,1
185928,3036,15,2
185928,30374,70,3
185928,3040b,15,4
185928,30414,0,9
185928,30414,4,2
185928,30414,15,1
185928,30414,71,4
185928,3062b,0,10
185928,3066,1095,1
185928,3068b,15,4
185928,3068b,71,2
185928,3069b,15,24
185928,3069b,72,1
185928,3069b,4,4
185928,3070b,15,4
185928,3070b,71,10
185928,3172,71,2
185928,3172,4,4
185928,32000,14,2
185928,32002,19,1
185928,32013,15,4
185928,32014,15,2
185928,32028,0,8
185928,32028,25,6
185928,32034,25,1
185928,32062,4,3
185928,32064a,15,2
185928,32065,15,1
185928,32073,14,1
185928,32073,71,4
185928,32123b,15,6
185928,32184,0,2
185928,32270,0,1
185928,3245c,0,2
185928,3245c,15,2
185928,32530,4,2
185928,32803,0,2
185928,32803,15,8
185928,32828,71,9
185928,32905,71,1
185928,32952,15,3
185928,32952,72,4
185928,3386,15,2
185928,3386,0,18
185928,33909,0,2
185928,33909,72,11
185928,3395,0,4
185928,3395,15,6
185928,34103,15,2
185928,34103,0,8
185928,34337,71,2
185928,3460,25,8
185928,3460,15,7
185928,3460,4,2
185928,3460,14,2
185928,3484,15,10
185928,3484,4,2
185928,35480,272,2
185928,35480,15,2
185928,35480,19,8
185928,3569,15,2
185928,3622,272,3
185928,3622,1,4
185928,3622,15,20
185928,3622,70,2
185928,3623,19,8
185928,3623,4,4
185928,3623,0,8
185928,3623,15,8
185928,3648b,72,1
185928,3659,71,6
185928,3666,19,10
185928,3666,15,16
185928,3666,272,2
185928,3668,72,2
185928,36840,1,4
185928,36841,4,6
185928,36841,272,1
185928,36841,0,2
185928,3700,1,2
185928,3701,71,10
185928,3705,4,5
185928,3706,4,2
185928,3707,0,1
185928,3708,0,1
185928,3709,15,2
185928,3710,25,4
185928,3710,1,29
185928,3710,272,2
185928,3710,71,3
185928,3710,15,24
185928,3713,4,2
185928,3713,71,2
185928,3749,19,2
185928,3795,15,14
185928,3795,4,1
185928,3795,0,2
185928,3795,19,2
185928,3832,1,2
185928,3942c,15,2
185928,3958,15,1
185928,39888,19,2
185928,4070,15,2
185928,4070,1,4
185928,4162,15,2
185928,41740,71,3
185928,41740,4,1
185928,41740,72,3
185928,41769,15,1
185928,41770,15,1
185928,42023,15,2
185928,42135,71,1
185928,42195,0,7
185928,42610,71,8
185928,4274,15,6
185928,4282,71,5
185928,4286,272,1
185928,42924,1,2
185928,4304,1,8
185928,43045,0,2
185928,43093,1,3
185928,44294,71,2
185928,4460b,15,18
185928,4460b,70,4
185928,4460b,272,1
185928,44728,15,6
185928,44728,71,6
185928,44728,4,2
185928,44728,1,3
185928,4477,71,8
185928,4477,15,14
185928,44874,4,1
185928,4519,71,3
185928,4519,14,4
185928,45411,15,2
185928,45411pr0004,15,7
185928,4569,272,1
185928,47397,25,2
185928,47397,15,2
185928,47398,15,2
185928,47398,25,2
185928,4740,182,4
185928,47455,72,1
185928,48169,72,1
185928,48171,0,1
185928,4865b,4,1
185928,4865b,15,2
185928,49097,15,1
185928,49307,14,2
185928,49307,272,3
185928,49311,15,6
185928,50955pr0003,15,1
185928,50956pr0003,15,1
185928,54200,15,18
185928,55013,72,2
185928,59443,14,8
185928,59443,71,1
185928,59895,0,2
185928,59900,15,1
185928,60470b,15,1
185928,60477,15,1
185928,60477,0,2
185928,60477,272,2
185928,60478,4,2
185928,60478,15,11
185928,60479,15,6
185928,60479,4,10
185928,60481,15,12
185928,60483,15,4
185928,60483,1,4
185928,60484,0,1
185928,60897,1,6
185928,60897,72,4
185928,60897,15,2
185928,6091,0,4
185928,6111,15,12
185928,6112,19,2
185928,6112,71,2
185928,6112,15,10
185928,61332,0,22
185928,61409,15,3
185928,6141,4,1
185928,6141,72,4
185928,6141,14,22
185928,61483,71,1
185928,6179,72,1
185928,61903,71,1
185928,6231,15,2
185928,6233,15,2
185928,62462,25,1
185928,62462,4,1
185928,62462,71,1
185928,63864,15,5
185928,63864,14,4
185928,64799,71,2
185928,6536,14,2
185928,6536,71,4
185928,6541,15,2
185928,6541,1,2
185928,65426,15,3
185928,65429,15,3
185928,6587,28,2
185928,65886,15,2
185928,6589,19,2
185928,6632,1,3
185928,6632,25,1
185928,6636,15,8
185928,6636pr0039,15,2
185928,66956,15,4
185928,67329,71,2
185928,69729,15,9
185928,69729,0,2
185928,70681,71,2
185928,72132,15,1
185928,72454,15,1
185928,73109,71,2
185928,73111,0,4
185928,73230,15,6
185928,73230,72,12
185928,73825,1,6
185928,73825,0,2
185928,73825,15,2
185928,73825,71,6
185928,73825,272,1
185928,73831,71,1
185928,76766,71,1
185928,77765,71,6
185928,77808,0,15
185928,77850,15,23
185928,78256,19,2
185928,78258,15,5
185928,78329,15,2
185928,78443,15,2
185928,78444,15,2
185928,79389,15,45
185928,79389,4,8
185928,79389,0,2
185928,79756,15,9
185928,81911pr0001,1095,1
185928,83496pr0001,70,1
185928,85984,15,64
185928,86996,4,4
185928,86996,15,12
185928,87079,70,2
185928,87079,72,9
185928,87079pr0317,15,2
185928,87083,72,5
185928,87087,71,6
185928,87552,15,4
185928,87994,297,4
185928,88072,15,2
185928,88930,15,32
185928,88930pr0023,15,1
185928,88930pr0024,15,1
185928,89678,72,3
185928,89678,4,4
185928,89679,84,12
185928,90258,0,1
185928,91988,71,1
185928,92409,0,8
185928,92907,71,1
185928,93273,15,6
185928,93274,15,6
185928,93604,15,1
185928,96874,25,1
185928,98138,0,3
185928,98138,46,1
185928,98138,1,4
185928,98560,72,3
185928,99207,15,31
185928,99207,71,2
185928,99207,1,5
185928,99563,0,8
185928,99563,179,4
185928,99780,15,2
185928,99780,14,2
185928,99781,15,9
185928,99781,0,2
186114,2420,7,2
186114,2420,0,4
186114,2420,14,6
186114,2431,14,2
186114,2814,14,1
186114,3001,14,1
186114,3004,14,4
186114,3005,14,4
186114,3010,14,1
186114,3020,0,1
186114,3020,14,10
186114,3020,7,1
186114,3021,14,2
186114,3022,7,1
186114,3022,0,1
186114,3022,14,2
186114,3023,14,13
186114,3023,7,6
186114,3023,0,3
186114,3024,0,2
186114,3031,14,4
186114,3032,14,1
186114,3037,14,2
186114,3040b,14,2
186114,3040b,0,2
186114,3069b,14,2
186114,3623,14,6
186114,3647,7,6
186114,3650a,7,3
186114,3651,7,4
186114,3660,7,2
186114,3666,14,2
186114,3673,7,6
186114,3700,7,2
186114,3700,14,10
186114,3701,14,10
186114,3701,7,2
186114,3702,14,2
186114,3703,14,2
186114,3704,0,2
186114,3705,0,2
186114,3706,0,6
186114,3707,0,1
186114,3708,0,3
186114,3709,14,6
186114,3710,7,2
186114,3710,14,26
186114,3713,7,13
186114,3736,7,2
186114,3737,0,4
186114,3738,14,1
186114,3743,7,1
186114,3749,7,9
186114,3894,14,4
186114,3895,14,8
186114,3941,46,1
186114,4032a,14,1
186114,4070,14,2
186114,4143,7,4
186114,4150,14,1
186114,4261,7,2
186114,4262,7,2
186114,4263,14,4
186114,4265a,7,31
186114,4266,14,4
186114,4267,0,4
186114,4273a,7,4
186114,4274,7,2
186114,4275b,14,6
186114,4276b,14,6
186114,4442,7,3
186114,4459,0,14
186114,4477,14,2
186114,4504,14,2
186114,4519,0,1
186114,4716,0,2
186114,9244,7,1
186257,10190,4,2
186353,58247,0,1
186373,10830pat0001pr0001,0,1
186373,18852pr0001,15,1
186373,19220,0,1
186373,22667,26,1
186373,2423,2,1
186373,30089b,0,1
186373,30115,27,1
186373,3020,4,1
186373,3020,2,1
186373,3022,14,1
186373,3031,2,1
186373,33172,25,1
186373,33183,10,1
186373,3835,0,1
186373,3899,14,1
186373,4150pr0011,27,1
186373,6256,191,1
186380,30374,191,1
186380,4274,71,1
186380,59900,19,1
186380,64567,191,1
186380,89522,179,1
186380,98138,29,1
186382,21459,179,1
186382,24122,28,1
186382,2460,0,1
186382,29109,297,2
186382,3626c,484,1
186382,4032a,308,1
186382,41637,272,1
186382,60474,19,1
186382,62462,70,1
186382,93059,28,1
186399,11476,0,2
186399,11477,4,2
186399,11477,321,2
186399,15712,297,4
186399,17485,4,3
186399,18649,71,2
186399,21459,297,2
186399,26047,297,2
186399,29119,72,1
186399,29120,72,1
186399,3005,4,4
186399,3020,0,2
186399,30367c,0,1
186399,3062b,321,2
186399,35480,4,4
186399,3666,0,1
186399,4032a,321,1
186399,4070,28,2
186399,41769,321,1
186399,41769,4,1
186399,41770,4,1
186399,41770,321,1
186399,44728,0,1
186399,4733,0,1
186399,54200,0,4
186399,60474,19,1
186399,60478,0,4
186399,6091,321,2
186399,61252,72,2
186399,6141,182,3
186399,6141,297,3
186399,78666,4,2
186399,87580,4,1
186399,89678,72,2
186399,99781,4,2
186400,4349,4,1
186400,98721,0,2
186420,11253,0,4
186420,3022,0,2
186420,4006,0,1
186420,50943,179,1
186420,99780,4,2
186425,15496,15,2
186437,92738,0,1
186446,65080pat0001,15,1
186447,30374,35,1
186447,64567,80,1
186452,30374,191,1
186452,4274,71,1
186452,59900,19,1
186452,64567,191,1
186452,89522,179,1
186452,98138,29,1
186493,10183,47,1
186493,10247,0,4
186493,11089,26,4
186493,11090,0,6
186493,11090,4,8
186493,11153,19,2
186493,11153,14,2
186493,11153,27,1
186493,11203,28,1
186493,11211,14,2
186493,11211,28,6
186493,11215,0,1
186493,11291,0,1
186493,11291,19,3
186493,11458,19,2
186493,11458,378,1
186493,11477,0,1
186493,11477,84,4
186493,11477,70,2
186493,11477,28,5
186493,13547,28,2
186493,13547,92,2
186493,14704,71,1
186493,14719,322,2
186493,15068,19,12
186493,15068,288,2
186493,15068,308,3
186493,15208,297,6
186493,15469,26,1
186493,15469,5,2
186493,15573,378,6
186493,15672,14,4
186493,15706,70,2
186493,15712,297,1
186493,1748,322,6
186493,1748,0,4
186493,18674,5,2
186493,18674,10,1
186493,18677,0,4
186493,18677,19,2
186493,1927,1,2
186493,19858,27,2
186493,20482,4,1
186493,20482,0,1
186493,22385,1,2
186493,22385,322,6
186493,22385,182,6
186493,22484,72,1
186493,22885,15,4
186493,22885,0,6
186493,22885,2,4
186493,22961,0,2
186493,23443,15,2
186493,23443,27,4
186493,24201,28,2
186493,24201,27,12
186493,24201,288,4
186493,24201,484,2
186493,24246,84,6
186493,24246,27,2
186493,24246,378,2
186493,24299,1,1
186493,24307,1,1
186493,2431,321,2
186493,2431,70,2
186493,2445,28,1
186493,2450,70,12
186493,24855,2,5
186493,24866,27,18
186493,24866,5,1
186493,24866,226,6
186493,24946pr0005,191,1
186493,25269,19,9
186493,25269,70,28
186493,25269,46,4
186493,25269,0,4
186493,25269,191,2
186493,25269,288,4
186493,25269,321,8
186493,25269,10,9
186493,25269,1,8
186493,26047,70,2
186493,26047,5,4
186493,2654,182,8
186493,2654,1,4
186493,26601,19,4
186493,26601,378,12
186493,26604,71,2
186493,27261,28,13
186493,27263,19,4
186493,27263,70,2
186493,27507,182,2
186493,27507,1,2
186493,27925,0,6
186493,27925,321,2
186493,27925pr0014,0,6
186493,28802,70,2
186493,29119,84,1
186493,29119,19,12
186493,29119,378,1
186493,29119,308,4
186493,29119,288,2
186493,29120,378,1
186493,29120,84,1
186493,29120,19,12
186493,29120,308,4
186493,29120,288,2
186493,3004,2,1
186493,30132,378,4
186493,3020,0,1
186493,3020,19,2
186493,3020,28,2
186493,3020,92,2
186493,3021,19,8
186493,3022,0,3
186493,3022,19,3
186493,3023,288,2
186493,3023,27,4
186493,3023,84,4
186493,3023,28,2
186493,3023,1,3
186493,3024,191,6
186493,3024,28,10
186493,3024,27,3
186493,3024,70,2
186493,3031,70,15
186493,30374,4,1
186493,30374,19,1
186493,3039,19,2
186493,3040b,28,2
186493,3040b,19,3
186493,30414,19,4
186493,30414,14,2
186493,30503,0,2
186493,30565,92,4
186493,3068b,308,1
186493,3069b,19,2
186493,3069b,27,2
186493,3069b,182,4
186493,3069b,0,2
186493,3069b,15,1
186493,3070b,182,2
186493,3176,70,1
186493,32016,70,2
186493,32062,4,2
186493,32062,0,1
186493,32192,28,4
186493,32474,70,2
186493,32474pr1029,27,2
186493,32607,10,16
186493,32803,0,2
186493,32828,70,4
186493,32828,297,10
186493,32828,0,1
186493,32828,19,7
186493,32952,0,2
186493,32952,19,3
186493,3395,0,2
186493,3460,19,10
186493,3484,70,2
186493,3484,297,1
186493,35480,378,4
186493,35480,0,4
186493,35480,484,10
186493,35480,27,2
186493,35480,19,8
186493,35480,28,8
186493,3565,10,8
186493,3565,2,3
186493,35787,27,1
186493,35787,321,6
186493,35787,0,36
186493,35787,322,2
186493,3623,1,4
186493,3623,27,1
186493,3623,0,2
186493,3623,14,2
186493,3666,28,2
186493,3666,27,1
186493,36840,27,1
186493,3705,4,1
186493,3710,288,2
186493,3710,28,7
186493,3710,70,1
186493,3710,15,1
186493,3710,19,3
186493,37762,27,8
186493,37762,15,2
186493,3795,70,1
186493,3795,0,6
186493,3832,19,3
186493,39262,15,6
186493,3937,0,1
186493,3941,378,2
186493,39613,0,4
186493,4032a,212,2
186493,4032a,308,1
186493,4032a,10,7
186493,4032a,4,2
186493,40379,15,2
186493,40379,70,2
186493,4042,47,1
186493,4070,2,1
186493,4070,14,1
186493,41682,19,4
186493,41682,28,6
186493,41747,14,1
186493,41748,14,1
186493,41749,191,1
186493,41750,191,1
186493,41751,288,2
186493,41769,19,5
186493,41769,378,2
186493,41769,70,1
186493,41770,378,2
186493,41770,70,1
186493,41770,19,5
186493,4274,71,2
186493,4304,1,1
186493,4304,4,1
186493,43093,1,6
186493,43722,1,1
186493,43722,28,3
186493,43723,28,3
186493,43723,1,1
186493,44301b,14,1
186493,4460b,19,1
186493,44728,19,1
186493,4477,378,1
186493,44861,378,6
186493,4595,0,1
186493,4697b,297,1
186493,4733,27,1
186493,48205,0,1
186493,48208,0,1
186493,48336,70,1
186493,49668,378,2
186493,49668,0,4
186493,50304,28,1
186493,50305,28,1
186493,50950,19,2
186493,52107,28,9
186493,53451,0,3
186493,53923,0,6
186493,54200,308,4
186493,54200,19,17
186493,54200,378,1
186493,54200,28,10
186493,57360,0,6
186493,57906,27,1
186493,59900,2,1
186493,59900,15,2
186493,59900,0,8
186493,6003,0,2
186493,60470b,0,2
186493,60476,71,2
186493,60478,27,4
186493,60479,19,1
186493,60897,70,1
186493,6106,0,12
186493,61332,0,4
186493,6134,0,1
186493,6141,322,2
186493,6141,378,9
186493,63868,0,3
186493,65138,212,2
186493,65578,2,1
186493,65578,47,1
186493,65578,84,1
186493,6636,0,12
186493,67329,72,1
186493,67338,15,2
186493,67361,0,1
186493,68211,19,2
186493,68211,10,3
186493,73230,378,3
186493,75937,378,1
186493,77850,28,6
186493,77850,0,1
186493,78257,0,2
186493,78258,4,2
186493,78329,0,2
186493,79393,321,2
186493,80177,0,2
186493,80178,0,2
186493,85861,70,6
186493,85861,27,2
186493,85861,0,3
186493,85861,297,6
186493,85984,70,1
186493,86996,0,2
186493,87087,19,3
186493,87747,4,4
186493,87994,10,6
186493,87994,4,1
186493,88072,19,2
186493,89678,72,2
186493,89678,4,2
186493,91988,0,3
186493,91988,19,1
186493,92585,297,2
186493,93273,19,2
186493,93273,28,1
186493,95344,0,8
186493,96874,25,1
186493,98138pr0107,0,2
186493,98138pr0374,4,3
186493,98284,378,1
186493,98313,297,8
186493,98313,0,1
186493,99780,70,5
186493,99781,0,2
186493,99781,28,1
186504,16091,0,3
186504,19220,0,1
186504,20482,15,1
186504,3023,33,2
186504,32125,71,1
186504,35480,15,3
186504,4595,0,1
186504,61482,71,1
186614,2312c01,4,2
186614,2312c01,1,1
186614,2312c02,14,1
186614,2312c02,1,2
186614,2327c01pr0011,2,1
186614,2327c01pr0018,4,1
186614,2327c01pr0020,0,1
186614,2327c01pr0021,0,1
186614,2327c01pr0022,1,1
186614,2327c01pr0023,1,1
186614,2327c02pr0011,4,1
186614,2327c02pr0012,14,1
186614,2327c02pr0013,2,1
186614,2327c02pr0014,2,1
186614,2327c02pr0015,4,1
186614,2327c02pr0016,4,1
186614,3011,4,16
186614,3011,1,16
186614,3011,2,16
186614,3011,14,16
186614,3437,2,16
186614,3437,4,16
186614,3437,1,16
186614,3437,14,16
186614,3437pr0056,14,6
186614,4196,2,3
186614,4196,4,3
186614,4197,2,1
186614,4197,4,2
186614,4197,14,2
186614,4197,1,1
186614,4198,14,2
186614,4198,4,2
186614,4198,1,1
186614,4198,2,1
186614,4199,14,2
186614,4199,1,2
186614,4199,4,2
186614,4199,2,2
186614,4247,14,2
186614,4247,4,2
186614,4248,4,2
186614,4253,4,2
186614,4253,14,3
186614,4253,1,1
186614,4258c01,4,3
186614,4258c01,14,3
186614,71094,47,1
186614,upn0035,14,1
186751,69901pr0036,84,1
186751,93160,15,1
186752,10172,297,1
186752,11256,71,1
186752,11303,4,1
186752,2446,71,2
186752,2496,10,2
186752,30089b,0,1
186752,33085,14,1
186752,3626cpr0891,14,1
186752,3626cpr1965,14,1
186752,3836,70,1
186752,38648pat0001,0,1
186752,42445,47,1
186752,42511,85,1
186752,4349,72,1
186752,4449,70,1
186752,6124,45,1
186752,62810,0,1
186752,64000,15,2
186752,85974,0,1
186752,87990,70,1
186752,87991,484,1
186752,90370,0,1
186752,970c03,0,1
186752,970c37,26,1
186752,973c06h01,10,1
186752,973c27h01,15,1
186752,98138,0,1
186921,11477,288,3
186921,11610,10,3
186921,15469,212,6
186921,15469,10,2
186921,15535,27,4
186921,15535,15,2
186921,1566,10,10
186921,15712,14,16
186921,1686,14,8
186921,18654,27,2
186921,18674,322,6
186921,18674,10,4
186921,19119,85,5
186921,1941,85,5
186921,23948,71,2
186921,2417,10,2
186921,24855,2,20
186921,24866,212,4
186921,24866,15,68
186921,24866,1,2
186921,24866,31,26
186921,2528,85,32
186921,2528,26,16
186921,26007,308,2
186921,30374,71,2
186921,3062b,15,24
186921,31990,26,24
186921,31990,191,24
186921,32016,288,8
186921,32062,4,61
186921,32072,10,3
186921,32192,2,2
186921,32607,30,24
186921,32607,10,5
186921,32607,212,12
186921,33078,10,6
186921,3484,15,6
186921,3484,31,24
186921,3484,25,24
186921,3484,1,24
186921,35480,2,8
186921,3626c,70,7
186921,3626c,212,4
186921,3626c,31,2
186921,3705,0,2
186921,37195,226,2
186921,37762,10,7
186921,39262,1,24
186921,39262,10,7
186921,39262,15,6
186921,4032a,27,10
186921,4032a,2,8
186921,42195,288,24
186921,4519,14,13
186921,4599b,15,24
186921,4733,70,6
186921,4733,27,4
186921,49668,158,16
186921,50450,2,12
186921,53923,0,3
186921,54657,0,3
186921,58176,15,2
186921,59443,2,50
186921,59900,158,4
186921,59900,2,11
186921,60474,14,2
186921,6141,85,16
186921,6148,288,15
186921,63965,15,2
186921,64727,2,3
186921,64951,2,2
186921,65578,2,11
186921,67811,288,2
186921,68888,70,12
186921,78258,72,3
186921,85861,2,11
186921,85861,27,60
186921,85861,297,8
186921,87994,10,7
186921,96874,3,1
186921,98284,378,2
186961,11214,4,2
186961,11478,0,1
186961,11946,321,2
186961,11946,0,1
186961,11947,321,2
186961,11947,0,1
186961,14720,71,2
186961,15458,0,1
186961,15462,70,2
186961,16511,71,1
186961,18654,15,3
186961,22961,71,2
186961,2412b,321,1
186961,2412b,4,1
186961,2412b,25,1
186961,2412b,71,2
186961,2614,0,1
186961,2723,0,12
186961,2736,71,2
186961,2780,0,47
186961,29119,15,1
186961,29120,15,1
186961,32002,19,2
186961,32013,0,4
186961,32016,71,2
186961,32039,71,2
186961,32054,0,8
186961,32063,71,4
186961,32073,14,1
186961,32123b,14,4
186961,32140,0,2
186961,32184,4,1
186961,32278,0,4
186961,32316,71,4
186961,32316,321,5
186961,32523,14,1
186961,32523,71,4
186961,32524,0,5
186961,32526,0,4
186961,32556,19,2
186961,32557,71,1
186961,32580,0,2
186961,34076,0,2
186961,3705,0,2
186961,3713,71,4
186961,4081b,0,2
186961,42003,0,3
186961,42529,14,2
186961,42610,71,2
186961,4274,71,5
186961,43093,1,14
186961,44294,71,1
186961,4519,71,1
186961,46338,9999,1
186961,57519,14,2
186961,58122,71,1
186961,58123a,71,1
186961,59426,72,2
186961,60483,0,2
186961,62462,14,2
186961,62462,0,5
186961,63869,0,2
186961,64393,321,1
186961,64681,321,1
186961,65487,0,8
186961,65489,71,4
186961,6558,1,18
186961,85861,0,2
186961,87080,321,1
186961,87080,0,1
186961,87082,71,2
186961,87083,72,4
186961,87086,0,1
186961,87086,321,1
186961,88323,0,60
186961,94925,71,4
186961,98138pr0047,179,5
186961,99008,19,2
186961,99499,71,2
187003,21459,25,1
187003,63965,4,1
187003,64567,4,1
187003,87747,15,1
187181,2412b,0,1
187181,28974,15,1
187181,30304,15,1
187181,3039pr0025,15,1
187181,3069bpr0276,72,1
187181,3070b,15,1
187181,34076,0,1
187181,4006,0,1
187181,4740,71,1
187181,48336,0,1
187181,6141,36,1
187181,85861,72,1
187181,99780,72,1
187206,10190,3,4
187206,10190,0,2
187206,10190,321,14
187206,11090,379,4
187206,11153,272,15
187206,11215,71,2
187206,11291,321,2
187206,11476,71,2
187206,11477,0,1
187206,11477,321,8
187206,11477,72,2
187206,11477,272,6
187206,13548,72,2
187206,15068,272,4
187206,15068,321,26
187206,15445,72,1
187206,15535,71,1
187206,15573,297,3
187206,15573,72,2
187206,15672,272,3
187206,15712,0,2
187206,16770,0,12
187206,17114,72,1
187206,21459,179,1
187206,22385,72,1
187206,22388,41,5
187206,22961,72,2
187206,2420,0,2
187206,2420,15,4
187206,24201,72,4
187206,24299,15,1
187206,24299,322,2
187206,24307,322,2
187206,24307,15,1
187206,24309,272,2
187206,25269,321,16
187206,2540,0,10
187206,2540,297,2
187206,2639,72,4
187206,2654,41,16
187206,27393,41,3
187206,27925,3,2
187206,27925,321,6
187206,27940,72,4
187206,28192,297,4
187206,28802,0,14
187206,28870,41,12
187206,29119,322,2
187206,29120,322,2
187206,3003,19,1
187206,3003,72,2
187206,30031,72,1
187206,3004,322,1
187206,3004,321,4
187206,3004,191,1
187206,3005,15,2
187206,3005,41,2
187206,3020,0,3
187206,3020,72,7
187206,3020,322,11
187206,3021,72,2
187206,3022,15,2
187206,3022,321,6
187206,3022,71,4
187206,3022,4,2
187206,3023,72,2
187206,3023,322,40
187206,3023,14,7
187206,3024,0,2
187206,3024,15,6
187206,3035,72,1
187206,30357,0,2
187206,30377,72,2
187206,3039,191,2
187206,3040b,72,1
187206,3062b,3,2
187206,3068b,272,1
187206,3069b,321,4
187206,3069b,272,1
187206,3070b,41,14
187206,3176,322,3
187206,3176,72,3
187206,32000,71,1
187206,32034,72,8
187206,32062,4,8
187206,32069,0,1
187206,32123b,14,4
187206,32123b,71,3
187206,32140,272,2
187206,32192,72,4
187206,32828,0,12
187206,33909,0,2
187206,3460,71,2
187206,36017,0,2
187206,3623,0,2
187206,3623,15,2
187206,3639,72,4
187206,3640,272,4
187206,3659,0,1
187206,3673,71,12
187206,36840,71,6
187206,36841,15,4
187206,3700,4,1
187206,3701,72,1
187206,3706,0,2
187206,3710,321,1
187206,3737,0,4
187206,3747b,72,3
187206,3795,321,1
187206,3832,71,1
187206,3941,41,2
187206,4032a,72,3
187206,4081b,72,2
187206,41740,71,1
187206,41769,322,4
187206,41769,0,1
187206,41770,0,1
187206,41770,322,4
187206,4274,1,6
187206,43713,72,2
187206,43722,0,1
187206,43723,0,1
187206,44676,191,2
187206,44676,322,10
187206,44728,0,2
187206,44861,71,2
187206,44861,0,12
187206,4590,72,2
187206,4600,0,1
187206,47455,0,5
187206,48169,72,5
187206,48171,72,5
187206,4871,72,1
187206,49668,41,6
187206,53119,15,2
187206,53451,15,6
187206,53451,297,2
187206,54200,0,2
187206,57909b,72,4
187206,59443,72,6
187206,59900,297,2
187206,6003,28,2
187206,60470b,15,2
187206,60474,0,1
187206,60478,15,2
187206,61252,297,2
187206,6141,41,2
187206,6232,71,1
187206,63868,0,2
187206,64225,15,2
187206,64567,297,1
187206,65227pat0001,272,1
187206,6541,72,8
187206,6587,28,1
187206,6636,272,2
187206,66906,0,12
187206,66955,72,1
187206,67695,0,1
187206,67696,72,5
187206,69564pr0001,41,1
187206,69567pat0002,297,1
187206,69858,0,1
187206,72362pr0002,321,1
187206,73825,72,2
187206,76923pr0001,72,1
187206,78229,322,1
187206,78230,322,1
187206,78519,9999,1
187206,85984,272,1
187206,87083,72,1
187206,87087,0,2
187206,87994,297,4
187206,90194,0,3
187206,90540,297,3
187206,92290,297,3
187206,92947,297,1
187206,93273,321,2
187206,93273,72,2
187206,96874,25,1
187206,98139,1103,1
187206,98139,297,1
187206,98341,297,1
187206,98834,72,2
187206,99021,72,1
187206,99207,71,4
187206,99563,191,2
187206,99563,297,3
187206,99780,72,14
187206,99780,0,6
187206,99781,71,2
187206,99781,321,6
187207,2412b,72,10
187207,2431,72,2
187207,2436,71,6
187207,2555,71,1
187207,2714a,71,1
187207,2780,0,2
187207,2817,71,1
187207,298c05,71,1
187207,30031,72,1
187207,3020,71,1
187207,3022,19,4
187207,3023,72,2
187207,30365,71,2
187207,30387,71,4
187207,3039,71,1
187207,3062b,71,2
187207,3176,71,2
187207,32001,71,3
187207,32013,320,1
187207,32013,72,1
187207,32014,72,1
187207,32064a,72,4
187207,32073,71,1
187207,3700,19,1
187207,3710,71,2
187207,3794a,19,5
187207,3794a,2,2
187207,3900,71,2
187207,3957a,71,1
187207,4032a,72,2
187207,4085c,71,1
187207,41769,71,1
187207,41770,71,1
187207,4349,0,1
187207,43722,2,1
187207,43723,2,1
187207,44567a,72,2
187207,44728,72,4
187207,4519,71,2
187207,4589,0,2
187207,4740,71,6
187207,47456,71,1
187207,47457,0,1
187207,47757pr0002,71,1
187207,47758,71,2
187207,47905,72,1
187207,48336,19,1
187207,48336,320,2
187207,6019,72,2
187207,6141,71,2
187207,6141,41,1
187436,25750pr0001,0,1
187436,3024,71,1
187436,3626cpr2258,14,1
187436,54200,71,1
187436,63965,70,1
187436,87087,71,1
187436,970c27pr1333,15,1
187436,973c27h01pr3935,15,1
187481,10830pat0001,0,2
187481,11211,19,8
187481,11212,71,1
187481,11213,71,3
187481,11214,72,2
187481,11253,0,1
187481,11476,15,2
187481,11477,19,50
187481,11477,72,2
187481,11477,71,3
187481,11833,47,1
187481,13731,72,8
187481,13965,19,26
187481,14395,70,6
187481,14395,71,4
187481,14716,19,24
187481,14716,71,7
187481,14718,72,1
187481,14719,19,3
187481,14769,15,1
187481,15068,72,14
187481,15068,19,67
187481,15068,71,4
187481,15070,297,2
187481,15070,19,1
187481,15082,28,2
187481,15207,19,16
187481,15207,72,3
187481,15254,70,1
187481,15254,19,3
187481,15397,70,1
187481,15533,19,9
187481,15571,72,2
187481,15573,5,1
187481,15573,73,1
187481,15573,72,7
187481,15573,70,4
187481,15573,15,10
187481,15573,19,121
187481,15672,19,2
187481,15672,72,16
187481,15672,0,1
187481,15672,28,6
187481,15706,72,2
187481,15712,71,1
187481,15712,72,2
187481,15712,297,3
187481,15712,70,8
187481,16478,0,5
187481,16577,71,1
187481,16577,19,2
187481,17485,19,15
187481,18031,179,1
187481,18646,29,1
187481,18646,19,4
187481,18646,72,1
187481,18646,71,3
187481,18646,28,7
187481,18674,71,2
187481,18674,15,1
187481,18677,71,24
187481,18838,70,1
187481,18838,71,4
187481,18980,71,1
187481,19119,484,4
187481,20482,297,12
187481,20482,70,13
187481,20482,47,2
187481,22885,19,5
187481,22885,71,6
187481,22886,15,1
187481,22888,72,8
187481,22888,5,1
187481,22888,326,2
187481,22888,19,3
187481,2343,297,3
187481,2343,71,1
187481,2357,19,53
187481,2357,72,37
187481,23949,72,8
187481,23996,28,6
187481,2412b,72,87
187481,2419,0,4
187481,2420,19,20
187481,2420,85,8
187481,2420,28,84
187481,24246,179,27
187481,24309,19,43
187481,2431,70,2
187481,2431,19,1
187481,2431,28,1
187481,2431,72,2
187481,2445,71,17
187481,2445,72,6
187481,24482,72,1
187481,2453b,19,2
187481,2454b,19,7
187481,2454b,72,3
187481,2456,72,4
187481,2456,19,2
187481,2456,71,4
187481,2458,72,20
187481,2462,72,1
187481,2465,15,3
187481,24855,2,51
187481,24866,5,3
187481,24866,10,3
187481,25269,72,8
187481,25269,0,2
187481,25269,272,4
187481,25893,47,23
187481,26047,297,5
187481,26047,0,4
187481,26601,71,1
187481,26603,71,1
187481,26604,378,10
187481,26604,19,2
187481,2723,0,1
187481,2730,0,2
187481,27507,72,2
187481,2780,0,61
187481,27925,19,11
187481,27925,272,2
187481,28588,72,4
187481,2877,70,1
187481,28974,70,18
187481,29111,84,1
187481,29119,72,4
187481,29120,72,4
187481,2921,19,10
187481,30000,72,8
187481,3001,4,13
187481,3001,28,25
187481,3001,71,2
187481,3002,70,1
187481,3002,71,2
187481,3002,19,11
187481,3002,72,28
187481,3003,14,12
187481,3003,19,4
187481,3003,28,6
187481,3004,28,8
187481,3004,72,9
187481,3004,19,40
187481,3004,322,16
187481,3004,71,4
187481,30044,70,5
187481,3005,272,3
187481,3005,379,2
187481,3005,47,2
187481,3005,320,23
187481,3005,19,111
187481,3005,28,26
187481,3005,71,4
187481,3005,72,3
187481,3006,70,1
187481,3007,72,5
187481,3007,0,1
187481,3007,19,7
187481,3008,72,2
187481,3008,70,3
187481,3008,71,2
187481,3008,19,15
187481,3009,19,9
187481,3009,72,5
187481,3009,70,8
187481,3010,28,2
187481,3010,326,5
187481,3010,72,2
187481,3010,0,3
187481,3010,19,18
187481,3010,3,3
187481,30136,70,5
187481,3020,71,1
187481,3020,72,8
187481,3020,15,22
187481,3020,326,14
187481,3021,19,6
187481,3021,28,31
187481,3021,70,12
187481,3021,72,1
187481,3022,71,1
187481,3022,72,8
187481,3022,19,37
187481,3022,27,35
187481,3022,28,17
187481,3022,70,2
187481,3023,71,28
187481,3023,45,8
187481,3023,70,14
187481,3023,326,12
187481,3023,25,39
187481,3023,46,10
187481,3023,288,2
187481,3023,47,12
187481,3023,28,76
187481,3023,36,10
187481,3023,41,4
187481,3023,19,72
187481,3024,41,8
187481,3024,70,15
187481,3024,4,1
187481,3024,34,8
187481,3024,272,20
187481,3024,19,50
187481,3024,72,25
187481,3024,71,3
187481,3024,15,82
187481,3024,36,13
187481,3024,47,3
187481,3024,28,68
187481,3024,297,1
187481,3024,40,45
187481,3024,33,3
187481,3024,46,7
187481,3028,71,4
187481,3030,0,1
187481,3030,19,9
187481,3031,29,2
187481,3032,19,1
187481,3032,72,2
187481,3032,28,1
187481,3032,71,1
187481,3033,71,1
187481,3034,70,1
187481,3034,28,30
187481,3034,19,5
187481,3035,72,1
187481,3035,71,1
187481,3035,28,4
187481,30350b,0,4
187481,30357,71,2
187481,30361c,19,3
187481,3037,72,8
187481,30375,308,1
187481,3038,72,4
187481,3039,72,5
187481,3040b,72,13
187481,3040b,28,9
187481,3040b,19,11
187481,3040b,326,43
187481,3040b,308,2
187481,3040b,71,80
187481,3043,72,6
187481,3045,72,12
187481,3046a,72,2
187481,3049d,72,2
187481,3049d,0,1
187481,30503,19,2
187481,30503,72,1
187481,30504,71,2
187481,30562,19,6
187481,30565,28,12
187481,30565,19,2
187481,3062b,47,7
187481,3062b,19,9
187481,3062b,26,9
187481,3062b,70,2
187481,3068b,70,2
187481,3068b,19,26
187481,3068b,29,2
187481,3068b,71,2
187481,3068b,320,1
187481,3068b,14,1
187481,3068b,72,2
187481,3068b,288,1
187481,3068b,272,4
187481,3068b,28,3
187481,3069b,19,24
187481,3069b,28,12
187481,3069b,320,1
187481,3069b,47,3
187481,3069b,4,2
187481,3069b,72,15
187481,3069b,70,5
187481,3069b,297,1
187481,3070b,15,2
187481,3070b,47,4
187481,3070b,19,36
187481,3070b,71,9
187481,3070b,70,9
187481,3070b,72,10
187481,3070b,0,1
187481,3070b,28,60
187481,3070b,379,1
187481,3176,70,5
187481,3176,19,2
187481,32000,19,1
187481,32018,0,2
187481,32028,19,8
187481,32028,72,12
187481,32028,70,10
187481,32054,0,4
187481,32124,70,17
187481,32316,0,1
187481,3245c,0,2
187481,3245c,19,35
187481,3245c,72,19
187481,3245c,320,2
187481,32524,72,4
187481,32531,71,3
187481,32532,0,11
187481,32555,0,3
187481,32952,19,25
187481,3298,19,1
187481,33909,70,7
187481,34103,0,2
187481,34103,19,19
187481,3456,71,9
187481,3460,28,13
187481,3460,19,19
187481,3460,71,3
187481,3460,72,6
187481,35464,19,4
187481,3622,70,2
187481,3622,72,1
187481,3622,71,21
187481,3622,326,1
187481,3622,19,12
187481,3623,28,5
187481,3623,70,5
187481,3623,19,21
187481,3623,71,19
187481,3623,72,14
187481,3659,19,18
187481,3660,19,4
187481,3665,19,18
187481,3666,19,29
187481,3666,70,8
187481,3666,72,12
187481,3666,71,4
187481,3666,28,9
187481,36752a,308,1
187481,36752a,70,1
187481,36752a,0,1
187481,36752a,28,1
187481,3676,19,2
187481,3678b,71,1
187481,3678b,72,36
187481,36841,71,2
187481,3688,72,3
187481,3700,19,7
187481,3701,71,3
187481,3702,14,2
187481,3703,72,9
187481,3705,0,1
187481,3710,28,38
187481,3710,73,35
187481,3710,71,5
187481,3710,72,4
187481,3710,19,18
187481,3710,70,14
187481,3743,71,4
187481,3747b,72,4
187481,3749,19,1
187481,37775,182,4
187481,3795,71,3
187481,3795,19,6
187481,3795,28,10
187481,3795,70,10
187481,3795,72,8
187481,3803,70,1
187481,38317,72,8
187481,3832,15,6
187481,3832,71,1
187481,3832,19,5
187481,3832,72,2
187481,3839b,0,6
187481,38583,19,29
187481,38585,19,16
187481,38801,378,1
187481,3894,72,3
187481,3895,71,4
187481,3937,19,5
187481,3941,70,3
187481,3941,31,5
187481,3941,19,5
187481,3942c,72,11
187481,3957b,47,9
187481,3957b,70,1
187481,3960,72,1
187481,4032a,19,9
187481,4032a,2,6
187481,4032a,70,2
187481,4070,47,46
187481,4070,19,39
187481,4070,72,4
187481,4070,70,3
187481,4070,71,34
187481,4081b,72,2
187481,41218,9999,1
187481,41257,9999,1
187481,41266,9999,1
187481,41267,9999,1
187481,41539,71,2
187481,4162,70,3
187481,4162,19,21
187481,4274,1,24
187481,4282,72,15
187481,4282,19,1
187481,4286,19,4
187481,4287c,70,2
187481,4287c,72,1
187481,43093,1,1
187481,43719,272,5
187481,43722,71,1
187481,43722,28,5
187481,43723,72,3
187481,43898,26,1
187481,43898,72,1
187481,44302b,71,2
187481,44728,19,27
187481,44728,0,1
187481,4477,71,1
187481,4477,19,12
187481,4477,72,7
187481,4490,19,8
187481,4510,72,1
187481,4510,15,4
187481,4510,19,3
187481,45301,72,4
187481,4599b,71,1
187481,4733,72,4
187481,4733,70,8
187481,47397,72,3
187481,47398,72,5
187481,4740,72,2
187481,4742,72,1
187481,47457,85,3
187481,47543,72,8
187481,47905,19,2
187481,47905,15,4
187481,48092,19,22
187481,48336,0,4
187481,4865b,19,4
187481,49668,179,39
187481,50304,72,6
187481,50305,28,10
187481,50950,19,31
187481,50950,28,6
187481,51739,28,1
187481,53451,28,7
187481,53540,71,4
187481,53540,72,1
187481,54200,70,9
187481,54200,72,31
187481,54200,15,5
187481,54200,326,58
187481,54200,19,27
187481,54200,288,26
187481,54200,71,126
187481,54200,0,1
187481,55236,2,3
187481,59349,72,4
187481,59349,19,1
187481,59900,72,12
187481,59900,0,4
187481,59900,19,16
187481,59900,297,1
187481,59900,378,7
187481,59900,15,1
187481,6003,28,4
187481,60474,308,3
187481,60474,72,3
187481,60474,71,1
187481,60474,28,10
187481,60475b,19,15
187481,60477,71,1
187481,60478,70,3
187481,60478,71,1
187481,60479,70,7
187481,60481,71,54
187481,60481,72,25
187481,60581,19,3
187481,60601pr0005,47,29
187481,60808,19,1
187481,6082,28,10
187481,60897,19,1
187481,60897,72,18
187481,60897,71,2
187481,6106,28,3
187481,6111,19,2
187481,6111,0,2
187481,6112,70,2
187481,6112,72,1
187481,6112,0,3
187481,61252,0,21
187481,61252,71,8
187481,61252,297,1
187481,6134,71,5
187481,6141,52,5
187481,6141,46,40
187481,6141,36,13
187481,6141,47,19
187481,6141,19,16
187481,6141,297,8
187481,6141,70,50
187481,6141,15,6
187481,6141,72,5
187481,6141,25,9
187481,6141,71,44
187481,6141,41,8
187481,6141,33,10
187481,6141,34,16
187481,6141,0,1
187481,61485,0,2
187481,6179,71,2
187481,6182,71,1
187481,6182,19,3
187481,6232,72,44
187481,6233,72,2
187481,6259,19,6
187481,63864,19,4
187481,63864,72,6
187481,63868,28,2
187481,63868,72,8
187481,63965,0,2
187481,64644,19,4
187481,64644,0,13
187481,64644,308,4
187481,64647,182,6
187481,64799,71,2
187481,6541,19,12
187481,6541,72,28
187481,6558,1,2
187481,6636,71,3
187481,6636,19,1
187481,6636,70,14
187481,73983,19,9
187481,75937,84,2
187481,85080,19,57
187481,85861,0,25
187481,85861,41,5
187481,85861,182,4
187481,85975,70,2
187481,85984,72,3
187481,85984,19,72
187481,87079,71,1
187481,87079,70,5
187481,87079,72,1
187481,87079,28,12
187481,87079,272,2
187481,87079,19,1
187481,87087,71,20
187481,87087,19,22
187481,87087,72,4
187481,87580,71,1
187481,87580,320,5
187481,87580,72,15
187481,87580,28,2
187481,87580,70,24
187481,87620,72,2
187481,87994,70,17
187481,87994,0,5
187481,88072,0,1
187481,90195,19,55
187481,90398,297,1
187481,90398,15,1
187481,90398,0,1
187481,90398pr0001,5,1
187481,90398pr0002,320,1
187481,90398pr0024,0,1
187481,90398pr0025,0,1
187481,90398pr0026,0,1
187481,90398pr0027,0,1
187481,90398pr0029,0,1
187481,90398pr0030,288,1
187481,90398pr0031,28,1
187481,90398pr0033,72,1
187481,90398pr0034,0,1
187481,90398pr0035,288,1
187481,90398pr0036,0,1
187481,90398pr0037,0,1
187481,90398pr0038,0,1
187481,90398pr0039,0,1
187481,90398pr0040,0,1
187481,90398pr0041,0,1
187481,90398pr0042,0,1
187481,90398pr0043,0,1
187481,90398pr0044,0,1
187481,90398pr0045,0,1
187481,90398pr0046,0,1
187481,90398pr0047,0,1
187481,90540,378,13
187481,92582,71,2
187481,92593,28,4
187481,92593,19,8
187481,92593,72,4
187481,92947,15,1
187481,92947,308,1
187481,92950,70,2
187481,92950,19,4
187481,93274,72,3
187481,93549pat0002,47,1
187481,93552,70,1
187481,96874,25,1
187481,98138,320,5
187481,98138,71,6
187481,98138,84,4
187481,98283,19,7
187481,98313,70,7
187481,98374,1103,1
187481,99206,70,13
187481,99207,0,12
187481,99207,19,44
187481,99780,71,13
187481,99780,4,2
187481,99781,71,3
187658,3811,71,2
187658,60189pr0001,4,12
187658,60190pr0001,14,8
187658,60191pr0001,321,12
187658,60192pr0001,27,12
187658,60207pr0001,14,12
187658,60220pr0001,4,8
187658,60221pr0001,321,12
187658,60222pr0001,27,12
187658,60223pr0001,321,12
187658,60224pr0001,27,8
187658,60225pr0001,15,8
187658,60226pr0001,14,8
187658,60227pr0001,321,8
187658,60228pr0001,27,12
187658,60229pr0001,4,12
187658,60230pr0001,321,8
187658,60231pr0001,4,4
187658,60232pr0001,14,12
187658,60233pr0001,4,8
187658,60234pr0001,15,12
187658,60235pr0001,15,4
187658,60237pr0001,15,4
187658,60238pr0001,27,8
187658,60239pr0001,4,4
187658,60240pr0001,321,4
187658,60243pr0001,4,4
187658,60244pr0001,27,4
187658,60290,27,4
187658,60294pr0001,15,8
187658,60295pr0001,15,8
187658,60297pr0001,15,4
187658,65549pr0001,14,4
187658,65550pr0001,15,4
187658,65551pr0001,15,4
187658,65552pr0001,15,4
187658,65555pr0001,15,4
187658,65557pr0001,14,4
187658,65559,14,4
187658,96874,25,1
187659,3811,71,2
187659,60189pr0002,4,10
187659,60190pr0002,14,6
187659,60191pr0002,321,6
187659,60192pr0002,27,6
187659,60207pr0002,14,10
187659,60220pr0002,4,4
187659,60221pr0002,321,4
187659,60222pr0002,27,4
187659,60223pr0002,321,10
187659,60224pr0002,27,4
187659,60225pr0001,15,4
187659,60226pr0001,14,8
187659,60227pr0001,321,6
187659,60228pr0001,27,8
187659,60229pr0001,4,8
187659,60230pr0001,321,6
187659,60231pr0001,4,4
187659,60232pr0001,14,8
187659,60233pr0001,4,8
187659,60234pr0001,15,8
187659,60235pr0001,15,4
187659,60238pr0001,27,8
187659,60239pr0001,4,4
187659,60240pr0001,321,4
187659,60243pr0001,4,4
187659,60244pr0001,27,4
187659,60289pr0001,4,4
187659,60290pr0001,27,4
187659,60291pr0001,321,4
187659,60292pr0001,321,4
187659,60293pr0001,14,4
187659,60294pr0001,15,6
187659,60295pr0002,15,6
187659,60297pr0001,15,4
187659,60305pr0001,321,6
187659,60311pr0001,4,6
187659,60312pr0001,27,6
187659,60329pr0001,321,6
187659,60330pr0001,27,6
187659,60331pr0001,14,6
187659,60332pr0001,4,6
187659,65547pr0001,14,6
187659,65548pr0001,27,6
187659,65549pr0001,14,4
187659,65550pr0001,15,4
187659,65551pr0001,15,4
187659,65552pr0001,15,4
187659,65556pr0001,14,4
187659,65557pr0002,14,6
187659,65558pr0001,15,4
187659,65563pr0001,15,4
187659,96874,25,1
187757,2412b,72,4
187757,2432,72,2
187757,298c02,71,2
187757,3001,4,4
187757,3001,70,4
187757,3001,15,4
187757,3001,1,4
187757,3001,71,4
187757,3001,14,4
187757,3001,2,4
187757,3001,19,4
187757,3003,1,2
187757,3003,2,2
187757,3003,19,2
187757,3003,70,2
187757,3003,14,2
187757,3003,15,2
187757,3003,4,2
187757,3003,71,2
187757,3004,14,4
187757,3004,19,2
187757,3004,70,4
187757,3004,71,4
187757,3004,4,4
187757,3004,15,4
187757,3004,2,4
187757,3004,1,4
187757,3010,19,2
187757,3010,70,4
187757,3010,2,4
187757,3010,15,4
187757,3010,4,4
187757,3010,71,4
187757,3010,14,4
187757,3010,1,4
187757,30165,14,2
187757,3020,71,2
187757,3020,14,2
187757,3020,4,2
187757,3020,1,2
187757,3020,15,1
187757,3020,2,2
187757,3020,70,2
187757,3022,4,2
187757,3022,70,2
187757,3022,1,2
187757,3022,15,2
187757,3022,71,2
187757,3022,2,2
187757,3022,14,2
187757,3031,70,1
187757,3036,2,1
187757,30367b,15,2
187757,3039,47,2
187757,3039,15,2
187757,3039,2,2
187757,3039,14,2
187757,3039,4,4
187757,3040b,4,2
187757,3040b,2,2
187757,30414,72,1
187757,3043,4,2
187757,3048c,4,2
187757,30503,15,2
187757,3062b,70,8
187757,3062b,72,6
187757,3062b,2,4
187757,3062b,15,6
187757,3062b,46,2
187757,3062b,47,2
187757,3063b,71,4
187757,3065,47,2
187757,3068b,15,1
187757,3068b,72,1
187757,3068b,0,1
187757,3068bpr0155,1,1
187757,3068bpr0156,2,1
187757,3068bpr0158,4,1
187757,3068bpr0159,14,1
187757,3068bpr0160,0,1
187757,3068bpr0168,25,1
187757,3298,4,1
187757,3660,14,2
187757,3660,4,2
187757,3665,2,2
187757,3679,71,2
187757,3680,0,2
187757,3710,1,2
187757,3710,2,2
187757,3710,4,2
187757,3710,15,2
187757,3710,70,2
187757,3710,71,2
187757,3710,14,2
187757,3794b,72,2
187757,3795,70,1
187757,3795,15,1
187757,3795,1,1
187757,3795,2,1
187757,3795,71,1
187757,3795,14,1
187757,3795,4,1
187757,3829c01,71,1
187757,3839b,72,2
187757,3937,72,2
187757,3938,0,2
187757,3941,47,1
187757,3941,4,2
187757,3941,2,2
187757,3941,15,2
187757,3941,46,1
187757,3941,70,2
187757,3957b,0,2
187757,3960,15,1
187757,4006,0,1
187757,4032a,70,2
187757,4032a,2,2
187757,44728,72,2
187757,4488,71,4
187757,4623,72,2
187757,4624,15,6
187757,4740,72,2
187757,47905,72,2
187757,6014b,15,4
187757,6015,0,4
187757,6019,72,2
187757,6126b,57,1
187757,6141,15,4
187757,6141,36,4
187757,6141,0,4
187757,6141,33,4
187757,6141,4,4
187757,6157,71,4
187757,64776pat0001,0,1
187757,73590c03a,0,1
187757,85863pr0018,4,1
187757,87414,0,6
187757,cardupn0072pr0001,9999,1
187830,14769pr1002,15,2
187830,3023,0,2
187830,44728,0,2
187830,48729b,0,4
187830,49668,0,4
187830,54200,0,4
187830,87087,0,4
187832,3034,71,1
187832,3900,15,1
187832,4449,0,1
187832,6141,34,1
187834,3001,25,1
187834,30194,72,1
187834,3020,2,1
187834,3062b,14,1
187834,3795,71,1
187834,3835,0,1
187834,4032a,71,1
187834,4599b,14,1
187834,85959pat0003,36,1
187900,19729pr0005,25,1
187900,24866,31,1
187900,3005,70,1
187900,3022,14,1
187900,3024,182,1
187900,3024,70,2
187900,3024,46,1
187900,3032,2,1
187900,30374,0,1
187900,3070b,70,2
187900,32064a,14,2
187900,4727,10,1
187900,6141,70,1
187900,64644,308,1
187900,65510,70,1
187900,87087,70,2
187900,87580,71,1
187900,87580,2,2
187900,87580,14,1
187964,19149pat0002,297,1
187966,3460,15,3
187966,3710,15,3
188026,11211,4,2
188026,15068,4,2
188026,2412b,179,2
188026,24201,0,2
188026,2877,4,2
188026,30028,0,4
188026,3020,71,1
188026,3021,4,1
188026,3022,71,2
188026,3023,71,1
188026,3031,14,1
188026,30602,4,2
188026,30602,0,2
188026,32803,0,1
188026,32828,71,2
188026,3665,4,2
188026,3710,4,1
188026,3710,0,2
188026,3795,0,3
188026,39767,0,1
188026,44674,4,1
188026,47458,4,2
188026,50943,179,1
188026,60212,4,1
188026,66897,0,2
188026,74967,71,4
188026,85984,4,2
188026,85984pr0043,4,1
188026,87087,4,4
188026,93273,4,2
188026,98138,46,2
188026,98138,36,2
188026,99781,4,1
188035,3010,0,1
188035,3020,4,1
188035,3022,14,1
188148,11476,4,3
188148,18674,0,1
188148,22388,71,2
188148,26601,4,2
188148,26604,71,1
188148,3023,14,1
188148,3040b,4,1
188148,32828,71,1
188148,34103,14,2
188148,3665,4,1
188148,4032a,14,1
188148,4032a,4,1
188148,44861,4,2
188148,48336,4,1
188148,4865b,4,2
188148,60478,71,3
188148,61409,4,1
188148,85861,71,1
188148,85984,4,2
188148,87087,71,1
188148,98138pr0370,71,2
188148,99207,71,2
188150,18674,10,2
188150,26047,2,4
188150,32474pr1033,226,2
188150,4032a,27,1
188150,4733,27,1
188150,4865b,2,2
188150,54200,25,1
188150,54200,2,1
188150,59900,71,1
188150,61409,27,1
188150,65578,2,3
188150,85861,71,2
188150,93609,72,4
188150,99207,71,2
188152,11090,14,2
188152,11211,0,1
188152,15068,0,1
188152,15712,0,2
188152,25269,15,2
188152,26047,0,2
188152,2654,1,1
188152,29119,15,1
188152,29120,15,1
188152,30151b,47,1
188152,3062b,71,2
188152,3062b,47,1
188152,3070b,15,2
188152,35394,47,1
188152,35480,0,1
188152,3918pr0001,15,1
188152,3957b,47,1
188152,4032a,1,1
188152,4032a,0,3
188152,4081b,71,2
188152,48336,1,1
188152,58176,182,2
188152,59900,71,2
188152,60470b,0,1
188152,60478,1,4
188152,63868,15,2
188152,85984pr0042,1,1
188152,98138,71,2
188154,11253,179,1
188154,15712,0,1
188154,3024,0,1
188154,30375,14,1
188154,3070b,14,1
188154,61252,0,1
188154,93061,0,2
188157,11090,72,4
188157,11477,4,8
188157,14704,71,2
188157,15208,179,1
188157,18649,71,2
188157,22890,72,2
188157,2310,71,2
188157,23969,71,2
188157,3021,14,1
188157,32803,4,2
188157,35480,4,1
188157,4032a,71,1
188157,4871,4,1
188157,54200,4,4
188157,61252,4,4
188157,65578,71,2
188157,77808,72,2
188157,98138pr0370,4,2
188157,99780,0,1
188157,99781,71,1
188227,10105174,9999,1
188227,11211,28,1
188227,13548,72,3
188227,15068,72,4
188227,15207,72,1
188227,15254,84,1
188227,15712,0,2
188227,18653,84,2
188227,18980,0,2
188227,22385,72,2
188227,22885,28,1
188227,2357,72,4
188227,2412b,71,1
188227,2432,0,1
188227,2456,72,1
188227,24869,72,2
188227,25059,1103,1
188227,2508,0,1
188227,25269,71,2
188227,26021,70,1
188227,2654,0,1
188227,2654,47,1
188227,27925,0,4
188227,27925,71,2
188227,28192,0,4
188227,3001,4,1
188227,3005,28,4
188227,3009,72,9
188227,30136,28,7
188227,3020,84,2
188227,3021,28,3
188227,3023,0,1
188227,3023,322,2
188227,3024,28,5
188227,3034,72,4
188227,30357,71,2
188227,30357,28,2
188227,3039,72,4
188227,30414,72,3
188227,3062b,46,1
188227,3068b,0,1
188227,3068b,71,3
188227,32952,84,6
188227,3460,326,1
188227,35480,28,9
188227,3622,71,1
188227,3623,326,4
188227,3623,71,2
188227,3660,72,7
188227,3665,28,2
188227,3666,72,3
188227,3666,28,4
188227,36840,72,4
188227,3700,72,4
188227,38799,0,4
188227,4151b,72,1
188227,4175,72,1
188227,4304,72,1
188227,43093,1,1
188227,44861,71,2
188227,47457,0,1
188227,48092,71,2
188227,48336,0,2
188227,4865b,0,3
188227,54200,71,2
188227,54200,326,4
188227,59349,84,3
188227,59900,72,3
188227,60479,72,4
188227,61332,0,1
188227,64867,72,2
188227,66857,0,1
188227,72210a,0,4
188227,79389,72,4
188227,85861,0,5
188227,85984,72,2
188227,87079,71,3
188227,87087,71,2
188227,89522,72,1
188227,98100,0,1
188227,98138pr0353,297,1
188227,98283,84,2
188227,98283,71,1
188240,92738,0,1
188243,3023,4,3
188243,3024,4,1
188243,3460,4,4
188243,3623,4,2
188243,3710,4,3
188319,21459,179,2
188335,11090,379,4
188335,11211,4,2
188335,11477,4,2
188335,20482,321,4
188335,22385,4,2
188335,24201,191,2
188335,24246,321,2
188335,2431,4,1
188335,2441,0,1
188335,26047,191,2
188335,27263,4,2
188335,3005,4,2
188335,3021,72,5
188335,3022,321,1
188335,3023,41,3
188335,3024,4,2
188335,3795,4,1
188335,48336,71,2
188335,53451,15,2
188335,54200,4,2
188335,54200,272,2
188335,54200,41,4
188335,60212,4,2
188335,60897,1,6
188335,61252,191,2
188335,6141,36,2
188335,63868,321,2
188335,66956,321,1
188335,99563,71,1
188364,2412b,1,13
188364,2412b,72,3
188364,2431,0,2
188364,2432,72,1
188364,2439,71,1
188364,2445,4,2
188364,2449,1,4
188364,2454a,19,12
188364,2465,19,6
188364,2489,70,1
188364,2495,4,1
188364,2496,0,3
188364,2508,0,1
188364,2540,1,2
188364,2555,72,4
188364,2585,71,1
188364,2635a,19,2
188364,2653,71,4
188364,2655,71,2
188364,2730,0,2
188364,2780,0,1
188364,2817,71,1
188364,2877,72,5
188364,298c02,71,3
188364,3002,14,10
188364,3003,19,4
188364,3003,0,9
188364,3004,4,2
188364,3004,19,12
188364,3004,1,1
188364,3004,0,4
188364,3004,15,2
188364,3004,14,1
188364,30042,0,2
188364,3005,19,2
188364,3007,19,1
188364,3007,0,1
188364,3008,19,4
188364,3008,0,4
188364,3008,72,4
188364,3009,4,2
188364,3010,19,8
188364,3010,0,2
188364,3010,1,4
188364,3020,1,4
188364,3020,72,2
188364,3020,4,3
188364,3021,19,5
188364,3022,14,3
188364,3022,72,6
188364,3023,47,1
188364,3023,71,5
188364,3023,19,10
188364,3023,70,4
188364,3023,46,2
188364,3023,15,2
188364,3023,1,4
188364,30236,0,1
188364,3024,46,3
188364,3024,19,3
188364,3024,36,2
188364,30249,19,4
188364,3027,4,1
188364,3027,70,2
188364,3029,14,2
188364,3032,0,1
188364,30350b,72,4
188364,30350b,70,4
188364,30374,0,4
188364,30386,71,1
188364,3039,19,6
188364,3039,4,2
188364,30391,0,2
188364,30395,72,1
188364,3040b,4,4
188364,3045,4,4
188364,30553,0,1
188364,30562,320,8
188364,30586,4,8
188364,30602,14,1
188364,3062b,1,2
188364,3062b,14,2
188364,3068b,70,1
188364,3068b,4,1
188364,3068b,0,4
188364,3069b,14,1
188364,3069b,46,1
188364,3069b,4,1
188364,3069b,1,2
188364,3070b,1,2
188364,3176,0,2
188364,32028,0,1
188364,32028,14,6
188364,32039,1,2
188364,32270,0,2
188364,3245b,19,4
188364,3298,72,6
188364,3456,71,1
188364,3460,70,6
188364,3460,19,2
188364,3460,72,1
188364,3666,72,4
188364,3666,19,2
188364,3666,4,2
188364,3666,1,8
188364,3700,4,2
188364,3706,0,1
188364,3708,0,1
188364,3710,72,6
188364,3713,71,4
188364,3747b,0,1
188364,3794b,4,1
188364,3795,1,2
188364,3795,4,2
188364,3795,70,3
188364,3795,72,6
188364,3829c01,14,2
188364,3832,0,1
188364,3836,70,1
188364,3837,72,1
188364,3839b,72,1
188364,3857,2,2
188364,3961,14,1
188364,40234,71,1
188364,4070,70,2
188364,4070,19,2
188364,4070,14,8
188364,4079,70,1
188364,4079,14,1
188364,4081b,0,3
188364,4085c,1,2
188364,4085c,0,4
188364,4162,1,2
188364,41854,72,1
188364,42022,1,2
188364,4207,70,1
188364,42610,71,2
188364,43093,1,3
188364,43719,0,1
188364,44301a,71,1
188364,44567a,14,1
188364,44567a,0,1
188364,44728,72,3
188364,4488,71,4
188364,4510,71,2
188364,4523,1,1
188364,4599b,14,1
188364,4599b,1,1
188364,4624,71,2
188364,4740,71,1
188364,4740,14,2
188364,47508,0,1
188364,47720,0,1
188364,48336,14,1
188364,48336,0,8
188364,4872,4,2
188364,48729a,72,1
188364,48812,70,1
188364,50950,14,2
188364,51739,14,1
188364,52031,1,1
188364,53989,0,1
188364,54200,36,2
188364,54200,25,2
188364,55295,0,1
188364,55296,0,1
188364,55297,0,1
188364,55298,0,1
188364,55299,0,1
188364,55300,0,1
188364,55981,15,2
188364,56823c100,0,1
188364,56898,0,4
188364,56904,15,4
188364,6014b,71,2
188364,6014b,15,4
188364,6015,0,6
188364,6019,72,6
188364,60470a,71,2
188364,60470a,4,5
188364,60471,4,1
188364,60478,14,10
188364,60479,0,2
188364,60594,14,1
188364,6079,70,4
188364,6087,71,1
188364,61409,72,1
188364,6141,14,10
188364,6141,72,3
188364,6141,46,4
188364,6141,70,12
188364,6141,19,10
188364,6157,0,2
188364,61780,70,1
188364,6187,0,2
188364,62113,72,1
188364,6231,0,4
188364,62361,1,2
188364,62462,0,1
188364,6251,15,1
188364,63082,71,1
188364,64451,72,2
188364,64452pr0002,15,2
188364,64847,15,4
188364,6541,1,2
188364,6553,0,2
188364,6558,1,4
188364,6636,70,2
188364,84954,40,2
188364,85301,9999,1
188364,87414,0,2
188364,90498,4,3
188378,10190,4,2
188378,3003,0,1
188378,3020,14,1
188378,3795,71,1
188390,92738,0,1
188394,30304,72,1
188419,15712,72,1
188419,3062b,41,1
188419,95199,72,1
188421,30374,36,2
188421,64567,80,1
188465,11609,297,2
188465,18674,15,1
188465,18674,70,1
188465,2343,297,1
188465,24307,2,4
188465,30136,19,2
188465,3022,14,1
188465,3022,4,1
188465,3024,15,2
188465,3024,0,2
188465,32828,71,1
188465,36752a,28,2
188465,36752a,308,2
188465,36752a,70,2
188465,3710,484,2
188465,3795,70,1
188465,41769,2,4
188465,4733,72,3
188465,54200,15,12
188465,59900,15,1
188465,59900,0,1
188465,6141,4,2
188465,6141,297,4
188465,6141,0,2
188465,6636,70,2
188465,67338,484,1
188465,87580,4,1
188465,92084pr0003,15,1
188494,11090,15,1
188494,11090,0,2
188494,11090,70,2
188494,11211,70,3
188494,11211,0,1
188494,11211,71,2
188494,11211,28,4
188494,11212,71,3
188494,1126,19,1
188494,11437,297,3
188494,11458,72,1
188494,11476,0,9
188494,11477,70,8
188494,11477,308,8
188494,11477,84,2
188494,13548,72,8
188494,13548,84,8
188494,13564,15,1
188494,14395,72,2
188494,14716,28,8
188494,14719,19,10
188494,14769,71,6
188494,14769pr1283,84,2
188494,15068,28,6
188494,15068,15,2
188494,15070,15,7
188494,15571,71,1
188494,15571,70,3
188494,15571,19,2
188494,15573,85,2
188494,15573,484,2
188494,15573,308,9
188494,15573,19,4
188494,15672,70,22
188494,15672,71,2
188494,15712,297,4
188494,15712,15,4
188494,15712,0,3
188494,1745,71,3
188494,18031,179,1
188494,18649,0,7
188494,18654,70,2
188494,18674,70,4
188494,18674,72,8
188494,20310,484,2
188494,20310,70,6
188494,20482,297,4
188494,20482,0,1
188494,22385pr0147,71,1
188494,22388,70,3
188494,22667,4,1
188494,2343,179,1
188494,2343,297,1
188494,2357,72,19
188494,2357,19,8
188494,23969,19,1
188494,24122,28,1
188494,2412b,84,54
188494,2420,70,6
188494,2420,28,7
188494,24246,70,10
188494,24246,71,4
188494,24246,15,18
188494,2431,308,10
188494,2431,70,4
188494,2431,28,2
188494,2431,41,1
188494,2431pr9993,70,6
188494,2445,72,2
188494,2450,71,5
188494,2453b,70,2
188494,2454b,72,2
188494,2456,72,3
188494,2456,19,4
188494,2462,72,4
188494,24855,15,3
188494,24855,2,13
188494,24866,2,12
188494,24866,297,22
188494,24866,71,1
188494,2489,308,1
188494,2489,84,2
188494,25269,72,4
188494,25269,70,14
188494,2540,28,4
188494,2540,297,3
188494,2540,19,9
188494,26047,297,5
188494,26047,70,5
188494,2630,0,2
188494,2654,0,2
188494,26601,72,7
188494,26601,15,17
188494,26604,70,4
188494,2682,288,3
188494,2682,15,3
188494,27263,71,4
188494,2752,0,4
188494,28802,84,8
188494,28870,15,1
188494,29119,4,1
188494,29120,4,1
188494,3001,71,13
188494,3003,28,3
188494,3003,0,2
188494,3003,322,2
188494,3003,71,9
188494,3004,288,5
188494,3004,72,19
188494,30044,70,6
188494,30046,297,6
188494,3005,28,28
188494,3005,71,22
188494,3005,70,4
188494,3007,19,2
188494,3007,71,5
188494,3008,72,4
188494,3009,15,3
188494,3010,72,11
188494,30136,70,31
188494,30136,0,1
188494,30136,308,10
188494,30137,70,17
188494,3020,28,8
188494,3020,71,2
188494,3020,321,3
188494,3020,19,4
188494,3021,19,2
188494,3021,28,4
188494,3021,72,1
188494,3021,70,8
188494,3022,71,7
188494,3022,0,3
188494,3023,72,9
188494,3023,321,1
188494,3023,288,7
188494,3023,19,3
188494,3023,70,3
188494,3023,326,3
188494,3023,15,5
188494,3023,84,14
188494,3023,308,24
188494,30237b,70,2
188494,3024,288,16
188494,3024,71,5
188494,3024,28,12
188494,3024,308,33
188494,3031,70,1
188494,3031,72,3
188494,3032,19,6
188494,3032,28,6
188494,3034,0,3
188494,3034,70,2
188494,3034,19,11
188494,3035,321,1
188494,3035,0,1
188494,3035,19,1
188494,3035,28,3
188494,3036,28,4
188494,3036,321,3
188494,3036,70,1
188494,30374,70,12
188494,3040b,72,62
188494,3040b,19,4
188494,3040b,70,6
188494,30503,70,1
188494,30503,72,2
188494,30504,28,3
188494,30504,321,8
188494,30505,0,3
188494,3062b,70,15
188494,3062b,308,73
188494,3062b,84,2
188494,3068b,71,2
188494,3068b,308,4
188494,3069b,308,2
188494,3069b,41,6
188494,3069b,71,4
188494,3069b,28,8
188494,3069b,70,16
188494,3070b,70,2
188494,3070b,71,1
188494,3070b,28,2
188494,3171,70,4
188494,3171,297,4
188494,32000,4,1
188494,32028,28,9
188494,32028,19,4
188494,32062,4,1
188494,32064a,28,6
188494,32607,15,2
188494,32607,288,10
188494,32803,15,1
188494,32952,70,6
188494,32952,0,8
188494,33078,297,2
188494,33183,10,1
188494,3386,0,4
188494,33909,308,3
188494,33909,70,6
188494,33909,28,1
188494,34103,84,2
188494,3460,308,10
188494,3460,19,1
188494,3460,71,4
188494,3484,0,10
188494,3484,15,1
188494,35480,0,1
188494,35480,71,2
188494,35480,70,6
188494,35787,71,2
188494,3623,15,4
188494,3623,70,4
188494,3623,28,1
188494,3623,19,2
188494,3633,297,1
188494,3659,28,3
188494,3659,308,3
188494,3659,72,1
188494,3659,70,2
188494,3665,71,2
188494,3665,70,6
188494,3666,28,7
188494,3666,0,2
188494,3666,70,12
188494,3666,84,1
188494,36752a,0,2
188494,36840,70,2
188494,3705,0,1
188494,3710,72,2
188494,3710,19,3
188494,3710,308,22
188494,3710,25,1
188494,3710,15,3
188494,3710,28,8
188494,3713,4,2
188494,37352,71,1
188494,3747b,70,2
188494,3749,19,1
188494,37775,182,5
188494,3795,70,1
188494,3795,19,3
188494,3795,72,1
188494,3795,321,3
188494,3795,308,5
188494,3832,72,2
188494,38320,297,7
188494,3841,72,1
188494,3937,15,4
188494,3937,0,2
188494,3958,70,1
188494,3958,321,2
188494,3958,19,2
188494,4032a,70,1
188494,4070,72,2
188494,4070,70,4
188494,4070,19,12
188494,4081b,70,2
188494,4162,72,1
188494,4162,70,4
188494,41740,71,3
188494,41740,70,5
188494,41740,484,1
188494,42003,15,1
188494,4216,84,3
188494,4274,71,6
188494,4286,19,2
188494,42876,484,1
188494,4287c,72,1
188494,4287c,70,4
188494,42924,1,2
188494,43710,72,4
188494,43711,72,4
188494,43722,70,4
188494,43722,19,1
188494,43723,19,1
188494,43723,70,4
188494,43857,1,1
188494,43888,70,6
188494,4460b,72,7
188494,44728,70,4
188494,4477,70,2
188494,4490,71,1
188494,4495b,4,1
188494,4499,70,1
188494,4522,0,2
188494,4528,179,1
188494,4697b,0,2
188494,4733,70,1
188494,47458,297,2
188494,47847,72,2
188494,48336,70,11
188494,49307,15,9
188494,49307,70,5
188494,49668,0,1
188494,51270,484,1
188494,52107,71,1
188494,53451,70,2
188494,53454,179,2
188494,54200,71,41
188494,54200,41,4
188494,54200,84,4
188494,54200,308,6
188494,59443,70,2
188494,59900,19,1
188494,59900,70,13
188494,59900,15,1
188494,6020,70,1
188494,60470b,84,5
188494,60470b,0,3
188494,60475b,70,5
188494,60475b,84,2
188494,60479,70,2
188494,60479,19,3
188494,60481,71,22
188494,60592,308,5
188494,60592,70,2
188494,60849,0,1
188494,60897,70,2
188494,60897,0,3
188494,6091,70,2
188494,6106,321,5
188494,6111,71,3
188494,61252,0,1
188494,6126b,182,2
188494,61332,0,9
188494,6134,0,6
188494,6141,84,8
188494,6141,41,1
188494,6141,28,6
188494,6141,484,7
188494,6141,308,4
188494,6141,70,1
188494,6141,71,10
188494,6180,70,6
188494,62462,70,9
188494,63864,4,2
188494,63864,70,7
188494,63864,71,1
188494,63864,84,1
188494,63864,308,6
188494,63868,15,2
188494,63965,70,4
188494,63965,0,1
188494,64647,182,3
188494,64648,179,1
188494,64648,158,1
188494,6541,0,2
188494,65578,2,4
188494,6636,84,8
188494,6636,71,1
188494,66956,308,6
188494,66964,179,1
188494,67037,1103,1
188494,67095,72,4
188494,67329,72,1
188494,68211,70,1
188494,73825,0,2
188494,73825,71,2
188494,75902,72,1
188494,75902pr0035,72,2
188494,75902pr0036,72,2
188494,75904pr0002,71,1
188494,77845,0,2
188494,78257,70,1
188494,78258,70,1
188494,85861,72,2
188494,85861,297,6
188494,85861,19,3
188494,85861,15,1
188494,85861,70,6
188494,85984,19,3
188494,85984,15,1
188494,85984,308,3
188494,85984,84,18
188494,85984,28,4
188494,86123,297,2
188494,86876,71,6
188494,86996,326,4
188494,86996,84,2
188494,87079,19,5
188494,87087,72,4
188494,87087,308,10
188494,87087,19,2
188494,87580,72,1
188494,87580,71,1
188494,87617,70,4
188494,87620,71,4
188494,87994,0,5
188494,87994,297,2
188494,87994,71,4
188494,88072,70,5
188494,89678,72,1
188494,92947,308,5
188494,92950,70,1
188494,92950,72,1
188494,93552pat0002,70,1
188494,93609,0,15
188494,93789,179,1
188494,95343,70,1
188494,96874,25,1
188494,98138,70,11
188494,98138,72,8
188494,98138pr0048,70,4
188494,98283,28,3
188494,99206,19,16
188494,99206,72,5
188494,99206,0,1
188494,99207,0,4
188494,99207,71,2
188494,99780,70,3
188494,99780,19,1
188494,99780,28,5
188494,99781,19,4
188494,99781,28,3
188714,11211,14,2
188714,11212,15,1
188714,11477,82,16
188714,15207,15,11
188714,15470,297,14
188714,15535,15,6
188714,15535,320,8
188714,15573,0,8
188714,15573,15,6
188714,15573,84,4
188714,18674,322,1
188714,22886,71,4
188714,2357,15,5
188714,2431,0,2
188714,2431,15,1
188714,2431,19,1
188714,24593,15,5
188714,24593pr0013,15,1
188714,26604,15,4
188714,27925,320,4
188714,3001,15,1
188714,3002,70,2
188714,3003,25,1
188714,3004,29,2
188714,3004,15,14
188714,30044,70,1
188714,3005,15,6
188714,3005,72,2
188714,3009,15,2
188714,3010,15,8
188714,3020,84,5
188714,3020,1,1
188714,3020,15,1
188714,3021,85,1
188714,3021,15,4
188714,3022,15,2
188714,3022,322,4
188714,3022,297,8
188714,3023,2,4
188714,3023,320,2
188714,3023,15,14
188714,3023,40,8
188714,3023,84,6
188714,3024,297,2
188714,3024,70,4
188714,3028,15,1
188714,3028,0,3
188714,3034,0,1
188714,30374,27,2
188714,3040b,70,3
188714,3062b,15,13
188714,3069b,15,8
188714,3069b,40,2
188714,3069b,320,2
188714,3069b,19,2
188714,3070b,15,3
188714,32028,15,3
188714,32828,297,1
188714,32952,15,2
188714,34103,84,3
188714,34103,15,4
188714,34103,0,12
188714,3622,15,13
188714,3623,320,2
188714,3659,15,3
188714,3710,84,3
188714,38583,15,1
188714,39262,15,1
188714,3941,0,5
188714,3941,15,16
188714,3960,82,1
188714,39789,4,1
188714,4032a,15,6
188714,4032a,71,4
188714,4032a,320,3
188714,4032a,3,4
188714,41539,0,2
188714,4162,0,6
188714,41740,0,1
188714,41740,320,2
188714,43898,320,3
188714,43898,82,10
188714,44294,14,1
188714,44375b,82,2
188714,4460b,15,1
188714,4490,15,1
188714,4740,82,6
188714,4740,41,1
188714,4865b,15,10
188714,54200,70,11
188714,60474,15,1
188714,60481,70,10
188714,61252,297,4
188714,6141,15,9
188714,63864,320,2
188714,63864,15,4
188714,63965,72,6
188714,64644,15,4
188714,64727,2,6
188714,64799,0,2
188714,6636,0,2
188714,6636,15,2
188714,68013,15,4
188714,68325,320,1
188714,73111,15,5
188714,78258,15,1
188714,78329,15,5
188714,79850,82,4
188714,85861,2,6
188714,85861,320,20
188714,85975,320,2
188714,85984,85,1
188714,87580,0,1
188714,87580,84,1
188714,87994,70,1
188714,88292,15,1
188714,91501,15,4
188714,94161,3,1
188714,98383,297,1
188714,99207,72,1
188735,11477,31,2
188735,11477,323,2
188735,15533,84,1
188735,15573,321,1
188735,18980,31,1
188735,20482,4,1
188735,2412b,19,2
188735,25269,158,1
188735,2639,15,1
188735,3003,84,1
188735,3022,19,1
188735,3023,15,1
188735,3062b,0,1
188735,3070b,321,1
188735,34172,15,1
188735,3666,31,1
188735,36840,84,1
188735,3710,321,1
188735,3957b,15,2
188735,4865b,47,2
188735,59900,40,1
188735,60475b,15,2
188735,60897,15,2
188735,79735,28,1
188735,79811,179,1
188735,87580,321,1
188735,98138pr0274,0,4
188735,98283,84,1
188761,11211,72,2
188761,11476,0,2
188761,14716,19,1
188761,15068,19,3
188761,15573,4,1
188761,15573,0,2
188761,15712,15,10
188761,15712,4,1
188761,19798,72,1
188761,20482,288,2
188761,20482,72,7
188761,22885,19,1
188761,2343,47,1
188761,24093pr0041,70,1
188761,2412b,71,3
188761,2412b,0,21
188761,2417,2,3
188761,2420,71,3
188761,24246,19,2
188761,24324,70,1
188761,2462,72,1
188761,25269,0,2
188761,25269,71,2
188761,2630,0,1
188761,2663,484,1
188761,27263,379,2
188761,27263,72,2
188761,27507,19,1
188761,27925,72,4
188761,2877,379,8
188761,3003,71,2
188761,3005,19,2
188761,3005,71,1
188761,3008,72,4
188761,3009,71,1
188761,3022,71,7
188761,3023,71,12
188761,3024,72,2
188761,3024,71,2
188761,3032,15,1
188761,3033,72,2
188761,3034,71,3
188761,30355,72,1
188761,30356,72,1
188761,30374,42,1
188761,30374,41,1
188761,3069b,19,7
188761,3069b,4,2
188761,3069b,70,1
188761,3070b,72,2
188761,32607,2,4
188761,32828,0,1
188761,32952,19,5
188761,33172,25,1
188761,33183,10,1
188761,34103,71,2
188761,3460,0,2
188761,3460,71,2
188761,35480,71,6
188761,35787,4,4
188761,3623,0,1
188761,3710,70,1
188761,3795,72,1
188761,3832,0,3
188761,4070,71,16
188761,4162,72,2
188761,42409,41,2
188761,4282,72,1
188761,4282,0,2
188761,42876,484,2
188761,43722,72,2
188761,48092,19,1
188761,48205,72,1
188761,6141,33,2
188761,6141,36,2
188761,6141,46,2
188761,6141,34,3
188761,6141,4,8
188761,64567,0,1
188761,64567,80,1
188761,73825,70,1
188761,77844,0,1
188761,79393,72,1
188761,85984,19,8
188761,87087,72,1
188761,87552,71,2
188761,87580,0,9
188761,87580,71,2
188761,87620,72,6
188761,92947,71,1
188761,99781,72,1
188803,3626cpr2764,78,1
188803,64807,308,1
188803,970c20pr2489,326,1
188803,973c20h02pr6638,326,1
188804,15712,0,2
188804,20482,4,2
188804,24246,4,1
188804,4599b,1,1
188804,4697b,71,1
188804,4733,72,1
188804,4740,4,1
188804,48729b,71,1
188804,6141,15,1
188804,85861,0,1
188804,93609,15,2
188863,11153,322,2
188863,11476,71,3
188863,19220,0,1
188863,30031,72,1
188863,3022,322,1
188863,35480,0,3
188863,3795,272,1
188863,43713,72,1
188863,47755,272,1
188863,4871,72,1
188863,51739,25,1
188863,93273,25,2
188863,99781,71,1
188869,10190,3,2
188869,11090,71,2
188869,11211,5,2
188869,11213,320,2
188869,11458,14,2
188869,11476,14,1
188869,11477,320,8
188869,14417,72,6
188869,14418,71,10
188869,15068,14,1
188869,15395,320,4
188869,15535,4,2
188869,15535,19,2
188869,15573,84,4
188869,15573,71,5
188869,15712,15,1
188869,15745,41,1
188869,16091,71,2
188869,17485,14,2
188869,18646,29,2
188869,18649,4,8
188869,18674,72,3
188869,18980,28,2
188869,20482,321,2
188869,20482,15,4
188869,20482,4,8
188869,22484,72,2
188869,22885,71,2
188869,22890,72,4
188869,23443,1,1
188869,23443,320,1
188869,2412b,72,6
188869,24309,320,5
188869,2432,0,2
188869,2456,4,1
188869,24855,2,1
188869,2486,0,2
188869,25269,14,2
188869,2540,2,1
188869,2654,47,2
188869,2654,4,1
188869,26601,71,4
188869,26604,378,2
188869,28192,71,4
188869,28974,0,1
188869,3002,71,2
188869,3004,484,1
188869,3004,288,7
188869,3005,288,2
188869,30089b,0,1
188869,30153,52,1
188869,30165,14,2
188869,3020,28,2
188869,3021,71,4
188869,3022,4,4
188869,3022,19,2
188869,3022,71,2
188869,3023,1,7
188869,3023,320,9
188869,3023,484,9
188869,3023,288,4
188869,3024,297,20
188869,3031,0,1
188869,30361c,14,2
188869,30367c,14,4
188869,30374,4,2
188869,30375,15,1
188869,30377,19,2
188869,3039,484,1
188869,3068b,72,2
188869,3070b,288,1
188869,32062,0,1
188869,32064a,14,1
188869,32124,70,2
188869,32607,27,1
188869,32828,0,4
188869,32828,19,4
188869,3460,71,2
188869,3623,4,8
188869,36841,71,4
188869,3705,0,2
188869,3710,71,2
188869,3710,288,2
188869,3738,84,1
188869,3749,19,2
188869,3795,0,1
188869,3941,14,6
188869,3941,322,3
188869,3960,288,1
188869,4032a,0,4
188869,4032a,78,1
188869,4032a,1,2
188869,4070,15,4
188869,41682,320,1
188869,4274,15,4
188869,4286,320,8
188869,44294,14,1
188869,44375b,71,1
188869,44568,71,1
188869,44728,19,4
188869,4697b,15,1
188869,47753,320,2
188869,48729b,0,3
188869,49153,0,4
188869,52979,41,1
188869,53119,15,1
188869,54200,71,4
188869,59900,0,1
188869,59900,2,6
188869,60474,0,1
188869,60475b,0,6
188869,60478,14,2
188869,60481,71,8
188869,60897,19,4
188869,61252,1,1
188869,61252,320,8
188869,6141,484,12
188869,6141,29,58
188869,6141,41,4
188869,6180,0,1
188869,62361,71,2
188869,63864,72,2
188869,63868,4,8
188869,64225,4,2
188869,65509,288,2
188869,65768,0,2
188869,67811,14,2
188869,71752,19,2
188869,77808,72,2
188869,78256,0,2
188869,78258,72,1
188869,85861,0,7
188869,85861,27,2
188869,85984,4,2
188869,85984,72,2
188869,90258,484,2
188869,93274,0,2
188869,93609,0,2
188869,98138,47,5
188869,98138pr0083,15,2
188869,98138pr0186,71,1
188869,98397,0,1
188869,99206,14,2
188869,99207,72,2
188869,99563,70,4
188869,99563,297,2
188869,99780,28,6
188869,99781,0,5
188871,30090,41,1
188871,3626cpr0895,15,1
188871,3838a,0,1
188871,50665,72,1
188871,6266,15,2
188871,78132,15,1
188871,93061,15,2
188872,10201,0,2
188872,10201,15,3
188872,11010,334,1
188872,11062,15,1
188872,11153,272,27
188872,11203,19,1
188872,11203,72,5
188872,11211,19,2
188872,11212,71,1
188872,11477,15,6
188872,12825,15,7
188872,13965,15,4
188872,14413,71,2
188872,14769,15,1
188872,14769pr0001,15,1
188872,15068,19,1
188872,15068,272,6
188872,15207,71,4
188872,15332,0,12
188872,15395,320,8
188872,15396,4,1
188872,15535,72,3
188872,15573,71,7
188872,15573,70,24
188872,15573,15,18
188872,15573,72,6
188872,15672,0,1
188872,15672,15,8
188872,15712,0,3
188872,18034,179,1
188872,18866,15,2
188872,19798,0,6
188872,22667,26,2
188872,2343,47,4
188872,2357,71,6
188872,2412b,70,4
188872,2412b,80,12
188872,2417,2,4
188872,2420,71,6
188872,2423,2,2
188872,2431,70,3
188872,2431,19,15
188872,2431,1,3
188872,2431,0,14
188872,2445,72,3
188872,2540,71,1
188872,2540,0,1
188872,2654,0,5
188872,2654,47,2
188872,2714b,0,3
188872,2780,0,4
188872,28621,47,2
188872,2877,70,6
188872,28974,71,6
188872,2921,0,2
188872,3001,71,1
188872,3001,70,5
188872,30031,0,1
188872,3004,71,75
188872,3004,326,70
188872,3004,15,8
188872,30044,15,2
188872,30046,0,2
188872,3005,0,10
188872,3005,71,5
188872,3005,15,10
188872,3005,326,44
188872,3005pr0006,73,1
188872,3008,326,26
188872,3008,71,3
188872,3009,71,18
188872,3009,326,15
188872,3010,0,4
188872,3010,1,2
188872,3010,326,20
188872,3010,71,8
188872,30126,72,18
188872,30134,0,1
188872,30136,0,9
188872,30165,72,1
188872,3020,0,3
188872,3020,15,8
188872,3020,272,6
188872,3020,71,6
188872,3020,19,3
188872,3020,70,7
188872,3020,72,2
188872,3021,71,19
188872,3021,70,4
188872,3022,0,15
188872,3022,15,23
188872,3022,19,4
188872,3022,320,1
188872,3023,19,16
188872,3023,326,52
188872,3023,70,5
188872,3023,15,19
188872,3023,272,17
188872,3023,71,18
188872,3023,0,9
188872,3024,15,12
188872,3024,326,20
188872,3024,0,21
188872,3024,72,25
188872,3024,1,4
188872,3024,19,5
188872,3024,71,30
188872,3028,72,6
188872,3029,15,1
188872,3030,72,1
188872,3031,71,2
188872,3031,15,2
188872,3034,72,7
188872,3034,15,4
188872,3034,71,5
188872,3035,72,2
188872,30374,0,2
188872,30374,71,1
188872,30383,72,2
188872,3040b,0,1
188872,30414,71,4
188872,3046a,72,2
188872,30503,70,1
188872,30553,0,2
188872,30586,71,6
188872,3062b,72,7
188872,3062b,15,2
188872,3062b,0,4
188872,3062b,46,3
188872,3062b,308,9
188872,3068b,72,17
188872,3068b,320,1
188872,3068b,15,8
188872,3068b,71,6
188872,3068bpr0197,28,1
188872,3068bpr0225,15,1
188872,3069b,19,18
188872,3069b,72,19
188872,3069b,272,4
188872,3069b,1,7
188872,3069b,73,4
188872,3069b,71,16
188872,3069b,2,2
188872,3069b,28,4
188872,3069b,308,4
188872,3069b,47,1
188872,3070b,4,3
188872,3070b,71,34
188872,3070b,272,42
188872,3070b,14,3
188872,3070b,15,40
188872,3070b,72,3
188872,3176,72,1
188872,32028,71,2
188872,32028,0,11
188872,32028,15,22
188872,32028,72,8
188872,32062,4,2
188872,32064a,15,4
188872,3245c,15,4
188872,3298,71,3
188872,33048,484,1
188872,33057,484,2
188872,33078,4,2
188872,33125,15,4
188872,33125,484,1
188872,33183,10,2
188872,33291,10,24
188872,33291,191,6
188872,33291,4,11
188872,33291,5,14
188872,3460,15,5
188872,3464,15,2
188872,3622,326,34
188872,3622,71,3
188872,3622,70,1
188872,3623,15,10
188872,3623,71,6
188872,3623,72,2
188872,3659,308,1
188872,3659,0,2
188872,3660,0,3
188872,3665,15,2
188872,3666,72,2
188872,3666,70,2
188872,3666,272,8
188872,3666,15,2
188872,3675,320,2
188872,3676,72,3
188872,3678b,72,1
188872,3679,71,1
188872,3680,0,1
188872,37,72,2
188872,3700,19,4
188872,3700,70,4
188872,3710,70,8
188872,3710,72,8
188872,3710,0,10
188872,3710,1,4
188872,3710,71,4
188872,3741,2,5
188872,3749,19,4
188872,3795,0,3
188872,3795,71,5
188872,3811,71,1
188872,3832,71,3
188872,3836,70,1
188872,3839b,15,4
188872,3899,14,1
188872,3937,0,1
188872,3957b,0,3
188872,40234,71,1
188872,4032a,15,8
188872,4070,0,4
188872,4070,71,47
188872,4070,15,2
188872,4070,70,26
188872,4079b,1,7
188872,4079b,0,4
188872,4081b,72,4
188872,4161,320,2
188872,4162,71,5
188872,4162,15,2
188872,4216,15,24
188872,42448,0,1
188872,4274,71,5
188872,4282,71,2
188872,4286,71,6
188872,4345b,15,1
188872,4345b,71,1
188872,4346,47,2
188872,44567b,71,4
188872,44570,72,1
188872,4460b,71,5
188872,4477,0,5
188872,4477,71,14
188872,4528,0,1
188872,4528,179,1
188872,4529,0,1
188872,4533,72,1
188872,4533,15,2
188872,4536,15,6
188872,4599b,0,2
188872,4735,0,2
188872,4740,15,5
188872,4740,0,4
188872,4740,2,1
188872,47905,72,4
188872,48336,15,11
188872,48336,19,1
188872,4865b,71,7
188872,4865b,40,1
188872,4865b,47,1
188872,48729b,0,9
188872,50950,15,8
188872,50950,14,2
188872,50950,272,23
188872,50950,320,2
188872,54200,326,14
188872,54200,71,9
188872,54200,14,2
188872,54200,73,1
188872,54200,191,2
188872,54200,70,2
188872,58380,15,1
188872,59895,0,2
188872,59900,70,2
188872,59900,15,5
188872,59900,0,1
188872,59900,46,5
188872,60478,72,2
188872,60478,0,5
188872,60478,71,6
188872,60479,0,1
188872,60481,71,5
188872,60592,15,8
188872,60592,70,6
188872,60593,15,3
188872,60593,70,14
188872,60596,15,4
188872,60596,70,2
188872,60601,47,14
188872,60602,47,17
188872,60616b,47,2
188872,60623,15,4
188872,60897,15,1
188872,60897,0,15
188872,6091,15,8
188872,6111,71,4
188872,61252,19,2
188872,61252,15,4
188872,6134,0,1
188872,6141,0,41
188872,6141,297,25
188872,6141,71,9
188872,6141,15,9
188872,62113,0,2
188872,6231,71,9
188872,6231,15,8
188872,6231,70,8
188872,62462,0,4
188872,62462,15,5
188872,63864,0,2
188872,63864,15,7
188872,63864,320,14
188872,63864,71,12
188872,63864,28,6
188872,63868,0,2
188872,63965,15,8
188872,64567,0,1
188872,64644,0,11
188872,64647,182,2
188872,64727,2,11
188872,64727,71,1
188872,6541,0,3
188872,6636,71,19
188872,6636,326,4
188872,6636,28,5
188872,6636,0,8
188872,87079,71,2
188872,87079pr0060,0,1
188872,87087,19,6
188872,87087,1,4
188872,87087,15,2
188872,87544,0,1
188872,87552,71,6
188872,87580,0,4
188872,87580,73,4
188872,88072,0,1
188872,88072,15,4
188872,88072,71,1
188872,88292,0,4
188872,90194,0,1
188872,90258,72,2
188872,91884,179,1
188872,91988,71,2
188872,92099,15,1
188872,92280,0,11
188872,92280,15,12
188872,92338,0,3
188872,92410,15,2
188872,92410,71,4
188872,92438,72,1
188872,92593,71,9
188872,92926,2,1
188872,92950,70,1
188872,92950,71,1
188872,92950,15,1
188872,93160,15,2
188872,93273,272,4
188872,93551pr0001,84,1
188872,93552pr0001,70,1
188872,93568pat0001,84,1
188872,95120,72,1
188872,95228,40,2
188872,95228,34,3
188872,95228,47,4
188872,95344,28,1
188872,96874,25,1
188872,98138,46,1
188872,98138pr0012,179,1
188872,98282,15,6
188872,98283,72,10
188872,98313,15,8
188872,99206,15,4
188872,99780,71,9
188872,99781,0,5
188873,11211,19,8
188873,11215,15,4
188873,11458,15,9
188873,11458,0,4
188873,11477,14,4
188873,11477,4,4
188873,11610,0,2
188873,11833,71,2
188873,14417,72,8
188873,14704,71,8
188873,15068,0,24
188873,15068,4,16
188873,15068,15,52
188873,15395,179,6
188873,15535,2,1
188873,15573,71,62
188873,15672,15,4
188873,15672,0,4
188873,15712,4,4
188873,15712,15,2
188873,15712,0,10
188873,18649,71,2
188873,18671,72,4
188873,18674,71,4
188873,18674,15,5
188873,18976,179,6
188873,20482,15,4
188873,20482,0,7
188873,22885,71,10
188873,22888,72,2
188873,22888,19,6
188873,2412b,15,112
188873,2419,71,2
188873,2420,14,4
188873,24246,71,2
188873,24309,0,48
188873,24309,15,148
188873,24309pr0001,15,4
188873,24309pr0002,15,4
188873,24309pr0003,15,4
188873,24309pr0004,15,4
188873,2431,15,4
188873,2431,0,4
188873,2445,71,2
188873,2456,15,5
188873,24593,71,2
188873,26047,0,20
188873,2654pr0013,71,1
188873,2780,0,13
188873,2817,71,4
188873,2922,1103,4
188873,3001,71,4
188873,3003,19,11
188873,3005,0,4
188873,3005,15,4
188873,30136,71,8
188873,3020,1,17
188873,3020,15,4
188873,3020,72,26
188873,3021,19,2
188873,3021,14,10
188873,3021,0,2
188873,3022,0,4
188873,3022,15,4
188873,3022,71,4
188873,3022,70,16
188873,3023,0,12
188873,3023,72,3
188873,3023,1,71
188873,3024,15,2
188873,3024,297,8
188873,3030,72,4
188873,3031,2,3
188873,3032,71,16
188873,3034,0,1
188873,3034,19,40
188873,3037,71,4
188873,30374,15,9
188873,30389c,0,4
188873,3039,71,4
188873,3040b,0,4
188873,3040b,15,4
188873,30541,0,4
188873,30541,15,4
188873,30554b,25,8
188873,30562,15,10
188873,30562,72,10
188873,3062b,15,35
188873,3062b,0,19
188873,3068b,15,12
188873,3069b,0,11
188873,3069b,15,11
188873,3069b,71,8
188873,3069bpr0205,47,1
188873,3070b,15,3
188873,32062,4,8
188873,32064a,4,8
188873,32064a,71,2
188873,32449,72,12
188873,3245c,19,4
188873,32474,191,3
188873,33291,71,4
188873,33299b,71,4
188873,3460,15,4
188873,3460,1,2
188873,3460,71,2
188873,3623,2,4
188873,3623,0,4
188873,3623,15,8
188873,3666,71,4
188873,3666,1,3
188873,3700,71,12
188873,3707,0,5
188873,3710,71,2
188873,3710,19,12
188873,3713,71,4
188873,3795,71,22
188873,3832,71,10
188873,3839b,15,2
188873,3937,4,4
188873,3941,72,9
188873,3943b,0,1
188873,3943b,15,1
188873,3943bpr0002,72,1
188873,3956,71,10
188873,3958,19,2
188873,4032a,15,6
188873,4032a,71,4
188873,4032a,0,2
188873,4070,72,9
188873,4081b,72,1
188873,4162,0,2
188873,4162,15,4
188873,4162pr0056,15,1
188873,41747,15,4
188873,41748,0,4
188873,4274,1,4
188873,4349,72,5
188873,43888,15,1
188873,43898,182,5
188873,43898,71,1
188873,44294,14,1
188873,44302a,72,8
188873,44375b,71,1
188873,44567b,71,1
188873,44728,72,6
188873,44728,71,2
188873,44728,19,14
188873,4477,19,1
188873,4477,15,6
188873,4519,14,5
188873,4599b,15,12
188873,47457,72,4
188873,47457,297,2
188873,47543,15,2
188873,48092,15,12
188873,48336,297,4
188873,48336,15,8
188873,4865b,15,12
188873,48723,72,1
188873,48729b,72,4
188873,50950,15,24
188873,54200,15,7
188873,54200,82,4
188873,54200,0,2
188873,59900,15,2
188873,6005,71,16
188873,60474,15,1
188873,60474,71,4
188873,60478,72,12
188873,61184,4,1
188873,61252,19,4
188873,6134,71,4
188873,6141,182,5
188873,6141,0,8
188873,6141,15,59
188873,6177b,272,1
188873,6222,71,2
188873,6233,0,1
188873,6233,72,5
188873,6239,15,4
188873,62462,15,7
188873,63868,4,12
188873,63965,15,2
188873,64448,1,6
188873,64644,297,8
188873,64951,1103,5
188873,6558,1,1
188873,6636,0,2
188873,6636,15,22
188873,6636pr0016,15,4
188873,6636pr0017,15,4
188873,75937,1103,5
188873,85861,297,21
188873,85975,0,1
188873,85984,2,6
188873,87079,15,8
188873,87081,4,1
188873,87083,72,1
188873,87087,4,4
188873,88072,2,4
188873,89523,71,1
188873,90398pr0012,15,3
188873,91988,72,12
188873,92280,14,12
188873,93273,0,8
188873,93273,71,4
188873,93348,15,4
188873,96874,25,1
188873,98100,15,1
188873,98138,182,5
188873,98313,1103,5
188873,99008,19,1
188873,99206,15,34
188873,99206,4,2
188873,99207,4,42
188873,99207,0,4
188873,99563,71,4
188873,99780,72,40
188873,99781,71,40
188875,35458,272,1
188875,3626cpr0933,14,1
188875,38781,25,1
188875,970c05,272,1
188875,973c42h01pr6594,272,1
188918,11477,2,2
188918,15571,297,1
188918,15573,2,2
188918,15706,0,2
188918,21459,297,4
188918,3020,72,1
188918,47458,297,1
188918,61252,71,2
188918,61409,72,2
188918,99563,297,1
188918,99781,72,1
189068,11211,25,4
189068,13608,179,2
189068,15082,0,2
189068,19121,0,2
189068,2431pr0156,84,4
189068,24866,27,6
189068,27256,41,2
189068,29111,0,2
189068,30103,0,4
189068,3020,25,4
189068,3023,42,4
189068,3062b,42,4
189068,33320,72,4
189068,37776,1103,4
189068,38583,72,4
189068,4332,308,2
189068,44861,84,4
189068,4489b,70,2
189068,51270,25,2
189068,67688,71,2
189068,73213pat0001,0,2
189068,90981,15,1
189068,92338,0,2
189068,98138pr0008,15,6
189068,98138pr0018,84,6
189068,98382pr0001,84,2
189073,17349pr0208,297,1
189073,28621pr4129,297,1
189073,3177,297,1
189073,36036pr0075,297,1
189073,973c21h21pr6791,297,1
189154,3626cpr4020,19,1
189154,59276,0,1
189154,970c03pr2480,0,1
189154,973c22h26pr6648,4,1
189156,102718pr0001,15,1
189156,41879a,15,1
189156,973c27h14,15,1
189192,36752a,15,1
189192,36752a,28,1
189222,2446,0,1
189222,3626cpr3528,14,1
189222,37614,272,1
189222,46304,15,1
189222,970c05,272,1
189222,973c05h01pr6376,321,1
189223,3626cpr2598,14,1
189223,87990,484,1
189223,970c04,321,1
189223,973c27h12pr5878,321,1
189224,36036,0,1
189224,3626cpr3158,14,1
189224,973c03h01pr6422,0,1
189224,98385,226,1
189226,3626cpr0891,14,1
189226,37364c05,272,1
189226,66913,3,1
189226,80682,308,1
189226,973c35h01pr5038,288,1
189228,3626cpr1635,14,1
189228,41879a,30,1
189228,52686pat0004,0,1
189228,65753,0,1
189228,973c29h01pr6488,212,1
189230,11256,15,1
189230,3626cpr3680,14,1
189230,970c22pat03,4,1
189230,973c22h01pr6628,4,1
189231,36752a,70,1
189231,36752a,28,1
189232,100811c01pr0003,78,1
189232,16925c01pr0178,272,1
189232,2640,484,1
189232,92198pr0336,78,1
189233,11408c03pr0002,84,1
189233,2277c01pr0015,379,1
189233,40938,70,1
189233,92198pr0335,84,1
189274,23186,84,1
189274,3626cpr2587,78,1
189274,970c05,272,1
189274,973c05h10pr6481,272,1
189275,23186pr0001,0,1
189275,3626cpr3580,78,1
189275,970c03pr2159,272,1
189275,973c05h02pr5950,272,1
189276,3626cpr9741,4,1
189276,970c05,272,1
189276,973c10h22pr6626,320,1
189277,20877,484,1
189277,3626cpr2049,78,1
189277,970c03,0,1
189277,973c28h02pr6642,1,1
189278,3626cpr2552,78,1
189278,80429,320,1
189278,80430pr0008,320,1
189278,970c10pr1754,320,1
189278,973c21h10pr4829,320,1
189279,20953,15,1
189279,28621,15,1
189279,3878,0,1
189279,44709,15,2
189279,4733,15,1
189279,4740,15,1
189279,98138,41,1
189280,28974,72,1
189280,3893pr4148,19,1
189280,970c11pr2546,308,1
189280,973c26h11pr6821,19,1
189282,28621pr4145,1089,1
189282,63586,72,1
189282,87610pr0431,1103,1
189282,970c07pr2542,308,1
189282,973c07h03pr6815,308,1
189285,2017pr0004,1103,1
189285,28621,0,1
189285,3902,1103,1
189285,970c75pr2553,1103,1
189285,973c75h75pr6826,1103,1
189286,28621pr4146,25,1
189286,4364pr0001,15,1
189286,970c75pr2548,1103,1
189286,973c34h75pr6822,1103,1
189296,17485pr0011,15,1
189296,2654,15,1
189296,51066,71,2
189296,98100pr0013,25,1
189296,98138,15,1
189297,28621pr4168,1088,1
189297,79687,0,1
189297,970c23,84,1
189297,973c29h69pr6833,84,1
189298,64808pr0119,484,1
189298,970c28pr2557,1,1
189298,973c28h41pr6835,15,1
189299,28621pr4165,1089,1
189299,38800,308,1
189299,41879a,72,1
189299,973c24h19pr6832,308,1
189301,28621pr4163,27,1
189301,87571pr0004,27,1
189301,970c34pr2555,25,1
189301,973c07h19pr6831,308,1
189311,3626cpr2906,78,1
189311,37364c14,71,1
189311,68502pat0002,484,1
189311,973c19h14pr6501,70,1
189312,3626cpr2903,78,1
189312,37364c12,72,1
189312,74528,320,1
189312,973c05h03pr6504,272,1
189313,10052,71,1
189313,28621pr3965,78,1
189313,36806,71,1
189313,970c09,85,1
189313,973c09h02pr6512,85,1
189316,3626cpr2265,78,1
189316,37364c11,28,1
189316,80577pat0003,70,1
189316,973c07h19pr6502,308,1
189319,3626cpr3943,78,1
189319,36933pr0004,71,1
189319,37364c11,28,1
189319,973c03h12pr6503,0,1
189320,20595,84,1
189320,3626cpr2199,78,1
189320,970c12,72,1
189320,973c19h02pr5703,484,1
189408,28621pr4131,78,1
189408,41879a,0,1
189408,68498pat0001,72,1
189408,973c03h02pr6792,0,1
189410,11477,4,6
189410,14417,72,5
189410,14418,71,4
189410,14704,71,5
189410,15068,71,1
189410,15068,0,3
189410,15068,321,2
189410,15573,14,8
189410,18649,321,1
189410,22890,72,4
189410,2357,0,2
189410,23969,0,2
189410,24299,321,1
189410,24307,321,1
189410,2431,4,4
189410,2450,0,4
189410,25269,14,4
189410,2540,0,2
189410,26601,4,2
189410,28192,14,2
189410,3002,71,1
189410,3005,321,2
189410,30136,0,2
189410,3020,0,6
189410,3021,72,6
189410,3022,71,4
189410,3022,14,4
189410,3023,321,4
189410,3069b,4,2
189410,32028,72,2
189410,35480,71,2
189410,3678b,0,2
189410,36841,0,2
189410,3710,14,2
189410,3795,71,3
189410,3839b,71,2
189410,44728,0,2
189410,47457,4,1
189410,50304,4,1
189410,50305,4,1
189410,54200,46,2
189410,60478,0,2
189410,61252,72,4
189410,61409,4,6
189410,6141,46,4
189410,6636,14,2
189410,76959,0,2
189410,85984,0,8
189410,85984,71,4
189410,85984,321,2
189410,99207,71,1
189410,99780,14,8
189416,92738,0,2
189416,99563,1103,1
189443,10104933,9999,1
189443,104989pr0001,84,1
189443,10884,2,2
189443,10884,27,1
189443,11476,70,1
189443,14716,15,2
189443,14769,85,1
189443,15332,15,2
189443,15470,29,1
189443,15470,70,1
189443,15573,15,2
189443,20482,15,1
189443,22885,19,1
189443,22886,15,1
189443,22888,19,1
189443,22961,308,1
189443,2343,484,2
189443,2423,2,1
189443,2431,15,2
189443,24866,30,3
189443,24866,10,3
189443,24866,15,3
189443,2489,308,1
189443,25269,322,6
189443,26599,0,1
189443,26603,4,1
189443,26603,322,1
189443,2821,191,2
189443,28466,15,1
189443,3001,15,3
189443,3001,19,2
189443,3003,320,3
189443,3004,19,1
189443,3010,19,5
189443,30150,30,1
189443,30166,70,2
189443,3020,484,1
189443,3021,30,1
189443,3032,15,1
189443,3036,28,1
189443,30363,70,2
189443,30374,19,1
189443,3062b,47,2
189443,3070bpr0302,15,3
189443,32607,3,4
189443,32952,19,3
189443,33051,10,1
189443,33078,10,1
189443,33172,25,1
189443,33183,10,2
189443,34172,484,1
189443,35480,28,2
189443,3749,19,2
189443,37695,10,1
189443,38014,15,1
189443,3958,3,1
189443,42205,15,1
189443,4286,19,7
189443,44861,378,2
189443,4644pr0001,14,1
189443,4740,47,1
189443,4740,15,1
189443,4865b,15,1
189443,51270,25,1
189443,51274,70,1
189443,59349pr0028,15,1
189443,59900,25,2
189443,61332,0,3
189443,6141,297,7
189443,62462,70,3
189443,6254,85,1
189443,62701,297,2
189443,65509,191,1
189443,73230,70,1
189443,79393,15,4
189443,80031,28,1
189443,80326,28,1
189443,80683,308,2
189443,85984,70,1
189443,87079,85,1
189443,87580,2,2
189443,92950,19,2
189443,95228,47,1
189443,95228,34,1
189443,98397,70,1
189446,10106634,9999,1
189446,105041,47,1
189446,11211,19,4
189446,11211,28,2
189446,11211,70,2
189446,13965,15,4
189446,14413,15,2
189446,14417,72,3
189446,14716,19,2
189446,15068,10,2
189446,15068,15,3
189446,15207,41,1
189446,15470,323,2
189446,15470,29,2
189446,15533,71,1
189446,15571,19,2
189446,15573,15,2
189446,15573,19,2
189446,15573,0,2
189446,15712,0,1
189446,1748,71,3
189446,1751,15,1
189446,17979,71,1
189446,18674,28,3
189446,18980,10,2
189446,20310,84,4
189446,20310,15,2
189446,22388,41,10
189446,22885,71,2
189446,2310,71,2
189446,2343,484,1
189446,2357,15,2
189446,2357,19,7
189446,2357,28,4
189446,24093,0,1
189446,2420,28,4
189446,2420,19,2
189446,2420,15,2
189446,2423,2,2
189446,2431,19,3
189446,2431,41,1
189446,2431,71,1
189446,24324,0,1
189446,2454b,15,2
189446,24593,0,1
189446,2462,19,4
189446,24866,31,5
189446,24866,15,6
189446,2489,379,1
189446,2540,71,2
189446,26601,15,2
189446,27507,19,2
189446,28621,41,3
189446,3003,15,1
189446,3003,19,3
189446,3004,15,6
189446,3004,70,3
189446,3005,84,2
189446,3005,15,4
189446,3005,70,3
189446,3005,28,4
189446,3008,19,2
189446,3008,15,2
189446,3009,70,1
189446,3010,15,3
189446,30136,15,1
189446,3020,28,2
189446,3020,15,3
189446,3021,19,1
189446,3022,19,1
189446,3023,182,2
189446,3023,19,2
189446,3023,15,2
189446,3023,3,1
189446,3023,84,13
189446,3024,28,11
189446,3032,15,2
189446,3035,28,2
189446,3037,19,2
189446,30374,27,2
189446,3040b,15,2
189446,3040b,19,4
189446,30414,19,1
189446,3043,15,1
189446,3044c,15,7
189446,30562pr0009,15,2
189446,3062b,19,8
189446,3062b,84,2
189446,3062b,41,1
189446,3062b,47,2
189446,3062b,34,1
189446,3069b,15,1
189446,3070b,19,2
189446,3070bpr0302,15,2
189446,30987,15,4
189446,32000,19,2
189446,3245c,0,1
189446,32607,3,6
189446,32607,30,6
189446,32828,288,4
189446,32952,378,4
189446,32952,84,2
189446,33909,15,2
189446,34076,0,1
189446,35044,15,2
189446,35044,28,2
189446,35480,70,1
189446,35787,19,2
189446,3622,15,9
189446,3622,19,2
189446,3623,28,4
189446,3623,19,10
189446,3633,0,1
189446,3659,19,2
189446,3660,19,4
189446,3665,15,2
189446,3665,28,4
189446,3666,19,5
189446,3676,15,2
189446,3688,3,2
189446,3710,84,4
189446,3710,15,1
189446,3710,28,5
189446,37695,10,1
189446,37762,0,1
189446,37775,182,5
189446,3795,484,1
189446,3795,15,1
189446,3795,308,1
189446,3795,28,8
189446,3822,70,1
189446,3830,15,2
189446,3830,19,6
189446,3831,19,6
189446,3831,15,2
189446,38583,19,2
189446,3937,15,5
189446,4032a,5,2
189446,4151b,28,1
189446,41539,84,1
189446,4162,19,1
189446,4162,28,1
189446,41682,72,2
189446,41740,28,2
189446,41948,84,2
189446,42205,84,1
189446,4286,19,8
189446,42924,1,2
189446,43093,1,4
189446,4342,84,1
189446,43888,19,8
189446,4460b,19,6
189446,4460b,84,2
189446,4528,0,1
189446,4529,0,1
189446,4644pr0001,14,1
189446,4697b,0,1
189446,4740,28,1
189446,4740,47,1
189446,48092,19,4
189446,49307,19,4
189446,49311,15,2
189446,51270,25,1
189446,54200,28,2
189446,54200,15,6
189446,59349pr0027,84,1
189446,59900,52,1
189446,59900,45,1
189446,60475b,84,1
189446,60594,70,1
189446,60599,15,1
189446,60616b,71,1
189446,60897,19,1
189446,6091,15,4
189446,6091,70,2
189446,6134,71,5
189446,6141,179,3
189446,6141,5,3
189446,6141,19,8
189446,6141,297,8
189446,6182,19,10
189446,63965,70,1
189446,6541,19,8
189446,65509,15,1
189446,65700,70,1
189446,6636,15,2
189446,6636,84,2
189446,69729,84,1
189446,70681,19,2
189446,73117,297,1
189446,73230,84,2
189446,73825,15,2
189446,77850,15,4
189446,78258,4,1
189446,79756,19,2
189446,79811,179,1
189446,80683,3,2
189446,85861,15,4
189446,85984,71,3
189446,87079,70,1
189446,87087,15,1
189446,87087,19,4
189446,87580,182,2
189446,87580,15,2
189446,87620,15,4
189446,88072,19,4
189446,88292,15,2
189446,90195,15,2
189446,90826,308,1
189446,92947,15,4
189446,92950,19,2
189446,93273,19,4
189446,93274,0,1
189446,93568pat0002,84,1
189446,93789,179,1
189446,95270,28,2
189446,96874,25,1
189446,98138,484,2
189446,98138,70,1
189446,98283,19,10
189446,98374,1103,1
189446,99206,15,2
189447,10104982,9999,1
189447,11211,15,4
189447,11212,19,1
189447,11213,2,1
189447,11477,70,4
189447,11477,14,2
189447,11477,2,1
189447,14716,15,4
189447,14769,25,2
189447,14769,85,1
189447,14769,322,1
189447,14769,84,1
189447,14769pr1075,70,1
189447,15068,19,3
189447,15254,70,1
189447,15470,15,1
189447,15573,70,4
189447,15573,71,4
189447,1566,70,8
189447,15672,226,2
189447,15672,70,2
189447,15712,0,2
189447,1748,71,2
189447,1750,70,2
189447,18674,72,2
189447,18674,15,1
189447,1871,15,2
189447,18838,19,1
189447,18980,25,2
189447,1927,70,4
189447,20310,19,2
189447,20310,71,2
189447,20482,288,4
189447,22888,226,1
189447,23986,15,1
189447,24093pr0042,70,1
189447,2419,28,2
189447,2420,2,2
189447,2423,2,3
189447,24309,19,4
189447,2431,320,4
189447,2431,72,2
189447,2431,84,2
189447,24324,70,1
189447,2445,84,1
189447,24866,29,3
189447,25269,70,4
189447,25269,14,2
189447,26047,70,2
189447,2653,378,1
189447,26603,26,1
189447,26603pr0122,31,4
189447,27261,226,23
189447,28802,14,2
189447,3004,15,3
189447,3004,272,1
189447,30046,0,1
189447,3005,72,2
189447,3005,129,2
189447,3005,19,4
189447,3005,30,4
189447,3005,15,4
189447,30136,84,2
189447,3020,14,1
189447,3020,191,2
189447,3020,71,2
189447,3020,70,2
189447,3021,191,2
189447,3021,28,3
189447,3022,71,1
189447,3022,2,1
189447,3023,10,2
189447,3023,71,6
189447,3023,14,2
189447,3023,191,2
189447,3023,70,4
189447,3024,0,2
189447,3024,70,3
189447,3034,84,1
189447,3034,14,2
189447,3035,84,1
189447,30374,70,1
189447,3040b,182,1
189447,3062b,47,2
189447,3062b,71,4
189447,3062b,34,1
189447,3069b,15,1
189447,3069b,2,1
189447,3069bpr0394,19,1
189447,3070bpr0302,15,1
189447,30987,15,2
189447,3185,0,2
189447,32000,70,1
189447,32028,191,4
189447,32124,72,1
189447,3245c,71,1
189447,3245c,15,3
189447,32474,25,1
189447,32606,5,7
189447,32607,2,2
189447,32607,3,7
189447,3298,70,1
189447,34103,72,1
189447,3460,28,2
189447,3460,71,1
189447,3460,14,1
189447,3484,72,1
189447,35480,70,6
189447,3572,70,2
189447,3622,19,2
189447,3622,15,4
189447,3623,70,3
189447,3659,15,2
189447,3665,25,2
189447,3666,30,2
189447,3666,70,4
189447,3710,2,4
189447,3710,378,2
189447,3710,19,6
189447,3710,226,2
189447,3710,28,4
189447,3710,14,2
189447,37352,84,2
189447,37762,70,14
189447,3795,226,1
189447,3795,3,1
189447,38014,15,2
189447,3830,84,4
189447,3831,19,4
189447,38320,297,2
189447,38320,0,2
189447,3937,70,4
189447,3941,72,1
189447,4032a,84,1
189447,4032a,14,3
189447,4045,10,2
189447,4070,70,2
189447,4070,15,1
189447,41740,70,2
189447,41948,2,1
189447,4286,14,2
189447,4528,0,1
189447,4536,84,2
189447,4644pr0001,14,1
189447,4740,0,1
189447,4740,47,1
189447,48092,15,2
189447,4865b,14,1
189447,49311,15,2
189447,49668,226,4
189447,51274,70,1
189447,51739,14,2
189447,59900,52,1
189447,59900,70,5
189447,6003,84,2
189447,60474,26,1
189447,60583b,15,1
189447,60592,70,2
189447,60592,31,2
189447,60897,70,1
189447,6091,2,9
189447,6134,71,4
189447,6141,84,4
189447,6141,27,4
189447,6141,72,5
189447,6192b,71,1
189447,6231,14,2
189447,62361,226,1
189447,64390,30,1
189447,64644,484,2
189447,68013,15,2
189447,68013,272,2
189447,68211,10,1
189447,71752,0,1
189447,73111,71,1
189447,73825,84,4
189447,76795,226,2
189447,76959,15,1
189447,77845,70,1
189447,78256,70,4
189447,78666,15,5
189447,79735,28,1
189447,79741,179,1
189447,80179,179,1
189447,80503pr0001,84,1
189447,85984,14,13
189447,85984,26,1
189447,85984,71,1
189447,86996,71,1
189447,87079,3,1
189447,87079,84,1
189447,87087,15,2
189447,87544pr0008,47,1
189447,87580,484,1
189447,92410,70,1
189447,92950,15,1
189447,92950,30,2
189447,93092,5,1
189447,93273,226,2
189447,95343,70,1
189447,95344,28,1
189447,96874,3,1
189447,98100,71,1
189447,98138,70,6
189447,99206,72,4
189447,99206,71,1
189447,99206,70,6
189472,13251,308,1
189472,3626cpr2049,78,1
189472,970c11,28,1
189472,973c11h19pr6819,320,1
189474,2019pr0430,15,1
189474,3626cpr3262,92,1
189474,970c27pr2544,15,1
189474,973c27h03pr6816,15,1
189476,21268,19,1
189476,28621pr4147,78,1
189476,36036pr0076,320,1
189476,973c07h02pr6820,320,1
189478,2019pr0429,4,1
189478,3626cpr3262,92,1
189478,61190c,72,1
189478,970c27pr2541,4,1
189478,973c22h03pr6814,4,1
189480,28621pr4193,84,1
189480,30370pr0437,272,1
189480,970c28pr2557,1,1
189480,973c28h11pr0001,15,1
189481,28621pr4177,1089,1
189481,36036,0,1
189481,4926,28,1
189481,973c10h70pr6836,320,1
189482,30361cpr1025,1,1
189482,30362,14,2
189482,3262pr1033,14,1
189483,28621pr4179,78,1
189483,36037,19,1
189483,970c11pr2559,28,1
189483,973c30h03pr6838,28,1
189484,28621pr4178,78,1
189484,92081,71,1
189484,970c03pr2558,0,1
189484,973c75h03pr6837,0,1
189485,3532,0,1
189485,3626cpr2141,14,1
189485,970c05,272,1
189485,973c15h01pr6790,323,1
189486,2631,226,1
189486,3626cpr1966,14,1
189486,970c05,272,1
189486,973c15h01pr6790,323,1
189487,2640,484,1
189487,3626cpr2948,14,1
189487,970c42,322,1
189487,973c01h01pr6797,15,1
189488,28621pr4137,14,1
189488,44751,70,1
189488,970c12,72,1
189488,973c12h01pr6798,72,1
189489,16178pat0001,4,1
189489,3626cpr3360,14,1
189489,970c05,272,1
189489,973c14h04pr5982,1062,1
189490,18899pr0001,4,1
189490,3626cpr3361,14,1
189490,970c05,272,1
189490,973c14h04pr5982,1062,1
189492,3626cpr3025,14,1
189492,79687,0,1
189492,970c20,326,1
189492,973c22h01pr3425,4,1
189493,3626cpr3269,14,1
189493,87990,92,1
189493,970c05,272,1
189493,973c46h03pr6157,1062,1
189499,24629pr4149,15,1
189499,24782pr0001,71,1
189499,970c27pat03pr0001,15,1
189499,973c03h03,0,1
189501,24629pr0003,15,1
189501,970c14pat03pr0001,71,1
189501,973c03h03,0,1
189502,28621pr4109,78,1
189502,92081,0,1
189502,970c12,72,1
189502,973c12h02pr6767,72,1
189504,35701,25,1
189504,65224pr0021,78,1
189504,92198pr0345,78,1
189505,101117c01pr0024,323,1
189505,2645,320,1
189505,92198pr0346,78,1
189505,92456c01pr0076,78,1
189506,2241c01pr0003,272,1
189506,2644,308,1
189506,92198pr0338,1088,1
189506,92456c16pr0005,1088,1
189508,101117c01pr0011,14,1
189508,2633,0,1
189508,92198pr0010,1089,1
189508,92456c04pr0001,1089,1
189509,11408c06pr0006,70,1
189509,16925c01pr0013,1,1
189509,2646,0,1
189509,92198pr0349,70,1
189510,11408c03pr0002,84,1
189510,2277c01pr0015,379,1
189510,80682,308,1
189510,92198pr0412,84,1
189531,36752a,308,1
189531,36752a,28,1
189531,36752a,70,1
189555,28621pr4121,78,1
189555,36036pr0074,0,1
189555,92082,0,1
189555,973c03h02pr6783,0,1
189556,28621pr4120,78,1
189556,62810,0,1
189556,970c24,379,1
189556,973c05h02pr6782,272,1
189557,28621pr4127,78,1
189557,41879a,72,1
189557,68498pat0001,15,1
189557,973c12h02pr6789,72,1
189560,28621pr4134,0,1
189560,59276,0,1
189560,970c03pr9779,0,1
189560,973c12h03pr6796,0,1
189561,28621pr4125,78,1
189561,38798,484,1
189561,970c03pr9779,0,1
189561,973c03h14pr6787,0,1
189562,28621pr4075,78,1
189562,36762,0,1
189562,41879a,28,1
189562,973c24h02pr5324,379,1
189563,15530,272,1
189563,3626cpr1709,78,1
189563,970c05,272,1
189563,973c24h02pr6794,379,1
189564,15530,272,1
189564,3626cpr3829,1088,1
189564,970c05,272,1
189564,973c24h69pr6795,379,1
189571,28621pr4041,78,1
189571,36036,212,1
189571,3850,92,1
189571,973g29c02h02pr6768,212,1
189681,3626cpr0725,14,1
189681,41334,0,1
189681,970c24,379,1
189681,973c14h01pr1694,71,1
189692,20482,71,1
189692,2654,47,1
189692,30367c,71,1
189692,36752a,28,1
189692,4740,71,1
189694,18031,179,1
189694,2343,297,1
189694,27150,29,1
189694,29111,84,1
189694,30103,0,1
189694,30153,36,1
189694,30153,33,1
189694,30385,35,1
189694,3062b,41,1
189694,3062b,46,1
189694,3068bpr0376,19,1
189694,3069bpr0168,70,1
189694,3069bpr9989,15,1
189694,33320,70,1
189694,36752a,308,2
189694,37776,0,1
189694,4332,308,1
189694,51270,25,1
189694,64647,15,1
189694,98374,1103,1
189861,28621pr4131,78,1
189861,41879a,0,1
189861,68498pat0001,484,1
189861,973g29c03h02pr6793,0,1
189862,28621pr4130,78,1
189862,41879a,0,1
189862,68498pat0001,72,1
189862,973g29c03h02pr6793,0,1
189863,28621pr4130,78,1
189863,41879a,0,1
189863,68498pat0001,15,1
189863,973c03h02pr6792,0,1
189864,28621pr4126,78,1
189864,41879a,0,1
189864,68498pat0001,72,1
189864,973c27h14pr6788,0,1
189866,13608,179,1
189866,3206,0,1
189866,39262,297,1
