inventoryId,partNumber,color,quantity
230073,14418,71,2
230073,15082,45,2
230073,15209,0,1
230073,15712,0,2
230073,2412b,272,2
230073,35480,5,2
230073,41682,0,2
230073,41769,322,1
230073,41770,322,1
230073,4499,85,1
230073,4595,26,1
230073,4740,45,2
230073,53451,158,1
230073,59900,52,4
230073,6141,3,2
230073,66906,0,2
230073,98138pr0364,14,2
230073,99781,3,2
230074,10105340,9999,1
230074,10197,15,3
230074,10197,72,4
230074,11090,0,2
230074,11214,4,13
230074,11458,15,2
230074,11477,0,2
230074,11477,15,2
230074,11946,15,1
230074,11946,0,1
230074,11947,0,1
230074,11947,15,1
230074,13547,0,2
230074,15068,0,4
230074,18575,0,1
230074,18651,0,15
230074,18654,297,2
230074,18654,72,3
230074,18654,0,8
230074,18677,0,6
230074,18980,0,1
230074,22961,71,4
230074,22961,4,4
230074,22961,0,4
230074,2387,15,4
230074,2387,0,3
230074,2389,15,4
230074,2389,0,3
230074,2393,71,2
230074,2395,15,4
230074,2403,15,4
230074,2420,71,2
230074,24246,0,2
230074,24309,15,1
230074,2431,15,1
230074,24316,70,5
230074,2457,15,1
230074,26047,0,2
230074,26603,0,1
230074,2723,0,2
230074,27940,0,1
230074,2853,14,2
230074,29119,15,3
230074,29120,15,3
230074,3021,71,2
230074,3022,0,1
230074,3023,15,4
230074,3023,72,2
230074,3024,15,4
230074,3024,71,2
230074,3034,0,1
230074,30374,0,1
230074,3040b,0,1
230074,30699,0,2
230074,3069b,0,3
230074,3069b,15,2
230074,3070b,15,2
230074,32002,19,4
230074,32013,0,4
230074,32013,71,2
230074,32014,71,2
230074,32016,0,2
230074,32034,71,2
230074,32062,4,36
230074,32064a,72,2
230074,32073,14,6
230074,32123b,71,9
230074,32126,15,4
230074,32140,15,2
230074,32140,72,4
230074,32140,0,5
230074,32184,72,2
230074,32184,15,4
230074,32192,0,2
230074,32270,0,4
230074,32291,4,4
230074,32291,72,4
230074,32316,71,1
230074,32523,0,2
230074,32523,27,2
230074,32524,72,4
230074,32526,0,2
230074,3386,0,2
230074,3460,15,1
230074,3623,0,1
230074,36840,15,2
230074,3705,0,10
230074,3706,4,1
230074,3710,71,1
230074,3713,4,5
230074,3713,0,2
230074,3749,19,2
230074,40490,0,2
230074,41239,0,5
230074,41239,15,2
230074,41677,72,6
230074,41677,0,6
230074,41677,1,4
230074,41677,15,12
230074,42003,72,4
230074,42003,71,7
230074,42003,14,2
230074,42135,71,11
230074,42135,0,1
230074,42195,0,2
230074,42924,1,34
230074,43093,1,42
230074,4368,71,4
230074,4369,14,8
230074,43857,1,4
230074,43857,0,2
230074,43857,72,2
230074,44294,71,6
230074,44309,0,2
230074,44809,0,4
230074,4519,71,14
230074,4526,0,2
230074,4569,15,4
230074,46189,0,2
230074,48267,36,2
230074,48267,15,2
230074,49151,0,1
230074,49153,71,1
230074,50943,0,1
230074,54200,15,2
230074,54200,0,1
230074,5427,15,2
230074,55013,72,1
230074,56145,0,2
230074,56904,0,2
230074,59443,14,1
230074,59443,71,4
230074,60483,27,4
230074,60483,71,12
230074,60484,71,2
230074,60485,14,2
230074,61332,0,64
230074,61800,0,2
230074,62462,0,4
230074,62821b,72,1
230074,63869,0,1
230074,64391,15,1
230074,64393,15,2
230074,64681,15,2
230074,64683,15,1
230074,64781,0,1
230074,65304,27,4
230074,6536,15,4
230074,6536,0,20
230074,6536,4,2
230074,6536,27,4
230074,65487,15,4
230074,65487,72,5
230074,65489,71,2
230074,6589,19,7
230074,6632,0,10
230074,6636,15,3
230074,71682,0,4
230074,71682,15,9
230074,71682,27,4
230074,71708,15,4
230074,73230,71,4
230074,73507,71,3
230074,73831,378,1
230074,76797,15,2
230074,78329,72,5
230074,79811,0,1
230074,80177,15,1
230074,80178,15,1
230074,80286,0,2
230074,85861,0,2
230074,85940,0,2
230074,87079,0,1
230074,87079,15,3
230074,87080,15,1
230074,87083,72,3
230074,87086,15,1
230074,87408,0,3
230074,87761,0,1
230074,87994,71,1
230074,89678,4,44
230074,89679,15,4
230074,98138,0,8
230075,11291,4,1
230075,11476,0,1
230075,14769,297,1
230075,15207,19,1
230075,15533,84,1
230075,2412b,179,1
230075,2412b,297,2
230075,24309pr9998,320,1
230075,2432,0,1
230075,28631pr0421,320,1
230075,3001,288,1
230075,3003,288,3
230075,30031,72,1
230075,3004,288,4
230075,3009,72,2
230075,3010,71,1
230075,3023,36,1
230075,3032,71,1
230075,3037,320,1
230075,30374,41,2
230075,3039,320,1
230075,3068b,19,1
230075,33078,4,1
230075,33909,0,1
230075,3673,14,4
230075,44865,71,1
230075,44874,4,1
230075,4865b,19,1
230075,51739,320,2
230075,55981,297,2
230075,60470b,4,2
230075,60477,320,2
230075,60592,70,1
230075,62462,14,2
230075,6636,19,1
230075,70682,4,2
230075,87079,19,1
230075,92402,0,2
230075,92926,27,1
230075,95228,34,1
230075,98138pr0090,84,1
230075,98283,84,1
230227,2514,70,1
230227,3626cpr3739,14,1
230227,970c03,0,1
230227,973c26h01pr4023,19,1
230228,3626cpr2113,14,1
230228,3898,15,1
230228,970c03,0,1
230228,973c27h01pr9999,15,1
230229,3626cpr0893,14,1
230229,87990,70,1
230229,970c24pr0900,70,1
230229,973c11h01pr0001,28,1
230229,973c27h01pr4200,15,1
230230,3624,272,1
230230,3626cpr2590,14,1
230230,970c05,272,1
230230,973c05h01pr6249,272,1
230231,3626cpr2948,14,1
230231,41879a,272,1
230231,85974,70,1
230231,973c06h01pr5997,10,1
230232,11303,288,1
230232,3626cpr2523,14,1
230232,970c07,308,1
230232,973c27h01pr4200,15,1
230233,3626cpr2463,14,1
230233,3878,0,1
230233,970c03,0,1
230233,973c27h01pr4203,0,1
230406,10109404,9999,1
230406,11211,19,2
230406,11477,4,2
230406,15068,4,1
230406,15533,19,8
230406,15573,226,2
230406,15573,4,1
230406,15573,15,1
230406,1748,322,2
230406,20310,70,2
230406,22388,0,1
230406,22885,19,2
230406,2357,322,1
230406,2357,19,2
230406,2420,322,2
230406,2420,70,2
230406,24201,4,2
230406,2431,15,1
230406,2445,70,2
230406,2445,72,1
230406,24866,10,2
230406,24866,30,4
230406,26601,70,14
230406,26603,15,1
230406,27263,70,6
230406,3003,4,2
230406,3004,19,8
230406,3004,5,1
230406,3004,226,1
230406,3005,45,2
230406,3005,19,1
230406,3005,41,2
230406,3005,70,2
230406,3020,4,2
230406,3022,322,1
230406,3023,4,4
230406,3023,70,12
230406,3023,19,4
230406,3024,191,1
230406,3024,0,3
230406,3024,29,1
230406,3024,27,1
230406,3024,19,16
230406,3024,4,4
230406,3028,15,1
230406,3032,15,1
230406,3034,0,3
230406,3039,70,1
230406,3062b,1059,1
230406,3062b,1139,1
230406,3062b,47,1
230406,3062b,1054,1
230406,3069b,5,1
230406,3069b,322,2
230406,3069b,70,4
230406,3070b,70,2
230406,3070b,5,8
230406,3070b,29,1
230406,3070b,226,6
230406,3070b,27,1
230406,3070b,322,6
230406,3070b,191,1
230406,3070bpr0234,71,1
230406,32606,10,1
230406,32607,10,2
230406,32828,4,4
230406,32828,0,1
230406,32952,15,6
230406,32952,19,2
230406,3460,322,1
230406,3622,19,6
230406,3623,322,2
230406,3666,19,2
230406,3666,4,1
230406,3666,322,2
230406,3678b,19,1
230406,3679,71,1
230406,3680,15,1
230406,3710,15,5
230406,3710,1,2
230406,3710,226,2
230406,3710,19,5
230406,37352,15,1
230406,3937,70,1
230406,3941,19,1
230406,4032a,322,1
230406,4070,4,1
230406,41740,322,2
230406,4304,4,1
230406,47457,322,1
230406,4865b,47,2
230406,53119,31,3
230406,54200,41,6
230406,54200,46,6
230406,59900,0,1
230406,60479,0,2
230406,60481,19,2
230406,60593,322,1
230406,60602,47,1
230406,6091,5,8
230406,6091,226,6
230406,6091,322,6
230406,61252,0,1
230406,6134,71,1
230406,6141,46,1
230406,6141,484,3
230406,6180,15,2
230406,6231,15,1
230406,6254,27,1
230406,6254,191,1
230406,63864,4,1
230406,64644,0,1
230406,65700,70,1
230406,67095,4,1
230406,69729,71,1
230406,70681,70,4
230406,77850,71,1
230406,78666,70,2
230406,78666,19,2
230406,85861,27,3
230406,85984,70,1
230406,87079,71,1
230406,87087,4,1
230406,87552,47,3
230406,87580,71,1
230406,93273,70,3
230406,93273,27,1
230406,98138,4,2
230406,98138,322,3
230406,98138,226,3
230406,98138pr0013,15,7
230406,98375,179,1
230406,99563,70,6
230406,99780,27,5
230406,99780,5,1
230406,99781,70,2
230435,10190,25,2
230435,11090,84,1
230435,11203,71,2
230435,11214,72,14
230435,11214,4,4
230435,11455,0,1
230435,11478,15,4
230435,11610,72,4
230435,11833,15,2
230435,11946,0,1
230435,11947,0,1
230435,11954,0,2
230435,14704,71,3
230435,14719,71,3
230435,14720,0,1
230435,15208,15,11
230435,15458,15,2
230435,15458,72,3
230435,15458,0,4
230435,15458,1,4
230435,15573,1,2
230435,15672,4,2
230435,15672,27,2
230435,15712,4,2
230435,15712,71,4
230435,1747,10,11
230435,18651,0,15
230435,18654,27,4
230435,18654,4,1
230435,18654,71,8
230435,18654,15,1
230435,18654,0,1
230435,18654,72,5
230435,18674,71,1
230435,18674,28,3
230435,18944,15,4
230435,18945,72,2
230435,18990,47,2
230435,19119,484,1
230435,19119,85,3
230435,19119,320,3
230435,22890,72,3
230435,22961,71,1
230435,22961,15,1
230435,22961,27,1
230435,22961,1,2
230435,2387,71,1
230435,2389,71,1
230435,2391,4,6
230435,2393,71,4
230435,23948,14,2
230435,23948,71,1
230435,2403,72,2
230435,24116,0,2
230435,24119,72,1
230435,24119,0,2
230435,24121,0,4
230435,24122,0,1
230435,24122,28,8
230435,24122,70,2
230435,2412b,15,2
230435,24201,4,5
230435,2423,326,1
230435,2423,484,1
230435,24316,70,1
230435,2438,14,2
230435,2438,72,1
230435,2438,0,2
230435,2442,0,2
230435,24855,70,3
230435,24866,25,1
230435,24866,15,1
230435,24866,29,1
230435,24866,226,1
230435,24866,10,4
230435,2540,28,1
230435,2566,0,1
230435,2654,33,3
230435,26599,71,1
230435,26601,15,2
230435,2714b,0,2
230435,27940,0,3
230435,27940,72,1
230435,3004,0,1
230435,30093,288,2
230435,3020,71,5
230435,3022,1,2
230435,3023,15,1
230435,30236,0,1
230435,3034,71,1
230435,30361c,71,1
230435,30374,70,2
230435,30385,35,1
230435,3068bpr0722,15,12
230435,3069b,71,1
230435,3069b,4,5
230435,3167,72,6
230435,3176,71,4
230435,32002,19,6
230435,32009,15,3
230435,32009,4,4
230435,32009,14,1
230435,32013,71,2
230435,32013,308,1
230435,32013,0,1
230435,32013,14,2
230435,32013,15,2
230435,32013,25,2
230435,32013,4,1
230435,32013,27,2
230435,32014,71,16
230435,32014,14,16
230435,32015,0,2
230435,32034,70,4
230435,32034,0,4
230435,32034,71,1
230435,32034,15,3
230435,32034,27,3
230435,32062,4,9
230435,32062,0,5
230435,32064a,0,1
230435,32073,71,30
230435,32073,14,7
230435,32123b,14,1
230435,32123b,71,4
230435,32140,15,2
230435,32140,14,4
230435,32140,0,4
230435,32140,72,5
230435,32140,71,2
230435,32184,72,3
230435,32184,71,1
230435,32184,14,2
230435,32184,0,1
230435,32192,71,2
230435,32192,4,2
230435,32271,72,2
230435,32278,15,4
230435,32278,71,7
230435,32291,0,3
230435,32316,72,6
230435,32316,71,2
230435,32316,2,10
230435,32316,14,5
230435,32316,0,14
230435,32316,1,9
230435,32449,0,2
230435,32449,71,4
230435,32474,191,1
230435,32474,15,1
230435,32523,72,17
230435,32523,0,7
230435,32523,27,3
230435,32523,2,2
230435,32523,71,1
230435,32523,15,2
230435,32523,14,7
230435,32523,1,3
230435,32524,72,8
230435,32524,71,22
230435,32524,1,5
230435,32524,0,1
230435,32525,272,2
230435,32525,72,11
230435,32525,27,6
230435,32525,70,2
230435,32525,71,3
230435,32526,10,4
230435,32526,14,1
230435,32526,0,1
230435,32526,27,8
230435,32526,71,1
230435,32526,72,7
230435,32526,2,2
230435,32607,10,1
230435,3262,4,1
230435,32803,15,1
230435,32952,1,4
230435,33121,4,4
230435,33172,30,2
230435,33183,191,1
230435,3386,15,2
230435,3484,15,3
230435,3484,0,1
230435,3666,212,2
230435,3673,14,6
230435,3673,71,38
230435,36840,71,2
230435,36841,4,2
230435,3701,15,2
230435,3705,0,2
230435,3705,4,1
230435,3707,0,1
230435,3713,0,1
230435,3713,4,1
230435,3713,71,9
230435,3749,19,8
230435,37695,10,1
230435,3832,15,1
230435,3916,1,2
230435,3941,0,1
230435,3942c,15,1
230435,39790,72,1
230435,39793,14,3
230435,39793,72,14
230435,39793,0,1
230435,39794,0,3
230435,39888,19,10
230435,4032a,71,2
230435,4032a,15,7
230435,4032a,4,3
230435,40490,15,6
230435,40490,72,6
230435,40490,1,1
230435,40490,2,7
230435,40490,14,6
230435,40490,71,1
230435,40490,0,9
230435,4081b,4,5
230435,41239,0,5
230435,41239,1,8
230435,41239,14,2
230435,41531,272,2
230435,41677,0,2
230435,41740,322,2
230435,41740,272,2
230435,42003,71,4
230435,42003,27,1
230435,42135,71,8
230435,42135,1,1
230435,42195,71,1
230435,4274,71,2
230435,4286,71,1
230435,42924,1,165
230435,4304,71,2
230435,43093,1,52
230435,4367,191,2
230435,4367,5,2
230435,43722,71,1
230435,43723,71,1
230435,43857,71,4
230435,43857,14,1
230435,43857,72,8
230435,43857,1,4
230435,43857,0,1
230435,43857,4,1
230435,44294,71,1
230435,44294,14,4
230435,44375b,15,3
230435,4519,71,4
230435,4519,14,13
230435,45677pr0027,15,4
230435,4590,71,2
230435,4735,0,1
230435,4738c,70,1
230435,4739a,70,1
230435,4740,15,6
230435,4871,15,3
230435,49130,71,4
230435,49577,26,1
230435,49577,1050,2
230435,50450,0,2
230435,52107,4,5
230435,53912,15,2
230435,54200,71,1
230435,54200,27,1
230435,54200,15,2
230435,55982,0,1
230435,58176,35,1
230435,59443,14,13
230435,59443,71,4
230435,59900,72,4
230435,59900,70,1
230435,6014b,14,4
230435,60483,2,1
230435,60483,0,2
230435,60483,72,2
230435,60484,15,2
230435,60484,72,11
230435,60484,0,4
230435,60484,14,1
230435,60485,71,7
230435,6091,4,5
230435,61184,71,3
230435,61252,14,2
230435,61332,0,374
230435,61408,71,2
230435,6141,15,15
230435,6141,14,2
230435,61483,71,2
230435,6233,15,1
230435,6233,72,3
230435,62462,25,2
230435,62462,4,1
230435,62462,14,3
230435,62462,1,1
230435,62462,71,4
230435,62462,27,2
230435,62531,0,2
230435,63869,0,1
230435,63869,71,2
230435,63965,70,2
230435,63965,0,2
230435,64179,15,1
230435,64179,0,5
230435,64179,71,1
230435,64392,0,3
230435,64393,0,1
230435,64681,0,1
230435,64682,0,3
230435,64683,15,1
230435,64782,72,3
230435,64782,0,5
230435,64951,70,1
230435,65090,9999,1
230435,65249,15,1
230435,65304,4,1
230435,65304,297,1
230435,65304,71,9
230435,65304,27,1
230435,6536,19,4
230435,65487,71,2
230435,65487,0,5
230435,65489,71,2
230435,6553,0,1
230435,6587,28,1
230435,6629,71,2
230435,6629,72,2
230435,6632,15,2
230435,6632,0,2
230435,66906,4,2
230435,66906,0,3
230435,68211,323,2
230435,68211,70,1
230435,69819,0,1
230435,71708,71,6
230435,71709,72,3
230435,71709,14,1
230435,73230,72,2
230435,73507,71,12
230435,75937,71,2
230435,77765,71,3
230435,78258,72,1
230435,78329,15,2
230435,79851,0,6
230435,80285,4,2
230435,80286,0,2
230435,80324,15,3
230435,80477,72,1
230435,80497,4,4
230435,85861,70,1
230435,85861,0,4
230435,85861,15,11
230435,85984,0,1
230435,87080,71,2
230435,87080,0,2
230435,87081,4,6
230435,87086,0,1
230435,87408,0,1
230435,87580,71,3
230435,87994,72,4
230435,89201,0,1
230435,89678,4,20
230435,89678,72,21
230435,89679,0,2
230435,93273,15,4
230435,93606,71,1
230435,98138,46,4
230435,98138,158,2
230435,98138,322,2
230435,98138,0,10
230435,98138pr0008,15,2
230435,98138pr0107,0,4
230435,98585,4,1
230435,99008,19,8
230435,99009,71,1
230435,99010,0,1
230436,10048,308,1
230436,10190,15,2
230436,10190,25,2
230436,102285pr0001,10,1
230436,10928,72,1
230436,11211,72,2
230436,11211,29,2
230436,11211,1,2
230436,11301,15,1
230436,11477,25,4
230436,14518,71,1
230436,15068,322,2
230436,15208,15,1
230436,15279,10,3
230436,15469,212,1
230436,15573,29,2
230436,15573,322,2
230436,15672,15,3
230436,15672,14,2
230436,15672,27,2
230436,1578,72,1
230436,1578,0,1
230436,1748,322,2
230436,17485,25,8
230436,18575,19,2
230436,18651,0,1
230436,18674,191,2
230436,19119,85,2
230436,19220,0,2
230436,1927,15,2
230436,20512pr0005,71,1
230436,20596,484,1
230436,20953,14,1
230436,23186,0,1
230436,23186,322,1
230436,2357,272,2
230436,2357,0,1
230436,2412b,25,2
230436,2417,1,1
230436,2420,272,2
230436,2423,29,2
230436,2445,3,2
230436,2456,322,2
230436,24866,212,2
230436,24866,26,1
230436,24866,15,2
230436,24866,14,4
230436,24866,27,1
230436,24866,25,11
230436,24866,29,6
230436,24866,1050,1
230436,2498,322,2
230436,25269,27,4
230436,2540,0,1
230436,2654,15,4
230436,2730,71,2
230436,2752,71,2
230436,27940,0,1
230436,28621pr0021,14,1
230436,28621pr4057,14,1
230436,3001,3,8
230436,3001,29,8
230436,3001,72,8
230436,3001,191,6
230436,3001,322,8
230436,3001,19,8
230436,3001,15,4
230436,3003,15,4
230436,3003,29,4
230436,3003,288,1
230436,3003,72,5
230436,3003,1,2
230436,3003,322,4
230436,3004,191,4
230436,3004,322,6
230436,3004,3,4
230436,3004,321,2
230436,3005,191,2
230436,3005,29,4
230436,3005,47,4
230436,3005,15,1
230436,3005,26,1
230436,3005,72,5
230436,3005,1062,2
230436,3007,15,2
230436,3008,72,2
230436,30089b,27,1
230436,30089b,0,1
230436,3009,322,2
230436,3009,3,2
230436,30090,41,2
230436,30093,288,3
230436,3010,322,8
230436,3010,29,8
230436,3010,3,8
230436,3020,322,2
230436,3020,71,1
230436,3022,191,2
230436,30222,33,2
230436,3023,15,4
230436,3023,0,3
230436,3032,28,2
230436,3034,322,2
230436,3034,15,4
230436,30340,25,1
230436,3035,322,2
230436,3035,72,1
230436,3039,3,4
230436,3039,0,1
230436,3039,31,2
230436,3040b,72,1
230436,3040b,71,2
230436,3040b,29,4
230436,3040b,191,2
230436,3062b,47,4
230436,3062b,31,5
230436,3062b,15,4
230436,3062b,321,2
230436,3062b,26,1
230436,3065,41,8
230436,3065,182,4
230436,3065,47,4
230436,3066,1095,8
230436,3068bpr0722,15,6
230436,3069b,272,2
230436,32015,1,2
230436,32062,0,2
230436,32064a,71,2
230436,32270,0,4
230436,32324,71,2
230436,32530,0,1
230436,32607,2,2
230436,32607,288,3
230436,32607,27,1
230436,3262,25,4
230436,3298,0,1
230436,33121,4,1
230436,3460,1062,2
230436,3484,0,1
230436,35480,0,1
230436,35480,1,2
230436,3556,1055,4
230436,35701,25,1
230436,3626cpr1967,14,1
230436,3626cpr2614,14,1
230436,3626cpr3769,14,1
230436,3626cpr9729,14,1
230436,3648b,72,1
230436,3659,72,2
230436,3659,70,1
230436,3660,191,4
230436,3666,25,4
230436,3666,71,2
230436,36840,1,2
230436,36841,212,2
230436,3700,15,2
230436,3700,272,1
230436,3701,15,1
230436,3701,72,2
230436,3702,321,1
230436,3705,0,3
230436,3706,4,2
230436,3707,0,2
230436,3710,71,1
230436,3710,29,4
230436,3710,15,1
230436,3713,4,2
230436,37308,15,1
230436,3749,19,7
230436,37695,31,4
230436,3795,29,2
230436,3829c01,1,1
230436,3838a,25,1
230436,3838a,15,1
230436,3937,0,1
230436,3938,0,1
230436,3941,47,5
230436,3941,14,1
230436,4032a,0,2
230436,4032a,25,4
230436,4032a,15,4
230436,4079b,272,1
230436,41531,272,2
230436,41539,19,2
230436,41740,272,4
230436,41879a,2,1
230436,41879a,321,1
230436,41879a,1,1
230436,4274,15,2
230436,4286,191,4
230436,42924,1,2
230436,4367,15,3
230436,4367,5,1
230436,44568,71,2
230436,44865,15,2
230436,4519,14,1
230436,4519,71,1
230436,4735,0,1
230436,4738c,70,1
230436,4739a,70,1
230436,4790b,70,1
230436,49307,1050,4
230436,49577,1050,1
230436,49577,3,1
230436,50665,25,1
230436,50665,15,1
230436,52107,15,2
230436,52979,47,2
230436,54091,15,2
230436,54095,15,1
230436,54200,72,3
230436,54200,27,4
230436,58176,35,1
230436,59443,71,2
230436,59900,158,4
230436,59900,71,2
230436,6005,25,2
230436,60479,71,2
230436,6091,288,2
230436,6111,19,2
230436,61332,0,22
230436,61345,1,2
230436,6141,14,6
230436,6141,1,2
230436,6215,322,2
230436,6223,47,4
230436,64648,25,1
230436,64648,4,1
230436,6541,72,2
230436,6553,0,1
230436,65768,0,1
230436,65826,10,4
230436,66757,14,1
230436,67351,14,1
230436,68211,70,2
230436,68488,15,1
230436,73230,321,2
230436,73230,25,2
230436,74611,19,1
230436,75867,0,1
230436,80177,272,1
230436,80178,272,1
230436,80497,326,2
230436,85543,15,1
230436,85861,158,4
230436,85861,47,5
230436,85984,0,1
230436,87087,3,2
230436,88072,15,2
230436,91405,19,2
230436,92438,3,2
230436,92950,323,1
230436,95347,1050,2
230436,95354,0,2
230436,96874,25,2
230436,970c34,25,1
230436,970c38,191,1
230436,970c60,1050,1
230436,973c01h01pr6367,15,1
230436,973c03h01pr4813,0,1
230436,973c03h01pr6727,15,1
230436,973c22h01pr3432,15,1
230436,973c27h01pr6420,15,1
230436,973c31h01pr4903,15,1
230436,98138,1000,2
230436,98138pr0026,15,2
230436,98138pr0082,15,2
230436,98138pr0083,15,2
230436,98138pr0273,15,2
230436,98138pr0384,15,2
230436,98138pr0390,15,2
230437,11198,27,1
230437,15515,27,1
230437,2390,27,1
230437,24806,14,1
230437,29304,226,2
230437,3011,4,4
230437,3011,14,4
230437,3011,73,4
230437,3011,2,4
230437,3011,25,4
230437,3011,1,4
230437,3118,27,1
230437,3118,25,1
230437,3437,191,1
230437,35088,158,1
230437,35130,14,1
230437,43848,1,1
230437,43849,14,1
230437,43877pr0001,71,1
230437,48019c01pr0104,322,1
230437,52259,25,1
230437,6510,322,1
230437,65245pr0078,29,1
230437,76371,41,1
230437,76371,1062,1
230437,84190pr0001,27,1
230437,84194,27,1
230437,84195,1050,2
230437,84195,30,1
230437,84195,4,1
230437,84195,14,1
230437,89158,10,1
230437,98218,322,1
230437,98252,14,1
230437,98252,27,1
230454,10108247,9999,1
230454,11153,70,6
230454,11153,320,2
230454,11153,72,1
230454,11203,19,4
230454,11211,70,1
230454,11211,72,2
230454,11211,28,1
230454,11212,0,4
230454,11212,19,2
230454,11214,4,2
230454,11215,84,3
230454,11215,322,1
230454,11476,19,4
230454,11477,322,2
230454,11477,15,6
230454,11477,0,2
230454,11477,72,4
230454,13547,70,2
230454,13547,72,1
230454,13591,0,1
230454,13731,272,5
230454,13731,320,2
230454,13731,0,4
230454,13731,72,2
230454,14417,72,4
230454,14418,71,4
230454,14704,71,3
230454,14716,19,1
230454,14719,320,2
230454,14719,272,2
230454,14719,0,4
230454,14769,14,4
230454,15068,19,2
230454,15068,15,3
230454,15068,72,5
230454,15068,0,4
230454,15068,272,7
230454,15070,297,2
230454,15070,15,2
230454,15207,71,1
230454,15208,15,8
230454,15571,15,1
230454,15573,320,1
230454,15573,272,10
230454,15573,72,3
230454,15573,70,4
230454,15573,4,2
230454,15573,322,1
230454,15672,15,2
230454,15712,297,1
230454,15712,0,2
230454,16091,71,1
230454,16091,0,1
230454,1745,15,4
230454,1748,0,1
230454,1748,15,2
230454,1748,19,2
230454,18654,0,1
230454,18654,297,2
230454,18674,322,1
230454,1927,272,2
230454,1927,19,2
230454,19798,0,2
230454,20482,0,7
230454,20482,297,8
230454,20482,80,2
230454,20482,71,1
230454,22390,272,1
230454,22484,0,3
230454,22885,19,1
230454,22885,15,2
230454,22961,0,2
230454,2310,72,1
230454,23443,0,1
230454,23443,297,1
230454,23769,0,1
230454,2387,15,1
230454,2389,15,1
230454,23924,0,2
230454,23969,19,4
230454,24122,15,1
230454,2412b,70,2
230454,2420,70,3
230454,2420,72,2
230454,2420,4,4
230454,2420,73,1
230454,2420,320,2
230454,2420,272,4
230454,2420,15,2
230454,24201,29,3
230454,24246,71,1
230454,24299,272,1
230454,24299,72,4
230454,24299,15,2
230454,24299,70,1
230454,24307,15,2
230454,24307,72,4
230454,24307,70,1
230454,24307,272,1
230454,2431,0,6
230454,2431,70,9
230454,2431,19,5
230454,2445,0,2
230454,2445,72,1
230454,2456,322,1
230454,2465,0,8
230454,25269,15,10
230454,26047,297,1
230454,2614,0,4
230454,2630,84,1
230454,2653,378,2
230454,2654,72,2
230454,26601,0,2
230454,26601,15,4
230454,26603,15,1
230454,26604,4,2
230454,26604,15,2
230454,27261,15,3
230454,27263,15,2
230454,27448,0,1
230454,28192,72,6
230454,28192,0,10
230454,28802,72,2
230454,28974,0,1
230454,29109,179,1
230454,29119,320,1
230454,29119,72,5
230454,29119,15,5
230454,29120,320,1
230454,29120,72,5
230454,29120,15,4
230454,298c02,71,1
230454,3001,84,1
230454,3001,4,2
230454,3002,272,1
230454,3003,322,2
230454,3004,70,2
230454,3004,322,2
230454,3004,19,6
230454,3004,0,3
230454,3005,0,2
230454,3005,15,1
230454,3005,19,3
230454,3005,72,2
230454,3008,0,7
230454,30089b,0,1
230454,3009,0,2
230454,3009,70,1
230454,3010,70,1
230454,3010,84,4
230454,3010,19,1
230454,30132,72,1
230454,30162,0,1
230454,3020,0,3
230454,3020,4,2
230454,3020,15,3
230454,3020,29,1
230454,3020,322,1
230454,3021,19,5
230454,3021,70,1
230454,3021,15,5
230454,3021,320,2
230454,3022,0,1
230454,3022,320,2
230454,3022,272,2
230454,3022,25,1
230454,3022,322,8
230454,3022,15,2
230454,3022,70,3
230454,3022,84,1
230454,30229,72,1
230454,3023,72,10
230454,3023,29,12
230454,3023,71,1
230454,3023,70,6
230454,3023,19,19
230454,3023,0,7
230454,3023,321,3
230454,3023,288,2
230454,3023,15,24
230454,30237b,19,1
230454,3024,72,13
230454,3024,15,5
230454,3024,19,9
230454,3024,320,2
230454,3024,29,2
230454,3027,0,1
230454,3029,0,1
230454,3030,19,2
230454,3031,0,3
230454,3032,28,2
230454,3034,19,2
230454,3034,0,2
230454,30340,15,2
230454,30340,25,2
230454,30357,0,4
230454,30357,272,1
230454,3036,320,1
230454,30374,0,1
230454,30377,71,4
230454,30414,19,10
230454,30414,72,2
230454,3044c,72,1
230454,3045,272,2
230454,3062b,80,2
230454,3062b,322,1
230454,3062b,19,2
230454,3068b,272,3
230454,3068b,70,1
230454,3068b,19,1
230454,3068b,15,1
230454,3068b,72,1
230454,3068b,0,2
230454,3068b,320,2
230454,3069b,0,4
230454,3069b,320,4
230454,3069b,70,5
230454,3069b,15,2
230454,3069b,72,2
230454,3069b,19,1
230454,3069b,29,2
230454,3069bpr0301,71,1
230454,3069bpr0417,15,1
230454,3070b,72,1
230454,3070b,0,1
230454,3070b,272,6
230454,3070b,70,3
230454,3070b,15,2
230454,3172,4,2
230454,32000,19,1
230454,32016,0,2
230454,32028,297,2
230454,32062,4,2
230454,32073,14,2
230454,32123b,71,2
230454,32123b,15,6
230454,32124,15,1
230454,32828,72,2
230454,32952,19,1
230454,32952,70,4
230454,33078,84,2
230454,3386,0,1
230454,3386,71,1
230454,3386,15,2
230454,33909,19,1
230454,33909,288,3
230454,33909,4,1
230454,34076,0,1
230454,34103,15,2
230454,34103,70,3
230454,3460,0,4
230454,3460,320,2
230454,3460,19,2
230454,3484,297,1
230454,3504,72,2
230454,3504,0,2
230454,3505,72,2
230454,3505,0,2
230454,35464,72,2
230454,35480,5,1
230454,35480,322,4
230454,3563,70,1
230454,3563,484,1
230454,3567,14,2
230454,35787,4,2
230454,35787,72,2
230454,3622,70,4
230454,3623,72,3
230454,3623,19,7
230454,3623,15,2
230454,3666,70,7
230454,3666,322,3
230454,3666,72,2
230454,3666,19,1
230454,36840,71,1
230454,36841,72,2
230454,36841,10,1
230454,36841,4,1
230454,3700,72,2
230454,3700,70,2
230454,3701,0,2
230454,3706,0,2
230454,3710,0,16
230454,3710,15,21
230454,3710,320,2
230454,3710,72,6
230454,3710,70,6
230454,3710,19,3
230454,3738,84,2
230454,37762,0,1
230454,37762,15,2
230454,37762,70,4
230454,3795,72,2
230454,3795,272,2
230454,3795,70,1
230454,3795,15,2
230454,3832,0,2
230454,3832,19,2
230454,38799,0,1
230454,3899,15,2
230454,3917,15,2
230454,3937,212,1
230454,3937,70,2
230454,3941,84,1
230454,3941,14,5
230454,39789,4,1
230454,4032a,14,14
230454,4032a,378,2
230454,4151b,28,2
230454,41539,84,1
230454,4162,272,3
230454,4162,320,7
230454,4162,0,17
230454,41677,0,2
230454,41677,15,5
230454,41682,72,3
230454,41682,19,2
230454,41740,320,2
230454,41740,272,5
230454,41740,70,4
230454,41769,15,1
230454,41769,320,1
230454,41770,320,1
230454,41770,15,1
230454,4282,0,2
230454,4286,19,2
230454,42862,72,1
230454,42862,272,1
230454,4287c,0,2
230454,4287c,70,2
230454,42918,15,1
230454,42918,0,2
230454,4304,71,1
230454,4304,72,5
230454,4304,70,5
230454,4304,15,2
230454,4304,19,2
230454,4349,0,1
230454,43722,0,1
230454,43722,72,1
230454,43723,72,1
230454,43723,0,1
230454,44301b,15,1
230454,4460b,19,2
230454,4460b,72,1
230454,44728,1,3
230454,44728,72,4
230454,4477,70,2
230454,4477,19,4
230454,44861,3,4
230454,4519,71,6
230454,4569,72,2
230454,4733,72,1
230454,4740,297,1
230454,47905,72,2
230454,48165,272,1
230454,48165,72,1
230454,48336,71,2
230454,48336,4,1
230454,48336,70,1
230454,49492,71,2
230454,49668,15,2
230454,50304,0,1
230454,50304,72,1
230454,50305,0,1
230454,50305,72,1
230454,50340,15,1
230454,5090,0,8
230454,5093,15,1
230454,5095,15,1
230454,50950,272,2
230454,50950,320,2
230454,50955,272,4
230454,50956,272,4
230454,51239,308,1
230454,51266,47,1
230454,53540,0,1
230454,5382,72,2
230454,5414,0,1
230454,5414,15,7
230454,5415,15,7
230454,5415,0,1
230454,54200,72,6
230454,54383,320,1
230454,54384,320,1
230454,5520,84,1
230454,5555,19,1
230454,5711,272,1
230454,57360,0,1
230454,57697,0,1
230454,5830,272,1
230454,59230,19,6
230454,59443,15,10
230454,59900,71,1
230454,60475b,19,2
230454,60475b,272,2
230454,60477,15,1
230454,60478,71,6
230454,60479,0,5
230454,60483,0,3
230454,60592,308,1
230454,60594,19,4
230454,60603,47,4
230454,60897,19,3
230454,6091,15,2
230454,61252,297,2
230454,61332,0,1
230454,6134,70,1
230454,6134,15,1
230454,6134,0,1
230454,61409,19,2
230454,6179,0,2
230454,6190,0,4
230454,63864,72,1
230454,63864,19,2
230454,63864,0,8
230454,63864,4,1
230454,63868,4,2
230454,63868,19,4
230454,63965,179,1
230454,65304,297,2
230454,6541,29,2
230454,6541,19,6
230454,6541,70,2
230454,65426,15,2
230454,65429,15,2
230454,65509,272,1
230454,65509,70,1
230454,65578,0,1
230454,6587,28,3
230454,6636,19,2
230454,6636,320,2
230454,6636,4,1
230454,6636,70,13
230454,6636,0,2
230454,66909,71,2
230454,66955,72,2
230454,66956,29,1
230454,67095,0,1
230454,67329,29,3
230454,67329,15,1
230454,68013,15,1
230454,69729,272,2
230454,69729,0,1
230454,69729,84,1
230454,69729pr0037,320,1
230454,69729pr0038,0,1
230454,69958,272,3
230454,70681,72,1
230454,70681,272,5
230454,71710,0,1
230454,71752,0,8
230454,72132,0,2
230454,73230,72,4
230454,73562,378,1
230454,73562,15,1
230454,73825,4,2
230454,73825,0,2
230454,73825,72,4
230454,73825,320,2
230454,73825,19,2
230454,76766,15,1
230454,76959,70,1
230454,76959,0,2
230454,77108,0,1
230454,77808,297,2
230454,77813,0,3
230454,77844,0,4
230454,77844,320,2
230454,77844,84,2
230454,77845,0,1
230454,78256,322,1
230454,78329,272,2
230454,78329,15,4
230454,78329,19,2
230454,78329,84,2
230454,78329,4,2
230454,78443,272,1
230454,78444,272,1
230454,79194,71,1
230454,79194,19,1
230454,79389,72,1
230454,79389,0,2
230454,80177,15,3
230454,80177,72,1
230454,80177,0,1
230454,80178,0,1
230454,80178,72,1
230454,80178,15,3
230454,80543,72,1
230454,85861,0,10
230454,85861,297,15
230454,85940,0,1
230454,85975,297,1
230454,85984,29,1
230454,85984,70,1
230454,85984,15,1
230454,85984,320,1
230454,85984,0,2
230454,85984,72,4
230454,85984,19,2
230454,86876,19,2
230454,86876,70,2
230454,87079,84,1
230454,87079,272,7
230454,87079,29,2
230454,87079,4,1
230454,87079pr0347,0,2
230454,87087,72,3
230454,87087,19,7
230454,87580,70,4
230454,87994,19,3
230454,88072,72,1
230454,88930,0,10
230454,89648,19,1
230454,89649,47,1
230454,89678,72,22
230454,90370,71,1
230454,92338,179,1
230454,92438,0,1
230454,92589,71,2
230454,93274,72,2
230454,93606,15,1
230454,93609,28,4
230454,93789,179,6
230454,95343,71,1
230454,95344,0,1
230454,96874,25,1
230454,98138,47,1
230454,98138pr0051,297,1
230454,98138pr0256,297,1
230454,98397,15,2
230454,99021,308,2
230454,99207,19,12
230454,99207,70,1
230454,99207,0,9
230454,99563,25,2
230454,99563,19,6
230454,99563,70,2
230454,99781,72,4
230454,99781,70,1
230454,99781,29,2
230536,2698c01pr0008,9999,1
230536,2715,15,1
230536,2716,47,1
230539,2698c01pr0013,9999,1
230539,2715,3,1
230539,2716,0,1
230543,11476,71,1
230543,15712,297,1
230543,1748,1136,1
230543,2817,0,2
230543,3062b,1059,1
230543,3069b,379,2
230543,3673,14,4
230543,3795,72,1
230543,3829c01,15,1
230543,4740,71,1
230543,4871,15,1
230543,55889,0,4
230543,59900,71,1
230543,87580,71,1
230543,98138pr0380,15,1
230543,98397,0,1
230544,3626cpr0933,14,1
230544,49663pat0003,321,1
230544,89159,47,1
230544,970c27pr2577,272,1
230544,973c04h05pr6870,15,1
230666,11153,320,4
230666,11214,4,2
230666,11476,0,1
230666,11477,14,6
230666,11477,320,4
230666,13547,14,2
230666,14417,72,4
230666,14418,71,3
230666,14704,71,1
230666,15068,320,3
230666,15068,272,4
230666,15208,15,8
230666,15573,320,4
230666,15573,272,1
230666,18031,179,1
230666,23443,320,5
230666,2420,14,4
230666,26047,71,2
230666,28802,0,3
230666,29119,320,2
230666,29120,320,2
230666,3004,0,3
230666,3020,320,4
230666,3020,14,3
230666,3021,14,3
230666,3022,320,7
230666,3022,272,2
230666,3022,14,7
230666,3023,25,4
230666,30357,320,4
230666,30374,0,1
230666,30565,272,2
230666,3062b,4,2
230666,32062,4,2
230666,32064a,320,4
230666,3299,0,1
230666,35044,272,8
230666,3623,320,4
230666,3623,14,2
230666,3710,272,2
230666,3795,14,2
230666,3795,320,2
230666,40379,15,2
230666,4081b,0,4
230666,4081b,320,4
230666,43712,320,1
230666,43713,14,1
230666,43719,14,1
230666,44301b,4,6
230666,44302b,0,6
230666,44674,320,1
230666,44728,0,2
230666,44861,4,1
230666,47455,72,4
230666,48169,72,2
230666,48170,72,2
230666,48171,0,2
230666,48172,0,1
230666,48336,0,2
230666,52107,14,3
230666,53451,15,4
230666,53451,14,2
230666,54200,320,4
230666,54200,272,4
230666,59900,320,2
230666,60470b,4,3
230666,60478,71,2
230666,60897,72,4
230666,6141,36,3
230666,6141,297,3
230666,6141,35,3
230666,63864,4,1
230666,63868,72,3
230666,64644,297,1
230666,85959pat0003,36,1
230666,87079,0,1
230666,87747,15,6
230666,92338,297,1
230666,93274,0,2
230666,99781,0,4
230830,11090,71,2
230830,23443,71,4
230830,27925,322,4
230830,28192,15,1
230830,3005pr0024,182,1
230830,30166,71,1
230830,3023,15,2
230830,3069bpr0300,15,1
230830,3069bpr0371,15,1
230830,32828,71,3
230830,3941,15,1
230830,4740,15,1
230830,48729b,71,3
230830,53020,212,1
230830,60474,71,1
230830,60897,15,2
230830,6141,46,1
230830,77862pr0002,71,1
230830,85984,15,1
230830,87580,28,1
230830,99780,15,2
230907,3004,25,4
230907,3004,14,4
230907,3004,27,4
230907,3004,0,4
230907,3004,158,4
230907,3004,15,4
230907,3005,25,4
230907,3005,29,4
230907,3005,378,4
230907,3005,1,4
230907,3005,14,4
230907,3010,15,4
230907,3010,27,4
230907,3010,29,4
230907,3010,322,4
230907,3010,25,4
230907,3010,4,4
230907,3023,84,4
230907,3023,25,4
230907,3023,27,4
230907,3040b,4,4
230907,3040b,25,4
230907,3040b,15,4
230907,3040b,2,4
230907,3065,41,8
230907,3665,25,4
230907,3665,14,4
230907,3665,321,4
230907,3710,27,4
230907,3710,30,4
230907,3710,25,4
230907,3710,4,4
230907,3710,0,4
230907,54200,25,4
230907,54200,2,4
230907,54200,182,4
230907,54200,46,4
230907,54200,14,4
230907,54200,33,4
230935,10169,84,1
230935,12825,4,1
230935,15573,15,1
230935,22667,26,1
230935,22667,27,2
230935,2343,297,1
230935,2343,47,2
230935,2415,71,1
230935,2423,2,1
230935,2431,70,1
230935,2489,308,1
230935,298c02,4,1
230935,3003,0,1
230935,30031,0,1
230935,3010,70,2
230935,30137,84,1
230935,30137,70,1
230935,30153,36,2
230935,30153,46,1
230935,30153,47,1
230935,3020,15,4
230935,3020,70,1
230935,3021,15,2
230935,3022,14,1
230935,3022,2,2
230935,3022,15,3
230935,3022,27,1
230935,3023,25,1
230935,3023,15,1
230935,3023,4,1
230935,3024,4,3
230935,3024,15,3
230935,3031,70,1
230935,30367c,15,1
230935,3037,4,1
230935,30374,70,1
230935,3040b,2,4
230935,30414,19,1
230935,3062b,19,4
230935,3062b,70,4
230935,3062b,15,3
230935,3068bpr0138,15,1
230935,3069bpr0099,15,1
230935,3176,1,1
230935,32530,72,1
230935,33048,484,1
230935,33051,10,1
230935,33057,484,2
230935,33085,14,1
230935,33125,484,1
230935,33172,25,1
230935,33320,2,1
230935,3464,15,1
230935,3626c,15,1
230935,3673,71,1
230935,3710,70,1
230935,3710,1,2
230935,3710,4,4
230935,3710,15,4
230935,3794b,27,2
230935,3829c01,15,1
230935,3835,0,1
230935,3837,72,1
230935,3839b,72,4
230935,3899,14,2
230935,3899,4,1
230935,3941,70,1
230935,3941,19,2
230935,3962b,0,1
230935,4070,15,1
230935,4286,2,4
230935,4342,84,1
230935,4345b,4,1
230935,4346,4,1
230935,4349,4,1
230935,4489b,70,2
230935,4590,72,1
230935,4600,71,2
230935,4624,15,2
230935,4738b,70,2
230935,48336,2,1
230935,52107,0,1
230935,54200,0,1
230935,54200,15,7
230935,58176,33,2
230935,59895,0,3
230935,59900,2,1
230935,60594,4,1
230935,60608,14,2
230935,6141,297,1
230935,6141,4,4
230935,6141,182,2
230935,6141,36,2
230935,6141,33,2
230935,6141,46,3
230935,61482,71,1
230935,6231,14,4
230935,6256,191,1
230935,64567,71,1
230935,85984,14,2
230935,85984,15,1
230935,87580,4,1
230935,88072,15,1
230935,88289,308,1
230935,92586pr0001,84,1
230935,92590,28,1
230935,92946,1,2
230935,93160,15,1
230935,93555,179,2
230935,93568pat0001,84,1
230935,95228,34,1
230935,95674,0,1
230935,98138,33,1
230935,98138pr0018,84,1
230935,98283,28,2
230935,99774,72,2
230937,3626cpr0499,14,1
230937,41879a,1,1
230937,62810,484,1
230937,973c27h01pr1573,15,1
231099,10105333,9999,1
231099,10197,72,2
231099,10197,0,2
231099,10247,0,1
231099,11203,0,2
231099,11214,4,10
231099,11214,72,44
231099,11477,0,2
231099,11478,0,9
231099,11478,72,4
231099,11946,72,4
231099,11946,1136,1
231099,11947,1136,1
231099,11947,72,4
231099,11950,71,2
231099,14769,0,1
231099,14769pr9978,0,5
231099,15458,1136,3
231099,15458,0,3
231099,15462,70,11
231099,18575,0,1
231099,18575,19,2
231099,18651,0,21
231099,18654,15,16
231099,18654,1136,39
231099,18654,71,2
231099,18654,72,7
231099,18654,0,55
231099,18674,0,2
231099,18677,0,4
231099,18945,1136,2
231099,18946,4,5
231099,18947,72,4
231099,18948,15,4
231099,20482,0,2
231099,22961,71,8
231099,22961,72,2
231099,22961,0,6
231099,2387,72,1
231099,2387,0,1
231099,2387,1136,6
231099,2389,0,1
231099,2389,72,1
231099,2389,1136,6
231099,2391,72,6
231099,2391,1136,4
231099,2393,71,3
231099,23948,71,1
231099,24119,0,2
231099,2412b,0,25
231099,2420,0,2
231099,24246,1136,4
231099,2431,15,1
231099,2431,0,6
231099,24316,70,25
231099,2471,4,1
231099,2477,0,4
231099,26603,71,1
231099,2741,0,1
231099,27940,1,2
231099,27940,72,1
231099,2825,0,5
231099,3004,71,2
231099,3004,0,2
231099,30162,0,4
231099,3020,0,4
231099,3021,0,2
231099,3021,71,2
231099,3023,36,4
231099,3023,47,2
231099,3023,1136,4
231099,3023,0,2
231099,3024,47,2
231099,3024,36,6
231099,3024,1136,3
231099,3034,0,1
231099,30374,0,2
231099,30374,47,2
231099,30374,36,4
231099,30602,0,2
231099,3069b,36,3
231099,3069b,1,1
231099,3069b,0,5
231099,3070b,47,2
231099,3070b,0,2
231099,3070b,36,1
231099,31794,71,2
231099,32000,71,3
231099,32000,0,12
231099,32002,19,5
231099,32005a,72,2
231099,32009,0,8
231099,32013,1136,10
231099,32013,0,6
231099,32014,0,6
231099,32015,1136,2
231099,32016,0,6
231099,32016,1136,2
231099,32017,14,1
231099,32034,0,7
231099,32056,0,8
231099,32056,1136,10
231099,32062,4,139
231099,32065,0,1
231099,32073,71,3
231099,32073,14,15
231099,32123b,71,43
231099,32126,0,4
231099,32140,72,17
231099,32140,0,15
231099,32140,1136,11
231099,32184,71,26
231099,32184,0,8
231099,32192,0,8
231099,32198,19,1
231099,32278,0,7
231099,32278,1136,6
231099,32291,71,2
231099,32291,1136,2
231099,32293,0,1
231099,32316,72,2
231099,32316,1136,10
231099,32316,71,2
231099,32316,0,8
231099,32348,0,2
231099,32449,15,5
231099,32449,0,12
231099,32474,71,1
231099,32474,0,1
231099,32494,71,4
231099,32523,71,3
231099,32523,0,17
231099,32523,15,2
231099,32523,72,8
231099,32523,1136,23
231099,32524,72,8
231099,32524,1136,14
231099,32524,71,7
231099,32524,0,13
231099,32525,1136,3
231099,32525,72,3
231099,32525,0,5
231099,32526,71,13
231099,32526,1136,2
231099,32526,0,22
231099,32526,72,2
231099,32557,0,2
231099,32803,0,1
231099,3484,0,2
231099,3590,2,1
231099,3666,1136,1
231099,3673,71,4
231099,3705,0,26
231099,3705,4,2
231099,3706,0,7
231099,3706,4,4
231099,3707,0,5
231099,3708,0,6
231099,3710,1136,3
231099,3710,0,3
231099,3713,4,12
231099,3737,4,2
231099,3749,19,1
231099,3895,0,1
231099,39790,0,1
231099,39793,0,2
231099,39794,0,2
231099,4032a,0,5
231099,40490,0,12
231099,40490,1136,7
231099,41239,72,2
231099,41239,1136,4
231099,41239,0,1
231099,4159,25,1
231099,4162,0,4
231099,41677,0,11
231099,41677,1,15
231099,4185,71,1
231099,42003,0,2
231099,42003,1136,15
231099,42003,72,15
231099,42003,71,2
231099,42135,1136,10
231099,42135,0,7
231099,42135,71,2
231099,42195,4,1
231099,42195,0,8
231099,42195,2,1
231099,42195,71,2
231099,42924,1,146
231099,43093,1,125
231099,4368,71,6
231099,4369,14,6
231099,43857,4,1
231099,43857,0,2
231099,43898,47,2
231099,4423,0,1
231099,44294,71,10
231099,4450,1136,10
231099,4455,0,5
231099,4472,0,1
231099,44809,4,4
231099,44874,71,2
231099,44874,0,6
231099,4519,71,60
231099,45590,0,2
231099,4740,47,2
231099,49294,0,5
231099,50451,0,1
231099,51149,4,3
231099,52730,72,2
231099,52731,71,2
231099,54200,1136,3
231099,54200,47,2
231099,54200,72,3
231099,59426,72,5
231099,59443,0,27
231099,59443,1136,65
231099,59443,72,9
231099,59443,71,11
231099,60476,0,8
231099,60483,0,57
231099,60483,1136,38
231099,60483,72,6
231099,60484,0,13
231099,60485,14,3
231099,61184,71,8
231099,61252,71,1
231099,61332,0,462
231099,61408,71,1
231099,61409,0,2
231099,6141,47,1
231099,6190,0,1
231099,61903,71,1
231099,62462,71,5
231099,62462,0,2
231099,62531,0,1
231099,62821b,72,1
231099,63864,1136,4
231099,63864,0,4
231099,63869,71,10
231099,63869,0,7
231099,64178,71,1
231099,64782,72,2
231099,64782,0,3
231099,64872,72,4
231099,65249,15,8
231099,65304,71,2
231099,65304,0,42
231099,6536,0,15
231099,6536,71,19
231099,6536,72,7
231099,6536,1136,18
231099,6541,0,2
231099,65413,4,1
231099,65414,71,1
231099,65487,72,22
231099,65487,0,14
231099,65489,71,4
231099,6553,0,3
231099,6573,4,1
231099,65766,0,2
231099,6587,28,2
231099,6589,19,12
231099,6629,0,10
231099,6632,1136,8
231099,6632,0,21
231099,6636,72,2
231099,66906,4,13
231099,67491,0,2
231099,69778,1,4
231099,69779,321,6
231099,69819,72,4
231099,71682,1136,10
231099,71682,0,12
231099,71708,0,2
231099,71709,1136,4
231099,71709,0,7
231099,71710,0,6
231099,73230,0,5
231099,73507,0,4
231099,75902pr9997,0,1
231099,77765,71,2
231099,81346,2,1
231099,85984,1136,5
231099,87079,15,1
231099,87079,0,2
231099,87083,72,28
231099,87408,0,1
231099,87761,0,1
231099,87994,0,8
231099,87994,10,2
231099,89678,72,70
231099,89679,0,2
231099,89953c01,71,2
231099,89954c01,0,4
231099,92906,72,2
231099,92907,71,2
231099,92909,72,4
231099,94925,71,7
231099,99008,19,1
231106,10109649,9999,1
231106,10314,15,8
231106,14719,15,77
231106,14719,28,4
231106,15535,15,8
231106,15573,28,14
231106,15573,15,60
231106,1748,15,19
231106,18674,28,2
231106,24246,15,7
231106,2431,15,16
231106,2431,28,27
231106,25269,15,46
231106,25269,28,20
231106,27925,28,6
231106,27925,15,45
231106,29119,28,2
231106,29120,28,2
231106,3010,15,8
231106,3022,15,22
231106,3022,28,14
231106,3023,15,31
231106,3023,28,9
231106,3024,15,27
231106,3024,28,16
231106,3036,15,34
231106,3068b,28,19
231106,3068b,15,12
231106,3069b,15,39
231106,3069b,28,36
231106,3070b,28,10
231106,3070b,15,52
231106,32028,15,71
231106,32316,0,27
231106,32523,15,5
231106,32524,27,18
231106,33909,28,28
231106,3396,28,2
231106,34103,15,8
231106,34103,28,10
231106,3460,15,59
231106,35787,15,20
231106,3623,15,6
231106,3705,0,8
231106,3710,15,92
231106,3710,27,8
231106,39789,15,4
231106,40490,15,14
231106,41740,15,53
231106,42924,1,56
231106,5091,15,16
231106,5092,15,16
231106,6091,15,16
231106,61332,0,102
231106,63864,15,25
231106,63864,28,27
231106,64179,71,30
231106,65426,15,20
231106,65429,15,16
231106,65489,71,24
231106,6632,15,8
231106,6636,28,36
231106,67095,15,12
231106,67810,15,16
231106,79393,15,30
231106,87079,28,14
231106,87079,15,14
231106,87580,28,6
231106,89678,72,120
231106,96874,3,1
231106,98138,28,6
231106,98138,15,6
231222,10314pr9996,15,2
231222,10314pr9997,15,2
231222,10314pr9998,15,2
231222,11211,272,2
231222,11212,0,4
231222,11212,272,18
231222,11253,179,4
231222,1126,15,2
231222,11477,47,4
231222,11477,0,2
231222,14417,72,1
231222,14704,71,4
231222,15068,322,1
231222,15068,15,2
231222,15456,0,4
231222,15535,0,1
231222,15571,1,2
231222,1745,15,2
231222,18651,0,1
231222,18759,1,21
231222,1927,272,2
231222,1994,0,1
231222,2229,0,10
231222,22388,15,1
231222,22885,15,2
231222,2412b,179,2
231222,2420,2,5
231222,2420,15,2
231222,2420,19,1
231222,2420,27,2
231222,24201,321,3
231222,24246,378,1
231222,24246,2,2
231222,24299,19,3
231222,24299,272,1
231222,24299,15,2
231222,24307,272,1
231222,24307,2,6
231222,24307,19,1
231222,24307,378,3
231222,24307,15,1
231222,2445,1,4
231222,2445,27,4
231222,2445,25,4
231222,2445,26,4
231222,2450,288,1
231222,2450,19,1
231222,25269,19,8
231222,25269,15,15
231222,25269,378,2
231222,25269,2,40
231222,25269,288,2
231222,26601,19,6
231222,26601,2,19
231222,26601,378,6
231222,26601,15,11
231222,26603,322,1
231222,27263,2,3
231222,27507,0,4
231222,2817,0,6
231222,28192,272,1
231222,3002,0,4
231222,3004,0,8
231222,3008,0,6
231222,30089b,0,1
231222,3020,272,3
231222,3020,27,2
231222,3020,2,16
231222,3020,226,1
231222,3020,1050,1
231222,3020,1,2
231222,3020,0,1
231222,3020,288,1
231222,3020,15,5
231222,3020,322,1
231222,3020,19,8
231222,3020,378,3
231222,3021,1,1
231222,3021,19,10
231222,3021,0,8
231222,3021,272,6
231222,3021,191,2
231222,3021,378,4
231222,3021,4,2
231222,3021,323,4
231222,3021,15,4
231222,3021,2,7
231222,3022,1,3
231222,3022,19,2
231222,3022,0,8
231222,3022,321,1
231222,3022,322,1
231222,3022,2,4
231222,3022,15,3
231222,3023,2,14
231222,3023,288,4
231222,3023,15,15
231222,3023,27,4
231222,3023,0,8
231222,3023,19,12
231222,3023,272,1
231222,3023,47,8
231222,3023,378,4
231222,3024,272,4
231222,3024,2,12
231222,3024,15,1
231222,3024,378,1
231222,3024,19,1
231222,3031,272,4
231222,3031,0,4
231222,3032,272,48
231222,3032,19,1
231222,3034,3,2
231222,3034,1136,4
231222,3034,322,2
231222,3034,0,3
231222,3034,15,1
231222,3036,272,8
231222,30383,0,2
231222,3040b,272,1
231222,30505,0,4
231222,3065,47,2
231222,3070b,15,2
231222,3070b,272,1
231222,3176,15,2
231222,32018,0,12
231222,32062,4,6
231222,32324,71,4
231222,32531,71,8
231222,32531,321,4
231222,32532,0,4
231222,32803,15,1
231222,32803,272,2
231222,32803,0,4
231222,33909,15,1
231222,34103,1,4
231222,34103,15,2
231222,34337,1050,10
231222,3460,19,2
231222,3556,1055,1
231222,35787,2,5
231222,35787,15,1
231222,35787,19,4
231222,3622,0,2
231222,3623,27,1
231222,3623,2,2
231222,3623,378,1
231222,3623,321,1
231222,3623,19,2
231222,3623,272,1
231222,3626cpr3515,19,1
231222,3665,272,2
231222,3666,321,2
231222,3666,272,2
231222,3673,14,88
231222,36841,0,1
231222,3700,3,2
231222,3700,25,2
231222,3701,14,2
231222,3701,26,2
231222,3701,27,2
231222,3701,1,2
231222,3703,27,4
231222,3703,15,4
231222,3703,71,4
231222,3703,4,4
231222,3706,0,2
231222,3707,0,2
231222,3710,3,2
231222,3710,15,1
231222,3710,2,2
231222,3710,27,1
231222,3710,19,2
231222,37352,15,4
231222,37352,0,1
231222,37352pr9999,15,4
231222,3737,0,2
231222,3795,272,6
231222,3795,191,3
231222,3795,320,3
231222,3795,212,2
231222,3795,321,1
231222,3795,2,2
231222,3832,3,2
231222,3832,4,2
231222,3832,10,2
231222,3832,14,2
231222,3832,323,2
231222,3941,0,1
231222,3943b,0,1
231222,4032a,14,7
231222,4032a,288,4
231222,4032a,320,7
231222,4032a,322,4
231222,4162,15,2
231222,4162,0,3
231222,41769,2,1
231222,41769,19,1
231222,41769,15,2
231222,41770,378,1
231222,4282,0,2
231222,4286,272,1
231222,4287c,1,1
231222,42924,1,24
231222,4304,15,1
231222,4304,0,12
231222,43722,288,1
231222,43722,19,2
231222,43723,288,2
231222,43723,19,1
231222,43723,2,1
231222,43723,27,1
231222,4449,70,1
231222,44728,15,1
231222,4477,272,1
231222,4477,15,1
231222,4477,321,5
231222,4510,15,2
231222,47397,71,1
231222,47398,71,1
231222,47455,0,1
231222,48092,0,2
231222,50304,0,4
231222,50304,272,4
231222,50305,272,4
231222,50305,0,4
231222,53923,0,6
231222,5404,0,8
231222,54200,0,4
231222,54200,47,4
231222,54383,272,1
231222,54384,272,1
231222,5520,15,1
231222,57360,0,12
231222,59900,15,1
231222,60478,15,2
231222,60479,4,2
231222,60479,14,2
231222,60479,3,2
231222,60479,72,2
231222,60479,27,2
231222,6106,0,4
231222,6106,272,4
231222,6141,19,3
231222,6141,0,2
231222,6141,2,20
231222,6141,72,10
231222,6141,15,9
231222,6232,19,4
231222,63082,71,1
231222,63864,272,2
231222,63864,15,7
231222,63868,15,2
231222,65304,0,6
231222,65426,19,2
231222,65429,15,2
231222,65429,19,1
231222,65509,0,1
231222,6564,0,5
231222,6565,0,5
231222,67139,0,2
231222,67687,71,5
231222,73109,4,6
231222,73109,15,6
231222,73109,1,8
231222,73109,71,8
231222,73230,0,2
231222,74611,0,2
231222,78329,272,1
231222,78329,15,2
231222,78443,15,1
231222,78444,15,1
231222,80431,0,1
231222,85861,15,10
231222,85984,272,2
231222,85984,321,1
231222,85984,0,1
231222,85984,71,2
231222,85984,322,1
231222,85984,15,1
231222,87079,15,1
231222,87414,0,10
231222,87580,322,2
231222,87620,0,8
231222,92582,0,4
231222,93273,0,4
231222,96874,25,2
231222,96874,3,3
231222,98100,15,1
231222,98138pr0051,297,1
231222,98138pr0418,15,10
231222,98138pr0419,15,1
231222,98138pr0420,15,10
231222,98302,0,2
231222,99207,0,2
231222,99781,1,3
231222,99781,15,1
231222,99781,321,1
231223,11253,0,1
231223,11476,0,1
231223,11477,2,1
231223,15279,326,1
231223,15573,27,1
231223,18674,72,1
231223,25269,158,1
231223,3004,320,1
231223,3004,3,1
231223,3005,26,1
231223,3010,0,1
231223,3020,322,1
231223,3023,45,1
231223,30236,71,1
231223,30385,35,1
231223,32803,15,1
231223,3660,70,1
231223,3795,27,1
231223,54200,41,1
231223,6141,33,1
231223,6141,36,1
231223,87087,321,1
231223,87087,14,1
231223,98138pr0026,15,1
231223,98138pr9981,15,1
231224,11153,19,1
231224,11477,0,1
231224,11609,14,1
231224,13548,15,1
231224,25269,158,1
231224,2654,36,1
231224,3004,85,1
231224,3005,114,1
231224,3010,15,1
231224,3020,25,1
231224,3023,15,1
231224,3024,71,1
231224,3039,85,1
231224,3065,47,1
231224,3795,29,1
231224,4032a,322,1
231224,4304,4,1
231224,49668,19,1
231224,59900,36,1
231224,60478,72,1
231224,60481,70,1
231224,63868,0,1
231224,93273,322,1
231224,98138pr9981,15,2
231225,11253,0,1
231225,11477,2,1
231225,14704,71,1
231225,15573,27,1
231225,18674,5,1
231225,22890,72,1
231225,25269,3,1
231225,3004,320,1
231225,3004,1050,1
231225,3005,26,1
231225,3010,0,1
231225,3020,26,1
231225,3023,45,1
231225,3024,14,1
231225,3039,2,1
231225,32803,15,1
231225,3795,30,1
231225,39262,297,1
231225,54200,41,1
231225,6141,36,1
231225,68211,70,1
231225,87087,27,1
231225,87087,0,1
231225,98138pr0008,15,1
231225,98138pr0026,15,1
231231,3626cpr2948,14,1
231231,85974,308,1
231231,970c24pr2359,379,1
231231,973c01h01pr5641,84,1
231232,11303,272,1
231232,3626cpr2399,14,1
231232,970c24pr0900,70,1
231232,973c11h01pr0001,28,1
231233,3626cpr2399,14,1
231233,61183,72,1
231233,970c24pr0900,70,1
231233,973c11h01pr0001,28,1
231234,23187,70,1
231234,3626cpr3025,14,1
231234,970c07,308,1
231234,973c35h01pr6250,288,1
231235,3626cpr2463,14,1
231235,3878,0,1
231235,970c05,272,1
231235,973c05h01pr6249,272,1
231236,3626cpr1826,14,1
231236,61506,19,1
231236,970c03,0,1
231236,973c22h01pr3425,4,1
231237,36036,288,1
231237,3626cpr2951,14,1
231237,59363,70,1
231237,973c37h01pr6158,5,1
231238,10052,15,1
231238,21269,15,1
231238,3626cpr2590,14,1
231238,970c24pr0900,70,1
231238,973c11h01pr0001,28,1
231239,11303,272,1
231239,3626cpr3063,14,1
231239,970c28,1,1
231239,973c27h01pr4202,15,1
231240,3626cpr3376,14,1
231240,3833,4,1
231240,3838a,25,1
231240,970e11,321,1
231240,973c04h01pr4059,28,1
231241,3626cpr2972,14,1
231241,87990,0,1
231241,970c11pat19,28,1
231241,973c32h01pr3360,73,1
231243,15439,0,1
231243,21268,0,1
231243,3626cpr3528,14,1
231243,970c03,0,1
231243,973c22h01pr3425,4,1
231244,3626cpr2113,14,1
231244,62711,0,1
231244,970c12pat03,72,1
231244,973c34h12pr2913,25,1
231259,10197,0,4
231259,10247,0,2
231259,10928,72,1
231259,11153,0,4
231259,11214,4,101
231259,11478,0,14
231259,11478,71,10
231259,11946,191,4
231259,11946,0,8
231259,11947,191,4
231259,11947,0,6
231259,11954,0,1
231259,14720,71,3
231259,14769pr1314,0,1
231259,15458,0,7
231259,15462,70,14
231259,15573,0,1
231259,18651,0,55
231259,18654,71,26
231259,18654,0,20
231259,18654,72,2
231259,18677,0,2
231259,18677,71,2
231259,18944,191,1
231259,18944,0,2
231259,18945,0,2
231259,18946,4,8
231259,18947,72,2
231259,18948,15,1
231259,22961,71,12
231259,22961,0,10
231259,22961,4,2
231259,2387,0,16
231259,2387,191,9
231259,2387pr0001,0,1
231259,2389,191,9
231259,2389,0,16
231259,2389pr0001,0,1
231259,2391,0,10
231259,2391,72,9
231259,2393,0,2
231259,2393,71,8
231259,23948,71,1
231259,2395,191,4
231259,2395,0,1
231259,2403,0,1
231259,2403,191,4
231259,24116,0,4
231259,24116,191,3
231259,24119,0,6
231259,2431,0,1
231259,24316,70,19
231259,2431pr0221,15,1
231259,2438,191,2
231259,2442,191,2
231259,2457,0,4
231259,2471,4,2
231259,2473,72,4
231259,2474,14,2
231259,2477,0,19
231259,25214,1103,10
231259,25269,0,1
231259,25269,82,4
231259,2540,0,4
231259,26603pr0141,0,1
231259,2736,71,6
231259,2741,0,1
231259,27940,15,5
231259,27940,0,17
231259,28192,72,2
231259,2850b,47,8
231259,2851,14,8
231259,2852,71,8
231259,2853,14,4
231259,2854,19,3
231259,3020,0,2
231259,3021,191,2
231259,3021,0,2
231259,3022,0,1
231259,3023,0,4
231259,3023,191,4
231259,3024,0,2
231259,3024,72,2
231259,3024,191,2
231259,3034,0,2
231259,30374,15,4
231259,3068b,0,1
231259,3069b,72,1
231259,3070b,0,2
231259,3167,72,4
231259,32000,0,2
231259,32002,19,22
231259,32005a,72,4
231259,32009,0,2
231259,32009,191,6
231259,32013,0,31
231259,32013,71,4
231259,32013,191,30
231259,32013,72,4
231259,32016,191,8
231259,32016,0,16
231259,32017,72,8
231259,32017,14,2
231259,32034,71,3
231259,32034,0,2
231259,32034,191,6
231259,32056,71,4
231259,32056,0,18
231259,32062,4,124
231259,32063,71,12
231259,32063,0,8
231259,32064a,0,3
231259,32072,14,5
231259,32073,14,31
231259,32123b,71,16
231259,32123b,14,21
231259,32126,72,4
231259,32140,0,19
231259,32140,191,12
231259,32140,71,4
231259,32140,72,27
231259,32184,0,8
231259,32184,71,31
231259,32192,72,3
231259,32192,0,4
231259,32192,4,2
231259,32200,4,2
231259,32235,191,3
231259,32249,0,8
231259,32270,0,1
231259,32271,71,2
231259,32278,191,5
231259,32278,0,6
231259,32278,71,9
231259,32294,71,4
231259,32316,71,4
231259,32316,191,11
231259,32316,72,4
231259,32316,0,25
231259,32333,0,2
231259,32449,0,22
231259,32449,4,4
231259,32494,71,3
231259,32523,71,13
231259,32523,191,10
231259,32523,72,5
231259,32523,0,20
231259,32524,0,19
231259,32524,71,16
231259,32524,191,5
231259,32525,71,2
231259,32525,0,2
231259,32525,191,5
231259,32526,0,23
231259,32526,71,9
231259,32526,191,7
231259,32557,0,6
231259,32580,0,2
231259,32580,4,2
231259,32580,15,2
231259,32828,0,2
231259,32905,71,1
231259,3460,72,2
231259,3484,15,4
231259,35186,14,2
231259,35189,72,4
231259,3584,25,2
231259,3590,2,1
231259,3623,0,3
231259,3648b,72,4
231259,3666,72,1
231259,3673,71,7
231259,3705,4,23
231259,3706,0,7
231259,3707,4,5
231259,3708,0,1
231259,3710,0,1
231259,3713,4,20
231259,3713,0,5
231259,3737,0,2
231259,3749,19,9
231259,3795,0,1
231259,3832,0,1
231259,3894,0,1
231259,39790,0,2
231259,39790,191,1
231259,39793,0,5
231259,39794,0,3
231259,39888,19,17
231259,4032a,0,1
231259,40490,71,2
231259,40490,0,13
231259,40490,72,7
231259,4081b,15,2
231259,41239,0,16
231259,41239,71,4
231259,41239,72,3
231259,4159,25,4
231259,41677,0,30
231259,41677,191,40
231259,41677,71,8
231259,4192,71,2
231259,42003,4,3
231259,42003,0,19
231259,42003,71,2
231259,42135,1,2
231259,42135,71,2
231259,42135,0,6
231259,42195,71,5
231259,42195,4,1
231259,42195,0,5
231259,42195,72,1
231259,4274,71,3
231259,42924,1,312
231259,43093,1,191
231259,43857,4,2
231259,43857,0,6
231259,43857,71,4
231259,4423,0,8
231259,4427,191,2
231259,44294,71,15
231259,4443,191,2
231259,4446,191,2
231259,44809,0,8
231259,44874,4,4
231259,44874,0,2
231259,4519,71,61
231259,4527,0,1
231259,4527,191,3
231259,45590,0,1
231259,4569,191,2
231259,46834,15,1
231259,46835,72,1
231259,48267,0,2
231259,48267,36,2
231259,49130,71,4
231259,50950,191,6
231259,51149,4,2
231259,52731,71,2
231259,5405,71,1
231259,54200,36,3
231259,54200,82,12
231259,5426,0,1
231259,5426,191,3
231259,5428,1103,4
231259,5429,0,2
231259,55013,72,4
231259,57585,71,2
231259,59426,72,8
231259,59443,0,6
231259,59443,14,20
231259,59443,71,6
231259,60483,15,2
231259,60483,71,20
231259,60483,0,42
231259,60483pr0002,0,2
231259,60484,0,6
231259,60484,71,7
231259,60484,4,1
231259,60485,14,6
231259,61184,71,2
231259,61332,0,622
231259,61408,0,2
231259,61408,71,6
231259,61409,0,8
231259,6141,0,4
231259,61903,71,6
231259,62462,71,4
231259,62462,0,7
231259,63864pr0054,72,1
231259,63869,0,19
231259,63869,71,7
231259,64179,0,13
231259,64179,71,5
231259,64391,191,1
231259,64393,191,3
231259,64394,0,1
231259,64394,191,1
231259,64680,191,1
231259,64680,0,1
231259,64681,191,3
231259,64683,191,1
231259,64782,0,3
231259,65249,15,5
231259,65304,27,28
231259,65304,25,2
231259,65304,0,47
231259,6536,72,10
231259,6536,1,2
231259,6536,0,36
231259,6536,71,14
231259,65414,71,1
231259,65487,0,20
231259,65487,71,28
231259,65489,71,2
231259,6553,4,2
231259,65766,0,4
231259,6589,19,6
231259,6629,0,4
231259,6632,0,22
231259,6632,72,14
231259,6632,191,20
231259,66906,4,17
231259,67142,191,1
231259,67491,0,4
231259,68196,191,1
231259,69761,14,1
231259,69762,14,2
231259,69778,1,9
231259,69779,321,13
231259,69819,0,3
231259,69819,72,4
231259,71682,191,9
231259,71682,71,2
231259,71682,0,21
231259,71682pr0001,0,1
231259,71682pr0002,0,1
231259,71708,191,4
231259,71708,0,20
231259,71709,191,2
231259,71709,0,7
231259,71710,0,1
231259,71710,72,6
231259,73230,0,2
231259,73507,0,21
231259,76797,0,2
231259,77765,71,8
231259,78329,0,2
231259,79717c04,71,4
231259,80267,191,1
231259,80268,191,1
231259,80271,0,1
231259,80272,0,1
231259,80274,0,4
231259,80274,191,1
231259,80278,191,1
231259,80278,0,4
231259,80279,0,4
231259,80284,191,2
231259,80285,0,1
231259,80285,191,2
231259,80286,4,1
231259,81346,2,3
231259,85543,15,4
231259,85544,4,1
231259,85861,71,4
231259,85940,0,6
231259,85984,0,3
231259,87079,0,2
231259,87080,0,3
231259,87083,72,37
231259,87086,0,3
231259,87747,15,2
231259,87761,0,1
231259,89678,72,10
231259,89678,4,50
231259,89679,191,12
231259,89679,0,4
231259,89679pr0001,191,1
231259,89954c01,4,2
231259,90498pr0028,0,1
231259,92906,72,1
231259,92907,0,1
231259,93273pr9989,191,4
231259,93606,0,2
231259,93609,72,8
231259,94925,71,16
231259,98138,14,1
231259,98138,71,3
231259,98138,47,4
231259,98138pr0416,0,4
231259,98585,71,3
231259,99008,19,10
231259,99773,0,6
231326,10646,9999,1
231326,12825,1,4
231326,15207,19,2
231326,18759,72,2
231326,2412b,25,6
231326,2419,71,2
231326,2419,1,2
231326,2420,1,2
231326,2431,71,2
231326,2432,1,2
231326,2445,72,2
231326,2450,71,6
231326,2456,1,2
231326,2458,19,4
231326,2653,71,6
231326,2654,71,9
231326,2780,0,4
231326,2817,71,2
231326,2877,71,11
231326,3001,72,2
231326,3001,1,2
231326,3004,1,4
231326,3008,72,4
231326,30088,0,1
231326,3010,72,2
231326,3020,1,4
231326,3020,72,1
231326,3021,71,5
231326,3021,1,5
231326,3022,1,5
231326,3022,71,2
231326,3023,182,14
231326,3023,15,2
231326,3023,71,4
231326,3028,72,1
231326,30286,182,1
231326,3032,71,2
231326,3032,19,1
231326,30350c,72,1
231326,30355,72,1
231326,30356,72,1
231326,30365,71,2
231326,30374,35,1
231326,30374,41,1
231326,3039,1,6
231326,3039,71,3
231326,3040b,1,4
231326,30414,0,4
231326,30503,71,6
231326,3062b,41,2
231326,3068b,0,2
231326,3069b,1,6
231326,3070b,71,2
231326,3070b,25,4
231326,32013,1,4
231326,32028,71,3
231326,3460,71,2
231326,3622,25,4
231326,3623,1,8
231326,3660,1,2
231326,3660,72,2
231326,3665,1,2
231326,3666,1,2
231326,3676,72,2
231326,3700,72,2
231326,3702,71,2
231326,3710,71,7
231326,3710,19,2
231326,3747b,1,2
231326,3747b,71,18
231326,3794b,1,4
231326,3795,1,2
231326,3795,71,2
231326,3795,72,2
231326,3941,46,1
231326,4162,1,2
231326,41751,71,1
231326,41767,72,2
231326,41768,72,2
231326,41769,1,4
231326,41770,1,4
231326,42021,71,1
231326,42023,72,2
231326,42060,1,2
231326,42061,1,2
231326,4286,1,4
231326,4287b,1,2
231326,43722,1,1
231326,43723,1,1
231326,4477,72,2
231326,4477,1,8
231326,4733,72,2
231326,47457,1,1
231326,48336,1,1
231326,4865b,72,2
231326,51739,72,6
231326,51739,71,2
231326,52107,0,8
231326,54200,182,4
231326,54200,47,2
231326,54383,71,4
231326,54384,71,4
231326,55013,72,1
231326,56908,1,1
231326,58176,143,2
231326,59900,25,12
231326,60476,71,2
231326,60479,71,2
231326,60481,71,2
231326,61184,71,2
231326,6141,72,2
231326,6141,182,8
231326,6141,42,4
231326,6141,71,8
231326,61678,1,6
231326,61780,72,2
231326,6222,71,1
231326,63868,71,2
231326,64567,80,2
231326,6636,1,4
231326,73983,0,8
231326,75c20,1,4
231326,85970,1,2
231326,85984,1,3
231326,87580,71,4
231326,88072,72,1
231326,88930,71,2
231326,92280,71,6
231326,92946,1,2
231326,92947,71,4
231326,93273,1,3
231326,93606,71,12
231326,95354,1,1
231326,96874,25,1
231326,98102,47,3
231329,3626bpr1005,15,1
231329,75103pr0001,4,1
231329,973c22h02pr2091,4,1
231329,98119pr0001,308,1
231331,3626bpr1007,78,1
231331,3901,484,1
231331,50231,70,1
231331,970c26,19,1
231331,973c26h02pr2095,19,1
231612,11477,71,1
231612,14720,72,1
231612,15462,70,1
231612,15672,71,1
231612,18651,0,3
231612,18654,71,6
231612,2391,0,5
231612,2393,0,2
231612,24119,0,2
231612,24201,71,1
231612,2431,71,1
231612,27940,72,1
231612,28192,71,1
231612,3024,71,5
231612,3040b,71,5
231612,3069bpr9955,0,1
231612,3070b,71,1
231612,32056,0,4
231612,32073,14,1
231612,32198,19,1
231612,32316,191,1
231612,32498,0,1
231612,32524,71,2
231612,32525,0,9
231612,3622,71,1
231612,3623,71,1
231612,3665,71,2
231612,3666,71,3
231612,3673,14,1
231612,36841,71,1
231612,3710,71,2
231612,3713,0,3
231612,3713,4,1
231612,3737,0,1
231612,4081b,71,1
231612,42135,0,3
231612,42195,0,1
231612,42924,1,8
231612,43093,1,2
231612,4519,71,4
231612,49130,71,4
231612,54200,71,1
231612,59443,14,2
231612,60483,1,1
231612,60484,71,1
231612,6091,71,1
231612,61332,0,34
231612,61408,4,3
231612,62462,0,2
231612,62462,4,2
231612,64179,0,4
231612,64782,0,1
231612,65249,15,1
231612,65304,25,1
231612,6536,4,1
231612,65413,4,1
231612,65414,71,1
231612,65489,71,2
231612,6589,19,6
231612,6632,191,2
231612,6636,71,1
231612,69819,15,1
231612,71682pr0001,0,1
231612,73230,71,3
231612,77107,191,2
231612,87083,72,1
231612,87408,0,1
231612,94925,71,2
231612,99008,19,3
231701,18041,297,2
231701,22388,0,4
231701,6141,182,4
231701,92690,297,2
231703,30374,36,1
231703,64567,80,1
231813,25972,70,1
231813,28621pr9909,78,1
231813,970c03,0,1
231813,973c02h02pr0002,191,1
231936,3001a,47,1
231936,3004,1,10
231936,3004,4,6
231936,3005,4,4
231936,3005,1,2
231936,3007,4,2
231936,3009,1,7
231936,3010,4,10
231936,3010,1,12
231936,3010apr0009,0,1
231936,3010pr9964,0,1
231936,3020,14,4
231936,3020,4,2
231936,3021,4,2
231936,3022,7,2
231936,3022,0,2
231936,3022,4,2
231936,3023,7,1
231936,3023,4,3
231936,3023,0,2
231936,3033,1,1
231936,3034,14,4
231936,3034,0,1
231936,3035,4,1
231936,3035,0,1
231936,3062a,14,6
231936,3068a,7,16
231936,3081c01,15,2
231936,3137c01,0,2
231936,3139,0,4
231936,3185,4,2
231936,3190,1,1
231936,3191,1,1
231936,3297,4,8
231936,3298,4,4
231936,3299,4,2
231936,32bc01,15,1
231936,3300,4,3
231936,3308,4,2
231936,3471,2,1
231936,374pr0002,2,1
231936,7039,4,1
231936,7049bc01,0,1
231993,105001pr0001,321,1
231993,20302,25,1
232084,3026,15,1
232086,3026,15,1
232210,23986,378,1
232210,63965,70,1
232213,23860,35,1
232213,58176pr0001,35,1
232213,64567,15,1
232213,85861,15,1
232257,51493c02,4,1
232283,30374,35,1
232283,64567,80,1
232326,21,47,1
232326,3001a,15,1
232326,3002apr0006,15,2
232326,3008,0,2
232326,3008,47,2
232326,3010,15,1
232326,3010pr9937,15,1
232326,3020,0,3
232326,3022,0,1
232326,3023,0,1
232326,3024,1,2
232326,3030,15,1
232326,3030,0,1
232326,3062a,0,1
232326,3137c01,0,2
232326,3139,0,7
232326,3464,4,3
232326,3581,0,2
232326,3582,0,2
232326,8,15,3
232327,2357,320,2
232327,2412b,72,2
232327,2444,4,1
232327,2460,4,2
232327,2654,0,7
232327,2780,0,1
232327,3001,71,2
232327,3005,71,2
232327,3005,320,2
232327,3008,0,2
232327,3020,19,1
232327,3020,72,2
232327,3023,19,1
232327,3023,4,7
232327,3031,19,1
232327,3032,19,1
232327,3035,19,4
232327,30374,41,2
232327,3040b,320,8
232327,30565,19,4
232327,3069b,320,16
232327,32530,4,1
232327,3700,0,2
232327,3794b,320,3
232327,3829c01,0,1
232327,3832,72,1
232327,4079b,0,2
232327,4162,320,2
232327,4229,71,1
232327,44728,72,2
232327,4740,72,2
232327,4865a,71,3
232327,4865a,4,4
232327,4868b,72,2
232327,50950,320,1
232327,54200,0,2
232327,54200,320,4
232327,58247,0,1
232327,61409,72,4
232327,6141,0,2
232327,6231,4,6
232327,62360,47,1
232327,64567,80,2
232327,75c21,71,2
232327,85080,0,2
232327,87087,72,6
232328,3626cpr0635,78,1
232328,4530,19,1
232328,970c26pr0113,15,1
232328,973c27h02pr0510,15,1
232329,3626cpr0638,78,1
232329,3901,71,1
232329,970c26,19,1
232329,973c26h02pr0530,19,1
232736,62885,0,2
232736,63586,72,1
232736,87610pr0431,1103,1
232839,74503,15,2
232839,996ac01,4,4
232839,996ac01,1,4
232839,upn0311a,15,1
232839,upn0312a,0,1
232839,upn0313a,47,1
232840,3001a,0,3
232840,3002a,0,2
232840,3004,47,2
232840,3005,0,8
232840,3005,47,2
232840,3008,0,2
232840,3009,0,7
232840,3010,0,1
232840,3020,0,8
232840,3021,0,7
232840,3022,0,2
232840,3022,14,1
232840,3023,0,9
232840,3023,4,4
232840,3024,0,2
232840,3024,4,2
232840,3039,0,1
232840,3040a,0,4
232840,3058b,7,1
232840,3062a,0,1
232840,3087bc01,4,2
232840,458,7,4
232840,468c01,0,1
232840,7049bc01,15,2
232840,737ac01,4,2
232840,737ac02,4,1
232840,74503,15,2
232840,996ac01,1,4
232840,996ac01,4,4
232840,upn0284c02,0,1
232840,upn0311a,15,1
232840,upn0312a,0,1
232840,upn0313a,47,1
232840,upn0384a,4,4
232840,upn0384b,4,4
232952,10apr0002,2,1
232952,3001a,1,9
232952,3001a,15,1
232952,3002a,15,2
232952,3002a,1,2
232952,3002a,0,1
232952,3002apr0006,15,2
232952,3003a,1,1
232952,3004,47,2
232952,3004,1,5
232952,3005,1,6
232952,3005,47,1
232952,3006,1,2
232952,3007,1,2
232952,3008,1,5
232952,3008,15,1
232952,3008pr0022,0,1
232952,3009,1,1
232952,3009pr0018,15,2
232952,3010a,15,1
232952,3010a,1,18
232952,3010apr9936,15,1
232952,3010pr9965,1,1
232952,3023,0,1
232952,3024,1,1
232952,3029,1,1
232952,3030,1,1
232952,3030,0,2
232952,3031,0,1
232952,3033,0,2
232952,3035,1,2
232952,3037,47,2
232952,3040a,47,3
232952,3040a,0,1
232952,3068a,7,32
232952,3068a,0,7
232952,3069a,14,14
232952,3070a,4,4
232952,3081c01,15,2
232952,3137c01,0,2
232952,3139,0,4
232952,3144,15,1
232952,32bc01,15,2
232952,33bc01,15,2
232952,3460,15,6
232952,3461,15,1
232952,3462,0,1
232952,453cc01,15,2
232952,604c01,15,2
232952,645cc01,15,2
232952,675pr0002,15,1
233019,26047,15,8
233019,298c02,15,2
233019,4032a,71,2
233019,4079b,4,1
233019,48336,1,2
233019,53451,179,8
233019,60470b,4,2
233019,60474,4,2
233019,6141,46,2
233019,66956,4,1
233019,85984,1,2
233019,98313,179,8
233203,122c01,7,3
233203,3004,7,1
233203,3020,7,1
233203,3022,7,3
233203,3023,7,1
233203,3034,7,1
233203,3039pr0026,7,1
233203,3068b,7,2
233203,3069b,7,1
233203,3665,1,2
233203,3679,7,1
233203,3680,7,1
233203,3701,1,1
233203,3701,7,1
233203,3710,1,1
233203,3747a,1,1
233203,3749,0,2
233203,3794a,7,1
233203,3794a,1,1
233203,3795,7,1
233203,3829c01,1,1
233203,3829c01,7,1
233203,3935,1,1
233203,3936,1,1
233203,3937,7,1
233203,3938,7,1
233203,3941,7,2
233203,4288,0,6
233203,4349,7,2
233203,4349,0,2
233203,4360,0,1
233203,4588,7,2
233203,4590,7,2
233203,4596,7,1
233203,4596,1,1
233203,4598,1,1
233203,6141,46,4
233203,6141,36,2
233203,6141,34,2
233231,10110125,9999,1
233231,11090,71,4
233231,11153,1,2
233231,11203,72,4
233231,11211,1,2
233231,11213,15,2
233231,11458,72,4
233231,11476,71,4
233231,11477,0,3
233231,11477,1,2
233231,11477,72,8
233231,11833,0,2
233231,14301,14,1
233231,14769,1,1
233231,14769,72,2
233231,15068,1,16
233231,15068,2,9
233231,15395,15,1
233231,15395,4,2
233231,15712,0,3
233231,16091,0,1
233231,17485,15,1
233231,18649,71,8
233231,18674,71,4
233231,18674,0,1
233231,18674,72,8
233231,20482,31,1
233231,20482,72,4
233231,20482,15,1
233231,22385,0,3
233231,23443,0,3
233231,2357,71,4
233231,2412b,0,2
233231,2412b,1,19
233231,2412b,72,18
233231,2420,0,2
233231,2421,0,1
233231,2431,0,1
233231,2431,1,3
233231,24316,70,1
233231,2445,70,2
233231,2456,19,2
233231,26047,0,1
233231,26047,14,2
233231,2654,72,5
233231,27263,72,2
233231,27965,179,4
233231,28192,72,4
233231,28621,41,2
233231,2877,0,1
233231,3001,14,2
233231,3001,4,1
233231,3004,1,11
233231,3005,1,5
233231,3005,70,2
233231,3007,4,1
233231,3009,1,7
233231,30094,71,1
233231,3010,27,1
233231,3020,14,1
233231,3020,72,6
233231,3020,1,8
233231,3021,72,4
233231,3021,27,2
233231,3021,71,4
233231,3022,71,6
233231,3022,0,2
233231,3022,72,2
233231,3022,15,2
233231,3022,4,2
233231,30229,72,4
233231,3023,14,10
233231,3023,0,3
233231,3023,47,2
233231,3023,1,14
233231,3023,71,8
233231,3024,47,4
233231,3024,72,2
233231,3024,1,4
233231,3024,0,15
233231,3029,1,4
233231,3031,72,5
233231,3034,1,2
233231,30374,71,5
233231,30414,0,3
233231,3062b,25,1
233231,3068b,1,1
233231,3069b,72,2
233231,3069b,0,2
233231,3070b,47,2
233231,3070b,1,2
233231,3070bpr0235,71,1
233231,3176,72,8
233231,32001,15,1
233231,32018,71,4
233231,32028,0,25
233231,32028,1,4
233231,3262,15,1
233231,32828,72,4
233231,33492,0,1
233231,33909,1,1
233231,33909,2,9
233231,34076,0,2
233231,34103,71,18
233231,3460,1,4
233231,3460,272,6
233231,35157,47,3
233231,35480,72,4
233231,35480,0,6
233231,35789,1,4
233231,3622,1,4
233231,3623,1,4
233231,3666,1,7
233231,3666,0,5
233231,3668,72,2
233231,36841,0,2
233231,3708,0,1
233231,3709,72,4
233231,3710,0,3
233231,3710,19,1
233231,3710,1,7
233231,3749,19,4
233231,3758,19,1
233231,3795,272,3
233231,3795,72,11
233231,3795,71,1
233231,3795,0,2
233231,3832,0,7
233231,3841,72,4
233231,3941,41,2
233231,3941,47,1
233231,3961a,322,1
233231,4032a,72,7
233231,4032a,15,1
233231,4070,1,6
233231,4070,72,6
233231,4081b,0,2
233231,4162,1,7
233231,41740,71,4
233231,4175,72,2
233231,41769,1,1
233231,41770,1,1
233231,41862,71,1
233231,43093,1,4
233231,43722,1,1
233231,43723,1,1
233231,43898,72,1
233231,43967,1,3
233231,44709,0,2
233231,4510,0,14
233231,4588,15,1
233231,4594,47,2
233231,4595,0,1
233231,48336,0,2
233231,52031,0,1
233231,54200,182,2
233231,54200,72,6
233231,55981,14,4
233231,60470b,15,8
233231,60470b,72,8
233231,60470b,2,9
233231,60478,71,18
233231,60592,1,21
233231,60601,47,21
233231,60897,0,1
233231,6091,1,2
233231,6091,0,2
233231,61252,14,2
233231,61252,71,1
233231,61252,1,2
233231,61409,72,2
233231,61409,0,3
233231,6141,297,4
233231,6141,3,1
233231,63864,0,2
233231,64799,71,1
233231,65578,0,1
233231,65783,322,2
233231,65783,15,2
233231,6636,1,4
233231,6636,71,1
233231,66789,71,1
233231,67329,0,1
233231,71752,0,1
233231,72869,179,2
233231,73562,72,2
233231,73562,0,12
233231,75937,71,1
233231,76959,71,3
233231,77808,72,2
233231,78256,0,2
233231,78258,72,2
233231,78329,71,8
233231,79846,72,4
233231,80519,41,4
233231,85861,0,5
233231,85861,14,1
233231,85984,72,5
233231,85984,1,6
233231,85984,0,1
233231,86996,71,4
233231,87079,72,4
233231,87079,1,1
233231,87990,0,1
233231,89678,72,1
233231,90194,71,2
233231,90258,72,3
233231,91988,0,3
233231,92402,0,4
233231,96874,25,1
233231,98138,36,8
233231,98138,182,10
233231,98138,41,4
233231,98138,71,2
233231,98138,72,4
233231,99021,72,4
233231,99207,28,2
233231,99563,0,3
233231,99563,72,20
233231,99780,72,8
233231,99780,71,4
233231,99780,1,2
233231,99781,1,23
233231,99781,0,4
233232,10110124,9999,1
233232,10314,191,1
233232,11090,15,12
233232,11090,0,1
233232,11153,28,2
233232,11153,70,2
233232,11203,0,8
233232,11211,0,8
233232,11211,1,1
233232,11211,27,16
233232,11212,71,3
233232,11212,72,2
233232,11214,72,5
233232,1126,15,1
233232,11458,191,1
233232,11477,29,1
233232,11477,15,2
233232,11477,14,8
233232,11477,70,3
233232,11477,191,2
233232,13548,71,1
233232,13548,191,2
233232,14418,71,2
233232,14704,71,2
233232,14719,0,2
233232,14769,14,4
233232,14769pr1320,0,2
233232,15068,15,1
233232,15068,14,5
233232,15456,0,2
233232,15571,71,2
233232,15573,14,2
233232,15573,70,6
233232,15573,28,3
233232,15672,71,2
233232,15672,15,2
233232,15672,14,5
233232,15712,14,1
233232,1686,14,1
233232,1744,19,1
233232,1744,14,1
233232,1748,19,1
233232,1748,15,1
233232,18654,25,3
233232,18654,0,2
233232,18654,15,1
233232,18677,19,1
233232,1871,15,1
233232,18910,14,1
233232,20482,15,1
233232,20482,0,3
233232,22385,28,1
233232,22885,14,4
233232,22885,70,1
233232,22885,0,6
233232,22885,71,3
233232,22890,72,2
233232,22961,15,1
233232,23443,14,1
233232,23443,15,9
233232,2389,15,1
233232,2395,15,1
233232,2420,19,6
233232,2420,70,1
233232,24201,15,3
233232,24246,4,2
233232,24246,19,1
233232,24299,70,2
233232,24307,14,2
233232,24309,14,6
233232,24309,0,1
233232,24309pr0021,14,3
233232,2431,14,4
233232,2450,15,2
233232,2456,0,13
233232,25214,1103,5
233232,25214,29,6
233232,25269,226,5
233232,25269,10,1
233232,25269,28,2
233232,25269,5,2
233232,25269,14,6
233232,25269,70,6
233232,25269,4,2
233232,25269,15,3
233232,25269,27,4
233232,25892,15,3
233232,26047,0,1
233232,26047,14,1
233232,26047,15,5
233232,2639,70,1
233232,2654,14,1
233232,26603pr9957,14,1
233232,26604,4,2
233232,26604,15,1
233232,27261,15,3
233232,27263,191,4
233232,29119,70,1
233232,29119,15,1
233232,29119,19,1
233232,29120,15,2
233232,29120,19,1
233232,29120,70,1
233232,3001,0,3
233232,3001,15,1
233232,3002,14,1
233232,3002,72,3
233232,3003,191,2
233232,3003,0,7
233232,3003,84,1
233232,3003,15,1
233232,3004,2,1
233232,3004,15,6
233232,3004,226,3
233232,3004,0,2
233232,3004,29,2
233232,3005,29,1
233232,3005,0,1
233232,3005,19,2
233232,3009,5,1
233232,3010,14,1
233232,3010,71,2
233232,3010,28,2
233232,30136,19,3
233232,30136,70,2
233232,3020,0,4
233232,3020,3,1
233232,3020,28,2
233232,3020,4,5
233232,3020,19,1
233232,3020,191,2
233232,3020,70,3
233232,3021,15,1
233232,3021,14,9
233232,3021,0,4
233232,3022,71,3
233232,3022,70,1
233232,3022,27,5
233232,3022,322,1
233232,3022,4,5
233232,3022,15,2
233232,3022,10,3
233232,3022,28,3
233232,3022,2,1
233232,3022,14,6
233232,3023,19,2
233232,3023,0,30
233232,3023,70,17
233232,3023,27,2
233232,3023,15,13
233232,3023,10,6
233232,3023,28,2
233232,3023,226,4
233232,3023,1,21
233232,3023,14,11
233232,3024,70,1
233232,3024,0,1
233232,3024,19,1
233232,3024,15,2
233232,3024,14,1
233232,3024,28,2
233232,3024,226,2
233232,3024,5,2
233232,3030,70,1
233232,3031,19,1
233232,3032,14,3
233232,3034,72,1
233232,3034,322,2
233232,3034,14,2
233232,30357,191,1
233232,3037,14,6
233232,3037,0,2
233232,3039,71,1
233232,3039,14,1
233232,3039,2,1
233232,3039,28,2
233232,3040b,0,1
233232,3040b,72,1
233232,3040b,14,1
233232,30414,72,2
233232,30414,19,9
233232,30503,19,1
233232,30503,70,1
233232,30565,70,2
233232,3062b,14,1
233232,3062b,85,1
233232,3062b,320,1
233232,3062b,288,1
233232,3062b,1,1
233232,3068b,14,4
233232,3068b,84,1
233232,3068b,191,2
233232,3069b,322,1
233232,3069b,14,1
233232,3069b,70,4
233232,3069b,27,2
233232,3070b,14,4
233232,3070b,70,3
233232,3070b,15,4
233232,3176,14,5
233232,32000,14,1
233232,32000,19,3
233232,32000,15,3
233232,32000,4,1
233232,32000,72,2
233232,32013,15,2
233232,32016,15,3
233232,32028,19,2
233232,32028,14,1
233232,32034,0,1
233232,32034,70,8
233232,32062,0,11
233232,32062,4,16
233232,32073,14,2
233232,32073,71,1
233232,32123b,14,10
233232,32192,2,2
233232,32192,15,2
233232,32291,15,1
233232,32449,25,2
233232,32580,15,1
233232,32803,15,4
233232,32803,14,3
233232,32803,70,2
233232,32828,70,1
233232,32828,15,3
233232,32952,15,5
233232,32952,70,2
233232,33078,15,5
233232,33243,15,1
233232,33243,226,1
233232,3386,2,1
233232,3386,0,1
233232,33909,0,2
233232,33909,70,7
233232,33909,19,1
233232,3396,70,4
233232,34103,19,2
233232,3460,14,1
233232,3460,28,2
233232,3484,15,11
233232,3484,72,2
233232,35480,15,2
233232,35480,5,6
233232,3563,3,1
233232,3563,15,1
233232,3566,14,2
233232,35787,70,1
233232,35787,19,1
233232,3622,29,2
233232,3622,71,1
233232,3622,72,1
233232,3623,15,2
233232,3623,2,1
233232,3623,4,3
233232,3623,0,1
233232,3623,70,2
233232,3623,14,4
233232,3666,14,1
233232,3666,72,1
233232,3666,2,1
233232,3666,4,2
233232,36840,84,1
233232,36840,27,3
233232,36841,71,1
233232,36841,27,1
233232,3700,72,4
233232,3705,4,1
233232,3706,4,1
233232,3707,4,1
233232,3708,0,1
233232,3710,15,3
233232,3710,70,1
233232,3710,14,8
233232,3710,72,1
233232,3710,191,2
233232,3710,1,2
233232,3713,71,1
233232,37352,15,2
233232,37352,19,2
233232,37762,0,1
233232,3795,70,1
233232,3795,4,1
233232,3795,0,16
233232,3795,72,2
233232,3795,15,8
233232,3795,14,1
233232,3832,0,1
233232,3937,19,3
233232,3937,15,1
233232,3937,14,1
233232,3937,0,1
233232,3941,14,1
233232,3941,27,1
233232,3958,70,1
233232,4032a,15,1
233232,40379,15,7
233232,4042,47,1
233232,4070,25,1
233232,4070,0,4
233232,41677,15,7
233232,41682,15,2
233232,41682,84,3
233232,41740,15,2
233232,41740,70,1
233232,41769,70,1
233232,41769,28,1
233232,41770,28,1
233232,4185,19,2
233232,4185,72,2
233232,42022,4,1
233232,42023,3,2
233232,42135,0,2
233232,42135,15,7
233232,42195,0,1
233232,4278,0,2
233232,4282,0,1
233232,42862,14,1
233232,42924,1,4
233232,4304,0,8
233232,4304,71,4
233232,4304,226,2
233232,4304,72,5
233232,4304,14,1
233232,43093,1,2
233232,43710,72,2
233232,43711,71,1
233232,43722,19,1
233232,43722,14,3
233232,43722,27,1
233232,43723,191,1
233232,43723,14,4
233232,43723,27,1
233232,43723,19,1
233232,43723,70,1
233232,44728,191,2
233232,44728,70,1
233232,44728,14,1
233232,44728,72,3
233232,4477,70,1
233232,4477,14,1
233232,44861,14,5
233232,4519,14,5
233232,47455,14,1
233232,47455,15,1
233232,47457,15,1
233232,47753,28,1
233232,47759,72,3
233232,48165,14,1
233232,48169,14,1
233232,48169,15,1
233232,48170,15,1
233232,48171,14,1
233232,48267,25,1
233232,48336,14,1
233232,48336,15,1
233232,49307,84,1
233232,49307,14,2
233232,49307,15,1
233232,49307,29,7
233232,49308,71,1
233232,5093,191,1
233232,5095,14,3
233232,50950,15,2
233232,50950,14,2
233232,5151,14,3
233232,51739,14,4
233232,52107,14,7
233232,53451,70,6
233232,53451,15,4
233232,53923,15,3
233232,5414,14,1
233232,5415,14,1
233232,54200,25,1
233232,54200,226,2
233232,54200,29,2
233232,54200,2,6
233232,54200,19,1
233232,54200,70,1
233232,54200,14,6
233232,54200,15,1
233232,54662,15,3
233232,5520,15,3
233232,5565,15,5
233232,5649,14,2
233232,5711,28,1
233232,58176,14,4
233232,5830,28,1
233232,5906,15,2
233232,5907,15,4
233232,59426,72,3
233232,59443,15,3
233232,59443,25,1
233232,59900,29,1
233232,60476,15,2
233232,60478,15,1
233232,60479,14,2
233232,60479,71,1
233232,60483,25,3
233232,60593,0,1
233232,6060,14,4
233232,60897,15,3
233232,60897,14,1
233232,6091,0,8
233232,61252,19,1
233232,61332,0,7
233232,6134,15,1
233232,6134,0,5
233232,61409,0,3
233232,61409,27,1
233232,6141,29,6
233232,6141,70,1
233232,6141,27,4
233232,6141,14,7
233232,6141,15,1
233232,6141,72,1
233232,6141,1,1
233232,6141,71,3
233232,6180pr0036,0,1
233232,6190,14,1
233232,62462,1103,1
233232,63864,14,3
233232,63868,14,2
233232,64225,14,1
233232,6536,15,1
233232,6541,70,2
233232,6575,0,2
233232,6632,0,2
233232,6636,14,1
233232,66857,14,6
233232,67329,0,2
233232,67329,71,5
233232,69729,0,2
233232,69729pr0040,14,1
233232,69729pr0041,14,1
233232,69819,15,6
233232,70681,191,1
233232,73111,14,1
233232,73111,71,1
233232,73230,0,3
233232,73230,212,3
233232,73230,71,6
233232,73230,84,2
233232,73825,15,1
233232,73825,14,20
233232,73825,25,3
233232,73831,71,3
233232,76797,14,2
233232,77765,71,2
233232,77844,14,2
233232,77850,71,1
233232,78256,70,1
233232,78256,15,1
233232,78258,70,4
233232,78258,71,6
233232,78329,14,2
233232,78329,4,3
233232,78329,84,1
233232,78329,72,4
233232,78443,14,1
233232,78444,14,2
233232,79389,25,2
233232,79389,0,1
233232,79389,70,2
233232,79389,2,2
233232,79393,15,1
233232,79491,15,4
233232,79846,14,1
233232,80178,14,1
233232,80178,15,1
233232,85080,15,2
233232,85975,0,1
233232,85984,70,5
233232,85984,28,2
233232,85984,15,1
233232,85984,14,5
233232,86996,15,2
233232,86996,4,1
233232,87079,0,9
233232,87079,14,1
233232,87079pr0358,191,2
233232,87083,72,2
233232,87087,72,2
233232,87087,0,1
233232,87087,70,7
233232,87087,29,2
233232,87407,71,1
233232,87544,0,7
233232,87620,14,1
233232,87994,0,1
233232,88293,15,1
233232,89678,4,4
233232,89678,72,20
233232,89679,15,1
233232,90194,70,1
233232,91988,0,1
233232,92692,15,1
233232,92692,14,1
233232,93061,15,1
233232,93273,191,1
233232,93606,14,5
233232,96874,3,1
233232,98138,14,2
233232,98138,72,1
233232,98138,15,3
233232,98313,15,3
233232,98313,14,3
233232,98560,0,1
233232,99021,15,1
233232,99207,19,1
233232,99207,14,2
233232,99207,0,1
233232,99207,72,9
233232,99207,191,1
233232,99207,28,5
233232,99563,70,1
233232,99780,14,2
233232,99780,0,1
233232,99781,14,4
233232,99781,19,2
233233,10110123,9999,1
233233,11477,28,12
233233,11477,72,2
233233,11477,30,19
233233,11477,322,5
233233,11477,1,19
233233,11477,85,20
233233,14719,1,2
233233,14769pr9972,15,2
233233,15068,30,15
233233,15395,4,1
233233,15573,72,2
233233,15712,72,2
233233,1745,297,2
233233,1745,70,1
233233,1748,71,2
233233,1751,19,2
233233,20482,31,2
233233,22388,4,1
233233,22885,15,12
233233,24246,71,1
233233,24246,484,6
233233,2431,1,2
233233,2445,322,3
233233,2450,322,4
233233,2540,1,4
233233,26047,72,4
233233,26047,30,2
233233,2654,28,1
233233,26604,72,2
233233,27261,72,1
233233,28621,41,1
233233,3001,4,4
233233,3001,0,2
233233,3004,30,5
233233,3004,0,1
233233,3004,3,7
233233,3010,0,5
233233,3010,26,7
233233,30153,47,1
233233,3020,1,5
233233,3020,30,2
233233,3020,0,3
233233,3020,14,1
233233,3021,70,2
233233,3021,1,2
233233,3021,30,1
233233,3022,30,2
233233,3022,0,2
233233,3022,70,1
233233,3022,4,1
233233,3022,27,2
233233,3022,71,1
233233,3022,1,3
233233,3023,72,2
233233,3023,28,4
233233,3023,27,4
233233,3023,322,7
233233,3023,30,13
233233,3023,0,12
233233,3023,1,4
233233,3024,70,6
233233,3024,72,1
233233,3024,322,6
233233,3024,1,4
233233,3024,30,6
233233,3031,1,2
233233,3032,0,1
233233,3034,322,3
233233,3035,322,2
233233,3039,1,1
233233,3043,0,2
233233,3043,30,1
233233,3062b,2,1
233233,3062b,25,2
233233,3069b,30,7
233233,3070b,0,4
233233,32803,0,2
233233,32803,30,1
233233,3298,0,4
233233,3386,0,2
233233,33909,1,3
233233,3460,322,4
233233,35480,15,1
233233,35485,0,1
233233,3563,484,1
233233,3666,70,10
233233,3666,1,4
233233,36840,1,4
233233,36840,272,2
233233,36840,72,2
233233,3705,0,1
233233,3710,1,8
233233,3710,0,3
233233,3710,30,4
233233,3710,85,11
233233,3710,28,10
233233,3795,30,5
233233,3795,0,1
233233,3956,0,1
233233,39789,14,2
233233,4081b,0,2
233233,41740,72,1
233233,41740,19,2
233233,41769,1,2
233233,41769,322,1
233233,41770,322,1
233233,41770,1,2
233233,44709,0,1
233233,44728,3,4
233233,44728,30,4
233233,44728,70,1
233233,44861,0,2
233233,44861,71,14
233233,48336,72,2
233233,48336,1,4
233233,48336,30,1
233233,49668,4,2
233233,54200,72,1
233233,54200,30,15
233233,54200,322,13
233233,54200,85,42
233233,54200,1,31
233233,54383,1,1
233233,54384,1,1
233233,6005,85,6
233233,60478,1,2
233233,60478,0,2
233233,60479,0,2
233233,61252,30,2
233233,61252,0,1
233233,6141,4,1
233233,6141,85,4
233233,6141,3,2
233233,6141,2,1
233233,6179,72,1
233233,6190,72,1
233233,63868,1,6
233233,64728,4,1
233233,67329,484,1
233233,67329,1,3
233233,67329,0,3
233233,71752,0,2
233233,79389,0,6
233233,85861,297,2
233233,85984,30,10
233233,85984,322,11
233233,85984,85,14
233233,85984,1,15
233233,85984,4,1
233233,87079,30,1
233233,90258,72,1
233233,90398,297,1
233233,92099,28,2
233233,92107,28,2
233233,98138,2,2
233233,98138,71,1
233233,99207,71,8
233233,99563,484,2
233233,99780,1,20
233233,99781,72,4
233234,10197,72,1
233234,14719,71,4
233234,15068,14,2
233234,15535,2,3
233234,15573,15,2
233234,15712,0,2
233234,1745,0,2
233234,18910,1050,1
233234,20953,15,2
233234,22388,10,2
233234,2357,70,4
233234,24299,14,1
233234,24307,14,1
233234,24599,25,4
233234,25269,1050,2
233234,26604,71,4
233234,27925,1050,2
233234,29119,14,3
233234,29120,14,3
233234,30136,19,2
233234,3020,4,1
233234,3020,70,8
233234,3021,14,6
233234,3021,25,1
233234,3022,70,3
233234,3022,15,2
233234,3023,322,6
233234,3024,4,2
233234,30414,19,4
233234,3069b,14,2
233234,3070b,27,2
233234,32001,71,1
233234,32028,70,8
233234,32124,70,2
233234,3262,27,2
233234,3460,14,1
233234,35480,70,2
233234,3623,28,4
233234,3666,14,1
233234,3666,27,3
233234,36840,72,2
233234,3710,2,2
233234,3710,0,4
233234,3710,25,2
233234,3795,70,2
233234,3941,19,1
233234,4070,19,2
233234,4733,27,1
233234,49307,4,4
233234,49612,25,4
233234,50950,25,2
233234,59900,19,2
233234,6005,4,2
233234,60474,25,1
233234,60485,14,1
233234,6060,4,2
233234,6141,322,4
233234,6222,15,1
233234,63864,4,2
233234,65734,25,2
233234,6636,72,2
233234,72132,15,2
233234,72132,72,4
233234,73230,0,2
233234,77850,0,4
233234,78258,19,3
233234,79194,297,2
233234,85861,27,3
233234,87079,14,4
233234,89523,25,1
233234,89678,4,2
233234,98138,0,2
233234,98138,15,4
233234,98138,4,5
233234,99780,72,2
233283,11477,0,2
233283,15068,0,2
233283,15082,0,2
233283,15573,0,1
233283,18977,0,2
233283,22889,0,1
233283,25269,0,2
233283,28192,0,2
233283,3020,72,2
233283,3022,0,1
233283,32828,72,2
233283,35480,71,4
233283,36840,14,2
233283,3839b,72,1
233283,3937,0,1
233283,47458,0,2
233283,54200,46,1
233283,55981,14,2
233283,6134,71,1
233283,6141,179,4
233283,63868,0,2
233283,77598,72,2
233283,77765,71,2
233283,99780,14,2
233283,99781,0,4
233435,11211,15,1
233435,11212,70,1
233435,11212,2,2
233435,11476,15,1
233435,14417,72,1
233435,14418,71,1
233435,14704,71,2
233435,14719,19,1
233435,14719,15,4
233435,15573,25,2
233435,15573,84,1
233435,15573,70,5
233435,15712,70,5
233435,15712,1,2
233435,18649,322,1
233435,22388,71,1
233435,22484,72,1
233435,2357,2,2
233435,2420,2,8
233435,2420,70,4
233435,2420,25,2
233435,2431,29,1
233435,2456,484,3
233435,2540,28,2
233435,26603pr0028,2,1
233435,2736,71,1
233435,3001,484,1
233435,3002,29,1
233435,3003,484,2
233435,3003,15,4
233435,3003,10,2
233435,3004,29,4
233435,3004,10,6
233435,3004,484,2
233435,3004,288,2
233435,3004pr0036,15,1
233435,3005,5,5
233435,3005,191,1
233435,3005,25,3
233435,3005,15,2
233435,3005,322,1
233435,3005,2,12
233435,3005,84,1
233435,3005,308,1
233435,3010,25,1
233435,3010,2,1
233435,3020,484,1
233435,3020,5,3
233435,3021,15,1
233435,3021,288,1
233435,3021,25,2
233435,3021,2,4
233435,3021,29,5
233435,3022,25,2
233435,3022,321,2
233435,3022,322,1
233435,3022,15,1
233435,3022,14,1
233435,3023,19,3
233435,3023,70,1
233435,3023,191,1
233435,3023,10,8
233435,3023,484,5
233435,3023,321,1
233435,3023,29,3
233435,3023,288,2
233435,3023,4,1
233435,3023pr0009,25,1
233435,3024,85,2
233435,3024,5,4
233435,3024,19,4
233435,3024,2,2
233435,3024,10,4
233435,3024,4,4
233435,3024,15,1
233435,3024,71,3
233435,3031,2,1
233435,3032,2,1
233435,3068b,15,5
233435,3068b,10,7
233435,3068b,321,1
233435,3069b,484,3
233435,3069b,5,2
233435,3069b,10,3
233435,3069bpr0442,19,1
233435,3069bpr0444,15,1
233435,3069bpr9990,29,1
233435,3070b,0,4
233435,3070b,2,7
233435,3070b,28,1
233435,3070b,191,1
233435,3070b,484,8
233435,3070b,15,6
233435,3070b,70,1
233435,32064a,308,4
233435,33909,288,1
233435,34103,19,1
233435,34103,15,1
233435,35480,71,2
233435,35480,0,4
233435,3623,70,2
233435,3623,85,2
233435,3623,25,2
233435,3700,71,1
233435,3705,0,1
233435,3710,15,2
233435,3710,70,2
233435,3710,10,4
233435,3710,484,3
233435,37775,182,1
233435,3795,10,2
233435,3795,15,3
233435,3937,84,1
233435,3937,15,1
233435,3937,2,1
233435,3938,71,1
233435,41677,1,1
233435,41682,0,4
233435,4216,15,1
233435,4216,84,1
233435,44301b,14,1
233435,44301b,71,1
233435,44728,29,2
233435,44861,84,2
233435,4490,29,2
233435,4519,71,2
233435,48336,71,1
233435,4865b,2,1
233435,53923,0,4
233435,54657,72,4
233435,60470b,322,1
233435,60478,0,2
233435,61332,0,1
233435,6134,71,1
233435,6134,70,1
233435,63864,85,2
233435,63864,288,1
233435,63864,484,3
233435,63864pr0055,28,1
233435,63864pr0056,191,1
233435,63868,15,1
233435,6541,27,1
233435,6553,72,2
233435,73230,4,2
233435,73230,71,1
233435,73825,84,2
233435,78257,70,1
233435,79389,484,4
233435,86876,71,1
233435,86996,1,1
233435,87079,29,1
233435,87079pr0211,10,1
233435,87079pr0212,10,1
233435,87079pr0354,25,1
233435,87079pr0355,29,1
233435,87580,322,1
233435,87580,484,1
233435,87580,29,2
233435,87580,4,1
233435,88072,70,1
233435,99207,25,1
233435,99207,19,1
233435,99780,0,1
233435,99781,70,1
233437,10109747,9999,1
233437,11214,72,4
233437,11476,15,2
233437,11477,72,4
233437,15068,4,4
233437,15068,15,1
233437,15303,35,3
233437,15400,72,2
233437,15535,72,2
233437,1748,72,2
233437,18654,0,2
233437,18674,0,2
233437,20482,71,2
233437,22385,72,2
233437,2412b,179,5
233437,2445,0,2
233437,2450,72,2
233437,2540,0,1
233437,2654,46,5
233437,26599,71,4
233437,26601,15,2
233437,26603,72,2
233437,2714b,0,2
233437,28802,71,2
233437,3003,72,1
233437,3005,73,1
233437,3020,71,3
233437,3020,322,1
233437,3020,4,2
233437,3021,15,2
233437,3021,4,1
233437,3021,272,1
233437,3021,0,2
233437,3022,4,2
233437,3022,29,3
233437,3022,19,6
233437,3023,4,11
233437,3023,0,1
233437,3023,71,1
233437,3024,0,2
233437,3029,4,1
233437,3032,15,1
233437,3035,0,2
233437,30355,15,1
233437,30356,15,1
233437,30374,35,1
233437,30383,72,1
233437,3039,15,2
233437,30503,15,2
233437,3068b,15,2
233437,3068b,4,2
233437,3069b,15,4
233437,32000,0,1
233437,32016,72,4
233437,32028,15,6
233437,32028,179,2
233437,32062,4,2
233437,32064a,71,7
233437,32073,14,6
233437,32123b,71,2
233437,32803,0,2
233437,33085,14,1
233437,33909,0,3
233437,3460,71,2
233437,35464,15,1
233437,35787,72,2
233437,3623,72,2
233437,3705,0,2
233437,3710,4,5
233437,3710,15,3
233437,3941,71,3
233437,4032a,71,3
233437,4032a,0,4
233437,41677,71,1
233437,41682,0,1
233437,41682,71,2
233437,42135,71,2
233437,43093,1,4
233437,43719,15,1
233437,44861,15,2
233437,4510,4,2
233437,48933,15,1
233437,50304,0,1
233437,50305,0,1
233437,50340,0,1
233437,54200,15,2
233437,54383,15,2
233437,54384,15,2
233437,54662,71,1
233437,58247,0,1
233437,59443,0,2
233437,61252,72,1
233437,63864,15,4
233437,64567,80,1
233437,65426,72,2
233437,65426,4,6
233437,65426,0,1
233437,65426,15,1
233437,65429,72,2
233437,65429,15,1
233437,65429,4,6
233437,65429,0,1
233437,6632,0,2
233437,66956,15,1
233437,73111,15,2
233437,73230,72,2
233437,73562,0,2
233437,76959,0,3
233437,79389,0,2
233437,80177,4,1
233437,80178,4,1
233437,85984pr0006,72,1
233437,87752,1095,1
233437,92947,72,8
233437,93555,179,2
233437,98138,72,2
233437,98585,0,2
233437,99207,0,4
233437,99563,0,3
233437,99780,15,2
233437,99781,0,2
233438,11010,334,2
233438,11211,15,1
233438,11211,0,2
233438,11211,1089,2
233438,11211,27,1
233438,1126,0,2
233438,11291,1089,1
233438,11477,4,2
233438,13349,0,1
233438,13548,72,4
233438,13731,4,4
233438,14395,0,2
233438,14417,72,2
233438,14418,71,2
233438,14704,71,1
233438,15068,0,9
233438,15068,1089,1
233438,15456,71,1
233438,15571,0,1
233438,15672,0,4
233438,15672,15,4
233438,15706,0,8
233438,1745,0,2
233438,18674,4,1
233438,18674,15,2
233438,1927,72,2
233438,20482,0,4
233438,22391,0,2
233438,22484,0,2
233438,22885,4,7
233438,22888,15,2
233438,2420,19,2
233438,2420,0,6
233438,24201,0,6
233438,2431,0,4
233438,2438,0,2
233438,2442,0,2
233438,2450,4,4
233438,2450,0,2
233438,2453b,72,4
233438,25269,0,6
233438,25269,4,4
233438,2654,0,1
233438,26601,0,2
233438,26603,272,1
233438,27925,0,2
233438,27925,4,2
233438,28192,0,12
233438,28192,4,4
233438,29119,0,3
233438,29120,0,3
233438,3001,15,2
233438,3002,0,1
233438,3002,326,1
233438,3003,72,1
233438,3003,1062,1
233438,3004,71,8
233438,3004,0,3
233438,3005,0,4
233438,3009,70,2
233438,3009,0,2
233438,30136,0,2
233438,30153,35,1
233438,3020,19,5
233438,3020,0,4
233438,3020,26,2
233438,3021,0,16
233438,3022,71,1
233438,3022,1089,4
233438,3022,0,3
233438,3022,4,2
233438,3023,1089,2
233438,3023,0,37
233438,3023,72,4
233438,3024,0,20
233438,3031,72,2
233438,3031,0,1
233438,3032,72,1
233438,3034,19,2
233438,30363,72,3
233438,3040b,25,2
233438,3040b,0,1
233438,3062b,34,2
233438,3069b,1062,5
233438,3069b,15,1
233438,3069b,4,4
233438,3070b,0,2
233438,3070b,4,6
233438,3176,0,1
233438,32016,0,8
233438,32028,0,2
233438,32028,2,5
233438,32123b,5,2
233438,32803,0,1
233438,32952,288,2
233438,3298,72,1
233438,33121,4,1
233438,3386,0,2
233438,33909,72,2
233438,3504,0,1
233438,3505,0,1
233438,35480,0,6
233438,35480,4,9
233438,3622,0,4
233438,3623,0,16
233438,3659,0,6
233438,36840,0,4
233438,36841,4,2
233438,3705,4,5
233438,3707,4,1
233438,3710,1050,2
233438,3710,320,2
233438,3710,0,7
233438,3710,1089,2
233438,3713,4,2
233438,3795,1,2
233438,3917,14,3
233438,3937,0,2
233438,3941,0,1
233438,4032a,29,1
233438,4032a,0,3
233438,4032a,85,2
233438,41748,0,1
233438,41748,1089,1
233438,41749pr0003,1089,1
233438,41750,1089,1
233438,41854,1089,1
233438,42003,0,2
233438,42022,0,2
233438,42022,1089,4
233438,42023,0,4
233438,4304,72,8
233438,4304,0,2
233438,43710,0,1
233438,43711,0,1
233438,43722,0,4
233438,43723,0,4
233438,44728,72,8
233438,44728,0,1
233438,44861,0,2
233438,4519,14,4
233438,47753pr0024,0,1
233438,48267,0,2
233438,48336,14,1
233438,50955,0,4
233438,50956,0,4
233438,52107,191,20
233438,53540,4,2
233438,5382pr0002,0,1
233438,5404,0,6
233438,5414,0,4
233438,5415,0,4
233438,54200,0,12
233438,5540,4,2
233438,5711,1089,1
233438,5711,0,1
233438,57585,0,2
233438,60478,4,2
233438,6060,0,4
233438,6091,0,2
233438,61332,0,8
233438,6134,0,2
233438,61409,0,2
233438,6141,27,2
233438,6141,15,2
233438,6141,0,8
233438,6141,3,2
233438,6141,322,8
233438,61780,4,1
233438,6180pr9992,0,1
233438,63864,0,12
233438,64225,4,1
233438,64799,0,1
233438,6541,14,2
233438,65426,1089,2
233438,65429,1089,2
233438,65826,10,2
233438,6587,28,2
233438,66857pr0045,4,2
233438,68568,0,4
233438,71752,0,5
233438,72454,0,1
233438,73230,25,8
233438,73230,70,16
233438,73825,320,2
233438,76959,0,1
233438,77850,272,8
233438,79389,19,6
233438,79389,0,2
233438,80286,0,2
233438,85861,320,2
233438,85984,1089,2
233438,85984,0,9
233438,86996,0,4
233438,86996,323,2
233438,87087,71,2
233438,87087,4,4
233438,87375pr0001,0,1
233438,87544,0,1
233438,87544,71,4
233438,87580,70,1
233438,87620,0,2
233438,89523,71,1
233438,90258,484,1
233438,93274,0,3
233438,93606,0,2
233438,93609,0,2
233438,96874,3,1
233438,99207,0,4
233438,99781,0,2
233438,99781,72,2
233439,10197,0,1
233439,10202,0,1
233439,10247,15,1
233439,11203,19,1
233439,11203,4,1
233439,11203,15,3
233439,11212,0,1
233439,11212,4,1
233439,11212,72,1
233439,11214,4,1
233439,11214,72,1
233439,11458,0,3
233439,11477,0,1
233439,11478,0,2
233439,14719,4,10
233439,14719,322,2
233439,14719,72,2
233439,14719,0,11
233439,15068,0,4
233439,15397,0,6
233439,15456,2,2
233439,15535,71,3
233439,15535,72,1
233439,15573,4,3
233439,15573,72,2
233439,1748,15,1
233439,17485,0,1
233439,17485,15,1
233439,1751,15,1
233439,18654,27,2
233439,18677,72,1
233439,18948,15,1
233439,1927,0,2
233439,20482,4,1
233439,22885,0,4
233439,22889,72,1
233439,2310,72,2
233439,2412b,0,1
233439,2420,320,1
233439,2420,1,5
233439,2420,84,2
233439,2420,0,22
233439,2420,4,1
233439,2420,308,6
233439,24201,71,1
233439,24201,72,1
233439,2431,15,3
233439,2431,308,1
233439,2431,4,2
233439,2431,0,12
233439,2431,321,2
233439,2431,10,7
233439,2445,0,2
233439,2456,484,1
233439,2456,0,3
233439,2465,0,2
233439,2628,72,2
233439,2629,15,1
233439,2639,72,2
233439,2639,0,1
233439,2654,15,1
233439,2654,321,1
233439,2654,72,3
233439,26603,0,4
233439,26603,78,1
233439,26603,4,5
233439,26603,70,4
233439,26603,84,4
233439,26603,15,3
233439,2730,71,2
233439,2736,71,2
233439,27448,484,2
233439,2752,0,1
233439,28192,0,6
233439,3001,0,1
233439,3001,4,1
233439,3002,0,2
233439,3002,27,2
233439,3003,0,5
233439,3003,19,2
233439,3004,27,4
233439,3004,0,1
233439,3005,0,5
233439,3005,27,2
233439,3009,27,7
233439,3020,10,1
233439,3020,308,1
233439,3020,27,1
233439,3020,4,1
233439,3020,14,2
233439,3020,19,3
233439,3020,0,7
233439,3020,71,1
233439,3021,28,5
233439,3021,1,4
233439,3021,70,12
233439,3021,27,4
233439,3021,71,1
233439,3021,78,4
233439,3021,0,11
233439,3021,72,3
233439,3022,84,2
233439,3022,27,3
233439,3022,308,5
233439,3022,0,3
233439,3022,72,5
233439,3023,84,2
233439,3023,0,17
233439,3023,2,2
233439,3023,10,2
233439,3023,308,5
233439,3023,5,3
233439,3023,78,1
233439,3023,1,4
233439,3023,72,8
233439,3023,19,9
233439,3023,70,6
233439,3024,0,14
233439,3024,1,1
233439,3024,308,4
233439,3024,4,3
233439,3024,2,2
233439,3024,15,3
233439,3024,27,2
233439,3024,484,3
233439,3028,0,6
233439,3030,0,2
233439,3031,72,1
233439,3031,0,3
233439,3031,19,2
233439,3032,0,2
233439,3032,4,1
233439,3034,1,1
233439,3035,308,1
233439,3035,72,2
233439,3035,0,2
233439,3035,1,1
233439,30361c,0,1
233439,30374,27,2
233439,3039,27,1
233439,3040b,0,2
233439,3062b,25,2
233439,3068b,1,1
233439,3068b,25,1
233439,3068b,4,2
233439,3068b,0,1
233439,3068b,10,1
233439,3068b,70,4
233439,3068b,2,1
233439,3068bpr9354,72,1
233439,3069b,15,15
233439,3069b,4,5
233439,3069b,308,18
233439,3069b,78,6
233439,3069b,10,10
233439,3069b,14,7
233439,3069b,92,6
233439,3069b,0,50
233439,3069b,322,3
233439,3069b,25,9
233439,3069b,1,7
233439,3069b,320,7
233439,3069b,84,8
233439,3069b,2,1
233439,3070b,14,4
233439,3070b,308,14
233439,3070b,0,35
233439,3070b,320,10
233439,3070b,1,2
233439,3070b,321,16
233439,3070b,10,17
233439,3070b,70,1
233439,3070b,15,11
233439,3070b,4,3
233439,3070b,84,3
233439,3070b,25,3
233439,3070b,2,8
233439,3070b,78,2
233439,3176,72,6
233439,3184,0,1
233439,32000,14,2
233439,32000,0,2
233439,32001,0,4
233439,32005a,14,1
233439,32005a,2,2
233439,32005a,25,1
233439,32013,15,1
233439,32062,4,1
233439,32064a,4,3
233439,32073,14,2
233439,32123b,71,3
233439,32184,25,1
233439,32184,14,2
233439,32278,15,1
233439,32316,72,2
233439,32523,15,1
233439,32524,4,1
233439,32524,15,1
233439,32524,72,1
233439,32526,0,2
233439,32532,71,3
233439,32803,0,2
233439,3298,4,1
233439,33909,0,7
233439,3460,4,1
233439,3460,0,4
233439,3460,72,2
233439,3544,0,1
233439,35442,322,1
233439,35459,15,2
233439,35480,4,5
233439,35480,71,4
233439,3622,27,2
233439,3622,0,3
233439,3623,308,7
233439,3623,2,4
233439,3623,4,1
233439,3623,0,11
233439,3623,70,2
233439,3623,19,2
233439,3623,27,2
233439,3623,72,3
233439,3623,10,2
233439,3639,28,1
233439,3640,19,1
233439,3666,27,2
233439,3666,72,1
233439,3666,308,2
233439,3666,15,1
233439,3666,84,1
233439,3666,1,2
233439,3666,71,2
233439,3673,14,2
233439,3678b,0,2
233439,3700,0,4
233439,3701,0,2
233439,3702,15,2
233439,3702,71,1
233439,3702,4,1
233439,3703,4,1
233439,3705,4,1
233439,3710,2,1
233439,3710,19,1
233439,3710,4,2
233439,3710,72,1
233439,3710,308,1
233439,3710,0,4
233439,3710,15,1
233439,3710,1,3
233439,3710,71,4
233439,3713,4,2
233439,3738,72,4
233439,3738,0,2
233439,3749,19,3
233439,3795,72,4
233439,3795,27,2
233439,3795,84,1
233439,3795,308,7
233439,3795,0,3
233439,3795,15,1
233439,3830,71,1
233439,3831,19,1
233439,3832,72,1
233439,3832,0,2
233439,3894,15,2
233439,3894,4,1
233439,40145,0,4
233439,4032a,4,2
233439,4032a,70,1
233439,4032a,72,1
233439,41539,0,3
233439,4162,4,1
233439,4162,0,7
233439,41677,15,2
233439,41677,25,2
233439,42023,0,2
233439,42610,4,1
233439,4274,15,1
233439,4282,4,1
233439,42924,1,11
233439,4304,0,2
233439,4304,1,6
233439,43093,1,6
233439,44567b,0,1
233439,4477,308,2
233439,4519,14,4
233439,45590,0,3
233439,49097,4,1
233439,49311,0,1
233439,50951,0,1
233439,54200,4,1
233439,5565,4,1
233439,55889,0,1
233439,59426,72,2
233439,59443,15,1
233439,59895,0,4
233439,60219,0,1
233439,60474,0,1
233439,60474,2,1
233439,60479,0,3
233439,60479,320,1
233439,60479,72,1
233439,60485,71,1
233439,6111,27,7
233439,6112,0,4
233439,61332,0,22
233439,6141,4,2
233439,63864,14,2
233439,63864,0,14
233439,63864,15,2
233439,63864,25,3
233439,63864,92,1
233439,63864,84,7
233439,63864,70,1
233439,63864,322,2
233439,63864,308,8
233439,63864,2,1
233439,63864,320,2
233439,63864,4,1
233439,63864,1,5
233439,63869,15,1
233439,64799,72,2
233439,64799,70,2
233439,64799,14,2
233439,65304,25,7
233439,6541,4,2
233439,6636,0,5
233439,6636,84,2
233439,6636,322,1
233439,6636,4,2
233439,66906,4,4
233439,67446,72,2
233439,68013,0,2
233439,73109,1,1
233439,73230,0,4
233439,73507,0,2
233439,73562,71,1
233439,73831,308,1
233439,77765,71,2
233439,77844,0,1
233439,77845,0,1
233439,77850,0,1
233439,78329,72,3
233439,78329,19,1
233439,78329,0,4
233439,79180,0,3
233439,80477,72,1
233439,85544,4,1
233439,85943,72,1
233439,87079,321,1
233439,87079,4,1
233439,87079,15,1
233439,87079,10,13
233439,87083,72,1
233439,87994,71,1
233439,89678,4,20
233439,91176,0,8
233439,91988,15,1
233439,91988,70,2
233439,92947,71,2
233439,93606,0,3
233439,96874,25,1
233439,98138,191,1
233439,99008,19,1
233443,28621pr9869,70,1
233443,30374,308,1
233443,5689,1103,1
233443,64644,308,1
233443,64647,182,1
233443,88646pr0006,0,1
233444,28621pr4404,14,1
233444,30374,0,1
233444,32474pr9998,15,1
233444,5685,1103,1
233444,64567,0,1
233444,88646pr0006,0,1
233445,28621pr4386,25,1
233445,5688,45,1
233445,5829pr0001,4,1
233445,88646pr0006,0,1
233446,25375,297,1
233446,2586pr9997,71,1
233446,30374,1,1
233446,5686,1055,1
233446,85861,297,1
233446,88646pr0006,0,1
233447,28621pr9863,92,1
233447,32607,27,1
233447,32607,10,1
233447,41835pr0002,28,1
233447,4367,4,1
233447,63965,70,1
233447,85861,70,1
233447,88646pr0006,0,1
233448,02889pr0002,72,1
233448,3748,28,1
233448,88646pr0006,0,1
233449,108312pat0001,29,1
233449,88646pr0006,0,1
233450,2343,47,1
233450,36756pr0002,0,1
233450,66964,179,1
233450,88646pr0006,0,1
233451,2530,297,1
233451,28621pr4383,1089,1
233451,80503pr0004,84,1
233451,88646pr0006,0,1
233452,3024,40,1
233452,3070bpr0321,40,1
233452,3941,47,1
233452,88646pr0006,0,1
233453,27393,182,1
233453,28621pr0895,36,1
233453,88646pr0006,0,1
233454,24093pr0046,70,1
233454,24324,70,1
233454,3069bpr0435,19,1
233454,64647,45,1
233454,88646pr0006,0,1
233454,98374,1103,1
233502,3626cpr2903,78,1
233502,62810,0,1
233502,970c26,19,1
233502,973c10h07pr4432,320,1
233518,36752a,308,1
233518,37704,297,1
233518,3957b,484,1
233518,90826,308,1
233529,21459,297,1
233529,53454,179,1
233529,87994,0,1
233576,122c01,7,4
233576,3002a,1,1
233576,3003a,1,1
233576,3004,1,7
233576,3005,1,7
233576,3008,1,1
233576,3009,1,4
233576,3010,1,2
233576,3020,1,1
233576,3020,7,4
233576,3022,7,1
233576,3023,14,2
233576,3023,7,2
233576,3024,36,2
233576,3024,1,1
233576,3024,34,4
233576,3029,1,1
233576,3034,1,1
233576,3036,46,1
233576,3036,1,1
233576,3039pr0026,1,1
233576,3039pr9994,7,1
233576,3039pr9994,1,2
233576,3062a,34,2
233576,3062a,36,3
233576,3062a,7,2
233576,3066,46,9
233576,3149bc01,1,1
233576,3479,1,4
233576,3622,1,1
233576,3641,0,8
233576,3660pr0001,1,3
233576,3666,1,2
233576,3679,7,1
233576,3680,7,1
233576,3710,7,1
233576,3710,14,2
233576,3710,1,2
233576,3730,7,1
233576,3731,7,1
233576,3787,7,2
233576,3788,7,2
233576,3794a,7,3
233576,3795,7,1
233576,3829c01,7,2
233576,3829c01,1,2
233576,3832,1,2
233576,3838,7,1
233576,3839b,7,8
233576,3937,7,1
233576,3938,7,1
233576,3941,1,6
233576,3941,0,2
233576,3941,7,11
233576,3941,15,8
233576,3942a,0,1
233576,3942a,15,1
233576,3947a,7,1
233576,3956,1,4
233576,3956,7,3
233576,3957a,7,3
233576,3960,7,1
233576,3962a,0,2
233576,4006,0,1
233576,69c01,1,4
233576,upn0258c12,0,3
233589,11090,71,2
233589,11211,1,2
233589,11477,322,1
233589,11477,272,4
233589,15573,322,5
233589,24246,322,1
233589,24246,1050,1
233589,26047,272,3
233589,3020,272,1
233589,3023,1050,2
233589,3024,272,1
233589,36840,272,1
233589,4032a,322,4
233589,4733,0,1
233589,4735,71,4
233589,47905,72,2
233589,49668,1,2
233589,6126b,41,2
233589,6141,322,2
233589,6223,47,1
233589,63868,71,1
233589,87994,0,2
233589,99207,272,2
233705,20482,47,1
233705,24008pr0085,0,1
233705,26047,0,1
233705,28621,36,1
233705,3005,70,2
233705,3024,0,3
233705,3031,70,1
233705,3623,0,1
233705,6141,0,2
233705,6141,308,3
233705,63864,0,1
233705,63868,0,1
233705,65509,70,1
233854,28621pr4031,14,1
233854,30170,72,1
233854,30171,70,1
233854,970c11pr2096,28,1
233854,973c07h01pr0001,308,1
233903,11477,0,32
233903,15068,0,8
233903,15208,15,4
233903,3022,0,4
233903,3022,4,8
233903,32803,0,4
233903,4032a,0,8
233903,44861,0,8
233903,48336,0,4
233903,61252,0,32
233903,75937,0,4
233903,85984,0,4
233903,90981,15,4
233903,98138pr0082,15,8
233903,99780,0,4
234032,10106135,9999,1
234032,10247,71,2
234032,10247,19,2
234032,11212,72,6
234032,11214,72,2
234032,11215,0,3
234032,11476,71,2
234032,11477,28,2
234032,14719,72,1
234032,14720,71,2
234032,14769,71,9
234032,14769,72,2
234032,15207,71,1
234032,15462,70,2
234032,15535,15,2
234032,15535,0,2
234032,15573,0,2
234032,15672,72,12
234032,15712,72,2
234032,1748,71,3
234032,18651,0,10
234032,18654,27,2
234032,18654,19,2
234032,18674,71,6
234032,19220,0,1
234032,20482,72,2
234032,22385,72,3
234032,2310,0,2
234032,23443,71,2
234032,2357,72,1
234032,2357,0,2
234032,2393,71,2
234032,2412b,179,2
234032,2412b,72,24
234032,2420,28,3
234032,24201,15,4
234032,24299,72,6
234032,24299,28,2
234032,24299,15,3
234032,24307,72,6
234032,24307,15,3
234032,24307,28,2
234032,2431,72,12
234032,24316,70,2
234032,2432,71,1
234032,2445,15,2
234032,2450,72,4
234032,24866,2,1
234032,2489,71,4
234032,25269,72,12
234032,25269,28,1
234032,2562,1103,1
234032,26047,0,3
234032,2639,72,4
234032,26601,28,2
234032,26601,0,2
234032,26601,72,14
234032,26603,72,3
234032,26603,70,1
234032,26603,15,1
234032,26604,0,2
234032,27263,72,4
234032,27263,15,2
234032,27925,72,8
234032,27925,28,1
234032,28192,72,19
234032,2821,84,1
234032,29115,72,1
234032,3002,72,1
234032,3003,72,1
234032,3004,72,1
234032,3005,72,10
234032,3010,322,1
234032,30136,15,2
234032,3020,72,4
234032,3020,15,2
234032,3020,0,7
234032,3021,72,20
234032,3022,28,2
234032,3022,0,5
234032,3022,15,2
234032,3022,19,1
234032,3023,0,2
234032,3023,72,5
234032,3023,28,22
234032,3023,71,7
234032,3024,28,1
234032,3024,72,2
234032,3024,71,4
234032,3030,72,1
234032,3031,0,1
234032,3031,71,1
234032,3032,72,4
234032,3032,71,1
234032,3034,19,1
234032,3034,72,2
234032,3034,71,1
234032,3035,72,2
234032,3036,72,3
234032,3036,70,1
234032,30363,72,4
234032,30367c,47,2
234032,30383,72,2
234032,3039,28,2
234032,3040b,72,2
234032,3062b,72,1
234032,3062b,34,1
234032,3068b,28,1
234032,3068b,72,2
234032,3068b,71,2
234032,3068b,15,6
234032,3069b,15,7
234032,3069b,28,11
234032,3069b,72,6
234032,3070b,72,7
234032,3070b,28,4
234032,3070b,15,2
234032,3070b,0,5
234032,3172,71,4
234032,32000,71,4
234032,32001,0,4
234032,32001,71,4
234032,32009,71,2
234032,32016,0,2
234032,32018,71,4
234032,32028,15,4
234032,32028,28,1
234032,32028,0,1
234032,32028,72,19
234032,32056,72,8
234032,32062,0,7
234032,32064a,72,12
234032,32073,14,2
234032,32123b,14,2
234032,32123b,15,2
234032,32140,14,1
234032,32140,15,1
234032,32140,0,3
234032,32278,72,2
234032,32316,0,4
234032,32526,71,2
234032,32530,72,2
234032,32803,28,2
234032,32828,72,6
234032,3298,72,3
234032,33909,28,5
234032,33909,70,1
234032,33909,72,6
234032,33909,71,2
234032,34103,0,1
234032,3460,19,2
234032,3484,0,1
234032,3484,72,1
234032,35459,71,2
234032,35480,0,6
234032,35480,5,4
234032,35480,71,7
234032,35480,4,2
234032,35787,72,2
234032,3622,72,3
234032,3623,19,2
234032,3623,15,1
234032,3623,28,2
234032,3623,0,3
234032,3660,72,5
234032,3665,71,2
234032,3665,28,1
234032,3666,19,2
234032,3666,72,4
234032,3666,0,2
234032,3668,72,2
234032,3679,71,6
234032,3680,0,6
234032,36840,72,9
234032,36840,71,6
234032,36841,0,10
234032,36841,72,2
234032,3700,0,4
234032,3700,72,1
234032,3701,19,2
234032,3701,0,4
234032,3702,71,2
234032,3703,0,4
234032,3706,4,2
234032,3709,71,2
234032,3710,72,20
234032,3710,0,1
234032,3713,71,2
234032,3749,19,2
234032,3795,0,3
234032,3795,320,1
234032,3795,72,3
234032,3832,72,3
234032,3895,72,2
234032,3937,72,3
234032,3941,72,13
234032,4032a,72,1
234032,4032a,28,2
234032,4032a,322,4
234032,40490,0,1
234032,4162,0,1
234032,4162,72,2
234032,41677,1,2
234032,41677,14,1
234032,41677,72,10
234032,41677,15,1
234032,41740,72,1
234032,41769,15,1
234032,41770,15,1
234032,4185,15,6
234032,4185,72,8
234032,42135,0,12
234032,4286,15,1
234032,4286,19,2
234032,42862,72,2
234032,42924,1,8
234032,4304,15,1
234032,43093,1,16
234032,43708,0,2
234032,43710,72,1
234032,43711,72,1
234032,43720,72,1
234032,43721,72,1
234032,43722,28,1
234032,43722,72,5
234032,43723,72,5
234032,43723,28,1
234032,44294,71,10
234032,44301b,71,2
234032,44301b,0,2
234032,44567b,71,2
234032,44728,72,3
234032,44728,0,10
234032,4477,0,2
234032,44861,0,3
234032,44861,71,2
234032,44861,72,3
234032,4510,0,2
234032,4510,72,4
234032,4519,14,2
234032,4529,0,1
234032,47397,72,1
234032,47398,72,1
234032,4740,182,6
234032,48165,72,2
234032,48205,72,4
234032,48208,72,4
234032,48336,72,2
234032,48336,0,1
234032,4865b,0,1
234032,4865b,71,6
234032,49307,25,1
234032,50304,72,2
234032,50305,72,2
234032,50337,72,1
234032,5066,72,2
234032,52501,72,1
234032,54200,72,5
234032,54200,46,2
234032,54200,28,1
234032,54383,72,1
234032,54384,72,1
234032,54657,70,2
234032,59426,72,4
234032,59443,0,6
234032,60470b,72,5
234032,60474,72,2
234032,60477,72,4
234032,60478,28,3
234032,60478,70,4
234032,60478,15,1
234032,60479,72,8
234032,60483,0,2
234032,60484,0,2
234032,6111,71,1
234032,61332,0,32
234032,6134,71,3
234032,61409,72,4
234032,6141,4,1
234032,6141,14,1
234032,6141,46,2
234032,6141,47,1
234032,6141,10,1
234032,6141,0,4
234032,6141,25,3
234032,6141,28,2
234032,6141,272,1
234032,6141,322,2
234032,6141,71,15
234032,6141,84,1
234032,6141,36,13
234032,61780,72,1
234032,6232,19,2
234032,6233,72,6
234032,63864,0,2
234032,63864,72,5
234032,63864,15,2
234032,63868,72,6
234032,64567,1103,4
234032,64644,297,1
234032,65426,71,1
234032,65429,71,1
234032,65509,19,2
234032,6553,71,2
234032,6587,28,6
234032,6632,0,4
234032,6632,71,2
234032,6636,72,2
234032,66857,19,1
234032,67446,72,1
234032,68568,0,2
234032,69754,1103,6
234032,69755,72,6
234032,73111,72,6
234032,76766,0,3
234032,77765,71,5
234032,78256,0,1
234032,78258,72,2
234032,78329,19,2
234032,78443,72,1
234032,78444,72,1
234032,85861,70,1
234032,85984,72,19
234032,85984,84,1
234032,85984,28,2
234032,87079,15,8
234032,87079,72,7
234032,87083,72,4
234032,87087,0,2
234032,87087,71,12
234032,87580,72,3
234032,87580,484,4
234032,89678,72,12
234032,89678,4,20
234032,90194,72,1
234032,91988,72,1
234032,92099,72,3
234032,92582,71,1
234032,92907,0,3
234032,96874,3,1
234032,98138,71,4
234032,98138,72,4
234032,98138,47,4
234032,98138pr0018,84,1
234032,99207,0,1
234032,99563,1103,12
234032,99563,72,7
234032,99780,72,10
234032,99780,0,1
234032,99781,72,5
234032,99781,71,1
234051,93551,84,1
234051,93552pat0002,70,1
234335,13792pr0001,1103,1
234335,13793,72,1
234335,3062b,321,1
234344,22388,182,4
234344,30374,0,1
234344,4733,72,1
234344,6141,182,1
234344,6141,72,1
234375,105197pr0001,321,1
234375,37364c04pr0001,321,1
234375,973g27c04h27pr0001,15,1
234377,105200pr0002,191,1
234377,15504,191,1
234377,37364c38,191,1
234377,973c38h38pr0002,27,1
234378,105195pr0001,226,1
234378,11618,191,1
234378,37364c07pr0001,308,1
234378,973c22h40pr0001,1050,1
234379,107032pr0001,1136,1
234379,18277,1136,1
234379,18854,52,1
234379,37364c76,1136,1
234379,973c76h40pr0001,3,1
234380,107179pr0001,15,1
234380,37364c27,15,1
234380,973c27h27pr0010,15,1
234383,27456pr0004,1,1
234383,38781,25,1
234383,970c28pat22pr2222,1,1
234383,973c02h27pr6757,1,1
234384,102507pr0002,191,1
234384,16709pat22pr2523,4,1
234384,3510pat0001,191,1
234384,973c34h27pr6758,191,1
234385,102508pr0002,4,1
234385,970c22pat38pr0001,4,1
234385,973c22h27pr6928,4,1
234386,105028pr0001,14,1
234386,970c01pat22pr0001,14,1
234386,973c02h27pr0001,14,1
234392,3626cpr1670,78,1
234392,3884,28,1
234392,970c03pr0049,0,1
234392,973c03h02pr0008,72,1
234393,28621pr9879,70,1
234393,47544pr0002,308,1
234393,970c07pr0003,308,1
234393,973c03h19pr0001,484,1
234396,26139,70,1
234396,28621pr9878,78,1
234396,970c07,308,1
234396,973c27h02pr0003,15,1
234399,5660pr0001,78,1
234399,970c22pr0009,4,1
234399,973c22h03pr0004,0,1
234404,16497pr0003,0,1
234404,28621pr9876,78,1
234404,970c14pr0003,71,1
234404,973c14h02pr0001,71,1
234406,16497pr0003,0,1
234406,3626cpr1709,78,1
234406,970c03,0,1
234406,973c03h03pr0018,0,1
234407,28621pr9875,1089,1
234407,970c03,0,1
234407,973c03h03pr0020,0,1
234407,98108,0,1
234408,15310pr0002,0,1
234408,3626cpr3531,92,1
234408,970c03pr2418,0,1
234408,973c03h03pr0019,0,1
234409,23186,484,1
234409,28621pr4425,78,1
234409,970c75pr0014,1103,1
234409,973f043pr0001,272,1
234411,30361cpr0006,4,1
234411,30362,14,2
234411,3262pr0001,15,1
234412,28621pr4119,78,1
234412,30370pr0024,15,1
234412,970c34pr2013,71,1
234412,973c34h03pr5436,25,1
234413,28621pr9874,70,1
234413,78301,0,1
234413,970c11pr0002,28,1
234413,973c24h19pr0001,379,1
234414,28621pr9873,92,1
234414,92746,0,1
234414,970c12pr0009,72,1
234414,973c11h13pr0001,28,1
234418,27186,308,1
234418,28621pr9880,78,1
234418,41879a,308,1
234418,973c20h23pr0001,326,1
234420,18674,72,1
234420,20482,72,1
234420,2654pr9996,15,1
234451,64808pr0003,484,1
234451,970c27pr2143,15,1
234451,973c27h03pr5947,15,1
234453,28621pr9885,14,1
234453,30381,70,1
234453,50231,70,1
234453,970c19,70,1
234453,973c12h01pr0003,72,1
234454,20482,71,1
234454,2412b,179,1
234454,26047,72,2
234454,2877,379,1
234454,3003,72,1
234454,3021,272,2
234454,3022,379,2
234454,3023,71,1
234454,3070bpr0234,71,1
234454,35480,72,1
234454,4070,72,1
234454,6141,35,1
234454,87087,71,1
234455,28621pr4146,25,1
234455,4364pr0002,15,1
234455,970c14pr0001,71,1
234455,973c34h12pr7275,72,1
234456,28621pr4421,1089,1
234456,4926,28,1
234456,970c03,0,1
234456,973c10h70pr6836,320,1
234457,28621pr4420,73,1
234457,92081,0,1
234457,970c27pat03,15,1
234457,973c27h32pr7274,15,1
234458,28621pr4422,84,1
234458,35494,0,1
234458,970c19pr0002,70,1
234458,973c10h23pr7276,320,1
234459,28621pr4449,28,1
234459,42861pat0001pr0006,15,1
234459,970c27pr0021,15,1
234459,973c27h03pr7277,15,1
234463,41879a,320,1
234463,5268pr0001,379,1
234463,973c11h24pr0001,28,1
234464,28621pr9892,1089,1
234464,37364c12,72,1
234464,3887,15,1
234464,973c12h38pr0001,72,1
234465,3626cpr3576,78,1
234465,37364c11,28,1
234465,88286,70,1
234465,973c03h12pr0001,0,1
234466,28621pr9891,84,1
234466,37364c07,308,1
234466,80911,0,1
234466,973c26h23pr0001,19,1
234467,21268,70,1
234467,25376,28,1
234467,28621pr9890,78,1
234467,970c07pr0002,308,1
234467,973c07h76pr0001,308,1
234470,92743pr0004,19,1
234470,970c03,0,1
234470,973c03h12pr0002,72,1
234472,30480pr0002,297,1
234472,970c21pr2256,297,1
234472,973d52pr0001,297,1
234474,28621pr9883,78,1
234474,59276,0,1
234474,65384,0,1
234474,970c03,0,1
234474,973c03h02pr0007,0,1
234475,19888,0,1
234475,25378,0,1
234475,28621pr4401,92,1
234475,970c75pr0013,1103,1
234475,973d53pr0001,0,1
234477,19888,15,1
234477,19916,15,1
234477,19917,15,1
234477,28621pr9881,78,1
234477,970c27pr0022,15,1
234477,973c27h27pr0009,15,1
234479,28621pr4408,78,1
234479,35494,28,1
234479,970c26pr0006,19,1
234479,973c02h02pr0004,212,1
234480,3626cpr0893,14,1
234480,88283,0,1
234480,970c12,72,1
234480,973c20h01pr0001,326,1
234482,2446,85,1
234482,2447,47,1
234482,3626cpr0891,14,1
234482,970c09,85,1
234482,973c46h03pr0001,15,1
234483,23186,84,1
234483,28621pr9894,14,1
234483,970c10pr2584,320,1
234483,973c10h01pr0003,320,1
234484,3626cpr1635,14,1
234484,37364c09,85,1
234484,59363,70,1
234484,973c14h01pr5994,15,1
234485,3532,0,1
234485,3626cpr2951,14,1
234485,970c05,272,1
234485,973c27h01pr0044,379,1
234486,27186,484,1
234486,3626cpr3602,14,1
234486,970c19,70,1
234486,973c27h01pr4200,15,1
234487,3626cpr0677,14,1
234487,41879a,379,1
234487,62810,70,1
234487,973c06h01pr5997,10,1
234489,21778,71,1
234489,3626cpr2590,14,1
234489,970c11pr2096,28,1
234489,973c03h12pr6931,0,1
234491,3626cpr3525,78,1
234491,5725,4,1
234491,88283,19,1
234491,970c75,1103,1
234491,973c02h02pr0003,1103,1
234492,28621pr4399,0,1
234492,6266,0,2
234492,78132,0,1
234492,93061,0,2
234493,28621pr4398,10,1
234493,970c09pat06,85,1
234493,973c06h06pr6445,10,1
234493,98385,0,1
234494,28621pr9897,71,1
234494,970c10pr0005,320,1
234494,973c14h14pr0001,71,1
234495,28621pr4433,27,1
234495,85974pr0004,0,1
234495,970c10pr0005,320,1
234495,973c10h19pr0002,320,1
234497,23186,84,1
234497,3626cpr2579,78,1
234497,970c10pr0005,320,1
234497,973c10h02pr0004,320,1
234500,10908pr0013,320,1
234500,3626cpr2552,78,1
234500,80429,320,1
234500,970c10pr0006,320,1
234500,973c10h10pr0003,320,1
234503,28621,272,1
234503,28631pr0009,272,1
234503,970c27pr0017,15,1
234503,973c27h05pr0002,15,1
234505,28621pr4400,71,1
234505,93560,15,1
234505,970c14,71,1
234505,973c30h12pr0003,15,1
234547,11211,70,1
234547,13564,0,2
234547,13564,70,2
234547,14716,0,2
234547,14769,72,1
234547,14769pr1275,0,1
234547,15209,15,4
234547,15254,0,1
234547,15279,10,1
234547,15397,70,2
234547,15571,4,1
234547,15573,85,2
234547,15573,70,1
234547,15712,0,1
234547,15712,70,2
234547,20309,0,1
234547,20310,70,1
234547,20482,72,1
234547,22886,0,4
234547,2420,85,1
234547,2420,0,2
234547,24246,72,1
234547,26601,378,3
234547,3003,288,2
234547,3005,70,1
234547,3005,0,1
234547,30103,0,1
234547,30136,70,1
234547,3020,4,2
234547,3021,378,1
234547,3022,70,3
234547,3022,0,2
234547,3023,378,2
234547,3023,288,1
234547,3023,0,4
234547,3023,70,5
234547,3024,14,1
234547,3024,70,1
234547,3024,0,5
234547,3024,71,1
234547,3034,71,1
234547,30363,0,2
234547,3039,0,3
234547,3040b,0,1
234547,3062b,70,4
234547,3062b,46,1
234547,3069b,85,2
234547,32607,191,5
234547,3386,0,1
234547,3623,71,1
234547,3623,72,2
234547,3623,378,1
234547,3626cpr0895,15,1
234547,3665,70,2
234547,3678b,0,2
234547,36840,70,1
234547,3710,0,4
234547,37762,70,1
234547,37776,0,1
234547,3795,71,1
234547,3832,0,1
234547,4032a,70,1
234547,4460b,0,5
234547,4460b,70,1
234547,4477,378,1
234547,4477,70,1
234547,48336,71,4
234547,49668,15,2
234547,51739,0,1
234547,53451,0,4
234547,54200,70,1
234547,60479,0,1
234547,60583b,71,2
234547,60594,70,1
234547,6141,70,1
234547,6266,15,2
234547,63864,85,4
234547,63864,70,2
234547,6636,0,1
234547,68211,70,2
234547,78132,15,1
234547,78666,70,3
234547,80497,70,2
234547,85861,70,4
234547,85861,0,10
234547,87079,72,2
234547,87087,288,3
234547,87087,70,2
234547,87087,0,2
234547,87580,71,2
234547,87580,0,1
234547,92438,14,1
234547,93061,15,2
234547,95228,34,1
234547,95270,28,2
234547,98138,71,3
234547,98138pr0366,0,1
234547,98283,70,2
234547,98283,288,9
234547,98374,1103,1
234547,99780,0,4
234548,11477,2,20
234548,14418,71,8
234548,14704,71,3
234548,15068,2,7
234548,15068,320,2
234548,15573,2,4
234548,1566,70,4
234548,19119,288,7
234548,1927,0,2
234548,20482,28,4
234548,22888,2,2
234548,22890,72,3
234548,24246,320,2
234548,24299,320,1
234548,24307,320,1
234548,24866,15,18
234548,24866,4,24
234548,24866,297,4
234548,26601,70,4
234548,2736,71,8
234548,29119,320,2
234548,29120,320,2
234548,3001,71,2
234548,3003,19,2
234548,3006,0,2
234548,3008,3,2
234548,3010,3,2
234548,3020,288,4
234548,3020,4,1
234548,3021,320,2
234548,3022,10,4
234548,3022,320,2
234548,3023,47,2
234548,3029,2,1
234548,30374,70,12
234548,32016,288,1
234548,32062,4,2
234548,32124,0,1
234548,32474,4,24
234548,32607,288,8
234548,33183,10,3
234548,35480,2,6
234548,35480,70,4
234548,35480,320,2
234548,3565,2,9
234548,37695,10,8
234548,37762,70,4
234548,37775,182,1
234548,3795,3,4
234548,4032a,19,1
234548,4032a,2,12
234548,41677,0,1
234548,42409,297,4
234548,4367,15,12
234548,48092,3,8
234548,5151,288,9
234548,59900,2,16
234548,6003,2,4
234548,60474,4,5
234548,6064,2,12
234548,61332,0,4
234548,6148,288,12
234548,6148,2,8
234548,62462,288,8
234548,65578,2,20
234548,65578,84,3
234548,65702,4,1
234548,68211,70,4
234548,71752,0,1
234548,77850,0,1
234548,78258,19,4
234548,78258,0,1
234548,80015,3,4
234548,85080,4,4
234548,85861,70,12
234548,85861,4,1
234548,85941,4,4
234548,85984,320,2
234548,89678,72,8
234549,11458,0,2
234549,11458,71,6
234549,11477,26,3
234549,11833,15,1
234549,14769,15,2
234549,15573,484,1
234549,15573,2,6
234549,15573,19,3
234549,15712,3,2
234549,1745,4,3
234549,1748,15,7
234549,18980,15,1
234549,22888,322,4
234549,22888,10,4
234549,2420,26,1
234549,24246,4,1
234549,2431,0,1
234549,25269,15,8
234549,25269,4,5
234549,26603,2,2
234549,27925,4,2
234549,29119,484,1
234549,29120,484,1
234549,3020,10,1
234549,3020,322,2
234549,3020,3,1
234549,3020,27,1
234549,3020,2,3
234549,3021,15,3
234549,3021,72,2
234549,3021,484,1
234549,3022,0,1
234549,3023,29,1
234549,3023,15,2
234549,3023,2,1
234549,3023,0,1
234549,3023,72,1
234549,3024,70,2
234549,30357,15,2
234549,3069b,27,3
234549,3069b,0,1
234549,33183,70,2
234549,3623,2,2
234549,3623,70,4
234549,3666,15,1
234549,3710,484,1
234549,3710,15,2
234549,3710,4,2
234549,4032a,15,3
234549,4032a,4,2
234549,41769,70,1
234549,41770,70,1
234549,41948,3,1
234549,41948,27,1
234549,43722,4,1
234549,5092,25,1
234549,5092,4,1
234549,54200,15,2
234549,60474,15,1
234549,6141,0,2
234549,6636,2,1
234549,66956,4,2
234549,68568,70,2
234549,73767,0,4
234549,78329,4,1
234549,90194,484,1
234549,98138,35,4
234549,98138,308,1
234549,98138,19,1
234549,98138,4,3
234549,98138pr0008,15,6
234556,105039pat0001,1050,1
234556,28621pr4234,15,1
234556,65227pat0004,45,1
234556,970c03pr2597,0,1
234556,973c03h27pr6936,0,1
234557,109516,26,1
234557,1987pat0002,45,1
234557,28621pr9907,15,1
234557,5332pat0001,0,1
234557,970c03pr0033,0,1
234557,973c03h27pr0004,26,1
234560,3626cpr2113,14,1
234560,92083,84,1
234560,970c12pr0001,72,1
234560,973c05h01pr0004,272,1
234562,28551,0,1
234562,28621pr4360,26,1
234562,5332pat0001,0,1
234562,970c37pr2685,0,1
234562,973c37h37pr7174,0,1
234563,2003pr0003,70,1
234563,28621pr9906,14,1
234563,5275,1,1
234563,970c20pat27pr0001,326,1
234563,973c27h01pr0053,1,1
234564,2003pr0002,0,1
234564,28621pr4365,15,1
234564,5275,72,1
234564,970c03pr2688,72,1
234564,973c09h27pr0001,72,1
234565,1988,26,1
234565,28621pr9900,15,1
234565,5332pat0001,0,1
234565,970c75pr2665,0,1
234565,973f042pr0001,0,1
234566,18986,47,1
234566,1988,85,1
234566,28621pr4326,14,1
234566,970c05pr0007,272,1
234566,973c05h27pr2662,272,1
234567,25412,26,1
234567,28621pr4327,15,1
234567,5332pat0001,0,1
234567,970c03pr0032,0,1
234567,973c03h37pr7119,0,1
234568,15406,0,1
234568,1988,85,1
234568,28621pr4326,14,1
234568,970c05pr0007,272,1
234568,973c05h27pr2662,272,1
234569,28551,0,1
234569,28621pr4359,321,1
234569,970c38pat04pr2684,191,1
234569,973c05h04pr7172,272,1
234570,1987pat0002,45,1
234570,28621pr9907,15,1
234570,5332pat0001,0,1
234570,970c03pr0033,0,1
234570,973c03h27pr0004,26,1
234571,1993,84,1
234571,37695,31,1
234571,79435pr0007,84,1
234572,109517pr0001,1,1
234572,1987pat0001,1053,1
234572,28621pr4391,14,1
234572,970c37pr0001,26,1
234572,973c01h01pr7226,25,1
234573,28621pr4328,179,1
234573,5275,4,1
234573,5492pat0002,226,1
234573,970c12pr0008,72,1
234573,973c30h12pr0002,71,1
234574,1988,26,1
234574,28621pr9900,15,1
234574,4498,70,1
234574,970c75pr2665,0,1
234574,973f042pr0001,0,1
234575,1988,85,1
234575,28621pr4326,14,1
234575,4498,70,1
234575,970c05pr0007,272,1
234575,973c05h27pr2662,272,1
234577,28621pr4359,321,1
234577,52684pat0004pr0001,272,1
234577,970c38pat04pr2684,191,1
234577,973c05h04pr7172,272,1
234578,1993,84,1
234578,24866,30,1
234578,32607,1136,1
234578,79435pr0007,84,1
234579,2003pr0003,70,1
234579,28621pr9906,14,1
234579,65435,179,1
234579,970c20pat27pr0001,326,1
234579,973c27h01pr0053,1,1
234580,1993,323,1
234580,28621pr4028,323,1
234580,98378,15,1
234581,1993,323,1
234581,28621pr4028,323,1
234581,4503,179,1
234581,64647,1,1
234583,100453pr0002,323,1
234583,11256,15,1
234583,28621pr9899,14,1
234583,66788,14,2
234594,10124,326,1
234594,10126,326,1
234594,10127,326,1
234594,10154,326,1
234594,105177pat0002,326,1
234594,3478,0,1
234594,43093,1,2
234594,79435pr0008,326,1
234595,18986,47,1
234595,28621pr4400,71,1
234595,93560,15,1
234595,970c14,71,1
234595,973c30h12pr0003,15,1
234597,28974,70,1
234597,3626cpr3126,78,1
234597,49556pr0001,272,1
234597,970c05,272,1
234597,973c05h19pr5750,272,1
234600,3626cpr3525,78,1
234600,5725,4,1
234600,88283,19,1
234600,970c03,0,1
234600,973c30h02pr6041,0,1
234603,2631,28,1
234603,3626cpr1709,78,1
234603,4498,0,1
234603,970c03pr0048,0,1
234603,973c03h02pr0006,0,1
234604,10124,326,1
234604,10126,326,1
234604,10127,326,1
234604,10154,326,1
234604,105177pat0001,326,1
234604,3478,0,1
234604,43093,1,2
234604,79435pr0008,326,1
234606,10909,297,1
234606,3626cpr3952,78,1
234606,5725,2,1
234606,970c75pr2442,1103,1
234606,973c75h02pr6484,1103,1
234694,2633,0,1
234694,36198c01pr0015,191,1
234694,92198pr0010,1089,1
234694,92456c06pr0004,1089,1
234735,25269,1,5
234735,25269,4,14
234735,3070b,1,9
234735,3070b,4,9
234735,41539,15,1
234843,11153,272,2
234843,11476,71,1
234843,20482,71,2
234843,2431,1062,2
234843,2432,0,1
234843,30031,0,1
234843,3023,1062,2
234843,3795,71,1
234843,43713,72,1
234843,48336,72,2
234843,4871,72,1
234843,71752,19,1
234843,85984,272,1
234843,90194,1062,1
234843,98138,33,1
234843,98138,36,1
234843,99781,15,1
234886,11211,14,2
234886,13548,4,4
234886,18674,4,1
234886,3022,1,2
234886,3022,4,2
234886,3023,14,2
234886,3039,4,2
234886,32607,2,1
234886,3298,4,2
234886,33183,70,1
234886,43722,4,2
234886,43723,4,2
234886,51739,4,2
234886,64225,4,2
234886,67329,2,2
234886,78329,4,4
234893,2446,15,1
234893,2447,47,1
234893,3626cpr3917,14,1
234893,38781,25,1
234893,970c05,272,1
234893,973c05h12pr6892,1062,1
235010,2412b,0,3
235010,2420,15,2
235010,2431,71,1
235010,2921,71,2
235010,3001,2,1
235010,30027b,71,4
235010,30028,0,4
235010,3004,2,1
235010,3020,2,2
235010,3023,47,2
235010,3023,2,3
235010,3024,71,2
235010,3034,71,1
235010,32028,2,2
235010,3710,2,3
235010,3795,15,1
235010,3937,71,1
235010,4081b,72,2
235010,4286,2,2
235010,4600,0,2
235010,4865a,2,1
235010,54200,46,2
235010,54200,47,2
235010,60212,15,1
235010,6134,0,1
235010,6141,182,4
235010,6141,71,4
235010,6231,71,2
235010,87087,15,2
235044,2420,14,2
235044,2420,0,10
235044,2711,14,2
235044,2712,7,2
235044,2719,7,6
235044,2730,0,6
235044,2780,0,32
235044,2817,0,2
235044,2825,0,2
235044,2825,14,4
235044,2838c01,7,1
235044,2847c02,0,1
235044,2853,7,2
235044,2905,0,2
235044,2983,7,2
235044,2984,4,1
235044,2985,4,1
235044,2986,4,1
235044,3021,0,4
235044,3022,4,1
235044,3022,14,1
235044,3022,0,2
235044,3023,14,4
235044,3023,0,14
235044,3040b,0,2
235044,3069b,14,6
235044,3069b,7,9
235044,3460,0,6
235044,3482,14,4
235044,3483,0,4
235044,3623,0,4
235044,3647,7,7
235044,3648a,7,1
235044,3650c,7,9
235044,3651,7,5
235044,3665,0,2
235044,3666,0,9
235044,3673,7,4
235044,3700,0,14
235044,3701,0,13
235044,3702,0,10
235044,3703,0,6
235044,3704,0,3
235044,3705,0,9
235044,3706,0,9
235044,3707,0,8
235044,3708,0,5
235044,3709,0,4
235044,3709,14,2
235044,3710,14,2
235044,3710,0,14
235044,3713,7,20
235044,3737,0,2
235044,3738,0,2
235044,3743,7,2
235044,3749,7,6
235044,3795,0,5
235044,3894,0,10
235044,3895,0,5
235044,3895,14,2
235044,3942c,14,2
235044,4019,7,2
235044,4032a,14,2
235044,4143,7,4
235044,4185,7,3
235044,4261,7,2
235044,4265a,7,31
235044,4273b,7,5
235044,4274,7,2
235044,4275b,14,2
235044,4276b,14,2
235044,4286,0,2
235044,4519,0,4
235044,4716,0,5
235044,4864a,0,6
235044,5306bc015,0,2
235044,5306bc036,0,2
235044,5306bc162,0,2
235044,6141,14,6
235044,6536,7,2
235044,6538a,7,9
235044,6541,0,2
235044,6551c01,7,2
235044,6553,14,3
235044,6558,0,6
235044,6581,0,4
235044,6582,14,4
235044,70376,15,3
235044,73071,7,1
235044,821577,9999,1
235044,85543,15,2
235044,85544,7,3
235044,85545,1,1
235044,9244,7,1
235080,104900pr0002,0,1
235080,970c03pat27pr0004,0,1
235080,973c03h27pr6927,0,1
235082,28621pr4410,78,1
235082,62810,308,1
235082,970c24pr2359,379,1
235082,973g14c02h02pr7257,71,1
235083,11303,28,1
235083,28621pr9871,78,1
235083,970c05,272,1
235083,973c20h02pr7259,326,1
235084,28621pr9870,78,1
235084,5492pat0003,28,1
235084,970c29pr2519,212,1
235084,973c32h02pr7258,73,1
235177,14769,14,1
235177,15573,15,1
235177,17485pr0009,14,1
235177,28660,78,2
235177,3003pr0160,78,1
235177,3022,19,1
235177,3937,71,1
235177,4032a,15,1
235177,6134,4,1
235177,66855pr0005,15,1
235177,66858,70,1
235177,98138,4,1
235178,3023,2,5
235178,3024,2,3
235178,3460,2,3
235178,3710,2,6
235179,14769pr1166,226,1
235179,14769pr9975,2,1
235179,15573,14,1
235179,1745,226,2
235179,3004,14,1
235179,3022,14,1
235179,3068bpr0546,14,1
235179,4032a,15,1
235179,44728,226,1
235179,6541,226,2
235179,66788,14,2
235179,66858,14,1
235179,68211,0,1
235179,99207,226,1
235179,99207,14,1
235182,11212,15,1
235182,3002,15,1
235182,3068bpr9960,15,1
235182,3069b,15,1
235182,3622,15,1
235182,3622pr0057,15,1
235182,3622pr0079,15,1
235182,4070,15,2
235182,54200,15,2
235182,63864,15,1
235185,15571,29,1
235185,22885,15,1
235185,3004pr0093,29,1
235185,3023,15,1
235185,33909,15,1
235185,37352,15,2
235185,37352pr0008,29,1
235185,6091,29,2
235185,6541,29,2
235185,66788,29,2
235185,66858,14,1
235185,99780,29,2
235186,11203pr0132,15,1
235186,14769,14,2
235186,18674,15,1
235186,3004,321,2
235186,3020,321,1
235186,3021,321,1
235186,3040b,321,2
235186,37352pr0010,14,1
235186,37352pr0042,14,1
235186,3937,15,1
235186,3942c,321,1
235186,43898,15,1
235186,44728,14,1
235186,6134,15,1
235186,6541,321,2
235186,66788,14,2
235186,66858,4,1
235186,85984,14,1
235186,85984,321,1
235186,87087,14,2
235186,87994,1,1
235186,98138pr0254,0,2
235186,99780,0,1
235188,15573,27,1
235188,22388,19,2
235188,25269,19,2
235188,26603pr0040,14,1
235188,26604,19,2
235188,3004,14,2
235188,3005,4,1
235188,3005,27,1
235188,3020,15,1
235188,3068bpr9988,2,1
235188,3069b,27,2
235188,32952,1,1
235188,32952,15,1
235188,3622,27,1
235188,3622pr0056,27,1
235188,3623,27,1
235188,3623,19,1
235188,3700,14,2
235188,4070,27,2
235188,54200,4,1
235188,6141,71,3
235188,66788,14,2
235188,66857pr0002,19,1
235188,66859,14,1
235188,67931pat0001,2,1
235346,2570,1103,1
235499,10109915,9999,1
235499,109866,78,2
235499,109866pat0001,10,2
235499,110050,9999,1
235499,11476,29,1
235499,11477,34,2
235499,11477,19,4
235499,14418,71,2
235499,14704,71,2
235499,14716,3,2
235499,15068,29,10
235499,15068,0,3
235499,15070,297,2
235499,15395,308,1
235499,15535,0,1
235499,15535,15,1
235499,15535,4,1
235499,15573,29,1
235499,15712,0,2
235499,18653,272,2
235499,18674,0,1
235499,20310,84,2
235499,2142,0,1
235499,22385pr9946,47,1
235499,22484,72,2
235499,23443,78,2
235499,23443,297,1
235499,23443,0,2
235499,2417,29,1
235499,2419,0,1
235499,2420,14,4
235499,2420,71,2
235499,2420,0,2
235499,2420,19,2
235499,24201,0,2
235499,24201,29,2
235499,24299,29,4
235499,24307,5,8
235499,2431,84,1
235499,2431,0,2
235499,24316,70,2
235499,2445,272,3
235499,2450,19,2
235499,24866,1050,1
235499,25269,19,4
235499,25269,0,7
235499,26601,15,4
235499,26603,84,1
235499,2682,1054,1
235499,27507,29,2
235499,27507,297,6
235499,27507,27,2
235499,27925,19,2
235499,27925,27,1
235499,27925,0,1
235499,3001,15,1
235499,3001,272,1
235499,3009,2,3
235499,3020,15,2
235499,3020,19,1
235499,3020,272,3
235499,3020,0,1
235499,3022,70,1
235499,3022,0,1
235499,3022,10,1
235499,3022,19,2
235499,3023,19,12
235499,3023,0,6
235499,3023,29,2
235499,3023,3,5
235499,3023,1050,2
235499,3023,272,2
235499,3023,1,2
235499,3024,272,2
235499,3024,27,2
235499,3031,27,1
235499,3033,2,1
235499,3034,272,1
235499,3040b,0,2
235499,3040b,29,2
235499,30565,272,2
235499,30565,2,1
235499,30565,26,1
235499,3062b,47,1
235499,3062b,15,4
235499,3062b,34,4
235499,3068b,19,2
235499,3068b,308,1
235499,3069b,84,2
235499,3069b,27,1
235499,3069b,35,4
235499,3069b,297,5
235499,32064a,15,1
235499,32073,14,1
235499,32123b,14,1
235499,32124,19,4
235499,3250,297,1
235499,32607,29,1
235499,32607,1050,2
235499,32803,19,1
235499,32952,25,4
235499,3298,84,1
235499,3386,71,2
235499,3386,0,2
235499,3386,2,2
235499,34103,15,1
235499,3460,3,1
235499,3484,78,4
235499,3484,297,6
235499,3484,0,4
235499,35480,0,7
235499,35480,2,3
235499,35485,297,1
235499,3565,34,3
235499,3569,0,1
235499,35787,19,2
235499,35787,308,2
235499,3622,27,1
235499,3622,29,1
235499,3666,70,3
235499,3666,272,2
235499,36840,19,4
235499,36840,78,2
235499,36840,0,6
235499,3700,0,1
235499,3710,3,2
235499,3713,0,2
235499,3795,70,1
235499,3795,5,1
235499,3795,10,1
235499,38799,47,1
235499,3937,84,2
235499,3941,15,2
235499,3957b,47,1
235499,3957b,0,2
235499,39739,297,2
235499,4032a,484,1
235499,4032a,2,1
235499,4032a,29,2
235499,4042,47,2
235499,4070,15,2
235499,4070,72,2
235499,41682,84,2
235499,41682,15,1
235499,41769,15,4
235499,42135,0,2
235499,42409,47,1
235499,4304,25,1
235499,4304,10,1
235499,43093,1,1
235499,44375b,0,1
235499,4477,272,3
235499,44861,84,2
235499,44861,0,1
235499,4519,14,1
235499,4733,27,1
235499,4740,35,1
235499,4740,45,1
235499,4742,0,1
235499,48092,2,2
235499,48267,297,2
235499,48336,70,3
235499,49307,29,2
235499,49307,19,4
235499,49307,484,1
235499,49307,0,2
235499,49668,0,2
235499,5066,19,1
235499,5066,0,1
235499,5092,0,2
235499,51283,47,1
235499,51739,0,4
235499,51739,15,3
235499,54200,10,2
235499,54200,19,4
235499,54200,27,4
235499,54200,78,2
235499,54200,29,4
235499,54200,0,3
235499,5787pr0003,10,1
235499,5787pr0004,78,1
235499,5904,5,2
235499,59443,70,1
235499,59900,45,1
235499,59900,70,1
235499,6003,10,3
235499,6003,5,3
235499,60470b,0,1
235499,60474,15,1
235499,60474,85,1
235499,60478,84,2
235499,6064,70,1
235499,6091,19,4
235499,6091,0,2
235499,61252,19,2
235499,6134,70,2
235499,6141,19,2
235499,6141,3,6
235499,6141,14,2
235499,6141,0,1
235499,6141,35,2
235499,6141,34,2
235499,6233,0,1
235499,63868,15,8
235499,63965,15,2
235499,63965,70,2
235499,64567,15,1
235499,6541,29,2
235499,6541,0,2
235499,66857,0,1
235499,66857,297,1
235499,66906,0,4
235499,67329,15,2
235499,67810,19,2
235499,67810,0,2
235499,75937,15,1
235499,77844,4,4
235499,77850,15,4
235499,78258,70,1
235499,78444,15,4
235499,78666,3,2
235499,79393,27,2
235499,79393,29,2
235499,80015,3,4
235499,80015,272,8
235499,80177,272,1
235499,80178,272,1
235499,80178,5,4
235499,80674,226,1
235499,85861,0,13
235499,85861,15,2
235499,85861,78,5
235499,85861,47,1
235499,85984,70,1
235499,86876,2,1
235499,86876,72,1
235499,87079,2,1
235499,87079,29,2
235499,87580,70,1
235499,87580,29,2
235499,87580,2,2
235499,89678,4,2
235499,89678,72,2
235499,93273,19,2
235499,93273,0,2
235499,95228,34,6
235499,96874,25,1
235499,98138,29,1
235499,98585,0,1
235499,98585,15,1
235499,99008,19,1
235499,99207,15,1
235499,99780,19,2
235500,10109918,9999,1
235500,10202,78,3
235500,10202pr9998,78,1
235500,110193c01pr0003,1050,1
235500,11212,19,2
235500,11213,484,2
235500,11476,26,4
235500,11618,31,1
235500,13965,70,2
235500,14704,71,1
235500,14716,484,2
235500,14769,29,4
235500,14769,272,1
235500,15068,320,20
235500,15068,2,1
235500,15573,0,3
235500,15573,29,2
235500,15573,484,1
235500,15672,70,4
235500,1686,5,4
235500,18654,297,1
235500,18674,70,4
235500,18674,5,1
235500,18674,31,2
235500,18674,10,1
235500,18853,29,1
235500,1927,70,4
235500,20482,0,1
235500,22885,70,1
235500,22885,71,4
235500,22885,5,1
235500,23969,70,2
235500,24093,70,1
235500,24201,31,4
235500,24246,29,4
235500,24246,0,1
235500,2431,484,3
235500,2431,78,5
235500,24324,70,1
235500,2450,320,4
235500,24866,1050,1
235500,24866,212,1
235500,24866,29,4
235500,24866,31,1
235500,24866,297,6
235500,25269,484,4
235500,26603,320,4
235500,26603,29,1
235500,26603,71,2
235500,2736,71,1
235500,27507,28,2
235500,27507,297,8
235500,27925,378,4
235500,27925,29,8
235500,28192,0,4
235500,2821,29,4
235500,28802,84,6
235500,3003,14,1
235500,3005,320,2
235500,3005,29,1
235500,3009,484,11
235500,3009,19,2
235500,3010,29,1
235500,3010,484,4
235500,3010,78,4
235500,3010,320,4
235500,30136,484,12
235500,30151b,35,1
235500,30153,35,1
235500,3020,70,2
235500,3021,484,2
235500,3022,308,2
235500,3022,2,3
235500,3022,29,3
235500,3023,0,1
235500,3023,27,1
235500,3023,320,12
235500,3023,72,4
235500,3024,378,5
235500,3024,29,1
235500,3024,19,9
235500,3030,320,13
235500,3032,320,4
235500,3034,10,4
235500,30374,35,1
235500,3062b,484,14
235500,3068b,29,1
235500,3068bpr0733,5,4
235500,3069b,2,1
235500,3069b,320,6
235500,3069b,29,3
235500,3069b,0,2
235500,3069b,78,12
235500,3069b,35,28
235500,3069bpr9972,19,1
235500,3070b,484,5
235500,3070b,92,4
235500,32028,484,2
235500,32028,297,3
235500,32607,29,1
235500,3262,5,1
235500,32828,0,1
235500,32828,297,7
235500,33909,19,4
235500,34103,15,2
235500,3460,27,1
235500,3460,19,6
235500,35480,484,19
235500,3563,484,2
235500,3565,34,2
235500,35787,78,8
235500,3622,320,8
235500,3623,28,5
235500,3659,70,2
235500,3666,70,2
235500,36752a,28,2
235500,36752a,15,2
235500,36840,78,3
235500,3700,70,2
235500,3710,320,4
235500,3710,378,5
235500,3747b,320,4
235500,3795,70,1
235500,3832,484,1
235500,3852b,29,1
235500,38585,484,8
235500,3941,31,1
235500,3941,35,2
235500,3941,29,1
235500,39739,297,26
235500,4032a,0,2
235500,4032a,5,3
235500,4041,29,4
235500,4070,70,6
235500,4070,78,3
235500,41740,28,1
235500,43898,35,2
235500,44728,70,12
235500,44861,0,2
235500,4536,5,4
235500,4733,70,2
235500,48336,297,1
235500,4865b,29,2
235500,49097,5,4
235500,49307,84,4
235500,54200,484,2
235500,54200,78,2
235500,5518,297,1
235500,5904,5,2
235500,5904,46,7
235500,59349,78,2
235500,59794c01pr0020,0,1
235500,59900,179,1
235500,59900,35,1
235500,59900,26,1
235500,59900,0,1
235500,60474,30,1
235500,60581,484,5
235500,60581,78,2
235500,6106,320,4
235500,61252,30,4
235500,61332,0,1
235500,6141,45,9
235500,6141,484,4
235500,61485,0,1
235500,63864,78,1
235500,65092,1055,4
235500,65304,179,1
235500,65578,297,2
235500,6570,0,1
235500,6636,70,1
235500,6636,78,24
235500,6636,320,14
235500,66956,320,1
235500,67329,29,2
235500,68211,10,2
235500,68297,0,1
235500,73825,84,1
235500,74611,29,2
235500,75937,15,1
235500,78169,179,1
235500,78258,15,1
235500,79389,84,1
235500,79393,71,2
235500,79393,29,4
235500,80910,28,1
235500,85861,47,1
235500,85984,15,1
235500,87580,297,24
235500,87580,29,4
235500,87580,484,1
235500,87693,15,1
235500,92410,70,2
235500,92456c01pr0124,78,1
235500,92456c08pr0003,0,1
235500,96874,3,1
235500,98138pr0256,297,1
235500,99207,19,12
235500,99780,19,14
235501,10109917,9999,1
235501,11211,70,3
235501,11477,84,2
235501,11477,34,8
235501,14395,2,2
235501,14719,272,2
235501,15068,84,2
235501,15395,191,1
235501,15395,297,1
235501,15573,3,1
235501,15573,84,1
235501,15573,19,1
235501,15573,272,2
235501,15573,297,12
235501,15573,71,4
235501,15706,72,4
235501,15712,297,4
235501,15744,297,1
235501,16577,10,1
235501,17485,71,1
235501,18646,27,1
235501,18674,5,1
235501,18674,10,2
235501,18853,29,2
235501,19119,320,2
235501,19121,297,4
235501,1927,2,1
235501,19798,72,1
235501,1997,297,2
235501,20482,47,3
235501,20482,10,6
235501,22388,45,1
235501,22388,4,1
235501,22667,4,1
235501,22885,19,1
235501,22885,2,6
235501,22885,272,1
235501,22885,84,7
235501,22888,2,1
235501,2357,2,2
235501,24093,27,1
235501,24122,70,1
235501,2415,71,1
235501,2420,28,2
235501,2420,272,2
235501,2420,72,2
235501,2431,2,2
235501,2431,10,2
235501,2431,71,8
235501,2431,26,2
235501,24314c01,47,2
235501,24324,27,1
235501,2450,72,2
235501,2453b,27,10
235501,2454b,158,6
235501,2465,2,1
235501,24866,1050,14
235501,24866,4,3
235501,25269,14,3
235501,25269,10,2
235501,25269,297,11
235501,25974,1055,1
235501,26047,2,2
235501,26601,28,2
235501,26603,272,1
235501,26603,0,1
235501,27149,288,1
235501,27507,297,10
235501,27507,272,3
235501,27925,297,14
235501,28192,3,4
235501,28802,2,1
235501,28870,297,4
235501,29119,84,1
235501,29120,84,1
235501,3001,71,2
235501,3001,2,3
235501,3002,2,2
235501,3003,71,2
235501,3003,2,1
235501,3003,3,2
235501,3004,71,4
235501,3004,84,4
235501,3005,272,1
235501,3005,47,1
235501,3005,2,30
235501,3005,45,1
235501,3008,2,2
235501,3010,10,2
235501,3010,2,1
235501,30153,34,1
235501,30153,52,1
235501,30153,45,1
235501,30153,47,1
235501,3020,72,1
235501,3020,10,1
235501,3020,84,1
235501,3020,27,1
235501,3020,272,5
235501,3021,84,2
235501,3021,72,2
235501,3021,2,3
235501,3022,72,2
235501,3022,321,1
235501,3022,27,3
235501,3022,272,7
235501,3023,72,2
235501,3023,2,4
235501,3023,25,1
235501,3023,30,1
235501,3023,84,1
235501,3023,322,2
235501,3023,35,8
235501,3023,10,18
235501,3023,272,7
235501,30237b,72,1
235501,3024,26,2
235501,3024,272,12
235501,3024,84,4
235501,3024,34,7
235501,3032,72,1
235501,30367c,34,6
235501,30374,47,1
235501,3039,2,2
235501,30562,10,4
235501,30565,272,4
235501,3062b,34,11
235501,3062b,10,3
235501,3062b,1054,1
235501,3062b,47,2
235501,3062b,70,4
235501,3065,35,5
235501,3068b,70,1
235501,3068b,19,1
235501,3068b,272,2
235501,3069b,84,1
235501,3069b,272,2
235501,3069b,71,4
235501,3069b,297,29
235501,3069bpr0148,15,1
235501,3070b,71,4
235501,3131,70,2
235501,32028,14,1
235501,32062,4,1
235501,32123b,71,2
235501,3245c,3,16
235501,32474,70,2
235501,32607,29,4
235501,32607,288,3
235501,3262,14,1
235501,32828,297,1
235501,32952,84,4
235501,32952,272,11
235501,33051,4,4
235501,3386,2,2
235501,3386,71,2
235501,3460,26,2
235501,3460,2,5
235501,3484,70,3
235501,35299,34,3
235501,3535,71,2
235501,35480,2,4
235501,35485,297,2
235501,3565,34,6
235501,35787,70,1
235501,35787,71,2
235501,35787,3,2
235501,3622,2,1
235501,3623,272,2
235501,3659,2,2
235501,3665,2,2
235501,3666,27,1
235501,3700,2,27
235501,3705,0,1
235501,3710,2,14
235501,3710,272,2
235501,3710,72,3
235501,37352,272,2
235501,37695,31,2
235501,37762,70,1
235501,37762,297,8
235501,37762,10,1
235501,3795,84,1
235501,38014,15,2
235501,38799,47,2
235501,3937,70,1
235501,3941,35,10
235501,3942c,297,1
235501,4032a,10,1
235501,4032a,29,1
235501,4032a,484,3
235501,4032a,19,1
235501,4162,2,2
235501,41682,84,1
235501,41740,272,12
235501,41948,71,1
235501,41948,3,2
235501,4216,10,28
235501,42445,47,1
235501,4287c,2,2
235501,4304,71,1
235501,43093,1,6
235501,4332,308,1
235501,44728,3,2
235501,4477,272,1
235501,4519,71,1
235501,46212,47,1
235501,4740,2,2
235501,48092,3,4
235501,49307,3,3
235501,49307,26,2
235501,49612,2,2
235501,50015,10,1
235501,5058,288,3
235501,50950,2,4
235501,50950,26,2
235501,54200,84,3
235501,54200,26,1
235501,57895,47,1
235501,58176,2,4
235501,5904,5,6
235501,59443,70,3
235501,59900,52,1
235501,59900,46,1
235501,59900,33,1
235501,60474,19,1
235501,60474,308,1
235501,60596,3,4
235501,60616b,47,1
235501,61252,10,4
235501,61332,0,4
235501,6134,70,1
235501,6141,34,9
235501,6141,14,2
235501,6141,297,2
235501,6141,92,5
235501,6231,72,2
235501,63868,0,2
235501,65092,1055,1
235501,6541,2,6
235501,65509,484,1
235501,65509,71,1
235501,65509,10,2
235501,65578,84,1
235501,65630,71,1
235501,6636,71,2
235501,66857,3,1
235501,66909,297,4
235501,67095pr9990,297,1
235501,67329,484,2
235501,67687,71,1
235501,68013,0,2
235501,69729,272,3
235501,69729,70,2
235501,71689,272,1
235501,73562,0,1
235501,77850,15,1
235501,77850,84,4
235501,78258,15,2
235501,78329,84,2
235501,78666,2,4
235501,79389,2,2
235501,79393,10,2
235501,80015,3,3
235501,85080,3,4
235501,85861,2,5
235501,85861,15,1
235501,85861,70,1
235501,85861,47,1
235501,86876,0,1
235501,86996,71,2
235501,86996,484,1
235501,87087,3,2
235501,87087,70,2
235501,87580,10,2
235501,87580,15,1
235501,87580,484,1
235501,89678,72,2
235501,90195,70,4
235501,90540,297,1
235501,91988,72,2
235501,92438,72,1
235501,92851,47,1
235501,92950,3,1
235501,93092,191,1
235501,96874,25,1
235501,98138,31,1
235501,98138,1053,1
235501,98138,29,1
235501,98138,288,3
235501,98138pr0017,29,4
235501,98138pr0255,19,3
235501,98397,70,3
235501,98397,71,1
235501,99207,2,1
235501,99207,10,4
235501,99207,272,1
235501,99563,70,3
235501,99780,484,3
235501,99780,3,5
235502,02135,297,1
235502,10109914,9999,1
235502,1038332a,9999,1
235502,1038332b,9999,1
235502,11211,19,2
235502,13965,19,6
235502,18674,31,1
235502,1871,3,4
235502,18853,323,1
235502,18853,29,2
235502,19121,297,1
235502,20482,15,2
235502,21301,1050,1
235502,22484,72,6
235502,22885,19,2
235502,22888,15,1
235502,22888,322,1
235502,2343,297,2
235502,2357,19,2
235502,24093,70,1
235502,24093,29,1
235502,2423,4,1
235502,24246,212,6
235502,2453b,19,2
235502,2454b,19,2
235502,24866,1050,3
235502,2496,0,1
235502,25269,212,4
235502,26601,15,2
235502,27925,484,4
235502,2821,29,2
235502,3003,29,1
235502,3004,212,2
235502,3005,19,6
235502,3005,84,2
235502,30136,19,6
235502,30136,70,1
235502,30153,47,1
235502,30153,35,1
235502,30153,41,1
235502,3020,226,4
235502,3020,3,1
235502,3020,19,2
235502,3021,15,3
235502,3021,28,3
235502,3023,15,4
235502,3024,484,4
235502,3024,72,2
235502,3034,322,2
235502,30374,15,2
235502,3062b,47,1
235502,3062b,19,6
235502,3068b,212,2
235502,3068bpr0733,5,2
235502,3069b,15,1
235502,3069b,212,2
235502,3069b,71,1
235502,32013,15,2
235502,32015,15,2
235502,32124,19,2
235502,3245c,71,4
235502,32607,4,3
235502,32607,1050,1
235502,32607,10,2
235502,32952,19,8
235502,34103,84,2
235502,34816,19,2
235502,35044,15,2
235502,35480,72,2
235502,35480,19,9
235502,3623,19,2
235502,3666,19,3
235502,3666,15,1
235502,3710,322,1
235502,37695,10,2
235502,37775,182,2
235502,3832,19,2
235502,3937,71,1
235502,3941,29,1
235502,4042,15,2
235502,4070,19,10
235502,42135,15,2
235502,4282,19,1
235502,4449,70,1
235502,4460b,28,2
235502,4490,19,2
235502,4865b,71,2
235502,54200,19,3
235502,5904,5,1
235502,59900,29,1
235502,59900,41,1
235502,59900,35,1
235502,6003,322,2
235502,60481,19,2
235502,60897,19,2
235502,6091,3,4
235502,6091,19,2
235502,61332,0,2
235502,6134,71,1
235502,6141,19,12
235502,6141,72,2
235502,6180,15,1
235502,6192b,226,4
235502,64644,0,2
235502,64644,297,10
235502,65578,320,1
235502,6636pr0048,15,2
235502,67810,3,2
235502,69729,15,1
235502,77850,84,2
235502,78258,15,2
235502,78594,84,4
235502,78666,19,2
235502,80441pat0001,47,2
235502,87580,15,1
235502,87580,5,1
235502,87620,84,4
235502,92950,19,2
235502,98138,3,4
235502,98138,71,1
235693,3024,321,1
235693,3024pr0036,92,1
235693,3070b,70,1
235695,3024,15,1
235695,3024pr0038,15,1
235695,3070b,15,1
235697,3024,0,1
235697,3024,85,1
235697,3024pr0040,28,1
235698,3024,70,1
235698,3024pr0041,92,1
235698,3070b,92,1
235699,3024,378,1
235699,3024pr0039,78,1
235699,3070b,25,1
235746,14716,70,4
235746,14716,19,4
235746,14716,28,4
235746,14716,484,4
235746,2357,2,4
235746,3005,70,20
235746,3005,28,20
235746,3005,484,20
235746,3005,19,20
235746,30176,2,16
235746,30176,27,16
235746,3062b,297,16
235746,33320,26,1
235746,3659,19,20
235746,3659,70,20
235746,3659,484,20
235746,3659,28,20
235746,3811,10,1
235746,77864pr0001,28,1
235746,80674,191,1
235779,58247,0,1
235781,30374,36,1
235781,85861,297,2
235781,87747,85,1
235781,92690,71,1
236401,10a,2,1
236401,21,47,2
236401,242c01,4,4
236401,3001a,1,4
236401,3001a,14,2
236401,3002a,1,4
236401,3002a,14,2
236401,3003a,1,4
236401,3003a,14,2
236401,3004,47,2
236401,3004,0,2
236401,3004,1,24
236401,3004,14,4
236401,3005,1,14
236401,3005,14,4
236401,3006,1,2
236401,3007,1,2
236401,3008,14,4
236401,3008,1,14
236401,3009,14,4
236401,3009,1,15
236401,3009apr0004,14,1
236401,3009apr0004,1,1
236401,3010,14,4
236401,3010,47,2
236401,3010,1,12
236401,3010apr0003,1,1
236401,3020,4,1
236401,3020,1,6
236401,3020,14,4
236401,3021,1,4
236401,3021,14,2
236401,3022,14,2
236401,3022,1,2
236401,3023,1,6
236401,3023,14,6
236401,3024,14,2
236401,3024,1,1
236401,3029,1,2
236401,3030,1,2
236401,3031,14,1
236401,3031,1,1
236401,3032,1,1
236401,3032,14,1
236401,3034,1,4
236401,3034,14,2
236401,3034,4,2
236401,3035,14,2
236401,3035,1,2
236401,3036,1,1
236401,3037,4,14
236401,3037,47,2
236401,3038,4,4
236401,3039,4,8
236401,3039,14,6
236401,3039,47,2
236401,3039,1,6
236401,3040a,1,2
236401,3040a,4,2
236401,3041,4,4
236401,3042,4,2
236401,3043,4,1
236401,3044a,4,1
236401,3045,4,4
236401,3046a,4,4
236401,3046a,1,2
236401,3048a,4,2
236401,3049c,4,1
236401,3062a,1,2
236401,3081c01,4,8
236401,3127b,4,1
236401,3137c01,0,4
236401,3139,0,3
236401,3145,14,2
236401,3149bc01,4,1
236401,3176,4,1
236401,3183a,14,1
236401,3183a,1,1
236401,3184,14,1
236401,3184,1,1
236401,3228a,1,4
236401,3317,1,1
236401,3317,14,1
236401,3324ac01,4,2
236401,3404ac01,0,1
236401,3433,14,1
236401,3436,14,1
236401,3455,1,4
236401,3460,4,2
236401,3460,7,4
236401,3461,7,1
236401,3462,14,1
236401,3464,4,3
236401,3475a,14,2
236401,3480,7,2
236401,3481,14,2
236401,3483,0,4
236401,3491,4,1
236401,3492c01,14,1
236401,3579,1,2
236401,3581,1,4
236401,3582,14,4
236401,3633,14,4
236401,3634,0,4
236401,3641,0,8
236401,3660,1,10
236401,3660,14,6
236401,3710,14,1
236401,453cc01,4,2
236401,56823,0,1
236401,586c01,14,1
236401,7039,4,4
236401,7049bc01,0,4
236401,7930,4,2
236401,8,1,3
236401,828,4,1
236409,10108246,9999,1
236409,10169,84,1
236409,109574pr0001,15,1
236409,109597,226,1
236409,109598,9999,1
236409,11090,71,2
236409,11153,0,2
236409,11203,84,4
236409,11211,71,2
236409,11211,25,3
236409,11212,72,2
236409,11213,27,1
236409,1126,71,21
236409,11476,0,5
236409,11476,484,2
236409,11477,0,10
236409,11477,71,1
236409,11609,297,1
236409,11610,484,1
236409,11833,2,4
236409,13731,0,2
236409,14395,71,4
236409,14704,72,1
236409,14716,71,2
236409,14716,72,2
236409,14719,71,7
236409,14769,84,8
236409,15068,71,8
236409,15207,72,2
236409,15207,71,2
236409,15207,25,2
236409,15254,72,3
236409,15254,0,1
236409,15254,70,1
236409,15535,71,1
236409,15573,84,2
236409,15573,72,4
236409,15573,0,3
236409,15712,288,2
236409,15712,297,1
236409,15712,15,4
236409,15712,0,3
236409,1621pat0001,15,1
236409,16577,71,1
236409,16770,71,2
236409,18649,19,3
236409,18651,0,8
236409,18654,71,1
236409,18674,72,1
236409,18759,71,2
236409,18838,70,2
236409,18838,72,2
236409,18980,72,1
236409,19119,0,11
236409,1927,71,12
236409,20482,28,1
236409,20482,71,4
236409,20482,0,2
236409,20482,15,4
236409,20695pr0001,25,2
236409,22385,0,6
236409,22385,71,5
236409,22484,25,1
236409,22885,15,2
236409,22961,71,6
236409,2310,0,1
236409,2343,47,1
236409,23443,0,2
236409,24122,0,2
236409,24122,70,2
236409,2412b,70,4
236409,2417,191,4
236409,2419,0,3
236409,2420,0,3
236409,2420,71,2
236409,2420,72,10
236409,2420,15,4
236409,24201,27,2
236409,24201,70,1
236409,24201,0,1
236409,2423,484,1
236409,24246,4,8
236409,24246,71,6
236409,24246,484,1
236409,24299,28,2
236409,24299,0,2
236409,24307,0,2
236409,24307,28,2
236409,24309,0,2
236409,2431,72,1
236409,2431,15,1
236409,2431,0,5
236409,2445,19,4
236409,2445,0,3
236409,2449,71,13
236409,2449,72,20
236409,2456,25,2
236409,2456,71,3
236409,24855,2,4
236409,24866,14,2
236409,24866,4,12
236409,24866,1136,30
236409,24866,2,12
236409,24866,25,2
236409,24866,30,8
236409,25214,71,3
236409,25269,379,16
236409,25269,71,2
236409,25269,72,12
236409,25269,28,3
236409,25269,0,14
236409,2540,71,1
236409,2654,4,6
236409,2654,71,2
236409,26601,72,3
236409,26603,71,8
236409,26603,0,3
236409,26603,70,1
236409,26604,15,4
236409,27263,379,3
236409,27263,15,4
236409,2736,71,1
236409,27507,71,4
236409,2752,71,2
236409,27925,0,1
236409,27925,71,3
236409,28192,0,1
236409,2821,84,1
236409,28621,46,2
236409,29111,0,4
236409,29119,0,6
236409,29120,0,6
236409,3001,28,2
236409,3002,0,3
236409,3003,70,2
236409,3003,25,1
236409,3004,72,17
236409,3004,71,6
236409,3004,19,2
236409,30044,0,5
236409,30046,0,1
236409,3005,70,7
236409,3005,71,4
236409,3005,72,22
236409,3005,0,2
236409,3008,71,5
236409,3008,70,1
236409,3009,72,2
236409,3009,71,4
236409,3009,25,2
236409,30099,0,2
236409,3010,71,18
236409,3010,4,1
236409,3010,70,1
236409,3010,72,13
236409,30136,70,6
236409,30166,72,2
236409,3020,71,2
236409,3020,379,2
236409,3020,27,1
236409,3020,28,1
236409,3020,72,3
236409,3020,0,7
236409,3021,72,2
236409,3022,72,2
236409,3022,0,6
236409,3022,226,2
236409,3022,71,7
236409,3022,484,1
236409,3022,4,1
236409,3022,15,1
236409,3023,71,34
236409,3023,484,4
236409,3023,46,3
236409,3023,27,11
236409,3023,15,1
236409,3023,2,1
236409,3023,72,9
236409,3023,1,1
236409,3023,191,1
236409,3023,0,14
236409,3023,25,4
236409,3024,71,4
236409,3024,0,6
236409,3024,72,22
236409,3024,84,16
236409,3024,2,3
236409,3024,379,3
236409,3024,15,1
236409,3030,72,2
236409,3032,0,1
236409,3032,72,7
236409,3033,72,10
236409,3035,0,1
236409,30357,0,4
236409,3036,0,2
236409,3036,71,2
236409,30385,35,1
236409,3039,0,3
236409,3040b,71,6
236409,3040b,72,26
236409,3040b,0,2
236409,30414,0,1
236409,3043,0,1
236409,3044c,72,4
236409,30504,0,1
236409,30565,0,3
236409,30565,72,7
236409,3062b,288,1
236409,3062b,15,3
236409,3062b,72,4
236409,3062b,70,4
236409,3062b,71,17
236409,3068b,0,1
236409,3068b,72,1
236409,3068b,27,1
236409,3068b,2,2
236409,3068b,71,8
236409,3069b,320,1
236409,3069b,71,4
236409,3069b,379,4
236409,3069b,2,2
236409,3069b,72,7
236409,3069b,84,1
236409,3070b,71,14
236409,3070b,379,5
236409,32000,0,2
236409,32028,28,13
236409,32062,4,25
236409,32123b,71,12
236409,3245c,71,2
236409,32607,25,16
236409,32607,2,16
236409,32607,288,12
236409,32828,0,2
236409,32828,4,1
236409,32828,19,1
236409,32828,70,1
236409,32952,15,2
236409,32952,72,4
236409,32952,71,6
236409,32952,0,2
236409,33183,70,4
236409,33492,72,1
236409,33492,71,2
236409,3386,71,2
236409,3386,2,3
236409,33909,379,2
236409,33909,28,15
236409,33909,70,4
236409,34103,70,1
236409,34172,15,1
236409,3460,25,1
236409,3484,71,1
236409,3484,15,2
236409,35044,0,1
236409,35459,308,2
236409,35464,72,1
236409,35480,0,3
236409,35480,4,1
236409,35787,72,6
236409,35787,0,1
236409,3622,71,2
236409,3622,72,2
236409,3623,378,4
236409,3623,0,5
236409,3623,72,4
236409,3623,484,2
236409,3623,71,8
236409,3626cpr0895,15,4
236409,3659,72,5
236409,3660,72,6
236409,3665,71,10
236409,3665,70,2
236409,3666,25,4
236409,3666,71,2
236409,3666,70,2
236409,3678b,70,1
236409,36840,4,1
236409,36840,72,1
236409,36841,72,9
236409,3710,0,2
236409,3710,72,13
236409,3710,71,1
236409,3710,27,1
236409,37352,0,1
236409,37762,70,1
236409,37775,182,2
236409,3795,70,2
236409,3795,72,3
236409,3795,71,1
236409,3832,72,8
236409,3832,19,1
236409,38648pat0001,0,1
236409,3937,70,1
236409,3937,71,4
236409,3937,72,8
236409,3938,71,8
236409,3938,72,4
236409,3941,25,2
236409,3942c,0,1
236409,3957b,0,3
236409,3958,72,4
236409,4070,2,3
236409,4070,71,10
236409,41539,0,2
236409,41539,28,1
236409,4162,72,6
236409,4162,71,8
236409,41682,71,4
236409,41740,28,3
236409,41740,71,4
236409,41740,0,3
236409,41749,0,1
236409,41750,0,1
236409,42022,0,2
236409,42448,1103,2
236409,4282,0,1
236409,4286,0,1
236409,4286,71,12
236409,4287c,71,2
236409,4287c,72,2
236409,43722,0,2
236409,43722,72,1
236409,43723,72,1
236409,43723,0,2
236409,4460b,71,3
236409,44728,71,2
236409,44728,0,1
236409,44728,2,1
236409,44728,15,1
236409,44728,27,4
236409,4477,71,2
236409,4477,72,2
236409,44861,0,4
236409,44861,72,6
236409,4490,72,1
236409,4519,14,1
236409,4697b,71,2
236409,4733,71,1
236409,47397,0,1
236409,47398,0,1
236409,4742,72,1
236409,47905,71,2
236409,48205,0,3
236409,48205,72,3
236409,48208,0,3
236409,48208,72,3
236409,4865b,71,2
236409,4865b,72,2
236409,4865b,84,1
236409,49307,72,4
236409,49307,71,6
236409,50340,71,2
236409,50340,72,4
236409,5066,72,5
236409,5091,72,1
236409,5092,72,1
236409,51270,484,8
236409,52107,15,1
236409,53451,179,2
236409,53451,0,2
236409,54200,71,29
236409,54200,72,16
236409,54200,0,28
236409,55236,288,4
236409,59443,71,30
236409,59900,72,1
236409,59900,0,2
236409,6003,0,7
236409,6003,72,2
236409,60475b,71,8
236409,60477,71,2
236409,60479,72,1
236409,60479,0,5
236409,60481,71,3
236409,60481,0,4
236409,60592,0,2
236409,60596,72,1
236409,60601,46,2
236409,60601,308,1
236409,6091,71,2
236409,6111,72,2
236409,6112,71,1
236409,61252,378,6
236409,6134,70,1
236409,61409,72,6
236409,61409,71,2
236409,6141,35,43
236409,6141,71,28
236409,6179,0,1
236409,61975,0,2
236409,6266,15,4
236409,63864,72,6
236409,63864,15,2
236409,63864,84,1
236409,63868,308,2
236409,63965,0,2
236409,63965,71,1
236409,64644,297,2
236409,64648,179,1
236409,65138,0,1
236409,6541,72,2
236409,65426,0,1
236409,65429,0,1
236409,65487,72,6
236409,65509,19,3
236409,65578,0,4
236409,65578,84,4
236409,6636,84,1
236409,6636,28,4
236409,6636,72,5
236409,66956,0,10
236409,67095,0,1
236409,67361,70,1
236409,67361,0,1
236409,69729,71,3
236409,69729,84,2
236409,70681,71,4
236409,7102,70,1
236409,73825,71,2
236409,73825,0,1
236409,76959,71,2
236409,78256,71,2
236409,78256,70,3
236409,78258,0,2
236409,78258,15,1
236409,78258,71,4
236409,78329,72,4
236409,78443,72,1
236409,78444,72,1
236409,79389,71,6
236409,79393,71,4
236409,79393,0,2
236409,79491,4,1
236409,80015,0,1
236409,80179,179,1
236409,80497,0,4
236409,80497,70,4
236409,80796,72,1
236409,85861,297,7
236409,85861,0,19
236409,85861,72,6
236409,85984,0,60
236409,85984,25,2
236409,85984,72,12
236409,85984,71,38
236409,86996,71,3
236409,86996,4,3
236409,87079,71,2
236409,87079,15,2
236409,87087,15,4
236409,87087,72,12
236409,87552,46,1
236409,87580,15,2
236409,87580,72,1
236409,87580,4,1
236409,87580,70,2
236409,87580,191,1
236409,87580,379,3
236409,87580,2,1
236409,88072,71,2
236409,88292,0,1
236409,88930,71,6
236409,89678,4,6
236409,90540,72,1
236409,92691,15,1
236409,92947,72,4
236409,92950,72,1
236409,92950,70,6
236409,93061,0,2
236409,93273,15,4
236409,93273,0,3
236409,93609,71,2
236409,94161,70,4
236409,95228,34,1
236409,95344,0,2
236409,95345,70,1
236409,96874,25,1
236409,98138,28,23
236409,98138,15,1
236409,98138pr0018,84,1
236409,98283,71,32
236409,98374,1103,1
236409,99207,72,1
236409,99207,71,3
236409,99781,71,16
236409,99781,2,2
236561,11213,19,1
236561,11458,1,2
236561,11476,15,3
236561,11477,15,2
236561,13349,15,1
236561,14769pr1116,15,2
236561,15068,15,8
236561,15573,15,2
236561,15672,15,2
236561,1748,71,4
236561,1750,15,1
236561,18674,28,4
236561,20310,297,8
236561,22885,71,4
236561,2310,85,1
236561,24201,323,2
236561,24246,15,2
236561,25269,1053,10
236561,25269,30,6
236561,2540,297,2
236561,27925,30,4
236561,27925,297,4
236561,29119,15,4
236561,29120,15,4
236561,3002,15,3
236561,3004,15,1
236561,3010,15,4
236561,3010,28,2
236561,30165,15,1
236561,3020,323,5
236561,3022,212,2
236561,3023,323,6
236561,3023,1,4
236561,3024,1,2
236561,3032,15,1
236561,30357,19,4
236561,30361c,71,1
236561,30383,15,2
236561,3069b,297,6
236561,3069b,30,2
236561,35480,15,4
236561,3623,323,4
236561,3705,0,1
236561,3709,71,2
236561,3710,212,1
236561,3710,15,2
236561,3710,85,1
236561,37352,19,8
236561,37352,323,1
236561,3795,19,1
236561,39789,212,2
236561,4032a,212,1
236561,41740,28,2
236561,44728,15,3
236561,44728,28,4
236561,4519,71,1
236561,47457,297,4
236561,4871,15,1
236561,49307,15,12
236561,49668,15,2
236561,50337,15,2
236561,50340,323,2
236561,50950,15,2
236561,52107,1,2
236561,54200,15,2
236561,54200,212,1
236561,54657,15,4
236561,60474,1,1
236561,60478,1,1
236561,6091,212,1
236561,6091,1,2
236561,61252,15,2
236561,6141,85,2
236561,6141,15,2
236561,6215,15,4
236561,63864,212,1
236561,65426,15,1
236561,65429,15,1
236561,67329,15,4
236561,74611,15,1
236561,76766,15,1
236561,77850,15,8
236561,78257,15,2
236561,78666,212,3
236561,79393,15,4
236561,79756,19,8
236561,85861,297,4
236561,85984,28,2
236561,85984,15,1
236561,85984,85,2
236561,87087,212,2
236561,87087,15,2
236561,87087,1,2
236561,90258,72,1
236561,92582,71,8
236561,92947,297,4
237019,13731,72,2
237019,14515,9999,1
237019,2420,71,2
237019,2431,0,6
237019,2432,0,2
237019,2445,71,2
237019,2654,47,8
237019,2780,0,2
237019,2817,71,1
237019,3001,1,1
237019,3003,0,4
237019,3004,71,6
237019,3009,0,2
237019,3010,0,2
237019,3021,72,2
237019,3023,71,8
237019,3023,0,5
237019,30236,0,1
237019,3030,72,2
237019,3031,0,1
237019,3034,71,1
237019,3035,71,1
237019,30374,36,1
237019,30374,0,1
237019,3068b,0,2
237019,3068b,71,3
237019,3069b,0,5
237019,32000,71,1
237019,32530,72,2
237019,3298,72,2
237019,3622,72,2
237019,3623,72,2
237019,3666,272,1
237019,3666,0,4
237019,3700,0,1
237019,3710,272,6
237019,3794b,72,2
237019,3795,0,1
237019,3832,72,1
237019,3937,72,2
237019,4070,1,2
237019,4162,0,3
237019,41747,71,2
237019,41748,71,2
237019,41749,71,1
237019,41750,71,1
237019,41764,71,1
237019,41765,71,1
237019,41769,272,1
237019,41770,272,1
237019,4274,71,1
237019,4282,0,2
237019,43722,71,1
237019,43723,71,1
237019,44570,72,1
237019,48336,0,2
237019,4865a,0,6
237019,50950,272,1
237019,54200,272,10
237019,54200,182,8
237019,58247,0,2
237019,59900,0,2
237019,60470b,71,3
237019,60478,72,6
237019,60592,0,2
237019,60897,71,2
237019,61184,71,2
237019,6134,0,2
237019,6141,36,3
237019,6180,272,1
237019,6231,71,2
237019,63864,72,6
237019,63965,72,1
237019,64567,80,2
237019,6541,4,2
237019,6636,71,1
237019,85984,71,2
237019,92582,0,2
237019,92583,40,1
237019,99207,71,2
237021,122c01,7,2
237021,3004,1,2
237021,3022,1,1
237021,3023,7,2
237021,3024,1,1
237021,3062b,36,2
237021,3062b,7,2
237021,3639,7,1
237021,3640,7,1
237021,3710,1,1
237021,3747a,1,1
237021,3794a,1,5
237021,3795,1,1
237021,3829c01,7,1
237021,3839b,7,1
237021,3957a,7,1
237021,4085a,7,2
237021,4285a,7,1
237021,4288,0,4
237021,4345a,1,2
237021,4346,1,2
237021,4476a,1,1
237021,4479,7,2
237021,upn0343,1,1
237021,upn0344,1,1
237034,15071,0,1
237034,20482,72,1
237034,26047,72,1
237034,3062b,72,1
237034,36840,0,1
237034,6141,52,1
237034,66909,0,2
237035,13548,72,2
237035,15571,71,2
237035,22385,27,1
237035,22888,19,2
237035,2423,27,2
237035,2432,72,1
237035,24866,26,2
237035,2653,71,2
237035,3005,72,2
237035,3040b,72,2
237035,32028,0,2
237035,32607,2,4
237035,35480,71,2
237035,3673,14,2
237035,3710,71,2
237035,37829pr0162,378,1
237035,4032a,72,2
237035,4274,71,2
237035,4304,71,1
237035,43857,27,2
237035,6541,71,2
237035,78258,70,2
237035,87079,0,1
237035,87580,72,1
237046,36060,0,1
237046,3626cpr3528,14,1
237046,970c27,15,1
237046,973c03h34pr6847,15,1
237048,2446,15,1
237048,3626bpr0001,14,1
237048,3838,15,1
237048,970c27,15,1
237048,973c27h27pr0091,15,1
237051,2446,0,1
237051,3626bpr0001,14,1
237051,3838,0,1
237051,970c03,0,1
237051,973c03h03pr0091,0,1
237062,15068,484,2
237062,3023,484,2
237062,3068bpr0432,484,1
237062,3068bpr9978,484,1
237062,66858,70,1
237062,67329,72,2
237062,87580,484,1
237066,15068,484,2
237066,3023,484,2
237066,3068bpr0660,484,1
237066,3068bpr9978,484,1
237066,66858,70,1
237066,67329,72,2
237066,87580,484,1
237067,15068,484,2
237067,3023,484,2
237067,3068bpr0725,484,1
237067,3068bpr9978,484,1
237067,66858,70,1
237067,67329,72,2
237067,87580,484,1
237071,3004pr0085,0,1
237071,3023,29,1
237071,3023,272,1
237071,3068bpr9685,29,1
237071,60897,0,2
237071,66858,14,1
237071,67928,15,2
237071,85984,272,2
237071,85984pr9993,29,2
237071,99780,272,2
237071,99781,29,2
237072,3004pr0085,0,1
237072,3023,10,1
237072,3023,272,1
237072,3068bpr9685,10,1
237072,36841,10,4
237072,60897,0,2
237072,66858,14,1
237072,67928,15,2
237072,85984,272,2
237072,85984pr0048,10,2
237072,99780,272,2
237074,14769,0,1
237074,15068,484,2
237074,3023,484,2
237074,3068bpr0725,484,1
237074,3068bpr9978,484,1
237074,4032a,0,2
237074,60474,0,1
237074,66858,70,1
237074,67329,0,2
237075,15068,484,2
237075,15535,15,1
237075,2654,29,1
237075,3023,484,2
237075,3068bpr0660,484,1
237075,3960,31,1
237075,66858,70,1
237075,67329,0,2
237397,14716,84,2
237397,14718,19,2
237397,15573,28,2
237397,20310,84,4
237397,2432,71,1
237397,2456,14,1
237397,2496,0,2
237397,2655,71,2
237397,3004,19,2
237397,3009,19,2
237397,3009,84,1
237397,3020,71,1
237397,3021,1,3
237397,3021,28,2
237397,3022,84,2
237397,3031,19,4
237397,3032,70,1
237397,3036,28,1
237397,3069b,71,1
237397,32474,15,2
237397,3484,0,2
237397,3622,84,2
237397,3659,84,2
237397,3660,19,4
237397,3666,70,1
237397,37352,84,2
237397,4162,71,2
237397,63864,308,2
237397,6636,72,1
237397,69066,308,2
237397,78258,0,2
237397,85861,0,2
237397,87079,72,3
237397,87079pr9896,320,1
237397,87087,84,4
237397,98283,84,33
237399,18674,72,1
237399,20482,297,1
237399,2654,71,1
237399,30165,4,2
237399,3020,0,2
237399,3023,4,2
237399,3070b,4,3
237399,3070b,47,2
237399,32028,4,4
237399,3300,0,1
237399,3795,4,1
237399,4070,4,2
237399,4304,0,1
237399,4740,0,1
237399,4865b,4,1
237399,50254,0,4
237399,67687,0,2
237399,85861,0,7
237399,92947,0,1
237399,99780,4,1
237399,99781,0,2
237512,11477,4,2
237512,20482,4,2
237512,24201,321,3
237512,24246,25,4
237512,26047,72,3
237512,3023,321,1
237512,3023,4,4
237512,3023,72,1
237512,3024,4,5
237512,30377,4,2
237512,32828,4,2
237512,3623,321,3
237512,3623,4,1
237512,47905,72,4
237512,6091,321,2
237512,61252,25,1
237512,6141,15,2
237512,6141,0,1
237512,63868,72,2
237512,78666,4,2
237582,10109665,9999,1
237582,10202,0,2
237582,14769,71,1
237582,15535,0,1
237582,15535,2,1
237582,15573,0,3
237582,18041,179,1
237582,18674,72,3
237582,20309,0,2
237582,20310,0,2
237582,22385,72,1
237582,2343,179,3
237582,2357,71,2
237582,2821,71,1
237582,28621,72,1
237582,3005,378,4
237582,3009,0,2
237582,3010,71,6
237582,30136,71,3
237582,30151b,47,1
237582,30153,35,2
237582,3020,10,1
237582,3020,0,1
237582,3021,0,2
237582,3023,378,10
237582,3032,28,1
237582,3034,0,1
237582,3036,28,1
237582,3068b,0,1
237582,32000,0,4
237582,32001,0,4
237582,32062,4,1
237582,32064a,71,2
237582,32270,0,1
237582,3245c,71,4
237582,3460,71,4
237582,3460,0,1
237582,3484,72,1
237582,35186,0,1
237582,35336,47,1
237582,3623,71,6
237582,3626cpr0895,15,3
237582,3633,0,1
237582,3700,71,4
237582,3710,378,6
237582,3710,0,4
237582,3749,19,1
237582,3839b,0,1
237582,38583,72,1
237582,4032a,28,1
237582,41239,0,2
237582,43093,1,1
237582,43888,72,2
237582,54200,34,4
237582,59426,72,1
237582,59443,0,1
237582,59900,35,1
237582,59900,0,2
237582,61332,0,6
237582,6180,71,1
237582,6231,72,2
237582,63965,0,1
237582,64799,72,1
237582,65886,0,1
237582,6636,0,2
237582,68013,0,2
237582,69729,71,1
237582,69729,0,2
237582,73763,10,2
237582,73764,0,1
237582,73825,71,6
237582,85861,72,4
237582,85975,179,3
237582,87087,71,6
237582,87580,0,2
237582,87994,0,1
237582,90195,0,2
237582,92081,72,1
237582,92950,72,1
237582,95228,34,1
237582,98138,10,1
237582,98138,0,3
237582,98138pr0353,297,1
237582,98283,378,4
237582,99207,10,1
237584,10109663,9999,1
237584,10109664,9999,1
237584,10202,70,1
237584,10202,0,1
237584,11211,15,1
237584,11211,72,6
237584,11211,322,1
237584,11211,19,3
237584,11212,15,4
237584,11212,70,1
237584,1126,84,2
237584,1126,71,2
237584,11458,70,2
237584,11477,84,2
237584,13548,70,1
237584,13564,4,1
237584,13770,297,1
237584,13965,70,3
237584,1413,297,1
237584,14395,28,1
237584,14716,15,6
237584,14716,70,11
237584,14716,28,2
237584,14716,84,4
237584,14718,15,2
237584,14719,28,1
237584,14769,320,1
237584,14769,297,1
237584,15254,226,1
237584,15395,378,1
237584,15533,28,8
237584,15535,2,1
237584,15535,0,1
237584,15535,71,3
237584,15573,3,1
237584,15573,4,4
237584,15573,484,2
237584,15573,322,1
237584,15573,84,5
237584,15573,320,1
237584,15573,297,1
237584,15573,72,2
237584,15573,78,4
237584,15573,70,2
237584,15573,28,1
237584,15573,378,4
237584,15672,320,2
237584,15712,71,1
237584,15712,70,3
237584,1748,15,1
237584,1750,70,1
237584,1751,15,1
237584,18674,28,3
237584,20310,84,2
237584,20310,70,2
237584,20310,19,2
237584,20482,70,4
237584,20482,47,2
237584,20482,297,1
237584,20952,378,3
237584,22388,15,1
237584,22484,72,2
237584,22667,26,1
237584,22885,28,9
237584,22885,84,3
237584,22885,19,21
237584,22885,71,1
237584,22886,0,1
237584,22886,15,3
237584,2343,484,1
237584,23443,70,1
237584,2357,72,3
237584,2357,70,2
237584,23950,15,2
237584,2412b,0,1
237584,2412b,72,2
237584,2420,70,2
237584,2420,28,11
237584,24201,70,4
237584,24246,4,1
237584,24246,72,7
237584,24246,379,6
237584,24299,71,2
237584,24299,70,1
237584,24307,70,1
237584,2431,28,17
237584,2431,15,1
237584,2431,70,5
237584,2431,72,1
237584,2432,0,2
237584,2445,28,1
237584,2449,28,2
237584,2453b,72,2
237584,2453b,15,1
237584,2453b,19,1
237584,2453b,70,7
237584,2454b,84,2
237584,2456,320,1
237584,2462,15,3
237584,24855,70,1
237584,24866,2,20
237584,24866,212,3
237584,24866,297,2
237584,24946,191,1
237584,25269,28,6
237584,25269,70,6
237584,2540,28,1
237584,26601,70,6
237584,26601,326,6
237584,26603,15,2
237584,26603,4,1
237584,26603,0,1
237584,26603,320,2
237584,28621,15,1
237584,2877,72,7
237584,29111,0,1
237584,3001,484,1
237584,3001,15,1
237584,3001,84,9
237584,3002,70,9
237584,3003,25,1
237584,3003,70,4
237584,3003,15,3
237584,3003,0,5
237584,3003,84,9
237584,3004,15,10
237584,3004,484,2
237584,3004,19,4
237584,3004,28,37
237584,3004,378,1
237584,3005,70,2
237584,3005,72,1
237584,3005,3,4
237584,3005,84,35
237584,3005,15,11
237584,3005,28,25
237584,3005pr0029,15,1
237584,3006,15,1
237584,3007,0,1
237584,3008,70,2
237584,3009,0,2
237584,3009,323,2
237584,3009,84,2
237584,3009,15,2
237584,3009,70,3
237584,3009,28,6
237584,3010,28,17
237584,3010,84,7
237584,3010,0,1
237584,3010,71,2
237584,3010,70,3
237584,3010,10,2
237584,30134,70,6
237584,30136,84,47
237584,30136,71,7
237584,30136,0,2
237584,30136,28,1
237584,30136,70,11
237584,30136,19,2
237584,30137,19,1
237584,30137,84,1
237584,3020,10,2
237584,3020,72,1
237584,3020,84,1
237584,3020,3,2
237584,3020,0,2
237584,3020,70,11
237584,3021,320,2
237584,3021,0,2
237584,3021,70,8
237584,3021,28,10
237584,3021,484,2
237584,3022,72,3
237584,3022,71,2
237584,3022,3,2
237584,3022,84,4
237584,3022,70,1
237584,3022,15,1
237584,3023,2,1
237584,3023,3,1
237584,3023,84,35
237584,3023,0,19
237584,3023,323,2
237584,3023,70,11
237584,3023,288,1
237584,3023,28,18
237584,3023,191,2
237584,3023,1,1
237584,3023,15,1
237584,3024,28,10
237584,3024,70,5
237584,3024,72,12
237584,3024,84,15
237584,3024,15,5
237584,3024,323,1
237584,3029,0,1
237584,3030,28,3
237584,3030,70,1
237584,3030,72,2
237584,3031,70,1
237584,3032,0,2
237584,3032,15,1
237584,3032,70,2
237584,3032,28,10
237584,3033,28,3
237584,3034,28,4
237584,3034,70,3
237584,30340,15,1
237584,3035,28,2
237584,3035,19,1
237584,3035,322,2
237584,30357,3,2
237584,30357,15,4
237584,3036,70,1
237584,3036,28,2
237584,3036,71,1
237584,3037,320,57
237584,3039,378,1
237584,3039,320,35
237584,3040b,84,3
237584,3040b,71,4
237584,3040b,484,41
237584,3040b,19,2
237584,3041,379,1
237584,30414,19,2
237584,30414,70,2
237584,30414,72,4
237584,3043,484,1
237584,3043,72,3
237584,3045,70,47
237584,3046a,320,6
237584,3049d,72,2
237584,3049d,70,1
237584,30503,70,6
237584,3062b,70,11
237584,3062b,4,1
237584,3062b,46,3
237584,3062b,322,1
237584,3062b,1055,2
237584,3062b,297,1
237584,3062b,484,3
237584,3068b,15,2
237584,3068b,28,2
237584,3068bpr0376,19,1
237584,3069b,78,4
237584,3069b,378,1
237584,3069b,484,4
237584,3069b,0,1
237584,3069b,72,10
237584,3069b,28,35
237584,3069b,70,6
237584,3069b,84,1
237584,3069b,71,1
237584,3069b,4,1
237584,3069bpr0271,19,2
237584,3070b,191,3
237584,3070b,70,2
237584,3070b,25,2
237584,3070b,71,1
237584,3070b,28,2
237584,3070b,379,3
237584,3070b,72,3
237584,3070b,84,5
237584,3070bpr0323,15,1
237584,3172,71,1
237584,3172,70,4
237584,32000,4,2
237584,32000,15,1
237584,32000,378,2
237584,32001,15,1
237584,32001,0,1
237584,32028,15,9
237584,32028,72,8
237584,32028,28,2
237584,32028,70,2
237584,32028,379,1
237584,32028,297,1
237584,32028,71,2
237584,32062,4,1
237584,32064a,28,1
237584,32123b,71,1
237584,32270,0,3
237584,32278,70,2
237584,3245c,15,2
237584,3245c,70,5
237584,3245c,84,2
237584,3245c,72,1
237584,32530,4,1
237584,32607,10,1
237584,32607,288,5
237584,32828,0,1
237584,32828,84,1
237584,32828,297,2
237584,32952,84,6
237584,32952,15,2
237584,32952,19,10
237584,32952,72,6
237584,32952,4,1
237584,3298,72,5
237584,3300,72,3
237584,33909,72,3
237584,33909,28,2
237584,33909,70,2
237584,33909,15,1
237584,33909,322,1
237584,33909,484,1
237584,33909,5,1
237584,33909,320,1
237584,33909,378,1
237584,33909,379,1
237584,33909,3,1
237584,34103,15,2
237584,34103,0,1
237584,34103,71,1
237584,34172,484,2
237584,3460,0,2
237584,3460,71,2
237584,3460,28,6
237584,3460,70,3
237584,3460,15,2
237584,3460,322,1
237584,3460,72,1
237584,3484,0,1
237584,35186,0,1
237584,3535,71,2
237584,35464,4,1
237584,35480,28,5
237584,35480,70,4
237584,35480,15,3
237584,35480,0,7
237584,35480,72,13
237584,35480,27,1
237584,3563,70,6
237584,3563,484,8
237584,35787,28,1
237584,35787,70,2
237584,35787,15,1
237584,3622,484,2
237584,3622,72,4
237584,3622,0,2
237584,3622,19,2
237584,3622,84,11
237584,3622,15,4
237584,3623,28,14
237584,3623,191,1
237584,3623,72,1
237584,3623,70,4
237584,3633,0,1
237584,3659,70,4
237584,3665,15,3
237584,3665,28,8
237584,3665,70,1
237584,3665,0,1
237584,3666,28,10
237584,3666,15,2
237584,3666,84,4
237584,3666,70,24
237584,3678b,0,2
237584,36841,70,2
237584,3700,84,4
237584,3700,322,1
237584,3700,70,2
237584,3700,15,3
237584,3701,15,1
237584,3701,70,1
237584,3701,71,2
237584,3709,71,1
237584,3710,84,7
237584,3710,70,8
237584,3710,72,3
237584,3710,71,1
237584,3710,0,2
237584,3710,28,8
237584,37352,15,12
237584,37352,2,4
237584,37352,191,4
237584,37352,320,4
237584,37352,4,4
237584,3749,19,4
237584,37695,10,1
237584,37762,70,5
237584,37775,182,1
237584,37776,0,1
237584,3795,28,9
237584,3795,0,1
237584,3795,70,6
237584,38014,15,1
237584,3832,72,1
237584,3832,19,1
237584,3839b,0,1
237584,3852b,19,1
237584,3899,179,1
237584,3899,5,1
237584,3899,4,1
237584,3899,47,1
237584,3937,72,3
237584,3937,0,2
237584,3938,0,2
237584,3957b,484,2
237584,3958,28,2
237584,4006,0,1
237584,4032a,70,4
237584,40379,70,1
237584,4042,47,1
237584,40527,0,1
237584,4070,191,1
237584,4070,15,1
237584,4070,272,1
237584,4070,28,1
237584,4070,4,1
237584,4070,70,2
237584,4070,10,1
237584,4079,320,1
237584,4083,0,2
237584,41239,0,2
237584,4162,70,4
237584,41740,320,2
237584,41740,19,2
237584,41740,70,4
237584,41740,28,12
237584,41740,72,7
237584,41740,4,2
237584,41740,84,1
237584,42135,15,1
237584,4216,70,1
237584,4286,71,8
237584,4304,25,1
237584,4304,70,1
237584,4304,72,1
237584,43093,1,1
237584,4367,191,3
237584,4367,15,6
237584,43722,212,1
237584,43888,70,1
237584,4460b,28,3
237584,44728,72,2
237584,4477,28,3
237584,4477,19,1
237584,44861,72,2
237584,4490,15,1
237584,4528,0,1
237584,45590,0,1
237584,4585,70,11
237584,4599b,297,1
237584,4599b,71,1
237584,4697b,297,1
237584,47457,0,2
237584,47457,15,6
237584,48336,297,4
237584,49307,3,2
237584,49307,25,1
237584,49307,19,1
237584,49307,484,4
237584,49307,70,4
237584,49661pr0001,14,1
237584,50950,71,6
237584,51239,70,2
237584,51239,308,7
237584,51266,47,7
237584,53020,71,1
237584,5404,212,1
237584,54200,34,4
237584,54200,85,2
237584,54200,72,2
237584,54200,27,4
237584,54200,191,2
237584,54200,71,2
237584,54200,70,2
237584,54200,15,1
237584,54383,28,2
237584,5520,15,1
237584,5630,70,1
237584,58176,182,1
237584,59426,72,1
237584,59443,0,1
237584,59900,0,2
237584,59900,15,1
237584,59900,4,2
237584,59900,46,1
237584,6003,326,6
237584,60470b,0,1
237584,60475b,84,1
237584,60475b,72,4
237584,60478,70,2
237584,60592,15,15
237584,60592,378,1
237584,60592,3,13
237584,60593,15,11
237584,60593,3,3
237584,60593,70,1
237584,60594,70,1
237584,60596,15,1
237584,60596,28,2
237584,60596,70,1
237584,60601,47,33
237584,60602,47,14
237584,60616b,70,1
237584,60623,15,1
237584,6091,484,2
237584,61332,0,17
237584,6134,0,3
237584,61409,28,2
237584,6141,297,2
237584,6141,378,2
237584,6141,26,4
237584,6141,19,4
237584,6141,70,4
237584,6141,322,1
237584,6141,15,6
237584,6141,71,2
237584,6141,0,3
237584,62113,70,1
237584,6231,15,2
237584,6254,27,1
237584,62810,484,1
237584,63864,84,5
237584,63864,323,1
237584,63864,72,1
237584,63864,212,4
237584,63864,71,2
237584,63864,28,14
237584,63864,0,3
237584,63864,379,4
237584,63864pr0012,28,3
237584,64644,70,21
237584,6541,72,4
237584,6541,71,4
237584,65509,70,1
237584,65509,71,1
237584,65578,84,3
237584,65676,70,1
237584,6587,28,3
237584,65886,4,1
237584,6589,19,1
237584,6636,72,1
237584,6636,70,10
237584,6636,28,18
237584,67632pr0005,72,1
237584,68013,15,1
237584,68211,19,1
237584,68211,70,2
237584,68211,10,3
237584,69729,0,1
237584,7102,70,1
237584,73230,70,2
237584,73763,10,2
237584,73764,0,2
237584,73825,72,2
237584,73825,84,4
237584,76959,70,3
237584,77765,71,2
237584,77808,72,4
237584,77844,308,2
237584,77850,84,6
237584,78256,15,1
237584,78258,71,1
237584,78329,84,1
237584,78329,72,2
237584,78666,71,7
237584,79194,297,1
237584,79389,15,1
237584,79736,27,1
237584,79757,484,2
237584,80543,72,1
237584,80796,72,3
237584,85861,70,1
237584,85861,0,4
237584,85861,182,1
237584,85861,71,3
237584,85861,297,1
237584,85861,2,1
237584,85861,41,1
237584,85861,72,1
237584,85975,179,1
237584,85984,191,1
237584,85984,378,2
237584,85984,320,3
237584,85984,19,1
237584,85984,484,2
237584,85984,72,1
237584,86876,70,2
237584,86876,72,2
237584,86996,70,8
237584,86996,84,2
237584,86996,72,3
237584,86996,0,4
237584,87079,326,2
237584,87079,4,1
237584,87079,70,4
237584,87079,84,1
237584,87079,19,1
237584,87079,28,6
237584,87079,191,1
237584,87079,2,1
237584,87079,226,1
237584,87083,72,1
237584,87087,72,2
237584,87087,19,2
237584,87544,70,5
237584,87580,70,1
237584,87580,326,2
237584,87580,72,3
237584,87620,84,10
237584,87620,72,1
237584,87621pr0004,29,2
237584,87693,15,2
237584,87994,70,1
237584,88292,70,10
237584,88292,84,2
237584,89678,72,11
237584,89679,15,1
237584,90195,70,2
237584,90195,15,3
237584,90398,320,1
237584,91501,15,2
237584,92438,28,1
237584,92950,72,1
237584,92950,70,3
237584,93274,71,1
237584,95344,0,1
237584,96874,25,1
237584,98138,47,1
237584,98138,72,2
237584,98138,10,1
237584,98138,0,1
237584,98138,71,1
237584,98138,1053,1
237584,98138,4,1
237584,98138pr0017,29,2
237584,98138pr0256,297,4
237584,98138pr0322,78,1
237584,98138pr0354,272,1
237584,98138pr0374,4,1
237584,98283,84,24
237584,98283,28,5
237584,98375,179,1
237584,99207,10,1
237584,99207,28,6
237584,99563,297,1
237584,99563,15,3
237584,99563,70,4
237584,99781,1,1
237756,11211,321,2
237756,11477,484,2
237756,11477,10,2
237756,14418,71,2
237756,14769,15,2
237756,14769pr9965,15,2
237756,15535,4,1
237756,15571,321,1
237756,15573,321,2
237756,1748,15,1
237756,18674,15,1
237756,25269,4,2
237756,25269,10,2
237756,25269,321,2
237756,2654,19,2
237756,2654,4,1
237756,28192,10,2
237756,3003,0,1
237756,3004pr0056,321,1
237756,3020,10,2
237756,3022,1,2
237756,3022,4,3
237756,3022,10,1
237756,3022,321,1
237756,3023,25,4
237756,3023,321,1
237756,3023,15,3
237756,3065pr0005,1053,2
237756,3068bpr9345,4,1
237756,3068bpr9346,322,1
237756,3069b,15,1
237756,3070b,10,2
237756,3170,0,1
237756,3176,15,1
237756,32028,15,1
237756,32828,72,2
237756,33492,15,6
237756,3623,4,2
237756,3623,10,2
237756,36841,484,2
237756,37352,321,1
237756,37352,10,1
237756,37352pr0003,10,1
237756,37352pr0020,321,1
237756,4032a,322,1
237756,4032a,72,1
237756,4740pr0026,15,2
237756,4865bpr9998,47,1
237756,49307,4,2
237756,5446pat0001,15,1
237756,5446pat0002,15,1
237756,5740pr0001,14,1
237756,59900,1,2
237756,59900,4,2
237756,6115pat0001,14,2
237756,6541,321,2
237756,66788,321,2
237756,66792,10,1
237756,66858,85,1
237756,69755,72,1
237756,69767,15,1
237756,77598,72,2
237756,77765,71,2
237756,77845,71,1
237756,78258,15,2
237756,85861,71,4
237756,86876,10,4
237756,87552,47,2
237756,88292,15,4
237756,92582,71,1
237756,98100,4,2
237756,98100,1,2
237756,99207,10,1
237756,99207,321,3
237756,99781,321,1
237756,99781,25,2
237757,10111461,9999,1
237757,10247,0,1
237757,111213,15,1
237757,11458,1,2
237757,14769,4,1
237757,14769,14,4
237757,14769pr1040,15,1
237757,14769pr9964,15,1
237757,15068,4,3
237757,15573,15,5
237757,15672,0,2
237757,16091,0,1
237757,17485pr0012,4,1
237757,18674,14,2
237757,22961,4,1
237757,2420,4,4
237757,2445,1,2
237757,2654,19,2
237757,26601,1,4
237757,26603,0,1
237757,27925,15,2
237757,28802,4,1
237757,3003pr0175,78,1
237757,3020,71,2
237757,3020,0,1
237757,3020,15,2
237757,3020,1,3
237757,3021,0,5
237757,3021,72,1
237757,3021,1,2
237757,3023,1,2
237757,3024,1,2
237757,3035,1,1
237757,30383,72,1
237757,3039,0,1
237757,3039pr0027,15,1
237757,3068b,72,3
237757,3068bpr9343,4,1
237757,3068bpr9344,0,1
237757,3069b,182,1
237757,3070b,15,2
237757,3172,4,3
237757,32028,4,1
237757,35480,72,6
237757,35480,4,2
237757,35787,72,2
237757,3666,0,1
237757,3668,72,2
237757,3673,71,1
237757,3710,1,1
237757,37352,0,1
237757,3749,19,4
237757,3937,71,1
237757,4006,179,1
237757,4032a,4,3
237757,4032a,71,4
237757,41769,15,1
237757,41770,15,1
237757,42135,72,1
237757,42135,14,1
237757,42195,71,3
237757,4274,71,1
237757,4304,0,1
237757,43719,15,1
237757,44294,71,1
237757,4519,71,2
237757,4740,14,2
237757,49309,0,2
237757,5446pat0001,15,1
237757,5446pat0002,15,1
237757,5713,71,3
237757,57360,72,3
237757,5740pr0001,14,1
237757,60475b,1,1
237757,6115pat0001,14,2
237757,6126b,182,2
237757,61332,0,2
237757,6134,71,1
237757,6278pat0001,0,2
237757,66792,71,1
237757,66855pr0007,4,1
237757,66858,1,1
237757,66906,4,3
237757,67906c03,4,2
237757,69755,72,1
237757,69767,15,1
237757,73230,15,1
237757,73831,0,1
237757,77844,0,6
237757,78258,72,2
237757,79389,0,1
237757,87580,4,2
237757,90194,4,1
237757,92582,0,2
237757,92582,15,1
237757,93273,4,1
237757,98138,14,1
237758,10111462,9999,1
237758,10126,19,1
237758,10127,19,1
237758,104352pr0001,4,1
237758,11090,72,2
237758,11203,70,1
237758,11211,71,2
237758,11477,71,2
237758,11477,484,6
237758,11477,0,2
237758,11477,70,2
237758,11610,71,1
237758,14417,72,2
237758,14704,71,2
237758,14719,70,2
237758,14769,19,5
237758,15068,484,11
237758,15068,19,1
237758,15068,70,6
237758,15573,0,2
237758,15672,0,4
237758,15712,72,8
237758,1750,70,1
237758,18649,0,4
237758,18654,71,2
237758,18674,15,1
237758,1871,70,1
237758,22885,191,2
237758,22889,484,3
237758,2420,70,4
237758,24201,70,16
237758,24201,484,4
237758,25214,71,2
237758,25269,19,2
237758,2540,72,1
237758,2654,19,2
237758,26601,19,2
237758,26603pr0117,70,1
237758,27263,72,2
237758,2819,0,1
237758,29119,19,1
237758,29120,19,1
237758,3002,0,2
237758,3003,19,1
237758,3003,70,1
237758,30136,71,2
237758,30136,70,4
237758,3020,19,4
237758,3021,19,1
237758,3021,70,14
237758,3021,15,1
237758,3022,72,7
237758,3022,19,1
237758,3023,4,2
237758,3023,27,1
237758,3023,19,1
237758,3023,70,9
237758,3024,19,2
237758,3024,70,5
237758,3024,484,14
237758,3024,0,5
237758,3031,70,1
237758,3034,71,1
237758,30374,4,1
237758,30383,72,2
237758,3068bpr9342,4,1
237758,3070b,19,2
237758,3070b,0,2
237758,3070b,70,2
237758,32028,70,14
237758,32064a,71,4
237758,32123b,14,4
237758,32530,72,2
237758,32803,484,2
237758,32952,72,4
237758,3460,71,2
237758,3484,71,1
237758,35480,72,6
237758,35480,484,7
237758,35480,19,3
237758,3560,19,2
237758,3623,71,2
237758,3665,19,2
237758,3668,72,2
237758,36840,19,6
237758,3700,70,2
237758,3710,0,4
237758,3710,19,2
237758,3713,0,2
237758,3795,19,1
237758,3795,15,2
237758,3832,72,2
237758,3937,71,2
237758,3938,72,2
237758,4006,0,1
237758,4032a,71,4
237758,4045,19,1
237758,4045pr0001,19,1
237758,4070,72,4
237758,41740,4,1
237758,4274,71,2
237758,4304,19,2
237758,44294,71,1
237758,44567b,0,1
237758,44809,71,1
237758,44861,71,1
237758,4519,14,2
237758,50340,0,1
237758,54200,0,4
237758,54200,70,1
237758,5446pat0001,15,1
237758,5446pat0002,15,1
237758,54657,70,2
237758,57360,72,2
237758,5740pr0001,14,1
237758,60592,19,1
237758,60592,70,2
237758,6091,70,4
237758,6115pat0002,19,4
237758,61332,0,2
237758,62462,70,3
237758,65249,15,4
237758,6636,484,2
237758,66792,10,1
237758,66857,19,1
237758,67095,4,1
237758,67095,15,1
237758,67329,0,2
237758,68325,0,1
237758,69755,72,1
237758,69767,15,1
237758,78258,72,2
237758,85861,71,3
237758,85984,70,1
237758,87618,71,2
237758,88072,71,1
237758,89678,4,2
237758,91988,70,1
237758,92582,71,1
237758,93273,0,3
237758,98138,19,2
237758,98138pr0186,71,2
237758,99207,70,5
237758,99563,71,1
237758,99780,19,4
237758,99781,19,2
237759,10112521,9999,1
237759,11212,71,2
237759,11215,71,1
237759,11458,4,2
237759,11477,4,2
237759,14769,10,2
237759,14769,71,5
237759,15068,2,1
237759,15395,4,3
237759,15395,27,3
237759,15573,78,6
237759,15712,4,2
237759,17485pr0013,1,1
237759,17485pr0014,272,1
237759,18654,4,4
237759,20482,72,4
237759,2420,4,2
237759,2420,72,14
237759,24201,15,2
237759,25214,179,2
237759,2654,19,3
237759,26603,72,2
237759,29119,2,1
237759,29120,2,1
237759,3020,72,2
237759,3020,19,1
237759,3021,15,1
237759,3022,70,2
237759,3022,4,2
237759,3022,0,3
237759,30222,14,2
237759,3023,15,9
237759,3023,2,3
237759,3024,19,4
237759,3024,15,2
237759,3024,4,6
237759,3031,0,2
237759,3032,19,1
237759,3034,72,1
237759,3040b,2,2
237759,30414,4,1
237759,3068b,70,2
237759,3068b,71,2
237759,3068bpr9340,0,1
237759,3068bpr9341,0,1
237759,3069b,70,4
237759,3069bpr9937,78,1
237759,3069bpr9938,78,1
237759,3070b,4,4
237759,3172,4,4
237759,3172,0,2
237759,32062,4,6
237759,32192,72,4
237759,3262,4,3
237759,3262,27,3
237759,32828,0,2
237759,3386,71,6
237759,3484,0,1
237759,35480,4,2
237759,3666,19,2
237759,3673,71,2
237759,36840,71,2
237759,36841,72,2
237759,36841,2,2
237759,36841,15,4
237759,3710,70,2
237759,3710,2,2
237759,3795,0,1
237759,3829c01,0,2
237759,3957b,47,6
237759,39888,19,4
237759,4006,179,1
237759,4032a,72,8
237759,4032a,15,6
237759,4162,19,2
237759,4304,19,2
237759,4304,71,2
237759,44728,4,2
237759,4519,14,2
237759,4740,47,6
237759,49153,72,1
237759,5093,2,1
237759,5093,72,1
237759,5095,2,1
237759,5095,72,1
237759,50950,15,2
237759,50950,4,2
237759,51739,2,1
237759,54200,72,2
237759,54200,2,4
237759,5446pat0001,15,2
237759,5446pat0002,15,1
237759,59443,72,4
237759,6126b,182,4
237759,61332,0,2
237759,6278pat0001,0,3
237759,6278pat0002,1,4
237759,6541,2,4
237759,65487,72,2
237759,66857,0,1
237759,66858,321,1
237759,66858,2,1
237759,67017pr0001,4,1
237759,67329,71,5
237759,67906c04,10,2
237759,67906c04,4,2
237759,69755,72,2
237759,69767,15,2
237759,73109,0,1
237759,73562,0,1
237759,77598,72,1
237759,77710pr0001,10,1
237759,77765,71,1
237759,77850,0,2
237759,78329,84,2
237759,85861,0,6
237759,85984,4,2
237759,89678,4,2
237759,92582,0,2
237759,93273,4,3
237759,93273,72,1
237759,93274,71,2
237759,98138,78,6
237759,98282,84,1
237759,99207,71,1
237759,99207,4,4
237759,99781,72,1
237761,10111463,9999,1
237761,11477,15,2
237761,14769,1,2
237761,14769,14,4
237761,14769,71,4
237761,15535,4,1
237761,15573,27,2
237761,15573,15,6
237761,15672,71,2
237761,15712,0,1
237761,15712,14,1
237761,17485pr0015,1,2
237761,18674,72,4
237761,19220,0,1
237761,20482,72,4
237761,2142,72,2
237761,22886,15,2
237761,22961,0,2
237761,23443,0,1
237761,24201,4,2
237761,24201,15,4
237761,2445,1,2
237761,2445,19,1
237761,25269,15,2
237761,2654,19,4
237761,3002,72,2
237761,3002,15,4
237761,3003pr0175,78,2
237761,3004,1,5
237761,3004,15,2
237761,3005,1,1
237761,3005,0,1
237761,3009,15,2
237761,30136,0,1
237761,3020,0,3
237761,3020,15,3
237761,3021,15,1
237761,3021,0,6
237761,3021,4,2
237761,3023,2,1
237761,3023,71,1
237761,3024,14,1
237761,3031,14,1
237761,3034,1,2
237761,3035,71,1
237761,3068b,14,2
237761,3068b,15,1
237761,3068bpr9337,15,1
237761,3068bpr9338,15,1
237761,3068bpr9339,1,1
237761,3068bpr9344,0,1
237761,3069b,4,2
237761,3069b,14,3
237761,3069b,15,3
237761,3070b,15,2
237761,3070b,4,1
237761,32000,0,4
237761,32000,71,2
237761,32013,4,1
237761,32028,0,1
237761,32062,4,2
237761,32062,0,5
237761,32064a,72,2
237761,32073,14,1
237761,32474,0,1
237761,32525,71,2
237761,3298,1,2
237761,33909,15,1
237761,3460,0,2
237761,35480,72,8
237761,3622,72,2
237761,3622,14,2
237761,3623,0,2
237761,3668,72,1
237761,36840,0,2
237761,36840,1,4
237761,3705,4,1
237761,3709,0,1
237761,3710,1,1
237761,3710,4,1
237761,3713,4,2
237761,3713,0,3
237761,3737,0,2
237761,3749,19,2
237761,3795,71,4
237761,3795,72,1
237761,3829c01,71,1
237761,3832,14,2
237761,3832,0,2
237761,3937,71,4
237761,3937,0,2
237761,3938,72,2
237761,3941,0,2
237761,3941,72,2
237761,4006,179,1
237761,4032a,15,18
237761,4032a,0,1
237761,4032a,1,2
237761,4070,15,2
237761,4162,1,1
237761,41740,15,2
237761,42195,1,3
237761,42924,1,2
237761,43093,1,6
237761,4349,0,1
237761,4519,14,2
237761,4740,72,4
237761,49307,14,8
237761,54200,41,2
237761,5446pat0001,15,1
237761,5446pat0002,15,1
237761,55013,72,1
237761,57539,179,1
237761,59443,4,2
237761,59443,71,4
237761,60474,14,2
237761,60475b,4,2
237761,60475b,71,2
237761,6091,4,2
237761,6091,15,8
237761,6091,14,4
237761,6115pat0001,14,2
237761,6115pat0003,179,2
237761,61252,15,1
237761,6126b,182,2
237761,61332,0,4
237761,6134,0,2
237761,6134,70,2
237761,61408,4,5
237761,61485,15,2
237761,62462,0,3
237761,6278pat0001,0,2
237761,6278pat0002,1,2
237761,63864,0,2
237761,64567,191,1
237761,65249,15,2
237761,66792,71,3
237761,66855pr0007,1,2
237761,66858,4,2
237761,67446,72,1
237761,67810,15,2
237761,67906c03,1,4
237761,69729,14,7
237761,69755,72,1
237761,69767,15,1
237761,70681,71,2
237761,72454,15,1
237761,73230,15,4
237761,73825,19,2
237761,77808,72,1
237761,77850,71,2
237761,78666,15,4
237761,79491,15,2
237761,85959pat0003,36,2
237761,85984,288,2
237761,86996,15,2
237761,86996,0,2
237761,87079,15,1
237761,87552,41,2
237761,87580,71,1
237761,91988,71,2
237761,92582,71,1
237761,92585,0,1
237761,95343,4,1
237761,98138,0,4
237761,98138,29,2
237761,99207,0,4
237761,99207,15,2
237762,10111464,9999,1
237762,10111987,9999,1
237762,11090,72,1
237762,11203,226,1
237762,11211,0,1
237762,11211,15,2
237762,11215,71,1
237762,11295,84,1
237762,11476,10,1
237762,11476,15,3
237762,11477,14,1
237762,11477,15,4
237762,11477,26,4
237762,11477,321,1
237762,11477,5,1
237762,11478,72,4
237762,11610,19,1
237762,14769,4,1
237762,14769,71,4
237762,14769,85,4
237762,14769,25,4
237762,14769pr0155,25,1
237762,14769pr1166,226,1
237762,14769pr1244,19,1
237762,15068,212,1
237762,15068,15,16
237762,15068,4,16
237762,15068,1,2
237762,15068,484,1
237762,15068,14,1
237762,15068pr0016,1,1
237762,15571,14,2
237762,15573,10,1
237762,15573,15,2
237762,15573,1,8
237762,15573,19,2
237762,15573,78,2
237762,15573,0,1
237762,15573,14,1
237762,15573pr0001,78,1
237762,15672,14,2
237762,15672,70,4
237762,1745,297,1
237762,1745,226,2
237762,17485pr0016,29,1
237762,17485pr9999,1,1
237762,1761pr0001,297,1
237762,18649,0,1
237762,18654,72,4
237762,18674,15,2
237762,18674,25,5
237762,18677,0,4
237762,20309,15,1
237762,20482,191,4
237762,20482,0,9
237762,20482,71,2
237762,22484,0,1
237762,22885,71,1
237762,2420,71,2
237762,24201,14,1
237762,2431,84,1
237762,2431,14,1
237762,24316,70,1
237762,2445,71,2
237762,2453b,0,2
237762,2456,322,1
237762,2456,4,4
237762,2496,0,1
237762,25269,19,2
237762,2540,0,2
237762,26022,71,2
237762,26047,71,1
237762,2639,72,2
237762,2654,19,4
237762,2654,70,1
237762,26601,71,2
237762,27266,72,1
237762,27925,15,2
237762,28660,78,4
237762,2921,1,8
237762,3001,15,2
237762,3003pr0175,78,1
237762,3004,84,2
237762,3004,1,8
237762,3004pr0066,14,1
237762,3004pr0097,10,1
237762,3005,14,2
237762,3005,84,2
237762,30136,15,2
237762,3020,15,3
237762,3020,71,1
237762,3020,1,2
237762,3020,2,2
237762,3020,0,2
237762,3020,84,2
237762,3021,0,4
237762,3022,19,2
237762,3022,27,5
237762,3022,14,4
237762,3022,15,6
237762,3023,1,2
237762,3023,10,2
237762,3023,5,1
237762,3023,72,4
237762,3023,15,1
237762,3023,14,3
237762,3023,212,1
237762,3023,70,3
237762,3023,322,3
237762,3023,41,4
237762,3024,84,2
237762,3024,322,2
237762,3024,0,2
237762,3024,14,2
237762,3032,15,1
237762,3034,71,8
237762,30357,72,2
237762,30357,71,2
237762,3062b,46,2
237762,3062b,47,3
237762,3065pr0005,1053,4
237762,3068b,10,1
237762,3068b,14,2
237762,3068b,15,2
237762,3068bpr0546,14,1
237762,3068bpr9334,0,1
237762,3068bpr9335,15,1
237762,3068bpr9336,15,1
237762,3068bpr9340,0,1
237762,3068bpr9341,0,1
237762,3068bpr9346,322,2
237762,3068bpr9975,0,1
237762,3069b,14,3
237762,3069b,0,2
237762,3069bpr9936,78,1
237762,3070b,1,8
237762,3070b,4,8
237762,3070b,14,8
237762,3172,0,4
237762,32018,71,4
237762,32028,484,2
237762,32064a,71,1
237762,32803,72,1
237762,32803,14,1
237762,33492,72,1
237762,33492,15,2
237762,3386,0,3
237762,3386,15,4
237762,33909,27,2
237762,34103,14,9
237762,35470,15,1
237762,35480,14,2
237762,35480,70,1
237762,35480,84,2
237762,35480,1,8
237762,35787,29,12
237762,3623,0,2
237762,3623,321,1
237762,3623,5,1
237762,3659,70,2
237762,3665,14,2
237762,3666,72,1
237762,3666,71,6
237762,3666,84,1
237762,36840,26,4
237762,36841,14,2
237762,3700,14,2
237762,3705,4,4
237762,3709,0,2
237762,3710,4,1
237762,3710,14,1
237762,37352,14,4
237762,37352,4,2
237762,3749,19,4
237762,37762,10,2
237762,37776,0,2
237762,3795,0,2
237762,3795,84,2
237762,3829c01,71,1
237762,3832,70,1
237762,3937,71,1
237762,3937,84,1
237762,3941,71,1
237762,3941,84,1
237762,3957b,47,3
237762,39888,19,4
237762,4006,179,1
237762,4032a,5,1
237762,4032a,72,9
237762,4032a,15,5
237762,4032a,322,2
237762,4032a,0,4
237762,4032a,70,2
237762,4070,10,2
237762,4070,14,2
237762,4070,0,2
237762,4081b,0,2
237762,4081b,14,2
237762,4094b,4,1
237762,41682,14,1
237762,41682,1,6
237762,41740,1,16
237762,42445,47,1
237762,4304,14,1
237762,4304,71,3
237762,4345b,15,1
237762,4346,47,1
237762,4367,15,1
237762,43722,15,1
237762,43722,1,1
237762,43723,15,1
237762,43723,1,1
237762,44567b,15,1
237762,44728,14,1
237762,44728,0,1
237762,44728,226,1
237762,4477,1,1
237762,44861,71,1
237762,44861,15,2
237762,4735,0,1
237762,4740,2,1
237762,48336,1,1
237762,48336,71,1
237762,49307,15,6
237762,53119,29,1
237762,54200,14,4
237762,5446pat0001,15,2
237762,5446pat0002,15,2
237762,54657,71,1
237762,5740pr0001,14,1
237762,59443,0,4
237762,59900,4,2
237762,59900,84,1
237762,59900,0,2
237762,6005,0,2
237762,6018,0,2
237762,60470b,14,1
237762,60474,26,3
237762,60478,321,1
237762,60478,15,2
237762,60479,4,1
237762,60479,14,2
237762,60479,15,1
237762,6081,14,2
237762,60897,1,8
237762,6091,14,4
237762,61072,179,1
237762,6111,14,1
237762,6115pat0001,14,2
237762,61252,0,2
237762,6134,0,1
237762,6134,70,1
237762,6141,0,1
237762,6141,19,2
237762,6141,27,2
237762,6141,26,3
237762,6278pat0002,1,4
237762,6278pat0003,191,4
237762,63868,1,2
237762,63965,70,1
237762,64799,70,1
237762,6541,226,2
237762,65487,0,2
237762,65578,2,1
237762,66788,14,4
237762,66789,4,2
237762,66792,71,1
237762,66792,10,1
237762,66855pr0002,15,1
237762,66857pr0029,19,1
237762,66858,70,1
237762,66858,4,1
237762,66858,14,2
237762,67095,14,1
237762,67095pr9993,15,1
237762,67329,14,3
237762,68211,0,1
237762,68568,15,2
237762,69729,14,16
237762,69755,72,3
237762,69767,15,3
237762,7126,14,2
237762,72132,71,2
237762,73230,71,2
237762,73825,1,2
237762,73825,14,8
237762,77598,72,1
237762,77765,71,1
237762,77845,0,3
237762,77850,84,4
237762,78256,15,2
237762,78258,0,2
237762,78329,0,2
237762,78329,15,2
237762,79387,0,1
237762,79387,484,1
237762,79389,70,4
237762,79389,15,2
237762,85080,84,2
237762,85861,14,4
237762,85861,0,2
237762,85861,71,2
237762,85984,0,2
237762,85984,14,9
237762,86876,72,2
237762,86996,1,8
237762,87079,15,1
237762,87552,47,4
237762,87580,14,1
237762,87580,4,2
237762,87618,70,1
237762,87994,10,1
237762,89678,4,2
237762,89681,84,1
237762,90194,15,2
237762,92582,0,1
237762,92582,71,2
237762,92950,15,2
237762,96874,25,1
237762,98100,84,1
237762,98100,4,2
237762,98138,15,16
237762,98138,78,2
237762,98138,25,2
237762,98138,29,1
237762,98138,35,3
237762,98138pr0018,84,1
237762,99207,71,1
237762,99207,72,1
237762,99207,226,1
237762,99207,14,5
237762,99563,71,1
237762,99780,1,1
237762,99780,70,2
237762,99780,71,2
237762,99781,14,3
237763,11212,15,1
237763,11609,191,2
237763,13965,14,2
237763,15712,71,1
237763,18653,14,2
237763,18674,0,1
237763,22388,191,5
237763,22885,14,2
237763,23986,15,1
237763,24093,70,1
237763,24309,14,2
237763,24324,70,1
237763,24855,2,1
237763,26047,0,1
237763,3003,14,1
237763,3020,14,1
237763,3020,2,4
237763,3022,14,2
237763,3023,14,3
237763,3024,15,4
237763,3062b,15,3
237763,3069b,14,1
237763,3069bpr9935,272,1
237763,3070b,4,5
237763,32607,288,1
237763,3661,15,1
237763,37775,182,1
237763,3795,14,1
237763,38014,15,1
237763,3941,70,1
237763,3942c,2,1
237763,4599b,0,1
237763,4733,15,1
237763,5256,70,1
237763,53119,31,1
237763,5904,30,3
237763,6141,47,1
237763,6141,0,1
237763,6233,2,1
237763,64644,71,1
237763,66789,10,2
237763,66792,10,1
237763,66792,1,1
237763,79743,323,1
237763,85861,15,1
237763,93273,14,2
237764,11212,484,1
237764,11477,3,2
237764,11477,15,1
237764,14716,191,2
237764,15068,3,2
237764,15068,15,1
237764,15395,19,1
237764,15573,19,1
237764,15712,2,1
237764,1927,191,4
237764,23443,2,1
237764,2431,3,1
237764,2431,191,2
237764,2441,0,1
237764,24866,10,3
237764,24866,26,1
237764,24866,4,1
237764,24866,5,1
237764,24866,27,1
237764,2654,70,2
237764,2654,47,1
237764,26603,2,1
237764,3001,19,1
237764,30028,0,6
237764,3005,191,15
237764,3005,15,1
237764,3005pr0039,15,1
237764,3009,191,6
237764,3010,191,4
237764,3020,27,2
237764,3020,70,2
237764,3020,3,1
237764,3020,191,4
237764,3020,0,1
237764,3021,15,2
237764,3022,3,2
237764,3023,70,2
237764,3023,71,2
237764,3023,3,6
237764,3024,191,7
237764,3024,47,2
237764,3024,36,4
237764,3036,25,1
237764,3036,191,1
237764,30414,19,1
237764,3062b,46,1
237764,3062b,70,4
237764,3068b,25,2
237764,3068b,226,1
237764,3068bpr9333,15,1
237764,3069b,15,1
237764,3069bpr9934,15,2
237764,3070b,15,1
237764,3184,0,1
237764,32607,2,1
237764,3262,14,1
237764,32828,71,1
237764,33183,10,1
237764,3460,3,2
237764,35157,47,1
237764,3622,3,2
237764,3623,484,1
237764,3623,191,2
237764,3659,191,4
237764,3660,191,4
237764,3666,191,5
237764,3710,3,4
237764,3710,70,2
237764,3710,191,6
237764,3795,25,2
237764,3823,47,1
237764,3829c01,15,1
237764,3837,72,1
237764,3958,191,1
237764,4032a,70,2
237764,4045,27,1
237764,4070,2,1
237764,4081b,0,1
237764,4081b,71,2
237764,43967,25,1
237764,4528,179,1
237764,4599b,71,1
237764,4740,19,1
237764,5907,191,12
237764,59900,2,1
237764,60212,3,2
237764,60592,25,2
237764,60601,47,2
237764,60897,19,2
237764,6141,2,1
237764,6141,19,1
237764,6231,15,1
237764,63082,0,1
237764,63864,191,6
237764,63864,27,1
237764,65578,2,1
237764,66792,10,3
237764,67688,71,2
237764,74967,15,6
237764,79736,27,1
237764,79741,179,1
237764,85861,70,5
237764,85984,191,1
237764,85984,72,4
237764,86876,191,5
237764,87087,191,1
237764,87087,70,1
237764,87552,47,8
237764,87580,71,1
237764,87580,28,1
237764,93092,191,1
237764,93274,0,2
237764,98138,27,1
237764,98138,2,1
237764,98138,33,1
237764,98138pr0256,297,1
237764,98138pr0382,14,1
237765,11211,4,1
237765,11211,2,1
237765,11477,158,6
237765,11477,27,6
237765,14716,4,3
237765,14716,15,4
237765,15533,71,5
237765,15573,2,1
237765,15712,70,1
237765,1750,2,2
237765,18674,72,1
237765,18853,226,1
237765,18854,52,1
237765,18920,179,1
237765,20482,297,2
237765,24201,15,1
237765,2431,2,4
237765,2454b,4,3
237765,24855,2,2
237765,24866,1050,4
237765,24866,2,6
237765,24866,226,12
237765,2629,84,1
237765,26603pr0008,15,1
237765,26604,0,1
237765,3001,84,1
237765,3003,15,2
237765,3004,2,4
237765,3004,15,1
237765,3005,2,2
237765,3005,4,7
237765,3005,15,2
237765,3009,4,2
237765,3010,4,9
237765,3010,15,2
237765,30136,84,2
237765,30136,484,2
237765,3020,84,2
237765,3020,70,8
237765,3020,15,1
237765,3020,2,4
237765,3021,19,2
237765,3021,2,4
237765,3022,15,1
237765,3022,2,3
237765,3022,70,1
237765,3023,484,1
237765,3023,0,1
237765,3023,71,1
237765,3023,84,2
237765,3023,19,2
237765,3023,15,1
237765,3023,2,4
237765,3024,47,1
237765,3024,0,2
237765,3034,27,2
237765,3034,15,1
237765,3039,15,6
237765,3039pr0029,15,1
237765,3062b,27,1
237765,3062b,26,1
237765,3062b,322,2
237765,3062b,46,1
237765,3068b,84,3
237765,3068b,2,12
237765,3068bpr9332,15,1
237765,3069b,84,2
237765,3069b,15,2
237765,3070b,70,1
237765,3070b,2,2
237765,3245c,4,4
237765,3263,2,2
237765,32828,71,1
237765,3298,2,4
237765,33303,15,1
237765,33909,71,1
237765,3460,2,2
237765,3460,84,1
237765,3484,70,3
237765,3484,0,1
237765,35470,15,1
237765,3623,0,1
237765,3666,4,1
237765,3710,27,1
237765,3710,2,2
237765,3710,84,2
237765,3710,15,2
237765,37352,2,4
237765,37364c09,85,1
237765,37776,0,1
237765,3795,70,1
237765,3795,2,1
237765,3795,15,3
237765,3832,2,1
237765,3937,71,1
237765,3941,70,2
237765,3941,72,1
237765,4032a,70,2
237765,4032a,5,1
237765,4282,19,2
237765,44861,71,2
237765,48336,71,1
237765,4865b,2,3
237765,5234,226,3
237765,5256,70,1
237765,5257,15,1
237765,5258,15,1
237765,54200,15,2
237765,54200,4,2
237765,60581,47,1
237765,60596,71,1
237765,6091,0,1
237765,6134,15,1
237765,6141,297,1
237765,65509,484,1
237765,6636,15,2
237765,66789,10,4
237765,66792,322,1
237765,6913,27,1
237765,69729pr0011,1,1
237765,73832,10,2
237765,79756,15,1
237765,80326,378,1
237765,80674pr0005,0,1
237765,85984,2,2
237765,85984,15,4
237765,86876,2,1
237765,87087,15,2
237765,87087,2,2
237765,87552,47,2
237765,87580,297,2
237765,87580,15,2
237765,87580,84,7
237765,87994,0,1
237765,92947,70,2
237765,93091,26,1
237765,93092,191,1
237765,93273,2,1
237765,973c01h27pr0001,14,1
237765,973c36h27pr0002,5,1
237765,98138,72,1
237765,98138pr0186,71,1
237765,98138pr0382,14,1
237765,98283,71,5
237765,99207,1,2
237878,11212,15,1
237878,11212,4,1
237878,14769pr1303,10,1
237878,15395,322,1
237878,1750,2,2
237878,3004,2,1
237878,3005,15,1
237878,3020,2,3
237878,3022,2,1
237878,3024,4,1
237878,3070b,15,1
237878,3070b,4,2
237878,3262,322,1
237878,33051,4,3
237878,3484,70,3
237878,35480,15,1
237878,37352,2,4
237878,3941,70,2
237878,3957b,15,1
237878,46212,47,1
237878,4865b,2,3
237878,49307,4,2
237878,5256,70,1
237878,6231,15,1
237878,66790,10,1
237878,86876,2,1
237878,87087,2,2
237878,91501,15,2
237878,93552pat0002,70,1
237878,98138,25,1
237878,98138,2,1
237878,98138pr0382,14,1
237878,98138pr0383,85,1
237905,2003pr0001,70,1
237905,28621pr9906,14,1
237905,5275,1,1
237905,970c20pat27pr0001,326,1
237905,973c27h01pr0053,1,1
237952,2780,0,15
237952,32013,71,1
237952,32054,0,2
237952,32062,0,3
237952,32174,72,4
237952,32174,379,2
237952,32174,73,5
237952,32199,72,1
237952,32209,72,3
237952,3705,0,1
237952,43093,1,3
237952,47296,379,2
237952,47296,73,2
237952,47296,72,2
237952,47306,72,1
237952,47306,73,1
237952,47306,379,1
237952,47311,0,1
237952,47311,272,1
237952,47311,151,1
237952,50898,73,2
237952,50898,379,1
237952,53500,57,3
237952,53562pat0001,0,2
237952,53562pat0003,272,2
237952,53564,135,1
237952,53564,297,1
237952,53565pr0001,15,3
237952,53566,151,2
237952,53566,272,2
237952,53568,151,2
237952,53570,297,1
237952,53574,272,2
237952,53574,0,2
237952,53574,151,2
237952,54271,297,1
237952,54821pat0002,10,5
237952,6558,0,3
237952,78c06,297,2
237952,78c16,297,2
238055,2446,8,1
238055,30090,33,1
238055,30091b,8,1
238055,3626bpr0081,14,1
238055,970c05pr0032,272,1
238055,973c05h01pr0221,272,1
238060,23186,0,1
238060,3626cpr2552,78,1
238060,970c10pr2525,320,1
238060,973c21h10pr6763,320,1
238179,14728c125,0,1
238179,2335,1,6
238179,2335pr0007,15,1
238179,2339,0,2
238179,2357,0,10
238179,2420,0,6
238179,2452,0,3
238179,2462,0,2
238179,2525pr0009,15,1
238179,2527,4,2
238179,2529,14,2
238179,2530,8,2
238179,2537b,0,1
238179,2538b,0,2
238179,2539,8,1
238179,2540,0,9
238179,2555,0,1
238179,2561,6,2
238179,2562,6,1
238179,2566,1,2
238179,3001,0,5
238179,3002,0,1
238179,3003,0,1
238179,3004,15,4
238179,3004,0,3
238179,3005,15,2
238179,3005,0,4
238179,3010,15,4
238179,3020,0,4
238179,3021,0,4
238179,3022,0,5
238179,3022,15,1
238179,3023,15,11
238179,3023,0,12
238179,3024,0,6
238179,3034,7,2
238179,3039,15,1
238179,3040b,0,3
238179,3062b,7,12
238179,3184,0,8
238179,3298,0,1
238179,3308,0,1
238179,3460,0,5
238179,3623,7,2
238179,3623,0,4
238179,3659,15,2
238179,3659,0,1
238179,3665,15,2
238179,3666,0,6
238179,3666,15,1
238179,3700,0,1
238179,3710,15,2
238179,3710,0,14
238179,3747a,0,3
238179,3794a,0,5
238179,3795,15,1
238179,3795,7,1
238179,3832,7,1
238179,3839b,15,1
238179,3849,0,2
238179,3853,15,1
238179,4032a,1,2
238179,4070,0,2
238179,4085b,7,2
238179,4085b,0,6
238179,4088,15,1
238179,4162,0,4
238179,4175,0,2
238179,4286,0,8
238179,4477,0,6
238179,4504,0,3
238179,4589,0,4
238179,4589,46,2
238179,4590,0,1
238179,4600,0,4
238179,4623,0,4
238179,4624,6,8
238179,4738b,6,1
238179,4739a,6,1
238179,4790,6,1
238179,518,8,2
238179,57503,334,2
238179,57504,334,2
238179,57505,334,2
238179,57506,334,2
238179,6019,0,4
238179,6051c05,6,1
238179,6053c05,6,1
238179,6054,6,1
238179,6057,6,2
238179,6067,0,1
238179,6104,15,1
238179,6141,46,4
238179,70001pr0002,0,1
238179,71308,19,1
238179,73590c01a,0,1
238179,upn0026pr0001,19,1
238179,upn0027pr0001,19,1
238190,18787,179,1
238190,18792,70,1
238190,24855,2,1
238190,24866,5,3
238190,3001,70,1
238190,3031,2,1
238190,33051,4,1
238190,65509,10,1
238190,87580,10,1
238192,11214,72,1
238192,11478,15,3
238192,22961,72,2
238192,24316,70,1
238192,2825,0,2
238192,32014,10,2
238192,32062,4,2
238192,32069,0,1
238192,32073,14,1
238192,32123b,15,4
238192,32198,19,1
238192,32250,0,2
238192,32270,0,3
238192,32524,1136,1
238192,3749,19,3
238192,42003,72,4
238192,42135,0,2
238192,42610,71,3
238192,4519,71,5
238192,50951,0,3
238192,57585,0,1
238192,60169,72,1
238192,65249,15,1
238192,6629,10,1
238192,78333,71,1
238192,87083,72,1
238192,92842,0,1
238192,99012,72,3
238496,10202pr9999,15,1
238496,3005,15,2
238496,3009,15,5
238496,3010,15,5
238496,30153,36,1
238496,3023,19,4
238496,3068bpr9370,321,1
238496,3245c,15,2
238496,32952,71,2
238496,3622,15,2
238496,3666,15,1
238496,3700,15,1
238496,37352,15,2
238496,39262,297,1
238496,3941,47,1
238496,3958,15,1
238496,41682,15,1
238496,4274,15,1
238496,44728,15,1
238496,76959,15,1
238498,15571,14,1
238498,22885,15,1
238498,3004pr0093,14,1
238498,3023,15,1
238498,33909,15,1
238498,37352,15,2
238498,37352pr0004,14,1
238498,6091,14,2
238498,6541,14,2
238498,66788,14,2
238498,66858,2,1
238498,99780,14,2
238499,19729pr0065,14,1
238499,970c05,272,1
238499,973c13h03pr6287,320,1
238546,11211,15,1
238546,11211,19,1
238546,14769,15,2
238546,14769pr1169,19,1
238546,22885,19,1
238546,3004pr0123,15,1
238546,3022,19,1
238546,3023,15,2
238546,3023,19,1
238546,3068bpr0045,72,1
238546,37352pr0006,15,1
238546,37352pr0007,15,1
238546,44728,15,1
238546,6541,19,2
238546,66788,323,2
238546,66858,323,1
238546,67013pat0001,72,1
238546,85984,15,1
238546,87087,1,2
238788,15535,15,1
238788,20482,71,1
238788,22667,26,1
238788,24246,0,1
238788,2456,15,1
238788,24866,2,2
238788,2654,15,1
238788,27261,84,3
238788,2821,84,1
238788,28621,14,1
238788,3001,15,1
238788,30151b,47,1
238788,3024,71,1
238788,3062b,3,6
238788,3062b,70,1
238788,3069bpr0204,25,1
238788,33051,4,1
238788,3700,3,2
238788,3795,27,1
238788,54200pr0004,71,1
238788,65578,84,2
238788,87580,27,1
238788,92950,3,1
238927,11211,71,12
238927,11214,72,15
238927,11272,1103,2
238927,11291,288,6
238927,13547,4,10
238927,14704,71,6
238927,14769,70,2
238927,15068,84,24
238927,15573,15,8
238927,1745,297,10
238927,18677,288,15
238927,1941,4,6
238927,20482,15,1
238927,22385,288,6
238927,22391,320,15
238927,22888,72,4
238927,2462,72,8
238927,26047,320,8
238927,27262,288,15
238927,2736,71,4
238927,27507,70,4
238927,29119,84,8
238927,29120,4,8
238927,29120,84,8
238927,3002,72,2
238927,3003,15,2
238927,30136,72,4
238927,3020,288,6
238927,3020,320,10
238927,3021,0,2
238927,3022,4,25
238927,3022,84,4
238927,3022,0,10
238927,3023,0,22
238927,3034,19,4
238927,30374,70,2
238927,3062b,2,6
238927,32001,0,1
238927,32015,288,8
238927,32062,4,6
238927,32192,2,2
238927,32803,4,10
238927,34103,84,8
238927,3661,0,3
238927,3705,0,1
238927,3709,71,1
238927,3710,70,2
238927,39789,272,1
238927,4032a,71,4
238927,4032a,4,3
238927,41125,288,2
238927,41125,320,2
238927,4185,2,6
238927,4304,15,12
238927,43093,1,14
238927,44728,0,4
238927,4519,71,2
238927,4697b,1136,18
238927,47753,320,10
238927,50340,4,15
238927,53923,320,15
238927,5555,4,18
238927,59443,2,1
238927,60470b,2,15
238927,61332,0,5
238927,62462,288,10
238927,63965,19,3
238927,64225,320,5
238927,65426,288,6
238927,65429,288,6
238927,65487,2,15
238927,66906,0,2
238927,68212,226,17
238927,79393,484,4
238927,85861,70,6
238927,85861,14,6
238927,87079,84,4
238927,87580,4,1
238927,89678,72,7
238927,90202,70,2
238927,93604,84,8
238927,96874,25,1
238927,99207,19,12
238928,11213,191,3
238928,11476,0,12
238928,14704,71,32
238928,15706,70,16
238928,18654,0,2
238928,19119,308,9
238928,22484,72,32
238928,22961,15,3
238928,23443,288,14
238928,2420,326,24
238928,2431,0,16
238928,24855,2,28
238928,24855,288,84
238928,24866,27,18
238928,24866,272,18
238928,24866,320,18
238928,2514,308,12
238928,26603,70,24
238928,2819,0,3
238928,3004,288,8
238928,3010,288,8
238928,3020,27,8
238928,3022,0,8
238928,3023,70,108
238928,3032,0,8
238928,30374,4,3
238928,3062b,70,3
238928,3068b,320,8
238928,32013,308,8
238928,32062,4,23
238928,32123b,71,3
238928,32474,1136,3
238928,32474,15,15
238928,32474,158,3
238928,32474,272,3
238928,32474,1,15
238928,32474,4,15
238928,33183,70,16
238928,3484,0,14
238928,3565,326,20
238928,3565,288,12
238928,3623,19,8
238928,3666,70,12
238928,3700,0,8
238928,3710,288,72
238928,3795,308,24
238928,3795,2,4
238928,4032a,14,3
238928,4162,0,16
238928,41677,19,6
238928,41682,0,32
238928,43093,1,12
238928,44375bpr9988,182,3
238928,4519,14,9
238928,4733,0,3
238928,48336,70,8
238928,49668,308,12
238928,53923,0,9
238928,57360,0,9
238928,59443,70,24
238928,60470b,84,8
238928,61332,0,2
238928,6148,288,74
238928,6148,378,16
238928,6180,70,8
238928,66956,308,12
238928,68888,70,3
238928,71752,19,8
238928,72132,0,16
238928,73230,378,8
238928,75937,0,3
238928,77844,308,4
238928,78168,378,4
238928,78329,84,4
238928,85861,70,27
238928,87994,70,2
238928,88072,0,40
238928,96874,3,1
238939,11476,0,1
238939,15573,71,1
238939,16091,0,1
238939,2432,0,1
238939,3023,19,2
238939,3069b,1062,2
238939,3795,72,1
238939,3835,0,1
238939,41854,4,2
238939,42610,0,4
238939,47720,0,2
238939,92409,0,4
238939,98138,47,2
238939,99780,0,1
238982,11211,27,2
238982,14769,15,2
238982,15535,4,1
238982,15571,27,1
238982,15573,27,2
238982,1748,15,1
238982,18674,15,1
238982,25269,27,2
238982,2654,4,1
238982,3004pr0056,27,1
238982,3022,27,1
238982,3023,27,1
238982,3069b,15,1
238982,32028,15,1
238982,37352,27,1
238982,37352pr0003,27,1
238982,49307,4,2
238982,6541,27,2
238982,66788,27,2
238982,66858,25,1
238982,99207,27,3
238982,99781,27,1
239083,21459,179,1
239083,24122,28,1
239083,2460,0,1
239083,29109,297,2
239083,3626c,484,1
239083,4032a,308,1
239083,41637,272,1
239083,60474,19,1
239083,62462,70,1
239083,93059,28,1
239084,20482,72,2
239084,30228,72,1
239084,3069bpr0189,0,1
239084,3837,72,1
239084,4522,0,1
239084,48336,322,1
239084,77845,0,1
239099,3023,15,4
239099,3024,15,1
239099,3460,15,3
239099,3623,15,3
239099,3710,15,6
239140,18041,297,2
239140,27257,41,2
239140,92690,297,2
239182,2446,1062,1
239182,2447,47,1
239182,3626cpr2113,14,1
239182,970c03pr0408,0,1
239182,973c03h12pr5419,0,1
239213,11476,191,2
239213,15208,191,2
239213,15573,15,1
239213,15712,25,1
239213,1748,1136,4
239213,20482,191,1
239213,20952,1136,1
239213,23443,85,1
239213,24246,31,4
239213,24866,1136,1
239213,24866,31,1
239213,3004,191,2
239213,3020,25,1
239213,3023,1136,7
239213,32607,30,3
239213,32607,212,1
239213,32803,0,2
239213,36841,25,2
239213,4032a,25,1
239213,4304,85,2
239213,48336,1136,1
239213,49668,15,2
239213,6141,85,3
239213,79194,19,1
239213,85984,1136,1
239213,98138,0,1
239213,99781,25,2
239354,26066,19,1
239354,27186,484,1
239354,28621pr4394,70,1
239354,37364c03,0,1
239354,973g03c11h11pr0001,320,1
239357,107096pat0002,0,1
239357,28621pr4403,14,1
239357,88295,70,1
239357,970c05pat19pr0002,272,1
239357,973c05h19pr0003,272,1
239358,108309pat0001,0,1
239358,28621pr4385,25,1
239358,77263,25,1
239358,970c09pat03pr0001,85,1
239358,973c09h33pr0001,85,1
239361,53451,297,2
239361,5687pr0001,179,1
239361,77194pr0004,297,1
239361,970c30pr0002,179,1
239361,973c30h30pr0001,179,1
239363,103436pr0001,70,1
239363,108311pat0001,288,1
239363,16709pat35,326,1
239363,28621pr4395,92,1
239363,973c20h07pr0001,326,1
239364,24323c00pr0003,484,1
239364,5684,15,1
239364,5705pr0001,15,1
239364,973c41h12pr7244,484,1
239366,36036pr9985,0,1
239366,5706pr0001,31,1
239366,973c03h39pr0002,0,1
239367,19888,272,1
239367,28621pr4417,71,1
239367,36806,0,1
239367,970c41pat07pr0001,4,1
239367,973c19h14pr0001,4,1
239368,108310pat0001,15,1
239368,28621pr4382,1089,1
239368,34685,26,1
239368,970c41pat19pr0001,484,1
239368,973c27h37pr0002,3,1
239370,109634,1136,1
239370,28621,0,1
239370,36036pr0092,25,1
239370,5704pr0001,378,1
239370,973c34h21pr0001,25,1
239371,109641,320,1
239371,28621pr4414,19,1
239371,36036pr0091,4,1
239371,50231,320,1
239371,973c22h26pr0001,4,1
239372,104255pat0002,484,1
239372,28621pr4413,78,1
239372,970c12pat03pr0002,72,1
239372,973c03h03pr0015,72,1
239387,3626cpr2764,78,1
239387,92758,308,1
239387,970c27,15,1
239387,973c28h02pr0001,1,1
239389,3626cpr1670,78,1
239389,3884,28,1
239389,970c03,0,1
239389,973f044pr0003,2,1
239391,36037,320,1
239391,69969pr9998,78,1
239391,92198pr9940,78,1
239392,25412,226,1
239392,65224pr0001,1089,1
239392,92198pr9943,1089,1
239394,59794c01pr0277,19,1
239394,90396,320,1
239394,92198pr9942,78,1
239394,92816c01pr9989,78,1
239398,28705,308,1
239398,65203pr0003,1137,1
239398,92198pr9952,1137,1
239399,3013,4,1
239399,65213pr0002,78,1
239399,92198pr0461,78,1
239402,3598,0,1
239402,65203pr0010,1088,1
239402,92198pr0404,1088,1
239404,69969pr0022,92,1
239404,80908,0,1
239404,92198pr0408,92,1
239405,2646,0,1
239405,3626cpr9729,14,1
239405,41879a,321,1
239405,973c41h01pr7107,484,1
239406,3626cpr1967,14,1
239406,41879a,320,1
239406,87990,484,1
239406,973c35h01pr7104,288,1
239407,2514,70,1
239407,3626cpr1966,14,1
239407,970c24,379,1
239407,973c10h01pr7109,320,1
239408,25376,4,1
239408,27186,308,1
239408,3626cpr2948,14,1
239408,970c11,28,1
239408,973c05h01pr0005,272,1
239410,11256,15,1
239410,36036pr9984,4,1
239410,3626cpr3680,14,1
239410,973c22h27pr7111,4,1
239412,25128c01pr0006,288,1
239412,33464pr0001,14,1
239414,25376,4,1
239414,3626cpr2825,0,1
239414,970c03,0,1
239414,973c03h03pr4604,0,1
239415,3626cpr3352,0,1
239415,66913,27,1
239415,970c14,71,1
239415,973c35h03pr0004,288,1
239416,15070,4,1
239416,33183,70,2
239416,42346pr0003,15,1
239416,47905,15,1
239416,98100,15,1
239440,28621pr4440,78,1
239440,36037,484,1
239440,970c25pr2737,378,1
239440,973c43h02pr0003,378,1
239441,3626cpr3313,78,1
239441,36762,0,1
239441,41879a,0,1
239441,973c10h02pr7305,4,1
239442,28621pr4436,78,1
239442,95226,484,1
239442,970c03,0,1
239442,973c05h02pr7300,0,1
239443,10048,484,1
239443,28621pr4432,78,1
239443,970c23,84,1
239443,973c11h07pr7295,70,1
239444,28621pr4439,78,1
239444,41879a,30,1
239444,92083,484,1
239444,973c29h02pr0002,212,1
239445,3626cpr2668,78,1
239445,41879a,272,1
239445,92746,484,1
239445,973c10h02pr0005,320,1
239447,17349,70,1
239447,28621pr4438,78,1
239447,970c19,70,1
239447,973c25h02pr7303,378,1
239450,3626cpr3283,78,1
239450,37364c12,72,1
239450,62810,484,1
239450,973c19h02pr0002,70,1
239451,3626cpr3284,78,1
239451,37364c12,72,1
239451,62810,484,1
239451,973c19h02pr0002,70,1
239452,28621pr4435,78,1
239452,970c29,212,1
239452,973c29h02pr0003,212,1
239452,98385,484,1
239453,3626cpr2667,78,1
239453,36762,0,1
239453,41879a,0,1
239453,973c12h02pr0005,72,1
239454,3626cpr2682,78,1
239454,41879a,0,1
239454,92081,226,1
239454,973c12h02pr0006,72,1
239455,3626cpr2615,78,1
239455,41879a,0,1
239455,68520,484,1
239455,973c12h02pr0007,72,1
239456,28621pr4284,1089,1
239456,41879a,0,1
239456,92083,0,1
239456,973c12h70pr0001,72,1
239457,24068pr0005,71,1
239457,28621pr4287,15,1
239457,64807,15,1
239457,973c14h27pr0004,71,1
239459,28621pr4285,78,1
239459,41879a,0,1
239459,93223,15,1
239459,973c20h23pr0002,326,1
239461,10052,15,1
239461,36036pr9981,4,1
239461,3626cpr3506,78,1
239461,36806,15,1
239461,973c22h02pr0002,4,1
239496,10109802,9999,1
239496,10110026,9999,1
239496,10314,0,2
239496,11090,297,1
239496,11153,0,2
239496,11203,72,3
239496,11211,14,6
239496,11211,0,5
239496,11212,72,2
239496,11215,4,1
239496,1126pr0008,71,4
239496,11476,0,1
239496,11477,72,4
239496,11477,4,1
239496,11477,71,4
239496,11477,0,22
239496,13547,0,18
239496,13731,4,2
239496,13965,0,6
239496,14718,0,10
239496,14719,0,4
239496,14769,4,1
239496,14769,0,1
239496,14769,71,1
239496,15068,0,19
239496,15395,4,1
239496,15533,0,12
239496,15535,71,4
239496,15573,71,4
239496,15573,0,4
239496,15573,70,2
239496,15712,0,3
239496,15712,72,2
239496,15712,4,1
239496,1748,71,1
239496,1751,0,2
239496,18646,0,2
239496,18654,179,2
239496,18654,0,1
239496,18674,0,1
239496,1927,4,4
239496,20482,191,8
239496,20952,4,1
239496,22385,4,2
239496,22385,0,2
239496,22885,14,2
239496,2310,0,4
239496,2310,71,6
239496,23443,0,3
239496,23443,71,1
239496,2357,0,8
239496,23969,71,1
239496,2412b,297,1
239496,2412b,179,11
239496,2412b,0,42
239496,2420,0,22
239496,24201,0,2
239496,24299,4,2
239496,24299,0,5
239496,24307,4,2
239496,24307,0,5
239496,24309,0,1
239496,2431,0,4
239496,2431,15,2
239496,2431,4,2
239496,2431,36,2
239496,2431,71,4
239496,2445,4,2
239496,2445,71,2
239496,2450,0,4
239496,2450,71,1
239496,2456,0,13
239496,2456,72,2
239496,2524,70,2
239496,25269,4,4
239496,25269,0,4
239496,2540,72,1
239496,2569,0,1
239496,26047,71,2
239496,2654,47,2
239496,2654,36,1
239496,26603,1,2
239496,26603,0,1
239496,26604,71,1
239496,2723,0,1
239496,2730,71,3
239496,27507,71,8
239496,28192,0,8
239496,28802,72,8
239496,29119,0,4
239496,29120,0,4
239496,2921,25,2
239496,3001,71,5
239496,3001,0,16
239496,3002,0,8
239496,30022,15,2
239496,3003,379,2
239496,3003,0,2
239496,3004,0,10
239496,3004,70,2
239496,3005,0,8
239496,3005,191,2
239496,3006,0,1
239496,3008,0,6
239496,3009,0,2
239496,3010,0,8
239496,30136,19,6
239496,30162,71,1
239496,3020,4,12
239496,3020,0,16
239496,3021,1,10
239496,3021,0,15
239496,3022,71,16
239496,3022,0,5
239496,3023,0,22
239496,3023,4,20
239496,3024,0,6
239496,3024,4,8
239496,3029,4,4
239496,3030,0,2
239496,3031,0,1
239496,3032,4,1
239496,3034,0,1
239496,3035,71,5
239496,3035,0,8
239496,30374,71,1
239496,30377,71,2
239496,30383,0,2
239496,3039,0,2
239496,3040b,0,4
239496,30414,0,22
239496,3045,0,2
239496,30503,71,1
239496,30505,0,2
239496,3062b,1,2
239496,3068b,71,2
239496,3068b,0,7
239496,3069b,71,6
239496,3069b,4,5
239496,3069b,47,4
239496,3069b,0,16
239496,3070b,4,3
239496,3070b,71,12
239496,3070b,0,10
239496,32018,71,6
239496,32019,0,4
239496,32028,4,8
239496,32064a,15,3
239496,32123b,14,8
239496,32324,71,2
239496,32523,71,2
239496,32532,0,4
239496,32532,71,6
239496,32803,14,1
239496,32952,15,2
239496,32952,0,4
239496,3298,0,10
239496,3386,71,8
239496,33909,14,2
239496,33909,0,10
239496,34103,0,2
239496,3460,72,3
239496,3484,71,4
239496,35480,72,41
239496,35480,0,5
239496,35787,4,2
239496,3623,4,4
239496,3623,70,8
239496,3623,71,2
239496,3623,0,24
239496,3665,0,2
239496,3666,0,5
239496,3666,1,5
239496,3666,4,1
239496,3676,0,2
239496,3678b,0,7
239496,36840,4,8
239496,36840,71,1
239496,36841,71,2
239496,3700,0,4
239496,3701,71,6
239496,3702,4,2
239496,3703,72,9
239496,3705,0,1
239496,3706,4,1
239496,3706,0,4
239496,3710,71,2
239496,3710,4,4
239496,3710,14,13
239496,3710,0,23
239496,37352,71,4
239496,37352,0,26
239496,3795,0,3
239496,3795,14,3
239496,3795,4,2
239496,3795,15,3
239496,3832,4,1
239496,3832,0,7
239496,3894,72,2
239496,3895,15,2
239496,3895,0,6
239496,3937,0,15
239496,3937,71,4
239496,3938,15,1
239496,3938,0,12
239496,3941,4,1
239496,4032a,71,3
239496,4032a,4,3
239496,4070,0,6
239496,4162,4,6
239496,4162,0,11
239496,41682,72,4
239496,41740,71,3
239496,41749,0,2
239496,41750,0,2
239496,41764,0,1
239496,41765,0,1
239496,4185,72,4
239496,41854,0,2
239496,42716,179,1
239496,4274,15,16
239496,4282,0,2
239496,42918,0,2
239496,42924,1,22
239496,4304,0,3
239496,43093,1,3
239496,43722,0,3
239496,43722,4,2
239496,43722,14,2
239496,43723,14,2
239496,43723,4,2
239496,43723,0,3
239496,44728,71,2
239496,44728,0,4
239496,4477,0,30
239496,4477,72,4
239496,4477,14,6
239496,44861,71,6
239496,4519,14,1
239496,4697b,71,2
239496,4740,0,1
239496,4740,47,1
239496,47407,4,2
239496,47457,0,4
239496,47755,4,4
239496,48336,71,1
239496,4865b,0,1
239496,4871,0,4
239496,49307,0,8
239496,4974,0,1
239496,51739,4,5
239496,53451,179,2
239496,5382,0,1
239496,54200,0,8
239496,54200,71,2
239496,54200,4,2
239496,54383,4,1
239496,54384,4,1
239496,5497,47,2
239496,5498,47,2
239496,57360,71,3
239496,57895,47,1
239496,59443,71,4
239496,6005,4,8
239496,60477,4,2
239496,60478,14,4
239496,60478,72,4
239496,60478,0,4
239496,60479,71,1
239496,60479,15,1
239496,60484,191,4
239496,60581,0,2
239496,60594,71,2
239496,60596,71,1
239496,6060,71,4
239496,6081,0,6
239496,6091,0,2
239496,6091,71,4
239496,6112,0,4
239496,61332,0,60
239496,6134,0,6
239496,61409,71,4
239496,6141,34,1
239496,6141,36,1
239496,6141,71,1
239496,6141,14,2
239496,6179,71,2
239496,6179,0,3
239496,6190,4,1
239496,62462,179,4
239496,63864,15,2
239496,63864,0,2
239496,63864,71,6
239496,63868,1,2
239496,63965,71,2
239496,65304,71,4
239496,65426,0,1
239496,65429,0,1
239496,65578,0,2
239496,65676,71,2
239496,6587,28,4
239496,65886,0,4
239496,6636,15,1
239496,6636,4,4
239496,6636,0,2
239496,67811,0,1
239496,68325,0,1
239496,69729,0,18
239496,70681,0,2
239496,72454,0,2
239496,73562,72,10
239496,73825,72,2
239496,73825,4,2
239496,73825,0,4
239496,76959,71,1
239496,77808,72,4
239496,77844,15,2
239496,77850,28,2
239496,78256,0,4
239496,78256,71,8
239496,78257,72,1
239496,78258,70,4
239496,78329,71,2
239496,78666,4,4
239496,79756,0,14
239496,79756,71,2
239496,80177,0,2
239496,80178,0,2
239496,85861,0,3
239496,85861,72,1
239496,85984,191,4
239496,85984,0,83
239496,86652,71,4
239496,86996,0,2
239496,86996,15,4
239496,86996,71,4
239496,87079,0,8
239496,87087,71,4
239496,87087,1,8
239496,87552,0,2
239496,87580,0,3
239496,88072,0,1
239496,88292,71,6
239496,88292,0,6
239496,88646,71,2
239496,89678,4,3
239496,89678,72,1
239496,90194,4,4
239496,91405,0,1
239496,92582,0,1
239496,92947,71,1
239496,93273,0,4
239496,93606,0,1
239496,96874,25,1
239496,98100,71,4
239496,98138,182,4
239496,98138,36,4
239496,98138,71,4
239496,98138,0,1
239496,98282,4,1
239496,98283,0,4
239496,98283,72,2
239496,98721,0,1
239496,99207,4,2
239496,99207,0,10
239496,99780,0,7
239496,99780,4,2
239496,99780,72,4
239496,99781,72,2
239496,99781,0,2
239565,105005pat0001,10,1
239565,16709pats02,70,1
239565,28621pr4379,78,1
239565,65753,10,1
239565,973g06c02h02pr7206,10,1
239566,105005pat0001,10,1
239566,28621pr4380,78,1
239566,970c06pat19pr2740,10,1
239566,973g06c27h19pr7213,10,1
239567,105002pat0001,297,1
239567,28621pr4380,78,1
239567,970c26pat23pr2697,321,1
239567,973g04c27h02pr7214,321,1
239568,105004pat0001,191,1
239568,28621pr4381,78,1
239568,970c03pat19pr2698,0,1
239568,973g04c27h02pr7215,321,1
239569,3626cpr0937,78,1
239569,36806,226,1
239569,970c03,0,1
239569,973c03h02pr5343,0,1
239585,3811,71,3
239585,60189pr0001,4,20
239585,60190pr0001,14,8
239585,60191pr0001,321,12
239585,60192pr0001,27,12
239585,60207pr0001,14,24
239585,60220pr0001,4,8
239585,60221pr0001,321,12
239585,60222pr0001,27,12
239585,60223pr0001,321,16
239585,60224pr0001,27,8
239585,60225pr0001,15,8
239585,60226pr0001,14,8
239585,60227pr0001,321,8
239585,60228pr0001,27,12
239585,60229pr0001,4,12
239585,60230pr0001,321,4
239585,60231pr0001,4,4
239585,60232pr0001,14,12
239585,60233pr0001,4,8
239585,60234pr0001,15,12
239585,60235pr0001,15,4
239585,60236pr0002,14,4
239585,60237pr0004,15,4
239585,60238pr0001,27,8
239585,60239pr0001,4,4
239585,60240pr0001,321,4
239585,60243pr0001,4,4
239585,60244pr0001,27,4
239585,60289pr0001,4,4
239585,60290pr0001,27,4
239585,60291pr0002,321,4
239585,60293pr0003,14,4
239585,60294pr0001,15,8
239585,60295pr0001,15,8
239585,60296pr0004,15,4
239585,60297pr0001,15,4
239585,60305pr0003,321,4
239585,60329pr0003,321,4
239585,60331pr0002,14,4
239585,65548pr0003,27,4
239585,65549pr0001,14,4
239585,65550pr0002,15,4
239585,65551pr0003,15,4
239585,65552pr0001,15,4
239585,65555pr0001,15,4
239585,65556pr0001,14,4
239585,96874,25,1
239686,11253,71,1
239686,1745,0,18
239686,2431,484,24
239686,27925,71,36
239686,3024,484,2
239686,3070b,15,1
239686,49307,71,14
239686,65092,1055,1
239686,91405,28,1
239717,12825,72,8
239717,12825,71,1
239717,2412b,72,10
239717,2431,4,2
239717,2437,40,2
239717,2444,4,4
239717,2450,0,2
239717,2540,72,2
239717,2540,0,5
239717,2654,47,2
239717,2780,0,27
239717,3001,0,2
239717,3004,14,2
239717,3005,0,4
239717,30055,0,1
239717,3010,0,3
239717,3020,14,3
239717,3020,15,2
239717,3020,0,2
239717,3021,85,2
239717,3022,0,4
239717,3022,15,2
239717,3023,72,4
239717,3023,0,4
239717,30236,15,1
239717,3032,15,4
239717,3034,0,3
239717,3034,15,1
239717,3036,15,1
239717,30367b,0,2
239717,30374,71,1
239717,3039,4,1
239717,3040b,15,2
239717,30414,4,1
239717,3045,15,2
239717,3048c,15,4
239717,3049d,15,3
239717,30602,85,1
239717,3062b,72,4
239717,30663,0,1
239717,3068bpr0187,15,1
239717,3069b,36,3
239717,3069b,0,6
239717,32014,71,2
239717,32054,71,2
239717,32062,4,2
239717,32123b,14,8
239717,32140,0,2
239717,32316,72,4
239717,32333,71,4
239717,32348,0,4
239717,32523,72,6
239717,3460,0,2
239717,3622,4,2
239717,3623,0,2
239717,3623,15,2
239717,3660,15,4
239717,3665,15,2
239717,3666,15,1
239717,3666,71,2
239717,3673,71,2
239717,3678b,0,2
239717,3700,72,8
239717,3701,72,4
239717,3702,71,2
239717,3703,72,2
239717,3705,0,2
239717,3707,0,2
239717,3710,15,4
239717,3713,71,4
239717,3713,4,2
239717,3795,0,1
239717,3795,15,2
239717,3795,14,1
239717,3832,71,4
239717,3895,71,2
239717,3958,15,1
239717,4032a,72,2
239717,4032a,0,2
239717,40379,15,4
239717,4070,15,4
239717,4081b,72,2
239717,4081b,0,4
239717,4162,15,3
239717,41669,15,12
239717,41747,0,1
239717,41748,0,1
239717,41769,85,4
239717,41769,0,2
239717,41770,85,4
239717,41770,0,2
239717,4274,71,4
239717,43093,1,10
239717,43337,0,4
239717,43710,15,2
239717,43711,15,2
239717,43722,15,2
239717,43723,15,2
239717,44294,71,4
239717,4460b,15,2
239717,4477,0,1
239717,4497,308,1
239717,4519,71,2
239717,45982,0,4
239717,48336,15,2
239717,48336,71,4
239717,4865a,0,4
239717,50943,72,1
239717,52501,15,1
239717,53705,132,1
239717,53989,15,7
239717,54200,15,6
239717,55013,72,4
239717,56908,0,4
239717,57585,71,4
239717,58176,15,3
239717,59233pat0001,41,1
239717,59443,72,1
239717,59900,72,10
239717,59900,0,4
239717,60476,15,6
239717,60481,0,2
239717,60483,71,2
239717,60484,72,2
239717,6091,72,4
239717,61252,15,1
239717,61409,0,2
239717,6141,14,6
239717,6141,85,18
239717,61678,15,2
239717,62361,0,2
239717,62462,4,2
239717,6249,72,1
239717,64567,71,1
239717,6558,1,6
239717,6628,0,4
239717,6629,72,4
239717,6636,15,1
239717,6636,0,1
239717,76537,14,2
239717,85543,15,2
239717,85959pat0001,36,2
239717,85984,15,2
239717,87087,4,2
239717,87609,15,2
239717,87747,15,2
239717,88072,15,10
239717,92338,297,1
239717,92690,297,2
239717,92691,15,5
239717,92692,15,1
239717,92947,71,8
239717,93609,15,4
239849,109605,0,1
239849,28621pr4443,15,1
239849,41617,0,1
239849,99114c03h27pr0001,0,1
239849,99131c07pr0001,0,1
239850,28621pr4444,323,1
239850,36806,320,1
239850,970c25pr2739,378,1
239850,973g46c15h15pr7312,84,1
239851,28621pr4445,15,1
239851,38800,320,1
239851,41879a,4,1
239851,973c22h27,4,1
239852,20606pr0005,30,1
239852,28621pr4446,15,1
239852,41879a,0,1
239852,65753,30,1
239852,973c39h27,31,1
239853,28621pr4447,15,1
239853,41879a,379,1
239853,92081,2,1
239853,973c24h27pr7313,379,1
239854,11090,72,2
239854,24246,0,2
239854,2723,0,1
239854,32828,72,2
239854,35480,0,4
239854,37762,0,1
239854,3942cpr9999,15,1
239854,3943bpr0003,72,1
239854,4032a,0,1
239854,59900,0,1
239854,78258,72,1
239856,10052,15,1
239856,10164pr0001,15,1
239856,28621pr4448,78,1
239856,36036pr0093,4,1
239856,973c22h03pr7314,4,1
239867,11211,71,2
239867,11477,191,2
239867,11477,10,2
239867,14769pr1284,15,2
239867,15068,322,1
239867,15207,15,2
239867,15535,71,2
239867,15573,15,7
239867,15573,0,8
239867,15573,322,6
239867,15672,15,2
239867,15672,0,10
239867,15672,322,4
239867,15712,15,6
239867,1750,0,4
239867,1871,0,2
239867,18759,15,2
239867,22885,71,24
239867,22885,0,8
239867,2357,71,4
239867,2420,0,2
239867,2420,191,6
239867,24246,191,2
239867,24246,0,2
239867,24246,29,2
239867,2431,0,2
239867,2431,322,1
239867,2431,15,2
239867,2432,15,2
239867,2445,322,8
239867,2447,82,2
239867,2465,71,2
239867,2476a,15,2
239867,25269,10,2
239867,25269,29,2
239867,26047,15,4
239867,2653,71,4
239867,2654,0,1
239867,26603,0,4
239867,26603,322,2
239867,26604,191,2
239867,2730,15,4
239867,2752,15,1
239867,27925,0,8
239867,28621pr4041,78,1
239867,28621pr4043,84,1
239867,28621pr4085,1089,1
239867,28621pr4158,92,1
239867,28621pr4159,484,1
239867,28621pr4160,484,1
239867,28621pr4161,484,1
239867,28621pr4162,484,1
239867,28621pr4164,92,1
239867,28621pr4166,92,1
239867,28621pr4167,92,1
239867,28621pr4169,84,1
239867,28621pr4171,484,1
239867,28621pr4172,484,1
239867,28621pr4173,484,1
239867,28621pr4174,70,1
239867,28621pr4175,70,1
239867,28621pr4176,70,1
239867,28621pr4180,78,1
239867,28621pr4181,78,1
239867,28621pr4183,84,1
239867,28621pr4184,84,1
239867,28621pr4185,84,1
239867,28621pr4186,1088,1
239867,28621pr4187,1088,1
239867,28621pr4188,1088,1
239867,28621pr4189,1088,1
239867,28621pr4190,1089,1
239867,28621pr4191,1089,1
239867,28621pr4192,1089,1
239867,28621pr4195,92,1
239867,29115,0,1
239867,29119,0,2
239867,29119,10,2
239867,29120,29,2
239867,29120,0,2
239867,298c05,71,2
239867,3003,15,1
239867,3004,15,2
239867,3005,15,2
239867,3005,0,4
239867,3009,71,2
239867,3010,15,2
239867,3010pr0091,0,2
239867,3020,322,7
239867,3020,0,5
239867,3020,71,2
239867,3021,71,1
239867,3021,15,1
239867,3022,29,3
239867,3022,0,2
239867,3023,71,2
239867,3023,0,7
239867,3023,10,12
239867,3024,10,18
239867,3024,29,12
239867,3024,71,2
239867,3024,191,6
239867,3030,191,4
239867,3031,191,2
239867,3031,71,3
239867,3032,322,1
239867,3032,15,5
239867,3033,322,6
239867,3034,0,2
239867,3034,191,4
239867,3034,71,3
239867,3035,0,1
239867,30363,15,3
239867,3037,15,2
239867,3039,71,3
239867,3039pr0025,15,1
239867,30414,29,2
239867,3045,71,2
239867,30504,0,2
239867,3062b,10,4
239867,3068b,0,5
239867,3068b,322,1
239867,3069b,29,4
239867,3069b,10,5
239867,3069b,191,1
239867,3069b,322,10
239867,3069bpr0307,71,2
239867,3070b,15,4
239867,3070bpr0234,71,2
239867,30841,15,1
239867,32028,71,4
239867,32064a,71,2
239867,32073,71,1
239867,32324,71,1
239867,3245c,71,1
239867,32474,15,6
239867,32524,322,2
239867,32526,71,2
239867,32828,71,4
239867,32952,0,4
239867,3298,0,2
239867,33243,15,2
239867,33909,15,2
239867,33909,0,4
239867,34337,71,6
239867,35480,15,7
239867,35480,71,3
239867,3622,15,4
239867,3623,0,4
239867,3626cpr3273,78,1
239867,3626cpr3487,70,1
239867,3626cpr3720,70,1
239867,3626cpr3800,78,1
239867,3626cpr3837,1089,1
239867,3626cpr3852,84,1
239867,3626cpr3855,70,1
239867,3626cpr3856,84,1
239867,3626cpr3857,1088,1
239867,3626cpr3862,70,1
239867,3626cpr3866,1088,1
239867,3626cpr3867,92,1
239867,3626cpr3871,92,1
239867,3626cpr3873,1089,1
239867,3626cpr3878,1089,1
239867,3626cpr3961,1088,1
239867,3626cpr3970,78,1
239867,3626cpr3975,78,1
239867,3659,15,1
239867,3666,0,2
239867,3666,191,4
239867,3666,71,2
239867,36840,191,4
239867,36841,10,4
239867,3701,71,4
239867,3710,29,6
239867,3710,15,2
239867,3710,322,2
239867,3710,0,5
239867,37352,15,2
239867,37352,0,10
239867,3795,29,1
239867,3795,322,2
239867,3795,4,1
239867,3795,0,8
239867,3832,71,8
239867,3839b,0,4
239867,3937,0,6
239867,3937,15,2
239867,3941,0,1
239867,4032a,10,1
239867,4032a,322,1
239867,4070,15,2
239867,4162pr0102,0,1
239867,41682,15,1
239867,42022,15,2
239867,4282,15,1
239867,42862,0,1
239867,4304,0,2
239867,4304,15,2
239867,43722,0,1
239867,43723,0,1
239867,43898,15,8
239867,44126,15,1
239867,4460b,15,2
239867,4477,0,3
239867,44861,0,2
239867,4742,0,1
239867,47905,0,2
239867,48165,0,1
239867,4870,71,3
239867,49307,15,24
239867,49308,15,4
239867,49663pat0001,1103,2
239867,50304,15,1
239867,50305,15,1
239867,50950,191,4
239867,54200,0,4
239867,59895,0,6
239867,59900,71,4
239867,6003,15,4
239867,6005,15,6
239867,60219,0,3
239867,60470b,191,1
239867,60474,15,4
239867,60474,0,1
239867,60476,15,2
239867,60477,15,2
239867,60478,15,4
239867,60478,71,2
239867,60594,15,16
239867,6081,0,4
239867,6091,15,4
239867,6091,0,2
239867,61332,0,20
239867,6134,0,6
239867,6134,15,2
239867,61409,0,2
239867,6141,29,12
239867,6180,71,1
239867,6239,0,1
239867,63864,15,2
239867,64644,0,2
239867,6564,0,1
239867,6565,0,1
239867,65826,10,4
239867,6636,191,17
239867,6636,10,26
239867,6636,29,26
239867,67810,15,8
239867,69729,10,3
239867,69729,0,3
239867,70681,15,4
239867,71752,0,1
239867,76959,71,1
239867,78443,0,3
239867,78444,0,3
239867,78666,0,4
239867,79756,15,2
239867,85861,15,4
239867,85984,15,1
239867,86500,15,4
239867,86996,4,6
239867,87087,29,2
239867,87580,0,5
239867,87580,15,2
239867,87580,322,51
239867,87994,0,4
239867,89678,4,2
239867,91988,0,2
239867,92584,0,2
239867,93606,322,4
239867,96874,25,1
239867,98878,82,1
239867,99207,322,4
239867,99207,0,4
239867,99563,0,4
239867,99780,0,5
