inventoryId,partNumber,color,quantity
250181,11477pr0021,272,1
250181,11477pr0022,272,2
250181,20482,272,1
250181,24445,0,1
250181,25269,272,2
250181,28621,15,1
250181,3024,14,1
250181,3069bpr9914,0,1
250181,3749,15,4
250181,50951,0,4
250181,54200,4,1
250181,61252,272,1
250181,6667,0,1
250181,6682,0,1
250181,6683pr0001,14,4
250181,7052,272,1
250181,7071pat0005pr0002,15,1
250181,79194,0,1
250182,11477pr0023,71,1
250182,11477pr0024,0,2
250182,20482,0,1
250182,24445,0,1
250182,25269,0,2
250182,28621,15,1
250182,3024,4,1
250182,3069bpr9915,0,1
250182,3749,15,4
250182,50951,0,4
250182,54200,0,1
250182,61252,71,1
250182,6667,0,1
250182,6682,0,1
250182,6683pr0001,3,4
250182,7052,0,1
250182,7071pat0001pr0004,3,1
250182,79194,0,1
250183,11477pr0025,4,1
250183,11477pr0026,4,2
250183,20482,4,1
250183,24445,0,1
250183,25269,4,2
250183,28621,15,1
250183,3024,4,1
250183,3069bpr9916,4,1
250183,3749,15,4
250183,50951,0,4
250183,54200,4,1
250183,61252,4,1
250183,6667,0,1
250183,6682,0,1
250183,6683pr0001,4,4
250183,7052,4,1
250183,7071pat0001pr0005,4,1
250183,79194,0,1
250184,11477pr0027,25,1
250184,11477pr0028,0,2
250184,20482,0,1
250184,24445,0,1
250184,25269,0,2
250184,28621,15,1
250184,3024,0,1
250184,3069bpr9917,25,1
250184,3749,15,4
250184,50951,0,4
250184,54200,25,1
250184,61252,25,1
250184,6667,0,1
250184,6682,0,1
250184,6683pr0001,25,4
250184,7052,0,1
250184,7071pat0005pr0003,0,1
250184,79194,0,1
250185,11477pr0029,2,1
250185,11477pr0030,2,2
250185,20482,2,1
250185,24445,0,1
250185,25269,2,2
250185,28621,15,1
250185,3024,2,1
250185,3069bpr9918,0,1
250185,3749,15,4
250185,50951,0,4
250185,54200,2,1
250185,61252,2,1
250185,6667,0,1
250185,6682,0,1
250185,6683pr0001,14,4
250185,7052,0,1
250185,7071pat0006pr0001,2,1
250185,79194,0,1
250186,11477pr0031,1,1
250186,11477pr0032,0,2
250186,20482,0,1
250186,24445,0,1
250186,25269,0,2
250186,28621,15,1
250186,3024,5,1
250186,3069bpr9919,1,1
250186,3749,15,4
250186,50951,0,4
250186,54200,5,1
250186,61252,0,1
250186,6667,0,1
250186,6682,0,1
250186,6683pr0001,1,2
250186,6683pr0001,5,2
250186,7052,0,1
250186,7071pat0001pr0006,1,1
250186,79194,0,1
250187,11477pr0033,1,1
250187,11477pr0034,272,2
250187,20482,1,1
250187,24445,0,1
250187,25269,272,2
250187,28621,15,1
250187,3024,25,1
250187,3069bpr9920,0,1
250187,3749,15,4
250187,50951,0,4
250187,54200,272,1
250187,61252,1,1
250187,6667,0,1
250187,6682,0,1
250187,6683pr0001,15,4
250187,7052,272,1
250187,7071pat0001pr0005,272,1
250187,79194,0,1
250188,11477pr0022,1,2
250188,11477pr0035,1,1
250188,20482,4,1
250188,24445,0,1
250188,25269,15,2
250188,28621,15,1
250188,3024,15,1
250188,3069bpr9921,0,1
250188,3749,15,4
250188,50951,0,4
250188,54200,1,1
250188,61252,15,1
250188,6667,0,1
250188,6682,0,1
250188,6683pr0001,15,4
250188,7052,4,1
250188,7071pat0001pr0004,71,1
250188,79194,0,1
250189,11477pr0037,10,1
250189,11477pr0038,0,2
250189,20482,0,1
250189,24445,0,1
250189,25269,0,2
250189,28621,15,1
250189,3024,10,1
250189,3069bpr9922,10,1
250189,3749,15,4
250189,50951,0,4
250189,54200,0,1
250189,61252,10,1
250189,6667,0,1
250189,6682,10,1
250189,6683pr0001,10,4
250189,7052,0,1
250189,7071pat0003pr0003,0,1
250189,79194,0,1
250190,11477pr0039,15,1
250190,11477pr0040,0,2
250190,20482,15,1
250190,24445,0,1
250190,25269,0,2
250190,28621,15,1
250190,3024,4,1
250190,3069bpr9923,4,1
250190,3749,15,4
250190,50951,0,4
250190,54200,0,1
250190,61252,15,1
250190,6667,0,1
250190,6682,4,1
250190,6683pr0001,15,4
250190,7052,15,1
250190,7071pat0002pr0004,4,1
250190,79194,0,1
250191,11477pr0041,85,1
250191,11477pr0042,85,2
250191,20482,85,1
250191,24445,0,1
250191,25269,85,2
250191,28621,15,1
250191,3024,85,1
250191,3069bpr9924,26,1
250191,3749,15,4
250191,50951,0,4
250191,54200,322,1
250191,61252,85,1
250191,6667,0,1
250191,6682,26,1
250191,6683pr0001,26,4
250191,7052,85,1
250191,7071pat0007pr0001,15,1
250191,79194,0,1
250192,11477pr0043,71,1
250192,11477pr0044,71,2
250192,20482,4,1
250192,24445,0,1
250192,25269,71,2
250192,28621,15,1
250192,3024,71,1
250192,3069bpr9925,71,1
250192,3749,15,4
250192,50951,0,4
250192,54200,71,1
250192,61252,71,1
250192,6667,0,1
250192,6682,71,1
250192,6683pr0001,4,4
250192,7052,4,1
250192,7071pat0002pr0005,0,1
250192,79194,0,1
250265,3171,297,2
250265,32828,297,2
250265,64644,72,2
250265,79194,71,2
250401,11211,70,3
250401,11212,484,3
250401,11476,15,2
250401,11477,29,2
250401,11477,72,2
250401,13564,70,1
250401,14719,484,2
250401,15068,72,3
250401,15571,72,2
250401,15573,15,1
250401,15573,72,2
250401,15712,70,2
250401,20482,0,1
250401,22885,0,9
250401,24246,226,2
250401,24246,19,2
250401,2431,72,2
250401,2431,0,3
250401,25269,0,3
250401,3003,29,1
250401,3003,323,1
250401,3005,484,4
250401,3005,72,6
250401,3005,1,1
250401,3005,29,4
250401,3005,19,3
250401,3010,72,1
250401,3020,72,3
250401,3021,72,1
250401,3022,191,3
250401,3022,72,2
250401,3023,27,1
250401,3023,29,2
250401,3023,72,6
250401,3023,484,4
250401,3023,15,3
250401,3024,484,6
250401,3024,29,3
250401,3024,226,2
250401,3024,19,1
250401,3031,72,4
250401,30374,4,1
250401,30374,19,1
250401,3062b,4,2
250401,3068b,72,2
250401,3069b,484,2
250401,3069b,72,4
250401,3070b,484,7
250401,3070b,321,2
250401,3245c,71,1
250401,32952,72,6
250401,32952,0,6
250401,34103,484,2
250401,3623,484,2
250401,36841,484,1
250401,3710,72,2
250401,3941,3,2
250401,3958,0,2
250401,4070,28,2
250401,41740,0,1
250401,47905,378,1
250401,49307,484,2
250401,54200,71,2
250401,54200,72,8
250401,54200,484,4
250401,59900,15,1
250401,61252,484,2
250401,6141,27,1
250401,6141,14,2
250401,6256,484,2
250401,63864,484,3
250401,64647,182,2
250401,73825,29,4
250401,77850,84,1
250401,80497,71,1
250401,85861,182,1
250401,85861,71,2
250401,85984,71,1
250401,86876,72,1
250401,87079,0,1
250401,87087,70,2
250401,87087,71,1
250401,87580,0,2
250401,93273,72,2
250401,98138,71,1
250401,98138,0,1
250401,98138pr0060,0,2
250401,98138pr0433,10,2
250402,10113953,9999,1
250402,10197,0,15
250402,10928,72,1
250402,11212,4,2
250402,11214,4,31
250402,11478,0,6
250402,11478,71,2
250402,11946,71,1
250402,11946,72,3
250402,11946,4,3
250402,11947,4,3
250402,11947,72,3
250402,14696,0,56
250402,14720,0,5
250402,14720,4,1
250402,14769,28,1
250402,14769,4,1
250402,15462,70,5
250402,18651,0,19
250402,18654,71,3
250402,18654,15,3
250402,18654,4,13
250402,18654,0,14
250402,18654,72,2
250402,18677,71,4
250402,18946,4,2
250402,22484,72,4
250402,22961,0,4
250402,22961,71,9
250402,23443,15,2
250402,2387,4,5
250402,2387,72,2
250402,2387,0,5
250402,2389,4,5
250402,2389,72,2
250402,2389,0,6
250402,2391,72,3
250402,2393,71,1
250402,23948,71,1
250402,23948,14,1
250402,2395,0,2
250402,2395,4,4
250402,2403,4,4
250402,2403,0,2
250402,2412b,71,26
250402,24316,70,6
250402,2438,4,1
250402,2442,4,1
250402,2457,0,1
250402,2471,4,1
250402,2473,72,2
250402,2474,14,1
250402,2477,0,5
250402,25214,0,2
250402,25214,71,3
250402,27925,28,4
250402,27940,72,10
250402,27965,0,2
250402,2850b,71,4
250402,2851,14,4
250402,3020,4,1
250402,3022,0,4
250402,3022,71,1
250402,3023,4,1
250402,3069b,4,1
250402,3070b,0,1
250402,3167,72,3
250402,32009,0,4
250402,32013,4,8
250402,32013,0,17
250402,32014,71,6
250402,32015,4,2
250402,32015,71,1
250402,32016,0,14
250402,32034,4,2
250402,32034,0,2
250402,32034,71,5
250402,32062,4,72
250402,32063,0,4
250402,32073,71,9
250402,32123b,14,8
250402,32123b,71,2
250402,32140,0,4
250402,32140,71,7
250402,32140,4,11
250402,32184,0,14
250402,32184,71,5
250402,32192,4,2
250402,32192,0,2
250402,32200,4,1
250402,32271,71,2
250402,32291,71,1
250402,32291,0,7
250402,32291,1136,1
250402,32316,4,6
250402,32316,0,7
250402,32348,4,1
250402,32523,14,1
250402,32523,322,4
250402,32523,0,4
250402,32523,71,2
250402,32523,72,4
250402,32523,4,4
250402,32524,0,3
250402,32524,72,2
250402,32524,71,7
250402,32525,71,1
250402,32525,0,5
250402,32525,4,2
250402,32526,71,10
250402,32526,4,2
250402,32557,71,8
250402,3484,0,1
250402,3484,15,2
250402,35186,71,2
250402,3649,71,1
250402,3705,0,4
250402,3705,4,13
250402,3706,4,1
250402,3706,0,2
250402,3707,0,1
250402,3708,0,3
250402,3713,71,13
250402,3737,4,2
250402,3795,4,1
250402,3958,71,1
250402,39794,0,2
250402,39888,19,3
250402,4032a,0,1
250402,40490,4,4
250402,40490,0,2
250402,40490,72,1
250402,41239,0,2
250402,4158,322,2
250402,4159,25,2
250402,41677,4,10
250402,41677,0,16
250402,41677,72,24
250402,42003,71,15
250402,42003,0,2
250402,42003,72,2
250402,42135,72,2
250402,42135,4,4
250402,42195,0,1
250402,42195,4,1
250402,42924,1,133
250402,43093,1,55
250402,4368,71,2
250402,4369,14,4
250402,43857,4,1
250402,43857,15,2
250402,44294,14,4
250402,4450,1136,4
250402,44874,0,2
250402,4519,14,44
250402,4527,4,1
250402,48205,4,1
250402,48208,4,1
250402,48267,4,2
250402,48267,36,2
250402,48267,0,2
250402,4974,0,1
250402,5426,4,1
250402,5741,4,1
250402,5742,4,1
250402,58176,71,1
250402,59443,71,10
250402,59443,4,12
250402,59443,0,4
250402,60208,0,2
250402,60474,28,1
250402,60483,27,6
250402,60483,71,13
250402,60483,4,4
250402,60484,0,5
250402,60485,71,2
250402,61332,0,203
250402,61408,71,4
250402,6141,71,6
250402,62462,0,1
250402,62462,14,1
250402,62462,71,1
250402,63869,71,9
250402,63869,0,4
250402,63869,4,1
250402,64391,0,1
250402,64393,4,1
250402,64394,4,2
250402,64680,4,2
250402,64681,4,1
250402,64683,0,1
250402,64683,71,1
250402,65304,4,10
250402,65304,71,1
250402,65304,0,13
250402,6536,4,8
250402,6536,0,7
250402,65416,71,1
250402,65487,4,19
250402,65489,71,1
250402,6606,4,3
250402,6609,4,3
250402,6629,4,1
250402,6629,0,2
250402,6632,4,18
250402,6636,4,1
250402,66906,4,9
250402,67095,28,1
250402,67142,4,1
250402,68196,4,1
250402,6830,47,1
250402,69633,297,2
250402,69636,71,2
250402,69778,1,1
250402,69779,321,2
250402,69819,4,7
250402,69819,0,2
250402,71682,0,3
250402,71682,4,6
250402,71708,71,1
250402,71708,4,8
250402,71708,0,2
250402,71709,0,2
250402,71710,0,1
250402,71711pat0001,71,2
250402,71720,0,2
250402,71721,0,1
250402,71722,0,1
250402,73507,71,4
250402,73507,0,4
250402,77765,71,4
250402,78258,72,3
250402,79717c03,71,1
250402,80271,0,1
250402,80274,4,4
250402,80278,4,4
250402,80285,4,1
250402,80286,4,5
250402,81346,2,1
250402,85543,15,4
250402,85861,0,4
250402,87079,0,1
250402,87080,71,1
250402,87080,4,2
250402,87083,72,10
250402,87086,71,1
250402,87086,4,2
250402,87994,0,2
250402,87994,15,2
250402,89678,72,28
250402,89679,72,4
250402,89679,4,4
250402,89679,0,4
250402,92907,71,2
250402,92909,72,2
250402,94925,71,3
250402,98138,14,1
250402,98989,71,1
250402,99773,71,2
250402,99773,0,6
250514,2447,47,1
250514,3626cpr1966,14,1
250514,50665,25,1
250514,970c34,25,1
250514,973c34h34pr9645,25,1
250515,2447,47,1
250515,3626cpr1966,14,1
250515,50665,15,1
250515,970c27,15,1
250515,973c27h27pr4682,15,1
250520,11477,0,2
250520,15068,0,1
250520,15470,15,1
250520,15573,25,1
250520,2431,25,1
250520,28802,0,2
250520,29119,25,1
250520,29120,25,1
250520,30028,0,4
250520,3003,0,1
250520,3020,3,1
250520,3020,0,1
250520,3022,25,2
250520,3023,0,2
250520,3032,0,1
250520,3068b,0,2
250520,3832,0,1
250520,3937,0,1
250520,41740,0,2
250520,43722,25,1
250520,43722,0,1
250520,43723,25,1
250520,43723,0,1
250520,47457,0,1
250520,51739,25,1
250520,6134,0,1
250520,67687,71,2
250520,74967,71,4
250520,77808,0,1
250520,78666,0,4
250520,87079pr9887,0,1
250520,93606,25,1
250552,10197,72,1
250552,10288,308,1
250552,110507pr0001,19,1
250552,110629pr0001,19,1
250552,110630pr0001,19,1
250552,11203,19,2
250552,1126,84,3
250552,11458,70,2
250552,11458,0,2
250552,11477,308,8
250552,11477,484,4
250552,13547,70,2
250552,14226c11,28,2
250552,14226c41,28,1
250552,14417,72,2
250552,14719,70,2
250552,15068,0,4
250552,15068,70,3
250552,15462,70,4
250552,15573,484,2
250552,18653,0,4
250552,18654,19,1
250552,18677,0,2
250552,1927,70,4
250552,20482,28,11
250552,22484,0,2
250552,22885,0,10
250552,22890,72,4
250552,24201,19,4
250552,24201,0,2
250552,24246,484,4
250552,2431,308,6
250552,2445,0,1
250552,25269,70,4
250552,26603,70,4
250552,2877,72,2
250552,3001,0,1
250552,3001,70,1
250552,3002,70,1
250552,3002,19,1
250552,3003,0,3
250552,3009,19,2
250552,3020,19,1
250552,3021,70,3
250552,3021,71,1
250552,3022,0,6
250552,3022,19,2
250552,3022,484,2
250552,3023,70,8
250552,3023,0,4
250552,3023,72,4
250552,3023,19,15
250552,3024,70,11
250552,3024,0,10
250552,3032,70,2
250552,3039,28,1
250552,3068bpr9352,19,1
250552,3069b,308,6
250552,3069b,0,8
250552,3069b,19,1
250552,3172,70,10
250552,3176,70,2
250552,32000,19,2
250552,32005a,72,2
250552,32016,70,2
250552,32062,4,1
250552,32062,0,9
250552,32064a,0,7
250552,32064a,72,1
250552,32123b,71,6
250552,32124,19,15
250552,3386,0,2
250552,3460,70,4
250552,3460,0,2
250552,35480,28,8
250552,3623,0,2
250552,3623,71,4
250552,3623,19,2
250552,3659,0,2
250552,3666,70,4
250552,3673,71,2
250552,36840,71,2
250552,3701,19,2
250552,3705,4,2
250552,3710,19,6
250552,3710,70,4
250552,37352,72,1
250552,4042,70,8
250552,4081b,19,1
250552,41677,19,6
250552,41740,70,5
250552,42610,71,2
250552,4304,0,3
250552,43056,0,1
250552,43093,1,3
250552,44126,0,1
250552,44294,71,1
250552,44301b,71,2
250552,44728,19,8
250552,4477,70,2
250552,4514,484,2
250552,4519,71,4
250552,45590,0,1
250552,4585,70,2
250552,49283,71,2
250552,53923,71,4
250552,54200,19,4
250552,5520,84,1
250552,57360,70,6
250552,59443,70,3
250552,60479,0,3
250552,60485,71,1
250552,60594,70,2
250552,60897,19,2
250552,6112,0,1
250552,61332,0,2
250552,63864,484,4
250552,64644,19,2
250552,64647,15,1
250552,65304,0,1
250552,6541,19,2
250552,6541,0,2
250552,6587,28,1
250552,6632,71,4
250552,6636,70,2
250552,6636,484,2
250552,6636,0,4
250552,68568,19,2
250552,73230,70,8
250552,73825,84,6
250552,77845,70,6
250552,77850,84,4
250552,78256,70,2
250552,79180,0,1
250552,79389,70,2
250552,85861,19,6
250552,85943,70,1
250552,87079,19,1
250552,87079,0,2
250552,87079pr9889,0,1
250552,88072,19,4
250552,88292,0,2
250552,89954c02,70,1
250552,90195,70,2
250552,93273,0,2
250552,93273,70,4
250552,93274,72,2
250552,96874,25,1
250552,99207,72,2
250552,99207,28,2
250552,99780,19,2
250706,11477,0,2
250706,15068,0,1
250706,15470,15,1
250706,15573,25,1
250706,2431,25,1
250706,28802,0,2
250706,29119,25,1
250706,29120,25,1
250706,30028,0,4
250706,3003,0,1
250706,3020,0,1
250706,3020,3,1
250706,3022,25,2
250706,3023,0,2
250706,3032,0,1
250706,3068b,0,2
250706,3832,0,1
250706,3937,0,1
250706,41740,0,2
250706,43722,25,1
250706,43722,0,1
250706,43723,25,1
250706,43723,0,1
250706,47457,0,1
250706,51739,25,1
250706,6134,0,1
250706,67687,71,2
250706,74967,71,4
250706,77808,0,1
250706,78666,0,4
250706,87079pr0114,0,1
250706,93606,25,1
250707,11477,0,2
250707,15068,0,1
250707,15470,15,1
250707,15573,25,1
250707,2431,25,1
250707,28802,0,2
250707,29119,25,1
250707,29120,25,1
250707,30028,0,4
250707,3003,0,1
250707,3020,3,1
250707,3020,0,1
250707,3022,25,2
250707,3023,0,2
250707,3032,0,1
250707,3068b,0,2
250707,3832,0,1
250707,3937,0,1
250707,41740,0,2
250707,43722,0,1
250707,43722,25,1
250707,43723,0,1
250707,43723,25,1
250707,47457,0,1
250707,51739,25,1
250707,6134,0,1
250707,67687,71,2
250707,74967,71,4
250707,77808,0,1
250707,78666,0,4
250707,87079pr9875,0,1
250707,93606,25,1
250708,11477,0,2
250708,15068,0,1
250708,15470,15,1
250708,15573,25,1
250708,2431,25,1
250708,28802,0,2
250708,29119,25,1
250708,29120,25,1
250708,30028,0,4
250708,3003,0,1
250708,3020,0,1
250708,3020,3,1
250708,3022,25,2
250708,3023,0,2
250708,3032,0,1
250708,3068b,0,2
250708,3832,0,1
250708,3937,0,1
250708,41740,0,2
250708,43722,0,1
250708,43722,25,1
250708,43723,0,1
250708,43723,25,1
250708,47457,0,1
250708,51739,25,1
250708,6134,0,1
250708,67687,71,2
250708,74967,71,4
250708,77808,0,1
250708,78666,0,4
250708,87079pr9878,0,1
250708,93606,25,1
250893,3626cpr3959,78,1
250893,61506,308,1
250893,970c07,308,1
250893,973c05h02pr6485,272,1
250894,3624,272,1
250894,3626cpr3795,78,1
250894,970c12,72,1
250894,973c03h02pr0002,0,1
250897,10110649,9999,1
250897,10197,0,2
250897,11214,4,22
250897,11477,14,2
250897,11946,14,3
250897,11947,14,3
250897,15068,14,2
250897,15207,0,3
250897,15462,70,1
250897,18575,0,1
250897,18651,0,14
250897,18654,0,2
250897,18654,71,2
250897,18654,72,6
250897,22961,71,4
250897,22961,0,4
250897,2387,14,8
250897,2387,0,3
250897,2389,0,3
250897,2389,14,8
250897,2391,0,3
250897,2391,71,1
250897,2393,0,2
250897,2395,14,1
250897,2403,14,1
250897,24116,71,2
250897,24246,0,1
250897,24246,14,4
250897,2431,71,1
250897,24316,70,3
250897,2457,0,4
250897,2457pr0001,14,1
250897,26601,0,2
250897,26603,14,1
250897,27940,0,1
250897,2819,0,1
250897,3024,0,2
250897,30699,0,2
250897,32013,4,4
250897,32013,72,2
250897,32013,14,6
250897,32016,71,2
250897,32034,0,2
250897,32034,14,10
250897,32062,4,57
250897,32073,14,4
250897,32123b,14,9
250897,32126,0,4
250897,32126,14,4
250897,32140,14,6
250897,32140,0,10
250897,32184,0,7
250897,32199,14,2
250897,32270,0,2
250897,32278,72,4
250897,32291,14,8
250897,32316,0,2
250897,32449,14,4
250897,32449,71,2
250897,32523,71,3
250897,32524,72,5
250897,32524,71,3
250897,32525,14,2
250897,32526,71,2
250897,32557,0,2
250897,32828,0,2
250897,3673,14,1
250897,36840,71,2
250897,3705,0,6
250897,3713,4,4
250897,3749,19,2
250897,40490,0,5
250897,41239,14,2
250897,4162,14,2
250897,41677,0,12
250897,41677,4,2
250897,42003,14,11
250897,42003,0,2
250897,42135,14,4
250897,42135,72,2
250897,42531,14,2
250897,42924,1,45
250897,43093,1,47
250897,4368,71,4
250897,4369,14,8
250897,44294,71,2
250897,44309,0,2
250897,4450,0,4
250897,4450,1136,1
250897,4519,71,17
250897,4526,0,2
250897,46189,0,2
250897,48267,14,2
250897,5091,0,1
250897,5092,0,1
250897,5093,14,1
250897,5095,14,1
250897,5404,14,2
250897,5427,14,2
250897,55013,72,1
250897,56145,0,2
250897,56904,0,2
250897,5713,71,2
250897,59443,71,4
250897,60483,14,7
250897,60483,71,2
250897,60483,0,2
250897,60485,14,1
250897,61332,0,57
250897,62462,0,2
250897,62821b,72,1
250897,63864,0,2
250897,64391,14,2
250897,64683,14,2
250897,65304,71,6
250897,6536,14,6
250897,6536,0,10
250897,6536,4,1
250897,65487,14,4
250897,65489,71,2
250897,6589,19,5
250897,6611,71,2
250897,6632,0,4
250897,69819,71,2
250897,7101,14,2
250897,71682,14,12
250897,71682,0,9
250897,71708,0,2
250897,71708,72,5
250897,71708,14,4
250897,73507,71,1
250897,77850,71,2
250897,78329,72,1
250897,85861,0,2
250897,87083,72,2
250897,87408,0,1
250897,87761,0,1
250897,89678,4,41
250897,89679,0,4
250897,89679,14,2
250897,90370,0,2
250897,98138,71,8
250898,10111173,9999,1
250898,11203,378,1
250898,11211,78,2
250898,11211,72,2
250898,11476,71,3
250898,11477,70,4
250898,11477,15,8
250898,11477,378,4
250898,13547,378,2
250898,14418,71,2
250898,14769,71,4
250898,15068,28,18
250898,15068,378,4
250898,15068,70,8
250898,15068,1,1
250898,15535,71,1
250898,15573,1,1
250898,15573,71,24
250898,15706,71,4
250898,15712,15,20
250898,15712,71,2
250898,1748,378,3
250898,1748,15,2
250898,18575,19,4
250898,18646,15,2
250898,18649,15,8
250898,18674,322,2
250898,1927,378,1
250898,20482,71,2
250898,20953,71,1
250898,22885,0,3
250898,22885,70,8
250898,22885,28,6
250898,2310,72,8
250898,2310,378,2
250898,23443,71,2
250898,23443,0,6
250898,2357,28,2
250898,2420,0,12
250898,2420,72,2
250898,2420,71,12
250898,24201,378,6
250898,24299,70,4
250898,24299,71,1
250898,24299,28,1
250898,24299,19,1
250898,24307,28,1
250898,24307,71,1
250898,24307,70,4
250898,24309,19,2
250898,2431,15,3
250898,2431,70,4
250898,2456,15,2
250898,2462,72,4
250898,25269,378,8
250898,26047,0,3
250898,26047,378,6
250898,26047,15,4
250898,2654,71,2
250898,2654pr0009,0,2
250898,26601,15,8
250898,26603,70,4
250898,26603,191,2
250898,26603,15,16
250898,27925,15,12
250898,28192,19,4
250898,28192,71,2
250898,29119,28,5
250898,29119,15,4
250898,29119,378,2
250898,29119,19,2
250898,29120,19,2
250898,29120,378,2
250898,29120,28,5
250898,29120,15,4
250898,2921,15,2
250898,3001,322,2
250898,3001,70,2
250898,3003,71,2
250898,3004,28,4
250898,3004,2,2
250898,3004,378,3
250898,3004,70,10
250898,3004,71,1
250898,3005,378,2
250898,3005,15,2
250898,3005,28,4
250898,3005,78,2
250898,3005,70,2
250898,3005,322,4
250898,3007,70,2
250898,3009,71,2
250898,3009,322,3
250898,30099,70,8
250898,3010,0,2
250898,3010,28,6
250898,3020,71,6
250898,3020,28,2
250898,3020,70,4
250898,3020,378,1
250898,3020,322,2
250898,3020,0,1
250898,3021,378,2
250898,3021,71,2
250898,3021,15,2
250898,3021,19,6
250898,3022,0,2
250898,3022,29,2
250898,3022,15,4
250898,3022,72,4
250898,3022,322,3
250898,3023,322,7
250898,3023,71,4
250898,3023,1,1
250898,3023,0,2
250898,3023,15,6
250898,3023,72,6
250898,3023,378,11
250898,3023,19,10
250898,3023,78,8
250898,3024,15,2
250898,3024,72,1
250898,3024,78,2
250898,3024,378,6
250898,3031,72,1
250898,3032,0,1
250898,3034,28,3
250898,3034,71,2
250898,3035,0,3
250898,30357,15,4
250898,3036,28,1
250898,30383,0,2
250898,3039,70,1
250898,3040b,15,4
250898,30414,15,2
250898,30414,378,1
250898,30414,72,2
250898,3062b,47,1
250898,3068b,19,3
250898,3069b,19,5
250898,3069b,0,4
250898,3070b,19,4
250898,3170,0,1
250898,32000,15,2
250898,32028,15,8
250898,32064a,72,2
250898,32064a,322,2
250898,32073,71,1
250898,32828,0,4
250898,32952,0,2
250898,32952,72,8
250898,3297,15,2
250898,3298,0,4
250898,33909,15,2
250898,33909,70,6
250898,34103,71,2
250898,3460,70,2
250898,3460,322,2
250898,3484,1,2
250898,35480,71,7
250898,35787,15,4
250898,3623,15,1
250898,3623,378,4
250898,3666,70,2
250898,3666,19,2
250898,3666,1,2
250898,3666,0,1
250898,3666,378,2
250898,3666,15,4
250898,3675,0,4
250898,36840,19,4
250898,36841,0,2
250898,3700,0,4
250898,3705,4,1
250898,3709,0,2
250898,3710,322,2
250898,3710,378,4
250898,3710,71,12
250898,3710,72,4
250898,3710,19,9
250898,3710,0,12
250898,37352,15,1
250898,37352,322,1
250898,3738,0,1
250898,37762,71,2
250898,39739,2,1
250898,39789,0,1
250898,39789,4,1
250898,4032a,322,2
250898,4032a,0,2
250898,4162,70,2
250898,4162,0,2
250898,41677,72,2
250898,41740,322,2
250898,41740,71,2
250898,41769,378,2
250898,41770,378,2
250898,4282,0,1
250898,4286,28,2
250898,42862,28,1
250898,4304,15,8
250898,4304,378,4
250898,43093,1,2
250898,43722,28,1
250898,43723,28,1
250898,44728,19,12
250898,44728,1,1
250898,44728,72,3
250898,4477,70,4
250898,44861,378,2
250898,4519,71,1
250898,45677,15,2
250898,47905,15,2
250898,48165,28,1
250898,48336,15,10
250898,49097,378,2
250898,54657,0,2
250898,5711,28,2
250898,58176,71,2
250898,5830,28,2
250898,5843,19,4
250898,60470b,71,2
250898,60470b,15,16
250898,60478,15,12
250898,60481,15,8
250898,60897,322,4
250898,6106,72,4
250898,61252,71,2
250898,6141,71,6
250898,6141,19,24
250898,6141,1,4
250898,6178pr0015,0,1
250898,6182,71,2
250898,63864,28,2
250898,63864,378,2
250898,63864,191,2
250898,63868,28,6
250898,64225,378,2
250898,67095,71,2
250898,67695,0,1
250898,67697,0,1
250898,69729,70,2
250898,73230,0,2
250898,73825,28,2
250898,76959,70,12
250898,76959,15,12
250898,78329,72,4
250898,78666,0,2
250898,79389,72,2
250898,79389,15,2
250898,80015,15,4
250898,85984,15,6
250898,85984,70,4
250898,85984,378,1
250898,85984,28,4
250898,86996,71,1
250898,86996,15,8
250898,87083,72,2
250898,87087,71,8
250898,87375,15,2
250898,87580,0,2
250898,87580,71,2
250898,87620,15,6
250898,88646,15,2
250898,90258,72,1
250898,95188,15,8
250898,96874,25,1
250898,98138,191,1
250898,98138,0,2
250898,98138pr0107,0,1
250898,98560,70,2
250898,99207,70,14
250898,99207,71,2
250898,99207,28,2
250898,99563,71,2
250898,99563,70,14
250898,99563,15,2
250898,99780,378,2
250898,99781,71,1
250899,10247,71,4
250899,11211,72,2
250899,11212,19,3
250899,11212,15,6
250899,11212,72,4
250899,11214,72,2
250899,11253,71,12
250899,15573,25,3
250899,15573,71,6
250899,15672,0,2
250899,1751pr0006,71,2
250899,18653,0,2
250899,18654,27,4
250899,18674,71,2
250899,20482,72,2
250899,22886,0,2
250899,2357,0,4
250899,2412b,179,2
250899,24201,71,12
250899,24299,71,1
250899,24307,71,1
250899,2431,320,6
250899,2431,0,2
250899,2654,0,1
250899,26603,71,2
250899,2752,71,2
250899,28192,71,5
250899,28802,0,1
250899,3004,72,2
250899,3005,72,2
250899,3005,19,2
250899,3005,71,2
250899,3005,320,1
250899,3007,0,1
250899,3008,0,5
250899,30099,0,2
250899,3010,0,4
250899,30136,71,1
250899,30136,0,1
250899,3020,71,2
250899,3020,0,1
250899,3021,71,1
250899,3021,72,7
250899,3021,0,1
250899,3022,72,2
250899,3022,71,2
250899,3023,5,1
250899,3023,0,1
250899,3023,71,6
250899,3023,320,5
250899,3023,72,2
250899,3023,70,3
250899,3024,47,1
250899,3024,72,3
250899,3024,0,2
250899,3031,72,3
250899,3034,15,2
250899,30357,72,2
250899,30374,1,2
250899,3068b,71,2
250899,3068bpr9330,71,2
250899,3070b,71,4
250899,32064a,19,2
250899,32802,0,1
250899,32803,72,8
250899,32828,71,2
250899,3386,71,11
250899,33909,71,4
250899,34103,0,2
250899,3460,19,1
250899,3460,72,2
250899,3504,71,2
250899,3505,71,2
250899,35480,71,2
250899,35787,71,4
250899,3622,484,2
250899,3622,71,1
250899,3623,15,2
250899,3623,0,1
250899,3623,4,1
250899,3623,14,1
250899,3623,72,2
250899,3623,71,9
250899,3666,322,1
250899,3666,28,6
250899,36840,71,4
250899,36841,320,1
250899,3700,72,3
250899,3710,27,2
250899,3710,320,3
250899,3710,72,4
250899,3795,0,1
250899,3937,72,2
250899,4032a,72,4
250899,41740,71,2
250899,42862,71,1
250899,4287c,71,5
250899,43093,1,4
250899,43710,71,1
250899,43711,71,1
250899,43722,71,1
250899,43723,71,1
250899,4450,1136,4
250899,4477,27,1
250899,4519,14,2
250899,4569,320,2
250899,4569,71,4
250899,4733,72,2
250899,4740,41,2
250899,47905,70,1
250899,48165,71,1
250899,48205,72,2
250899,48208,72,2
250899,48336,71,4
250899,49668,71,1
250899,52107,4,1
250899,52107,15,3
250899,52107,14,1
250899,54200,71,3
250899,54200,379,2
250899,54200,320,1
250899,54383,71,1
250899,54384,71,1
250899,5540,71,2
250899,55982,71,2
250899,59900,71,1
250899,60479,70,1
250899,6134,0,2
250899,61409,71,7
250899,61409,72,4
250899,6141,15,8
250899,6179,71,2
250899,6179pr0038,0,1
250899,63864,322,1
250899,63864,71,1
250899,65249,15,2
250899,65304,25,2
250899,65426,71,7
250899,65429,71,7
250899,65886,71,4
250899,69729,0,1
250899,71752,0,2
250899,73825,72,5
250899,77850,71,2
250899,78258,71,1
250899,78329,71,12
250899,78443,71,2
250899,78444,71,2
250899,79389,71,4
250899,85861,15,2
250899,85861,5,2
250899,85861,71,3
250899,85861,14,3
250899,85861,72,2
250899,85861,41,2
250899,85984,71,3
250899,86996,19,1
250899,86996,4,1
250899,88292,0,2
250899,92947,72,2
250899,96874,25,1
250899,98138,47,1
250899,99207,0,1
250899,99563,320,1
250899,99563,72,2
250899,99563,71,7
250899,99780,72,2
250900,10111809,9999,1
250900,11090,15,10
250900,11090,297,3
250900,11211,71,2
250900,11215,71,2
250900,11477,71,4
250900,13965,71,8
250900,14716,71,5
250900,14716,28,12
250900,15395,15,1
250900,15573,308,3
250900,15573,70,3
250900,15573,72,4
250900,15573,320,1
250900,15573,19,2
250900,15573,0,4
250900,15573,28,30
250900,15672,72,2
250900,15712,320,2
250900,15712,71,2
250900,1751,19,1
250900,18654,72,1
250900,18674,0,1
250900,18677,0,4
250900,18980,72,5
250900,20310,70,10
250900,20482,297,7
250900,20482,72,4
250900,20482,0,8
250900,20482,71,2
250900,20482,28,6
250900,22385,15,1
250900,22385,72,1
250900,22886,71,2
250900,2343,297,1
250900,2357,71,6
250900,23969,15,1
250900,2420,71,2
250900,2431,41,1
250900,2431,19,1
250900,2431,0,3
250900,24482,0,3
250900,2453b,71,14
250900,2465,71,1
250900,24866,288,11
250900,2489,70,1
250900,25269,320,4
250900,25269,72,9
250900,25269,0,15
250900,2540,297,1
250900,26601,0,4
250900,26603,72,1
250900,26604,72,1
250900,2682,288,6
250900,2682,15,2
250900,27152pr0002,4,1
250900,27925,0,7
250900,27925,72,2
250900,27925,71,4
250900,28327,0,2
250900,28588,72,8
250900,28621,71,1
250900,29111,84,1
250900,3001,28,2
250900,3003,28,1
250900,3003,19,2
250900,3004,19,2
250900,30044,0,4
250900,30046,0,4
250900,3005,28,4
250900,3005,71,30
250900,3007,0,2
250900,3008,72,2
250900,3009,28,1
250900,3010,71,4
250900,30103,0,1
250900,30134,0,2
250900,30136,71,2
250900,30136,28,23
250900,30136,72,33
250900,30137,0,2
250900,3020,15,1
250900,3020,71,1
250900,3021,0,4
250900,3021,378,2
250900,3021,484,6
250900,3021,70,1
250900,3022,71,6
250900,3022,0,8
250900,3022,28,1
250900,3023,0,7
250900,3023,72,6
250900,3023,378,6
250900,3024,72,8
250900,3024,0,4
250900,3024,71,4
250900,3024,28,2
250900,3029,0,3
250900,3030,72,2
250900,3032,72,5
250900,3034,0,4
250900,3035,71,5
250900,3037,0,2
250900,3039,0,4
250900,3039,71,2
250900,3045,71,2
250900,3045,0,8
250900,30503,0,2
250900,3062b,84,2
250900,3062b,46,3
250900,3062b,15,1
250900,3062b,72,32
250900,3062b,71,8
250900,3068b,0,4
250900,3068b,308,1
250900,3068b,378,6
250900,3069b,308,2
250900,3069b,288,4
250900,3069b,72,24
250900,3069b,28,4
250900,3069b,41,1
250900,3069bpr0278,15,1
250900,3070b,378,68
250900,3070b,0,2
250900,3070b,320,5
250900,3070b,72,4
250900,3176,71,4
250900,32000,72,1
250900,32013,0,1
250900,32028,378,4
250900,32028,71,25
250900,32062,0,1
250900,32064a,72,1
250900,32124,70,2
250900,32124,0,6
250900,32607,288,4
250900,32828,72,1
250900,32828,0,2
250900,32828,19,1
250900,3386,15,1
250900,33909,0,2
250900,33909,28,1
250900,33909,378,6
250900,33909,379,1
250900,3396,72,2
250900,34103,19,2
250900,34103,320,1
250900,3460,28,2
250900,35480,72,7
250900,35480,0,26
250900,35480,28,37
250900,35480,71,2
250900,3623,72,2
250900,3623,71,4
250900,3623,378,2
250900,3623,0,6
250900,3633,297,1
250900,3659,71,4
250900,3665,71,6
250900,3665,28,2
250900,3666,72,2
250900,3666,28,2
250900,3666,70,4
250900,36752a,28,1
250900,36752a,70,1
250900,36752a,15,1
250900,36752a,71,1
250900,36752a,308,1
250900,36752a,0,4
250900,3679,71,4
250900,3680,0,4
250900,36806,71,1
250900,3685,0,8
250900,37,72,2
250900,3710,25,1
250900,3710,71,8
250900,3710,0,2
250900,3710,288,14
250900,37704,297,1
250900,37762,71,18
250900,37762,297,6
250900,37762,72,6
250900,37762,70,16
250900,37775,182,11
250900,3795,72,2
250900,3795,378,4
250900,38583,19,1
250900,38583,71,5
250900,38585,19,4
250900,38801,378,1
250900,3941,71,8
250900,3942c,71,1
250900,3942c,0,3
250900,3957b,71,2
250900,3957b,70,2
250900,39888,19,2
250900,4032a,0,8
250900,4032a,19,2
250900,4032a,70,8
250900,4032a,28,4
250900,4070,28,74
250900,4081b,71,1
250900,4162,72,5
250900,4162,70,3
250900,41740,72,1
250900,41740,28,4
250900,42205,308,1
250900,43898,72,1
250900,4460b,0,4
250900,4477,71,1
250900,4490,71,2
250900,4528,297,2
250900,4590,72,1
250900,4697b,297,1
250900,4740,72,1
250900,4740,41,2
250900,47905,15,2
250900,49307,19,1
250900,49307,71,2
250900,49668,15,4
250900,50340,72,1
250900,5091,0,3
250900,5091,72,5
250900,5092,0,3
250900,5092,72,4
250900,50950,19,2
250900,54200,182,2
250900,5785,71,2
250900,57895,0,2
250900,59349,72,2
250900,59443,72,1
250900,59900,41,1
250900,60475b,72,6
250900,60477,72,2
250900,60479,0,9
250900,60481,28,6
250900,60483,28,2
250900,60581,19,1
250900,60592,0,59
250900,60593,0,4
250900,60596,28,2
250900,60601,1095,59
250900,60602,47,4
250900,60621,1103,4
250900,60897,0,2
250900,60897,71,3
250900,6106,72,4
250900,6126b,41,1
250900,6141,19,12
250900,6141,297,6
250900,6141,71,12
250900,6141,15,1
250900,6141,72,8
250900,6141,182,1
250900,6141,70,14
250900,61482,71,2
250900,6180,0,2
250900,6266,71,14
250900,63864,71,2
250900,63864,320,4
250900,63965,71,4
250900,64644,19,9
250900,64647,41,1
250900,64647,182,2
250900,64799,0,2
250900,64847,15,2
250900,65509,72,4
250900,6587,28,1
250900,6636,0,2
250900,6636,70,3
250900,68013,71,2
250900,68503pat0001,179,1
250900,73825,71,1
250900,73825,0,2
250900,75937,1103,1
250900,76959,71,2
250900,77850,71,1
250900,78329,0,10
250900,78329,71,7
250900,79389,72,2
250900,80683,70,2
250900,85861,15,3
250900,85861,0,6
250900,85861,70,3
250900,85861,71,27
250900,85861,297,5
250900,85984,15,1
250900,86876,71,2
250900,86996,71,6
250900,87079,0,8
250900,87079,288,1
250900,87079,72,2
250900,87083,72,2
250900,87087,71,2
250900,87087,0,1
250900,87552,19,2
250900,87552,70,2
250900,87580,320,3
250900,87580,71,2
250900,92947,70,1
250900,92950,19,1
250900,92950,70,2
250900,94925,71,1
250900,95344,297,1
250900,96874,3,1
250900,98138,1053,1
250900,98138,41,4
250900,98374,1103,1
250900,98560,0,6
250900,99207,0,3
250900,99207,71,1
250900,99207,378,6
250912,15470,29,4
250912,15470,323,4
250912,15672,2,2
250912,15712,14,4
250912,1613,2,1
250912,1621pat0001,15,1
250912,22667,4,1
250912,24201,15,8
250912,2456,84,4
250912,28870,2,2
250912,3001,84,2
250912,3004,84,1
250912,30044,2,1
250912,3005,84,2
250912,3010,84,6
250912,30166,70,2
250912,3020,1,2
250912,3020,2,2
250912,3023,15,4
250912,3023,84,3
250912,3036,15,2
250912,3039,84,8
250912,3044c,84,2
250912,3062b,15,4
250912,3062b,4,8
250912,3659,84,1
250912,3666,84,2
250912,3710,2,2
250912,3710,84,2
250912,3899,10,1
250912,4032a,27,1
250912,41948,15,1
250912,4304,2,1
250912,49307,4,8
250912,49307,15,8
250912,54200,2,2
250912,60470b,2,1
250912,6141,15,8
250912,85861,4,1
250912,94161,70,1
250912,98138,322,2
250912,98138,1050,2
250912,98138,297,2
250912,98138,14,2
250912,98138,2,2
250912,98138,272,2
250912,98138,5,2
250912,99780,15,8
251057,10247,14,1
251057,11090,70,3
251057,11153,212,5
251057,11153,272,4
251057,11153,1,3
251057,11153,70,4
251057,11203,0,2
251057,11212,288,4
251057,11212,0,3
251057,11213,0,1
251057,11215,0,4
251057,11458,0,2
251057,11477,226,15
251057,11477,326,1
251057,11477,323,12
251057,11477,288,9
251057,11477,73,8
251057,11477,0,2
251057,11478,0,2
251057,13547,0,8
251057,13731,0,1
251057,14719,0,1
251057,14719,73,1
251057,15092,72,1
251057,15573,321,4
251057,15573,272,2
251057,15712,71,2
251057,18674,0,1
251057,18674,72,9
251057,18677,72,2
251057,20482,71,1
251057,22885,484,4
251057,22885,0,1
251057,23950,72,4
251057,2412b,1,5
251057,2420,72,1
251057,2420,0,1
251057,2420,378,2
251057,2420,73,5
251057,24201,212,22
251057,24201,70,10
251057,24307,1,2
251057,2445,0,2
251057,24482,212,1
251057,2465,0,29
251057,25269,288,31
251057,25269,3,14
251057,25269,272,5
251057,25269,73,6
251057,25269,15,7
251057,25269,0,2
251057,26047,0,1
251057,26601,326,4
251057,27925,1,6
251057,27925,0,4
251057,27925,322,2
251057,27925,326,2
251057,27925,272,6
251057,28192,0,2
251057,2877,70,1
251057,2921,0,1
251057,3001,4,3
251057,3001,0,2
251057,3002,14,1
251057,3002,0,9
251057,3003,322,4
251057,3003,72,1
251057,3003,14,1
251057,3004,321,1
251057,3004,0,16
251057,3004,70,1
251057,3005,71,1
251057,3005,70,1
251057,3007,0,38
251057,3008,0,14
251057,3008,1,1
251057,3009,70,2
251057,3010,0,1
251057,3010,1,2
251057,3010,323,2
251057,3010,321,2
251057,3020,4,1
251057,3020,272,3
251057,3020,323,1
251057,3020,72,1
251057,3020,0,4
251057,3020,1,2
251057,3021,272,8
251057,3021,71,2
251057,3022,272,6
251057,3022,70,2
251057,3022,226,5
251057,3022,73,7
251057,3022,0,1
251057,3023,288,38
251057,3023,226,26
251057,3023,0,23
251057,3023,321,15
251057,3023,272,49
251057,3023,484,3
251057,3023,73,52
251057,3023,1,3
251057,3023,70,1
251057,3023,326,11
251057,3023,323,42
251057,3023,72,2
251057,3024,226,18
251057,3024,288,5
251057,3024,308,7
251057,3024,71,1
251057,3024,72,2
251057,3024,212,26
251057,3024,1,8
251057,3024,73,15
251057,3024,326,3
251057,3024,0,8
251057,3024,323,23
251057,3024,191,1
251057,3024,272,7
251057,3027,0,2
251057,3029,1,2
251057,3030,0,12
251057,3031,0,1
251057,3032,1,1
251057,3032,70,2
251057,3032,0,4
251057,3034,0,11
251057,3035,0,2
251057,30357,272,1
251057,3040b,0,2
251057,3040b,272,4
251057,30414,0,14
251057,3043,484,1
251057,3049d,212,3
251057,30565,212,2
251057,30565,272,3
251057,30565,1,7
251057,3068b,0,6
251057,3069b,272,1
251057,3070b,28,2
251057,32002,19,2
251057,32062,4,1
251057,32278,0,1
251057,3297,0,30
251057,3460,0,24
251057,35464,19,1
251057,35464,212,4
251057,35464,484,2
251057,3622,0,2
251057,3622,73,2
251057,3622,72,5
251057,3623,0,2
251057,3623,323,5
251057,3623,322,5
251057,3623,326,14
251057,3623,288,5
251057,3623,272,5
251057,3623,73,5
251057,3623,70,13
251057,3623,15,1
251057,3665,0,1
251057,3665,323,1
251057,3665,226,1
251057,3665,73,1
251057,3665,272,1
251057,3666,322,8
251057,3666,1,9
251057,3666,326,5
251057,3666,73,2
251057,3666,272,2
251057,3666,288,13
251057,3676,0,4
251057,36840,226,6
251057,36841,73,19
251057,36841,0,4
251057,3700,14,1
251057,3700,0,2
251057,3710,1,223
251057,3710,0,4
251057,3710,226,17
251057,3710,73,10
251057,3710,321,142
251057,3710,323,35
251057,3710,322,38
251057,3710,308,12
251057,3710,272,60
251057,3710,212,11
251057,3795,0,2
251057,3960pr0040,15,2
251057,3960pr0041,322,2
251057,4032a,378,13
251057,4032a,322,13
251057,4032a,288,29
251057,4032a,1,3
251057,4070,71,1
251057,4161,0,8
251057,4162,0,1
251057,4162,1,4
251057,4162,272,3
251057,41682,0,43
251057,42023,0,2
251057,4216,15,2
251057,4216,71,3
251057,4274,71,2
251057,4286,0,3
251057,4286,70,1
251057,43722,1,1
251057,43898pr0021,33,2
251057,43898pr0022,41,3
251057,44301b,71,4
251057,44375bpr0013,226,1
251057,44728,70,6
251057,44728,1,14
251057,4477,0,7
251057,4477,72,1
251057,44861,288,2
251057,4740,14,1
251057,4740,33,1
251057,4871,25,4
251057,49307,0,8
251057,50950,272,6
251057,50950,322,8
251057,50950,308,15
251057,54200,272,5
251057,54200,212,7
251057,54383,272,4
251057,54383,1,1
251057,54657,72,4
251057,59443,0,1
251057,6005,0,2
251057,60474,1,2
251057,60476,0,1
251057,60478,70,1
251057,60478,15,1
251057,60478,28,1
251057,60479,0,5
251057,6060,308,1
251057,60897,484,2
251057,60897,15,1
251057,60897,72,2
251057,6091,288,7
251057,6091,0,1
251057,6091,272,3
251057,6091,212,3
251057,6111,0,2
251057,6112,0,1
251057,61252,71,1
251057,61332,0,1
251057,6141,326,42
251057,6141,308,27
251057,6141,25,5
251057,6179pr0033,15,1
251057,65304,0,1
251057,6541,0,2
251057,65487,0,8
251057,6587,28,4
251057,6636,70,5
251057,67139,0,1
251057,67329,14,2
251057,70681,212,12
251057,70681,378,2
251057,76959,0,76
251057,78256,71,1
251057,78258,0,1
251057,78329,84,2
251057,78666,212,3
251057,79756,0,68
251057,79757,0,8
251057,85861,70,2
251057,85861,71,1
251057,85984,378,2
251057,85984,70,2
251057,87079,0,1
251057,87609,1,1
251057,87994,70,2
251057,87994,0,2
251057,91988,0,1
251057,92692,70,1
251057,93273,308,11
251057,93273,1,5
251057,93551pr0002,84,1
251057,93552pat0003,70,1
251057,96874,25,1
251057,98138,191,15
251057,99206,15,1
251057,99206,71,4
251057,99207,71,8
251057,99207,0,4
251057,99301,0,4
251057,99563,70,6
251057,99781,226,4
251059,11090,0,1
251059,11211,326,1
251059,11211,70,3
251059,11211,212,2
251059,11212,326,1
251059,11253,297,1
251059,1126,71,12
251059,11476,71,1
251059,11477,19,2
251059,11477,326,2
251059,13564,15,1
251059,14716,72,1
251059,14716,0,3
251059,14716,28,5
251059,14718,71,1
251059,14719,28,2
251059,15533,84,1
251059,15535,70,1
251059,15571,0,1
251059,15571,71,2
251059,15573,484,2
251059,15573,308,2
251059,15573,0,4
251059,15573,29,1
251059,15573,70,4
251059,15573,25,1
251059,15573,72,19
251059,15573,272,9
251059,15573,5,1
251059,15573,28,16
251059,15573,71,1
251059,15573,320,1
251059,15573,297,3
251059,15573,26,1
251059,15573,19,3
251059,15573,85,2
251059,15573,27,1
251059,15712,378,2
251059,15712,71,1
251059,15712,25,2
251059,15712,0,1
251059,15745,45,1
251059,1745,297,2
251059,1745,71,6
251059,1748,25,3
251059,17485,19,1
251059,18674,25,1
251059,18674,28,2
251059,18677,0,4
251059,18920,297,1
251059,1927,15,6
251059,20310,72,4
251059,20482,71,2
251059,20482,72,2
251059,20482,28,2
251059,20482,4,1
251059,20482,0,2
251059,20482,297,5
251059,20482,288,2
251059,20482,272,2
251059,20482,70,7
251059,20482,47,3
251059,22388,0,10
251059,22484,25,1
251059,22885,28,1
251059,22885,484,4
251059,2310,85,5
251059,23443,15,2
251059,23443,0,1
251059,23443,1,1
251059,23443,27,1
251059,2357,0,1
251059,2357,15,2
251059,23950,0,1
251059,23969,70,1
251059,23969,322,1
251059,2412b,71,9
251059,2412b,70,9
251059,2412b,179,6
251059,2412b,320,2
251059,2412b,15,4
251059,2412b,297,1
251059,2420,2,2
251059,2420,308,2
251059,2420,326,1
251059,2420,70,2
251059,2420,30,2
251059,2420,0,2
251059,2420,320,1
251059,2420,15,4
251059,2420,72,11
251059,2420,28,7
251059,24201,15,1
251059,24246,1050,2
251059,24246,0,1
251059,24246,14,1
251059,24246,70,2
251059,24246,4,1
251059,24246,212,2
251059,24246,27,1
251059,24246,1,1
251059,24246,15,1
251059,24246,379,6
251059,24246,2,2
251059,24246,484,1
251059,24246,85,1
251059,24246,71,2
251059,24246,10,1
251059,24246pr0051,70,6
251059,24299,71,1
251059,24299,28,2
251059,24307,28,2
251059,2431,0,6
251059,2431,28,1
251059,2431,272,1
251059,2431,31,4
251059,2432,85,1
251059,24866,15,1
251059,24866,30,12
251059,24866,212,2
251059,24866,10,1
251059,24866,31,1
251059,24866,27,3
251059,24866,297,5
251059,24866,2,3
251059,25269,297,2
251059,25269,31,2
251059,25269,226,1
251059,25269,25,2
251059,25269,10,1
251059,25269,4,1
251059,25269,15,8
251059,25269,85,8
251059,25269,28,4
251059,25269,72,2
251059,25269,322,1
251059,2540,28,1
251059,26047,0,2
251059,26047,14,2
251059,26047,71,6
251059,26047,70,1
251059,26047,15,4
251059,2639,28,1
251059,26601,15,2
251059,26601,0,2
251059,26603,72,1
251059,26603,0,1
251059,26603,28,5
251059,26604,15,2
251059,26604,72,2
251059,27263,70,1
251059,27263,71,2
251059,27925,31,1
251059,27925,85,1
251059,27925,71,4
251059,28621,46,2
251059,2877,0,1
251059,29119,71,1
251059,29120,71,1
251059,3001,85,1
251059,3002,85,1
251059,3004,28,3
251059,3004,326,1
251059,3004,31,1
251059,3004,226,3
251059,3004,0,1
251059,3004,85,1
251059,3004,288,2
251059,3004,72,1
251059,3004,71,2
251059,3004,378,5
251059,30044,0,1
251059,30046,297,1
251059,3005,484,4
251059,3005,182,2
251059,3005,85,5
251059,3005,288,5
251059,3005,47,37
251059,3005,28,5
251059,3005,320,11
251059,3005,84,9
251059,3005,19,4
251059,3005,326,3
251059,3005,72,16
251059,3005,26,4
251059,3005,378,4
251059,3005,15,13
251059,3005,308,5
251059,3005,71,1
251059,3005,212,2
251059,3005,272,3
251059,3005,46,2
251059,3005,0,7
251059,3005,31,16
251059,3005,41,2
251059,3005,5,4
251059,3009,72,1
251059,3010,28,5
251059,3010,326,5
251059,3010,484,2
251059,3010,288,4
251059,3010,212,5
251059,3010,72,2
251059,3010,378,2
251059,30136,308,3
251059,30136,0,2
251059,30136,72,2
251059,30153,35,1
251059,30153,52,1
251059,30153,34,1
251059,30153,45,1
251059,30153,41,1
251059,30153,47,1
251059,30153,36,1
251059,30153,46,1
251059,3020,70,1
251059,3020,15,1
251059,3020,85,2
251059,3020,31,2
251059,3020,71,2
251059,3020,379,3
251059,3020,28,3
251059,3020,19,1
251059,3020,308,1
251059,3020,72,7
251059,3020,5,1
251059,3020,288,1
251059,3020,26,1
251059,3020,30,2
251059,3021,28,6
251059,3021,72,8
251059,3021,70,2
251059,3021,1,1
251059,3021,2,1
251059,3021,0,1
251059,3022,19,1
251059,3022,484,2
251059,3022,30,4
251059,3022,0,3
251059,3022,378,1
251059,3022,379,2
251059,3022,25,3
251059,3022,85,1
251059,3022,28,5
251059,3023,26,3
251059,3023,36,1
251059,3023,72,27
251059,3023,484,11
251059,3023,70,4
251059,3023,85,8
251059,3023,15,22
251059,3023,308,7
251059,3023,5,3
251059,3023,212,6
251059,3023,226,2
251059,3023,1,3
251059,3023,2,2
251059,3023,47,22
251059,3023,326,5
251059,3023,297,8
251059,3023,0,11
251059,3023,25,7
251059,3023,19,3
251059,3023,378,4
251059,3023,379,3
251059,3023,31,6
251059,3023,320,5
251059,3023,288,13
251059,3023,84,4
251059,3023,28,15
251059,3023,71,8
251059,3024,27,1
251059,3024,47,14
251059,3024,25,7
251059,3024,326,13
251059,3024,0,7
251059,3024,71,3
251059,3024,1,4
251059,3024,320,13
251059,3024,484,10
251059,3024,297,7
251059,3024,84,10
251059,3024,3,1
251059,3024,30,6
251059,3024,31,5
251059,3024,212,3
251059,3024,72,18
251059,3024,28,13
251059,3024,15,18
251059,3024,26,2
251059,3024,378,4
251059,3024,19,12
251059,3024,272,1
251059,3024,85,2
251059,3024,191,9
251059,3024,379,7
251059,3024,308,29
251059,3024,4,3
251059,3024,70,4
251059,3029,0,1
251059,3029,71,1
251059,3029,72,1
251059,3030,0,2
251059,3030,72,1
251059,3032,70,1
251059,3032,72,5
251059,3034,72,1
251059,3034,0,2
251059,3035,72,7
251059,3035,71,1
251059,30357,0,1
251059,30357,84,3
251059,30357,72,5
251059,3036,72,9
251059,30375,15,1
251059,3039,0,3
251059,3039,272,8
251059,3040b,0,3
251059,3040b,379,2
251059,3040b,308,4
251059,30414,72,2
251059,3043,0,1
251059,3044c,72,1
251059,3049d,72,1
251059,3062b,34,2
251059,3062b,84,5
251059,3062b,320,4
251059,3062b,308,2
251059,3062b,47,2
251059,3062b,323,1
251059,3062b,0,3
251059,3062b,2,1
251059,3069b,378,2
251059,3069b,85,1
251059,3069b,71,6
251059,3069b,272,4
251059,3069b,2,1
251059,3069b,80,1
251059,3069b,46,1
251059,3069b,31,2
251059,3069b,308,3
251059,3069b,84,1
251059,3069b,15,1
251059,3069b,0,5
251059,3069b,28,2
251059,3069b,72,5
251059,3069b,484,2
251059,3069b,47,1
251059,3069bpr0238,19,1
251059,3069bpr0313,19,1
251059,3069bpr0314,19,1
251059,3070b,28,15
251059,3070b,1,1
251059,3070b,85,1
251059,3070b,70,3
251059,3070b,47,2
251059,3070b,2,1
251059,3070b,19,9
251059,3070b,158,1
251059,3070b,3,1
251059,3070b,25,2
251059,3070b,72,1
251059,3070b,0,6
251059,3070b,71,10
251059,3070b,182,4
251059,32028,484,2
251059,32028,70,6
251059,32028,379,3
251059,32028,297,5
251059,32028,378,3
251059,32028,320,3
251059,32028,71,15
251059,32028,272,2
251059,32028,0,1
251059,32028,28,1
251059,32028,72,9
251059,3233,15,3
251059,3233,19,1
251059,3233,71,2
251059,3245c,0,1
251059,3245c,15,4
251059,32607,30,1
251059,32607,326,1
251059,32607,297,1
251059,32828,0,16
251059,32828,72,1
251059,32828,297,3
251059,32828,84,2
251059,32952,378,3
251059,32952,85,2
251059,32952,84,2
251059,32952,72,3
251059,32952,71,8
251059,32952,0,2
251059,32952,326,4
251059,32952,15,2
251059,32952,320,1
251059,33320,26,1
251059,3386,0,1
251059,33909,71,1
251059,33909,379,1
251059,34103,71,4
251059,34103,15,2
251059,34103,84,3
251059,34103,72,1
251059,34103,70,10
251059,34103,0,6
251059,34103,28,16
251059,3460,28,2
251059,3460,72,1
251059,3460,71,3
251059,3484,31,2
251059,3484,297,2
251059,3484,4,1
251059,3484,14,3
251059,3484,25,1
251059,3484,15,1
251059,35459,0,2
251059,35464,4,2
251059,35464,212,1
251059,35464,0,5
251059,35464,484,1
251059,35480,0,4
251059,35480,378,1
251059,35480,27,1
251059,35480,272,9
251059,35480,19,3
251059,35480,484,5
251059,35480,71,1
251059,35480,28,1
251059,35480,70,1
251059,35480,14,1
251059,35480,320,3
251059,3622,84,6
251059,3622,212,2
251059,3622,72,3
251059,3622,0,3
251059,3622,378,2
251059,3623,226,2
251059,3623,308,18
251059,3623,15,2
251059,3623,0,4
251059,3623,70,4
251059,3623,326,2
251059,3623,1,1
251059,3623,72,10
251059,3623,212,4
251059,3623,28,10
251059,3623,25,1
251059,3623,484,3
251059,3623,71,1
251059,3626cpr3284,78,1
251059,3659,84,1
251059,3659,0,1
251059,3659,72,1
251059,3661,0,1
251059,3666,31,6
251059,3666,70,1
251059,3666,28,1
251059,3666,0,1
251059,3666,25,2
251059,3666,320,1
251059,3666,72,5
251059,3673,71,2
251059,36840,72,4
251059,36840,70,1
251059,36841,15,2
251059,36841,85,2
251059,3709,84,1
251059,3710,30,4
251059,3710,326,1
251059,3710,70,4
251059,3710,379,2
251059,3710,272,1
251059,3710,72,10
251059,3710,212,2
251059,3710,71,10
251059,3710,484,7
251059,3710,28,18
251059,3710,0,4
251059,3710,288,2
251059,3710,308,9
251059,3710,15,2
251059,37352,85,1
251059,37352,272,4
251059,3743,0,1
251059,3753,71,1
251059,37704,297,1
251059,37762,308,2
251059,37762,71,1
251059,37762,179,1
251059,37762,72,1
251059,37762,0,1
251059,3795,70,1
251059,3795,0,4
251059,3795,72,2
251059,3795,71,3
251059,3795,30,2
251059,3832,70,1
251059,3832,0,5
251059,38320,297,2
251059,38320,0,2
251059,3878,0,1
251059,38799,0,6
251059,3941,25,3
251059,3941,47,10
251059,3941,46,4
251059,3941,19,1
251059,3942c,0,1
251059,3958,72,1
251059,39739,5,1
251059,4032a,14,5
251059,4032a,2,1
251059,4032a,71,7
251059,4032a,0,4
251059,4032a,28,6
251059,4032a,85,2
251059,4032a,25,6
251059,4032a,70,2
251059,4070,320,2
251059,4070,15,1
251059,4070,0,9
251059,4070,70,10
251059,4070,28,5
251059,4070,71,17
251059,4070,25,8
251059,4070,72,13
251059,4162,71,3
251059,4162,0,12
251059,4162pr0117,0,1
251059,41740,72,8
251059,41740,71,2
251059,41740,28,1
251059,41769,28,3
251059,4278,15,1
251059,4278,28,2
251059,43722,72,2
251059,43723,28,6
251059,43723,72,1
251059,4477,0,4
251059,4490,15,3
251059,4599b,297,4
251059,4733,15,1
251059,4740,47,1
251059,47905,15,1
251059,47905,378,1
251059,4865b,47,1
251059,4865b,28,1
251059,4865b,25,1
251059,4865b,0,2
251059,49307,288,1
251059,49307,72,1
251059,49307,484,1
251059,49307,70,2
251059,49307,1050,1
251059,49307,4,1
251059,49308,378,1
251059,50340,0,1
251059,5091,15,1
251059,5091,0,1
251059,5092,15,1
251059,5092,25,1
251059,5092,0,2
251059,5092,4,1
251059,5404,15,4
251059,54200,379,2
251059,54200,378,2
251059,54200,15,5
251059,54200,70,4
251059,54200,288,2
251059,54200,484,7
251059,54200,326,7
251059,54200,212,2
251059,54200,47,4
251059,54200,19,5
251059,54200,72,4
251059,54200,272,1
251059,54200,85,6
251059,54200,28,4
251059,54200,71,3
251059,54200,25,3
251059,54383,15,1
251059,54384,15,1
251059,54657,72,12
251059,58176,35,1
251059,58176,41,1
251059,58176,182,2
251059,5903,29,1
251059,5903,14,1
251059,59900,72,3
251059,59900,308,4
251059,59900,297,1
251059,59900,2,1
251059,59900,0,3
251059,59900,10,1
251059,60474,71,1
251059,60474,15,2
251059,60479,72,1
251059,60481,326,7
251059,60481,71,6
251059,60581,71,1
251059,60592,378,3
251059,60592,72,1
251059,60592,0,1
251059,60592,288,3
251059,60592,379,2
251059,60592,320,1
251059,60592,1,2
251059,60592,272,2
251059,60594,70,1
251059,60601,46,1
251059,60601,47,1
251059,60601,308,7
251059,60601,41,1
251059,60601pr0012,47,6
251059,60602,0,3
251059,60607,0,2
251059,60897,0,2
251059,60897,71,2
251059,60897,25,2
251059,61184,71,1
251059,61252,25,1
251059,61252,72,4
251059,61252,0,1
251059,61252,297,4
251059,61252,1,1
251059,61252,85,1
251059,6141,26,1
251059,6141,85,6
251059,6141,226,2
251059,6141,70,4
251059,6141,19,3
251059,6141,3,5
251059,6141,46,18
251059,6141,36,2
251059,6141,34,2
251059,6141,14,2
251059,6141,72,4
251059,6141,15,21
251059,6141,484,13
251059,6141,25,1
251059,6141,71,3
251059,6141,0,4
251059,6141,320,3
251059,6141,378,6
251059,6141,297,15
251059,6141,308,7
251059,6231,4,1
251059,6231,15,2
251059,6231,70,1
251059,6231,14,1
251059,6231,1,1
251059,6254,26,1
251059,62810,484,1
251059,63864,15,2
251059,63864,28,1
251059,63864,0,1
251059,63864,84,5
251059,63864,272,1
251059,63868,15,4
251059,63868,14,1
251059,63868,4,1
251059,63868,0,1
251059,63868,308,1
251059,63868,72,4
251059,63965,71,1
251059,64644,297,3
251059,64644,0,1
251059,64644,15,12
251059,64644,19,2
251059,65092,1055,9
251059,6541,70,6
251059,65426,28,1
251059,65429,28,1
251059,6636,71,2
251059,6636,0,2
251059,68013,71,2
251059,68504,47,1
251059,70681,0,1
251059,73230,70,1
251059,73825,84,1
251059,73831,308,1
251059,73831,0,4
251059,77844,0,3
251059,77844,308,1
251059,77850,0,1
251059,77850,71,1
251059,77850,84,1
251059,78256,15,2
251059,78256,71,1
251059,78257,15,1
251059,78258,0,1
251059,78329,72,8
251059,78329,15,12
251059,78329,71,10
251059,78329,84,5
251059,78329,272,2
251059,78329,19,2
251059,78329,0,1
251059,78443,28,5
251059,78444,28,2
251059,78666,212,2
251059,78666,0,6
251059,79194,47,1
251059,79194,297,1
251059,79389,84,1
251059,79393,84,1
251059,79491,28,2
251059,80686,72,1
251059,85080,0,1
251059,85080,84,2
251059,85861,297,8
251059,85861,41,1
251059,85861,2,1
251059,85861,0,29
251059,85861,320,1
251059,85861,71,9
251059,85861,28,5
251059,85861,70,1
251059,85861,15,12
251059,85861,19,2
251059,85861,72,1
251059,85959pat0003,36,1
251059,85984,0,4
251059,85984,272,3
251059,85984,484,1
251059,85984,308,2
251059,85984,30,4
251059,85984,1136,1
251059,85984,72,12
251059,86876,212,1
251059,86876,19,1
251059,86876,0,2
251059,86876,71,2
251059,86876,72,5
251059,86876,484,4
251059,86996,0,3
251059,86996,71,11
251059,87079,0,1
251059,87079,85,1
251059,87079,72,1
251059,87081,15,1
251059,87087,212,2
251059,87087,70,4
251059,87087,72,3
251059,87087,19,3
251059,87552,70,2
251059,87580,28,2
251059,87620,0,3
251059,87620,31,2
251059,87693,15,3
251059,87994,0,9
251059,88072,71,3
251059,88072,0,1
251059,89522,179,1
251059,90195,71,1
251059,90195,70,5
251059,90195,19,5
251059,90398,15,1
251059,90398,297,1
251059,90398,378,2
251059,90398pr0064,70,1
251059,90398pr0065,30,1
251059,90398pr0066,323,1
251059,90398pr0067,28,1
251059,90398pr0068,320,1
251059,90398pr0069,308,1
251059,90398pr0070,308,1
251059,90398pr0071,72,1
251059,90398pr0072,72,1
251059,90398pr0073,272,1
251059,90398pr0074,272,1
251059,90398pr0075,0,1
251059,91988,0,8
251059,91988,72,2
251059,92690,297,1
251059,93061,15,2
251059,93552pat0002,70,2
251059,93552pat0003,70,2
251059,93609,14,2
251059,96874,3,1
251059,98138,1053,2
251059,98138,3,1
251059,98138,1060,2
251059,98138,71,7
251059,98138,15,9
251059,98138,308,3
251059,98138,191,2
251059,98138,1062,2
251059,98138pr0017,29,1
251059,98138pr0018,84,1
251059,98138pr0051,297,1
251059,98138pr0256,297,1
251059,98138pr0271,191,1
251059,98138pr0351,10,1
251059,98138pr0353,297,1
251059,98138pr0354,272,1
251059,98283,70,2
251059,98283,326,3
251059,98283,15,7
251059,98283,484,1
251059,98283,28,1
251059,98283,72,2
251059,98283,84,2
251059,99563,19,2
251059,99563,297,2
251059,99563,0,2
251059,99563,320,1
251059,99563,3,1
251059,99780,72,1
251059,99780,378,2
251059,99780,0,1
251059,99780,19,1
251059,99780,28,6
251059,99780,70,2
251059,99780,484,7
251059,99781,72,1
251060,10126,78,1
251060,10127,78,1
251060,10197,72,1
251060,11090,72,2
251060,11211,1,1
251060,11211,71,9
251060,11211,29,4
251060,11211,4,1
251060,11212,0,2
251060,11458,0,4
251060,11477,15,1
251060,14719,70,2
251060,15068,70,1
251060,15068,323,8
251060,15068,28,2
251060,15068,19,2
251060,15068pr0026,212,1
251060,15462,70,1
251060,15573,308,2
251060,15573,0,3
251060,15672,0,2
251060,1745,323,1
251060,1745,15,1
251060,1762pr0001,78,1
251060,18654,0,3
251060,18674,71,1
251060,1927,28,2
251060,20482,72,2
251060,20482,272,1
251060,22885,14,3
251060,22961,71,2
251060,23443,71,2
251060,24122,72,2
251060,2412b,179,4
251060,2420,308,2
251060,2420,71,2
251060,2420,84,4
251060,24246,71,2
251060,24299,15,1
251060,24307,15,1
251060,24309,323,2
251060,24309,28,3
251060,2431,0,2
251060,24316,70,1
251060,2477,0,2
251060,25214,71,1
251060,25269,308,4
251060,25269,323,5
251060,2540,72,3
251060,2654,47,1
251060,26601,70,2
251060,26601,28,2
251060,26603,19,2
251060,26603,1,1
251060,27261,308,6
251060,27261,0,1
251060,27507,323,2
251060,27925,272,2
251060,27940,72,1
251060,28192,28,4
251060,28192,72,2
251060,28802,71,1
251060,29119,308,2
251060,29119,70,1
251060,29119,72,1
251060,29120,72,1
251060,29120,70,1
251060,29120,308,2
251060,3001,29,1
251060,3002,71,1
251060,3002,0,3
251060,3003,71,1
251060,3003,29,1
251060,3004,15,1
251060,3005,28,4
251060,3005,72,1
251060,3009,323,2
251060,3009,70,1
251060,3010,212,2
251060,30136,70,4
251060,30136,71,1
251060,3020,26,1
251060,3020,15,1
251060,3020,0,2
251060,3020,308,1
251060,3020,72,2
251060,3020,323,2
251060,3021,71,1
251060,3021,0,2
251060,3021,72,4
251060,3021,4,3
251060,3021,323,2
251060,3021,70,2
251060,3021,2,1
251060,3021,28,2
251060,3022,14,6
251060,3023,15,1
251060,3023,0,3
251060,3023,78,1
251060,3023,36,1
251060,3023,1,7
251060,3023,70,8
251060,3023,323,2
251060,3023,28,21
251060,3024,28,8
251060,3032,28,1
251060,3032,70,1
251060,3034,0,2
251060,3035,71,1
251060,30414,70,1
251060,3062b,72,2
251060,3068b,4,1
251060,3068b,28,2
251060,30699,0,3
251060,3069b,323,9
251060,3069b,212,2
251060,3069b,28,2
251060,3070b,36,1
251060,3070b,212,1
251060,3070b,72,1
251060,3170,0,1
251060,32028,71,5
251060,32028,0,4
251060,32123b,71,12
251060,32449,0,1
251060,3245c,71,1
251060,3245c,70,2
251060,3262pr0005,15,1
251060,32952,84,2
251060,3386,15,3
251060,33909,0,1
251060,34103,71,2
251060,3484,71,2
251060,35480,71,12
251060,35480,70,4
251060,3622,323,1
251060,3623,28,2
251060,3623,0,1
251060,3623,71,7
251060,3666,323,3
251060,3666,28,6
251060,3666,70,1
251060,36840,70,2
251060,36841,71,2
251060,36841,15,1
251060,36841,212,2
251060,3700,71,4
251060,3700,84,2
251060,3700,0,2
251060,3701,71,1
251060,3702,71,1
251060,3705,0,2
251060,3709,84,2
251060,3710,72,1
251060,3710,308,6
251060,3710,0,3
251060,3710,84,3
251060,3710,5,1
251060,37352,0,2
251060,3795,15,2
251060,3795,71,2
251060,3795,28,1
251060,3894,72,1
251060,3900,71,2
251060,3941,31,1
251060,3957b,47,1
251060,39739,1050,1
251060,4032a,29,3
251060,4032a,2,4
251060,4032a,28,2
251060,4070,272,1
251060,41677,0,2
251060,41740,19,2
251060,41769,28,2
251060,41770,28,2
251060,42135,71,1
251060,42195,71,2
251060,4286,28,2
251060,42924,1,2
251060,4304,1,1
251060,4304,0,2
251060,4304,4,1
251060,4304,71,7
251060,43093,1,3
251060,44294,71,2
251060,44728,71,2
251060,44861,84,2
251060,4740,71,1
251060,4740,323,2
251060,47753,28,2
251060,48336,84,2
251060,49307,78,1
251060,5066,72,2
251060,50950,28,4
251060,54200,308,2
251060,54200,323,1
251060,56904,71,3
251060,59443,71,2
251060,6005,323,2
251060,60470b,0,1
251060,60478,72,2
251060,60481,308,8
251060,60897,72,2
251060,6091,70,10
251060,6091,19,2
251060,61252,0,3
251060,61332,0,12
251060,6141,29,2
251060,6141,0,2
251060,62462,0,3
251060,63864,78,1
251060,63864,70,2
251060,63868,0,2
251060,63868,15,2
251060,6536,71,4
251060,6541,70,2
251060,65578,47,1
251060,6589,19,2
251060,67810,70,4
251060,68013,78,1
251060,68013,70,4
251060,68568,212,2
251060,70681,0,2
251060,73562,0,1
251060,76797,323,2
251060,78257,15,1
251060,78258,0,1
251060,78258,71,1
251060,79389,72,2
251060,79491,70,4
251060,81911,47,1
251060,85861,78,1
251060,85861,0,4
251060,85984,0,3
251060,87079,28,1
251060,87087,71,2
251060,87580,5,1
251060,87580,323,2
251060,87994,72,4
251060,87994,308,1
251060,93273,28,2
251060,93606,28,2
251060,98138,71,2
251060,98138,78,1
251060,99207,72,3
251060,99207,321,4
251060,99207,0,1
251060,99207,71,6
251060,99563,0,2
251060,99563,15,1
251060,99780,0,5
251060,99780,72,3
251060,99781,71,1
251060,99781,15,2
251061,10110178,9999,1
251061,11211,71,1
251061,11477,308,8
251061,13965,28,4
251061,14716,72,1
251061,14716,70,2
251061,15254,72,1
251061,15573,28,2
251061,15672,28,2
251061,1927,70,6
251061,20482,47,1
251061,20482,0,3
251061,24122,70,1
251061,2420,71,1
251061,2431,70,2
251061,26603,70,1
251061,2877,19,2
251061,3004,28,2
251061,30046,0,1
251061,3005,28,6
251061,3005,70,1
251061,3005,71,4
251061,3009,70,2
251061,3010,70,1
251061,30136,308,3
251061,3020,71,1
251061,3020,70,1
251061,3022,326,1
251061,3023,3,1
251061,3023,226,2
251061,3023,28,1
251061,3023,308,4
251061,3023,272,1
251061,3024,70,10
251061,3024,71,1
251061,3024,28,1
251061,3032,28,2
251061,30374,47,1
251061,3040b,72,1
251061,3062b,84,6
251061,3068b,70,1
251061,3069b,320,1
251061,3069b,85,1
251061,3069b,378,1
251061,3069b,308,2
251061,3069bpr9933,19,2
251061,3070b,308,1
251061,32000,70,2
251061,32028,70,2
251061,32028,71,1
251061,3245c,72,1
251061,32952,71,3
251061,33909,272,1
251061,33909,484,2
251061,33909,379,1
251061,3623,71,1
251061,3623,28,1
251061,3659,70,1
251061,3666,70,3
251061,3666,28,1
251061,3666,308,2
251061,36752a,28,1
251061,36752a,70,2
251061,3700,84,1
251061,3710,71,1
251061,3710,28,1
251061,3710,70,4
251061,3749,19,1
251061,37775,182,2
251061,3795,28,2
251061,3795,308,2
251061,4599b,0,1
251061,54200,70,1
251061,54200,308,4
251061,5520,84,2
251061,60581,72,1
251061,60581,70,2
251061,60583b,71,1
251061,60594,70,1
251061,60594,308,1
251061,60603,0,1
251061,60607,72,2
251061,63864,308,2
251061,64390,308,1
251061,64647,15,3
251061,65509,70,2
251061,6636,71,1
251061,6636,28,2
251061,66909,0,1
251061,69729,71,1
251061,85861,47,1
251061,87079,70,1
251061,87087,71,1
251061,87544,70,1
251061,87552,70,4
251061,87580,70,2
251061,98283,72,4
251061,99207,272,1
251061,99563,71,2
251061,99781,0,2
251062,102498pat0001,0,1
251062,102498pat0001,308,1
251062,11211,19,1
251062,14719,70,2
251062,15573,71,1
251062,15573,85,4
251062,20310,19,2
251062,2420,1,2
251062,2420,72,4
251062,2420,2,1
251062,2420,14,1
251062,2431,4,2
251062,2431,70,4
251062,2653,70,4
251062,26603,70,2
251062,30115,28,1
251062,30136,70,8
251062,30136,19,2
251062,30153,47,1
251062,30153,46,1
251062,3020,28,2
251062,3020,0,1
251062,3020,308,2
251062,3021,0,2
251062,3022,15,2
251062,3022,308,2
251062,3022,2,1
251062,3023,28,4
251062,3023,1,2
251062,3023,70,2
251062,3031,0,2
251062,3036,0,2
251062,3040b,19,2
251062,3068b,72,2
251062,3069b,19,1
251062,3069b,71,2
251062,32028,0,4
251062,3460,70,4
251062,3622,15,2
251062,3623,70,10
251062,3666,0,4
251062,3666,4,2
251062,36752a,28,1
251062,36752a,0,1
251062,3710,0,2
251062,37775,182,1
251062,3795,308,4
251062,3941,15,1
251062,4162pr0116,70,4
251062,4477,70,2
251062,4740,46,1
251062,4740,47,1
251062,60478,70,2
251062,63864,19,2
251062,63868,14,2
251062,6636,14,1
251062,6636,2,1
251062,6636,71,2
251062,69729pr0044,85,2
251062,78329,15,2
251062,85861,70,1
251062,87552,19,1
251062,98138,84,2
251062,98138,15,2
251063,10111297,9999,1
251063,10187,179,2
251063,10247,0,2
251063,11211,72,6
251063,13547,0,4
251063,14704,72,3
251063,14719,14,2
251063,14769,191,3
251063,15068,71,3
251063,15068,0,1
251063,15068,320,2
251063,15456,0,3
251063,15573,72,3
251063,15573,15,2
251063,15573,320,1
251063,15712,72,3
251063,15712,320,4
251063,1686,1103,2
251063,1745,0,1
251063,1762,71,2
251063,18649,4,1
251063,18654,71,2
251063,18674,72,3
251063,18677,72,2
251063,18973,33,1
251063,1927,0,4
251063,20482,4,4
251063,22385,0,6
251063,23443,80,2
251063,2357,0,2
251063,23969,71,2
251063,23969,0,3
251063,2420,4,4
251063,2420,0,7
251063,24201,0,2
251063,24246,34,1
251063,24246,36,1
251063,24299,71,1
251063,24307,71,1
251063,24309,320,2
251063,24316,70,1
251063,2432,71,3
251063,2445,0,1
251063,2450,0,1
251063,2453b,15,2
251063,2454b,15,1
251063,25269,0,2
251063,25269,320,4
251063,25269,71,12
251063,26047,0,2
251063,2630,15,1
251063,2654,320,2
251063,2654,71,2
251063,2654,72,4
251063,2654,0,5
251063,2655,71,1
251063,26601,0,2
251063,26601,71,4
251063,26601,72,4
251063,26603,71,3
251063,2723,71,1
251063,27263,71,2
251063,27263,0,2
251063,27263,320,2
251063,2817,71,1
251063,28192,71,3
251063,28802,71,2
251063,29119,0,3
251063,29119,320,1
251063,29119,71,3
251063,29120,71,3
251063,29120,0,3
251063,29120,320,1
251063,2937,15,1
251063,3003,28,1
251063,3004,72,5
251063,3009,72,1
251063,3020,0,2
251063,3021,320,2
251063,3021,72,5
251063,3022,71,1
251063,3022,27,3
251063,3023,41,4
251063,3023,320,4
251063,3023,71,2
251063,3024,320,2
251063,3024,25,2
251063,3024,71,4
251063,3031,0,1
251063,3034,71,3
251063,30374,41,1
251063,3039,0,1
251063,30503,71,2
251063,30504,0,1
251063,30565,71,3
251063,30602,0,2
251063,3062b,4,1
251063,3062b,41,3
251063,3062b,47,3
251063,3068b,320,1
251063,3069b,72,1
251063,3069b,320,2
251063,3069b,0,4
251063,3070b,0,6
251063,3070b,14,4
251063,3171,0,8
251063,32000,72,2
251063,32013,72,1
251063,32062,0,4
251063,32064a,0,3
251063,32316,0,2
251063,32803,0,10
251063,32803,71,1
251063,32803,320,2
251063,32828,71,4
251063,3300,320,2
251063,3460,71,2
251063,3464,72,1
251063,3484,72,1
251063,35480,72,15
251063,35787,71,18
251063,35787,0,2
251063,35787,320,3
251063,3622,71,1
251063,3623,0,3
251063,3623,71,2
251063,3659,15,1
251063,3660,72,4
251063,3665,0,2
251063,36841,0,2
251063,3700,71,2
251063,3710,0,4
251063,3710,320,1
251063,3710,322,2
251063,3749,19,2
251063,37775,182,2
251063,3795,0,1
251063,3795,14,1
251063,3832,72,1
251063,3839b,0,2
251063,3899,4,1
251063,3937,71,2
251063,3938,0,1
251063,3941,72,3
251063,3941,71,3
251063,3943b,72,1
251063,3957b,0,2
251063,3958,0,1
251063,39888,19,2
251063,4032a,5,1
251063,4042,47,2
251063,4070,72,8
251063,4081b,72,2
251063,41740,71,3
251063,41769,0,3
251063,41770,0,3
251063,42610,0,2
251063,4282,71,1
251063,4282,0,1
251063,4282,72,1
251063,4304,72,2
251063,43713,72,1
251063,43722,72,1
251063,43722,0,2
251063,43723,0,2
251063,43723,72,1
251063,44294,71,1
251063,44728,72,1
251063,4477,72,2
251063,44861,0,4
251063,4519,14,1
251063,4599b,4,1
251063,4740,71,1
251063,47455,0,2
251063,47753,0,1
251063,48171,0,2
251063,48336,0,2
251063,48336,71,2
251063,4871,0,2
251063,5091,72,2
251063,5091,0,1
251063,5091,15,2
251063,5092,0,1
251063,5092,72,2
251063,5092,15,2
251063,51739,0,3
251063,53451,179,2
251063,53585,0,7
251063,54200,41,2
251063,54200,0,6
251063,54200,320,2
251063,54200,72,4
251063,54200,28,4
251063,57909b,72,1
251063,59349,15,1
251063,59900,25,2
251063,59900,0,4
251063,6003,0,3
251063,60470b,0,2
251063,60474,0,1
251063,60474,71,1
251063,60478,0,2
251063,60581,1095,2
251063,60581,15,1
251063,60849,0,2
251063,6091,320,2
251063,6091,0,4
251063,6111,71,1
251063,61252,72,2
251063,61332,0,5
251063,6134,71,1
251063,61409,0,2
251063,6141,46,2
251063,61485,71,1
251063,61780,72,1
251063,6179,71,6
251063,62885,0,2
251063,63864,14,1
251063,63864,0,3
251063,63868,71,2
251063,64647,182,2
251063,64647,45,2
251063,65509,71,7
251063,65578,47,2
251063,6583,0,1
251063,65886,71,4
251063,6636,15,1
251063,66956,71,4
251063,66956,0,5
251063,67696,0,7
251063,67696,15,1
251063,69754,1103,2
251063,69755,72,2
251063,70681,0,2
251063,71752,0,1
251063,72454,72,1
251063,73230,71,8
251063,73304,41,1
251063,73825,4,2
251063,73825,72,4
251063,75902pr0019,72,1
251063,77844,0,2
251063,77850,71,1
251063,78256,71,2
251063,78258,71,1
251063,79194,47,1
251063,80177,71,1
251063,80178,71,1
251063,80324,0,4
251063,80431,72,2
251063,85834pr0008,179,1
251063,85861,41,4
251063,85861,47,2
251063,85861,0,2
251063,85943,72,4
251063,85984,0,7
251063,85984,71,3
251063,86996,0,1
251063,87083,72,2
251063,87544,47,2
251063,87580,0,2
251063,87580,72,1
251063,87994,72,3
251063,89522,179,1
251063,90258,0,1
251063,92438,72,2
251063,93273,0,1
251063,93550,179,1
251063,93606,0,2
251063,95347,0,3
251063,96874,25,1
251063,98138,71,1
251063,98138,182,4
251063,99207,71,5
251063,99207,0,4
251063,99563,4,1
251063,99563,179,9
251063,99780,72,6
251063,99780,14,2
251063,99781,71,2
251064,11203,4,2
251064,11214,72,2
251064,11458,71,10
251064,11476,15,6
251064,11477,15,7
251064,14716,15,1
251064,14718,4,2
251064,14719,71,5
251064,15207,4,4
251064,15254,15,1
251064,15672,72,4
251064,18651,0,1
251064,18653,71,6
251064,18654,71,8
251064,18677,72,12
251064,22886,15,3
251064,22961,0,2
251064,2357,4,8
251064,2357,15,6
251064,2420,4,12
251064,2420,15,1
251064,24201,71,2
251064,2431,4,1
251064,2431,15,2
251064,25269,15,1
251064,28802,15,3
251064,3002,4,8
251064,3003,15,6
251064,3004,4,14
251064,3004,15,4
251064,3005,4,22
251064,3005,15,5
251064,3006,71,3
251064,3007,4,4
251064,3008,4,10
251064,3009,4,13
251064,3009,15,1
251064,3010,19,5
251064,3010,4,10
251064,30136,72,5
251064,3020,4,2
251064,3020,1,3
251064,3020,14,3
251064,3021,4,16
251064,3021,71,1
251064,3022,71,2
251064,3022,15,8
251064,3023,71,8
251064,3023,4,38
251064,3023,15,26
251064,3024,15,15
251064,3024,4,22
251064,3032,4,1
251064,3034,0,2
251064,3036,4,4
251064,30374,14,1
251064,3039,4,3
251064,3062b,0,6
251064,3068b,191,2
251064,3068b,15,1
251064,3069b,15,4
251064,3069b,4,9
251064,3070b,4,2
251064,32000,70,4
251064,32002,19,2
251064,32013,15,2
251064,32016,71,4
251064,32028,72,2
251064,32062,4,6
251064,32063,191,4
251064,32064a,15,2
251064,32126,72,2
251064,32278,72,1
251064,32316,14,2
251064,32316,1,2
251064,32316,71,6
251064,32523,1,1
251064,32523,14,1
251064,32524,72,2
251064,32557,0,4
251064,32952,4,6
251064,32952,15,1
251064,33909,4,1
251064,33909,15,2
251064,3460,4,6
251064,34816,4,4
251064,35459,15,8
251064,35480,72,20
251064,3622,4,5
251064,3623,4,14
251064,3623,19,4
251064,3666,4,4
251064,3666,15,7
251064,3673,14,10
251064,3676,15,2
251064,36840,15,9
251064,36840,4,1
251064,36841,15,3
251064,3701,71,2
251064,3710,4,15
251064,3710,15,3
251064,3749,19,2
251064,3795,4,7
251064,3937,4,4
251064,3958,4,2
251064,39888,19,8
251064,4032a,322,2
251064,4070,4,6
251064,4070,15,19
251064,4162,72,2
251064,4162,4,3
251064,4304,71,2
251064,43093,1,8
251064,44728,4,2
251064,44728,71,1
251064,4477,4,3
251064,44861,4,1
251064,44861,71,4
251064,44865,4,2
251064,4519,71,3
251064,4569,15,16
251064,4585,4,5
251064,47905,4,1
251064,47905,15,8
251064,48336,71,2
251064,4865b,4,6
251064,49307,4,6
251064,50340,4,2
251064,5066,72,2
251064,50950,15,2
251064,52107,15,4
251064,53923,71,2
251064,5404,15,2
251064,54657,72,2
251064,5654,15,2
251064,59349,4,6
251064,59443,15,2
251064,6018,72,1
251064,60470b,72,2
251064,60478,4,1
251064,60479,15,2
251064,6060,71,2
251064,60897,15,2
251064,6112,15,1
251064,6112,4,7
251064,61252,15,2
251064,61332,0,8
251064,6134,15,4
251064,6141,41,5
251064,6179,4,4
251064,6231,4,1
251064,63864,15,3
251064,63864,4,2
251064,63869,15,2
251064,65249,15,3
251064,65304,179,10
251064,6536,72,2
251064,6636,15,1
251064,6636,4,2
251064,69729,14,1
251064,69729,1,1
251064,69729,4,2
251064,73230,4,16
251064,73825,4,2
251064,73825,15,2
251064,75902pr0019,72,1
251064,75904,71,1
251064,77844,15,1
251064,77845,15,1
251064,77845,71,1
251064,78256,71,2
251064,78258,72,2
251064,78329,4,14
251064,79389,4,8
251064,85861,27,15
251064,85984,4,6
251064,86876,15,2
251064,86996,4,1
251064,87079,4,3
251064,87079,15,1
251064,87083,72,2
251064,87087,2,1
251064,87552,4,4
251064,87994,1,2
251064,88646,4,3
251064,92410,71,2
251064,96874,25,1
251064,98138,72,4
251064,99207,15,1
251064,99780,15,6
251064,99781,15,7
251065,10111282,9999,1
251065,11208,0,4
251065,11209,0,4
251065,11211,28,3
251065,11211,71,1
251065,11476,0,1
251065,11477,15,6
251065,14413,0,2
251065,14413,71,1
251065,14716,0,2
251065,14718,19,2
251065,14718,0,1
251065,14719,15,2
251065,14719,72,2
251065,15068,71,1
251065,15068,15,2
251065,15210,0,1
251065,15210,15,1
251065,18674,0,2
251065,20482,5,1
251065,20482,15,3
251065,22885,19,4
251065,22886,15,2
251065,2357,71,4
251065,2357,320,7
251065,2357,19,1
251065,23969,72,1
251065,2412b,179,1
251065,2420,71,2
251065,2420,15,4
251065,2420,28,4
251065,2431,15,4
251065,2437,1095,1
251065,2454b,0,1
251065,2577,71,1
251065,2630,15,1
251065,28324,15,1
251065,28327,0,1
251065,28621pr4532,1088,1
251065,28802,19,3
251065,2921,71,1
251065,298c02,0,1
251065,3001,19,1
251065,3002,72,1
251065,3004,15,2
251065,3004,0,1
251065,3005,28,2
251065,3005,15,5
251065,3005pr0014,15,1
251065,3005pr0033,15,1
251065,3009,15,2
251065,3009,320,2
251065,3010,71,1
251065,3020,71,1
251065,3020,1,2
251065,3020,28,2
251065,3021,15,1
251065,3021,1,3
251065,3021,71,4
251065,3021,0,2
251065,3023,28,12
251065,3023,41,1
251065,3023,71,3
251065,3023,320,1
251065,3023,15,2
251065,3023,182,5
251065,3023,0,1
251065,3023,47,2
251065,3024,0,5
251065,3024,71,8
251065,3024,212,2
251065,3024,14,1
251065,30374,0,1
251065,3039,191,5
251065,3039pr0029,15,1
251065,3040b,14,4
251065,3045,14,1
251065,30503,19,1
251065,30565,71,1
251065,3062b,322,1
251065,3062b,31,1
251065,3068b,378,1
251065,3068b,1,1
251065,3069b,1,1
251065,3069b,212,2
251065,3069b,36,2
251065,3069b,15,4
251065,3069b,71,2
251065,3069bpr0100,2,1
251065,3070b,72,2
251065,32000,72,2
251065,32028,2,4
251065,32028,1,3
251065,32828,72,1
251065,33909,72,1
251065,33909,14,1
251065,35464,4,1
251065,35480,71,2
251065,35789,15,4
251065,3622,15,4
251065,3622,320,2
251065,3623,72,1
251065,3626cpr2265,78,1
251065,3660,19,2
251065,3661,0,1
251065,3666,212,2
251065,3666,0,2
251065,3679,71,1
251065,3680,15,1
251065,36840,15,4
251065,36841,191,1
251065,3710,212,2
251065,37352,71,2
251065,3795,212,2
251065,3829c01,71,1
251065,3941,14,1
251065,41677,4,2
251065,41682,71,1
251065,41740,72,2
251065,41740,19,1
251065,42947,0,2
251065,4304,0,2
251065,4304,1,1
251065,44861,0,2
251065,4536,15,1
251065,47457,0,1
251065,49307,3,1
251065,5264,0,6
251065,54200,41,1
251065,54200,0,2
251065,54200,47,4
251065,57783,1095,1
251065,60470b,15,1
251065,60474,0,2
251065,60592,0,3
251065,60593,0,2
251065,60601,47,3
251065,60602,47,2
251065,60616b,47,1
251065,60657,15,1
251065,6141,72,3
251065,6179,15,2
251065,63864,14,5
251065,6541,0,2
251065,65578,47,2
251065,6587,28,2
251065,6636,15,2
251065,6636,72,2
251065,67095,15,1
251065,69729,14,2
251065,7095,15,1
251065,7195,0,1
251065,73825,15,6
251065,78258,15,1
251065,79194,47,2
251065,79491,0,1
251065,85861,27,1
251065,85984,1,1
251065,86996,484,1
251065,86996,323,1
251065,87079,71,1
251065,87079,14,1
251065,87087,320,3
251065,87990,226,1
251065,87994,15,1
251065,87994,71,1
251065,88646,71,1
251065,92410,379,1
251065,92438,72,1
251065,98138,36,2
251065,98138,191,1
251065,98138,158,1
251065,98138,41,2
251065,98281,15,1
251065,98283,320,6
251065,99780,71,1
251065,99780,15,2
251065,99781,14,1
251065,99781,72,2
251066,11090,0,2
251066,11212,2,2
251066,11477,0,4
251066,13547,0,2
251066,15068,0,6
251066,15207,15,1
251066,15573,297,1
251066,15573,0,3
251066,15672,15,2
251066,15672,0,2
251066,16091,71,1
251066,18395,0,2
251066,18972,0,1
251066,18972,36,1
251066,18977,0,4
251066,1927,0,1
251066,1927,71,1
251066,20482,15,1
251066,23969,71,1
251066,2420,19,4
251066,24299,72,1
251066,24307,72,1
251066,2431,15,2
251066,26601,0,4
251066,26603,0,1
251066,27393,15,2
251066,28192,72,2
251066,28324,0,1
251066,2921,71,1
251066,3010,4,1
251066,30136,71,1
251066,3020,72,3
251066,3021,71,1
251066,3022,297,1
251066,3022,0,2
251066,3022,4,2
251066,3023,14,2
251066,3023,15,4
251066,3024,71,16
251066,3031,320,1
251066,3031,71,1
251066,3037,72,1
251066,30414,72,1
251066,3069b,71,1
251066,3070b,0,2
251066,35480,72,9
251066,35789,0,4
251066,3622,2,3
251066,3623,0,4
251066,3623,2,2
251066,3666,0,6
251066,3666,3,3
251066,3668,72,2
251066,36840,0,8
251066,36841,15,6
251066,3700,2,1
251066,3710,71,3
251066,3749,19,4
251066,3829c01,15,1
251066,41740,0,2
251066,4274,71,1
251066,4304,71,3
251066,4477,19,2
251066,45677pr0028,0,1
251066,4569,15,2
251066,48336,15,2
251066,5093,0,2
251066,50943,179,1
251066,5095,0,2
251066,60470b,71,1
251066,61409,15,4
251066,61409,179,2
251066,6141,4,4
251066,6179,15,1
251066,6179,0,1
251066,6180,0,1
251066,66727,179,4
251066,69729,0,2
251066,69729,15,1
251066,69754,1103,2
251066,69755,72,2
251066,7095,15,1
251066,77083,0,1
251066,77850,71,2
251066,79194,47,1
251066,79389,0,2
251066,79491,72,2
251066,87552,71,2
251066,88646,0,2
251066,92338,0,1
251066,98138,47,2
251066,98138pr0186,71,2
251066,99207,0,2
251066,99563,297,2
251066,99563,179,2
251066,99563,19,1
251066,99780,72,8
251066,99781,71,10
251067,14704,71,6
251067,14719,4,2
251067,15672,1,2
251067,22385,1,2
251067,22385,4,2
251067,22385pr0154,4,1
251067,22484,72,2
251067,22890,72,2
251067,2420,1,1
251067,24246,4,2
251067,25269,1,4
251067,2654,4,4
251067,2654,1,2
251067,27167,4,1
251067,27263,1,2
251067,28192,4,8
251067,28870,15,1
251067,3021,15,2
251067,3023,1,2
251067,3170,0,1
251067,3171,4,8
251067,32124,1,2
251067,32802,4,2
251067,32803,1,1
251067,33909,1,1
251067,35480,4,3
251067,4081b,72,1
251067,44861,4,1
251067,48336,4,2
251067,49097,4,2
251067,49668,1,2
251067,54200,4,3
251067,60478,1,2
251067,60897,15,2
251067,61332,0,1
251067,63965,15,1
251067,66956,4,2
251067,7095,15,1
251067,73109,1,1
251067,79194,47,1
251067,79389,4,2
251067,79846,4,2
251067,79846,1,2
251067,85861,15,1
251067,85861,72,1
251067,98876,72,1
251067,99563,4,2
251067,99781,15,2
251068,11203,28,2
251068,14704,71,6
251068,14769,320,2
251068,15068,320,6
251068,15303,36,1
251068,15672,320,4
251068,18674,72,2
251068,22484,72,2
251068,22890,72,2
251068,24309,320,1
251068,25269,320,2
251068,2654,320,3
251068,2654,1053,1
251068,27167,320,1
251068,3062b,36,2
251068,3068bpr9329,320,1
251068,3170,0,1
251068,3171,297,4
251068,32802,72,2
251068,32803,72,1
251068,35480,28,2
251068,3709,72,2
251068,4304,72,1
251068,4740,41,2
251068,47456,297,2
251068,47457,297,2
251068,47759,320,2
251068,48336,297,1
251068,51739,28,2
251068,60478,28,1
251068,61332,0,1
251068,69754,297,2
251068,69755,72,2
251068,73109,71,1
251068,79194,47,1
251068,79389,72,2
251068,79846,297,4
251068,85984,320,2
251068,98138,41,4
251068,98876,72,1
251068,99563,320,6
251068,99781,28,3
251069,10111267,9999,1
251069,11203,0,2
251069,11211,19,2
251069,11212,0,2
251069,11476,71,1
251069,11476,0,1
251069,11477,0,6
251069,15068,0,5
251069,15462,70,2
251069,15573,297,2
251069,15672,0,4
251069,15712,297,2
251069,18674,0,2
251069,22385,0,2
251069,22889,0,1
251069,2357,72,4
251069,2412b,72,1
251069,2412b,297,2
251069,2420,0,10
251069,24299,0,1
251069,24307,0,1
251069,2450,0,2
251069,2456,0,1
251069,2476a,0,6
251069,2540,0,4
251069,2540,72,2
251069,26603,0,2
251069,27263,0,6
251069,27925,72,4
251069,28192,0,6
251069,298c02,71,2
251069,3004,72,1
251069,3004,27,1
251069,3009,0,2
251069,3009,72,1
251069,30136,15,1
251069,3020,72,2
251069,3021,0,17
251069,3022,0,8
251069,3023,27,5
251069,3034,0,1
251069,3035,0,1
251069,30363,0,1
251069,3037,72,1
251069,3062b,15,1
251069,3069bpr0100,2,1
251069,3070b,0,4
251069,30925,0,2
251069,32028,0,10
251069,32523,72,2
251069,32530,0,2
251069,3298,0,2
251069,3386,71,2
251069,33909,72,1
251069,34103,0,7
251069,3460,0,2
251069,35480,72,15
251069,35480,15,1
251069,35480,71,4
251069,35578,0,4
251069,35787,0,2
251069,3622,0,2
251069,3623,72,4
251069,3666,0,2
251069,3666,72,4
251069,36840,0,4
251069,36841,71,4
251069,3700,0,4
251069,3701,0,2
251069,3710,71,1
251069,3710,0,5
251069,3713,71,2
251069,37494,0,1
251069,37762,297,2
251069,3795,0,4
251069,3795,72,3
251069,3829c01,71,1
251069,4032a,19,1
251069,4162,0,1
251069,4304,0,6
251069,4304,15,1
251069,43710,0,1
251069,43711,0,1
251069,43722,0,6
251069,43723,0,6
251069,44728,72,4
251069,44861,72,4
251069,47720,0,1
251069,48336,72,2
251069,54200,0,2
251069,54200,34,2
251069,55981,0,2
251069,55982,0,4
251069,57783,1095,3
251069,58090,0,2
251069,60474,72,2
251069,60478,72,7
251069,61332,0,6
251069,6141,182,4
251069,6141,47,2
251069,6141,0,1
251069,61485,0,1
251069,6180,0,1
251069,6222,71,1
251069,63868,0,8
251069,64644,297,4
251069,65634,0,1
251069,67095,72,1
251069,69754,1103,2
251069,69755,72,2
251069,73109,0,2
251069,73562,71,4
251069,76766,15,1
251069,76959,0,2
251069,78329,72,6
251069,79389,72,2
251069,80324,0,6
251069,85861,297,22
251069,85959pat0003,36,1
251069,85984,72,2
251069,98138,71,2
251069,98138,34,3
251069,98138,47,4
251069,98138pr0432,179,1
251069,98721,0,1
251069,99563,179,2
251069,99563,0,22
251069,99781,72,3
251070,11203,4,2
251070,11203,72,2
251070,14704,72,6
251070,15068,4,4
251070,15672,1,2
251070,18674,72,2
251070,22385,1,2
251070,22484,72,2
251070,22890,72,2
251070,24201,4,2
251070,24309,4,1
251070,25269,1,2
251070,2540,4,2
251070,2654,1,2
251070,26601,72,2
251070,27167,1,1
251070,29119,4,2
251070,29120,4,2
251070,3024,72,4
251070,30385,35,1
251070,3170,0,1
251070,3171,179,8
251070,32803,1,1
251070,32828,4,2
251070,35186,4,2
251070,35480,72,2
251070,35787pr0007,4,1
251070,3673,14,2
251070,3709,4,2
251070,4081b,4,2
251070,44861,72,2
251070,4740,4,2
251070,47456,1,2
251070,48336,72,2
251070,50950,4,2
251070,54200,14,4
251070,54200,4,2
251070,60478,1,2
251070,61332,0,1
251070,6141,35,2
251070,6541,72,2
251070,66956,1,2
251070,69755,72,1
251070,69767,1103,1
251070,73109,1,1
251070,79389,4,2
251070,79846,1,4
251070,85984,4,2
251070,87580,1,1
251070,98876,72,1
251070,99563,297,1
251070,99563,4,2
251070,99781,4,2
251071,15068pr0094,0,1
251071,15573,321,1
251071,18977,0,4
251071,2412b,14,1
251071,2419,72,1
251071,2431,0,1
251071,2431pr0223,0,1
251071,2432,14,1
251071,28779,0,2
251071,3003,72,1
251071,30076,0,1
251071,30153,36,1
251071,30222,33,1
251071,3023,72,4
251071,30385,41,2
251071,3062b,41,2
251071,3068b,72,1
251071,3387,0,2
251071,33909,14,1
251071,3666,71,1
251071,3829c01,14,1
251071,4286,0,2
251071,44709,15,1
251071,6126b,182,1
251071,61409,72,2
251071,63783,71,1
251071,66727,0,4
251071,79389,72,2
251071,80481,0,1
251071,80677,41,2
251071,81911,47,1
251071,85984,0,2
251071,86876,72,1
251071,86996,19,2
251071,98721,0,1
251075,11212,0,1
251075,2654,72,2
251075,3005,29,1
251075,3021,0,1
251075,3024,36,1
251075,30374,0,2
251075,3040b,0,2
251075,3045,0,2
251075,3070b,0,1
251075,41740,0,2
251075,41747,0,1
251075,41748,0,1
251075,41769,0,1
251075,41770,0,1
251075,48336,72,2
251075,54200,36,1
251075,54200,0,1
251075,60470b,0,4
251075,79194,72,4
251075,85984,0,2
251183,11187,72,2
251183,16606pat0001pr0001,15,1
251183,18738,179,2
251193,11170,14,1
251193,12592c07,0,1
251193,14222pr0026,322,1
251193,16265,322,1
251193,19818pr0001,0,1
251193,22881,27,1
251193,2302,4,2
251193,24807,31,1
251193,26249,15,1
251193,27372pr0017,14,1
251193,3437,4,3
251193,3437,0,1
251193,35088,322,1
251193,36744pr0002,4,1
251193,39921,0,1
251193,40666,322,1
251193,5729,30,1
251193,5897,27,1
251193,61649,322,1
251193,65273,321,1
251193,70676,4,1
251193,76371,4,1
251193,98222,322,1
251193,98252,4,1
251194,11344,10,1
251194,14721,27,1
251194,15272pr0006,25,1
251194,15515,27,1
251194,23742,158,1
251194,3011,70,1
251194,31110pr0169,25,1
251194,31110pr0170,14,1
251194,31110pr0171,5,1
251194,35110c03,484,1
251194,40666,84,1
251194,4198pr0054,4,1
251194,61649,31,1
251194,65273,14,1
251194,65273,25,1
251194,65273,5,1
251194,6996pr0002,5,1
251194,72133pr0003,14,1
251194,90265,15,1
251194,98233,10,1
251194,98252,27,2
251195,11090,70,4
251195,11211,72,3
251195,11214,72,1
251195,11458,19,2
251195,11476,19,1
251195,11477,1050,4
251195,11477,226,1
251195,11477,0,1
251195,14704,71,2
251195,15068,323,2
251195,15068,29,2
251195,15469,191,1
251195,15573,29,6
251195,15712,226,2
251195,17485,15,1
251195,18646,29,2
251195,18980,1050,6
251195,1927,71,2
251195,23443,27,1
251195,24201,15,4
251195,24299,1050,5
251195,24307,1050,5
251195,25269,323,6
251195,25269,29,24
251195,2682,1054,6
251195,27261,29,4
251195,2736,71,2
251195,27940,0,2
251195,29119,29,3
251195,29120,29,3
251195,3001,15,1
251195,3003,29,2
251195,3004,19,1
251195,3004,323,3
251195,3005,19,2
251195,3020,29,3
251195,3022,15,3
251195,3022,29,3
251195,3023,1050,11
251195,3023,323,7
251195,3024,15,3
251195,32001,71,2
251195,32013,15,1
251195,32062,4,9
251195,32064a,15,2
251195,32607,26,2
251195,32803,15,4
251195,3460,19,1
251195,3484,0,2
251195,3623,15,4
251195,3623,19,2
251195,3666,29,4
251195,36841,15,1
251195,3705,4,1
251195,3710,323,6
251195,3941,226,1
251195,4032a,25,1
251195,4032a,15,1
251195,4190,0,1
251195,4304,15,3
251195,43093,1,2
251195,4519,14,1
251195,47905,15,1
251195,48205,29,1
251195,48208,29,1
251195,48336,15,1
251195,50950,323,4
251195,53451,226,5
251195,54200,0,1
251195,54200,226,4
251195,54200,1050,2
251195,5489,1050,5
251195,5841,29,2
251195,5843,15,1
251195,59443,0,8
251195,59900,0,3
251195,60478,15,4
251195,61332,0,1
251195,63868,71,2
251195,65487,15,1
251195,65578,0,5
251195,67329,14,2
251195,73230,71,2
251195,73825,15,2
251195,73825,19,3
251195,76797,1050,4
251195,77808,0,1
251195,85861,70,4
251195,85861,14,1
251195,87087,323,2
251195,87087,1050,4
251195,87747,27,3
251195,93606,1050,5
251195,96874,25,1
251195,98138pr0107,0,2
251195,99021,308,2
251196,10109656,9999,1
251196,11609,297,1
251196,15254,84,1
251196,15712,297,4
251196,18674,322,1
251196,18674,70,1
251196,18838,19,1
251196,20310,297,2
251196,21229,297,2
251196,22888,15,2
251196,2431,19,1
251196,2445,15,1
251196,2449,4,2
251196,2453b,19,2
251196,2454b,19,2
251196,2456,71,2
251196,24866,4,4
251196,24866,297,14
251196,24866,2,2
251196,24866,15,2
251196,2508,15,1
251196,25269,30,2
251196,25375,297,2
251196,27448,15,3
251196,28870,297,4
251196,3004,19,6
251196,3004,72,4
251196,3004,226,1
251196,3004,26,1
251196,3004,70,2
251196,3005,27,1
251196,3005,4,2
251196,3005,321,1
251196,3005,29,1
251196,3005,15,2
251196,3005,3,1
251196,3008,19,1
251196,3009,19,2
251196,3010,19,6
251196,3020,15,2
251196,3021,15,1
251196,3022,19,5
251196,3023,15,2
251196,3023,19,2
251196,3023,4,2
251196,3028,19,1
251196,3036,15,2
251196,30414,70,1
251196,3062b,70,3
251196,3068b,15,1
251196,32828,297,1
251196,32952,19,2
251196,32952,84,2
251196,3460,19,2
251196,3535,15,2
251196,35442,322,2
251196,35443,322,1
251196,3666,15,2
251196,3666,19,1
251196,3710,378,4
251196,37762,297,2
251196,37775,182,2
251196,3795,72,1
251196,3795,15,2
251196,3795,19,1
251196,3941,2,1
251196,3942c,2,1
251196,4032a,2,2
251196,43722,2,4
251196,4477,15,1
251196,4477,378,1
251196,4733,27,2
251196,54200,2,12
251196,60474,4,1
251196,60475b,15,2
251196,60481,4,2
251196,60593,378,8
251196,60602,0,8
251196,6091,19,8
251196,6141,226,2
251196,65092,1055,2
251196,6541,4,2
251196,69729,19,1
251196,78444,2,4
251196,78594,84,2
251196,78666,19,4
251196,79393,15,2
251196,85861,72,1
251196,86876,19,2
251196,86996,84,2
251196,87079,19,1
251196,87087,19,2
251196,87580,19,2
251196,90398,320,1
251196,98138,1053,2
251196,98138,1050,2
251196,98138,27,2
251196,98138,191,2
251196,98138,19,2
251196,99563,70,2
251196,99563,297,4
251197,10110647,9999,1
251197,11214,4,7
251197,11478,71,2
251197,11946,272,3
251197,11947,272,3
251197,11954,0,1
251197,15458,72,2
251197,15458,272,3
251197,18651,0,6
251197,18654,72,4
251197,18654,14,3
251197,18677,0,4
251197,2387,272,2
251197,2389,272,2
251197,2391,0,2
251197,2393,0,4
251197,24116,72,2
251197,24316,70,10
251197,2459,0,2
251197,2819,0,1
251197,30699,0,2
251197,3069b,47,2
251197,3069b,0,2
251197,32002,19,2
251197,32013,72,2
251197,32062,4,4
251197,32065,72,5
251197,32073,71,1
251197,32073,14,1
251197,32123b,71,4
251197,32140,71,3
251197,32140,72,6
251197,32198,19,1
251197,32270,0,3
251197,32278,72,2
251197,32316,72,3
251197,32316,272,6
251197,32316,4,1
251197,32523,272,2
251197,32523,72,10
251197,32523,71,2
251197,32524,71,2
251197,32524,272,4
251197,32524,72,3
251197,32525,272,8
251197,32525,72,5
251197,32526,71,2
251197,32526,72,4
251197,32526,272,2
251197,32557,0,2
251197,3623,4,1
251197,3673,71,4
251197,3707,0,1
251197,3713,4,4
251197,39793,72,1
251197,39888,19,3
251197,40490,0,1
251197,40490,72,2
251197,41239,0,1
251197,41239,72,3
251197,41677,72,8
251197,42003,71,2
251197,42195,72,2
251197,4274,71,12
251197,42924,1,55
251197,43093,1,17
251197,44294,14,1
251197,44309,0,4
251197,4519,71,3
251197,4526,0,2
251197,56145,71,4
251197,56904,71,2
251197,59426,72,2
251197,59443,4,2
251197,59443,72,8
251197,60483,72,5
251197,60483,272,4
251197,60485,71,2
251197,61332,0,86
251197,61408,71,1
251197,62531,72,4
251197,63864,15,2
251197,63869,71,2
251197,64179,0,1
251197,64782,72,2
251197,65249,15,3
251197,65304,0,6
251197,65304,25,1
251197,65487,0,2
251197,65487,1,1
251197,65489,71,2
251197,6553,71,1
251197,6589,19,1
251197,6632,0,2
251197,66906,4,2
251197,67491,71,2
251197,71709,72,2
251197,71710,0,2
251197,73507,0,1
251197,80286,0,2
251197,87083,72,1
251197,89678,4,2
251197,89679,272,4
251197,92693,71,1
251197,98138,182,4
251197,98138,47,4
251197,98138,36,2
251198,10110648,9999,1
251198,10197,0,4
251198,10197,72,2
251198,10928,72,3
251198,11153,25,2
251198,11214,4,2
251198,11214,72,7
251198,11477,25,4
251198,11478,0,2
251198,11946,25,4
251198,11946,0,1
251198,11947,25,4
251198,11947,0,1
251198,15207,25,1
251198,15462,70,2
251198,18575,19,1
251198,18651,0,10
251198,18654,25,4
251198,18654,0,9
251198,18654,15,9
251198,18944,25,1
251198,22961,15,4
251198,22961,0,8
251198,22961,71,2
251198,2387,0,1
251198,2387,25,5
251198,2387,47,3
251198,2389,25,5
251198,2389,47,3
251198,2389,0,1
251198,2391,72,2
251198,24116,0,2
251198,24119,25,2
251198,24316,70,3
251198,27940,71,2
251198,27940,1,2
251198,2819,0,1
251198,3023,0,3
251198,3024,0,1
251198,3024,25,4
251198,3062b,25,2
251198,3068b,0,2
251198,30699,0,2
251198,3069b,0,1
251198,3070b,0,2
251198,32009,25,4
251198,32013,25,4
251198,32013,0,4
251198,32014,72,1
251198,32016,0,2
251198,32034,71,2
251198,32034,0,2
251198,32034,25,1
251198,32062,0,4
251198,32062,4,32
251198,32073,14,2
251198,32073,71,1
251198,32123b,71,13
251198,32140,25,2
251198,32140,71,2
251198,32140,0,2
251198,32184,25,1
251198,32199,25,2
251198,32270,0,2
251198,32291,72,4
251198,32316,72,4
251198,32449,72,6
251198,32523,25,5
251198,32523,0,1
251198,32523,71,1
251198,32524,25,4
251198,32524,0,5
251198,32525,0,2
251198,32525,25,3
251198,32526,0,3
251198,34103,71,3
251198,3460,25,2
251198,3705,0,4
251198,3705,4,4
251198,3706,0,1
251198,3706,4,1
251198,3713,4,4
251198,3737,4,1
251198,3749,19,1
251198,3832,0,2
251198,3958,0,1
251198,39794,0,1
251198,40490,0,2
251198,40490,72,1
251198,40490,71,3
251198,41239,0,4
251198,4162,0,1
251198,41677,25,14
251198,41677,0,4
251198,42003,25,2
251198,42003,72,3
251198,42003,0,8
251198,42135,1,2
251198,42135,71,2
251198,42135,0,2
251198,42195,4,4
251198,42195,71,1
251198,42531,25,2
251198,42531pr0003,25,1
251198,42531pr0004,25,1
251198,42924,1,46
251198,43093,1,38
251198,4368,71,6
251198,4369,14,6
251198,44309,0,2
251198,4450,0,4
251198,4477,0,1
251198,4519,14,16
251198,4519,71,6
251198,4599b,1,2
251198,46189,0,2
251198,48267,25,2
251198,4865b,25,4
251198,56145,71,2
251198,56904,71,2
251198,59426,72,2
251198,59443,0,4
251198,59443,25,2
251198,59443,71,7
251198,60483,1,5
251198,60483,0,2
251198,60484,0,6
251198,60484,25,4
251198,61332,0,119
251198,6141,0,6
251198,62462,179,1
251198,62462,0,2
251198,62821b,72,1
251198,63864,0,1
251198,64179,71,1
251198,65249,15,1
251198,65304,0,6
251198,65304,4,3
251198,6536,0,2
251198,6536,25,10
251198,6536,71,9
251198,65487,25,8
251198,65487,4,7
251198,65487,72,2
251198,65489,71,4
251198,6553,72,2
251198,65746,0,1
251198,6589,19,5
251198,6632,0,6
251198,6636,25,1
251198,66857,15,1
251198,66906,0,2
251198,69819,0,6
251198,7101,71,2
251198,7101,25,5
251198,71682,25,5
251198,71708,25,9
251198,71709,25,2
251198,7244,25,2
251198,78329,71,2
251198,85940,0,2
251198,85984,72,1
251198,87083,72,2
251198,87087,72,2
251198,87761,0,1
251198,89678,72,2
251198,89678,4,32
251198,89679,0,2
251198,89679,25,18
251198,89679,71,1
251198,98138,47,2
251199,10110650,9999,1
251199,10113609,9999,1
251199,10197,72,4
251199,10928,72,2
251199,11153,272,2
251199,11214,4,22
251199,1126,0,1
251199,11272,1103,2
251199,11477,272,2
251199,11477,0,2
251199,11478,0,6
251199,11946,272,3
251199,11946,0,4
251199,11947,272,3
251199,11947,0,4
251199,11950,71,2
251199,15038,0,4
251199,15068,272,2
251199,15458,272,5
251199,15462,70,8
251199,15535,0,1
251199,18575,19,1
251199,18651,0,30
251199,18654,15,14
251199,18654,0,7
251199,18674,14,4
251199,18944,0,1
251199,18946,4,1
251199,18947,72,1
251199,18948,15,1
251199,22961,71,2
251199,22961,0,2
251199,2387,272,2
251199,2387,0,3
251199,2389,0,3
251199,2389,272,2
251199,2391,0,6
251199,2391,72,1
251199,2393,0,1
251199,2393,71,4
251199,24119,272,2
251199,2412b,36,1
251199,2431,36,2
251199,24316,70,24
251199,2477,0,12
251199,25214,0,1
251199,2736,71,3
251199,27940,0,2
251199,27940,72,2
251199,2851,14,6
251199,2852,71,6
251199,2853,14,2
251199,2854,19,2
251199,3023,272,2
251199,3024,272,2
251199,3024,0,2
251199,3070b,14,2
251199,3167,72,1
251199,32000,71,2
251199,32002,19,2
251199,32005a,72,2
251199,32013,4,3
251199,32013,272,3
251199,32013,71,6
251199,32013,0,4
251199,32014,0,2
251199,32017,71,2
251199,32034,72,5
251199,32034,14,1
251199,32062,4,53
251199,32063,0,2
251199,32073,71,7
251199,32073,14,4
251199,32123b,14,4
251199,32123b,71,10
251199,32140,272,8
251199,32140,0,7
251199,32140,14,2
251199,32140,72,4
251199,32184,71,2
251199,32184,72,14
251199,32235,0,2
251199,32270,0,2
251199,32278,0,9
251199,32291,14,2
251199,32316,72,3
251199,32316,0,17
251199,32449,72,4
251199,32494,71,4
251199,32523,272,11
251199,32523,72,1
251199,32523,71,6
251199,32523,0,6
251199,32524,0,7
251199,32524,71,1
251199,32525,0,2
251199,32526,72,2
251199,32526,0,4
251199,32526,272,6
251199,32557,0,2
251199,3623,272,2
251199,3666,0,2
251199,3673,71,2
251199,3705,4,1
251199,3705,0,15
251199,3706,4,1
251199,3706,0,1
251199,3707,0,2
251199,3707,4,1
251199,3708,0,1
251199,3713,4,10
251199,3737,4,2
251199,3941,272,2
251199,39790,72,1
251199,39793,0,2
251199,39794,0,1
251199,40490,272,6
251199,40490,0,6
251199,41239,72,2
251199,41677,14,4
251199,41677,4,2
251199,41677,272,10
251199,41677,0,37
251199,42003,4,4
251199,42003,0,3
251199,42135,0,4
251199,42135,72,8
251199,42135,71,4
251199,42195,0,3
251199,42195,71,3
251199,42924,1,119
251199,43093,1,87
251199,43857,15,2
251199,4410pr0002,0,4
251199,44294,14,1
251199,44294,71,1
251199,4450,0,2
251199,4472,0,4
251199,44874,0,5
251199,4500,0,2
251199,4519,14,17
251199,4519,71,18
251199,4526,0,4
251199,4527,272,1
251199,4527,0,1
251199,45590,0,1
251199,49151,0,1
251199,49307,272,4
251199,51149,4,1
251199,53923,0,2
251199,5426,0,1
251199,5426,272,1
251199,54657,0,2
251199,5489,272,2
251199,55013,72,4
251199,5780,0,8
251199,59443,272,6
251199,59443,72,6
251199,59443,4,1
251199,59443,15,2
251199,5995,71,4
251199,5996,0,4
251199,5997,0,4
251199,60483,272,22
251199,60484,72,2
251199,60484,0,2
251199,60485,14,2
251199,60849,71,1
251199,61332,0,245
251199,61408,71,4
251199,61408,0,2
251199,6141,179,4
251199,61903,71,2
251199,62462,71,1
251199,62462,0,11
251199,62462,1,1
251199,62462,14,1
251199,62462,179,2
251199,62531,272,4
251199,62821b,72,1
251199,63864,272,5
251199,63869,0,14
251199,63869,71,2
251199,64178,71,1
251199,64179,71,2
251199,64392,14,1
251199,64393,272,1
251199,64394,0,1
251199,64680,0,1
251199,64681,272,1
251199,64682,14,1
251199,64782,0,2
251199,65304,0,38
251199,65304,4,2
251199,65304,179,1
251199,65304,71,7
251199,6536,0,2
251199,6536,14,9
251199,6536,72,11
251199,6536,71,12
251199,65422,272,1
251199,65487,272,16
251199,65487,71,2
251199,65487,0,2
251199,65746,0,1
251199,6575,272,12
251199,65766,0,2
251199,6587,28,6
251199,6589,19,5
251199,6606,0,1
251199,6608,71,6
251199,6609,0,1
251199,6614,71,1
251199,6629,0,3
251199,6632,0,7
251199,6632,14,2
251199,6636,0,2
251199,66906,4,10
251199,67142,0,2
251199,67142,272,1
251199,67491,0,2
251199,68013,272,2
251199,68196,0,2
251199,68196,272,1
251199,69778,1,3
251199,69779,321,1
251199,69819,71,7
251199,69819,72,2
251199,7101,0,10
251199,71682,0,4
251199,71682,272,8
251199,71708,272,10
251199,71708,0,2
251199,71709,272,9
251199,71709,0,4
251199,71710,72,1
251199,77765,71,11
251199,80267,0,1
251199,80268,0,1
251199,80271,0,1
251199,80272,0,1
251199,80274,0,1
251199,80278,0,1
251199,80285,0,2
251199,80286,0,2
251199,81346,2,1
251199,85940,0,1
251199,87080,272,1
251199,87083,72,14
251199,87086,272,1
251199,87761,0,1
251199,87994,0,2
251199,89678,72,34
251199,89679,14,6
251199,89679,0,8
251199,89679,272,2
251199,89954c01,4,2
251199,89954c01,0,2
251199,92906,72,2
251199,92909,72,4
251199,92947,0,3
251199,94925,71,1
251199,99012,0,6
251199,99773,0,6
251199,99773,14,2
251199,99773,71,2
251200,11153,4,2
251200,11153,25,2
251200,11203,272,1
251200,11211,1,3
251200,11477,4,3
251200,11477,3,2
251200,11477,1136,3
251200,11477,322,2
251200,11477,321,2
251200,11477,191,11
251200,11477,25,3
251200,11477,19,6
251200,11477,14,1
251200,14704,71,2
251200,14769,27,2
251200,15068,3,2
251200,15535,25,1
251200,15535,3,2
251200,15573,4,5
251200,15573,25,1
251200,15573,14,4
251200,1745,4,2
251200,1745,3,15
251200,1748,4,1
251200,1750,25,1
251200,18649,322,1
251200,18980,321,1
251200,20482,4,8
251200,2420,1,2
251200,2420,19,6
251200,24246,1,3
251200,24246,14,2
251200,24246,25,6
251200,24246,191,12
251200,24246,1136,6
251200,2431,3,4
251200,25269,272,2
251200,25269,1,5
251200,25269,321,5
251200,26601,1,4
251200,2682,27,4
251200,2682,2,6
251200,27263,3,4
251200,2736,71,2
251200,28802,19,4
251200,29119,321,2
251200,29119,25,1
251200,29120,25,1
251200,29120,4,1
251200,29120,1,2
251200,3001,322,2
251200,3003,191,1
251200,3003,25,1
251200,3004,4,1
251200,3020,14,4
251200,3020,191,1
251200,3020,28,4
251200,3020,484,1
251200,3020,15,3
251200,3021,191,1
251200,3021,4,1
251200,3022,25,3
251200,3022,4,2
251200,3023,14,1
251200,3023,25,2
251200,3023,4,7
251200,3023,19,7
251200,3023,1136,3
251200,3023,1,2
251200,3023,191,12
251200,3023,3,8
251200,3023,0,8
251200,3031,4,1
251200,30357,3,2
251200,30383,71,2
251200,30414,72,4
251200,3068b,3,1
251200,3069b,3,1
251200,3070b,4,4
251200,32062,4,4
251200,32064a,321,4
251200,32064a,71,3
251200,32073,71,3
251200,32607,3,11
251200,32607,27,6
251200,32607,191,2
251200,32607,1136,3
251200,3262,27,1
251200,32803,1,5
251200,32803,14,1
251200,32803,1136,2
251200,32803,191,1
251200,32828,4,2
251200,32952,4,1
251200,33909,4,1
251200,3484,1,2
251200,35480,1136,2
251200,35480,10,3
251200,3567,14,2
251200,3622,4,1
251200,3666,25,2
251200,3666,19,4
251200,36840,320,1
251200,3700,14,1
251200,3705,4,1
251200,3709,4,2
251200,3710,1136,1
251200,3710,321,3
251200,3710,27,8
251200,3710,10,7
251200,3795,28,4
251200,3937,4,2
251200,3941,25,2
251200,4032a,84,4
251200,4032a,15,4
251200,4032a,4,1
251200,42135,1,2
251200,4304,4,1
251200,43093,1,1
251200,4367,5,1
251200,43722,3,1
251200,43723,3,1
251200,43898,15,2
251200,44567b,1,1
251200,47905,4,2
251200,49307,92,36
251200,49668,191,8
251200,5093,4,1
251200,5095,4,1
251200,50950,19,8
251200,50950,4,4
251200,5151,1061,2
251200,52107,4,1
251200,54200,191,1
251200,54200,4,6
251200,54657,72,3
251200,5852,321,2
251200,5904,5,4
251200,5904,25,2
251200,59443,25,4
251200,59900,4,2
251200,6003,2,4
251200,60478,3,6
251200,6106,71,4
251200,61252,10,2
251200,6134,4,2
251200,6141,4,3
251200,6141,322,2
251200,6141,29,3
251200,6233,321,2
251200,63868,322,4
251200,65138,320,2
251200,65509,10,2
251200,66857pr0050,19,1
251200,7126,14,1
251200,76797,4,2
251200,77850,25,6
251200,77850,1,4
251200,78329,4,2
251200,78666,4,2
251200,79180,0,1
251200,79389,2,2
251200,79389,25,2
251200,79389,0,1
251200,79389,14,2
251200,79389,1136,2
251200,80015,4,4
251200,80796,47,2
251200,85861,70,2
251200,85861,14,4
251200,85861,15,8
251200,85984,4,2
251200,93273,2,3
251200,93273,322,4
251200,98138pr0107,0,2
251200,99207,4,3
251200,99780,2,1
251201,11458,4,2
251201,11477,484,8
251201,11477,19,2
251201,11477,25,2
251201,13547,19,2
251201,13548,72,2
251201,14418,71,2
251201,14769pr9987,14,2
251201,15068,484,8
251201,15068,29,1
251201,15208,15,3
251201,15209,15,1
251201,15573,484,6
251201,1748,25,8
251201,1750,19,3
251201,23443,19,4
251201,2420,84,4
251201,24201,15,2
251201,24201,19,6
251201,25269,25,2
251201,26601,25,4
251201,2877,4,2
251201,29119,25,4
251201,29120,25,4
251201,3002,484,2
251201,3004,26,1
251201,3005,15,2
251201,3005,45,1
251201,3020,25,1
251201,3020,70,1
251201,3021,0,2
251201,3021,25,3
251201,3021,19,7
251201,3022,25,5
251201,3022,19,13
251201,3023,27,1
251201,3023,15,2
251201,3023,29,1
251201,3023,25,5
251201,3023,19,13
251201,3024,15,3
251201,30357,484,2
251201,30357,25,2
251201,3039,25,2
251201,3044c,72,3
251201,3170,0,1
251201,3176,72,2
251201,32059,71,1
251201,32123b,71,1
251201,32474,25,1
251201,32803,19,1
251201,3386,0,4
251201,3622,19,4
251201,36841,19,12
251201,36841,25,4
251201,3700,70,2
251201,3710,320,1
251201,3710,15,1
251201,3710,484,4
251201,3749,19,2
251201,3937,84,2
251201,41769,25,4
251201,41770,25,4
251201,4304,70,1
251201,44301b,0,2
251201,44728,484,11
251201,47455,0,3
251201,47456,484,2
251201,47457,484,1
251201,47759,484,2
251201,48171,19,3
251201,48172,0,1
251201,49668,15,2
251201,5093,484,1
251201,5095,484,1
251201,50950,25,2
251201,53451,0,4
251201,54200,0,6
251201,54657,0,2
251201,5841,484,2
251201,5841,15,2
251201,59900,19,1
251201,60474,19,2
251201,60477,72,1
251201,60897,19,4
251201,6134,19,2
251201,6141,19,3
251201,63864,25,2
251201,64225,484,2
251201,68568,484,2
251201,70681,15,1
251201,73825,0,2
251201,78258,19,1
251201,78329,19,2
251201,79389,484,2
251201,79389,71,10
251201,79846,0,2
251201,80431,72,1
251201,85080,19,2
251201,85984,19,4
251201,87083,72,1
251201,87087,320,2
251201,93273,484,2
251201,93604,484,2
251201,99207,19,8
251201,99780,19,1
251202,10111048,9999,1
251202,10197,15,2
251202,11153,28,1
251202,11211,14,1
251202,11211,4,1
251202,11212,19,2
251202,11212,71,1
251202,11212,0,2
251202,11215,84,1
251202,1126,19,2
251202,11477,378,2
251202,11477,19,10
251202,11477,28,4
251202,13547,19,4
251202,13548,71,3
251202,14719,84,3
251202,14769,19,2
251202,15068,19,4
251202,15573,84,3
251202,15573,28,3
251202,15706,72,2
251202,18653,19,1
251202,18654,0,2
251202,18677,0,4
251202,18980,19,1
251202,1927,19,2
251202,1927,28,6
251202,2310,72,4
251202,2420,70,2
251202,2420,4,2
251202,24246,19,1
251202,2431,19,4
251202,2431,25,2
251202,24316,70,2
251202,2450,28,2
251202,26601,28,2
251202,26601,378,2
251202,26603,70,4
251202,26603,84,4
251202,27263,19,2
251202,2730,71,2
251202,27925,19,8
251202,28192,72,2
251202,28192,28,8
251202,28192,19,1
251202,29119,19,1
251202,29120,19,1
251202,3003,27,4
251202,3005,47,1
251202,3005pr0024,182,1
251202,30136,28,1
251202,3020,19,8
251202,3020,84,3
251202,3020,72,4
251202,3021,28,2
251202,3021,19,3
251202,3021,84,2
251202,3022,71,3
251202,3023,28,1
251202,3023,84,8
251202,3024,28,3
251202,3031,84,2
251202,3031,0,2
251202,3034,0,1
251202,3036,70,1
251202,3040b,28,2
251202,30414,19,2
251202,3049d,28,1
251202,3068b,19,2
251202,3069b,27,2
251202,3069b,19,4
251202,3070b,84,2
251202,32016,70,4
251202,32064a,71,2
251202,32073,14,2
251202,32524,0,4
251202,32828,19,6
251202,3298,72,2
251202,3460,0,2
251202,3460,28,4
251202,3544,19,2
251202,3545,19,2
251202,35480,28,8
251202,35480,0,4
251202,3622,19,2
251202,3623,19,4
251202,3623,4,2
251202,3660,72,4
251202,3665,19,2
251202,3666,28,4
251202,3666,19,6
251202,3678b,72,1
251202,36840,71,2
251202,3700,4,2
251202,3701,0,2
251202,3702,0,2
251202,3710,28,8
251202,3710,0,6
251202,3795,71,2
251202,3795,308,1
251202,3837,72,1
251202,38648pat0001,0,1
251202,3937,15,2
251202,4032a,308,2
251202,4032a,19,2
251202,4081b,72,1
251202,41740,19,2
251202,4274,71,2
251202,4286,28,2
251202,42924,1,4
251202,4304,19,1
251202,44567b,0,1
251202,44567b,15,1
251202,44728,70,2
251202,44728,28,2
251202,44861,84,4
251202,4510,19,2
251202,4519,14,4
251202,47905,70,2
251202,48336,19,2
251202,50340,15,1
251202,50340,0,1
251202,52107,28,1
251202,53451,19,3
251202,5404,84,4
251202,54200,19,4
251202,54200,378,3
251202,5711,28,1
251202,57909b,28,1
251202,5830,28,1
251202,59900,19,2
251202,60474,19,2
251202,60477,19,1
251202,60897,19,2
251202,6106,19,2
251202,61332,0,14
251202,6134,15,2
251202,6141,84,2
251202,6141,378,9
251202,6233,19,2
251202,62462,0,2
251202,64799,0,1
251202,64799,19,1
251202,6541,27,2
251202,66956,28,7
251202,67361,19,2
251202,68568,19,2
251202,69729,0,2
251202,70681,19,5
251202,73230,378,10
251202,73825,28,5
251202,75539,72,1
251202,77844,84,2
251202,78329,71,4
251202,78329,84,4
251202,79389,19,5
251202,85984,28,4
251202,87079,19,2
251202,87079,0,1
251202,87580,19,2
251202,89678,4,2
251202,92107,71,1
251202,93273,72,1
251202,96874,25,1
251202,98138,19,2
251202,99207,70,4
251202,99207,4,2
251202,99780,28,2
251202,99780,71,2
251202,99781,15,2
251207,10124,4,1
251207,10126,4,1
251207,10127,4,1
251207,10154,4,1
251207,105177pat0003,4,1
251207,3478,0,1
251207,43093,1,2
251207,79435pr0009,4,1
251208,3626cpr4009,78,1
251208,85974,70,1
251208,970c11pr2096,28,1
251208,973c03h03pr0092,0,1
251273,18986,47,1
251273,2447,47,1
251273,28621pr9784,326,1
251273,93560,72,1
251273,970c19,70,1
251273,973c20h12pr0003,326,1
251274,18986,47,1
251274,28621pr9783,272,1
251274,49556pr0003,272,1
251274,970c05pat22,272,1
251274,973c05h22pr0002,272,1
251359,16598,84,1
251359,3011,158,2
251359,3011,27,2
251359,3437,10,3
251359,3437,27,1
251359,3664pr0031,226,1
251359,3664pr0032,322,1
251359,3664pr0033,4,1
251359,39927,84,1
251359,5895,4,1
251359,5895,322,1
251359,5896,323,1
251359,5896,1050,1
251359,5897,27,1
251359,61649,31,3
251359,65273,14,1
251359,79784,10,1
251359,98252,27,2
251359,98459,84,2
251360,109575pr0002,191,1
251360,110432pr0001,15,1
251360,3118,27,1
251360,3437,10,1
251360,3437,41,1
251360,35114,15,1
251360,40666,322,1
251360,53920pr0003,191,1
251360,84210pr0002,15,1
251360,98233,226,1
251361,2302,158,3
251361,2302,10,3
251361,2302,15,1
251361,3011,322,1
251361,3011,14,1
251361,3011,27,1
251361,3011,4,1
251361,3437,158,2
251361,3437,27,2
251361,3437,31,2
251361,3437,322,2
251361,3437,10,2
251361,3437,4,1
251361,3437pr0204,10,1
251361,3437pr0205,10,1
251361,3437pr0206,10,1
251361,3437pr0207,10,1
251361,3437pr9974,14,1
251361,40666,84,2
251361,40666,85,1
251361,40666,10,2
251361,4198pr0050,4,1
251361,4198pr0051,30,1
251361,4198pr0052,14,1
251361,4198pr0053,322,1
251361,98223,226,1
251361,98223,4,1
251361,98223pr0040,30,1
251361,98224,4,1
251361,98224pr0011,14,1
251361,98224pr0015,30,1
251361,98233,226,1
251361,98252,27,2
251362,109575pr0001,25,1
251362,11170,226,1
251362,12146,15,1
251362,16434,15,1
251362,19034,484,1
251362,19038,484,1
251362,2302,14,1
251362,2302,70,1
251362,2302,84,1
251362,23742,10,1
251362,2390,27,1
251362,29304,322,1
251362,3011,1,5
251362,3011,71,1
251362,31059,10,1
251362,3118,27,2
251362,3437,72,2
251362,3437,84,1
251362,3437,321,3
251362,3437,41,3
251362,3437,1,3
251362,3437,70,1
251362,3437pr0166,84,1
251362,3437pr0182,84,1
251362,38834pr0002,25,1
251362,44524,322,1
251362,4672,226,1
251362,49989pr0002,15,1
251362,51704,321,1
251362,5897,27,2
251362,5897,322,1
251362,5926,15,1
251362,6510,10,4
251362,70676,1136,1
251362,70676,71,4
251362,76371,14,2
251362,76371,1136,4
251362,76371,41,2
251362,84190pr0001,27,2
251362,84192,10,2
251362,84194,10,1
251362,84195,30,2
251362,84195,1050,2
251362,84195,29,3
251362,84195,4,1
251362,87084,323,1
251362,89873pr0003,71,1
251362,89879pr0002,71,1
251362,98222,70,1
251362,98223,14,2
251362,98225,84,2
251362,98225,70,1
251362,98225pr0007,27,2
251362,98233,226,2
251362,98233,84,1
251362,98252,70,2
251362,98252,84,1
251363,114674pr0001,1062,1
251363,18825pr0091,27,1
251363,20302,1136,1
251363,2318c01,71,1
251363,24911c03,1136,1
251363,3437,19,1
251363,3437pr0208,71,1
251363,42234,15,1
251363,5927,191,1
251363,61649,31,1
251363,6510,10,1
251363,73564pr0005,15,1
251363,75266,15,1
251363,76371pr0263,323,1
251363,76371pr9912,15,1
251363,84195,1050,1
251363,90265,15,1
251363,98223,226,1
251363,98233,27,1
251364,102708pr0003,15,1
251364,14222pr0025,31,1
251364,20302,1136,1
251364,2302,321,2
251364,3011,15,6
251364,3011,158,4
251364,31213pr0039,15,1
251364,31333,31,1
251364,3437,321,1
251364,3437,158,1
251364,3437,15,12
251364,35516c01pr0001,2,1
251364,40666,14,2
251364,4196,19,2
251364,4892,27,1
251364,49989pr0003,15,1
251364,5927,191,2
251364,5928,322,1
251364,61649,15,2
251364,65109,84,1
251364,65111,322,1
251364,65273,30,1
251364,65273,27,1
251364,76371,15,4
251364,76371,31,1
251364,76371pr0264,14,1
251364,76371pr0265,14,1
251364,76371pr0266,15,1
251364,76371pr0267,41,1
251364,80106c01pr0002,15,1
251364,90265,322,2
251364,92094,15,1
251364,93353,15,1
251364,94901,322,1
251364,98233,321,2
251364,98233,19,1
251365,5930,2,1
251366,11211,15,2
251366,15573,14,2
251366,1748,15,2
251366,1748,4,2
251366,18674,15,2
251366,18674,10,2
251366,24246,15,2
251366,25214,15,1
251366,3001,27,2
251366,3001,14,2
251366,3003,1050,2
251366,3003,70,2
251366,3003,27,2
251366,3004,15,2
251366,3004,27,4
251366,3004,1050,4
251366,3004pr0103,1050,1
251366,3004pr0103,27,1
251366,3004pr0103,15,1
251366,3008,14,1
251366,3009,27,1
251366,3010,1050,2
251366,3010,27,2
251366,3010,15,2
251366,3020,27,2
251366,3020,15,4
251366,3020,70,2
251366,3039,27,4
251366,30565,14,4
251366,32607,10,6
251366,3262,4,1
251366,3262,27,1
251366,3665,27,4
251366,37352,1050,2
251366,37352,15,2
251366,37352,4,2
251366,37762,15,2
251366,37775,182,2
251366,3941,19,2
251366,49307,27,2
251366,49307,70,2
251366,54200,15,2
251366,59900,70,2
251366,6223,47,2
251366,67095,70,1
251366,7134,47,2
251366,76959,70,2
251366,78666,15,2
251366,85861,15,2
251366,85861,4,2
251366,85984,70,4
251366,86876,27,2
251366,86876,1050,4
251366,87087,1050,4
251366,87087,15,4
251366,87087,27,2
251366,98138,0,4
251366,98138,14,2
251366,98138,322,2
251366,98138,29,2
251366,98138pr9976,15,2
251366,98138pr9977,15,2
251366,98138pr9978,15,2
251366,98138pr9979,15,2
251366,98138pr9980,15,2
251366,98138pr9981,15,2
251366,98138pr9989,4,1
251367,11211,15,2
251367,11477,47,4
251367,11477,46,4
251367,15254,47,4
251367,15573,323,2
251367,15573,15,2
251367,22885,15,2
251367,24866,5,6
251367,24866,323,4
251367,3001,323,2
251367,3003,226,2
251367,3003,323,2
251367,3004,15,2
251367,3004,226,2
251367,3004,323,4
251367,3005,47,4
251367,3005,41,4
251367,3005,45,4
251367,3010,226,2
251367,3010,323,2
251367,3020,226,4
251367,3020,323,2
251367,3020,15,4
251367,3021,323,2
251367,3022,15,2
251367,3023,41,6
251367,3023,15,2
251367,3024,47,4
251367,3034,15,2
251367,3039,45,6
251367,3039,46,6
251367,3039,41,6
251367,3040b,47,6
251367,3065,47,6
251367,3065,46,8
251367,3065,45,8
251367,3065,41,8
251367,3065pr0006,47,2
251367,3066,47,4
251367,3556,41,4
251367,3556,47,4
251367,3556,45,4
251367,37352,226,4
251367,37352,323,4
251367,3795,226,2
251367,3795,15,2
251367,3941,46,4
251367,3957b,15,2
251367,4495b,297,2
251367,5174,47,2
251367,5174pr0006,47,2
251367,54200,46,12
251367,54200,47,8
251367,54200,41,8
251367,54200,45,8
251367,5841,41,4
251367,59900,46,4
251367,6223,47,6
251367,6223,45,6
251367,6223,41,6
251367,64647,45,2
251367,64647,41,2
251367,6805,15,4
251367,6826,47,4
251367,7133,47,10
251367,7134,47,8
251367,7261,45,4
251367,7261,46,8
251367,7261,41,6
251367,78666,226,4
251367,87087,226,4
251367,87087,15,6
251367,87087,323,4
251367,89522,297,4
251367,98138,45,4
251367,98138,41,4
251367,98138pr9976,15,2
251367,98138pr9977,15,2
251367,98138pr9978,15,2
251367,98138pr9979,15,4
251367,98138pr9980,15,2
251367,98138pr9981,15,4
251368,11211,84,2
251368,11213,2,2
251368,11477,2,4
251368,11477,26,6
251368,11477,212,2
251368,13564,15,4
251368,15070,15,2
251368,15395,15,2
251368,15571,70,4
251368,15571,15,6
251368,15573,26,2
251368,15573,71,2
251368,24866,2,6
251368,24866,191,6
251368,24866,26,6
251368,3001,70,2
251368,3001,2,2
251368,3001,15,2
251368,3001,84,2
251368,3003,70,2
251368,3003,15,2
251368,3003,2,2
251368,3003,71,6
251368,3003,84,2
251368,3004,71,4
251368,3004,2,4
251368,3004,84,4
251368,3004,70,4
251368,3004,26,4
251368,3004,212,10
251368,3004,15,4
251368,3005,71,4
251368,3005,212,4
251368,3005,84,4
251368,3005,26,4
251368,3010,212,2
251368,3010,26,2
251368,30165,84,2
251368,3020,2,4
251368,3020,84,2
251368,3020,212,2
251368,3021,71,2
251368,3021,212,2
251368,3021,2,2
251368,3022,84,2
251368,3022,26,2
251368,3022,71,2
251368,3022,2,2
251368,3032,2,1
251368,3034,84,2
251368,3034,26,2
251368,30363,2,2
251368,3039,71,8
251368,3040b,182,4
251368,3040b,26,4
251368,3040b,212,14
251368,3040b,2,6
251368,3040b,84,4
251368,3176,71,2
251368,32607,2,6
251368,3262,15,2
251368,32803,71,2
251368,3298,70,2
251368,3298,84,2
251368,33243,70,4
251368,3623,71,4
251368,3623,191,2
251368,3623,70,8
251368,3665,70,8
251368,3678b,15,2
251368,3710,70,2
251368,37352,26,2
251368,37352,2,4
251368,37352,212,2
251368,37352,15,4
251368,37352,84,6
251368,37352,70,2
251368,37352pr0011,2,1
251368,37352pr0012,2,1
251368,37352pr0030,84,1
251368,37352pr0030,2,1
251368,37352pr0030,212,2
251368,37352pr0030,26,1
251368,37352pr0033,84,4
251368,37352pr0033,212,4
251368,37352pr0037,212,2
251368,37352pr0037,2,1
251368,37352pr0037,26,1
251368,37352pr0037,84,1
251368,3766,212,1
251368,3832,70,2
251368,3941,212,8
251368,3941,182,2
251368,3941,2,4
251368,3942c,212,2
251368,4032a,84,4
251368,4045,212,2
251368,42022,212,4
251368,48336,71,4
251368,50304,26,1
251368,50305,26,1
251368,5174,2,2
251368,5174,212,2
251368,5174,84,2
251368,5174,15,4
251368,54200,84,4
251368,54200,2,6
251368,54200,71,4
251368,54200,70,4
251368,54200,212,8
251368,54200,26,6
251368,54200,15,4
251368,59900,15,8
251368,59900,2,4
251368,60474,2,2
251368,60481,71,2
251368,6091,84,2
251368,61252,19,4
251368,6141,182,4
251368,6148,2,6
251368,63868,71,4
251368,65886,26,4
251368,6826,15,2
251368,78666,71,2
251368,80497,212,2
251368,80674,191,2
251368,85861,15,6
251368,85984,2,2
251368,85984,70,2
251368,85984,26,2
251368,85984,84,2
251368,86876,212,2
251368,87087,2,6
251368,92691,15,2
251368,92947,70,6
251368,98138,70,2
251369,10187,179,4
251369,11211,0,6
251369,14769,0,2
251369,14769pr9967,15,4
251369,15068,5,2
251369,15469,10,2
251369,15573,191,2
251369,15573,71,2
251369,18674,15,2
251369,22885,15,2
251369,22885,71,2
251369,22885,191,2
251369,2412b,27,2
251369,2431,322,2
251369,2431,191,2
251369,2456,4,2
251369,2456,1062,4
251369,24866,1050,2
251369,24866,5,2
251369,25214,0,8
251369,25269,4,8
251369,2639,15,2
251369,2654,15,4
251369,27925,1062,4
251369,298c02,0,2
251369,3001,1062,16
251369,3001,322,6
251369,3001,0,4
251369,3001,1050,4
251369,3001,4,4
251369,3003,191,8
251369,3003,4,4
251369,3003,1050,6
251369,3003,0,4
251369,3003,71,4
251369,3003,322,8
251369,3003,27,4
251369,3003,15,8
251369,3003,1062,14
251369,3004,27,4
251369,3004,15,8
251369,3004,1050,8
251369,3004,0,6
251369,3004,4,6
251369,3004,1062,6
251369,3004,70,8
251369,3004,322,6
251369,3004,5,6
251369,3004,71,8
251369,3004,191,6
251369,3004pr0103,15,2
251369,3004pr0103,4,2
251369,3004pr0103,1050,2
251369,3004pr0103,1062,2
251369,3004pr0103,191,2
251369,3005,71,4
251369,3005,191,4
251369,3005,4,4
251369,3005,322,4
251369,3005,27,4
251369,3005,5,4
251369,3009,191,8
251369,3009,322,2
251369,3009,27,2
251369,3010,71,2
251369,3010,5,8
251369,3010,27,2
251369,3010,191,10
251369,3010,1050,4
251369,3010,322,2
251369,30165,27,2
251369,30165,4,2
251369,3020,15,2
251369,3020,322,2
251369,3020,0,2
251369,3020,71,2
251369,3020,1050,2
251369,3020,70,2
251369,3020,191,2
251369,3022,70,2
251369,3022,71,2
251369,3022,27,2
251369,3023,5,2
251369,3024,1050,2
251369,3024,15,2
251369,3031,15,2
251369,3031,0,2
251369,3034,0,2
251369,3039,191,4
251369,3039,0,4
251369,3040b,1062,8
251369,3040b,322,4
251369,3065,47,2
251369,3065,45,2
251369,3068b,4,2
251369,3069b,191,2
251369,3069b,4,4
251369,3069b,322,2
251369,3262,27,2
251369,3298,70,2
251369,33183,70,2
251369,33243,1050,2
251369,3622,322,4
251369,3622,70,2
251369,3660,191,4
251369,3660,1062,4
251369,3660,4,4
251369,3665,1050,4
251369,3700,0,2
251369,37352,0,4
251369,37352,191,6
251369,37352,1050,12
251369,37352,15,14
251369,37352,71,4
251369,37352,4,8
251369,37352,322,6
251369,37352,27,4
251369,37452,27,2
251369,37452,5,4
251369,37762,15,4
251369,37775,182,4
251369,3795,4,2
251369,3795,15,2
251369,3832,27,2
251369,3941,27,4
251369,3942c,71,2
251369,3958,15,2
251369,39739,5,2
251369,39739,1050,2
251369,4286,191,2
251369,49307,27,4
251369,49307,4,2
251369,49307,70,2
251369,5174,71,2
251369,5174,27,4
251369,5174,15,2
251369,5174,1062,2
251369,54200,47,4
251369,54200,27,2
251369,54200,322,4
251369,54200,1050,2
251369,54200,5,2
251369,54200,71,4
251369,54200,4,2
251369,54200,15,4
251369,54200,191,2
251369,59900,10,2
251369,59900,25,2
251369,60032,0,2
251369,60474,322,2
251369,60474,19,2
251369,60594,15,2
251369,60608,15,4
251369,6091,191,2
251369,6091,71,2
251369,6141,15,2
251369,6141,0,2
251369,6553085,9999,1
251369,65578,84,4
251369,6805,15,4
251369,6826,15,2
251369,76959,70,4
251369,80497,0,2
251369,85984,70,8
251369,85984,15,4
251369,85984,71,2
251369,86876,15,6
251369,86876,71,2
251369,87081,0,2
251369,87087,71,4
251369,87087,15,4
251369,87087,27,2
251369,87087,4,2
251369,87087,70,2
251369,87087,1062,8
251369,87087,1050,2
251369,87087,5,2
251369,87087,191,2
251369,87580,322,2
251369,98100,0,2
251369,98138,0,2
251369,98138,1050,2
251369,98138,70,4
251369,98138pr0008,15,4
251369,98138pr9976,15,2
251369,98138pr9977,15,4
251369,98138pr9978,15,2
251369,98138pr9979,15,4
251369,98138pr9980,15,2
251369,98138pr9981,15,4
251370,10247,14,1
251370,11476,71,2
251370,14210,27,1
251370,14716,71,2
251370,15571,4,10
251370,18649,0,2
251370,22888,2,1
251370,22961,308,1
251370,2412b,71,3
251370,2420,4,2
251370,24204,14,1
251370,24309,0,2
251370,24309,14,1
251370,2566,70,1
251370,27256,41,2
251370,28192,14,2
251370,28326,0,4
251370,29111,0,1
251370,3001,0,1
251370,30031,72,2
251370,3004,4,1
251370,30076,0,1
251370,3010,0,2
251370,3010,14,1
251370,3020,10,2
251370,3022,4,2
251370,3022,2,2
251370,3023,14,2
251370,3023,4,1
251370,30385,36,1
251370,32064a,308,1
251370,32607,27,2
251370,3298,71,1
251370,3673,14,4
251370,37352,0,4
251370,4079b,72,1
251370,4345b,71,1
251370,4346,4,1
251370,4460b,71,2
251370,44861,288,2
251370,44865,72,1
251370,4921pr0005,0,1
251370,5058,10,3
251370,50950,2,2
251370,55981,14,2
251370,55981,71,4
251370,5717,70,1
251370,60470b,0,2
251370,61332,0,1
251370,6141,14,2
251370,63868,71,2
251370,63868,27,2
251370,64225pr0021,14,1
251370,64225pr0022,27,2
251370,70682,10,2
251370,71752,19,1
251370,80487,27,1
251370,85984,14,2
251370,85984,27,2
251370,87580,27,1
251370,89201,0,4
251370,92402,0,2
251371,11477,10,1
251371,14718,4,1
251371,14769pr9962,4,2
251371,15068,70,1
251371,15462,70,1
251371,22888,2,1
251371,2431,1,5
251371,2454b,72,2
251371,24946,15,1
251371,2628,10,2
251371,2877,4,2
251371,3004,72,2
251371,3010,27,2
251371,30150,14,1
251371,30153,36,1
251371,3020,27,1
251371,3020,4,1
251371,3020,2,2
251371,3022,19,1
251371,3023,4,2
251371,3023,72,1
251371,30293,72,1
251371,30294,72,1
251371,30385,36,1
251371,3039,27,1
251371,3040b,70,3
251371,3062b,70,1
251371,3069b,71,4
251371,32474,27,1
251371,33243,4,2
251371,3486,1,4
251371,3666,70,2
251371,3666,4,2
251371,3673,14,6
251371,3678b,70,1
251371,3700,70,1
251371,3710,14,1
251371,3710,19,3
251371,38648pat0001,0,1
251371,3958,71,1
251371,4162,27,2
251371,4286,71,4
251371,4522,0,1
251371,47847,72,2
251371,48336,71,1
251371,4865b,1,2
251371,5058,10,2
251371,50950,4,2
251371,5117,1,1
251371,52107,4,2
251371,53119,70,1
251371,60470b,84,1
251371,60470b,2,2
251371,60476,71,2
251371,60581,71,1
251371,6091,4,2
251371,62113,70,1
251371,64867,72,1
251371,67456pr0001,72,1
251371,67810,4,2
251371,6937pr0001,15,1
251371,70682,1,2
251371,78329,71,2
251371,80487,27,2
251371,85984,70,5
251371,87580,272,2
251371,87580,2,4
251371,87580,72,2
251371,88292,70,2
251371,89681,4,1
251371,92950,72,2
251371,93160,15,1
251371,98560,71,1
251372,109581pr0001,1,1
251372,109587pr0001,27,1
251372,109758pr0001,4,1
251372,14210,27,1
251372,14769,322,3
251372,18674,4,1
251372,22961,0,2
251372,24086,84,1
251372,24309,14,1
251372,2431,2,1
251372,24593,70,4
251372,24946,15,1
251372,2540,19,2
251372,2566,70,2
251372,2628,10,1
251372,26599,0,2
251372,26603,70,2
251372,26603,26,2
251372,27261,19,2
251372,29111,0,1
251372,29115,0,1
251372,3004,26,2
251372,30150,84,1
251372,30153,36,2
251372,30162,0,1
251372,3020,1,1
251372,3020,72,1
251372,3022,14,1
251372,3023,19,2
251372,3068bpr0240,19,1
251372,3069bpr0301,71,1
251372,32064a,322,2
251372,3298,70,1
251372,33078,4,1
251372,35565,70,2
251372,3666,70,1
251372,3710,70,1
251372,37407,4,1
251372,37407,27,1
251372,3795,26,1
251372,3841,72,1
251372,4032a,19,3
251372,41948,10,4
251372,42876,484,1
251372,4304,15,1
251372,44375b,19,1
251372,4738c,84,1
251372,4740,1,1
251372,48933pr0009,19,1
251372,49153,72,2
251372,5058,10,8
251372,54200,46,2
251372,54200,19,2
251372,5630,0,2
251372,5717,70,2
251372,5777,14,4
251372,57895pr0031,322,1
251372,60470b,0,7
251372,60470b,14,1
251372,60599,4,1
251372,61332,0,2
251372,62113,0,2
251372,6223,33,3
251372,63783,71,1
251372,64644,72,1
251372,65509,4,4
251372,66789,4,1
251372,66792,4,2
251372,80483pr0001,4,1
251372,80487,27,1
251372,80835,84,1
251372,86148,297,1
251372,87079,0,1
251372,87580,19,1
251372,87747,15,2
251372,88292,70,2
251372,90981,27,2
251372,92691,15,2
251372,92842,297,2
251373,18787,72,1
251373,18787,322,1
251373,2456,320,1
251373,3001,320,1
251373,3003,320,3
251373,3009,320,1
251373,3020,4,1
251373,3022,25,1
251373,3022,70,1
251373,3023,25,1
251373,3024,308,4
251373,3024,28,4
251373,3024,3,1
251373,3031,320,2
251373,3036,25,1
251373,3039,25,1
251373,32064a,320,2
251373,3460,320,2
251373,3700,25,2
251373,3705,0,1
251373,4162,320,2
251373,85861,320,1
251373,85984,25,1
251373,87580,4,1
251373,87580,70,1
251373,88704,70,1
251373,98283,320,4
251374,14716,484,4
251374,15712,72,1
251374,18787,322,1
251374,18788,179,1
251374,2445,3,1
251374,26603,191,2
251374,26603pr0010,71,1
251374,26603pr0099,0,1
251374,3003,3,2
251374,3003,484,4
251374,3010,3,2
251374,3020,288,2
251374,3020,3,3
251374,3021,2,1
251374,3022,72,6
251374,3022,3,2
251374,3024,484,4
251374,3024,182,1
251374,3024,46,1
251374,3036,19,2
251374,3069b,3,2
251374,33909,484,2
251374,3700,71,4
251374,3710,2,4
251374,41682,2,1
251374,5264,297,1
251374,59900,72,2
251374,60478,3,2
251374,60897,70,2
251374,61184,71,2
251374,6141,322,3
251374,61780,70,1
251374,63965,28,1
251374,64644,308,1
251374,65509,19,3
251374,65510,70,1
251374,65510,30,1
251374,79194,47,1
251374,87087,484,4
251374,87580,484,4
251374,98283,484,4
251374,99563,297,2
251375,11211,71,1
251375,1126,19,1
251375,18674,14,1
251375,18787,297,1
251375,19727pr0010,29,2
251375,2357,15,2
251375,2420,84,2
251375,2431,29,3
251375,2431,84,2
251375,2456,29,1
251375,24855,2,1
251375,24866,14,3
251375,24866,4,2
251375,24866,10,9
251375,24866,25,1
251375,3001,288,2
251375,3001,2,3
251375,3001,29,17
251375,3003,2,1
251375,3003,5,5
251375,3003,84,3
251375,3003,29,2
251375,3003,15,3
251375,3004,29,3
251375,3004pr0014,84,2
251375,3005,15,2
251375,3005,84,4
251375,3005,1,1
251375,3005,0,4
251375,3005,27,1
251375,3007,29,7
251375,3010,29,2
251375,3020,33,1
251375,3020,1,2
251375,3020,29,2
251375,3021,29,2
251375,3022,4,1
251375,3022,15,1
251375,3022,84,1
251375,3022,14,2
251375,3023,47,1
251375,3023,29,4
251375,3024,29,2
251375,3024,0,1
251375,3024,70,6
251375,3024,182,2
251375,3024,4,2
251375,3024,14,1
251375,3024,15,1
251375,3024,2,2
251375,3024,46,2
251375,3035,1,1
251375,3036,70,1
251375,3036,2,2
251375,3068b,15,1
251375,3068bpr0236,84,1
251375,3069b,84,2
251375,3070bpr0244,14,1
251375,3245c,29,3
251375,33172,25,2
251375,33183,10,4
251375,33183,191,2
251375,33909,484,1
251375,3710,5,1
251375,3795,29,4
251375,3795,70,1
251375,3957b,47,1
251375,4032a,0,5
251375,4070,14,1
251375,4216,29,5
251375,44728,2,4
251375,4727,10,2
251375,60478,70,2
251375,60897,70,2
251375,6141,25,2
251375,6141,19,2
251375,6141,379,3
251375,61780,70,1
251375,64644,308,2
251375,65509,10,7
251375,65578,2,1
251375,85861,5,2
251375,85861,70,4
251375,85861,47,1
251375,86996,484,1
251375,87079,29,6
251375,87079pr9880,15,1
251375,87580,84,4
251375,87580,33,1
251375,87580,2,1
251375,87580,29,8
251375,87580,14,1
251375,87994,70,2
251375,87994,10,1
251375,88704,70,1
251375,92438,2,1
251376,11476,70,1
251376,14716,484,2
251376,15672,25,2
251376,15712,15,1
251376,18789,179,1
251376,19119,484,1
251376,1927,0,4
251376,19727pr0011,272,1
251376,20308pr0005,71,1
251376,2357,25,2
251376,2357,72,1
251376,2420,71,1
251376,24246,84,1
251376,2431,71,1
251376,2445,70,1
251376,2456,288,2
251376,2456,71,4
251376,24855,2,2
251376,24866,212,3
251376,24866,191,3
251376,3001,484,2
251376,3001,72,2
251376,3001,71,1
251376,3001,288,4
251376,3001,70,3
251376,3003,71,2
251376,3003,70,9
251376,3003,72,10
251376,3003,25,1
251376,3004,484,1
251376,3004pr0036,15,2
251376,3005,71,1
251376,3005,182,1
251376,3010,484,2
251376,3020,25,1
251376,3020,484,2
251376,3020,272,1
251376,3020,326,1
251376,3020,33,4
251376,3020,70,3
251376,3021,484,2
251376,3022,25,1
251376,3022,71,6
251376,3022,70,7
251376,3022,4,1
251376,3023,26,1
251376,3023,272,3
251376,3023,71,4
251376,3023,84,4
251376,3023,70,6
251376,3024,484,2
251376,3024,71,10
251376,3024,46,3
251376,3024,0,4
251376,3024,182,4
251376,3029,72,2
251376,3039,25,1
251376,3039,33,2
251376,3068b,272,1
251376,3069b,484,4
251376,32000,71,1
251376,33909,84,2
251376,3460,70,2
251376,35480,19,4
251376,3795,72,1
251376,3795,70,2
251376,3832,484,1
251376,3958,326,5
251376,4032a,0,1
251376,41682,84,2
251376,41740,72,1
251376,48336,0,2
251376,49283,4,2
251376,60478,70,2
251376,60478,71,1
251376,60897,70,2
251376,6141,0,7
251376,6141,19,4
251376,61780,70,1
251376,6223,33,2
251376,63868,0,4
251376,64644,308,1
251376,65509,72,2
251376,65509,484,2
251376,65578,84,2
251376,65578,320,1
251376,6587,28,1
251376,6636,484,1
251376,6985pr0001,84,2
251376,75937,15,1
251376,87079,70,4
251376,87580,4,1
251376,87580,84,3
251376,87580,70,2
251376,87580,326,10
251376,87580,71,3
251376,93160,15,1
251376,98138,4,1
251377,1126,84,1
251377,14417,72,1
251377,14418,71,1
251377,14419,72,1
251377,14719,72,2
251377,15573,4,7
251377,15573,15,2
251377,18787,1103,1
251377,18791,19,2
251377,1927,4,2
251377,19727pr0012,28,1
251377,19727pr0013,4,2
251377,20482,70,1
251377,20482,29,1
251377,2357,15,2
251377,2357,4,2
251377,24008pr0008,15,1
251377,2420,19,3
251377,2420,15,3
251377,2420,28,4
251377,2420,4,3
251377,2431,19,4
251377,2431,15,1
251377,2445,4,1
251377,24866,10,6
251377,24866,30,1
251377,24866,212,1
251377,25269,4,2
251377,26047,70,1
251377,2654,33,2
251377,26603,272,1
251377,26603,4,4
251377,28621,323,1
251377,3001,28,6
251377,3001,4,14
251377,3001,15,3
251377,3001,0,4
251377,3001,70,5
251377,3003,0,8
251377,3003,4,20
251377,3003,15,25
251377,3003,28,3
251377,3004,4,5
251377,3004,15,3
251377,3004,70,11
251377,3004pr0014,84,2
251377,3004pr0020,72,1
251377,3004pr0021,72,1
251377,3005,72,4
251377,3005,27,1
251377,3005,4,1
251377,3005,1,1
251377,3005,15,4
251377,3005,28,6
251377,3009,15,2
251377,3010,4,4
251377,3010,15,1
251377,3020,15,1
251377,3020,28,2
251377,3020,27,2
251377,3020,70,2
251377,3020,4,1
251377,3022,4,7
251377,3022,15,5
251377,3022,72,1
251377,3022,84,1
251377,3023,4,5
251377,3023,19,1
251377,3023,29,2
251377,3023,70,2
251377,3023,15,1
251377,3023,28,3
251377,3024,46,3
251377,3024,4,16
251377,3024,15,13
251377,3024,191,1
251377,3024,2,2
251377,3024,33,2
251377,3024,182,3
251377,3024,28,6
251377,3024,0,1
251377,3031,70,1
251377,3031,4,1
251377,3032,72,6
251377,3032,4,1
251377,3034,4,2
251377,3036,1,2
251377,3068b,15,6
251377,3068b,28,4
251377,3068bpr0236,84,1
251377,3069b,272,1
251377,3069b,28,1
251377,3069b,15,2
251377,3069bpr0333,272,1
251377,3070b,0,2
251377,3070b,4,2
251377,3129,179,1
251377,32028,19,4
251377,33183,191,5
251377,33909,4,4
251377,33909,28,4
251377,3460,15,4
251377,3460,4,5
251377,35459,19,2
251377,3623,15,3
251377,3710,19,2
251377,3795,15,1
251377,3795,70,1
251377,3795,4,4
251377,3832,4,3
251377,3957b,47,1
251377,4032a,0,5
251377,4070,72,2
251377,41740,4,5
251377,4216,28,2
251377,4216,15,4
251377,43898,47,1
251377,4727,10,1
251377,4738c,84,1
251377,48336,0,2
251377,54657,4,1
251377,60476,15,1
251377,60478,19,1
251377,60581,4,1
251377,60897,71,1
251377,6111,15,1
251377,6111,70,6
251377,61252,4,1
251377,6141,15,4
251377,6141,71,5
251377,61780,70,1
251377,62113,84,1
251377,63864,308,1
251377,63868,15,1
251377,64644,308,3
251377,64648,179,1
251377,65509,70,1
251377,65509,4,16
251377,65509,72,4
251377,65578,2,1
251377,65886,272,2
251377,6636,28,2
251377,6636,4,3
251377,67329,71,2
251377,79389,71,4
251377,80835,84,1
251377,85861,19,6
251377,85861,71,2
251377,86996,484,2
251377,87079,4,4
251377,87079,15,7
251377,87087,29,2
251377,87544,47,3
251377,87544,4,2
251377,87580,70,1
251377,87580,72,1
251377,87580,28,4
251377,87580,84,1
251377,88704,70,1
251377,92438,15,1
251377,92438,1,2
251377,92438,4,1
251377,99780,28,4
251377,99781,272,1
251378,15303,47,2
251378,15400,72,1
251378,18787,1103,1
251378,18792,70,2
251378,2420,72,1
251378,2453b,72,2
251378,2456,484,5
251378,2456,72,2
251378,24866,191,1
251378,25269,484,12
251378,25269,378,8
251378,26603pr0149,0,2
251378,2821,84,3
251378,3001,484,3
251378,3001,378,5
251378,3003,484,4
251378,3003,72,22
251378,3004,378,9
251378,3009,484,1
251378,3020,378,1
251378,3020,4,2
251378,3022,484,9
251378,3022,72,3
251378,3022,71,2
251378,3023,46,11
251378,3023,72,9
251378,3024,484,2
251378,3024,182,2
251378,3024,46,2
251378,3033,378,1
251378,3068b,15,1
251378,3068b,484,10
251378,3069b,484,21
251378,33909,72,4
251378,3622,72,2
251378,3666,484,4
251378,36841,72,1
251378,3700,71,4
251378,3795,72,2
251378,3795,70,1
251378,3832,72,2
251378,3958,484,1
251378,3958,378,2
251378,4032a,0,2
251378,59900,72,2
251378,61184,71,2
251378,6141,10,2
251378,6141,322,1
251378,64644,308,2
251378,65509,70,1
251378,65578,2,1
251378,86996,84,5
251378,87087,72,2
251378,87087,378,2
251378,87580,379,5
251378,87580,15,5
251378,87580,84,3
251378,87580,378,10
251378,91405,378,1
251378,98283,72,25
251378,99207,15,3
251378,99207,0,2
251379,15395,322,1
251379,1748,191,2
251379,18980,2,1
251379,22885,84,2
251379,3032,2,1
251379,3068b,72,1
251379,32474,19,1
251379,32607,27,2
251379,33909,27,2
251379,3666,1136,2
251379,38799,15,2
251379,44861,72,2
251379,48336,1136,3
251379,5066,72,1
251379,5903,14,2
251379,6182,84,2
251379,6914,15,1
251379,69902pr0004,0,1
251379,87580,191,1
251379,98138pr0121,19,3
251380,104702,1062,1
251380,11090,0,2
251380,11476,4,1
251380,15068,0,2
251380,18649,0,8
251380,18654,4,1
251380,20482,15,1
251380,22385,0,1
251380,24246,4,18
251380,26047,0,10
251380,2654,72,1
251380,28192,0,2
251380,28192,4,2
251380,29119,4,1
251380,29120,4,1
251380,3021,0,2
251380,3023,0,1
251380,3023,1062,3
251380,30383,0,2
251380,3069b,0,2
251380,3070b,4,2
251380,32001,0,1
251380,32123b,14,1
251380,32270,0,1
251380,35464,72,2
251380,35480,4,3
251380,36840,4,4
251380,36841,71,2
251380,4032a,4,3
251380,41682,0,1
251380,47457,0,1
251380,54200,1062,4
251380,54657,4,2
251380,60474,0,2
251380,63868,0,24
251380,6587,28,1
251380,67329,0,1
251380,79180,0,1
251380,85861,71,4
251380,85984,0,4
251380,87747,158,2
251380,90194,1062,1
251380,98138,1062,16
251380,98138pr0107,0,6
251380,99207,0,2
251381,11212,15,1
251381,11212,272,2
251381,11477,321,2
251381,11477,15,1
251381,11833,0,1
251381,13547,15,2
251381,13547,272,2
251381,15535,0,1
251381,15790,0,1
251381,2415,71,2
251381,2431,321,2
251381,2431,15,1
251381,25269,14,2
251381,2654,15,2
251381,27263,272,2
251381,27507,0,4
251381,3005,15,1
251381,3010,321,2
251381,3020,272,2
251381,3021,321,5
251381,3021,15,1
251381,3021,272,1
251381,3022,71,2
251381,3023,15,4
251381,3023,35,1
251381,3023,19,3
251381,3023,36,1
251381,3024,15,4
251381,3024,321,6
251381,3024,0,2
251381,30355,272,1
251381,30356,272,1
251381,3040b,15,2
251381,30602,1095,1
251381,3068b,321,2
251381,3069b,272,2
251381,3070b,272,2
251381,3176,15,2
251381,32016,0,1
251381,32062,4,3
251381,32064a,0,3
251381,32124,15,1
251381,3262,15,1
251381,34103,15,3
251381,3460,25,1
251381,35787,321,10
251381,35787,272,4
251381,35787,15,8
251381,3623,321,6
251381,3623,272,1
251381,3666,15,3
251381,36841,0,2
251381,3710,272,2
251381,3710,71,2
251381,39789,0,1
251381,4032a,72,2
251381,4162,272,2
251381,44728,19,1
251381,4477,71,1
251381,4519,14,1
251381,47905,0,1
251381,50950,15,1
251381,50955,272,1
251381,50956,272,1
251381,51739,272,2
251381,52107,71,5
251381,5414,15,1
251381,5415,15,1
251381,54200,71,8
251381,54200,321,2
251381,59443,0,2
251381,60479,15,2
251381,60481,15,1
251381,65249,15,1
251381,6541,71,1
251381,65630,71,2
251381,74611,0,1
251381,79194,0,1
251381,85984,321,4
251381,85984,0,1
251381,99207,72,1
251381,99563,15,1
251381,99780,0,2
251382,11211,0,2
251382,11476,320,2
251382,11477,2,6
251382,11477,4,8
251382,11477,320,4
251382,14418,71,2
251382,14419,72,6
251382,14704,71,9
251382,14769,4,2
251382,14769,27,1
251382,15068,2,12
251382,15068,27,2
251382,15070,10,4
251382,15208,2,8
251382,15209,288,4
251382,15209,10,1
251382,15456,0,3
251382,15573,2,11
251382,15712,19,2
251382,15712,320,8
251382,16770,10,2
251382,1748,4,8
251382,18674,10,4
251382,1927,2,2
251382,22385,2,23
251382,22385,4,2
251382,22388,320,10
251382,22388,10,4
251382,22888,72,2
251382,22890,72,6
251382,2343,297,1
251382,23443,0,12
251382,23443,4,2
251382,2420,28,1
251382,2420,320,6
251382,24201,27,1
251382,24201,288,4
251382,24299,4,2
251382,24307,4,2
251382,2450,320,4
251382,25269,4,4
251382,25269,2,32
251382,2540,297,1
251382,26047,297,4
251382,2654,320,4
251382,2654,158,11
251382,27263,4,2
251382,27263,2,12
251382,27263,297,10
251382,2736,71,1
251382,28802,2,6
251382,3001,27,2
251382,3003,27,1
251382,3004,2,2
251382,3005,378,2
251382,3020,320,2
251382,3020,2,6
251382,3021,27,8
251382,3022,10,6
251382,3022,297,7
251382,3023,10,20
251382,30565,320,8
251382,30565,10,4
251382,3068b,27,1
251382,3070b,26,1
251382,32028,320,4
251382,32124,0,16
251382,32607,2,4
251382,32803,288,6
251382,32828,288,2
251382,33909,4,2
251382,3460,2,2
251382,35044,320,4
251382,35459,0,12
251382,35480,0,16
251382,3623,288,16
251382,3660,27,4
251382,36840,70,2
251382,36841,0,2
251382,3738,10,1
251382,3937,4,2
251382,3938,0,2
251382,3941,72,3
251382,3942c,72,2
251382,39613,10,4
251382,4032a,0,3
251382,40379,2,1
251382,4070,19,2
251382,4081b,19,2
251382,41682,28,6
251382,43093,1,1
251382,44728,2,10
251382,44861,288,4
251382,44861,378,1
251382,4519,14,2
251382,4588,4,1
251382,47397,320,2
251382,47398,320,2
251382,47455,0,8
251382,48171,0,4
251382,48172,0,1
251382,4865b,4,1
251382,4920,15,1
251382,53451,19,16
251382,54200,288,12
251382,54383,320,4
251382,54384,320,4
251382,5565,4,2
251382,59900,2,1
251382,59900,72,2
251382,60478,27,3
251382,60897,4,2
251382,61332,0,3
251382,6141,10,1
251382,6141,297,16
251382,6231,4,2
251382,63864,320,4
251382,65092,1055,2
251382,6636,320,12
251382,73109,4,6
251382,73825,378,8
251382,76766,288,2
251382,77844,0,6
251382,77850,0,1
251382,77850,28,7
251382,79389,2,2
251382,79505,0,2
251382,79987,72,4
251382,80431,288,3
251382,80563,320,2
251382,85861,288,2
251382,85861,320,7
251382,85984,4,4
251382,87580,2,6
251382,87747,4,9
251382,87747,19,4
251382,89678,4,4
251382,93273,2,1
251382,93274,72,2
251382,96874,25,1
251382,98138pr0107,0,2
251382,98313,28,2
251382,99207,27,2
251382,99563,297,10
251382,99780,27,12
251382,99780,4,2
251382,99781,28,6
251383,11090,10,1
251383,11153,19,4
251383,11203,15,4
251383,11211,28,2
251383,1126,19,6
251383,11476,19,2
251383,11477,2,3
251383,14417,72,2
251383,14418,71,4
251383,14704,71,2
251383,15068,19,5
251383,15573,28,1
251383,1748,19,1
251383,18980,19,1
251383,20482,288,1
251383,22890,72,4
251383,2310,15,2
251383,2420,19,6
251383,2420,15,6
251383,24201,19,8
251383,24201,78,4
251383,24246,15,4
251383,2456,19,1
251383,25269,15,4
251383,25269,78,2
251383,25269,19,2
251383,25269,0,1
251383,26047,15,2
251383,2654,78,8
251383,26604,19,4
251383,27261,19,2
251383,28192,15,2
251383,28192,19,4
251383,29119,15,1
251383,29119,19,2
251383,29120,19,2
251383,29120,15,1
251383,3004,19,3
251383,30136,19,5
251383,3020,15,4
251383,3021,78,4
251383,3021,19,5
251383,3022,28,2
251383,3022,2,2
251383,3023,78,2
251383,3023,19,7
251383,3023,15,6
251383,3023,41,3
251383,3024,19,10
251383,30357,19,4
251383,30374,27,1
251383,3068b,19,3
251383,32474,0,2
251383,32607,27,2
251383,32607,14,4
251383,3262,25,1
251383,32803,15,3
251383,32828,70,3
251383,3386,15,2
251383,35480,28,6
251383,35480,322,4
251383,3660,19,8
251383,3666,19,4
251383,36840,15,2
251383,3710,19,9
251383,37762,10,1
251383,3795,15,1
251383,3941,25,1
251383,3942c,25,1
251383,39739,2,4
251383,39739,5,1
251383,4032a,15,1
251383,4032a,191,1
251383,4032a,322,3
251383,41749,19,1
251383,41750,19,1
251383,4304,19,3
251383,43719,19,1
251383,44728,28,4
251383,48336,2,1
251383,4920,15,2
251383,52501,19,1
251383,54200,15,4
251383,57909b,15,1
251383,5852,19,2
251383,5852,15,6
251383,59900,25,1
251383,6005,19,8
251383,60474,10,1
251383,60478,19,2
251383,6091,19,6
251383,61252,19,4
251383,6141,15,6
251383,64225,19,4
251383,64225,15,1
251383,65578,2,1
251383,67696,15,1
251383,67810,19,2
251383,7037,19,2
251383,73825,84,2
251383,76797,19,10
251383,78666,19,2
251383,80431,288,2
251383,85861,27,4
251383,96874,25,1
251383,98100,15,1
251383,99207,15,2
251384,11211,322,1
251384,11211,15,5
251384,11211,71,4
251384,11213,191,1
251384,11458,1136,1
251384,11477,15,2
251384,11477,322,2
251384,11477,1136,1
251384,11477,72,10
251384,13547,72,2
251384,14417,72,2
251384,14418,71,2
251384,14704,71,5
251384,14769,29,4
251384,14769,322,2
251384,14769pr9968,0,2
251384,15068,71,5
251384,15573,72,2
251384,15672,71,2
251384,15672,15,4
251384,1745,15,1
251384,1748,15,3
251384,18674,71,2
251384,1871,15,2
251384,18980,15,1
251384,22890,72,4
251384,2420,15,4
251384,2420,71,2
251384,24246,15,8
251384,24299,322,1
251384,24307,322,1
251384,24309,71,3
251384,24309,15,2
251384,24855,15,2
251384,25214,1136,3
251384,25269,0,1
251384,26601,72,2
251384,26604,71,2
251384,2736,71,1
251384,29119,71,4
251384,29120,71,4
251384,3001,71,2
251384,3002,72,1
251384,3004,27,3
251384,3005,15,6
251384,3005,71,2
251384,3009,322,1
251384,30136,15,2
251384,3020,15,1
251384,3020,25,5
251384,3020,27,1
251384,3021,322,3
251384,3022,15,4
251384,3022,3,1
251384,3022,26,1
251384,3022,72,16
251384,3022,27,1
251384,3023,3,3
251384,3023,29,3
251384,3023,71,14
251384,3023,26,2
251384,3023,25,1
251384,3023,15,4
251384,3024,72,12
251384,3024,29,1
251384,3031,15,1
251384,30357,71,2
251384,30383,0,2
251384,3039,71,2
251384,3068b,71,1
251384,3069b,25,2
251384,3070b,71,2
251384,32062,4,4
251384,3262,15,1
251384,32803,15,2
251384,32803,72,4
251384,32803,1136,2
251384,3386,15,6
251384,34103,15,2
251384,3623,72,6
251384,36841,15,8
251384,3710,71,4
251384,3710,15,4
251384,3749,19,4
251384,3795,71,1
251384,3832,15,1
251384,39739,484,3
251384,4274,15,1
251384,44728,15,2
251384,44728,72,2
251384,4595,0,1
251384,4920,15,2
251384,49307,15,8
251384,50950,72,4
251384,50950,322,1
251384,50950,71,6
251384,52107,4,2
251384,54200,15,6
251384,54200,72,4
251384,54657,72,2
251384,5489,72,2
251384,5489,71,1
251384,57909b,15,1
251384,5852,71,12
251384,60897,322,2
251384,6141,322,4
251384,62462,1136,2
251384,65617,14,4
251384,66857,71,2
251384,67329,14,2
251384,67696,15,1
251384,70681,71,2
251384,72132,72,2
251384,73825,72,2
251384,76797,71,2
251384,77844,15,2
251384,78257,0,1
251384,78666,15,2
251384,80177,71,1
251384,80178,71,1
251384,80431,72,2
251384,85861,15,1
251384,85984,71,1
251384,86996,4,4
251384,87087,0,2
251384,88704,0,1
251384,92950,15,2
251384,93273,1136,9
251384,93273,71,8
251384,93274,14,1
251384,96874,3,1
251384,98138,19,3
251384,98138,25,1
251384,98138,70,3
251384,98138pr0107,0,2
251384,99207,71,2
251384,99780,15,5
251384,99781,71,4
251385,11211,15,3
251385,11477,71,2
251385,11610,71,2
251385,11833,71,1
251385,11833,182,6
251385,14417,72,2
251385,14419,72,2
251385,14704,71,2
251385,15379,0,50
251385,15462,70,2
251385,15535,72,1
251385,15573,0,2
251385,1748,0,2
251385,18651,0,1
251385,18674,322,1
251385,18674,15,2
251385,2412b,72,2
251385,25269,15,2
251385,2540,15,4
251385,26601,71,4
251385,26604,72,2
251385,2723,71,4
251385,27925,15,12
251385,3009,19,2
251385,30136,15,4
251385,3020,71,1
251385,3022,15,1
251385,3023,182,4
251385,3023,15,4
251385,3031,71,1
251385,30414,15,1
251385,3065,182,3
251385,3068b,0,1
251385,32062,4,2
251385,32064a,71,3
251385,32123b,71,7
251385,32530,72,2
251385,3262,71,1
251385,32803,15,2
251385,32828,71,2
251385,3386,71,4
251385,35480,4,3
251385,35480,71,4
251385,3666,71,2
251385,36841,71,2
251385,3700,19,1
251385,3702,71,2
251385,3705,4,1
251385,3709,0,1
251385,3710,15,2
251385,3713,4,4
251385,37775,182,2
251385,3943b,322,1
251385,3960,15,2
251385,4032a,71,6
251385,41682,72,1
251385,4519,14,1
251385,4740,41,2
251385,48169,72,1
251385,4920,15,1
251385,51739,15,2
251385,54200,182,2
251385,54869,36,1
251385,55013,72,1
251385,56903,15,1
251385,59443,72,1
251385,6005,15,4
251385,60474,15,1
251385,60474,322,1
251385,61254,0,1
251385,61332,0,6
251385,6141,36,3
251385,6141,34,1
251385,6141,41,4
251385,63965,297,1
251385,64644,71,2
251385,64799,15,2
251385,6636,71,2
251385,68013,71,1
251385,77845,71,3
251385,79389,15,4
251385,85861,297,1
251385,85984,15,8
251385,86500,322,1
251385,87087,15,4
251385,88293,15,4
251385,93273,15,2
251385,94925,71,2
251385,98100,15,1
251385,98313,15,8
251385,99207,15,6
251385,99563,15,5
251386,11211,15,16
251386,11212,15,6
251386,11477,0,10
251386,11477,71,2
251386,11477,2,2
251386,13547,0,1
251386,13548,0,2
251386,14417,72,2
251386,14418,71,2
251386,14704,71,2
251386,14769,0,2
251386,15068,0,9
251386,15068,15,2
251386,15068,191,1
251386,15070,15,2
251386,15208,15,3
251386,15208,28,2
251386,15456,0,1
251386,15573,0,2
251386,15573,191,2
251386,15672,15,4
251386,1745,15,1
251386,1748,15,3
251386,1748,0,4
251386,18674,71,8
251386,18980,322,1
251386,18980,15,4
251386,18980,0,9
251386,18980,28,3
251386,22385,0,6
251386,22484,0,2
251386,2310,71,2
251386,23443,27,2
251386,2420,19,10
251386,24201,15,4
251386,24246,71,4
251386,24866,29,2
251386,25269,78,4
251386,25269,0,5
251386,26047,0,2
251386,2639,0,4
251386,2654,15,1
251386,2654,29,1
251386,26601,15,6
251386,26604,378,6
251386,27261,0,16
251386,27261,15,6
251386,2736,71,1
251386,29119,15,1
251386,29120,15,1
251386,3001,4,4
251386,3002,15,2
251386,3003,14,2
251386,3003,0,2
251386,30136,71,3
251386,30176,27,6
251386,3020,71,6
251386,3021,15,3
251386,3021,70,6
251386,3021,0,6
251386,3022,14,1
251386,3022,15,9
251386,3023,25,13
251386,3023,15,15
251386,3024,10,7
251386,3032,322,1
251386,30357,0,10
251386,30374,47,3
251386,3062b,26,4
251386,3069b,308,4
251386,3170,0,1
251386,3176,72,1
251386,32062,4,3
251386,32607,27,1
251386,3386,71,2
251386,33909,72,5
251386,35480,70,1
251386,35480,0,13
251386,3623,0,4
251386,3678b,71,2
251386,3700,70,1
251386,3700,0,4
251386,3710,15,5
251386,3795,70,1
251386,39262,26,2
251386,3941,0,2
251386,4032a,15,3
251386,4032a,0,4
251386,4070,70,1
251386,4070,71,2
251386,41682,72,1
251386,41682,14,1
251386,42195,27,7
251386,4287c,2,2
251386,4304,0,14
251386,4304,15,3
251386,43093,1,5
251386,43722,0,3
251386,43723,0,3
251386,44728,19,2
251386,44861,72,1
251386,47457,15,4
251386,47905,14,2
251386,48336,72,3
251386,49307,0,2
251386,49307,191,2
251386,49668,0,4
251386,50950,15,4
251386,51739,15,1
251386,52107,0,2
251386,54200,15,6
251386,54200,2,1
251386,5520,28,4
251386,57909b,72,1
251386,5852,15,16
251386,5904,5,2
251386,6005,15,4
251386,60470b,84,1
251386,60897,19,4
251386,6091,0,2
251386,61332,0,2
251386,6141,70,4
251386,6141,15,4
251386,63868,0,4
251386,6541,0,6
251386,65578,0,2
251386,65578,2,2
251386,6564,0,1
251386,6565,0,1
251386,67696,15,1
251386,69729,15,1
251386,70681,0,2
251386,71752,19,2
251386,72132,72,4
251386,73109,0,5
251386,73230,15,2
251386,73831,308,1
251386,76797,15,10
251386,77845,0,8
251386,79389,84,2
251386,79389,0,2
251386,79491,0,8
251386,85861,19,4
251386,85984,0,14
251386,85984,15,5
251386,86996,84,2
251386,86996,0,4
251386,86996,15,2
251386,87747,27,2
251386,87994,10,1
251386,88293,15,2
251386,93274,0,6
251386,93604,15,1
251386,96874,3,1
251386,98138,27,3
251386,98138,28,6
251386,98138,78,6
251386,98138pr0107,0,4
251386,99207,15,4
251386,99780,72,6
251386,99780,28,2
251386,99781,0,11
251387,10111892,9999,1
251387,10884,27,1
251387,11211,322,4
251387,1126,15,2
251387,11458,71,2
251387,11476,15,1
251387,11477,321,8
251387,14769,71,2
251387,14769,0,2
251387,15395,15,1
251387,15469,191,1
251387,15573,0,6
251387,15573,27,2
251387,18653,29,2
251387,18674,10,2
251387,20482,10,1
251387,23443,27,1
251387,24201,321,8
251387,24246,15,2
251387,2431,29,5
251387,2431,15,1
251387,2445,0,2
251387,24866,5,2
251387,2653,71,6
251387,2654,15,1
251387,2817,4,2
251387,28192,71,2
251387,2921,71,2
251387,3001,0,4
251387,3001,29,2
251387,3004,29,6
251387,3005,29,6
251387,3010,29,4
251387,30136,71,2
251387,3020,71,2
251387,3020,29,2
251387,3023,29,10
251387,3023,321,8
251387,3029,15,2
251387,3029,0,1
251387,3035,15,1
251387,3040b,29,2
251387,3040b,71,4
251387,3062b,322,1
251387,3068b,29,1
251387,3069b,71,2
251387,3069b,29,7
251387,32016,27,1
251387,32062,4,1
251387,32064a,14,2
251387,32072,14,1
251387,32474,71,1
251387,32607,27,2
251387,32607,14,4
251387,32828,19,4
251387,33909,71,2
251387,3460,29,1
251387,3484,70,1
251387,35044,29,2
251387,35480,322,4
251387,35480,27,4
251387,3565,10,3
251387,3623,0,6
251387,36841,19,2
251387,3700,72,2
251387,3710,29,2
251387,37352,71,4
251387,37352,29,6
251387,3737,0,1
251387,3795,29,4
251387,3832,15,2
251387,39262,26,8
251387,3941,14,1
251387,4032a,19,4
251387,4032a,71,4
251387,4162,71,1
251387,41740,71,2
251387,42610,0,2
251387,4304,15,12
251387,43093,1,1
251387,4510,72,2
251387,4519,14,2
251387,4733,27,1
251387,4740,14,1
251387,47457,0,2
251387,4865b,71,2
251387,4871,71,2
251387,50340,19,1
251387,54200,71,2
251387,5841,29,10
251387,59443,71,3
251387,59443,27,1
251387,59900,72,2
251387,60479,0,1
251387,6112,0,1
251387,6141,322,8
251387,62462,71,3
251387,64567,71,1
251387,64644,10,3
251387,6553,71,1
251387,65578,2,1
251387,69729,15,7
251387,78329,0,3
251387,85861,27,3
251387,87079,29,8
251387,87087,71,4
251387,87994,19,1
251387,87994,10,7
251387,88072,71,1
251387,91988,72,1
251387,92947,0,2
251387,92950,0,2
251387,98138,15,33
251387,99780,19,3
251387,99781,29,2
251388,11212,19,1
251388,11212,70,1
251388,11212,15,1
251388,11476,0,4
251388,11476,70,4
251388,11477,15,9
251388,11477,70,17
251388,11477,19,2
251388,11477,0,4
251388,15068,15,4
251388,15573,70,2
251388,15573,15,2
251388,15573,27,1
251388,15672,70,3
251388,15672,15,3
251388,1745,15,1
251388,1748,4,2
251388,1748,19,2
251388,18674,15,1
251388,18674,28,1
251388,19119,2,1
251388,22885,0,2
251388,22885,70,2
251388,24246,70,2
251388,24246,0,2
251388,24866,4,6
251388,24866,30,2
251388,24866,226,3
251388,24866,29,6
251388,24866,10,3
251388,25269,70,2
251388,25269,2,6
251388,25269,15,4
251388,26604,72,8
251388,29119,70,2
251388,29119,19,2
251388,29119,15,4
251388,29120,70,2
251388,29120,15,4
251388,29120,19,2
251388,3002,70,1
251388,3002,0,1
251388,3020,15,1
251388,3021,2,2
251388,3021,15,3
251388,3021,70,5
251388,3021,0,3
251388,3021,19,2
251388,3022,0,2
251388,3022,70,1
251388,3023,15,5
251388,3023,0,3
251388,3023,70,8
251388,3024,84,1
251388,3024,2,3
251388,3024,70,1
251388,3024,15,1
251388,3024,19,1
251388,3068b,4,1
251388,3069b,2,2
251388,3069bpr0168,70,1
251388,3070b,19,2
251388,3070b,70,2
251388,3070b,0,2
251388,32474,70,2
251388,32474,0,2
251388,32803,70,2
251388,32803,0,2
251388,32952,71,4
251388,35480,0,2
251388,35480,70,2
251388,3623,70,3
251388,3623,15,4
251388,3623,0,1
251388,3623,2,2
251388,3795,10,1
251388,3957b,47,1
251388,39613,4,1
251388,39739,5,2
251388,4286,2,4
251388,44861,84,1
251388,4740,15,1
251388,4740,19,1
251388,5264,297,1
251388,54200,15,10
251388,54200,2,6
251388,54200,70,10
251388,6003,10,2
251388,65578,0,4
251388,6636,2,1
251388,67329,72,4
251388,77850,28,2
251388,77850,15,2
251388,78257,70,2
251388,78257,0,2
251388,85861,2,2
251388,85984,27,1
251388,87087,15,2
251388,87087,19,2
251388,87994,10,1
251388,98138,15,4
251388,98138,19,3
251388,98138pr0082,15,4
251389,11153,25,8
251389,11203,14,1
251389,11211,71,2
251389,11211,4,3
251389,11477,14,1
251389,11833,71,1
251389,13547,14,2
251389,14417,72,2
251389,14418,71,4
251389,15068,14,2
251389,15469,10,1
251389,15573,15,1
251389,15573,14,9
251389,15672,14,2
251389,15712,14,1
251389,1686,14,1
251389,1748,15,5
251389,1751,15,1
251389,1871,14,4
251389,1871,15,2
251389,18980,15,2
251389,19119,288,1
251389,1941,297,1
251389,20482,297,1
251389,20482,15,1
251389,2420,15,2
251389,2420,14,2
251389,2420,71,2
251389,24201,14,4
251389,24201,15,2
251389,24246,14,2
251389,24309,14,1
251389,2431,15,3
251389,2431,14,1
251389,2456,14,2
251389,24866,2,6
251389,25269,15,11
251389,26047,14,1
251389,2654,14,2
251389,26604,4,2
251389,27263,15,2
251389,27925,15,2
251389,29119,15,4
251389,29120,15,4
251389,3003,1,2
251389,3003,25,1
251389,3004,15,4
251389,3004,71,1
251389,3004,14,2
251389,3004,322,3
251389,3004,25,1
251389,3009,15,2
251389,3010,15,1
251389,3010,2,1
251389,3020,14,5
251389,3020,2,3
251389,3020,25,2
251389,3021,1,3
251389,3021,15,1
251389,3021,4,2
251389,3021,14,2
251389,3022,15,3
251389,3022,0,4
251389,3022,1,1
251389,3022,71,2
251389,3022,25,3
251389,3022,14,2
251389,3023,71,6
251389,3023,2,6
251389,3023,1,1
251389,3023,25,5
251389,3023,4,2
251389,3023,14,7
251389,3023,15,6
251389,3024,14,6
251389,3024,15,5
251389,3034,15,1
251389,30357,15,3
251389,30414,4,1
251389,30565,14,6
251389,3068b,15,2
251389,3069b,14,2
251389,3069b,15,4
251389,3070b,14,3
251389,3170,0,1
251389,32064a,14,2
251389,32123b,14,2
251389,32474,4,1
251389,3262,15,1
251389,32803,14,2
251389,32803,15,2
251389,3386,4,1
251389,33909,14,1
251389,3460,14,1
251389,35464,25,1
251389,3622,15,1
251389,3623,14,5
251389,3666,14,3
251389,3700,25,4
251389,3710,15,1
251389,3710,14,1
251389,3710,4,1
251389,3713,71,1
251389,37352,25,8
251389,37352,14,9
251389,37352,15,4
251389,3795,15,1
251389,3795,14,1
251389,39262,29,6
251389,3942c,15,1
251389,3957b,47,1
251389,3958,15,1
251389,39613,4,1
251389,39613,78,2
251389,39739,15,1
251389,39739,4,4
251389,4032a,14,2
251389,4032a,2,1
251389,4042,47,1
251389,4162,15,2
251389,41682,15,1
251389,41948,15,2
251389,42862,14,1
251389,42924,1,2
251389,4304,71,2
251389,4304,15,1
251389,4367,5,3
251389,43722,14,1
251389,43723,14,1
251389,44294,14,1
251389,44728,25,4
251389,48165,14,1
251389,49307,15,1
251389,53451,0,3
251389,54200,14,2
251389,5520,15,1
251389,5841,15,2
251389,5846,15,3
251389,59900,19,1
251389,6005,14,10
251389,60470b,14,1
251389,60474,4,1
251389,60897,14,1
251389,61252,47,2
251389,61332,0,2
251389,6141,29,3
251389,62462,25,2
251389,62462,14,1
251389,63868,47,1
251389,6541,14,2
251389,65617,15,8
251389,66857pr0016,14,1
251389,66857pr0017,14,1
251389,67696,72,1
251389,73230,15,1
251389,76797,14,2
251389,78258,19,1
251389,78329,4,2
251389,79491,14,1
251389,80497,84,2
251389,85080,15,2
251389,85861,14,2
251389,85861,70,1
251389,87079,15,1
251389,87081,15,3
251389,87087,15,4
251389,88072,15,1
251389,88293,14,4
251389,93273,14,1
251389,93273,15,1
251389,93606,14,2
251389,99780,14,1
251389,99781,14,1
251390,10197,0,1
251390,10928,72,1
251390,11478,14,2
251390,11478,0,2
251390,15462,70,1
251390,18654,0,3
251390,2387,14,1
251390,2389,14,1
251390,24316,70,1
251390,2825,71,2
251390,32034,14,2
251390,32062,4,5
251390,32072,0,2
251390,32073,71,4
251390,32123b,71,2
251390,32140,14,2
251390,32184,72,1
251390,32250,14,2
251390,32250,0,2
251390,32270,0,1
251390,32316,14,2
251390,32348,14,4
251390,32905,71,1
251390,39888,19,4
251390,40490,14,2
251390,41677,72,2
251390,42135,0,1
251390,42195,72,2
251390,4274,71,2
251390,42924,1,1
251390,43093,1,6
251390,4519,14,8
251390,55981,71,4
251390,57359,71,1
251390,61332,0,4
251390,6536,0,8
251390,65380,0,1
251390,6632,14,2
251390,67695,72,1
251390,67697,0,1
251390,71682,0,1
251390,71682,14,1
251390,87083,72,1
251390,92402,0,4
251390,98138,47,2
251391,10110642,9999,1
251391,10197,72,1
251391,11214,4,1
251391,1126,71,2
251391,11478,71,2
251391,11946,15,2
251391,11946,14,1
251391,11947,14,1
251391,11947,15,2
251391,15458,15,2
251391,18651,0,7
251391,18654,14,2
251391,18654,15,2
251391,22961,0,7
251391,2387,15,1
251391,2389,15,1
251391,2391,0,1
251391,2391,71,1
251391,25214,14,2
251391,2723,0,1
251391,2853,71,1
251391,32009,0,2
251391,32013,15,1
251391,32015,0,2
251391,32015,15,2
251391,32016,0,2
251391,32034,0,1
251391,32062,4,16
251391,32063,15,4
251391,32073,71,4
251391,32123b,14,2
251391,32140,15,4
251391,32184,14,4
251391,32291,72,1
251391,32316,15,5
251391,32449,15,6
251391,32449,0,8
251391,32523,72,2
251391,32524,0,3
251391,32525,0,2
251391,3705,0,2
251391,3706,0,1
251391,3713,71,2
251391,3749,19,2
251391,39793,14,1
251391,39888,19,2
251391,41239,14,2
251391,41239,15,2
251391,41677,15,16
251391,42003,0,4
251391,42135,72,3
251391,42610,71,1
251391,42924,1,23
251391,43093,1,10
251391,4368,71,2
251391,4369,14,4
251391,44294,14,1
251391,44874,71,2
251391,4519,14,6
251391,50951,0,1
251391,55013,72,1
251391,55981,14,2
251391,57585,71,1
251391,58090,0,2
251391,59426,72,2
251391,59443,19,1
251391,59443,15,1
251391,60483,15,4
251391,60484,15,2
251391,60485,71,1
251391,61332,0,37
251391,6141,1,1
251391,63869,15,4
251391,64393,15,1
251391,64681,15,1
251391,65304,71,7
251391,65304,0,1
251391,6536,71,4
251391,6536,0,7
251391,65487,15,16
251391,6587,28,8
251391,6612,15,2
251391,69778,1,3
251391,69779,321,1
251391,71682,14,2
251391,73507,0,1
251391,80286,0,2
251391,81346,2,1
251391,85543,15,1
251391,87761,0,1
251391,89678,4,1
251391,89679,14,2
251391,94925,71,2
251391,98138,47,4
251391,98138,71,4
251391,99012,72,3
251392,10110643,9999,1
251392,10202,191,1
251392,11214,4,8
251392,11478,0,2
251392,11946,191,1
251392,11946,0,1
251392,11947,0,1
251392,11947,191,1
251392,12799,72,1
251392,18651,0,10
251392,22961,0,6
251392,2387,191,1
251392,2389,191,1
251392,2391,0,2
251392,24116,191,1
251392,2457,72,1
251392,30374,71,1
251392,32002,19,4
251392,32009,0,2
251392,32016,0,4
251392,32062,4,4
251392,32063,191,2
251392,32073,14,2
251392,32123b,71,4
251392,32140,72,3
251392,32140,191,2
251392,32316,191,1
251392,32316,72,1
251392,32348,0,4
251392,32523,191,2
251392,32525,0,1
251392,3706,4,1
251392,3708,0,2
251392,3713,4,4
251392,3713,0,1
251392,41677,191,6
251392,42003,0,5
251392,42195,0,2
251392,42924,1,11
251392,43093,1,12
251392,4519,71,3
251392,56145,191,4
251392,60483,72,6
251392,60484,0,2
251392,61332,0,31
251392,65304,4,2
251392,65304,0,2
251392,65487,72,2
251392,6629,191,2
251392,69819,0,2
251392,70695,0,4
251392,71709,0,2
251392,71710,0,2
251392,75c05,0,1
251392,78c02,179,4
251392,80286,0,2
251392,80286,4,1
251392,85940,0,5
251392,87994,0,7
251392,89678,4,6
251392,98313,72,8
251393,10110644,9999,1
251393,11214,72,6
251393,11478,71,2
251393,11478,4,2
251393,11946,71,1
251393,11947,71,1
251393,12799,72,1
251393,14720,0,2
251393,18654,0,4
251393,22961,4,4
251393,2387,71,1
251393,2389,71,1
251393,2391,71,2
251393,2393,71,2
251393,2477,4,1
251393,25214,1103,2
251393,32009,0,2
251393,32009,71,1
251393,32014,4,2
251393,32062,4,6
251393,32063,0,2
251393,32073,14,3
251393,32123b,71,4
251393,32140,0,2
251393,32192,4,2
251393,32278,0,2
251393,32316,4,1
251393,32523,71,2
251393,32524,0,1
251393,32524,4,1
251393,32525,0,1
251393,32526,71,2
251393,3708,0,2
251393,3713,4,4
251393,42003,72,6
251393,42195,72,2
251393,42924,1,23
251393,43093,1,12
251393,43857,4,2
251393,44874,71,4
251393,4519,71,9
251393,48267,4,2
251393,53451,15,10
251393,54200,4,2
251393,56145,4,4
251393,60484,0,2
251393,61332,0,23
251393,64393,71,1
251393,64681,71,1
251393,65249,15,2
251393,65304,4,2
251393,65304,0,10
251393,65487,72,6
251393,6629,71,4
251393,69819,0,2
251393,70695,0,4
251393,71708,71,2
251393,78c03,179,2
251393,80286,0,2
251393,87080,71,3
251393,87086,71,3
251393,89678,72,12
251393,98138,71,2
251394,10110645,9999,1
251394,11214,72,2
251394,11214,4,7
251394,11455,0,4
251394,11478,0,4
251394,14720,72,1
251394,15462,70,4
251394,16091,0,1
251394,17485,15,6
251394,18651,0,5
251394,18654,14,6
251394,18654,1,3
251394,18674,0,2
251394,1871,15,6
251394,1871,0,6
251394,22961,0,4
251394,2387,14,3
251394,2389,14,3
251394,2391,72,2
251394,2395,379,1
251394,2403,379,1
251394,24116,1136,1
251394,24316,70,2
251394,2438,379,1
251394,2442,379,1
251394,2459,379,2
251394,25214,14,6
251394,2654,15,3
251394,2654,46,2
251394,2723,484,2
251394,2736,71,2
251394,27938,72,1
251394,27940,72,3
251394,3167,72,1
251394,32002,19,2
251394,32005a,0,2
251394,32009,14,2
251394,32034,72,2
251394,32034,71,3
251394,32056,14,4
251394,32056,0,4
251394,32062,4,14
251394,32073,14,9
251394,32123b,71,1
251394,32140,72,6
251394,32184,71,2
251394,32270,0,10
251394,32271,0,2
251394,32291,0,4
251394,32449,72,4
251394,32523,14,2
251394,32524,0,3
251394,32525,72,3
251394,34076,0,2
251394,3673,71,2
251394,3705,4,3
251394,3706,0,1
251394,3713,71,3
251394,3749,19,8
251394,3941,84,1
251394,39888,19,3
251394,4032a,15,6
251394,4032a,84,1
251394,41677,1,4
251394,42003,0,2
251394,42003,14,5
251394,42135,0,2
251394,42195,1,2
251394,42610,71,1
251394,42924,1,7
251394,43093,1,25
251394,44294,71,1
251394,44874,0,1
251394,44874,4,1
251394,4519,71,4
251394,4526,0,2
251394,45590,0,2
251394,48267,0,1
251394,53923,71,2
251394,59426,72,1
251394,59443,72,9
251394,60483,72,1
251394,60484,0,2
251394,61332,0,32
251394,61409,72,2
251394,61903,71,1
251394,62462,14,2
251394,62462,0,2
251394,64393,379,1
251394,64681,379,1
251394,65304,0,17
251394,6536,71,3
251394,65487,14,4
251394,65487,72,4
251394,6587,28,1
251394,6589,19,2
251394,6629,14,2
251394,66906,4,2
251394,68327,1,3
251394,69320,47,1
251394,69779,321,1
251394,69819,0,2
251394,71708,379,6
251394,71710,72,1
251394,77765,71,1
251394,78258,0,2
251394,87408,0,2
251394,87751,179,3
251394,89678,4,24
251394,98138,46,6
251394,99008,19,2
251395,11213,27,1
251395,1745,15,2
251395,2412b,84,4
251395,24866,2,3
251395,24866,31,4
251395,26603,31,2
251395,27448,15,1
251395,27925,31,1
251395,2821,84,1
251395,3004,14,5
251395,3005,14,2
251395,3020,31,1
251395,3021,322,1
251395,3023,14,3
251395,3032,322,1
251395,3036,27,1
251395,3045,322,2
251395,3062b,41,1
251395,32607,2,1
251395,3262,14,1
251395,32828,71,1
251395,33051,4,1
251395,3852b,322,1
251395,3941,70,1
251395,4032a,2,2
251395,4070,4,1
251395,41948,27,1
251395,43093,1,1
251395,48336,322,1
251395,49307,4,1
251395,5058,10,2
251395,5520,84,1
251395,59900,15,1
251395,60474,322,1
251395,60478,14,2
251395,6091,14,1
251395,6182,1050,7
251395,65509,14,1
251395,65886,14,2
251395,67361,70,1
251395,6900,226,1
251395,6907pr0001,15,1
251395,6907pr0002,0,1
251395,79393,31,1
251395,79756,15,1
251395,87913,31,1
251395,98138,15,1
251395,98138pr0381,19,2
251395,99781,19,1
251396,10110635,9999,1
251396,109845pr0001,15,1
251396,109845pr0002,15,1
251396,1126,84,2
251396,15396,3,1
251396,15573,3,3
251396,15573,25,2
251396,15712,226,1
251396,1748,191,2
251396,1750,25,1
251396,22388,19,2
251396,22888,19,1
251396,2540,25,2
251396,2654,47,1
251396,26603,15,2
251396,2682,27,3
251396,3020,25,2
251396,3020,3,2
251396,3022,3,1
251396,3024,25,2
251396,3034,19,1
251396,3062b,31,2
251396,3068b,191,1
251396,32013,71,1
251396,32064a,14,1
251396,32073,14,1
251396,32474,5,1
251396,32607,10,1
251396,34337,15,1
251396,35480,3,1
251396,35480,27,2
251396,35480,28,3
251396,35787,27,2
251396,3673,14,1
251396,3795,27,1
251396,3900,15,1
251396,40687,72,1
251396,41740,27,1
251396,42445,47,1
251396,42610,71,3
251396,44728,27,2
251396,4490,19,1
251396,46303,26,1
251396,6091,3,2
251396,6141,27,1
251396,63868,27,2
251396,65630,71,2
251396,66897,71,1
251396,66956,27,2
251396,73562,71,1
251396,78256,71,1
251396,80324,15,2
251396,80326,15,4
251396,80497,70,1
251396,85984,10,1
251396,87414,0,1
251396,90397,31,1
251396,92409,0,3
251396,93095,191,1
251396,93160,15,1
251396,95343,4,1
251396,95344,28,1
251396,98138,41,2
251396,98138,47,1
251396,98138,36,2
251396,98138pr0035,179,2
251396,98138pr0056,84,2
251396,98397,15,1
251396,99021,72,1
251396,99780,3,1
251397,10110190,9999,1
251397,10314,14,1
251397,14716,15,2
251397,15254,15,1
251397,15396,322,1
251397,15573,71,1
251397,15573,29,1
251397,1750,29,4
251397,20482,191,1
251397,20482,71,1
251397,22885,15,2
251397,2540,15,1
251397,28621,323,2
251397,2926,0,2
251397,3004,29,1
251397,3010,29,2
251397,3020,29,1
251397,3023,15,1
251397,3023,29,2
251397,30374,15,2
251397,30377,15,1
251397,3062b,46,1
251397,3062b,47,1
251397,3069bpr0302,322,1
251397,3070bpr0234,71,1
251397,3262,29,1
251397,34103,322,2
251397,34337,15,4
251397,35480,322,3
251397,35574,29,2
251397,3710,14,2
251397,3710,29,1
251397,37352,29,3
251397,3795,29,2
251397,4032a,29,2
251397,43898,47,1
251397,46303,321,1
251397,4740,71,1
251397,49308pr0002,29,1
251397,50950,29,2
251397,59895,0,4
251397,60478,15,1
251397,60897,15,2
251397,6091,15,3
251397,6091,29,4
251397,6091,322,3
251397,6141,15,1
251397,63864,15,2
251397,6541,29,2
251397,65630,71,2
251397,66788,323,2
251397,85861,4,2
251397,87079,15,1
251397,87994,15,1
251397,95344,72,1
251397,98138,46,1
251397,98138,27,1
251397,98138,322,2
251397,98138pr0185,179,1
251397,98397,71,1
251397,99780,14,2
251398,11610,19,2
251398,14716,15,3
251398,15068,31,3
251398,15573,70,1
251398,15573,15,2
251398,15573,226,2
251398,15573,29,2
251398,1745,15,4
251398,18937c01,3,1
251398,19798,15,1
251398,22886,15,2
251398,23969,15,2
251398,2431,31,1
251398,3005,15,3
251398,3009,15,1
251398,3010,19,3
251398,3022,3,1
251398,3040bpr0013,15,1
251398,3062b,31,1
251398,3068b,226,1
251398,3069b,36,2
251398,3069b,3,2
251398,3069bpr0100,2,1
251398,32607,27,1
251398,33243,29,2
251398,33243,226,2
251398,34050pr0001,379,1
251398,34103,15,2
251398,35336,47,1
251398,3633,15,1
251398,3666,31,1
251398,3829c01,15,1
251398,3941,3,2
251398,4094b,45,1
251398,49311pr0016,15,1
251398,53119,29,1
251398,53119,15,1
251398,53119,70,1
251398,55981,15,4
251398,60474,19,1
251398,60474,30,1
251398,60581,47,3
251398,6215,15,2
251398,63965,15,1
251398,78329,15,1
251398,80179,179,1
251398,87079,323,1
251398,87580,29,1
251398,92402,0,4
251398,93095,15,1
251398,98138pr0255,19,1
251398,98281pr0004,15,1
251399,10110444,9999,1
251399,1126,29,1
251399,11303,4,1
251399,11458,14,1
251399,13547,14,1
251399,14716,321,1
251399,15573,10,1
251399,15573,4,1
251399,1751,15,1
251399,18674,10,1
251399,18855,323,1
251399,2412b,15,4
251399,24309,10,1
251399,2431,29,1
251399,2496,10,2
251399,3004,14,1
251399,3004,321,1
251399,3005,14,2
251399,3005,321,1
251399,3009,14,2
251399,3020,15,1
251399,3021,321,1
251399,3022,25,1
251399,3023,25,2
251399,3023,321,1
251399,3023,14,2
251399,3023,31,1
251399,3024,14,2
251399,3039,25,1
251399,3040b,321,1
251399,3068b,25,1
251399,3069b,322,2
251399,3245c,14,1
251399,32828,15,1
251399,34103,25,2
251399,3460,14,1
251399,3633,15,1
251399,3659,14,1
251399,36840,14,1
251399,3710,322,1
251399,4032a,27,2
251399,4041,41,1
251399,41740,14,2
251399,4274,71,1
251399,4367,10,1
251399,4697b,15,1
251399,47905,19,1
251399,48092,321,1
251399,49307,4,1
251399,49307,25,1
251399,49307,14,3
251399,49661pr0004,14,1
251399,5491,321,1
251399,60581,15,1
251399,60897,322,1
251399,6091,14,1
251399,61252,15,1
251399,6141,25,3
251399,6330pr0003,191,1
251399,65617,25,4
251399,6636,322,1
251399,6913,27,1
251399,80015,321,1
251399,80179,179,1
251399,80326,15,1
251399,87544,41,1
251399,87580,29,1
251399,92438,31,1
251399,98138,322,4
251399,98138,29,4
251399,98138,14,4
251399,98138,10,5
251399,98138pr0008,15,4
251399,98397,71,1
251399,99207,25,3
251399,99780,14,2
251400,10110445,9999,1
251400,11211,70,2
251400,11477,15,3
251400,14769,25,3
251400,14769pr1040,15,1
251400,15573,25,1
251400,15573,19,2
251400,18646,27,2
251400,18674,28,1
251400,18674,15,1
251400,20482,191,2
251400,22886,19,1
251400,22886,323,1
251400,22888,158,2
251400,2412b,70,1
251400,2420,70,1
251400,24246,27,7
251400,24246,10,4
251400,2431,3,3
251400,2431,14,2
251400,2453b,323,3
251400,2454b,323,1
251400,24866,1136,1
251400,27507,27,1
251400,28192,3,2
251400,28621pr4338,47,1
251400,3003,70,1
251400,3004,19,2
251400,3004,323,2
251400,3004,27,2
251400,3004,70,1
251400,3005,288,1
251400,3005,323,2
251400,3005,19,6
251400,30089b,0,1
251400,3009,323,2
251400,3010,323,1
251400,3010,10,1
251400,3010,288,4
251400,30162,0,1
251400,3020,323,1
251400,3020,25,1
251400,3021,323,1
251400,3023,10,2
251400,3023,27,3
251400,3023,70,1
251400,3024,3,1
251400,3024,19,3
251400,3035,84,1
251400,30385,1059,1
251400,3040b,25,1
251400,3044c,4,1
251400,3062b,4,1
251400,3062b,25,1
251400,3068b,15,1
251400,3068b,10,1
251400,3068b,27,1
251400,3069b,15,1
251400,3069b,10,6
251400,3069bpr0204,25,1
251400,3069bpr9975,2,1
251400,3070b,1136,2
251400,3070b,3,1
251400,32474,1136,1
251400,32607,10,1
251400,33909,4,1
251400,3484,25,2
251400,35464,4,2
251400,35480,71,1
251400,35485,0,1
251400,35787,25,1
251400,35809pat0001,323,1
251400,3623,19,1
251400,3659,14,2
251400,3661,15,2
251400,3665,19,1
251400,3666,323,1
251400,3666,19,1
251400,3679,71,1
251400,3680,19,1
251400,36840,15,1
251400,36841,14,1
251400,3710,323,3
251400,3710,27,1
251400,37762,15,1
251400,3795,19,2
251400,4070,70,2
251400,41835pr0001,4,1
251400,4536,15,1
251400,4865b,3,2
251400,4865b,84,4
251400,5059,321,1
251400,59349,323,1
251400,60476,71,1
251400,60592,70,1
251400,60594,14,1
251400,60601,47,8
251400,60603,47,1
251400,6141,46,2
251400,6141,84,2
251400,63864,84,3
251400,63864,1136,3
251400,63965,25,1
251400,64567,0,1
251400,65509,19,1
251400,65578,2,1
251400,6636,3,1
251400,6636,84,1
251400,68013,19,4
251400,6901,14,1
251400,6903pr0002,28,1
251400,73878,14,4
251400,85861,15,1
251400,85861,0,2
251400,85975,15,1
251400,87580,19,1
251400,87994,10,1
251400,90195,15,1
251400,92410,70,1
251400,92438,158,1
251400,98138,4,2
251400,98138,3,2
251400,98138,308,1
251400,98138,41,1
251400,98138,47,1
251400,98138pr0056,84,1
251400,98138pr0283,297,1
251400,98138pr0381,19,1
251400,99780,19,3
251401,10110192,9999,1
251401,11458,15,2
251401,11477,31,2
251401,14718,19,2
251401,14769,0,1
251401,14769,1050,1
251401,15207,19,2
251401,15254,226,1
251401,15573,5,1
251401,1566,70,2
251401,15712,15,7
251401,1745,3,2
251401,18674,5,2
251401,18674,31,1
251401,19798,15,1
251401,20482,0,1
251401,22888,212,1
251401,2343,179,1
251401,24093,27,1
251401,24093,0,1
251401,24201,0,2
251401,2431,3,3
251401,2431,31,1
251401,24324,27,1
251401,25975pr0002,15,1
251401,26047,0,1
251401,2921,19,1
251401,298c05,71,1
251401,3004,84,2
251401,3005,5,1
251401,3005,84,3
251401,3005,226,5
251401,3009,84,2
251401,3010,226,4
251401,3010,84,2
251401,3021,15,1
251401,3021,30,1
251401,3022,19,1
251401,3023,226,4
251401,3024,19,1
251401,3024,484,2
251401,3032,15,1
251401,30503,15,1
251401,3062b,0,1
251401,3062b,31,2
251401,3062b,41,1
251401,3068b,15,1
251401,3068b,30,1
251401,3069b,3,1
251401,3069b,19,1
251401,3069b,15,1
251401,3069bpr0278,15,2
251401,3070b,0,1
251401,3070b,1050,2
251401,3172,71,2
251401,32062,4,1
251401,32270,0,1
251401,32607,10,3
251401,34050pr0001,379,1
251401,35480,0,1
251401,35787,19,1
251401,3623,15,1
251401,3623,226,1
251401,3666,226,1
251401,3710,0,1
251401,3710,226,2
251401,37762,70,1
251401,3899,47,2
251401,39613,5,1
251401,4032a,15,2
251401,4070,19,2
251401,4367,5,1
251401,4519,14,1
251401,4599b,71,1
251401,48336,0,1
251401,4865b,19,1
251401,5260,484,1
251401,5692,15,2
251401,59349,226,1
251401,59900,52,1
251401,60470b,71,1
251401,60474,30,2
251401,60474,19,1
251401,60475b,19,1
251401,60481,226,4
251401,60897,71,2
251401,60897,0,2
251401,61252,71,4
251401,6141,484,4
251401,6141,45,3
251401,6141,41,3
251401,6141,179,7
251401,6141,1,1
251401,6141,2,2
251401,6330pr0004,212,1
251401,63864,15,1
251401,63965,15,2
251401,64644,0,3
251401,65304,27,1
251401,6541,0,1
251401,65509,15,1
251401,6636,3,1
251401,66857,226,1
251401,66913,31,1
251401,73230,71,1
251401,79393,31,4
251401,87087,3,1
251401,90370,71,2
251401,92438,212,1
251401,93273,15,2
251401,93551pr0001,84,1
251401,93552pat0002,70,1
251401,93552pat0003,70,1
251401,98138,15,2
251401,98138,19,2
251402,10110446,9999,1
251402,14716,322,3
251402,14769,31,1
251402,14769,29,3
251402,14769,191,2
251402,15395,4,1
251402,15573,226,5
251402,15573,297,1
251402,15573,191,2
251402,15573,15,1
251402,18674,15,1
251402,18674,322,2
251402,18920,297,1
251402,18980,27,2
251402,18980,19,4
251402,20482,10,1
251402,20482,4,1
251402,20482,321,1
251402,20482,29,1
251402,20482,191,2
251402,20952,191,2
251402,22885,29,2
251402,2357,322,2
251402,23969,47,9
251402,24246,15,4
251402,24246,191,2
251402,2431,3,2
251402,24866,26,4
251402,25269,85,1
251402,26047,14,2
251402,26601,14,4
251402,26603,70,1
251402,27263,322,3
251402,27925,31,2
251402,28327,5,1
251402,3001,14,4
251402,3001,322,4
251402,3003,14,1
251402,3005,14,2
251402,3009,322,2
251402,3010,322,3
251402,3010,31,2
251402,3020,85,1
251402,3020,3,1
251402,3020,484,1
251402,3021,85,3
251402,3022,308,1
251402,3022,85,1
251402,3023,15,1
251402,3023,19,2
251402,3024,308,3
251402,3036,19,2
251402,30385,36,1
251402,30385,41,1
251402,30385,35,1
251402,30414,14,1
251402,3062b,26,6
251402,3062b,14,2
251402,3062b,31,6
251402,3062b,25,6
251402,3062b,27,6
251402,3069b,85,5
251402,3069b,3,2
251402,3069bpr0168,70,2
251402,3069bpr0369,5,4
251402,3069bpr9975,2,2
251402,3070b,70,3
251402,3070bpr0234,71,1
251402,3172,70,2
251402,32474,5,6
251402,32607,2,4
251402,3262,4,1
251402,3262,29,2
251402,34103,71,2
251402,3460,14,1
251402,34816,322,8
251402,35480,14,13
251402,35480,72,1
251402,35480,322,12
251402,35787,85,1
251402,35787,31,2
251402,3623,70,1
251402,3623,85,1
251402,3665,322,2
251402,3666,226,1
251402,3710,15,1
251402,3710,27,2
251402,3710,19,2
251402,3710,29,1
251402,3957b,15,2
251402,39613,5,2
251402,41539,19,1
251402,4162,14,1
251402,4274,15,1
251402,44861,14,2
251402,4529,0,1
251402,4533,41,1
251402,4740,4,1
251402,4740,45,1
251402,48336,3,1
251402,50950,3,2
251402,50950,29,8
251402,51283,47,1
251402,59349,47,2
251402,59900,35,1
251402,59900,45,1
251402,59900,41,1
251402,59900,36,1
251402,60474,30,1
251402,60478,27,2
251402,60616b,47,1
251402,60897,14,4
251402,6091,3,4
251402,6141,179,1
251402,6141,29,1
251402,6141,3,3
251402,6141,10,1
251402,6141,1,1
251402,6141,14,8
251402,6231,4,2
251402,63868,15,2
251402,64567,4,2
251402,6541,4,1
251402,65509,4,1
251402,66788,14,2
251402,67095,15,1
251402,67329,14,1
251402,67810,3,8
251402,6908,35,2
251402,6908,182,2
251402,69902pr0004,0,1
251402,73831,308,1
251402,77845,71,3
251402,78256,322,4
251402,78258,19,3
251402,79743,4,1
251402,79850,191,1
251402,80015,31,1
251402,85861,297,2
251402,85941,47,2
251402,85975,179,1
251402,85984pr0045,15,1
251402,87079,15,1
251402,87552,71,2
251402,87580,226,1
251402,87580,70,1
251402,87580,27,2
251402,87580,71,1
251402,87994,15,1
251402,88072,14,2
251402,92410,71,1
251402,93092,191,1
251402,93274,14,4
251402,98138,45,7
251402,98138,29,3
251402,98138,27,4
251402,98138pr0013,15,1
251402,98138pr0185,179,1
251402,98375,179,1
251402,99563,70,2
251403,100559pat0001pr0002,484,1
251403,10110191,9999,1
251403,10247,71,1
251403,11211,27,2
251403,11211,19,2
251403,11215,322,2
251403,11476,71,2
251403,11477,25,1
251403,11618,4,1
251403,14719,14,1
251403,14769,322,1
251403,14769pr1003,15,2
251403,15068,29,6
251403,15068,25,1
251403,15254,226,1
251403,15456,71,2
251403,15535,25,2
251403,15573,71,1
251403,15573,14,1
251403,15712,14,1
251403,1748,71,1
251403,1750,19,2
251403,18674,322,1
251403,18854,52,1
251403,18920,179,1
251403,18946,4,2
251403,20482,47,4
251403,22885,71,3
251403,22888,27,1
251403,23948,14,1
251403,24131,297,1
251403,24246,14,4
251403,24246,322,4
251403,2431,14,1
251403,2454b,322,1
251403,2465,19,1
251403,24866,10,5
251403,24866,31,2
251403,2489,84,1
251403,2496,3,1
251403,2496,10,1
251403,26047,71,2
251403,2652pr0001,15,1
251403,26603,14,1
251403,26603,25,2
251403,3001,322,4
251403,3003,29,2
251403,3003,322,1
251403,3004,226,9
251403,3004,322,1
251403,3004,29,9
251403,3005,29,8
251403,3005,322,2
251403,3005,226,6
251403,3008,14,1
251403,3009,322,1
251403,3010,29,5
251403,3010,226,2
251403,30136,19,1
251403,3020,322,1
251403,3020,27,1
251403,3021,19,1
251403,3022,19,2
251403,3022,25,3
251403,3022,322,1
251403,3022,27,1
251403,3023,322,5
251403,3023,4,2
251403,3023,25,1
251403,3023,19,6
251403,3024,322,2
251403,3034,29,1
251403,30357,322,2
251403,3036,322,2
251403,3040b,29,1
251403,3040b,322,3
251403,3040b,14,2
251403,3062b,15,6
251403,3062b,41,1
251403,3069b,14,1
251403,3069b,70,2
251403,3069bpr0100,2,1
251403,3070b,226,1
251403,3070bpr0234,71,1
251403,32064a,71,2
251403,3245c,25,1
251403,32607,27,2
251403,32828,71,1
251403,32828,19,1
251403,33183,70,1
251403,33303,15,4
251403,33322,297,1
251403,33492,71,1
251403,33909,14,2
251403,34050pr0007,15,1
251403,3460,226,1
251403,3460,19,3
251403,35464,25,3
251403,35787,14,1
251403,3623,25,2
251403,3666,25,1
251403,3666,14,1
251403,3666,322,2
251403,3679,71,1
251403,3680,3,1
251403,3700,19,6
251403,3709,71,2
251403,3710,19,3
251403,3710,226,3
251403,3710,4,1
251403,37352,322,2
251403,37762,70,3
251403,3795,71,2
251403,3837,179,1
251403,3852b,191,1
251403,3937,84,1
251403,4032a,70,2
251403,4162,14,1
251403,4162,71,1
251403,4162,322,1
251403,41948,27,1
251403,42195,27,1
251403,4274,15,3
251403,4304,70,2
251403,44865,19,2
251403,4490,19,2
251403,4865b,14,2
251403,5058,10,2
251403,50950,19,2
251403,50950,29,2
251403,53119,70,1
251403,59349,226,1
251403,6005,226,3
251403,60475b,19,1
251403,60481,226,3
251403,60581,47,2
251403,60592,322,1
251403,60596,14,1
251403,6060,70,2
251403,60616b,47,1
251403,6091,322,5
251403,6091,14,3
251403,6111,226,1
251403,6111,29,1
251403,6134,70,1
251403,6141,322,4
251403,6231,14,4
251403,6254,15,1
251403,63864,322,2
251403,63864,226,4
251403,64647,41,1
251403,6541,2,1
251403,6553,15,1
251403,65578,71,1
251403,6587,28,2
251403,6636,25,2
251403,66857,70,3
251403,67095,297,1
251403,67810,19,4
251403,6900,5,1
251403,6913,27,1
251403,6914,15,1
251403,77108,0,1
251403,78258,70,1
251403,79389,70,2
251403,80543,226,2
251403,85861,14,1
251403,85984,19,1
251403,86996,15,6
251403,87087,19,2
251403,87580,14,4
251403,88646,15,1
251403,92438,27,1
251403,93160,15,1
251403,94925,71,2
251403,98138,3,1
251403,98138,41,1
251403,98138,15,10
251403,98138pr0035,179,2
251403,98138pr0056,84,1
251403,99563,71,1
251404,10110443,9999,1
251404,11090,15,1
251404,11211,25,3
251404,11213,191,1
251404,11476,70,1
251404,11602pr0030,71,1
251404,14716,15,1
251404,14716,19,5
251404,14769,25,1
251404,14769,29,1
251404,15068,15,1
251404,15210,15,1
251404,15254,84,2
251404,15332,15,1
251404,15573,323,2
251404,15573,14,1
251404,18980,25,2
251404,20482,10,1
251404,22885,19,1
251404,22886,19,3
251404,22888,2,2
251404,2357,19,1
251404,23969,41,1
251404,2412b,25,1
251404,2412b,71,2
251404,2420,19,1
251404,2432,15,1
251404,2453b,84,2
251404,24866,14,5
251404,24866,1050,4
251404,24866,2,1
251404,25269,14,2
251404,26047,15,1
251404,26603,29,1
251404,26603,15,1
251404,27925,31,2
251404,27925,29,4
251404,27986pr0004,1137,1
251404,2877,14,2
251404,3001,15,1
251404,3001,71,1
251404,3002,25,1
251404,3003,19,1
251404,3003,84,1
251404,3004,15,1
251404,3004,272,1
251404,3004,19,3
251404,3005,29,1
251404,3005,84,4
251404,3005,15,2
251404,3005,19,3
251404,3005,14,2
251404,3009,19,2
251404,30134,70,1
251404,30165,71,1
251404,3020,19,1
251404,3020,15,1
251404,3020,321,2
251404,3021,25,1
251404,3021,323,1
251404,3021,15,1
251404,3021,14,2
251404,3022,84,3
251404,3022,0,1
251404,3022,322,2
251404,3023,1,4
251404,3023,19,2
251404,3023,70,1
251404,3023,321,2
251404,3023,15,6
251404,3024,19,5
251404,30357,25,4
251404,3039,322,8
251404,3040b,19,10
251404,3040bpr0013,15,1
251404,30414,19,2
251404,3044c,19,3
251404,3045,322,2
251404,3062b,46,2
251404,3062b,47,1
251404,3062b,1059,1
251404,3062b,15,5
251404,3069b,14,1
251404,3070b,321,7
251404,3070b,29,8
251404,3070b,31,2
251404,3176,15,1
251404,32028,25,4
251404,3245c,84,1
251404,3245c,15,2
251404,32607,2,6
251404,32607,10,3
251404,32803,70,1
251404,32803,19,2
251404,32828,288,1
251404,32952,19,7
251404,3386,15,4
251404,34103,84,2
251404,3456,19,1
251404,3484,15,1
251404,35464,212,2
251404,35464,25,2
251404,35480,15,3
251404,3622,25,1
251404,3623,19,2
251404,3633,15,1
251404,3660,19,1
251404,3661,15,2
251404,3666,19,3
251404,3666,15,2
251404,3710,19,1
251404,3710,25,2
251404,3710,322,2
251404,3795,84,1
251404,3795,19,2
251404,3852b,29,1
251404,4032a,15,1
251404,41539,19,1
251404,41740,19,2
251404,41835pr0001,4,1
251404,43888,15,4
251404,4460b,19,1
251404,4477,19,1
251404,4477,25,4
251404,4477,15,1
251404,44861,84,4
251404,4533,41,2
251404,4599b,297,1
251404,4740,47,1
251404,4865b,41,2
251404,49311,19,1
251404,5066,19,2
251404,52107,1,1
251404,53119,70,1
251404,54200,19,2
251404,5520,15,1
251404,60474,2,1
251404,60475b,84,4
251404,60475b,15,1
251404,60592,15,10
251404,60596,31,1
251404,60601,41,10
251404,6141,322,2
251404,6141,3,2
251404,6141,84,4
251404,6141,1,2
251404,6180,322,4
251404,63864,31,4
251404,65578,2,2
251404,65617,14,3
251404,6636,25,1
251404,6636,19,4
251404,66857,14,1
251404,66909,10,2
251404,68211,10,1
251404,68869,15,1
251404,6901,14,2
251404,69830pr9999,71,1
251404,69901pr0007,1137,1
251404,69901pr0008,19,1
251404,77850,15,2
251404,78256,71,3
251404,78258,71,1
251404,78329,84,2
251404,79393,31,4
251404,79730,15,1
251404,80543,15,2
251404,80674,85,1
251404,85861,15,6
251404,85861,288,1
251404,85984pr0045,15,1
251404,86996,1,2
251404,87079,29,1
251404,87079,323,1
251404,87079,14,2
251404,87079,272,1
251404,87580,14,1
251404,87580,19,1
251404,87580,71,3
251404,87618,70,1
251404,87994,10,1
251404,90195,15,2
251404,92410,15,1
251404,92438,19,1
251404,93086,3,1
251404,93096,31,1
251404,95345,70,1
251404,98138,31,1
251404,98138,15,1
251404,98138,70,2
251404,98138,41,1
251404,98138pr0018,84,1
251404,98138pr0035,179,2
251404,98138pr0056,84,1
251404,98138pr0405,47,1
251404,98138pr0429,47,1
251404,98283,84,10
251404,98393a,323,1
251404,98393b,323,1
251404,98393c,323,1
251404,98393d,323,1
251404,98393e,323,1
251404,98393f,323,1
251404,98393g,323,1
251404,98393h,323,1
251404,98393i,323,1
251404,98393j,323,1
251404,99780,70,2
251405,100559pat0001pr0002,484,1
251405,10110450,9999,1
251405,11153,70,2
251405,11211,27,1
251405,11211,322,2
251405,11211,19,1
251405,11211,379,1
251405,11212,70,1
251405,11214,4,2
251405,1126,84,2
251405,11267,27,1
251405,11477,84,3
251405,11610,19,1
251405,14395,84,4
251405,14716,322,2
251405,14716,84,1
251405,14716,484,2
251405,14716,19,3
251405,14719,84,1
251405,14769,84,1
251405,14769,27,1
251405,14769,1050,1
251405,14769pr1003,15,2
251405,15068,10,1
251405,15068,322,4
251405,15068,484,2
251405,15068,31,1
251405,15068,84,1
251405,15068,14,1
251405,15254,84,1
251405,15332,31,3
251405,15462,70,1
251405,15573,14,1
251405,15573,27,1
251405,15573,321,3
251405,15712,25,1
251405,15712,2,4
251405,1748,322,1
251405,1748,25,2
251405,1750,70,3
251405,18653,84,1
251405,18654,27,4
251405,1871,70,2
251405,18899pr0001,4,1
251405,18920,297,1
251405,20482,10,2
251405,20482,191,1
251405,20482,321,1
251405,20482,288,3
251405,20482,297,1
251405,20482,29,1
251405,21229,31,2
251405,22484,25,1
251405,22885,2,1
251405,22885,19,2
251405,22885,484,2
251405,22886,484,3
251405,2343,179,1
251405,2357,70,1
251405,23950,19,1
251405,23969,15,1
251405,2412b,14,2
251405,2420,27,2
251405,24246,27,2
251405,24246,14,1
251405,2431,322,1
251405,2431,1050,3
251405,2431,27,5
251405,2431,321,2
251405,2431,10,2
251405,24316,70,4
251405,2431pr0156,84,2
251405,2449,19,2
251405,2450,70,1
251405,2450,288,1
251405,24866,10,11
251405,24866,1050,5
251405,2496,0,1
251405,25269,84,4
251405,25269,31,4
251405,2540,14,3
251405,2540,19,2
251405,26047,70,2
251405,26603,19,3
251405,26603,10,1
251405,26603,29,1
251405,2682,2,1
251405,27507,322,2
251405,27925,1050,2
251405,27925,484,1
251405,27925,321,2
251405,27976,27,1
251405,28192,10,2
251405,2877,379,3
251405,298c02,14,1
251405,3001,484,1
251405,3003,70,1
251405,3004,84,1
251405,3004,27,1
251405,3004,484,1
251405,3004,19,1
251405,3005,14,2
251405,3005,19,5
251405,3005,484,10
251405,3005,27,3
251405,3008,70,2
251405,30089b,321,1
251405,30099,484,4
251405,3010,84,1
251405,3010,484,4
251405,30136,484,2
251405,30136,15,1
251405,30162,71,1
251405,30194,179,1
251405,3020,27,1
251405,3020,1050,1
251405,3020,84,5
251405,3020,484,1
251405,3020,70,1
251405,3020,322,3
251405,3020,14,1
251405,3021,484,2
251405,3021,288,1
251405,3022,10,1
251405,3022,70,2
251405,3022,15,1
251405,3022,14,1
251405,3022,71,2
251405,3023,19,1
251405,3023,1,2
251405,3023,71,2
251405,3023,2,1
251405,3023,484,6
251405,3023,84,4
251405,3023,27,1
251405,3023,1050,3
251405,3023,10,4
251405,3023,25,1
251405,3024,70,1
251405,3024,84,4
251405,3027,28,1
251405,3028,19,1
251405,3030,2,2
251405,3032,484,1
251405,3034,84,1
251405,3036,84,2
251405,30377,19,2
251405,3039,484,1
251405,3040b,484,3
251405,30503,19,1
251405,3062b,14,2
251405,3062b,15,1
251405,3062b,25,1
251405,3068b,84,1
251405,3068b,27,1
251405,3069b,2,1
251405,3069b,19,3
251405,3069b,321,5
251405,3069b,29,1
251405,3069b,31,3
251405,3069bpr0278,15,2
251405,3069bpr0369,5,1
251405,3070b,10,1
251405,3070b,31,3
251405,3070b,25,1
251405,3070b,14,1
251405,3070b,84,1
251405,3070bpr0160,71,1
251405,3070bpr0234,71,1
251405,30987,484,2
251405,32015,70,5
251405,32016,70,1
251405,32016,308,3
251405,32062,4,8
251405,32064a,2,1
251405,32064a,308,1
251405,3245c,14,1
251405,32607,10,24
251405,32803,484,2
251405,32828,70,1
251405,32952,70,1
251405,32952,25,1
251405,33172,25,2
251405,33183,10,2
251405,3386,2,1
251405,3456,19,1
251405,35480,27,1
251405,35480,70,2
251405,35480,14,1
251405,3563,70,1
251405,3563,15,5
251405,35700,14,1
251405,3622,84,4
251405,3622,10,1
251405,3622,484,5
251405,3623,484,4
251405,3623,70,1
251405,3659,484,1
251405,3659,14,1
251405,3666,25,1
251405,3666,2,1
251405,3666,84,7
251405,3666,19,1
251405,3700,70,3
251405,3702,27,1
251405,3710,484,1
251405,3710,1050,2
251405,3710,19,1
251405,3710,2,2
251405,3795,84,4
251405,3795,308,1
251405,3795,25,1
251405,3899,14,1
251405,3941,27,1
251405,4081b,71,1
251405,41539,322,1
251405,4162,71,2
251405,4162,70,1
251405,41682,84,1
251405,41740,14,1
251405,41740,70,3
251405,41740,322,3
251405,41835pr0003,226,1
251405,4274,15,3
251405,4304,71,1
251405,43093,1,1
251405,4345b,71,1
251405,4367,191,1
251405,43711,70,1
251405,4522,0,1
251405,4528,0,1
251405,4599b,71,1
251405,46303,1050,1
251405,4865b,28,2
251405,4865b,14,2
251405,49307,27,2
251405,49307,25,2
251405,5058,2,9
251405,5066,19,2
251405,51138,308,8
251405,5264,297,2
251405,53119,31,1
251405,54200,1050,2
251405,5520,84,1
251405,5630,14,1
251405,56823c50,0,1
251405,57360,71,1
251405,58176,71,1
251405,5904,2,1
251405,59900,35,1
251405,6003,19,1
251405,60475b,84,2
251405,60476,71,1
251405,60478,70,2
251405,60581,484,2
251405,60592,14,2
251405,60592,322,1
251405,60592,31,2
251405,60593,19,2
251405,60593,322,1
251405,60594,14,1
251405,60594,31,1
251405,60596,70,5
251405,60608,15,4
251405,60623,1050,1
251405,60897,71,2
251405,6091,19,1
251405,6091,484,1
251405,6112,19,1
251405,6141,25,1
251405,6141,1,1
251405,61510,71,1
251405,63864,19,1
251405,63864,25,2
251405,63864,10,2
251405,63864,14,2
251405,63868,19,1
251405,64449,84,1
251405,65578,2,2
251405,6636,322,1
251405,6636,14,1
251405,6636,84,2
251405,6636,70,1
251405,66909,10,3
251405,68013,14,2
251405,68211,70,8
251405,68568,484,3
251405,6901,14,2
251405,6913,27,1
251405,77110pr0002,71,1
251405,77180,484,1
251405,77182,484,1
251405,77845,71,2
251405,78666,484,2
251405,78666,2,2
251405,79491,14,6
251405,79736,27,1
251405,79743,25,1
251405,79756,484,2
251405,80031,2,2
251405,80543,484,2
251405,80796,72,1
251405,85080,84,3
251405,85984pr0006,72,1
251405,86876,484,1
251405,86876,84,1
251405,86996,484,1
251405,86996,1,1
251405,86996,19,1
251405,87079,272,1
251405,87079,70,2
251405,87079,14,1
251405,87079,322,2
251405,87079,25,3
251405,87079,10,1
251405,87079,27,1
251405,87087,2,3
251405,87087,14,1
251405,87552,47,1
251405,87580,71,1
251405,87580,27,1
251405,87580,322,3
251405,87620,19,1
251405,87994,19,2
251405,88292,84,1
251405,88292,19,2
251405,92107,28,1
251405,92947,70,2
251405,92950,70,1
251405,92950,19,1
251405,93061,71,1
251405,93604,484,1
251405,93609,28,4
251405,94925,71,2
251405,95344,28,1
251405,96874,25,1
251405,98138,4,2
251405,98138,322,1
251405,98138,29,1
251405,98138,10,1
251405,98138,71,1
251405,98138,70,3
251405,98138,84,2
251405,98138,41,1
251405,98138pr0048,70,1
251405,98138pr0056,84,1
251405,98138pr0081,15,1
251405,98138pr0090,84,4
251405,98138pr0186,71,1
251405,98138pr0381,19,1
251405,98138pr0405,47,1
251405,98138pr0429,47,2
251405,99207,19,4
251405,99207,25,3
251405,99563,15,4
251405,99780,19,1
251406,10110447,9999,1
251406,10202,15,2
251406,11153,19,2
251406,11211,19,1
251406,11212,70,2
251406,11212,15,1
251406,11477,10,1
251406,11477,212,2
251406,11610,19,1
251406,11610,0,1
251406,13770,297,2
251406,14716,226,6
251406,14769pr1070,19,1
251406,15210,0,1
251406,15254,226,3
251406,15395,15,1
251406,15396,10,1
251406,15573,29,2
251406,15573,10,2
251406,15573,15,3
251406,15573,484,1
251406,15712,378,1
251406,15712,0,2
251406,1745,15,2
251406,1745,29,5
251406,1748,15,5
251406,1748,19,1
251406,1750,19,4
251406,18674,191,4
251406,18674,28,1
251406,18674,4,1
251406,18853,323,1
251406,18980,15,1
251406,19798,0,2
251406,20482,70,8
251406,20482,10,1
251406,20482,71,4
251406,22667,26,2
251406,22667,4,1
251406,22667,27,2
251406,22886,19,8
251406,22888,19,1
251406,2357,19,4
251406,23969,41,1
251406,24093,15,2
251406,2412b,19,1
251406,2420,15,2
251406,24246,379,3
251406,24246,1136,10
251406,24246,70,4
251406,24246,29,10
251406,2431,212,5
251406,2431,1136,3
251406,2431,29,2
251406,2447,47,1
251406,2453b,19,1
251406,2454b,19,1
251406,2454b,84,3
251406,2456,19,1
251406,24866,5,1
251406,24866,288,1
251406,24866,31,1
251406,24866,30,2
251406,24866,10,1
251406,24866,212,9
251406,24866,1050,2
251406,24866,29,1
251406,24866,1136,1
251406,24866,226,1
251406,24866,27,3
251406,25386,19,2
251406,2540,15,1
251406,2652pr0003,15,1
251406,2654,4,1
251406,27507,212,2
251406,2821,29,1
251406,28621,46,1
251406,3003,15,1
251406,3004,212,1
251406,3004,1050,1
251406,3004,70,4
251406,3004,15,1
251406,3004,226,7
251406,3005,212,1
251406,3005,226,8
251406,3008,84,4
251406,3008,19,1
251406,3009,19,2
251406,3010,15,1
251406,3010,212,2
251406,30136,484,2
251406,30136,19,5
251406,30151b,47,1
251406,3020,212,2
251406,3020,226,1
251406,3020,15,1
251406,3021,19,4
251406,3021,70,1
251406,3022,212,1
251406,3022,70,1
251406,3023,182,1
251406,3023,2,2
251406,3023,70,3
251406,3023,19,6
251406,3023,84,1
251406,3023,1136,2
251406,3023,0,4
251406,3023,226,13
251406,3023,212,6
251406,3023,15,5
251406,3023,1062,1
251406,3024,19,2
251406,3024,2,1
251406,3024,85,1
251406,3024,308,2
251406,3024,1050,1
251406,3024,1136,2
251406,3024,212,2
251406,3024,191,1
251406,3024,484,2
251406,3024,297,2
251406,3024,15,1
251406,3027,0,1
251406,3034,72,2
251406,3036,19,1
251406,3036,84,2
251406,3036,71,1
251406,30374,19,1
251406,30414,29,1
251406,30414,19,4
251406,3062b,19,18
251406,3062b,0,1
251406,3062b,15,2
251406,3068b,19,3
251406,3068b,29,4
251406,3068b,0,7
251406,3069b,1136,14
251406,3069b,15,3
251406,3069b,212,3
251406,3069b,29,5
251406,3069bpr0168,70,1
251406,3069bpr0304,15,1
251406,3070b,19,2
251406,3070b,14,1
251406,3070b,191,1
251406,3070b,15,3
251406,32607,27,1
251406,32607,10,1
251406,32607,326,1
251406,32607,288,4
251406,32803,212,2
251406,32952,226,2
251406,33078,10,1
251406,33078,4,1
251406,33085,191,1
251406,33172,15,1
251406,33172,25,1
251406,33172,297,8
251406,33183,27,1
251406,33183,10,1
251406,3386,323,1
251406,3386,2,2
251406,33909,15,8
251406,34103,72,4
251406,34172,15,3
251406,3460,226,2
251406,3460,84,2
251406,35480,19,6
251406,35480,5,1
251406,35480,226,1
251406,3622,84,2
251406,3622,19,6
251406,3622,70,1
251406,3622,226,10
251406,3633,19,4
251406,3666,19,6
251406,3666,29,1
251406,3666,212,9
251406,3666,226,2
251406,3666,1136,3
251406,3666,70,3
251406,3700,226,2
251406,3701,70,1
251406,3710,10,4
251406,3710,212,2
251406,3710,1136,5
251406,37695,10,2
251406,37762,15,2
251406,37762,0,4
251406,37775,182,2
251406,3795,29,3
251406,3795,212,5
251406,3795,19,2
251406,38014,15,2
251406,3836,70,1
251406,38799,15,5
251406,3899,47,2
251406,3899,5,1
251406,3941,15,1
251406,3958,19,1
251406,4032a,84,1
251406,4032a,15,10
251406,4032a,5,1
251406,4032a,4,1
251406,4032a,29,1
251406,4032a,378,1
251406,4162,15,6
251406,4162,19,6
251406,41740,15,3
251406,41740,19,11
251406,42205,0,1
251406,4274,71,2
251406,4282,15,1
251406,42876,484,1
251406,4345b,15,1
251406,4345b,71,1
251406,4346,47,2
251406,44728,191,2
251406,4477,19,6
251406,44861,84,1
251406,44865,19,2
251406,4529,0,1
251406,4536,15,1
251406,4599b,71,1
251406,4740,0,1
251406,48336,70,1
251406,4865b,15,5
251406,4865b,47,3
251406,53119,31,2
251406,53119,70,1
251406,53119,15,1
251406,53119,29,2
251406,54200pr0005,14,1
251406,5520,15,3
251406,5903,29,4
251406,5904,2,1
251406,59349,226,1
251406,59349,84,3
251406,59900,41,1
251406,59900,29,1
251406,59900,52,1
251406,59900,45,1
251406,60474,191,2
251406,60475b,70,2
251406,60592,0,6
251406,60592,379,1
251406,60593,0,10
251406,60594,0,2
251406,60596,15,1
251406,60601,47,6
251406,60602,47,10
251406,60603,47,2
251406,60616b,15,1
251406,60897,70,2
251406,6111,19,2
251406,61409,179,1
251406,6141,226,14
251406,6141,19,8
251406,6141,85,1
251406,6141,182,1
251406,6141,3,1
251406,6231,15,2
251406,62462,19,1
251406,6254,288,1
251406,6254,26,1
251406,63864,19,4
251406,63864,1136,4
251406,63864,15,1
251406,63864,226,4
251406,63864,212,2
251406,64648,179,1
251406,64648,25,1
251406,65509,15,1
251406,65509,484,1
251406,65630,71,2
251406,6636,191,1
251406,6636,70,2
251406,6647,19,3
251406,66857,226,1
251406,67338,19,2
251406,67338,484,1
251406,68013,15,1
251406,68504,47,4
251406,6900,226,2
251406,6914,15,1
251406,69729,15,2
251406,69729,1136,12
251406,76959,15,2
251406,77844,15,2
251406,77845,70,4
251406,77850,15,3
251406,78256,70,2
251406,78666,19,12
251406,79194,297,1
251406,79735,28,3
251406,79741,179,4
251406,79743,323,1
251406,79743,25,1
251406,79808,71,1
251406,80179,179,4
251406,80543,226,4
251406,80683,47,2
251406,85861,15,1
251406,85861,297,3
251406,85861,0,1
251406,85984,1136,1
251406,86876,29,1
251406,86876,19,2
251406,86996,1,1
251406,87580,1050,13
251406,87580,15,1
251406,87580,70,1
251406,87580,29,3
251406,90195,15,2
251406,92198pr0057,1088,1
251406,92198pr0061,92,1
251406,92410,379,1
251406,92438,71,1
251406,92438,19,1
251406,92438,84,2
251406,93273,19,2
251406,93560,272,1
251406,95228,34,1
251406,95344,72,1
251406,96874,3,1
251406,98138,41,1
251406,98138,19,2
251406,98138,28,5
251406,98138,484,1
251406,98138,72,6
251406,98138pr0017,29,2
251406,98138pr0018,84,1
251406,98138pr0056,84,1
251406,98138pr0081,15,1
251406,98138pr0090,84,1
251406,98138pr0121,19,1
251406,98138pr0255,19,1
251406,98138pr0271,191,2
251406,98138pr0274,0,3
251406,98138pr0275,15,1
251406,98138pr0351,10,1
251406,98397,71,1
251406,99781,29,6
251407,10110448,9999,1
251407,11214,72,1
251407,11477,15,1
251407,11477,0,2
251407,14719,15,2
251407,14769,1050,1
251407,15500,85,1
251407,15533,72,1
251407,15573,29,3
251407,15672,1,1
251407,18674,0,1
251407,18853,323,1
251407,18853,29,1
251407,18853,191,1
251407,18853,226,1
251407,18854,52,1
251407,18920,297,1
251407,20482,29,1
251407,20482,47,6
251407,20482,158,1
251407,22885,323,3
251407,22886,323,2
251407,23969,41,1
251407,2412b,1,2
251407,2431,29,8
251407,2453b,15,2
251407,24866,323,1
251407,2632,29,1
251407,2632,19,1
251407,27448,0,1
251407,2817,71,1
251407,28621,15,5
251407,3001,29,1
251407,3001,323,1
251407,3001,1050,1
251407,3002,29,1
251407,3003,323,1
251407,3004,71,1
251407,3004,29,1
251407,3004,323,7
251407,3004,1,1
251407,3005,323,3
251407,3005,41,1
251407,3005,1,1
251407,3005,72,1
251407,3005,15,2
251407,3009,323,4
251407,3009,1,2
251407,3010,29,1
251407,3010,71,2
251407,30153,35,1
251407,3020,1062,3
251407,3020,1050,3
251407,3022,0,1
251407,3022,19,1
251407,3022,71,1
251407,3023,1062,8
251407,3023,1136,2
251407,3023,15,1
251407,3024,1136,1
251407,3024,323,1
251407,3024,29,2
251407,3031,72,1
251407,3034,71,1
251407,3039pr0029,15,1
251407,30414,29,3
251407,30562,47,1
251407,3062b,1059,1
251407,3062b,33,1
251407,3062b,1054,1
251407,3069b,1136,5
251407,3069b,1050,6
251407,3069b,47,1
251407,3069bpr0371,15,1
251407,32140,1136,1
251407,32607,27,1
251407,3262,1,1
251407,32828,72,1
251407,32952,15,4
251407,3321,226,1
251407,33322,297,1
251407,33909,1,3
251407,3456,19,1
251407,3460,29,1
251407,3622,1,2
251407,3665,323,3
251407,3666,323,8
251407,3666,1136,1
251407,3666,29,4
251407,3700,1,2
251407,3710,1050,1
251407,3710,1062,1
251407,3710,1136,5
251407,3795,29,1
251407,3852b,322,1
251407,3852b,191,1
251407,3894,15,1
251407,39739,15,1
251407,4032a,29,2
251407,41539,71,1
251407,4162,15,2
251407,41740,15,7
251407,41948,71,1
251407,4536,15,2
251407,4599b,297,1
251407,46212,47,2
251407,4643,30,1
251407,4740,35,1
251407,48336,1136,1
251407,4865b,47,1
251407,49153,15,1
251407,49307,29,2
251407,50950,29,1
251407,50950,0,7
251407,50950,15,7
251407,53540,71,1
251407,5404,15,1
251407,54200,15,1
251407,54200,29,1
251407,5520,15,1
251407,59349,323,2
251407,59349,47,1
251407,59900,80,1
251407,59900,52,1
251407,6003,15,1
251407,60470b,15,1
251407,60474,0,1
251407,60479,15,1
251407,60581,0,1
251407,60581,15,1
251407,60897,0,4
251407,6141,46,7
251407,6141,85,1
251407,6141,33,1
251407,6141,1055,2
251407,6141,15,3
251407,63864,15,1
251407,63864pr9993,15,1
251407,68869,15,1
251407,6917,1050,2
251407,69729,323,4
251407,69857,19,1
251407,69903,0,1
251407,78666,15,7
251407,78666,0,2
251407,85975,15,9
251407,85984,0,1
251407,85984,1136,1
251407,86876,15,1
251407,87079,323,2
251407,87087,323,6
251407,87544,15,1
251407,87580,1050,10
251407,88292,15,2
251407,88646,0,1
251407,90195,15,1
251407,91988,19,1
251407,92410,1,2
251407,92947,15,1
251407,93273,1,1
251407,93273,0,1
251407,98138,15,2
251407,98138,31,1
251407,98138,158,1
251407,98138,191,1
251407,98283,15,10
251407,99780,1,1
251408,10110449,9999,1
251408,11203,4,2
251408,11203,272,2
251408,11203,14,2
251408,11211,72,5
251408,11213,2,1
251408,1126,71,1
251408,1126,19,3
251408,11476,27,1
251408,11476,71,2
251408,13965,15,2
251408,15068,2,2
251408,15207,19,2
251408,15456,71,1
251408,15573,378,3
251408,15573,71,2
251408,15672,2,2
251408,16577,15,1
251408,1748,15,1
251408,1748,84,1
251408,18674,71,2
251408,18853,29,1
251408,20482,4,1
251408,20482,71,3
251408,20482,10,1
251408,20482,1,1
251408,22885,15,1
251408,22886,19,1
251408,23969,19,1
251408,2412b,15,1
251408,2412b,179,8
251408,2420,19,2
251408,24246,322,5
251408,24246,226,4
251408,24309,15,1
251408,2431,84,6
251408,2431,27,3
251408,2431,323,1
251408,2432,71,2
251408,24866,71,1
251408,24866,1136,4
251408,24866,27,6
251408,24866,191,5
251408,24866,10,8
251408,24866,2,8
251408,24866,226,1
251408,26603,4,1
251408,2682,2,11
251408,28192,0,2
251408,2877,0,2
251408,2921,71,2
251408,3001,4,1
251408,3002,15,2
251408,3003,19,1
251408,3004,3,1
251408,3004,14,1
251408,3004,15,8
251408,3004,323,8
251408,3004,321,5
251408,3005,19,1
251408,3005,84,4
251408,3005,323,7
251408,3005,15,14
251408,3005,25,1
251408,3005,28,2
251408,3007,15,1
251408,3009,19,6
251408,3009,15,2
251408,3009,323,7
251408,3010,1,1
251408,3010,19,1
251408,3010,15,3
251408,3010,323,10
251408,30162,0,1
251408,3020,84,2
251408,3020,323,6
251408,3020,27,2
251408,3020,15,2
251408,3021,15,2
251408,3021,323,4
251408,3021,484,6
251408,3021,2,1
251408,3022,321,3
251408,3022,2,1
251408,3022,15,2
251408,3022,3,1
251408,3023,3,1
251408,3023,323,22
251408,3023,484,1
251408,3023,71,2
251408,3023,84,3
251408,3023,321,11
251408,3023,15,12
251408,3024,288,4
251408,3024,323,20
251408,3024,41,2
251408,3024,15,11
251408,3024,84,8
251408,3028,19,1
251408,3031,322,1
251408,3033,71,2
251408,3033,19,1
251408,3034,15,3
251408,3034,71,3
251408,30357,15,4
251408,3037,0,2
251408,30374,19,2
251408,30374,70,1
251408,3062b,4,6
251408,3068b,191,3
251408,3068b,323,1
251408,3068b,84,2
251408,3069b,3,1
251408,3069b,19,1
251408,3069b,84,8
251408,3069b,322,4
251408,3069b,14,1
251408,3070b,323,4
251408,3172,71,2
251408,32000,4,1
251408,32000,14,1
251408,32064a,19,5
251408,32316,71,2
251408,3245c,15,2
251408,32531,71,1
251408,32803,15,3
251408,32828,71,2
251408,32828,70,3
251408,32952,323,4
251408,33909,3,1
251408,35157,47,1
251408,35464,25,1
251408,35480,19,3
251408,35480,322,6
251408,35480,226,5
251408,35480,378,2
251408,35480,28,1
251408,3563,15,1
251408,3563,484,1
251408,3622,19,2
251408,3623,14,4
251408,3659,28,2
251408,3666,71,3
251408,3666,15,2
251408,3666,484,2
251408,3666,4,1
251408,3666,323,4
251408,3700,2,2
251408,3701,0,2
251408,3702,14,2
251408,3710,321,1
251408,3710,15,3
251408,3710,71,2
251408,3710,323,4
251408,37352,323,2
251408,37762,70,7
251408,3795,84,5
251408,3823,47,2
251408,3829c01,71,1
251408,3832,15,1
251408,38799,47,2
251408,3899,5,1
251408,3899,14,1
251408,3899,4,1
251408,3958,27,1
251408,39888,19,4
251408,4006,179,1
251408,4032a,84,5
251408,4070,27,2
251408,4070,15,2
251408,4162,322,2
251408,41740,4,2
251408,41740,84,2
251408,42205,378,1
251408,42509,84,1
251408,4278,15,2
251408,42924,1,2
251408,4304,0,1
251408,4304,323,2
251408,4367,10,1
251408,43967,212,1
251408,44728,2,3
251408,4477,71,1
251408,44861,84,4
251408,4528,297,1
251408,4533,15,1
251408,4599b,297,1
251408,46303,321,1
251408,4738c,84,1
251408,4740,71,8
251408,48336,71,1
251408,4865b,322,4
251408,4865b,84,1
251408,49307,15,2
251408,50340,4,1
251408,52107,0,1
251408,53540,15,3
251408,54200,72,1
251408,54200,5,1
251408,54200,15,2
251408,5520,15,1
251408,5540,71,2
251408,55981,15,4
251408,58090,0,4
251408,5843,323,4
251408,5843,15,2
251408,5904,30,1
251408,59900,2,2
251408,59900,26,1
251408,60470b,28,2
251408,60479,71,1
251408,60479,15,2
251408,60479,84,2
251408,60592,19,3
251408,60594,15,1
251408,60603,47,1
251408,6081,323,2
251408,6091,321,2
251408,6091,84,4
251408,6111,72,2
251408,61332,0,2
251408,6141,29,1
251408,6141,191,2
251408,6141,14,3
251408,6141,4,1
251408,6223,47,3
251408,6231,71,1
251408,62361,323,4
251408,6348,191,1
251408,63864,71,2
251408,63864,84,4
251408,63868,72,2
251408,63965,0,1
251408,64647,41,1
251408,65578,71,1
251408,6798,15,3
251408,68013,15,1
251408,68568,71,2
251408,6903pr0001,19,1
251408,73825,322,2
251408,76797,15,2
251408,7757,47,3
251408,77808,72,2
251408,77845,71,1
251408,78168,15,2
251408,78329,71,2
251408,79756,15,2
251408,80835,84,1
251408,85080,15,6
251408,85543,15,1
251408,85984,15,2
251408,85984,323,8
251408,86876,71,1
251408,86996,71,4
251408,87079,2,1
251408,87079,322,2
251408,87087,1,6
251408,87087,323,1
251408,87580,71,7
251408,87580,0,1
251408,88072,72,1
251408,88293,15,2
251408,88930,15,3
251408,89679,15,1
251408,92410,3,1
251408,92851,47,2
251408,93095,191,5
251408,93604,323,1
251408,93606,15,4
251408,96874,25,1
251408,98138,15,1
251408,98138,46,2
251408,98138,182,2
251408,98138,47,3
251408,98138,5,1
251408,98138,70,4
251408,98138,71,3
251408,98138,36,2
251408,98138,19,4
251408,98138pr0051,297,1
251408,98138pr0186,71,2
251408,98397,70,1
251408,99207,14,2
251408,99207,71,1
251408,99780,72,1
251409,10110453,9999,1
251409,10110732,9999,1
251409,11203,70,2
251409,11211,71,9
251409,11212,484,2
251409,11212,19,6
251409,1126,71,15
251409,11602pr0010,1088,1
251409,14716,70,2
251409,14719,15,2
251409,14769,72,4
251409,15068,19,2
251409,15068,272,4
251409,15397,70,1
251409,15573,10,4
251409,15573,71,4
251409,15573,70,5
251409,15573,2,1
251409,15573,72,2
251409,15573,15,3
251409,1566,10,4
251409,15672,272,4
251409,15712,15,1
251409,1748,72,2
251409,18674,10,1
251409,18674,71,2
251409,19119,288,1
251409,1927,272,2
251409,20482,70,2
251409,20482,0,1
251409,20482,288,2
251409,20482,297,1
251409,20482,10,2
251409,22385,19,8
251409,22667,27,4
251409,22885,15,1
251409,22885,19,4
251409,22886,15,3
251409,22888,19,1
251409,23950,19,6
251409,24122,70,2
251409,2423,29,3
251409,2423,2,4
251409,24246,27,4
251409,2431,28,2
251409,2431,10,5
251409,2431,272,8
251409,2431,191,1
251409,2431,15,2
251409,2445,15,1
251409,2453b,31,4
251409,2465,71,1
251409,24855,2,2
251409,24866,323,2
251409,24866,31,6
251409,24866,26,1
251409,24866,5,3
251409,24866,10,8
251409,24866,30,15
251409,24866,29,6
251409,2489,70,1
251409,25269,28,4
251409,25269,10,11
251409,25892,15,3
251409,26047,0,1
251409,26047,15,1
251409,26601,27,2
251409,26603,15,5
251409,26603,70,1
251409,26603,1,2
251409,2682,288,2
251409,27507,31,2
251409,2752,15,2
251409,27925,31,6
251409,27925,10,2
251409,28192,272,6
251409,28192,72,6
251409,3001,1,1
251409,3002,72,2
251409,3004,31,2
251409,3004,288,1
251409,3004,15,15
251409,3005,31,14
251409,3005,71,2
251409,3005,15,13
251409,3005,72,4
251409,3005,84,2
251409,3008,15,1
251409,3009,72,4
251409,3009,70,2
251409,3009,15,1
251409,3010,31,2
251409,30150,84,1
251409,30151b,47,1
251409,3020,28,1
251409,3021,26,1
251409,3021,2,2
251409,3021,15,2
251409,3021,191,2
251409,3021,70,6
251409,3022,72,3
251409,3023,72,2
251409,3023,71,2
251409,3023,0,9
251409,3023,15,5
251409,3023,2,1
251409,3023,46,2
251409,3023,19,5
251409,3023,31,19
251409,30237b,72,1
251409,3024,15,3
251409,3024,46,5
251409,3024,28,1
251409,3024,31,11
251409,3024,484,18
251409,3030,2,1
251409,3032,15,1
251409,3032,2,2
251409,30374,27,1
251409,3039,272,14
251409,3039,71,2
251409,3040b,272,14
251409,3040b,15,4
251409,3046a,72,1
251409,30565,28,1
251409,30565,10,1
251409,3062b,484,2
251409,3062b,297,1
251409,3062b,0,1
251409,3068b,323,2
251409,3068b,84,1
251409,3068b,10,1
251409,3068b,72,1
251409,3068b,14,1
251409,3068bpr9312,84,8
251409,3069b,47,2
251409,3069b,26,1
251409,3069b,191,4
251409,3069b,71,2
251409,3069b,3,1
251409,3069b,15,8
251409,3069bpr9941,15,4
251409,3070b,15,3
251409,3070b,71,2
251409,3070b,25,4
251409,3070b,28,2
251409,3070b,31,2
251409,3070b,84,18
251409,3070bpr0234,71,1
251409,32016,70,2
251409,32028,71,7
251409,32062,0,6
251409,32064a,19,4
251409,32607,10,14
251409,32607,3,8
251409,32607,27,9
251409,32607,288,2
251409,32607,29,10
251409,32607,2,8
251409,32802,15,2
251409,32803,484,1
251409,32828,19,2
251409,32828,288,1
251409,32828,70,1
251409,32952,15,3
251409,32952,70,2
251409,33172,25,2
251409,33492,0,1
251409,3386,71,8
251409,33909,15,3
251409,34050pr0007,15,1
251409,34103,70,8
251409,3456,19,1
251409,3460,2,2
251409,35459,321,3
251409,35459,226,4
251409,35480,70,6
251409,35787,19,9
251409,36037,308,1
251409,3622,84,2
251409,3622,15,11
251409,3623,272,10
251409,3623,15,2
251409,3623,0,1
251409,3623,10,2
251409,3659,15,1
251409,3660,72,2
251409,3665,15,2
251409,3666,272,1
251409,3666,70,1
251409,3666,28,1
251409,3666,31,5
251409,36841,15,4
251409,3700,71,10
251409,3706,0,1
251409,3710,70,2
251409,3710,72,2
251409,3710,71,8
251409,3710,1,2
251409,37695,31,2
251409,37695,10,13
251409,37762,297,1
251409,37762,10,2
251409,37775,182,7
251409,3795,84,3
251409,3795,19,1
251409,3795,31,4
251409,38014,15,2
251409,3837,179,1
251409,38799,47,2
251409,3899,179,1
251409,3941,70,2
251409,3958,70,1
251409,39789,70,2
251409,4032a,288,2
251409,40379,70,3
251409,4070,70,10
251409,41682,31,10
251409,4282,272,1
251409,4304,15,4
251409,4304,70,4
251409,4367,191,2
251409,4519,14,2
251409,4529,0,1
251409,4585,15,2
251409,4733,27,2
251409,47905,0,1
251409,48336,2,2
251409,49668,0,1
251409,5058,27,8
251409,51239,70,1
251409,52501,15,2
251409,54200,26,4
251409,54200,1136,2
251409,54200,191,4
251409,54200,28,2
251409,57585,70,1
251409,5903,14,8
251409,5904,30,1
251409,5904,5,6
251409,59443,70,8
251409,59900,70,2
251409,59900,10,1
251409,59900,46,1
251409,59900,182,1
251409,6003,2,4
251409,60470b,2,2
251409,60592,31,1
251409,60594,31,3
251409,60596,31,1
251409,60601,47,2
251409,60603,47,3
251409,6091,191,2
251409,6091,14,6
251409,6091,323,2
251409,6112,72,1
251409,61332,0,5
251409,6141,33,2
251409,6141,70,6
251409,6141,25,3
251409,6141,46,1
251409,6141,182,1
251409,61780,272,1
251409,6231,70,2
251409,6231,19,6
251409,63864,84,2
251409,63864,15,3
251409,63864,27,4
251409,63864,70,1
251409,6541,19,1
251409,65578,47,2
251409,65578,71,1
251409,65578,2,2
251409,6636,84,2
251409,66857,297,2
251409,66857,484,2
251409,66909,10,3
251409,67810,191,2
251409,6900,5,1
251409,6901,14,3
251409,69729,84,2
251409,69729,272,1
251409,7102,70,1
251409,73562,72,2
251409,77850,84,18
251409,77850,0,1
251409,78258,70,1
251409,78329,15,2
251409,79735,28,1
251409,79736,27,1
251409,80497,70,2
251409,85861,19,6
251409,85861,297,4
251409,85861,0,1
251409,85984,191,2
251409,85984pr9998,0,1
251409,86996,4,1
251409,86996,15,4
251409,87079,19,3
251409,87079,72,2
251409,87087,71,2
251409,87580,28,5
251409,87580,19,8
251409,87580,70,6
251409,88072,2,1
251409,88292,15,4
251409,89678,72,2
251409,90195,70,2
251409,91405,19,1
251409,91405,2,1
251409,91501,19,6
251409,91988,19,1
251409,92410,15,3
251409,92585,0,1
251409,93092,191,1
251409,93273,71,1
251409,96874,3,1
251409,98138,484,3
251409,98138,41,1
251409,98138,84,20
251409,98138,71,4
251409,98138,191,3
251409,98138,226,2
251409,98138pr0048,70,1
251409,98138pr0256,297,1
251409,98138pr0405,47,1
251409,98138pr0425,10,1
251409,98138pr0428,47,6
251409,98138pr0429,47,1
251409,98283,72,19
251409,99207,19,1
251409,99207,15,4
251409,99563,85,1
251409,99563,288,1
251409,99780,19,1
251410,10110452,9999,1
251410,10111693,9999,1
251410,11062,15,2
251410,11203,272,2
251410,11203,29,2
251410,11203,84,2
251410,11211,15,4
251410,11211,212,5
251410,11212,288,2
251410,11212,72,2
251410,11212,71,1
251410,11212,15,2
251410,11253,5,4
251410,1126,15,2
251410,11477,3,2
251410,11477,27,1
251410,11477,1,2
251410,11602pr0010,1088,1
251410,11640,31,1
251410,13770,297,1
251410,14716,15,1
251410,14718,15,1
251410,14769,31,2
251410,14769,19,4
251410,14769,14,1
251410,15068,1,2
251410,15068,10,1
251410,15068,212,2
251410,15068,29,1
251410,15395,27,1
251410,15533,84,8
251410,15535,71,3
251410,15535,15,1
251410,15573,226,2
251410,15573,29,2
251410,15573,71,14
251410,15573,1,4
251410,15573,78,12
251410,15573,5,1
251410,15573,15,7
251410,1566,70,2
251410,15672,71,2
251410,15712,0,1
251410,15712,70,8
251410,1745,70,4
251410,1748,15,5
251410,18654,14,1
251410,18674,70,1
251410,18674,31,2
251410,18674,322,2
251410,18674,10,1
251410,18759,15,2
251410,18855,323,1
251410,18980,15,2
251410,19798,15,1
251410,20482,15,2
251410,20482,4,3
251410,20482,47,3
251410,20482,70,1
251410,20482,1,1
251410,20482,10,8
251410,20952,4,2
251410,22388,15,2
251410,22667,27,1
251410,22885,29,3
251410,22885,2,1
251410,22885,84,4
251410,22885,15,1
251410,22886,15,3
251410,2343,484,1
251410,2357,71,2
251410,23950,484,2
251410,23969,19,2
251410,23969,71,2
251410,24093,0,1
251410,2412b,19,2
251410,2412b,15,3
251410,2412b,71,5
251410,2420,15,2
251410,2420,71,2
251410,2423,27,2
251410,24246,84,2
251410,24246,71,1
251410,2431,288,1
251410,2431,19,1
251410,2431,191,1
251410,2431,71,7
251410,2431,15,5
251410,2431,10,2
251410,2431,212,14
251410,2431,3,1
251410,2431,226,1
251410,2431,323,1
251410,2431,29,8
251410,2445,71,1
251410,2445,72,1
251410,2445,2,1
251410,2450,15,1
251410,2453b,84,1
251410,2453b,15,4
251410,2454b,158,7
251410,2456,19,1
251410,2456,71,4
251410,24855,70,1
251410,24866,288,3
251410,24866,10,2
251410,24866,2,2
251410,24866,320,2
251410,24866,323,2
251410,24866,15,6
251410,24866,212,6
251410,24866,71,1
251410,24866,25,1
251410,2496,3,2
251410,2496,10,2
251410,25269,322,4
251410,25269,31,4
251410,25269,19,8
251410,25269,320,22
251410,25269,3,1
251410,25269,29,5
251410,25269,10,6
251410,25269,71,4
251410,25269,226,4
251410,25269,5,52
251410,26047,14,1
251410,2652pr0004,19,1
251410,2654,19,2
251410,2655,71,2
251410,2656,25,1
251410,2657,15,1
251410,26601,71,2
251410,26603,15,2
251410,26603,0,1
251410,26604,4,1
251410,27925,323,4
251410,27925,71,4
251410,27925,72,4
251410,27925,19,2
251410,27940,15,1
251410,28192,71,3
251410,2853,14,1
251410,28621,46,1
251410,28621,71,5
251410,2877,19,2
251410,28802,15,4
251410,2921,25,1
251410,298c05,71,1
251410,3001,1050,1
251410,3001,71,1
251410,3002,71,2
251410,3003,1050,3
251410,3003,71,4
251410,3003,4,3
251410,3003,84,4
251410,3004,19,2
251410,3004,158,17
251410,3004,0,1
251410,3004,1050,3
251410,3004,72,1
251410,3004,71,8
251410,3004,323,3
251410,3004,10,6
251410,3004,15,4
251410,3004,78,13
251410,3005,1050,1
251410,3005,84,15
251410,3005,71,6
251410,3005,15,5
251410,3005,46,4
251410,3005,78,13
251410,3005,323,6
251410,3005,45,2
251410,3005,41,1
251410,3005,212,2
251410,3005,14,1
251410,3008,71,1
251410,3008,0,1
251410,3008,15,1
251410,30089b,321,1
251410,3009,84,1
251410,3009,15,1
251410,3010,78,11
251410,3010,323,3
251410,3010,191,2
251410,3010,1050,8
251410,3010,15,6
251410,3010,1,1
251410,3010,10,7
251410,3010,71,4
251410,3020,322,1
251410,3020,15,1
251410,3020,1,2
251410,3020,0,2
251410,3020,29,1
251410,3020,191,1
251410,3020,71,1
251410,3020,70,1
251410,3020,19,2
251410,3020,84,2
251410,3020,288,1
251410,3020,226,1
251410,3021,322,1
251410,3021,15,2
251410,3021,71,1
251410,3021,1,1
251410,3021,288,5
251410,3022,15,3
251410,3022,10,2
251410,3022,84,1
251410,3022,19,1
251410,3022,1,4
251410,3022,71,1
251410,3022,212,1
251410,3023,70,4
251410,3023,25,2
251410,3023,19,6
251410,3023,226,1
251410,3023,212,6
251410,3023,288,5
251410,3023,71,9
251410,3023,15,22
251410,3023,41,2
251410,3023,29,1
251410,3023,84,5
251410,3023,322,1
251410,3023,10,7
251410,3023,0,3
251410,3023,1,3
251410,3023,47,2
251410,3024,226,1
251410,3024,288,4
251410,3024,71,5
251410,3024,70,1
251410,3024,15,16
251410,3024,10,1
251410,3024,19,3
251410,3028,2,3
251410,3028,15,3
251410,3030,320,4
251410,3032,15,4
251410,3033,71,2
251410,3034,19,1
251410,3034,322,1
251410,3034,15,1
251410,3035,322,2
251410,30357,15,6
251410,3036,2,2
251410,30377,19,1
251410,30377,71,1
251410,3039,78,6
251410,3039,15,2
251410,3040b,71,10
251410,3040b,70,3
251410,30414,19,1
251410,3043,15,1
251410,3062b,46,3
251410,3062b,36,1
251410,3065,47,1
251410,3068b,1,2
251410,3068b,19,5
251410,3068b,226,2
251410,3068b,484,2
251410,3068b,29,2
251410,3068b,15,6
251410,3068b,84,3
251410,3068b,0,1
251410,3068b,272,2
251410,3068b,71,17
251410,3068b,322,3
251410,3069b,71,9
251410,3069b,15,16
251410,3069b,19,3
251410,3069b,72,2
251410,3069b,52,2
251410,3069b,379,17
251410,3069b,29,4
251410,3069b,322,5
251410,3069b,41,1
251410,3069b,226,4
251410,3069b,1050,2
251410,3069b,31,6
251410,3069b,320,4
251410,3069b,212,9
251410,3069bpr0371,15,1
251410,3069bpr9975,2,1
251410,3070b,379,1
251410,3070b,288,1
251410,3070b,212,10
251410,3070b,15,2
251410,3070b,226,2
251410,3070b,323,10
251410,3070b,322,1
251410,3070bpr0324,19,2
251410,3176,15,2
251410,3176,19,2
251410,32013,71,2
251410,32028,2,2
251410,32062,0,7
251410,32123b,14,2
251410,3245c,15,2
251410,3245c,84,1
251410,32474,71,1
251410,32607,27,4
251410,32607,26,7
251410,32607,288,4
251410,32607,10,11
251410,32803,15,4
251410,32828,288,4
251410,32952,84,3
251410,33320,26,1
251410,3386,71,4
251410,3386,0,4
251410,33909,19,2
251410,33909,1,1
251410,33909,15,4
251410,3396,191,2
251410,34103,15,10
251410,34103,19,2
251410,34172,484,2
251410,3460,15,9
251410,3460,84,2
251410,3460,1,1
251410,3460,0,2
251410,35464,72,3
251410,35470,15,1
251410,35480,3,1
251410,35480,5,1
251410,35480,19,1
251410,35480,84,4
251410,35480,72,2
251410,35480,15,5
251410,35480,71,6
251410,3563,15,2
251410,35787,15,1
251410,35787,322,1
251410,35787,85,1
251410,3622,10,4
251410,3622,2,1
251410,3622,78,7
251410,3622,71,4
251410,3622,15,10
251410,3622,212,4
251410,3623,15,9
251410,3623,14,1
251410,3623,288,7
251410,3623,71,2
251410,3623,19,1
251410,3623,78,1
251410,3665,70,3
251410,3665,4,1
251410,3666,322,3
251410,3666,1,1
251410,3666,71,5
251410,3666,84,1
251410,3666,15,15
251410,3666,288,5
251410,36840,84,4
251410,36840,71,1
251410,36840,15,6
251410,36841,27,1
251410,3700,84,2
251410,3700,71,1
251410,3702,71,3
251410,3703,72,1
251410,3706,4,1
251410,3709,84,1
251410,3709,15,2
251410,3710,226,6
251410,3710,191,3
251410,3710,78,1
251410,3710,84,3
251410,3710,72,1
251410,3710,10,1
251410,3710,15,3
251410,3710,323,1
251410,3710,288,8
251410,3710,71,2
251410,37352,226,6
251410,3749,19,1
251410,3753,71,1
251410,37695,320,2
251410,37762,15,4
251410,37762,10,18
251410,37762,70,2
251410,3795,84,1
251410,3795,226,2
251410,3795,288,1
251410,3795,2,1
251410,3795,322,1
251410,3795,25,4
251410,3795,15,1
251410,3795,72,1
251410,3795,10,1
251410,3795,71,1
251410,3795,0,1
251410,3823,47,1
251410,3836,70,1
251410,38585,15,4
251410,38799,15,3
251410,3895,72,1
251410,3899,14,1
251410,3899,47,1
251410,3899,15,1
251410,39262,15,1
251410,3958,19,1
251410,39739,2,3
251410,39739,484,4
251410,4032a,322,2
251410,4032a,15,3
251410,40379,19,1
251410,4070,10,2
251410,4070,72,8
251410,4070,15,37
251410,4070,47,1
251410,4162,71,6
251410,4162,15,5
251410,4162,1,1
251410,41682,19,1
251410,41682,15,2
251410,41682,84,2
251410,41740,84,1
251410,41740,72,1
251410,4190,288,4
251410,42003,15,1
251410,4216,84,14
251410,4217,71,2
251410,4218,226,6
251410,4219,15,1
251410,42205,15,1
251410,42509,47,1
251410,4278,15,2
251410,4304,15,2
251410,4304,1,2
251410,43093,1,2
251410,4345b,71,1
251410,4346,0,1
251410,4367,5,2
251410,4367,10,2
251410,43888,15,4
251410,43898pr0007,41,2
251410,44567b,15,2
251410,44728,15,4
251410,4477,15,1
251410,4477,71,1
251410,4528,179,1
251410,4533,41,1
251410,4536,15,2
251410,46303,1050,1
251410,46303,26,1
251410,4733,70,2
251410,4740,41,1
251410,48336,19,1
251410,48336,15,4
251410,4865b,19,2
251410,49097,15,2
251410,49307,484,1
251410,49307,288,5
251410,49668,71,1
251410,50340,15,2
251410,5058,320,5
251410,5064,14,1
251410,5091,15,2
251410,5091,72,1
251410,5092,15,2
251410,5092,72,1
251410,50950,71,3
251410,5153pr0001,70,1
251410,5234,226,2
251410,53119,29,1
251410,54200,322,2
251410,54200,323,10
251410,54200,288,13
251410,54200,226,1
251410,54200,15,6
251410,5491,321,1
251410,55013,72,1
251410,5630,71,2
251410,5692,15,1
251410,5904,2,2
251410,5904,30,1
251410,5904,5,3
251410,59349,47,1
251410,59349,158,3
251410,59349,78,2
251410,59349,15,1
251410,59443,19,6
251410,59900,70,1
251410,59900,0,1
251410,59900,19,1
251410,59900,15,1
251410,59900,10,1
251410,60474,15,1
251410,60475b,0,2
251410,60475b,15,1
251410,60478,0,1
251410,60581,15,1
251410,60592,322,2
251410,60592,15,10
251410,60592,3,1
251410,60593,15,1
251410,60593,3,1
251410,60594,15,1
251410,60596,14,1
251410,60596,31,1
251410,60596,3,1
251410,60596,15,5
251410,60601,47,35
251410,60602,47,2
251410,60616b,47,3
251410,60623,1050,1
251410,60897,25,2
251410,60897,15,1
251410,6091,3,2
251410,6091,322,4
251410,6111,15,1
251410,6111,71,2
251410,6112,15,2
251410,6112,71,3
251410,61332,0,2
251410,6141,41,1
251410,6141,19,6
251410,6141,4,2
251410,6141,71,4
251410,6223,47,1
251410,62361,212,1
251410,62462,179,1
251410,6348,191,1
251410,63864,379,2
251410,63864,226,1
251410,63864,71,1
251410,64644,71,2
251410,64647,41,3
251410,65509,71,4
251410,65578,71,1
251410,65578,47,3
251410,6585,0,2
251410,6587,28,1
251410,6589,19,7
251410,6636,78,1
251410,6636,71,2
251410,6636,19,1
251410,6636,15,3
251410,6636,320,8
251410,66857,15,1
251410,66909,10,2
251410,67095,15,1
251410,67810,3,2
251410,6798,15,5
251410,68013,15,2
251410,68211,10,2
251410,6900,226,1
251410,6901,14,2
251410,6913,27,1
251410,6917,1050,2
251410,69729,71,1
251410,69729,320,2
251410,69902pr0004,0,1
251410,70681,288,2
251410,73230,15,2
251410,73562,71,2
251410,73825,15,2
251410,73878,29,12
251410,76959,15,7
251410,7757,47,5
251410,77808,72,1
251410,77813,0,1
251410,77850,84,2
251410,77850,71,1
251410,78258,19,2
251410,78329,71,2
251410,78329,19,2
251410,78329,15,1
251410,79491,191,3
251410,79730,15,1
251410,79736,27,1
251410,79741,179,2
251410,79743,323,3
251410,79743,25,1
251410,79811,179,2
251410,80674,191,1
251410,80677,41,1
251410,85080,1050,6
251410,85861,19,1
251410,85861,15,1
251410,85861,288,5
251410,85861,5,5
251410,85861,70,3
251410,85984,288,13
251410,85984,10,1
251410,85984,29,6
251410,86876,84,2
251410,86876,15,1
251410,86996,484,2
251410,86996,71,2
251410,87079,226,3
251410,87079,323,2
251410,87079,29,1
251410,87079,320,2
251410,87083,72,1
251410,87087,1,2
251410,87087,26,3
251410,87087,15,2
251410,87087,484,4
251410,87087,72,1
251410,87544,47,2
251410,87544,41,1
251410,87552,47,1
251410,87580,191,2
251410,87580,1,1
251410,87580,226,4
251410,87580,379,16
251410,87580,71,4
251410,87580,28,1
251410,87580,10,2
251410,87580,15,2
251410,87620,71,2
251410,87994,71,3
251410,89678,72,2
251410,90397,31,1
251410,91405,2,1
251410,91405,28,1
251410,92410,0,1
251410,92438,28,1
251410,92851,47,2
251410,93092,191,1
251410,93273,19,1
251410,96874,25,1
251410,98138,15,1
251410,98138,34,1
251410,98138,41,3
251410,98138,484,2
251410,98138,1,1
251410,98138pr0017,29,1
251410,98138pr0018,84,2
251410,98138pr0185,179,1
251410,98138pr0186,71,1
251410,98138pr0425,10,2
251410,98138pr0427,2,1
251410,98138pr0428,47,3
251410,98138pr0429,47,1
251410,98283,84,24
251410,98283,15,2
251410,98283,323,8
251410,98397,15,1
251410,98397,70,1
251410,99207,71,1
251410,99207,322,2
251410,99207,19,1
251410,99563,3,1
251410,99563,71,2
251410,99780,71,1
251410,99780,1,2
251411,10111932,9999,1
251411,11153,15,2
251411,11211,14,3
251411,11609,191,1
251411,11610,19,2
251411,14769,14,2
251411,14769pr1070,19,2
251411,1748,15,2
251411,18674,322,2
251411,18854,52,1
251411,18980,15,1
251411,20482,321,1
251411,22888,322,1
251411,2343,47,2
251411,2412b,0,4
251411,2420,15,2
251411,2431,31,4
251411,2431,322,2
251411,24866,226,2
251411,24866,27,6
251411,2489,84,1
251411,25386,19,1
251411,26603,25,2
251411,2682,27,4
251411,27261,84,4
251411,27507,322,2
251411,27925,27,2
251411,298c02,14,1
251411,3003,15,1
251411,3004,19,2
251411,3004,30,4
251411,3005,19,2
251411,3005,25,2
251411,3005pr0033,15,1
251411,3010,30,1
251411,3020,30,2
251411,3020,321,3
251411,3022,14,1
251411,3023,30,2
251411,3024,31,6
251411,30357,14,2
251411,3062b,484,5
251411,3062b,19,4
251411,3069bpr0301,71,1
251411,3069bpr9942,85,1
251411,32059,15,2
251411,3245c,25,4
251411,3245c,19,2
251411,32607,27,2
251411,33078,4,1
251411,33121,4,1
251411,3659,19,2
251411,3710,14,4
251411,3710,15,3
251411,37352,19,2
251411,3795,15,1
251411,3837,179,1
251411,3941,85,4
251411,4094b,45,1
251411,41539,19,2
251411,41948,19,1
251411,43713,321,2
251411,43719,27,1
251411,44661,15,1
251411,4477,27,1
251411,44865,71,1
251411,4733,27,1
251411,4865b,0,2
251411,4865b,15,4
251411,49579pr0004,212,1
251411,50950,27,2
251411,5174,15,2
251411,53119,15,2
251411,5520,15,1
251411,60475b,84,2
251411,60596,31,1
251411,63965,71,1
251411,65768,0,1
251411,69901pr0039,484,1
251411,759528c08,85,1
251411,759532,85,3
251411,81911,47,1
251411,87087,15,2
251411,87580,191,3
251411,87585,70,1
251411,90194,71,1
251411,90397,31,1
251411,93095,191,2
251411,95343,4,1
251411,95344,297,1
251411,96874,25,1
251411,98100,28,2
251411,98138,34,1
251411,98138,36,1
251412,11211,84,1
251412,14417,72,1
251412,15068,31,1
251412,15068,323,1
251412,15207,41,4
251412,15207,15,2
251412,15395,70,2
251412,15573,26,2
251412,1621pat0002,15,1
251412,1748,15,2
251412,18674,70,1
251412,19121,70,1
251412,23946pat0001,72,1
251412,2397,31,1
251412,2489,70,1
251412,26603,71,1
251412,2877,14,1
251412,28870,15,2
251412,3001,323,1
251412,3001,3,1
251412,3001,14,1
251412,3003,3,2
251412,3003,19,2
251412,3004,19,2
251412,3004,323,2
251412,3005,19,2
251412,3008,19,1
251412,3009,19,2
251412,3010,3,1
251412,3010,84,1
251412,30145,19,2
251412,30165,72,1
251412,3020,19,1
251412,3020,31,1
251412,3020,72,1
251412,3022,14,1
251412,3022,84,1
251412,3023,3,2
251412,3023,15,2
251412,3023,31,3
251412,30248,72,1
251412,3031,15,1
251412,3033,84,1
251412,3034,3,1
251412,3035,19,2
251412,30385,41,2
251412,3039,15,2
251412,3039,14,1
251412,30414,19,2
251412,30414,15,1
251412,3062b,46,1
251412,3062b,26,1
251412,3068b,3,2
251412,3069bpr0168,70,1
251412,3245c,70,1
251412,33172,25,1
251412,33183,10,1
251412,3573,15,2
251412,3633,297,1
251412,3666,26,2
251412,3666,31,2
251412,3701,70,2
251412,3710,3,2
251412,3710,323,1
251412,3710,70,2
251412,3710,26,1
251412,37352,323,4
251412,37352,84,1
251412,37352,19,3
251412,37776,297,1
251412,3832,15,1
251412,3941,47,1
251412,3941,84,2
251412,40066,19,2
251412,42409,41,1
251412,4345b,15,1
251412,4346,47,1
251412,44865,15,2
251412,4599b,297,1
251412,48336,3,1
251412,5117,3,1
251412,53119,15,2
251412,53119,70,1
251412,5520,15,3
251412,60470b,15,2
251412,60470b,84,2
251412,62113,70,1
251412,6215,15,4
251412,6232,14,2
251412,63082,71,1
251412,63864,15,2
251412,64000,15,2
251412,65066,41,2
251412,65092,1053,2
251412,65509,14,1
251412,6636,15,2
251412,66857pr0047,3,1
251412,68495pat0003,47,2
251412,71752,0,1
251412,78256,19,2
251412,78666,3,4
251412,79808,71,1
251412,80031,31,1
251412,80400,19,1
251412,85984,14,1
251412,86876,70,2
251412,87079,84,1
251412,87552,41,1
251412,87580,323,6
251412,87580,26,1
251412,87580,72,1
251412,88930pr0036,3,1
251412,93095,19,3
251412,95345,70,1
251412,98138pr0255,19,1
251413,11213,322,1
251413,11476,322,1
251413,15535,3,1
251413,15573,15,2
251413,15679pr0002,14,1
251413,22885,71,2
251413,24866,29,6
251413,27448,15,1
251413,3003,0,1
251413,30044,15,1
251413,30046,297,1
251413,3005,15,8
251413,30153,45,1
251413,3022,3,8
251413,3023,3,5
251413,3023,297,4
251413,30374,297,1
251413,3062b,297,12
251413,3069b,4,1
251413,32607,30,4
251413,35442,322,2
251413,3659,15,4
251413,3679,71,1
251413,3680,0,1
251413,39262,297,1
251413,3958,322,1
251413,4032a,14,2
251413,4032a,27,2
251413,6636,3,2
251413,78169,3,1
251413,78666,15,2
251413,79741,179,1
251413,80337,1054,1
251413,87079,3,2
251413,87087,3,4
251414,11090,70,1
251414,11211,29,1
251414,11458,70,2
251414,15254,226,4
251414,15332,4,1
251414,15533,31,1
251414,15573,26,3
251414,15573,72,1
251414,15573,191,2
251414,15712,320,2
251414,20482,70,1
251414,2412b,15,1
251414,24482,297,1
251414,2456,29,1
251414,24866,1050,13
251414,2654,26,1
251414,27925,191,2
251414,3003,27,1
251414,3005,19,4
251414,3020,84,5
251414,3022,25,1
251414,3023,226,4
251414,3023,3,3
251414,3023,72,1
251414,30237b,19,1
251414,3024,25,2
251414,3035,4,2
251414,3037,4,1
251414,3039,25,5
251414,3040b,25,1
251414,3044c,4,3
251414,3045,4,9
251414,3062bpr0047,1139,1
251414,3068b,26,1
251414,3069b,320,1
251414,3069bpr0278,15,1
251414,32028,15,2
251414,32607,26,2
251414,32607,2,8
251414,32607,30,2
251414,32828,378,2
251414,3460,2,2
251414,3700,25,1
251414,3710,26,1
251414,37775,182,1
251414,3795,2,1
251414,38320,297,3
251414,3852b,191,1
251414,4032a,27,2
251414,41740,484,1
251414,4528,0,1
251414,48336,19,1
251414,49307,191,2
251414,51270,10,1
251414,5422pr0001,484,1
251414,60470b,2,1
251414,60475b,84,4
251414,60592,3,3
251414,6182,226,1
251414,65304,25,1
251414,65509,191,1
251414,66857,484,1
251414,66857pr0048,3,1
251414,68568,2,4
251414,7323,92,2
251414,73832,10,2
251414,77808,484,2
251414,77850,28,2
251414,78169,3,1
251414,79736,27,1
251414,80674,191,1
251414,80910,28,1
251414,85861,297,2
251414,85861,182,1
251414,85984,191,2
251414,85984,25,4
251414,86876,25,1
251414,87087,226,2
251414,87580,14,2
251414,88072,19,1
251414,90258,484,1
251414,92474,26,1
251414,98100,3,1
251414,98138,19,2
251414,98283,92,11
251415,15571,15,3
251415,15573,15,1
251415,15573,3,1
251415,1748,15,5
251415,22889,484,1
251415,2343,47,1
251415,2454b,19,2
251415,2465,19,1
251415,24866,297,2
251415,2540,19,1
251415,3003,19,4
251415,3004,323,3
251415,3008,19,1
251415,3010,19,2
251415,30136,3,4
251415,30136,19,2
251415,3020,322,2
251415,3021,3,2
251415,3022,15,2
251415,3023,182,1
251415,3027,19,1
251415,3037,30,2
251415,3038,15,4
251415,3040b,19,8
251415,3040b,323,4
251415,3069b,29,2
251415,3069b,26,2
251415,3245c,19,2
251415,33909,84,2
251415,3460,26,1
251415,3484,70,3
251415,35480,15,4
251415,3563,15,2
251415,3623,26,2
251415,3659,84,1
251415,3665,19,2
251415,3666,15,1
251415,3678b,15,2
251415,3688,15,2
251415,3701,70,2
251415,3710,3,2
251415,37352,84,2
251415,3795,26,1
251415,3795,212,2
251415,3942c,297,1
251415,40066,3,1
251415,40066,19,2
251415,41740,26,2
251415,42205,308,1
251415,42409,41,1
251415,43888,3,4
251415,43898,82,1
251415,4495b,26,2
251415,5032,179,2
251415,53119,31,1
251415,5904,5,1
251415,59900,41,4
251415,60470b,15,4
251415,60478,3,2
251415,60481,323,4
251415,60596,3,2
251415,64000,15,4
251415,6636,26,8
251415,68211,10,1
251415,79743,323,1
251415,80683pr0001,70,2
251415,85984,323,2
251415,87079,26,2
251415,90195,19,2
251415,92438,212,1
251415,93095,19,2
251415,98138,15,2
251415,98283,84,1
251415,99780,323,3
251416,10111341,9999,1
251416,11211,19,2
251416,11211,15,2
251416,11211,29,1
251416,11477,212,2
251416,13547,15,4
251416,14395,15,4
251416,14716,70,1
251416,15068,4,2
251416,15254,15,1
251416,15573,322,2
251416,15573,4,5
251416,15573,29,2
251416,15573,297,6
251416,15573,15,1
251416,15672,70,2
251416,15744,297,4
251416,16091,71,1
251416,1748,15,1
251416,18031,179,1
251416,18041,297,1
251416,18920,179,1
251416,18980,322,2
251416,20482,47,1
251416,20482,71,1
251416,22385,297,2
251416,22385,226,3
251416,22385,15,2
251416,22888,212,1
251416,22888,27,3
251416,2357,15,6
251416,23950,19,1
251416,23969,41,2
251416,2397,0,1
251416,24309,15,2
251416,2431,212,1
251416,2431,15,6
251416,24452pr0011,212,1
251416,2453b,15,4
251416,2456,15,2
251416,24866,5,4
251416,24866,297,30
251416,24866,212,1
251416,24866,2,2
251416,25269,5,4
251416,25375,297,1
251416,2652pr0005,0,1
251416,26603,19,1
251416,27448,15,2
251416,27925,29,4
251416,2821,191,1
251416,2877,14,2
251416,2877,0,2
251416,28870,297,6
251416,3001,15,1
251416,3002,15,2
251416,3004,70,1
251416,3004,19,2
251416,3004,15,15
251416,3004,0,1
251416,3004,212,12
251416,30044,15,4
251416,30046,297,4
251416,3005,15,13
251416,3005,212,6
251416,3005,484,1
251416,3008,15,1
251416,3009,15,5
251416,3010,1,2
251416,3010,15,3
251416,3010,212,6
251416,30165,15,1
251416,3020,0,1
251416,3020,15,1
251416,3021,70,1
251416,3022,70,1
251416,3022,29,2
251416,3022,0,1
251416,3022,15,1
251416,3022,322,3
251416,3023,70,2
251416,3023,323,3
251416,3023,29,3
251416,3023,0,1
251416,3023,212,8
251416,3024,5,1
251416,3024,322,12
251416,3024,212,4
251416,3032,15,1
251416,3032,1,2
251416,3034,322,1
251416,3035,322,4
251416,30357,1,4
251416,3036,27,1
251416,3036,19,1
251416,3040b,212,4
251416,3062b,41,4
251416,3062b,15,2
251416,3068b,0,2
251416,3068b,15,2
251416,3068b,70,1
251416,3068b,322,3
251416,3069b,15,3
251416,3069b,29,8
251416,3069b,0,6
251416,3069bpr0278,15,1
251416,3069bpr0379,47,1
251416,3070b,15,2
251416,32064a,15,4
251416,3245c,15,6
251416,32607,2,4
251416,32828,297,4
251416,33322,297,1
251416,3386,15,2
251416,3386,71,2
251416,3386,0,1
251416,34816,71,1
251416,35442,0,2
251416,35464,15,1
251416,3622,1,2
251416,3622,15,2
251416,3623,15,2
251416,3633,297,2
251416,3659,1,2
251416,3659,15,2
251416,3660,1,1
251416,3666,1,2
251416,3678b,1,4
251416,3685,1,4
251416,3710,15,4
251416,3710,212,2
251416,3710,5,2
251416,37352,29,7
251416,37762,15,1
251416,37775,182,3
251416,3795,322,2
251416,3795,71,1
251416,3852b,322,1
251416,38799,47,2
251416,3941,70,1
251416,3958,19,2
251416,3960pr0058,15,1
251416,39739,297,2
251416,4032a,322,1
251416,4070,212,1
251416,41740,19,2
251416,41740,15,2
251416,41823,15,2
251416,41948,322,1
251416,4287c,15,4
251416,4304,25,4
251416,4460b,15,4
251416,44728,15,1
251416,44861,15,2
251416,4495b,5,1
251416,47543,1061,1
251416,47720,0,2
251416,47905,0,1
251416,48336,297,2
251416,48336,322,2
251416,51270,25,1
251416,5152,15,2
251416,52107,1,2
251416,53119,29,1
251416,53119,31,1
251416,54200,14,2
251416,54200,1,4
251416,54200,191,1
251416,59349,15,2
251416,59900,46,2
251416,59900,0,2
251416,59900,297,3
251416,60474,1,1
251416,60475b,71,2
251416,60475b,70,2
251416,60481,1,6
251416,60596,15,2
251416,6124,45,1
251416,6141,25,1
251416,6231,19,1
251416,6256,191,1
251416,63864,322,2
251416,63868,15,4
251416,64644,297,2
251416,64648,212,1
251416,65092,1055,1
251416,6541,1,2
251416,65509,0,1
251416,65578,47,1
251416,68568,15,4
251416,68568,212,2
251416,6900,5,1
251416,69830pr0001,15,1
251416,70844pr0001,84,1
251416,7323,15,2
251416,76797,15,4
251416,76959,15,1
251416,77808,297,4
251416,78256,15,2
251416,78256,19,1
251416,78666,15,2
251416,78666,212,2
251416,79743,323,2
251416,80029,1061,3
251416,85080,15,4
251416,85080,212,8
251416,85984,1,2
251416,85984,29,2
251416,87079,226,1
251416,87079,29,2
251416,87079,15,1
251416,87087,2,4
251416,87087,19,2
251416,87580,4,4
251416,87580,15,3
251416,87580,322,1
251416,87580,29,3
251416,90195,70,1
251416,90540,297,2
251416,93086,3,1
251416,93095,70,2
251416,93095,15,1
251416,93096,70,1
251416,96874,25,1
251416,98283,15,12
251416,99780,323,2
251417,10111628,9999,1
251417,11203,15,3
251417,11214,72,2
251417,1126,71,3
251417,11477,379,2
251417,11610,72,2
251417,14413,15,4
251417,14769pr1070,19,1
251417,15068,15,11
251417,15535,71,1
251417,15535,72,2
251417,15573,297,6
251417,15712,15,6
251417,15712,297,2
251417,1750,72,8
251417,18674,15,4
251417,18674,72,4
251417,18980,72,2
251417,18980,15,12
251417,20482,321,2
251417,22380,10,1
251417,22385,0,2
251417,22889,0,5
251417,22889,15,2
251417,2357,15,2
251417,24093pr0043,41,2
251417,2412b,179,9
251417,2419,0,4
251417,2420,0,2
251417,2420,1,4
251417,24246,10,1
251417,24246,1136,1
251417,2431,15,2
251417,2432,15,2
251417,2447,47,2
251417,2476a,15,6
251417,26047,71,1
251417,2654,182,6
251417,2654,71,7
251417,26603,379,1
251417,26603,15,1
251417,2682,2,1
251417,27263,379,4
251417,27507,15,4
251417,27925,15,4
251417,28192,379,8
251417,28192,15,12
251417,2877,15,8
251417,3004,0,2
251417,3004,19,4
251417,3005,379,4
251417,3009,0,2
251417,3009,19,2
251417,3010,379,4
251417,3020,72,2
251417,3020,322,4
251417,3020,15,2
251417,3021,72,2
251417,3021,0,2
251417,3021,379,4
251417,3021,71,1
251417,3022,14,2
251417,3022,19,2
251417,3022,0,2
251417,3022,4,1
251417,3023,15,5
251417,3023,41,8
251417,3023,1136,12
251417,3024,0,4
251417,3029,72,1
251417,3034,72,2
251417,3035,72,2
251417,3036,72,1
251417,30385,1059,5
251417,3040b,379,2
251417,30414,0,2
251417,30414,19,2
251417,3062b,41,2
251417,3062b,71,8
251417,3062b,1059,6
251417,3068b,19,2
251417,3068b,15,3
251417,3068bpr0699,15,5
251417,3069b,191,1
251417,3069bpr0396,15,3
251417,3070b,15,4
251417,32001,15,1
251417,32028,0,2
251417,3245c,71,3
251417,3245c,15,8
251417,32607,27,1
251417,3386,71,1
251417,33909,19,1
251417,34103,71,2
251417,3460,0,2
251417,3460,15,8
251417,3460,1136,2
251417,3484,297,9
251417,3573,15,4
251417,36060,308,1
251417,3622,15,12
251417,3666,0,3
251417,36841,72,4
251417,3700,15,4
251417,3700,72,1
251417,3701,72,1
251417,3710,379,4
251417,3710,15,9
251417,3710,71,2
251417,37695,10,1
251417,3894,15,4
251417,3958,71,1
251417,4006,179,1
251417,4032a,72,2
251417,4041,1095,4
251417,40527,0,2
251417,41740,0,1
251417,4175,72,2
251417,4304,0,2
251417,4345b,0,4
251417,4346,15,4
251417,43722,15,1
251417,43723,15,1
251417,44861,71,9
251417,45705,1095,1
251417,4697b,71,1
251417,47406,0,1
251417,47407,379,4
251417,47753,15,6
251417,48336,0,6
251417,48336,1136,6
251417,49153,0,2
251417,49699,1136,5
251417,50304,0,2
251417,50305,0,2
251417,50340,71,2
251417,5065,1095,1
251417,5066,0,4
251417,50990b,1095,1
251417,5120,15,1
251417,5200,191,1
251417,54200,0,4
251417,54200,182,10
251417,5520,15,2
251417,60474,15,2
251417,60475b,1,4
251417,60478,15,8
251417,60478,72,6
251417,60481,15,4
251417,60581,1095,1
251417,6106,72,4
251417,61332,0,10
251417,6141,41,17
251417,6141,182,4
251417,62810,484,1
251417,63868,0,4
251417,64799,71,4
251417,65304,179,1
251417,65426,0,1
251417,65429,0,1
251417,6636,15,1
251417,6636,0,1
251417,68327,379,1
251417,69729,15,2
251417,71752,0,9
251417,72869,0,8
251417,73562,15,2
251417,76959,0,3
251417,77083,0,2
251417,77808,297,6
251417,77845,0,4
251417,78256,322,4
251417,78258,15,1
251417,78329,19,4
251417,79393,0,4
251417,79491,72,8
251417,80015,0,4
251417,85861,297,2
251417,85984,1136,2
251417,85984,15,5
251417,86996,15,12
251417,87398pat0001,1103,2
251417,88644pat0001,1103,2
251417,89523,28,1
251417,90194,0,4
251417,92582,0,2
251417,92947,15,3
251417,93095,19,2
251417,96874,25,1
251417,98138,41,4
251417,98284,0,1
251417,98313,15,1
251417,98560,72,1
251417,99563,15,3
251417,99563,379,2
251417,99563,19,2
251418,11476,0,2
251418,15207,191,2
251418,15573,0,2
251418,1871,71,2
251418,18899pr0001,4,1
251418,18972,191,1
251418,18980,0,1
251418,27925,0,2
251418,3002,4,2
251418,30076,0,1
251418,3009,72,2
251418,3020,0,1
251418,30228,72,1
251418,3023,47,2
251418,3023,36,1
251418,3024,25,3
251418,3039,191,1
251418,3040b,19,2
251418,30414,72,1
251418,3298,0,1
251418,3298,1,1
251418,35480,72,3
251418,35578,0,4
251418,3829c01,71,1
251418,3957b,71,1
251418,4079b,72,1
251418,41740,0,1
251418,4286,72,2
251418,44567b,72,1
251418,44861,72,2
251418,54661,191,1
251418,55981,72,4
251418,58176,182,1
251418,59900,25,3
251418,60478,71,2
251418,61409,72,2
251418,64450,0,1
251418,65380,72,1
251418,65676pr0001,15,1
251418,71752,0,2
251418,73562,72,2
251418,87580,71,1
251418,88930pr0035,191,1
251418,93273,72,1
251418,98283,484,2
251419,11213,5,1
251419,11477,71,2
251419,11833,71,1
251419,14716,321,4
251419,14716,15,1
251419,15068,321,4
251419,15535,0,1
251419,15672,191,3
251419,15672,15,3
251419,18897,19,1
251419,20482,72,1
251419,22885,71,1
251419,2412b,80,2
251419,2412b,321,2
251419,24246,71,2
251419,2653,71,2
251419,26603pr0094,15,1
251419,26603pr0095,15,1
251419,27925pr0019,5,4
251419,3001,321,2
251419,3001,19,2
251419,3003,71,1
251419,3004,4,2
251419,3005,15,1
251419,3005,321,6
251419,3009,321,3
251419,3020,0,1
251419,3020,4,1
251419,3020,321,2
251419,3023,321,6
251419,3031,72,1
251419,3032,15,1
251419,3033,15,2
251419,3040b,19,2
251419,30414,0,1
251419,3069b,71,1
251419,3069bpr0100,2,1
251419,3070bpr0234,71,1
251419,32828,0,1
251419,32952,71,4
251419,3387,84,4
251419,33909,19,1
251419,33909,71,2
251419,3460,321,1
251419,35336,47,1
251419,35480,19,2
251419,3633,71,1
251419,3666,191,1
251419,3666,71,1
251419,3666,84,2
251419,3710,19,1
251419,3710,321,1
251419,3749,19,4
251419,3795,321,2
251419,3795,19,2
251419,3829c01,0,1
251419,3899,15,2
251419,40527,0,1
251419,4162,15,4
251419,41740,71,1
251419,44301b,71,2
251419,4510,71,2
251419,4740,80,4
251419,4865b,72,1
251419,49153,0,1
251419,49311,15,1
251419,52031,15,1
251419,58380,15,1
251419,5852,321,2
251419,60474,0,1
251419,61332,0,1
251419,6141,46,4
251419,6179,4,1
251419,64453,47,1
251419,64453,321,1
251419,65509,72,2
251419,65617,5,4
251419,65617,19,4
251419,6970,84,1
251419,69729,15,3
251419,69729pr0027,15,2
251419,7035,0,1
251419,72206,0,4
251419,77850,71,2
251419,85080,19,4
251419,86876,0,1
251419,92262,321,1
251419,92263,321,1
251419,93273,71,1
251419,93274,15,2
251419,98138,47,2
251419,98138,36,2
251419,98138,182,2
251419,98138,5,3
251419,98138pr0090,84,4
251419,99563,15,4
251420,10110500,9999,1
251420,11153,15,2
251420,11203,378,1
251420,11253,0,1
251420,1126,15,1
251420,11477,19,2
251420,11477,320,2
251420,13731,15,2
251420,14719,15,2
251420,15068,320,6
251420,15207,19,2
251420,15712,70,2
251420,1745,0,1
251420,18677,0,4
251420,18855,323,1
251420,18977,0,4
251420,2310,71,2
251420,23969,41,1
251420,2412b,15,2
251420,2412b,0,2
251420,2412b,71,1
251420,2412b,36,2
251420,2420,71,2
251420,25892,15,1
251420,25975pr0001,84,1
251420,26603,191,4
251420,26603,1,2
251420,3004,71,2
251420,3005,15,4
251420,3005,320,2
251420,3009,320,1
251420,3009,15,2
251420,3010,71,1
251420,3010,15,6
251420,30136,0,2
251420,30136,19,2
251420,3020,0,4
251420,3021,14,1
251420,3023,71,2
251420,3023,320,9
251420,3023,182,2
251420,3023,15,3
251420,30236,0,1
251420,3024,182,10
251420,3024,19,4
251420,3032,15,1
251420,3034,0,2
251420,3034,15,4
251420,3035,19,2
251420,3040b,19,2
251420,3062b,2,2
251420,3069b,0,2
251420,3069bpr0364,322,1
251420,3070b,41,2
251420,3070b,15,4
251420,3070b,71,2
251420,3131,70,1
251420,32028,320,1
251420,32028,0,2
251420,32803,15,3
251420,32952,15,1
251420,3387,0,2
251420,3387,15,2
251420,34103,320,4
251420,35044,71,1
251420,35480,320,1
251420,3661,0,1
251420,3666,19,6
251420,3666,71,1
251420,3666,320,1
251420,3666,15,1
251420,3668,72,1
251420,36840,0,2
251420,36841,0,2
251420,3703,71,2
251420,3710,1,4
251420,3710,15,7
251420,3710,71,1
251420,37352,25,1
251420,3749,19,4
251420,3795,71,1
251420,3795,320,1
251420,3795,27,2
251420,3821,320,1
251420,3821,15,1
251420,3822,15,1
251420,3822,320,1
251420,3829c01,71,1
251420,38799,0,4
251420,3894,15,2
251420,3899,179,2
251420,4032a,72,1
251420,4070,71,2
251420,4079,379,2
251420,41682,71,3
251420,41740,15,4
251420,41740,0,1
251420,41740,320,2
251420,42023,15,2
251420,4274,15,2
251420,4282,15,2
251420,44728,320,4
251420,4477,71,2
251420,4477,320,2
251420,4477,15,2
251420,4599b,71,1
251420,4652,15,1
251420,47457,72,1
251420,4865b,25,2
251420,49668,41,2
251420,5066,0,2
251420,5090,0,1
251420,52031,15,1
251420,5414,320,1
251420,5415,320,1
251420,54200,47,2
251420,54200,320,4
251420,54200,0,6
251420,5520,15,1
251420,60474,2,1
251420,60478,71,2
251420,60581,19,1
251420,60581,15,3
251420,60596,0,1
251420,60603,47,1
251420,60616bpr0003,15,1
251420,61332,0,4
251420,6141,41,2
251420,6141,71,11
251420,6180,71,2
251420,63864,379,2
251420,63868,72,2
251420,64647,182,2
251420,6636,71,3
251420,6636,0,1
251420,6636,15,6
251420,66727,179,4
251420,67338,484,1
251420,67446,72,1
251420,69066,308,2
251420,73562,71,13
251420,73825,320,2
251420,77845,71,1
251420,77845,15,1
251420,77850,0,2
251420,78329,4,2
251420,79756,19,1
251420,85975,179,1
251420,85984,15,4
251420,85984,320,4
251420,85984pr0021,71,1
251420,86996,15,2
251420,87544,19,2
251420,87552,47,2
251420,87580,0,1
251420,88930,15,1
251420,92107,28,1
251420,92583,47,1
251420,92950,19,1
251420,93274,15,2
251420,98138,1,2
251420,98138,36,2
251420,98138,72,4
251420,98138,4,2
251420,99207,19,2
251420,99781,19,2
251421,11476,84,1
251421,15070,14,2
251421,19220,0,1
251421,23443,70,1
251421,24246,14,3
251421,2446,4,1
251421,2447,47,1
251421,24866,2,3
251421,3004,4,1
251421,3022,4,3
251421,3065,47,1
251421,3068bpr0019,15,1
251421,3069b,33,1
251421,3623,19,2
251421,3710,28,1
251421,3749,19,8
251421,3829c01,14,1
251421,3829c01,15,1
251421,43719,19,1
251421,4495b,4,1
251421,60476,71,2
251421,62113,0,1
251421,6600pat0001,72,8
251421,6920,0,2
251421,78443,28,1
251421,78444,28,1
251421,79389,4,2
251421,79756,19,1
251421,87079pr9882,4,2
251421,87994,70,1
251421,90194,14,1
251421,98138,4,2
251421,99207,0,2
251422,15210pr0008,0,1
251422,18646,288,2
251422,20482,15,3
251422,2412b,72,1
251422,2421,0,1
251422,2446,15,1
251422,2447,47,1
251422,3022,15,1
251422,3022,19,1
251422,3023,212,1
251422,3062b,41,1
251422,30924,15,1
251422,35480,15,1
251422,3666,484,2
251422,3666,15,2
251422,37352,15,1
251422,37352,288,2
251422,3749,19,8
251422,3829c01,15,1
251422,3957b,71,1
251422,4083,71,2
251422,44661,288,1
251422,63868,72,2
251422,64799,71,1
251422,6600pat0001,72,8
251422,66897,0,1
251422,6920,0,2
251422,77808,484,2
251422,77845,71,2
251422,85861,72,1
251422,85984,272,4
251422,93273,272,1
251422,98138pr0051,297,1
251423,10172,297,1
251423,10247,72,1
251423,11090,179,1
251423,15068,15,2
251423,15207,0,1
251423,15573,272,4
251423,15573,15,2
251423,15573,27,1
251423,17485,15,1
251423,18674,323,1
251423,1871,19,4
251423,18838,71,4
251423,18980,72,1
251423,20482,321,1
251423,20952,4,1
251423,22385,71,8
251423,22885,19,4
251423,22886,71,1
251423,23443,0,4
251423,24246,71,4
251423,24246,27,6
251423,2431,27,2
251423,2431,15,2
251423,2431pr0222,15,2
251423,2445,0,8
251423,2446,4,1
251423,2447,47,1
251423,2456,71,5
251423,2496,0,1
251423,26047,0,1
251423,2654,46,2
251423,26601,1,8
251423,26603,0,1
251423,27507,1,2
251423,27925,27,2
251423,2817,0,2
251423,29111,84,1
251423,3002,1,2
251423,3004,191,2
251423,3004,0,4
251423,3004,15,4
251423,3008,71,3
251423,3009,15,1
251423,3010,1,1
251423,30145,71,8
251423,3020,484,2
251423,3020,19,2
251423,3021,84,2
251423,3022,378,2
251423,3023,484,6
251423,3023,46,2
251423,30237b,15,3
251423,3024,1,2
251423,3031,84,1
251423,3032,72,2
251423,3034,4,1
251423,3034,272,1
251423,30383,72,2
251423,3039,0,4
251423,3062b,27,1
251423,3062b,15,1
251423,3062b,72,4
251423,3062b,41,1
251423,3062b,4,2
251423,3069b,72,10
251423,3069bpr0189,0,1
251423,3262,4,2
251423,32803,484,2
251423,33078,4,1
251423,33909,19,2
251423,34076,71,1
251423,3460,1,5
251423,3460,71,6
251423,3484,71,1
251423,35044,15,4
251423,35459,27,2
251423,35480,19,6
251423,3622,71,2
251423,3660,484,2
251423,3665,71,2
251423,3666,1,2
251423,3666,19,2
251423,3666,484,2
251423,3710,1,3
251423,3710,19,2
251423,3713,71,1
251423,37352,19,4
251423,3749,19,9
251423,3829c01,15,1
251423,3829c01,14,1
251423,3832,19,1
251423,4006,0,1
251423,4032a,4,4
251423,4162,27,8
251423,41740,72,10
251423,4282,1,2
251423,4304,71,4
251423,43093,1,1
251423,4477,71,2
251423,4477,72,3
251423,44861,71,4
251423,4495b,1,2
251423,4522,0,1
251423,46303,321,1
251423,4865b,4,1
251423,49307,0,1
251423,5066,19,2
251423,5404,15,2
251423,57360,0,3
251423,5907,15,2
251423,6003,72,2
251423,60478,1,6
251423,60479,19,2
251423,60479,0,1
251423,60481,1,2
251423,6112,71,2
251423,6141,4,2
251423,6141,179,2
251423,63864,71,4
251423,63868,0,2
251423,63868,1,4
251423,63965,0,2
251423,6600pat0001,72,8
251423,6636,15,2
251423,6636,4,5
251423,67095,15,1
251423,67329,15,2
251423,68869pr0002,27,1
251423,6920,0,2
251423,69729pr0042,27,2
251423,69958,72,1
251423,71771,72,2
251423,71772,72,1
251423,75538,72,2
251423,75539,72,2
251423,77845,84,2
251423,78666,1,4
251423,79756,484,2
251423,80440,14,1
251423,80441pat0001,47,2
251423,85080,1,2
251423,85984,71,1
251423,85984,4,1
251423,87079,72,14
251423,87079pr0235,72,3
251423,87580,2,2
251423,87994,70,1
251423,87994,0,3
251423,88292,71,2
251423,91988,71,6
251423,92582,0,1
251423,92950,19,2
251423,93273,0,1
251423,96874,25,1
251423,98138,15,1
251423,98283,378,8
251423,98368,4,1
251423,99207,0,2
251423,99780,323,4
251424,02889pr0001,84,1
251424,11211,0,2
251424,11477,4,4
251424,15068,4,1
251424,1569pr0001,15,1
251424,2431,70,3
251424,2431,72,2
251424,2456,72,1
251424,26603,4,1
251424,3003,4,2
251424,30076,0,1
251424,30150,84,1
251424,3020,0,1
251424,3020,14,2
251424,3021,71,1
251424,3021,322,1
251424,3023,0,3
251424,3035,70,1
251424,3068bpr9331,4,1
251424,33172,25,3
251424,33183,10,3
251424,33909,4,1
251424,35480,15,3
251424,35578,0,2
251424,3622,72,2
251424,3665,72,2
251424,3700,71,1
251424,3710,71,2
251424,37762,0,1
251424,3829c01,4,1
251424,3837,72,1
251424,4079b,72,1
251424,4081b,4,2
251424,4162,70,4
251424,42610,71,4
251424,4304,4,1
251424,47720,0,2
251424,5090,0,2
251424,55981,15,4
251424,61409,4,2
251424,6141,47,2
251424,62361,4,2
251424,63082,71,1
251424,65509,70,2
251424,71752,19,3
251424,74188pr0001,0,2
251424,78666,72,2
251424,80477,72,1
251424,86996,71,2
251424,86996,4,4
251424,87580,19,2
251424,88072,0,1
251424,92402,0,2
251424,92409,0,4
251424,93273,4,2
251424,99207,0,2
251425,10190,0,2
251425,10247,72,1
251425,104702,1062,1
251425,11153,72,2
251425,11211,0,2
251425,11211,71,9
251425,11215,71,1
251425,11477,72,8
251425,11477,0,8
251425,14418,71,2
251425,14419,72,2
251425,14716,71,2
251425,14718,15,1
251425,14719,15,2
251425,15068,72,4
251425,15397,0,1
251425,15535,0,2
251425,15573,4,4
251425,15573,0,1
251425,15672,72,4
251425,15672,0,16
251425,15712,72,2
251425,1748,4,4
251425,18654,71,1
251425,18674,71,2
251425,18674,0,3
251425,18977,0,4
251425,18980,1062,1
251425,20482,72,2
251425,22885,19,4
251425,22885,15,2
251425,22889,0,2
251425,2310,71,4
251425,2357,72,6
251425,2387,14,1
251425,2389,14,1
251425,23930,14,1
251425,2412b,4,4
251425,2412b,0,7
251425,2412b,72,4
251425,2415,71,3
251425,2420,4,4
251425,2420,0,4
251425,2420,272,2
251425,24309,272,4
251425,2431,15,2
251425,2431,0,2
251425,2431,4,7
251425,2431,72,4
251425,2431,14,2
251425,2432,15,1
251425,2456,71,1
251425,2654,41,3
251425,2654,72,1
251425,26601,0,2
251425,26603,72,1
251425,26604,4,4
251425,2752,0,1
251425,28192,0,2
251425,28802,14,2
251425,29119,72,1
251425,29120,72,1
251425,298c02,4,1
251425,3001,4,1
251425,3001,71,1
251425,3003,71,3
251425,3003,19,1
251425,3004,72,1
251425,3005,71,8
251425,30089b,0,1
251425,3009,71,2
251425,3010,15,2
251425,3010,72,7
251425,3010,19,1
251425,30136,72,9
251425,30165,0,4
251425,30165,4,8
251425,3020,15,5
251425,3020,71,1
251425,3020,4,4
251425,3020,19,17
251425,3020,14,1
251425,3021,19,2
251425,3022,72,1
251425,3022,71,1
251425,3022,0,3
251425,3022,15,3
251425,3023,4,6
251425,3023,19,3
251425,3023,71,16
251425,3023,15,6
251425,3023,14,4
251425,30237b,0,1
251425,3024,182,4
251425,3031,0,3
251425,3034,0,4
251425,3034,15,1
251425,3035,0,2
251425,30374,0,2
251425,30383,0,4
251425,30414,71,4
251425,30414,72,5
251425,30592,71,1
251425,3068b,0,1
251425,3068b,15,2
251425,3068b,14,1
251425,3068b,4,2
251425,3069b,33,7
251425,3069b,14,4
251425,3069b,36,2
251425,3070b,72,4
251425,3070b,4,4
251425,3070b,15,2
251425,3070b,14,2
251425,3171,0,4
251425,32028,4,6
251425,3262,4,6
251425,32802,15,3
251425,32828,72,2
251425,33492,71,2
251425,3387,0,4
251425,33909,0,4
251425,33909,14,2
251425,33909,272,5
251425,35336,47,1
251425,35480,71,3
251425,35787,15,2
251425,35787,272,2
251425,3622,4,2
251425,3623,72,6
251425,3623,15,4
251425,3623,19,2
251425,3666,1062,8
251425,3666,71,2
251425,3666,0,9
251425,36752a,0,2
251425,36840,19,2
251425,36841,15,2
251425,3700,1,7
251425,3709,0,2
251425,3710,1062,6
251425,3710,15,5
251425,3710,0,7
251425,3710,71,11
251425,37352,4,2
251425,3795,71,2
251425,3795,4,4
251425,3795,0,4
251425,3821,4,1
251425,3822,4,1
251425,3829c01,71,1
251425,3832,0,1
251425,3894,0,2
251425,39802pr0001,179,1
251425,39888,19,1
251425,4032a,72,2
251425,40687,71,2
251425,41531,14,2
251425,41531,71,1
251425,41682,71,2
251425,41740,71,1
251425,41740,0,5
251425,4274,15,3
251425,4286,4,2
251425,4304,19,1
251425,4304,72,1
251425,43093,1,4
251425,4345b,71,1
251425,4346,71,1
251425,43722,4,1
251425,43722,0,1
251425,43723,4,1
251425,43723,0,1
251425,43898,0,1
251425,44568,71,1
251425,44861,0,2
251425,44865,4,6
251425,4519,71,2
251425,4533,72,1
251425,46667,0,3
251425,4740,0,2
251425,48336,0,4
251425,50747,47,1
251425,50950,272,2
251425,50955,272,1
251425,50956,272,1
251425,52031pr0005,4,1
251425,54200,4,10
251425,54383,0,1
251425,54384,0,1
251425,57906,0,4
251425,5841,15,2
251425,5907,72,2
251425,59443,0,2
251425,60212,4,3
251425,60475b,4,4
251425,60475b,0,8
251425,60477,0,2
251425,60478,72,4
251425,60592,14,2
251425,60601,47,2
251425,6081,14,2
251425,60897,0,4
251425,6091,14,10
251425,6091,0,4
251425,61332,0,2
251425,61409,0,4
251425,6141,19,13
251425,6141,34,3
251425,6141,36,3
251425,61482,71,1
251425,6239pr0025,0,1
251425,62711,308,1
251425,63864,0,6
251425,63864,4,6
251425,64225,72,2
251425,6541,15,4
251425,65630,71,3
251425,6636,72,1
251425,66727,0,4
251425,66906,4,2
251425,66955,0,1
251425,67737,0,1
251425,67810,14,2
251425,68013,71,2
251425,69755,72,1
251425,69767,15,1
251425,69953c01,0,1
251425,71752,19,2
251425,72132,72,2
251425,72132,0,2
251425,73230,0,4
251425,73825,4,20
251425,74698,0,1
251425,76766,71,1
251425,77083,0,1
251425,77808,0,6
251425,77850,0,2
251425,78258,72,2
251425,78329,72,2
251425,78333,71,1
251425,79180,0,2
251425,79389,0,28
251425,79687,0,1
251425,79743,71,2
251425,80177,15,1
251425,80178,15,1
251425,85984,71,2
251425,85984,0,2
251425,86996,0,2
251425,86996,15,2
251425,87079pr9881,14,2
251425,87087,72,2
251425,87087,19,4
251425,88930,1,6
251425,90194,1062,2
251425,92410,4,1
251425,93273,0,2
251425,93606,0,2
251425,96874,25,1
251425,98138,41,13
251425,98138,47,3
251425,98138,36,4
251425,98385,84,1
251425,99207,0,2
251425,99207,71,2
251425,99207,14,12
251425,99563,0,5
251425,99780,0,3
251426,11090,0,1
251426,14718,4,2
251426,15068,0,3
251426,15254,4,1
251426,18937c01,72,1
251426,2447,47,2
251426,2540,71,1
251426,2654,182,2
251426,26603,4,1
251426,3009,4,2
251426,3037,72,2
251426,3062b,14,1
251426,3069b,33,2
251426,3069b,36,2
251426,3297,4,1
251426,3666,1,2
251426,3710,0,1
251426,3710,1062,10
251426,3795,4,4
251426,3829c01,71,1
251426,4079b,1,2
251426,44568,71,1
251426,4599b,14,1
251426,49311pr0010,4,2
251426,50337,71,1
251426,55981,0,4
251426,60581,47,2
251426,6126b,182,4
251426,64453,47,1
251426,64453,4,1
251426,6636,4,2
251426,69729,4,1
251426,69729pr0043,72,1
251426,69971pr0001,1062,2
251426,70646,0,1
251426,85959pat0002,41,1
251426,87079,72,1
251426,92402,0,4
251428,1126,15,4
251428,11477,15,4
251428,14417,72,6
251428,14418,71,10
251428,14704,71,2
251428,18674,10,1
251428,22890,72,4
251428,23860,35,2
251428,24201,27,4
251428,2421,0,2
251428,30028,0,4
251428,3020,71,2
251428,3021,0,2
251428,3022,15,2
251428,3023,35,6
251428,35480,27,4
251428,3665,27,2
251428,3795,72,1
251428,43722,15,2
251428,43723,15,2
251428,51739,15,2
251428,54200,15,6
251428,5520,15,4
251428,59900,19,1
251428,6017pr0001,35,1
251428,60897,0,2
251428,6141,35,11
251428,64567,191,1
251428,66897,0,4
251428,66956,15,2
251428,69754,179,1
251428,69755,72,1
251428,74967,0,4
251428,89522,179,1
251428,96874,25,1
251428,98138,29,1
251428,99780,27,4
251428,99781,15,4
251429,11477,191,4
251429,11477,322,4
251429,14417,72,1
251429,14419,72,2
251429,14704,71,8
251429,14769,191,2
251429,15573,191,2
251429,15573,322,2
251429,1748,322,2
251429,18674,322,2
251429,22484,25,3
251429,22890,72,2
251429,24201,1,4
251429,24246,322,8
251429,26047,321,4
251429,2654,26,2
251429,3021,1,1
251429,3021,191,1
251429,3022,322,1
251429,3022,1,1
251429,3022,191,2
251429,3023,191,4
251429,3023,322,2
251429,3024,191,2
251429,3024,322,2
251429,3062b,322,4
251429,3170,0,2
251429,32607,26,4
251429,32828,19,2
251429,35480,1,11
251429,3565,322,4
251429,36840,14,6
251429,39739,1050,2
251429,4595,26,1
251429,49307,1050,4
251429,54200,191,2
251429,54200,322,5
251429,6091,191,4
251429,61252,1,4
251429,6330pr0005,30,1
251429,67095pr9988,321,1
251429,67329,1,1
251429,78258,19,1
251429,85861,5,4
251429,96874,25,1
251429,98138,191,4
251429,98138pr0431,29,2
251429,99781,321,1
251430,10110957,9999,1
251430,10247,0,2
251430,110049pat0001,45,1
251430,11090,0,4
251430,11153,4,4
251430,11214,72,2
251430,11458,72,2
251430,13547,0,2
251430,13731,1062,2
251430,15068,4,1
251430,15706,4,4
251430,15712,15,1
251430,23443,15,6
251430,24246,322,2
251430,24246,1050,2
251430,25269,4,4
251430,2540,72,2
251430,2654,33,2
251430,27263,322,2
251430,27925,1050,10
251430,27925,322,10
251430,28802,72,8
251430,3001,0,1
251430,30136,19,3
251430,3020,0,2
251430,3020,15,2
251430,3020,1062,1
251430,3021,322,1
251430,3022,71,1
251430,3023,15,2
251430,3034,0,1
251430,3034,71,1
251430,3069bpr9939,36,1
251430,3176,4,2
251430,32034,0,1
251430,32062,4,2
251430,32803,0,1
251430,32828,0,4
251430,33909,19,1
251430,3484,71,2
251430,35044,4,4
251430,35186,0,2
251430,35480,72,16
251430,3623,322,2
251430,3795,322,1
251430,3795,4,3
251430,4032a,72,5
251430,4032a,0,3
251430,41740,0,4
251430,4304,72,2
251430,43093,1,2
251430,44728,4,8
251430,44861,71,2
251430,47457,0,4
251430,4871,0,1
251430,49153,0,1
251430,5330pat0001,297,1
251430,53451,179,2
251430,5382,4,2
251430,54200,1062,4
251430,59900,45,1
251430,59900,0,2
251430,60474,0,4
251430,60897,322,4
251430,6117,72,1
251430,61409,179,2
251430,6141,33,4
251430,6141,71,4
251430,63868,0,2
251430,65184,1061,2
251430,66857,4,3
251430,66955,1062,1
251430,67095,0,4
251430,6955,322,2
251430,6958,33,2
251430,69754,1103,2
251430,69755,72,2
251430,73562,71,3
251430,77808,322,2
251430,77845,0,2
251430,80324,1062,2
251430,85861,4,1
251430,85861,15,2
251430,85984,72,1
251430,85984,19,2
251430,87079,71,2
251430,87747,0,2
251430,91988,72,1
251430,92579,1095,1
251430,99207,321,12
251430,99563,19,1
251430,99563,179,2
251430,99563,0,1
251430,99780,71,8
251430,99781,0,3
251431,10110958,9999,1
251431,10247,71,4
251431,11153,30,2
251431,11211,321,2
251431,11253,5,2
251431,11476,1,2
251431,11477,30,2
251431,11477,322,4
251431,11477,1050,2
251431,13971,1062,4
251431,14418,71,6
251431,14704,71,3
251431,15068,1,2
251431,15395,322,1
251431,1748,322,2
251431,17485,25,1
251431,18674,1,2
251431,22484,72,1
251431,22890,72,2
251431,23860,1053,1
251431,24201,322,4
251431,24246,1050,6
251431,25214,30,2
251431,26047,321,6
251431,2654,1,2
251431,26601,322,4
251431,26601,1,4
251431,2736,71,6
251431,27925,272,4
251431,3004,30,2
251431,3005,30,2
251431,30153,41,1
251431,3020,30,1
251431,3020,321,1
251431,3020,322,2
251431,3022,1,2
251431,3022,14,3
251431,3022,322,2
251431,3023,321,3
251431,3023,30,2
251431,3024,322,4
251431,3024,1,2
251431,3068b,0,1
251431,3069b,322,2
251431,3070b,322,4
251431,32474,15,2
251431,32607,27,2
251431,3262,322,1
251431,32803,0,2
251431,33172,25,1
251431,33183,27,1
251431,33909,322,2
251431,35480,27,1
251431,35480,322,7
251431,3623,322,2
251431,3673,14,4
251431,3713,0,2
251431,37352,322,2
251431,3795,0,1
251431,3942c,25,1
251431,39739,1050,4
251431,4032a,0,2
251431,4081b,272,4
251431,41682,1,2
251431,4519,71,2
251431,47457,322,2
251431,48336,322,1
251431,49307,1050,4
251431,5330pat0001,297,1
251431,5489,30,2
251431,57909b,72,1
251431,58176,41,2
251431,5846,321,4
251431,5846,15,4
251431,59900,15,1
251431,59900,0,2
251431,59900,25,1
251431,60470b,322,2
251431,60474,322,2
251431,60897,14,4
251431,6141,182,3
251431,64567,15,1
251431,65487,0,2
251431,65578,0,1
251431,6636,272,2
251431,66788,27,2
251431,67095,321,2
251431,67696,15,2
251431,67696,1,1
251431,6955,26,1
251431,6957pr0001,30,1
251431,6958,33,2
251431,73825,1,4
251431,77808,14,2
251431,78258,0,2
251431,85861,297,1
251431,87083,72,2
251431,87087,1050,2
251431,89678,72,2
251431,93273,322,1
251431,98138,15,1
251431,98138,1050,3
251431,99207,15,4
251431,99781,1,3
251431,99781,71,1
251432,10110959,9999,1
251432,110049pat0001,45,1
251432,11090,72,2
251432,11090,15,6
251432,11153,1,8
251432,11211,321,3
251432,11212,72,2
251432,11458,71,2
251432,11476,71,1
251432,11476,0,2
251432,11477,35,8
251432,11477,72,2
251432,11477,1062,4
251432,14719,1,2
251432,14769,1,1
251432,15068,1,2
251432,15462,70,2
251432,15535,27,2
251432,15573,15,2
251432,15672,72,6
251432,15712,15,1
251432,18653,72,2
251432,18674,1,1
251432,20482,297,1
251432,20952,15,1
251432,23443,0,8
251432,2357,72,2
251432,2412b,179,2
251432,2420,19,2
251432,2420,71,6
251432,2431,1,3
251432,24316,70,2
251432,25269,1,4
251432,2540,15,2
251432,2540,72,6
251432,26047,0,2
251432,26601,72,2
251432,27256,45,2
251432,27925,1062,4
251432,28192,1,2
251432,2877,71,1
251432,30136,72,1
251432,3020,1062,2
251432,3020,1,3
251432,3020,72,2
251432,3021,72,5
251432,3021,322,2
251432,3021,1,1
251432,3021,0,2
251432,3022,27,2
251432,3022,71,2
251432,3023,1062,2
251432,3023,35,4
251432,3023,0,4
251432,3023,1,4
251432,3032,72,1
251432,3034,19,2
251432,3039,19,1
251432,3062b,27,1
251432,3062b,72,2
251432,3069b,19,4
251432,3069bpr9939,36,1
251432,32000,72,2
251432,32018,72,2
251432,32062,4,5
251432,32064a,19,2
251432,32270,0,2
251432,32803,0,1
251432,32828,71,6
251432,3460,72,2
251432,3484,72,2
251432,35480,27,19
251432,35480,72,2
251432,35787,1,4
251432,35787,1062,4
251432,3666,1062,3
251432,3666,1,1
251432,36840,0,2
251432,36840,72,4
251432,36841,27,6
251432,3700,1,10
251432,3702,71,2
251432,3710,1062,2
251432,3710,321,2
251432,3710,71,2
251432,3710,72,2
251432,3713,71,4
251432,3749,19,2
251432,3795,72,1
251432,3832,72,2
251432,3941,19,1
251432,4032a,1,2
251432,4032a,72,5
251432,41740,1,1
251432,4304,19,2
251432,43093,1,2
251432,44309,35,4
251432,44709,0,1
251432,44728,71,6
251432,44728,0,2
251432,4477,72,1
251432,46189,0,2
251432,4740,45,1
251432,47457,19,1
251432,5274,35,1
251432,5330pat0002,297,1
251432,53451,179,6
251432,54200,1,2
251432,5489,35,4
251432,56145,1062,4
251432,59443,71,2
251432,59900,35,5
251432,6017pr0001,35,1
251432,60897,322,4
251432,60897,27,4
251432,61332,0,8
251432,6141,71,14
251432,6141,35,28
251432,6141,1,2
251432,6180,322,1
251432,65080pat0001,1062,1
251432,65578,0,2
251432,65578,71,1
251432,67095,71,2
251432,6955,26,2
251432,6958,35,2
251432,73109,71,4
251432,73562,72,9
251432,73825,72,4
251432,76766,71,1
251432,77257,10,2
251432,77258,71,2
251432,77808,322,2
251432,77808,27,2
251432,77844,0,2
251432,80324,1062,6
251432,85861,15,5
251432,85984,321,2
251432,85984,1,3
251432,87083,72,4
251432,87747,0,2
251432,93274,72,4
251432,93606,1,2
251432,98138,27,4
251432,98138,15,1
251432,99207,71,8
251432,99563,179,7
251432,99780,72,7
251432,99780,27,2
251433,10110960,9999,1
251433,10247,0,2
251433,110049pat0001,45,1
251433,11090,15,6
251433,11090,0,2
251433,11153,0,1
251433,11153,15,3
251433,11211,19,4
251433,11214,72,6
251433,11215,15,1
251433,11476,4,2
251433,11477,15,2
251433,11477,1062,8
251433,11477,0,2
251433,13971,1062,4
251433,14417,72,1
251433,14704,71,3
251433,15068,0,4
251433,15068,4,6
251433,15068,15,8
251433,15535,71,2
251433,15573,0,2
251433,15573,15,1
251433,15672,15,2
251433,1686pr0001,15,1
251433,1750,15,1
251433,18649,4,1
251433,18674,72,5
251433,18980,4,2
251433,22385,0,6
251433,22385,47,2
251433,22889,72,2
251433,22890,72,1
251433,23443,0,8
251433,2357,4,2
251433,2357,15,2
251433,2412b,0,1
251433,2412b,4,2
251433,2420,15,2
251433,2420,4,2
251433,2420,72,2
251433,24201,15,2
251433,2457,0,4
251433,25269,15,2
251433,2540,4,4
251433,26047,71,4
251433,2639,15,2
251433,2654,33,4
251433,26601,15,2
251433,26603,4,2
251433,2723,0,4
251433,27257,36,5
251433,27925,4,2
251433,28192,4,6
251433,28192,0,2
251433,28326,72,1
251433,28802,15,4
251433,29119,71,2
251433,29119,4,4
251433,29119,15,7
251433,29120,15,7
251433,29120,71,2
251433,29120,4,4
251433,3002,71,1
251433,3003,27,3
251433,3003,15,1
251433,3005,4,6
251433,3010,15,2
251433,3010,0,2
251433,30136,15,2
251433,30136,72,7
251433,3020,4,2
251433,3020,71,4
251433,3020,1062,6
251433,3021,15,12
251433,3021,0,4
251433,3021,72,2
251433,3022,322,20
251433,3022,27,2
251433,3022,72,5
251433,3022,14,1
251433,3023,14,3
251433,3023,1062,3
251433,3023,15,4
251433,3023,45,3
251433,3023,27,2
251433,3023,322,16
251433,3023,71,23
251433,3024,0,4
251433,3031,15,1
251433,3032,0,1
251433,30357,4,2
251433,30374,4,2
251433,30374,0,1
251433,3039,72,1
251433,30602,47,4
251433,30602,0,2
251433,30602,4,4
251433,3069bpr9939,36,1
251433,3070b,4,2
251433,3176,71,2
251433,32000,4,2
251433,32000,72,2
251433,32001,0,2
251433,32028,14,1
251433,32062,4,1
251433,32064a,0,4
251433,32064a,19,1
251433,32064a,15,2
251433,32123b,14,2
251433,32291,72,2
251433,32324,71,1
251433,32802,72,2
251433,32803,0,7
251433,32803,4,4
251433,32828,71,6
251433,33909,72,6
251433,33909,15,3
251433,34103,0,2
251433,3484,72,5
251433,35186,0,3
251433,3524pr0006,0,1
251433,35480,72,11
251433,35787,15,2
251433,3666,0,1
251433,36840,71,10
251433,36841,19,2
251433,36841,0,8
251433,3700,71,7
251433,3700,1,2
251433,3701,0,6
251433,3705,0,1
251433,3710,0,13
251433,3713,4,6
251433,37352,15,2
251433,37352,4,2
251433,3795,0,5
251433,3894,0,2
251433,4032a,71,8
251433,4032a,27,2
251433,4032a,322,2
251433,4070,0,4
251433,41740,72,4
251433,42610,71,4
251433,4274,15,2
251433,42924,1,1
251433,4304,15,1
251433,4304,0,12
251433,43093,1,4
251433,44309,0,4
251433,44728,4,14
251433,44728,0,2
251433,44861,4,2
251433,45677,15,2
251433,46189,0,2
251433,47455,72,6
251433,47457,0,1
251433,47458,71,1
251433,48169,72,2
251433,48171,72,2
251433,48336,71,5
251433,4865b,0,2
251433,49668,179,2
251433,5091,15,2
251433,5092,15,2
251433,52107,4,1
251433,52107,15,3
251433,5330pat0001,297,1
251433,53451,179,4
251433,53454,36,1
251433,5414,0,1
251433,5415,0,1
251433,54200,15,2
251433,55013,72,2
251433,56145,1062,4
251433,57909b,72,2
251433,59426,72,2
251433,59900,33,1
251433,59900,72,2
251433,59900,0,2
251433,6017pr0001,35,1
251433,60219,0,1
251433,60470b,0,2
251433,60470b,15,6
251433,60475b,14,2
251433,60478,15,1
251433,60593,15,1
251433,60897,27,4
251433,60897,322,6
251433,60897,14,4
251433,61072,179,4
251433,6117,72,1
251433,61332,0,12
251433,61409,4,4
251433,61409,15,3
251433,6141,33,8
251433,6141,179,25
251433,6141,45,6
251433,6215,15,2
251433,6215,71,1
251433,62462,71,2
251433,64567,0,5
251433,65184,1061,1
251433,65426,0,1
251433,65426,15,2
251433,65429,0,1
251433,65429,15,2
251433,65578,0,2
251433,66857,4,2
251433,66956,71,2
251433,67095,4,1
251433,67696,15,2
251433,6955,322,2
251433,6958,33,2
251433,69754,1103,6
251433,69755,72,6
251433,73109,71,2
251433,73109,15,4
251433,73230,71,2
251433,73562,71,2
251433,73562,0,4
251433,73825,72,22
251433,76959,15,2
251433,77808,0,1
251433,77808,14,3
251433,77808,322,10
251433,77808,27,3
251433,77844,0,6
251433,77850,71,1
251433,78256,322,8
251433,78257,15,1
251433,79389,71,6
251433,79389,0,6
251433,79491,0,2
251433,79505,0,2
251433,79846,72,2
251433,80177,0,3
251433,80177,15,1
251433,80178,15,1
251433,80178,0,3
251433,80324,1062,4
251433,80563,72,2
251433,81911,45,1
251433,85861,4,3
251433,85861,15,7
251433,85984,72,1
251433,85984,4,3
251433,87079,15,2
251433,87083,72,2
251433,87747,0,2
251433,87994,0,1
251433,93273,15,2
251433,93273,0,2
251433,93273,4,2
251433,93604,0,1
251433,93604,4,6
251433,93606,15,7
251433,96874,25,1
251433,98138,36,2
251433,98834,4,1
251433,98835,15,2
251433,99207,15,28
251433,99563,15,4
251433,99563,179,18
251433,99563,4,6
251433,99563,0,2
251433,99780,4,4
251433,99780,0,17
251433,99781,15,6
251434,11476,4,2
251434,14769,297,1
251434,15672,4,4
251434,15712,320,2
251434,1979,72,1
251434,21459,297,2
251434,32324,0,1
251434,35480,70,3
251434,3710,4,2
251434,3957b,47,1
251434,4032a,4,2
251434,43898,47,1
251434,5435,182,2
251434,5436,4,1
251434,55013,72,1
251434,5978,320,1
251434,5984,320,2
251434,60752,179,1
251434,6141,297,6
251434,6636,4,2
251434,68568,4,4
251434,77850,0,2
251434,87079,4,1
251435,11476,15,2
251435,14769,297,1
251435,15672,272,4
251435,15712,320,2
251435,1979,72,1
251435,21459,297,2
251435,32324,0,1
251435,35480,15,2
251435,35480,70,1
251435,3710,15,2
251435,3957b,47,1
251435,4032a,15,2
251435,43898,47,1
251435,5435,45,2
251435,5436,15,1
251435,55013,72,1
251435,5978,320,1
251435,5984,320,2
251435,60752,179,1
251435,6141,297,6
251435,6636,1050,2
251435,68568,272,4
251435,77850,71,2
251435,87079,272,1
251436,11211,4,1
251436,11253,297,2
251436,11458,72,2
251436,11476,71,4
251436,14769,297,4
251436,15207,0,4
251436,15672,191,4
251436,15672,85,4
251436,1979,72,2
251436,21459,297,1
251436,22388,45,3
251436,2445,19,1
251436,26603pr0097,4,1
251436,3003,4,3
251436,3003,70,3
251436,30136,70,5
251436,30145,70,3
251436,3020,272,1
251436,3022,70,5
251436,30237b,0,4
251436,3031,19,2
251436,3034,272,3
251436,3043,0,2
251436,3172,4,2
251436,32324,0,2
251436,3298,72,4
251436,35480,4,3
251436,35480,0,4
251436,3660,4,2
251436,3673,14,2
251436,3710,85,2
251436,3710,191,2
251436,3960,297,1
251436,4032a,191,2
251436,4032a,85,2
251436,43093,1,1
251436,4590,72,2
251436,4740,0,2
251436,4865b,4,4
251436,54200,182,2
251436,5435,46,2
251436,5435,36,2
251436,5435,297,2
251436,5436,1103,2
251436,55013,72,2
251436,6141,297,12
251436,6141,46,1
251436,64644,297,2
251436,6636,191,2
251436,6636,85,2
251436,68568,191,4
251436,68568,85,4
251436,70681,0,4
251436,73109,71,1
251436,77850,71,4
251436,85984,272,2
251436,85984,72,10
251436,87079,85,1
251436,87079,191,1
251436,87580,4,4
251436,87747,0,6
251436,92690,297,1
251436,93247,179,1
251436,98139,297,1
251436,99207,0,2
251437,11476,0,2
251437,11477,272,1
251437,11477,41,2
251437,14417,72,2
251437,14704,71,8
251437,14769pr9963,297,1
251437,15456,71,2
251437,15573,272,1
251437,15573,297,1
251437,1750,0,2
251437,21459,1055,1
251437,22890,72,2
251437,2419,15,1
251437,28192,15,2
251437,3021,322,2
251437,3021,0,2
251437,3022,272,2
251437,3023,41,3
251437,3039,0,2
251437,3170,0,1
251437,32607,297,2
251437,32803,71,1
251437,35480,15,6
251437,4190,41,2
251437,47456,322,2
251437,47456,0,2
251437,49668,15,2
251437,60478,15,2
251437,60897,70,2
251437,61072,179,1
251437,61332,0,1
251437,65578,0,2
251437,66909,378,2
251437,66909,297,2
251437,73109,71,1
251437,85984,0,2
251437,87747,0,2
251437,93058b,297,2
251437,93604,15,1
251437,98137,297,2
251437,98876,72,1
251439,10110231,9999,1
251439,11214,72,4
251439,11477,27,1
251439,11478,15,4
251439,11946,27,1
251439,11947,27,1
251439,12799,72,1
251439,15573,2,1
251439,15672,27,4
251439,18677,0,2
251439,21459,297,2
251439,2149,35,2
251439,22961,71,2
251439,2412b,72,2
251439,2654,72,4
251439,2723,0,4
251439,27263,0,2
251439,28802,72,1
251439,29119,288,1
251439,29120,288,1
251439,3003,72,1
251439,3020,27,1
251439,3021,2,1
251439,3022,0,1
251439,3023,27,2
251439,3023,2,2
251439,3023,41,1
251439,3034,191,1
251439,3034,2,1
251439,30414,72,2
251439,32002,19,4
251439,32028,0,1
251439,32062,4,2
251439,32073,71,1
251439,32324,71,1
251439,32526,71,2
251439,32530,0,2
251439,32531,0,1
251439,35480,71,5
251439,3659,19,1
251439,3708,0,2
251439,3713,71,4
251439,3829c01,71,1
251439,3894,0,1
251439,3895,0,1
251439,42003,0,2
251439,42716,27,4
251439,42924,1,6
251439,4304,72,4
251439,43093,1,4
251439,43719,27,1
251439,43722,27,2
251439,43723,27,2
251439,44309,0,2
251439,4519,14,1
251439,4586,2,4
251439,46189,70,4
251439,4740,4,2
251439,47458,297,1
251439,5310,297,2
251439,55978,0,2
251439,59900,297,4
251439,60483,27,3
251439,60752,179,1
251439,6126b,182,2
251439,61332,0,12
251439,6141,71,1
251439,62462,71,2
251439,64799,72,1
251439,70681,288,2
251439,73230,72,2
251439,76919,297,2
251439,78666,2,2
251439,79987,72,1
251439,85943,0,2
251439,85984,191,1
251439,87079,2,1
251439,93606,2,3
251439,99563,288,2
251440,11090,0,1
251440,11211,70,2
251440,11301,272,1
251440,14417,72,5
251440,14418,71,2
251440,14419,72,2
251440,14704,71,4
251440,15068,288,3
251440,15573,288,6
251440,18041,179,1
251440,21459,297,1
251440,22385,2,4
251440,25111,297,2
251440,2540,297,1
251440,26603pr0097,4,1
251440,28192,70,2
251440,3021,70,1
251440,3022,2,2
251440,3022,272,5
251440,3023,70,1
251440,3023,272,4
251440,3034,288,1
251440,30383,72,4
251440,30414,0,2
251440,3171,297,6
251440,3215pr0003,191,1
251440,33909,70,1
251440,3623,272,2
251440,43093,1,4
251440,44301b,72,2
251440,4697b,297,2
251440,47759,2,2
251440,4921pr0003,288,1
251440,50340,0,2
251440,50950,2,2
251440,51739,2,2
251440,53451,297,3
251440,53454,179,2
251440,54200,35,6
251440,57360,70,4
251440,5973,288,2
251440,60470b,4,1
251440,60470b,2,2
251440,61252,297,2
251440,63868,0,2
251440,66906,0,1
251440,66909,72,1
251440,87087,2,2
251440,87618,0,1
251440,88704,297,2
251440,92690,297,2
251441,10110235,9999,1
251441,11455,0,2
251441,13547,4,4
251441,13731,0,2
251441,14417,72,6
251441,14704,71,6
251441,14769,71,1
251441,15068,191,2
251441,15068,4,4
251441,15068,0,2
251441,15303,36,4
251441,15400,72,2
251441,15571,0,2
251441,15571,72,2
251441,15672,19,2
251441,15712,320,2
251441,18674,72,2
251441,20482,71,6
251441,21459,1055,2
251441,21459,297,2
251441,22385,4,2
251441,2412b,297,10
251441,26603,191,1
251441,27262,47,1
251441,2752,0,2
251441,27940,72,2
251441,2817,0,2
251441,28192,4,2
251441,3001,19,1
251441,3002,0,1
251441,30136,15,1
251441,3020,0,1
251441,3020,27,2
251441,3021,15,2
251441,3021,71,1
251441,3022,0,1
251441,3022,191,3
251441,30236,71,1
251441,3034,4,3
251441,3039,0,3
251441,3049d,72,2
251441,30503,4,2
251441,3171,0,6
251441,32013,0,2
251441,32016,72,2
251441,32034,70,1
251441,32062,4,4
251441,32316,0,2
251441,32523,15,2
251441,32802,0,1
251441,35480,0,1
251441,35480,19,10
251441,35787,191,2
251441,3673,14,2
251441,36840,70,2
251441,36841,15,2
251441,3701,0,1
251441,3705,0,1
251441,3709,15,2
251441,3749,19,4
251441,3795,191,3
251441,3894,71,2
251441,3895,4,2
251441,4032a,15,2
251441,4274,15,4
251441,42924,1,2
251441,4304,71,2
251441,43712,4,2
251441,44225,71,2
251441,44861,0,10
251441,46667,0,2
251441,4740,182,2
251441,47456,0,4
251441,47456,297,1
251441,47457,4,2
251441,47457,297,2
251441,48336,0,2
251441,4865b,0,2
251441,4871,0,1
251441,50949,0,1
251441,54200,41,2
251441,5652,72,1
251441,5974pat0002,182,1
251441,5978,320,1
251441,5984,320,2
251441,59900,297,4
251441,60470b,15,2
251441,60478,71,2
251441,60592,0,1
251441,60752,179,1
251441,61072,179,1
251441,61332,0,25
251441,61409,0,2
251441,6141,297,4
251441,61800,297,2
251441,63868,4,2
251441,64225,4,2
251441,64391,4,1
251441,64683,4,1
251441,64712,297,2
251441,65138,0,2
251441,65304,71,4
251441,65426,4,4
251441,65429,4,4
251441,69729,4,2
251441,70681,191,2
251441,73109,1,1
251441,73230,0,4
251441,73825,191,2
251441,76959,0,2
251441,78666,4,2
251441,79180,0,1
251441,79846,72,4
251441,79896,4,1
251441,91988,0,1
251441,92832,4,2
251441,92847,4,2
251441,93274,0,4
251441,98100,71,2
251441,98138,41,2
251441,98139,297,2
251441,98834,4,2
251441,99207,4,4
251441,99563,191,3
251442,10172,297,1
251442,11156,297,2
251442,11458,0,2
251442,11477,72,5
251442,15573,0,2
251442,15626pr0015,15,1
251442,22888,71,1
251442,22888,322,1
251442,23986,378,1
251442,2417,29,1
251442,2431,10,2
251442,2450,71,2
251442,2454b,15,2
251442,24866,15,3
251442,25111,297,2
251442,2628,72,4
251442,2821,84,1
251442,3003,4,5
251442,3008,0,2
251442,30137,70,2
251442,3020,71,4
251442,3022,0,1
251442,3023,15,2
251442,30237b,0,4
251442,3034,4,3
251442,30374,71,1
251442,3039,72,2
251442,3062b,15,1
251442,3069bpr9989,15,1
251442,32014,4,2
251442,3215pr0001,379,1
251442,33320,2,1
251442,33909,70,2
251442,35442,0,2
251442,35480,70,1
251442,3623,19,2
251442,3666,19,1
251442,3679,71,2
251442,3680,15,2
251442,3710,4,2
251442,3710,0,5
251442,38014,15,1
251442,3960,297,1
251442,40379,70,1
251442,41539,28,2
251442,4162,28,1
251442,4162,0,2
251442,41740,28,3
251442,41835,321,1
251442,57895pr0021,47,2
251442,60596,70,2
251442,61332,0,2
251442,63965,70,3
251442,70681,288,10
251442,70681,4,2
251442,73682,288,8
251442,75904,71,1
251442,76959,0,2
251442,78594,15,4
251442,87079,0,1
251442,87079,84,1
251442,87079,4,2
251442,87580,4,3
251442,92947,4,1
251442,98138pr0018,84,1
251442,98283,72,2
251442,99207,4,1
251443,10110287,9999,1
251443,10247,71,2
251443,11153,272,4
251443,11211,71,2
251443,11212,0,2
251443,11253,297,2
251443,11476,71,2
251443,11477,85,4
251443,13547,72,4
251443,14769pr9963,297,2
251443,15068,272,10
251443,15068,191,14
251443,15207,191,2
251443,15303,35,3
251443,15400,72,2
251443,15573,28,1
251443,15573,297,1
251443,15672,72,2
251443,15706,0,2
251443,15712,320,4
251443,18649,0,1
251443,18651,0,2
251443,18677,71,4
251443,1927,0,2
251443,1927,71,2
251443,20482,4,2
251443,21459,1055,1
251443,21459,297,5
251443,22385,191,4
251443,22385,272,2
251443,22388,191,2
251443,22391,191,4
251443,22889,72,1
251443,2310,272,4
251443,23443,297,4
251443,2412b,297,4
251443,2420,19,2
251443,2420,72,4
251443,2420,2,2
251443,2420,4,6
251443,24246,191,2
251443,2432,0,2
251443,2432,19,3
251443,2445,19,1
251443,2456,71,1
251443,25269,272,2
251443,25269,0,2
251443,25269,191,2
251443,2540,71,1
251443,26601,191,4
251443,26601,0,2
251443,26603,272,2
251443,2752,72,2
251443,2752,0,1
251443,28192,19,2
251443,28192,0,2
251443,29119,272,1
251443,29120,272,1
251443,298c02,71,1
251443,3001,27,1
251443,3010,19,1
251443,30136,72,4
251443,30153,46,1
251443,3020,71,4
251443,3020,72,2
251443,3020,0,2
251443,3020,19,3
251443,3021,72,11
251443,3021,4,2
251443,3021,19,2
251443,3021,0,2
251443,3022,322,2
251443,3022,85,3
251443,3023,41,2
251443,3024,191,2
251443,3030,72,2
251443,3032,0,2
251443,3033,72,1
251443,3034,72,1
251443,3034,71,2
251443,3039,19,2
251443,3039,0,2
251443,3040b,191,2
251443,3043,0,1
251443,3049d,0,1
251443,3049d,191,2
251443,30503,0,4
251443,30503,71,2
251443,30503,272,4
251443,3062b,4,4
251443,3062b,0,2
251443,3069b,191,2
251443,3069b,272,2
251443,32015,0,2
251443,32064a,0,2
251443,3298,191,4
251443,3384,1095,1
251443,3386,71,2
251443,33909,19,1
251443,33909,272,1
251443,3484,0,1
251443,35186,0,1
251443,35480,71,9
251443,35480,72,4
251443,35480,15,7
251443,35480,0,4
251443,35787,191,2
251443,3622,72,2
251443,3623,191,4
251443,3659,191,1
251443,3665,0,2
251443,3673,71,1
251443,36841,71,2
251443,3701,15,1
251443,3710,272,1
251443,3710,191,2
251443,3710,19,9
251443,3710,0,1
251443,3795,0,2
251443,3795,71,2
251443,3795,19,1
251443,3832,0,2
251443,3941,0,2
251443,4032a,4,8
251443,4070,19,2
251443,41769,0,3
251443,41770,0,3
251443,4286,0,2
251443,4287c,72,2
251443,4304,71,2
251443,4304,378,2
251443,43093,1,6
251443,43708,191,2
251443,43713,72,2
251443,43722,191,2
251443,43723,191,2
251443,43898,41,2
251443,4477,0,3
251443,44861,0,2
251443,47456,0,2
251443,47458,0,1
251443,47753,191,1
251443,48205,272,1
251443,48208,272,1
251443,48336,71,2
251443,4865b,41,1
251443,4921pr0004,0,1
251443,54200,182,2
251443,54200,85,1
251443,54200,41,6
251443,54383,0,4
251443,54384,0,4
251443,54657,72,4
251443,56145,191,2
251443,5974pat0001,45,2
251443,5978,320,2
251443,5984,320,4
251443,59900,52,1
251443,59900,15,2
251443,60752,179,1
251443,60897,0,2
251443,61332,0,1
251443,6141,4,2
251443,6141,41,6
251443,6141,297,8
251443,63864,191,4
251443,63864,72,2
251443,64644,297,1
251443,72132,71,2
251443,72454,72,2
251443,73109,71,6
251443,73109,0,1
251443,73562,0,1
251443,76919,297,4
251443,77808,297,2
251443,77844,15,2
251443,77850,28,2
251443,77850,0,2
251443,78256,71,4
251443,85861,71,1
251443,85984,191,2
251443,85984,72,3
251443,87079,272,5
251443,87083,72,1
251443,87552,71,1
251443,91988,72,2
251443,92579,1095,1
251443,92582,71,4
251443,92690,297,1
251443,93273,0,4
251443,96874,25,1
251443,98137,297,2
251443,98138,41,2
251443,98341,297,2
251443,99563,85,2
251443,99781,0,2
251444,10110234,9999,1
251444,11090,297,2
251444,11153,4,4
251444,11203,4,2
251444,11211,272,2
251444,11211,71,3
251444,11476,15,1
251444,11477,71,2
251444,11477,4,4
251444,11477,272,4
251444,14417,72,12
251444,14418,71,8
251444,14419,72,1
251444,14704,71,14
251444,14719,0,2
251444,14769,297,1
251444,14769pr9963,297,1
251444,15068,0,2
251444,15068,272,8
251444,15068,379,6
251444,15068,71,5
251444,15068,19,2
251444,15068,15,10
251444,15068,4,6
251444,15209,15,4
251444,15462,70,4
251444,15672,4,2
251444,15672,272,2
251444,15672,379,2
251444,15712,320,2
251444,1748,71,4
251444,17485pr0017,15,1
251444,18041,179,1
251444,18651,0,1
251444,18674,15,1
251444,18674,71,4
251444,1927,15,2
251444,21459,179,1
251444,21459,1055,1
251444,21459,297,3
251444,21849,272,2
251444,22385,272,2
251444,22385,4,2
251444,22385,15,6
251444,22385,0,4
251444,22885,4,2
251444,22890,72,8
251444,2357,19,2
251444,23969,0,2
251444,23969,72,6
251444,2412b,0,7
251444,2412b,4,3
251444,2420,14,2
251444,24299,15,2
251444,24307,15,2
251444,24309,272,1
251444,2431,272,6
251444,2450,15,4
251444,2450,72,6
251444,25111,297,1
251444,25269,15,2
251444,25269,379,6
251444,25269,4,2
251444,2540,15,2
251444,26047,71,2
251444,2654,15,1
251444,2654,41,6
251444,2654,71,2
251444,26601,272,12
251444,26601,4,8
251444,26601,15,4
251444,26601,71,4
251444,26603,72,2
251444,27262,47,1
251444,27263,0,4
251444,27263,379,2
251444,27263,272,4
251444,27263,15,2
251444,27263,71,4
251444,27263,4,4
251444,28192,272,2
251444,28192,4,2
251444,28192,297,4
251444,28192,0,2
251444,2877,0,2
251444,29119,272,1
251444,29119,15,2
251444,29120,272,1
251444,29120,15,2
251444,3001,71,1
251444,3003,71,1
251444,3004,272,1
251444,3004,4,2
251444,3010,272,2
251444,3010,71,4
251444,30136,71,4
251444,30136,72,2
251444,30166,71,1
251444,3020,71,2
251444,3020,72,5
251444,3020,28,2
251444,3020,0,7
251444,3020,15,5
251444,3020,322,9
251444,3021,71,10
251444,3021,4,2
251444,3021,0,6
251444,3021,272,12
251444,3022,19,1
251444,3022,272,6
251444,3022,379,2
251444,3022,72,2
251444,3022,0,2
251444,3023,41,35
251444,3023,28,1
251444,3023,379,5
251444,3023,4,10
251444,3024,379,6
251444,3034,72,1
251444,3039,4,2
251444,3039,19,1
251444,3062b,15,2
251444,3065,41,4
251444,3068b,4,1
251444,3068b,272,3
251444,3069b,41,2
251444,3069b,19,1
251444,3069b,15,4
251444,3070b,0,2
251444,3171,297,2
251444,32000,0,4
251444,32000,72,2
251444,32028,297,1
251444,32062,4,4
251444,32064a,0,2
251444,32064a,28,6
251444,32123b,71,8
251444,32124,0,2
251444,32523,0,2
251444,32557,0,2
251444,32803,272,2
251444,32803,4,2
251444,32828,71,2
251444,32952,71,2
251444,33909,71,1
251444,33909,0,20
251444,35044,71,4
251444,35480,71,17
251444,35480,272,1
251444,35787,0,8
251444,3622,72,2
251444,3623,272,2
251444,3623,15,2
251444,3623,19,2
251444,3623,0,6
251444,3660,4,2
251444,3666,272,3
251444,36840,19,4
251444,3700,0,4
251444,3701,71,2
251444,3702,0,2
251444,3706,4,1
251444,3710,379,1
251444,3710,4,4
251444,3710,15,9
251444,3713,0,4
251444,37352,71,1
251444,3795,71,14
251444,3894,71,2
251444,3941,0,2
251444,3941,19,6
251444,4032a,72,2
251444,4032a,71,5
251444,4032a,15,14
251444,4032a,322,1
251444,4032a,27,3
251444,4081b,71,2
251444,4081b,272,2
251444,41677,71,1
251444,41682,72,2
251444,41740,71,2
251444,42135,0,4
251444,4286,72,2
251444,42924,1,2
251444,4304,0,4
251444,43093,1,12
251444,43712,4,2
251444,43719,4,2
251444,43722,191,2
251444,43723,191,2
251444,43898,41,1
251444,44224,72,4
251444,44225,71,2
251444,44301b,0,2
251444,44728,272,7
251444,44728,15,2
251444,44728,0,4
251444,44861,84,1
251444,44861,15,2
251444,4519,71,2
251444,4519,14,2
251444,45590,0,2
251444,4740,15,1
251444,47455,72,8
251444,47457,297,2
251444,47457,15,1
251444,47458,15,1
251444,47458,297,2
251444,48336,297,1
251444,4921pr0001,379,1
251444,50923,72,4
251444,5093,15,1
251444,5095,15,1
251444,51739,272,2
251444,53451,0,1
251444,53454,179,2
251444,53540,71,2
251444,53585,0,4
251444,54200,15,4
251444,54200,71,2
251444,54200,379,6
251444,54657,0,2
251444,55976,0,4
251444,56145,297,5
251444,59426,72,2
251444,5973,379,2
251444,5978,320,1
251444,5984,320,2
251444,59900,297,4
251444,59900,41,2
251444,60470b,71,1
251444,60470b,0,2
251444,60477,0,2
251444,60483,71,2
251444,60592,15,2
251444,60752,179,1
251444,61252,297,2
251444,61332,0,16
251444,61409,4,4
251444,6141,297,33
251444,61800,297,2
251444,63864,4,6
251444,63868,15,2
251444,6541,14,2
251444,6553,0,2
251444,6587,28,1
251444,66906,0,1
251444,66909,378,1
251444,66909,72,1
251444,67696,15,2
251444,67696,0,6
251444,69754,297,2
251444,69755,72,2
251444,73109,71,2
251444,73230,71,2
251444,73230,15,4
251444,73562,71,1
251444,73825,71,2
251444,76959,0,2
251444,76959,71,4
251444,77808,297,1
251444,77844,15,4
251444,78256,71,2
251444,79180,0,1
251444,79389,71,6
251444,79389,15,4
251444,79389,19,2
251444,79491,72,2
251444,79505,0,4
251444,79897,272,2
251444,79897,15,2
251444,79897,297,1
251444,80324,15,2
251444,80563,72,2
251444,85861,72,4
251444,85861,41,2
251444,85861,0,1
251444,85943,72,4
251444,85984,0,10
251444,85984,72,2
251444,85984,272,2
251444,85984,15,1
251444,87079,272,4
251444,87606,272,2
251444,87747,15,2
251444,88072,0,1
251444,92690,1103,1
251444,92692,0,2
251444,93273,272,2
251444,93273,4,6
251444,93274,71,2
251444,93274,0,4
251444,93274,4,8
251444,93274,15,2
251444,96874,25,1
251444,98137,297,3
251444,98138,41,4
251444,98138,47,6
251444,98138,72,12
251444,98313,297,6
251444,99207,272,4
251444,99207,15,2
251444,99207,72,34
251444,99563,179,2
251444,99563,71,2
251444,99563,15,2
251444,99563,4,2
251444,99563,297,21
251444,99780,15,16
251444,99780,272,4
251444,99780,72,4
251444,99780,4,8
251444,99781,15,4
251444,99781,72,2
251445,10110285,15,1
251445,11090,378,6
251445,11213,0,1
251445,11477,71,2
251445,11477,85,2
251445,14769,70,1
251445,15208,179,1
251445,15533,72,1
251445,15571,71,2
251445,15573,0,1
251445,15706,0,4
251445,15712,320,4
251445,16577,72,1
251445,16770,71,2
251445,18041,179,1
251445,18674,0,1
251445,21459,1055,1
251445,21459,297,4
251445,22388,71,2
251445,2310,28,3
251445,2420,85,8
251445,2423,378,2
251445,24299,71,2
251445,24307,71,2
251445,2454b,4,2
251445,2456,72,2
251445,26047,378,2
251445,2630,0,1
251445,2654,19,1
251445,26603,0,2
251445,27256,41,2
251445,27925,85,2
251445,28192,4,2
251445,28192,71,1
251445,29109,179,2
251445,29119,4,1
251445,29120,4,1
251445,3008,72,1
251445,30136,0,1
251445,3022,72,1
251445,3023,28,2
251445,3034,70,1
251445,3034,0,1
251445,3036,0,1
251445,30414,19,1
251445,3062b,72,5
251445,3062b,0,1
251445,3069b,85,3
251445,32000,19,2
251445,32474,4,1
251445,32828,19,3
251445,33909,71,1
251445,3484,71,2
251445,35480,4,5
251445,36017,0,2
251445,3623,72,4
251445,3665,72,4
251445,3666,4,1
251445,3666,0,1
251445,3701,71,2
251445,3713,4,1
251445,3737,0,1
251445,37776,1103,3
251445,3942c,4,1
251445,4032a,4,3
251445,4070,28,4
251445,4590,72,2
251445,4697b,71,1
251445,47847,72,2
251445,48267,0,1
251445,53451,0,2
251445,53454,179,2
251445,53540,72,2
251445,54200,36,2
251445,54383,0,1
251445,54383,72,1
251445,54384,0,1
251445,54384,72,1
251445,55236,70,4
251445,5712,0,1
251445,5974pat0001,45,2
251445,5975,320,1
251445,5978,320,2
251445,5984,320,4
251445,59900,36,3
251445,60470b,0,1
251445,60475b,0,8
251445,60481,72,4
251445,60596,0,1
251445,60752,179,2
251445,61252,0,1
251445,63965,70,6
251445,65426,71,1
251445,65429,71,1
251445,65578,0,1
251445,66909,72,1
251445,66909,378,3
251445,66956,71,1
251445,68211,0,2
251445,70681,0,3
251445,73230,72,2
251445,75937,378,2
251445,77850,71,2
251445,80497,0,1
251445,85861,15,7
251445,85861,71,3
251445,85861,0,5
251445,86996,19,6
251445,87747,19,2
251445,87747,0,8
251445,87994,70,2
251445,88323,0,3
251445,93273,71,1
251445,98283,72,5
251445,98313,1103,8
251445,99207,0,2
251446,10111169,9999,1
251446,11153,320,1
251446,11211,0,2
251446,11477,320,2
251446,11477,15,2
251446,13731,320,2
251446,13731,15,2
251446,14704,71,2
251446,15303,35,3
251446,15400,72,2
251446,15573,0,2
251446,15573,1,1
251446,15672,15,8
251446,1745,15,4
251446,18646,320,2
251446,18651,0,6
251446,18654,0,2
251446,18674,0,2
251446,18677,71,12
251446,20482,0,2
251446,22385,15,2
251446,22484,72,2
251446,2310,0,8
251446,2357,71,2
251446,2412b,179,2
251446,2419,15,2
251446,2420,19,4
251446,2431,320,2
251446,2432,19,3
251446,2445,71,2
251446,2654,71,10
251446,26603,15,6
251446,2752,15,1
251446,27940,72,2
251446,28192,71,2
251446,28192,19,2
251446,3002,19,2
251446,3003,15,2
251446,3004,15,4
251446,3005,15,4
251446,3008,15,2
251446,3020,71,2
251446,3021,0,2
251446,3022,15,1
251446,3022,71,3
251446,3022,72,2
251446,3023,29,1
251446,3023,15,9
251446,3024,15,1
251446,3032,320,1
251446,3034,15,6
251446,3035,71,2
251446,3037,15,2
251446,3039,15,2
251446,3039pr0027,15,1
251446,3068b,72,1
251446,3068b,15,8
251446,3068b,71,1
251446,3069b,19,1
251446,3069b,320,2
251446,3070b,320,2
251446,3070b,27,2
251446,3070b,15,2
251446,32059,320,1
251446,32062,4,6
251446,32064a,19,3
251446,32073,71,2
251446,32123b,14,4
251446,32278,72,2
251446,32524,71,2
251446,33909,0,1
251446,34103,14,1
251446,34103,15,2
251446,3460,15,2
251446,3460,320,2
251446,35186,0,2
251446,3544,15,4
251446,3545,15,4
251446,35480,27,1
251446,35480,320,5
251446,3623,19,6
251446,3623,0,2
251446,3665,15,4
251446,3665,72,2
251446,3666,320,1
251446,3673,71,2
251446,36840,320,1
251446,36841,15,1
251446,3706,4,3
251446,3710,15,9
251446,3710,71,2
251446,37352,15,2
251446,3749,19,5
251446,3795,15,7
251446,3832,15,2
251446,3894,71,2
251446,4032a,72,8
251446,41531,71,2
251446,41531,1103,2
251446,41740,71,2
251446,41764,15,1
251446,41765,15,1
251446,41769,320,1
251446,41770,320,1
251446,42023,15,2
251446,42135,0,4
251446,42195,71,2
251446,42924,1,4
251446,4304,72,2
251446,43093,1,8
251446,43710,15,1
251446,43711,15,1
251446,43720,15,1
251446,43721,15,1
251446,43722,15,2
251446,43723,15,2
251446,4477,15,1
251446,44861,72,4
251446,44874,4,1
251446,4740,45,2
251446,52107,71,3
251446,54200,33,2
251446,54200,19,2
251446,54383,15,1
251446,54384,15,1
251446,55981,15,2
251446,5907,15,2
251446,59900,308,2
251446,60470b,71,1
251446,60483,27,4
251446,6112,15,2
251446,6112,19,2
251446,61332,0,23
251446,6141,4,2
251446,6141,0,2
251446,6141,45,2
251446,6179,71,2
251446,63965,0,2
251446,65304,0,2
251446,6541,0,4
251446,6564,15,1
251446,6565,15,1
251446,6636,320,2
251446,6636,15,2
251446,66909,0,2
251446,67095pr0034,15,4
251446,68325,320,2
251446,68327,15,2
251446,69729,15,1
251446,7229,15,4
251446,73230,71,12
251446,73507,0,2
251446,73831,71,4
251446,76959,71,2
251446,78258,70,2
251446,78329,71,1
251446,78443,15,1
251446,78444,15,1
251446,85984,19,2
251446,85984pr0006,72,1
251446,87079,320,4
251446,89678,4,2
251446,91988,19,1
251446,92279,1095,3
251446,92738,0,3
251446,92950,15,2
251446,93095,19,1
251446,93555,179,2
251446,96874,25,1
251446,98138,0,2
251446,98585,0,4
251446,98585,71,4
251446,99207,71,7
251446,99563,71,1
251446,99780,72,1
251447,11153,320,2
251447,11211,72,2
251447,11458,0,2
251447,11477,0,2
251447,11477,72,2
251447,13731,320,2
251447,15207,72,1
251447,15571,297,1
251447,15672,320,2
251447,15672,4,2
251447,18977,0,4
251447,21849,1053,1
251447,2412b,71,2
251447,2412b,320,4
251447,2420,71,4
251447,2420,4,6
251447,2431,320,2
251447,2432,19,1
251447,2654,1053,1
251447,26604,0,2
251447,27262,0,3
251447,27262,52,1
251447,27263,320,2
251447,28192,0,2
251447,28192,297,6
251447,28324,0,1
251447,29119,0,1
251447,29119,320,1
251447,29120,320,1
251447,29120,0,1
251447,3001,4,2
251447,3001,19,1
251447,3002,72,1
251447,3004,72,2
251447,3009,19,2
251447,3020,0,3
251447,3021,320,2
251447,3021,4,4
251447,3022,0,1
251447,3022,72,4
251447,3023,182,2
251447,3023,321,6
251447,3023,3,1
251447,3023,52,2
251447,3023,297,4
251447,3023,47,2
251447,3023,320,8
251447,3023,36,4
251447,3024,297,10
251447,3034,320,1
251447,3034,0,1
251447,30385,1059,1
251447,3039,28,1
251447,3062b,4,1
251447,3068bpr9329,320,1
251447,3069b,320,2
251447,3069b,297,8
251447,3069b,4,2
251447,3069b,1053,2
251447,3070b,320,2
251447,32802,0,1
251447,3387,320,4
251447,33909,19,5
251447,3623,320,4
251447,3623,28,4
251447,3666,320,2
251447,3666,28,2
251447,3668,72,2
251447,36841,0,2
251447,3710,320,4
251447,3710,71,3
251447,3749,19,4
251447,37762,179,2
251447,3795,0,3
251447,3829c01,71,1
251447,4081b,72,2
251447,41682,0,1
251447,41682,321,1
251447,41769,4,1
251447,41770,4,1
251447,4304,0,2
251447,43722,320,1
251447,43723,320,1
251447,44861,0,8
251447,4599b,4,1
251447,4740,41,1
251447,4865b,72,2
251447,5091,47,1
251447,5092,47,1
251447,54200,41,2
251447,54200,0,2
251447,54200,320,6
251447,5654,320,4
251447,5654,297,4
251447,60470b,0,2
251447,61409,4,2
251447,6141,41,8
251447,66727,297,4
251447,69754,297,4
251447,69755,72,4
251447,79180,0,1
251447,79194,0,2
251447,79389,0,2
251447,80177,0,1
251447,80178,0,1
251447,85984,0,2
251447,85984pr0021,71,1
251447,87087,3,2
251447,87580,41,1
251447,93274,72,1
251447,99207,4,6
251447,99563,0,1
251448,10110152,9999,1
251448,11090,71,1
251448,11211,71,2
251448,11477,0,3
251448,13756,47,1
251448,13760,85,1
251448,14719,0,3
251448,15068,85,2
251448,15712,71,1
251448,18674,71,1
251448,18977,0,4
251448,22886,19,1
251448,23443,71,1
251448,2357,85,8
251448,2412b,0,10
251448,2420,85,6
251448,24201,71,1
251448,24246,71,2
251448,24246,182,2
251448,24307,0,1
251448,2431,71,1
251448,2431,1050,6
251448,2639,0,1
251448,2654,0,2
251448,2654,71,1
251448,26603,0,3
251448,2817,71,1
251448,28621,47,1
251448,3004,85,17
251448,3005,19,3
251448,3005,85,15
251448,3010,85,14
251448,3010,0,3
251448,3010,19,4
251448,30136,19,2
251448,30136,0,2
251448,30153,47,1
251448,3020,85,1
251448,3020,0,2
251448,3021,85,1
251448,3022,85,2
251448,3022,72,4
251448,3023,0,3
251448,3023,29,3
251448,3023,85,13
251448,3024,85,7
251448,3032,85,6
251448,3034,72,2
251448,30367c,47,1
251448,30374,71,1
251448,3040b,288,1
251448,3062b,46,1
251448,3062b,0,1
251448,3062b,47,1
251448,3065,47,2
251448,3068b,0,1
251448,3068bpr9327,19,1
251448,3069b,46,1
251448,3069b,29,3
251448,3069b,85,8
251448,3069bpr0271,19,1
251448,3070b,85,4
251448,3070b,0,2
251448,32028,0,2
251448,32607,288,2
251448,32828,71,2
251448,32952,85,7
251448,3387,0,4
251448,33909,71,4
251448,33909,19,1
251448,35480,71,4
251448,3623,0,3
251448,3665,0,1
251448,3666,85,8
251448,36752a,308,1
251448,3679,71,3
251448,3680,0,3
251448,36840,19,2
251448,36841,85,2
251448,3710,19,2
251448,3710,85,9
251448,37352,85,14
251448,37762,71,3
251448,3795,15,4
251448,3829c01,71,1
251448,3958,85,2
251448,40687,71,2
251448,4070,0,2
251448,4081b,0,2
251448,41740,0,11
251448,41768,85,1
251448,4282,71,1
251448,44728,0,3
251448,44728,85,1
251448,4738c,84,1
251448,4865b,71,3
251448,54200,0,2
251448,54200,85,2
251448,60476,0,1
251448,60594,0,3
251448,60897,0,2
251448,6112,85,10
251448,6141,0,13
251448,61976,70,1
251448,6223,47,1
251448,63864,71,1
251448,63864,0,7
251448,63965,71,2
251448,6636,0,5
251448,66727,85,4
251448,67810,85,2
251448,6798,85,34
251448,69729,0,1
251448,69729,85,4
251448,7134,47,1
251448,73562,0,13
251448,7757,47,34
251448,77845,0,1
251448,80835,84,1
251448,85861,47,1
251448,85861,71,2
251448,85984,19,1
251448,87079,19,1
251448,87079,71,3
251448,87079,70,2
251448,87087,0,2
251448,92107,85,2
251448,92586pr0005,0,1
251448,93095,0,3
251448,98138,47,2
251448,98138,85,2
251448,98138pr0353,297,1
251448,99207,70,2
251449,11090,70,1
251449,11211,84,1
251449,11211,71,1
251449,11610,10,1
251449,14716,19,4
251449,14716,71,1
251449,14719,70,4
251449,15573,0,2
251449,15672,72,1
251449,18674,0,2
251449,1927,72,1
251449,1927,70,4
251449,1927,71,1
251449,20482,0,3
251449,20482,297,1
251449,22385pr0153,70,1
251449,22885,0,1
251449,22888,2,1
251449,2343,47,1
251449,2357,19,5
251449,24122,72,2
251449,2412b,71,2
251449,2420,378,1
251449,2423,2,2
251449,2453b,19,2
251449,2454b,19,3
251449,25269,71,8
251449,2566,0,1
251449,2653,71,2
251449,2653,19,2
251449,26601,19,3
251449,2682,2,2
251449,27063,0,1
251449,28621pr9753,47,1
251449,3003,70,1
251449,3003,19,1
251449,3003,72,3
251449,3004,72,1
251449,3005,28,9
251449,3005,19,3
251449,3005,71,2
251449,3005,84,3
251449,3008,19,5
251449,3008,72,2
251449,3009,19,2
251449,3009,28,1
251449,3010,70,1
251449,3010,19,4
251449,3010,72,4
251449,30136,19,22
251449,30136,72,7
251449,30136,308,3
251449,30136,70,9
251449,30136,71,3
251449,30171,70,1
251449,3020,84,1
251449,3020,28,1
251449,3021,19,1
251449,3021,71,2
251449,3022,84,2
251449,3022,19,1
251449,3023,19,34
251449,3023,72,2
251449,3023,28,7
251449,3023,71,1
251449,3023,84,1
251449,3023,378,3
251449,30237b,19,1
251449,30237b,71,1
251449,3024,308,1
251449,3024,378,3
251449,3024,84,8
251449,3024,71,3
251449,3030,28,2
251449,3031,2,1
251449,3032,28,2
251449,3033,28,1
251449,3034,28,3
251449,3034,72,1
251449,30357,2,2
251449,3036,28,2
251449,3039,28,1
251449,3039,72,2
251449,3040b,19,2
251449,3040b,71,6
251449,3040b,70,2
251449,3062b,72,6
251449,3062b,84,2
251449,3062b,308,10
251449,3069b,70,7
251449,3069b,308,1
251449,3069b,28,4
251449,3069bpr0238,19,1
251449,3070b,71,2
251449,32000,19,6
251449,32028,19,8
251449,3233,19,2
251449,3245c,19,4
251449,3245c,72,1
251449,32474,5,1
251449,32474,320,1
251449,32828,19,1
251449,34103,19,8
251449,3460,28,1
251449,3460,19,6
251449,3460,72,2
251449,3484,71,1
251449,3622,71,3
251449,3622,19,4
251449,3623,19,5
251449,3623,72,4
251449,3623,70,4
251449,3623,0,4
251449,3623,2,2
251449,3659,19,8
251449,3660,19,1
251449,3665,28,2
251449,3665,19,11
251449,3666,72,2
251449,3666,70,3
251449,36752a,308,3
251449,36752a,0,2
251449,36752a,28,1
251449,3679,71,1
251449,3680,0,1
251449,3710,28,6
251449,3710,19,6
251449,3710,71,2
251449,3749,19,2
251449,37704,297,1
251449,37762,15,1
251449,37775,182,1
251449,3830,19,4
251449,3831,19,4
251449,3832,28,2
251449,3832,72,3
251449,3832,19,1
251449,38320,0,4
251449,3957b,47,3
251449,3957b,0,1
251449,3957b,484,1
251449,3957b,70,2
251449,3958,28,1
251449,40066,19,2
251449,4070,72,1
251449,4162,70,3
251449,41740,19,4
251449,43093,1,4
251449,4460b,19,1
251449,4460b,72,4
251449,4477,72,3
251449,4477,19,5
251449,4477,28,3
251449,4599b,0,2
251449,47847,72,1
251449,49153,72,1
251449,50340,72,1
251449,53923,0,1
251449,54200,71,5
251449,54200,19,6
251449,58176,72,2
251449,59900,72,1
251449,59900,46,2
251449,59900,297,2
251449,60474,0,1
251449,60475b,19,1
251449,60478,70,1
251449,60592,70,4
251449,60808,19,3
251449,60897,70,4
251449,6111,71,2
251449,6112,19,2
251449,61252,47,3
251449,61332,0,1
251449,6141,72,2
251449,6141,0,2
251449,6141,71,2
251449,62462,71,2
251449,64567,297,1
251449,64644,308,3
251449,6541,0,5
251449,65509,0,2
251449,6636,19,3
251449,68297,28,1
251449,69729,72,1
251449,76959,71,1
251449,78594,19,3
251449,80543,19,2
251449,85984,19,24
251449,87079,19,2
251449,87079,71,2
251449,87087,378,1
251449,87087,84,1
251449,87087,19,2
251449,87421,19,3
251449,87580,28,4
251449,87580,0,1
251449,87620,72,6
251449,87620,19,13
251449,87693,15,1
251449,89678,72,1
251449,90826,19,1
251449,90826,308,2
251449,93273,70,2
251449,93789,179,1
251449,96874,25,1
251449,98138,19,4
251449,98283,84,6
251630,10110451,9999,1
251630,10247,71,1
251630,11211,0,1
251630,11213,191,1
251630,11213,0,1
251630,11476,71,6
251630,11476,0,2
251630,11477,191,4
251630,11477,27,2
251630,11477,10,2
251630,11477,71,2
251630,11477,47,2
251630,14716,15,4
251630,14718,15,6
251630,15068,71,5
251630,15068,15,2
251630,15068,72,6
251630,15207,15,1
251630,15469,27,1
251630,15535,15,2
251630,15573,71,2
251630,15712,71,4
251630,1748,15,1
251630,17485,15,2
251630,18674,70,1
251630,18674,14,2
251630,18977,0,4
251630,19798,15,1
251630,20482,71,3
251630,22885,15,5
251630,22961,71,2
251630,2310,15,2
251630,2357,15,4
251630,23969,15,1
251630,23969,71,1
251630,24093,0,1
251630,24111pr0005,19,1
251630,2412b,72,3
251630,2412b,15,4
251630,2412b,71,15
251630,2415,71,2
251630,2420,15,4
251630,24246,19,4
251630,24246,15,5
251630,24309,15,1
251630,2431,84,5
251630,2431,15,5
251630,2431,27,3
251630,2431,3,1
251630,2432,71,1
251630,2445,71,1
251630,2445,72,1
251630,2453b,15,3
251630,2454b,15,2
251630,24866,10,8
251630,24866,1050,5
251630,24866,30,3
251630,2496,0,6
251630,25269,14,4
251630,25269,70,3
251630,25269,27,6
251630,25269,191,2
251630,25269,0,4
251630,25269,15,2
251630,25269,10,8
251630,2540,15,4
251630,25892,15,1
251630,2654,15,3
251630,2654,19,1
251630,2654,41,1
251630,2655,71,4
251630,26603,71,2
251630,2682,27,4
251630,27263,15,2
251630,27507,15,2
251630,27507,3,4
251630,27925,27,6
251630,27925,10,2
251630,28192,72,2
251630,3001,15,2
251630,3002,0,1
251630,3003,15,2
251630,3004,15,3
251630,3004,0,2
251630,3004,14,1
251630,3005,45,1
251630,3005,3,1
251630,3005,15,14
251630,3005,182,4
251630,3008,3,1
251630,3009,14,1
251630,3009,15,1
251630,3009,3,1
251630,3010,191,1
251630,3010,25,2
251630,3010,15,5
251630,30136,15,8
251630,3020,19,2
251630,3020,71,6
251630,3021,27,2
251630,3021,0,1
251630,3022,71,1
251630,3022,4,1
251630,3022,15,2
251630,3022,0,1
251630,3023,15,16
251630,3023,52,1
251630,3023,71,2
251630,3023,5,1
251630,3023,4,6
251630,3023,182,3
251630,3023,322,4
251630,3023,27,1
251630,3023,70,1
251630,3023,14,2
251630,3024,3,3
251630,3024,5,1
251630,3024,15,11
251630,3024,182,1
251630,3024,70,1
251630,3031,72,1
251630,3031,19,1
251630,3032,72,1
251630,3034,19,1
251630,3035,71,1
251630,3035,2,1
251630,30355,15,1
251630,30356,15,1
251630,3036,191,1
251630,30361c,15,2
251630,30367c,41,1
251630,30374,72,1
251630,30374,27,1
251630,30562,52,1
251630,30565,19,3
251630,30565,15,3
251630,3065,46,1
251630,3065,182,2
251630,3065,45,2
251630,3068b,322,1
251630,3068b,191,1
251630,3068b,15,3
251630,3068b,14,1
251630,3069b,1,1
251630,3069b,71,4
251630,3069b,84,1
251630,3069b,15,3
251630,3069bpr0300,15,1
251630,3069bpr0301,71,1
251630,3069bpr0307,71,1
251630,3069bpr0369,5,2
251630,3069bpr9940,15,2
251630,3069bpr9942,85,2
251630,3069bpr9975,2,2
251630,3070b,0,1
251630,3070b,72,2
251630,3070b,322,1
251630,3070b,71,1
251630,3070b,47,1
251630,3070b,3,1
251630,3070b,191,2
251630,3070bpr0234,71,2
251630,32000,15,2
251630,32062,4,4
251630,32064a,15,1
251630,32270,0,2
251630,32523,15,4
251630,32523,0,3
251630,32607,288,3
251630,32607,10,5
251630,3262,15,2
251630,32803,14,1
251630,32803,3,2
251630,32828,71,1
251630,32952,15,3
251630,32952,25,1
251630,3297,71,1
251630,3386,71,1
251630,33909,1,2
251630,34337,71,2
251630,3460,70,1
251630,3460,71,1
251630,3460,15,1
251630,3460,212,1
251630,3460,84,1
251630,3484,71,1
251630,35336,47,2
251630,35459,191,1
251630,35480,15,2
251630,35480,71,2
251630,35789,191,4
251630,3622,0,1
251630,3622,3,1
251630,3622,14,1
251630,3623,70,1
251630,3623,71,2
251630,3623,15,4
251630,3666,0,2
251630,3666,3,1
251630,3666,191,2
251630,3666,71,2
251630,3666,15,8
251630,3673,71,2
251630,36841,191,2
251630,3700,14,3
251630,3701,15,2
251630,3705,0,1
251630,3710,14,6
251630,3710,15,5
251630,3710,71,2
251630,3710,191,8
251630,37178,27,2
251630,37352,191,5
251630,37352,19,2
251630,3749,19,7
251630,3795,27,3
251630,3795,71,1
251630,3795,15,1
251630,3829c01,71,1
251630,3899,47,1
251630,39262,28,1
251630,3941,41,1
251630,3941,15,3
251630,4032a,27,4
251630,4032a,84,2
251630,4032a,10,4
251630,4070,15,3
251630,4162,15,4
251630,41682,15,1
251630,41740,27,4
251630,41740,0,5
251630,41740,1,8
251630,41740,15,3
251630,42195,27,1
251630,42205,3,1
251630,4274,71,2
251630,42924,1,6
251630,4367,10,3
251630,4367,5,1
251630,44375b,182,1
251630,4449,70,2
251630,44728,15,1
251630,44728,191,2
251630,4477,71,2
251630,4477,15,1
251630,44861,14,2
251630,4519,14,4
251630,4533,72,1
251630,46212,182,1
251630,46212,45,2
251630,46212,46,2
251630,47457,71,2
251630,48092,3,1
251630,48092,15,4
251630,48170,15,1
251630,48336,3,2
251630,4865b,71,1
251630,4865b,14,2
251630,49151,0,1
251630,49153,71,1
251630,49307,15,2
251630,50950,71,2
251630,5118,3,1
251630,5120,15,1
251630,5122,3,1
251630,51270,10,1
251630,5151,10,4
251630,52031,0,2
251630,54200,46,2
251630,54200,15,1
251630,5491,321,1
251630,5841,15,4
251630,5843,15,4
251630,5845,15,7
251630,59349,47,1
251630,59443,70,4
251630,59895,0,2
251630,60032,15,1
251630,60479,27,2
251630,60479,15,2
251630,60483,71,1
251630,60581,47,3
251630,60594,15,1
251630,60596,71,2
251630,60601,41,8
251630,61332,0,6
251630,61345,15,4
251630,6141,0,6
251630,6141,35,1
251630,6141,19,3
251630,6141,36,1
251630,6141,46,8
251630,61483,71,1
251630,61485,14,1
251630,61780,272,1
251630,6192b,226,1
251630,6231,71,2
251630,63864,15,1
251630,63864,322,1
251630,64799,72,1
251630,65426,15,1
251630,65429,15,1
251630,65509,70,1
251630,65509,191,2
251630,65509,14,1
251630,65578,297,1
251630,65630,71,2
251630,6587,28,2
251630,65886,0,1
251630,6636,191,2
251630,6636,71,5
251630,6636,3,1
251630,6636,15,4
251630,6636,322,3
251630,66727,179,4
251630,66857,3,1
251630,67095,15,1
251630,67446,72,2
251630,69729,72,3
251630,69729,322,1
251630,69729,15,1
251630,69953c02,15,1
251630,70681,15,3
251630,73230,25,2
251630,73763,71,2
251630,73764,0,1
251630,77845,15,1
251630,77850,15,1
251630,78256,71,1
251630,78258,19,1
251630,78329,19,1
251630,78443,15,1
251630,78444,15,1
251630,78666,15,2
251630,79389,70,1
251630,79393,10,2
251630,79393,71,1
251630,79756,15,2
251630,79816,15,2
251630,80015,15,4
251630,80324,15,2
251630,80326,15,2
251630,80543,15,2
251630,80683,47,2
251630,85861,71,1
251630,85861,297,2
251630,85984,15,2
251630,85984,27,1
251630,85984,71,1
251630,85984pr0021,71,1
251630,86876,191,2
251630,86996,19,1
251630,87079,0,1
251630,87079,19,1
251630,87079,1,14
251630,87079,15,2
251630,87087,5,1
251630,87544,47,1
251630,87544,15,2
251630,87580,15,1
251630,87580,72,1
251630,87615,15,1
251630,87616,3,1
251630,88072,15,1
251630,88930,191,2
251630,91501,71,2
251630,92410,0,1
251630,92438,212,4
251630,92842,0,2
251630,92947,84,1
251630,92947,15,1
251630,93091,26,2
251630,93095,19,2
251630,93095,191,5
251630,93604,191,1
251630,96874,25,1
251630,98138,15,7
251630,98138,36,3
251630,98138,41,1
251630,98138,47,5
251630,98138,35,1
251630,98138pr0275,15,2
251630,98397,71,3
251630,99207,15,2
251630,99207,19,5
251630,99780,15,2
251630,99780,2,4
251630,99781,71,4
251631,10111052,9999,1
251631,11609,297,1
251631,14719,272,2
251631,14769pr1172,15,1
251631,15712,0,4
251631,24131,297,1
251631,2420,15,4
251631,24246,320,1
251631,24309,272,6
251631,2431,28,1
251631,2431,272,1
251631,26047,272,1
251631,26601,272,4
251631,26601,15,4
251631,27150,0,1
251631,27263,379,4
251631,28192,379,8
251631,28192,272,4
251631,28802,72,1
251631,29119,272,2
251631,29120,272,2
251631,3003,28,1
251631,3004,28,1
251631,3020,72,2
251631,3020,272,1
251631,3020,25,3
251631,3022,0,1
251631,3022,272,2
251631,3022,15,2
251631,3023,379,8
251631,3023,25,4
251631,3031,272,2
251631,3036,72,1
251631,3062b,0,2
251631,3068b,378,2
251631,3068bpr0364,15,3
251631,3068bpr0445,19,2
251631,3068bpr9428,15,3
251631,3069b,15,2
251631,3069bpr0303,15,2
251631,32028,378,1
251631,32028,297,2
251631,3262,320,1
251631,3386,71,8
251631,33909,272,1
251631,34076,0,2
251631,3623,272,1
251631,3710,0,2
251631,3710,272,1
251631,3710,28,2
251631,3795,71,1
251631,38320,0,2
251631,4032a,71,3
251631,4032a,0,1
251631,4070,320,1
251631,41740,0,3
251631,43898,0,1
251631,4735,0,1
251631,5066,0,2
251631,51283,47,1
251631,60592,379,2
251631,60592,297,2
251631,60601,47,2
251631,6141,29,1
251631,6141,1,1
251631,6141,14,1
251631,66857,19,1
251631,67329,0,2
251631,69729,272,2
251631,70681,272,4
251631,70681,78,3
251631,70681,15,3
251631,73562,0,2
251631,73825,0,4
251631,77850,15,2
251631,78258,0,1
251631,80177,272,2
251631,80178,272,2
251631,85861,47,2
251631,85861,0,2
251631,85861,297,2
251631,85984,378,1
251631,87580,15,1
251631,87580,272,2
251631,87620,28,12
251631,92950,0,1
251631,93555,179,1
251631,98138pr0426,297,1
251633,11062,15,1
251633,11090,0,1
251633,11203,0,1
251633,11211,71,2
251633,11211,212,4
251633,11211,72,2
251633,11211,15,1
251633,11211,19,1
251633,11212,0,8
251633,11212,19,1
251633,11212,72,1
251633,11212,71,2
251633,11253,297,1
251633,1126,0,1
251633,11476,0,1
251633,11476,19,2
251633,11476,4,5
251633,11610,0,1
251633,13965,212,2
251633,13965,0,2
251633,14395,0,2
251633,14395,71,4
251633,14716,70,4
251633,14716,308,4
251633,14716,15,2
251633,14719,71,3
251633,14719,70,1
251633,14719,72,6
251633,14719,84,2
251633,14719,28,1
251633,14769,4,3
251633,14769,15,1
251633,14769pr1054,70,4
251633,14769pr1172,15,2
251633,15068,4,5
251633,15068,15,2
251633,15207,70,2
251633,15332,70,2
251633,15395,15,2
251633,15533,28,7
251633,15533,84,9
251633,15573,84,8
251633,15573,288,22
251633,15573,70,10
251633,15573,19,1
251633,15573,15,3
251633,15573,72,1
251633,15573,3,1
251633,15573,484,13
251633,15573,308,2
251633,15573,0,4
251633,1566,0,4
251633,15672,15,2
251633,15672,0,2
251633,15712,70,1
251633,15712,0,4
251633,15712,72,6
251633,15712,71,1
251633,15712,297,1
251633,1745,71,4
251633,1745,70,1
251633,1745,0,1
251633,1748,71,1
251633,18674,322,1
251633,18674,70,3
251633,18674,0,1
251633,18674,71,2
251633,18677,0,2
251633,18759,72,1
251633,18920,179,1
251633,18980,71,1
251633,18980,15,1
251633,1927,70,1
251633,1927,71,2
251633,20310,15,2
251633,20310,71,2
251633,20482,0,8
251633,20482,15,9
251633,20482,28,6
251633,20482,71,4
251633,20482,297,9
251633,20952,15,1
251633,22388,0,1
251633,22885,19,2
251633,22885,15,5
251633,22885,84,3
251633,2310,0,2
251633,2310,15,16
251633,2310,71,14
251633,23443,0,2
251633,23443,19,2
251633,2357,19,5
251633,2357,72,4
251633,2357,71,4
251633,2357,14,1
251633,23945pat0002,47,1
251633,23950,70,2
251633,23969,70,1
251633,23969,71,2
251633,2412b,71,6
251633,2412b,25,1
251633,2412b,320,1
251633,2412b,0,8
251633,2412b,179,4
251633,2417,2,2
251633,2420,72,7
251633,2420,19,14
251633,2420,0,6
251633,2420,71,7
251633,2420,70,2
251633,24201,0,2
251633,2423,2,2
251633,24246,19,1
251633,24246,0,4
251633,2431,71,4
251633,2431,19,1
251633,2431,28,3
251633,2431,320,2
251633,2431,308,1
251633,2431,0,8
251633,2431,2,1
251633,2431,72,7
251633,2431,84,31
251633,24314c01,47,2
251633,2445,19,2
251633,2445,72,1
251633,2450,70,2
251633,24855,2,4
251633,24866,14,2
251633,24866,29,16
251633,24866,297,5
251633,24866,212,12
251633,2489,70,1
251633,2496,0,1
251633,2514,71,1
251633,2514,288,1
251633,25269,379,2
251633,25269,0,2
251633,25269,28,4
251633,25269,72,12
251633,25269,84,1
251633,25269,4,4
251633,25269,19,2
251633,25269,71,3
251633,25269,78,8
251633,2540,0,1
251633,2540,297,5
251633,26047,71,1
251633,26047,70,2
251633,2654,0,4
251633,2654,4,3
251633,2655,71,1
251633,26601,0,1
251633,26601,320,4
251633,26603,320,31
251633,26603,28,8
251633,26603pr9954,0,1
251633,26603pr9955,0,2
251633,26604,15,2
251633,26604,0,6
251633,2682,2,8
251633,27150,29,2
251633,27150,0,1
251633,27507,71,1
251633,27507,28,1
251633,27925,3,4
251633,27925,71,3
251633,27925,15,2
251633,28192,0,6
251633,2821,84,2
251633,28621,47,3
251633,3001,71,3
251633,3001,72,1
251633,3001,14,2
251633,3001,84,5
251633,3002,72,2
251633,3003,71,1
251633,3003,0,1
251633,30031,71,1
251633,3004,71,10
251633,3004,72,3
251633,3004,15,3
251633,3004,212,13
251633,3004,19,9
251633,3004,288,8
251633,3004,92,16
251633,3004,0,1
251633,30044,70,1
251633,3005,47,1
251633,3005,72,7
251633,3005,70,3
251633,3005,14,1
251633,3005,71,1
251633,3005,212,6
251633,3005,288,4
251633,3005,28,5
251633,3005,92,21
251633,3005,19,3
251633,3005,15,23
251633,3008,15,3
251633,3008,72,5
251633,3009,15,2
251633,3009,19,5
251633,3009,71,6
251633,3009,72,1
251633,3010,0,1
251633,3010,15,8
251633,3010,92,12
251633,3010,19,12
251633,3010,288,1
251633,3010,212,50
251633,3010,72,5
251633,3010,71,13
251633,30136,84,12
251633,30136,71,20
251633,30136,19,16
251633,30150,71,1
251633,30162,297,1
251633,30165,0,1
251633,3020,28,2
251633,3020,19,5
251633,3020,15,1
251633,3020,288,3
251633,3020,0,2
251633,3020,212,3
251633,3020,72,1
251633,3020,484,1
251633,3020,70,4
251633,3021,0,2
251633,3021,72,2
251633,3021,71,1
251633,3022,28,1
251633,3022,19,6
251633,3022,72,1
251633,3022,3,1
251633,3022,0,2
251633,3022,4,4
251633,3023,320,2
251633,3023,70,2
251633,3023,19,25
251633,3023,212,8
251633,3023,182,1
251633,3023,15,16
251633,3023,72,21
251633,3023,379,3
251633,3023,92,18
251633,3023,288,26
251633,3023,0,31
251633,3023,484,9
251633,3023,321,4
251633,3023,71,6
251633,30237b,71,2
251633,30237b,72,1
251633,30237b,0,1
251633,3024,15,25
251633,3024,212,10
251633,3024,0,28
251633,3024,72,20
251633,3024,71,4
251633,3024,320,2
251633,3024,484,1
251633,3024,92,2
251633,3024,84,9
251633,3024,288,9
251633,3024,19,7
251633,3027,19,4
251633,3030,72,2
251633,3031,19,2
251633,3032,72,4
251633,3032,0,10
251633,3032,70,1
251633,3033,72,1
251633,3034,19,6
251633,3034,70,2
251633,3034,0,3
251633,3035,19,2
251633,3035,28,2
251633,30357,0,1
251633,30357,15,1
251633,3036,28,1
251633,30362,0,5
251633,30374,297,1
251633,30376,297,6
251633,3039,71,1
251633,3040b,15,5
251633,3040b,288,2
251633,3045,0,2
251633,30565,28,1
251633,3062b,484,8
251633,3062b,71,3
251633,3062b,34,2
251633,3062b,320,2
251633,3062b,288,8
251633,3062b,26,2
251633,3062b,0,11
251633,3062b,31,2
251633,3062b,70,2
251633,3062b,25,2
251633,3065,47,4
251633,3068b,72,64
251633,3068b,70,1
251633,3068b,15,1
251633,3068b,84,3
251633,3068b,71,2
251633,3068b,322,2
251633,3068b,308,1
251633,3068b,28,2
251633,3068bpr0273,70,1
251633,3068bpr0364,15,1
251633,3068bpr9349,15,1
251633,3069b,46,1
251633,3069b,72,47
251633,3069b,28,5
251633,3069b,78,6
251633,3069b,3,4
251633,3069b,288,1
251633,3069b,84,16
251633,3069b,4,1
251633,3069b,15,4
251633,3069b,320,4
251633,3069b,0,17
251633,3069b,71,6
251633,3069b,70,1
251633,3070b,47,1
251633,3070b,72,11
251633,3070b,71,11
251633,3070b,84,10
251633,3070b,308,7
251633,3070b,19,7
251633,3070b,15,8
251633,3070b,0,6
251633,3070b,320,2
251633,3070b,28,3
251633,3070b,484,3
251633,3070b,379,12
251633,3131,70,1
251633,3176,70,3
251633,32000,4,1
251633,32000,14,1
251633,32028,71,3
251633,32028,15,7
251633,32028,297,12
251633,32028,70,2
251633,32028,19,2
251633,32270,0,1
251633,3245c,0,3
251633,3245c,70,1
251633,32474,5,1
251633,32607,10,33
251633,32803,71,2
251633,32803,0,7
251633,32828,84,1
251633,32828,297,6
251633,32828,71,1
251633,32952,19,9
251633,32952,70,3
251633,32952,15,7
251633,32952,288,16
251633,33078,84,2
251633,3386,0,4
251633,3386,19,5
251633,3386,15,2
251633,3386,4,1
251633,33909,70,4
251633,33909,297,5
251633,33909,320,4
251633,33909,3,2
251633,33909,308,14
251633,33909,19,6
251633,33909,4,1
251633,33909,71,4
251633,33909,484,6
251633,33909,15,20
251633,33909,0,4
251633,3396,0,4
251633,3396,71,4
251633,34076,0,4
251633,34103,28,1
251633,3460,70,1
251633,3460,0,11
251633,3460,71,6
251633,3460,19,3
251633,3484,0,2
251633,35459,19,3
251633,35464,0,20
251633,35464,484,8
251633,35464,15,12
251633,35480,71,4
251633,35480,3,1
251633,35480,484,5
251633,35480,72,8
251633,35480,70,3
251633,35480,15,3
251633,35480,0,17
251633,3563,3,2
251633,35787,320,1
251633,35787,0,1
251633,35787,84,2
251633,3622,212,20
251633,3622,19,10
251633,3622,72,11
251633,3622,71,5
251633,3622,15,6
251633,3623,19,2
251633,3623,15,4
251633,3623,0,23
251633,3623,70,1
251633,3623,71,8
251633,3623,72,12
251633,3623,484,1
251633,3628,0,2
251633,3633,0,2
251633,3659,71,1
251633,3660,19,1
251633,3661,0,11
251633,3665,72,1
251633,3666,484,6
251633,3666,212,3
251633,3666,72,9
251633,3666,19,7
251633,3666,84,1
251633,3666,288,7
251633,3666,0,1
251633,3666,71,3
251633,3679,71,1
251633,3680,0,1
251633,36841,72,2
251633,36841,0,1
251633,3700,72,4
251633,3700,288,6
251633,3700,71,1
251633,3710,84,2
251633,3710,0,14
251633,3710,484,1
251633,3710,320,4
251633,3710,2,1
251633,3710,71,6
251633,3710,3,1
251633,3710,212,3
251633,3710,72,12
251633,3710,15,6
251633,3710,70,5
251633,3710,19,4
251633,3710,28,2
251633,3749,19,1
251633,37695,10,4
251633,37762,0,9
251633,37762,71,4
251633,37762,19,4
251633,37775,182,1
251633,3795,72,1
251633,3795,28,2
251633,3795,0,4
251633,3795,212,1
251633,3795,484,6
251633,3795,19,1
251633,3795,84,1
251633,3811,10,1
251633,3832,0,1
251633,38320,0,6
251633,38583,19,4
251633,38585,15,2
251633,38585,19,4
251633,38585,484,4
251633,38648pat0001,0,1
251633,3899,4,3
251633,3937,19,4
251633,3958,71,1
251633,39739,2,10
251633,39767,0,1
251633,4032a,15,1
251633,4032a,84,3
251633,4032a,3,1
251633,4032a,484,1
251633,4032a,308,3
251633,4070,71,4
251633,4070,92,3
251633,4070,70,6
251633,4079b,4,2
251633,4162,19,2
251633,4162,71,9
251633,4162,28,5
251633,41682,0,3
251633,41682,70,2
251633,41682,72,2
251633,41740,15,3
251633,41740,28,5
251633,41740,320,1
251633,41740,0,8
251633,41740,71,2
251633,41740,72,5
251633,41740,19,1
251633,41769,0,1
251633,41769,71,1
251633,41770,0,1
251633,4282,0,2
251633,4282,71,1
251633,4304,15,2
251633,4304,72,2
251633,4304,0,2
251633,43722,320,4
251633,43723,320,4
251633,43888,70,2
251633,4460b,0,6
251633,44728,0,2
251633,44728,70,2
251633,4477,15,2
251633,4477,71,1
251633,4477,72,1
251633,4477,19,3
251633,4477,0,3
251633,44861,71,8
251633,4510,15,2
251633,4528,179,1
251633,4533,72,1
251633,4599b,0,12
251633,46212,47,2
251633,4733,0,2
251633,47397,71,2
251633,47398,71,2
251633,4740,70,4
251633,4740,0,1
251633,4740,15,1
251633,48336,72,3
251633,4865b,84,1
251633,49153,72,3
251633,49307,0,3
251633,49307,70,1
251633,49307,15,3
251633,50015,10,1
251633,5066,72,4
251633,5091,15,1
251633,5091,0,1
251633,5092,0,1
251633,5092,15,3
251633,51239,70,2
251633,51266,47,2
251633,51739,15,2
251633,52107,0,2
251633,5404,15,18
251633,54200,0,3
251633,54200,34,1
251633,54200,191,2
251633,54200,70,1
251633,54200pr0004,71,1
251633,54383,70,1
251633,5518,15,1
251633,5904,5,5
251633,59900,321,2
251633,59900,70,2
251633,59900,14,1
251633,59900,4,1
251633,59900,0,1
251633,59900,15,4
251633,60470b,71,1
251633,60475b,70,1
251633,60475b,0,2
251633,60479,0,3
251633,60479,71,2
251633,60479,19,1
251633,60481,0,6
251633,60592,70,7
251633,60592,0,18
251633,60593,0,5
251633,60594,0,2
251633,60594,70,1
251633,60596,0,7
251633,60596,308,1
251633,60596,15,2
251633,60601,47,21
251633,60601,308,4
251633,60601,15,3
251633,60602,47,4
251633,60603,47,1
251633,60616b,70,2
251633,60616b,308,2
251633,60616b,47,1
251633,60623,288,2
251633,60849,71,1
251633,60897,19,4
251633,60897,320,2
251633,60897,71,2
251633,60897,0,6
251633,60897,15,6
251633,6111,71,7
251633,6111,19,11
251633,6111,72,4
251633,61332,0,2
251633,6134,71,4
251633,61409,28,2
251633,6141,297,1
251633,6141,47,2
251633,6141,46,2
251633,6141,0,5
251633,6141,14,4
251633,6141,484,15
251633,61482,0,2
251633,61506,71,1
251633,61780,288,5
251633,62361,19,2
251633,62462,0,3
251633,63864,84,1
251633,63864,320,3
251633,63864,212,2
251633,63864,28,2
251633,63864,15,7
251633,63864,72,6
251633,63868,0,1
251633,63965,0,2
251633,63965,71,2
251633,64644,308,3
251633,64644,70,5
251633,64648,158,1
251633,65426,15,2
251633,65429,15,2
251633,65509,71,2
251633,65578,0,1
251633,65578,71,1
251633,65578,297,5
251633,6575,72,1
251633,6636,28,2
251633,6636,19,2
251633,6636,72,5
251633,6636,0,2
251633,6636,71,13
251633,6636,484,1
251633,6636,320,3
251633,66857,15,1
251633,66857,484,2
251633,66857pr9994,15,1
251633,66906,0,3
251633,66909,0,1
251633,66909,297,2
251633,67095,4,1
251633,67095pr9989,297,2
251633,68013,379,1
251633,68211,10,2
251633,68568,70,1
251633,69729,71,1
251633,69729,70,2
251633,70681,19,2
251633,7102,70,1
251633,72869,179,1
251633,73230,71,2
251633,73825,0,2
251633,73825,15,6
251633,73878,0,3
251633,73878,70,1
251633,75c10,297,1
251633,75c13,0,1
251633,76959,71,2
251633,77845,71,3
251633,77850,0,1
251633,77850,28,1
251633,78258,0,1
251633,78258,15,10
251633,78329,84,1
251633,78329,19,2
251633,78329,0,11
251633,79194,0,1
251633,79389,72,8
251633,79389,84,2
251633,79393,71,1
251633,79756,0,3
251633,80015,0,2
251633,80686pr0002,28,1
251633,80686pr0002,15,1
251633,85861,288,1
251633,85861,27,1
251633,85861,5,1
251633,85861,320,1
251633,85861,297,2
251633,85861,158,1
251633,85861,15,4
251633,85861,70,5
251633,85861,4,1
251633,85861,2,1
251633,85861,0,18
251633,85861,14,1
251633,85984,0,12
251633,85984,484,6
251633,85984,320,1
251633,85984pr9998,0,1
251633,86876,0,2
251633,86876,71,1
251633,86996,71,6
251633,86996,484,4
251633,87079,70,1
251633,87079,28,1
251633,87079,84,2
251633,87079,3,1
251633,87079,72,2
251633,87079pr9884,0,1
251633,87087,15,1
251633,87087,71,3
251633,87087,0,1
251633,87087,19,5
251633,87087,212,4
251633,87544,70,9
251633,87580,28,3
251633,87580,288,3
251633,87580,19,4
251633,87580,71,3
251633,87580,15,1
251633,87580,322,1
251633,87580,0,3
251633,87580,72,10
251633,87580,70,3
251633,87580,84,1
251633,87693,15,2
251633,87994,297,2
251633,87994,71,1
251633,88072,71,1
251633,88072,70,1
251633,88704,0,1
251633,88930,2,1
251633,89678,4,2
251633,89678,72,1
251633,89679,15,1
251633,90370,71,4
251633,90540,297,1
251633,90541,30,1
251633,91988,15,2
251633,91988,0,1
251633,92099,72,1
251633,92107,72,2
251633,92410,71,1
251633,92438,72,1
251633,92690,297,2
251633,92692,70,1
251633,92851,47,1
251633,93273,0,1
251633,93609,297,6
251633,95228,47,1
251633,95270,28,2
251633,95674,0,1
251633,96874,25,1
251633,98100,3,1
251633,98138,46,2
251633,98138,41,1
251633,98138,47,1
251633,98138,0,2
251633,98138pr0081,15,1
251633,98138pr0185,179,1
251633,98138pr0186,71,2
251633,98138pr0256,297,7
251633,98138pr0405,47,2
251633,98283,15,4
251633,98283,92,23
251633,98283,288,7
251633,98283,84,14
251633,98283,28,1
251633,98375,179,1
251633,98397,70,1
251633,99207,28,6
251633,99207,0,4
251633,99207,3,4
251633,99563,3,2
251633,99563,191,2
251633,99563,15,1
251633,99563,70,3
251633,99780,70,18
251633,99780,72,3
251633,99780,0,8
251633,99780,15,3
251737,11090,4,2
251737,11437,297,1
251737,11609,297,4
251737,15068,15,4
251737,15395,191,2
251737,15573,72,2
251737,15573,15,2
251737,15672,2,4
251737,15712,70,1
251737,20952,15,1
251737,2423,15,2
251737,24246,27,1
251737,24246,4,1
251737,24246,14,1
251737,24246,25,1
251737,2445,72,1
251737,25269,15,1
251737,2639,15,4
251737,26601,15,1
251737,2682,288,2
251737,27261,15,2
251737,29119,15,2
251737,29120,15,2
251737,3020,0,2
251737,3022,2,2
251737,3023,19,1
251737,3023,15,4
251737,3024,10,2
251737,3024,5,1
251737,3034,15,2
251737,3036,2,2
251737,30374,0,2
251737,3068b,320,3
251737,3068b,15,2
251737,3069b,15,4
251737,3176,15,2
251737,3176,70,1
251737,32028,2,4
251737,32028,297,1
251737,32028,4,20
251737,32474,71,2
251737,32607,288,2
251737,3262,15,1
251737,32828,297,3
251737,35480,70,1
251737,35480,4,2
251737,3623,4,8
251737,3666,19,5
251737,3666,15,4
251737,3679,71,1
251737,3680,4,1
251737,37775,182,1
251737,3832,15,1
251737,3878,0,1
251737,3937,70,2
251737,3956,71,2
251737,4070,4,1
251737,4304,70,1
251737,43898,14,2
251737,4477,15,5
251737,4733,72,2
251737,4740,4,2
251737,48336,72,4
251737,4865b,15,2
251737,5151,288,1
251737,54200,2,4
251737,59900,70,3
251737,59900,2,1
251737,6003,2,4
251737,60470b,0,4
251737,60479,71,1
251737,60897,4,1
251737,6091,4,1
251737,6134,0,2
251737,6141,14,3
251737,6141,4,3
251737,69729,320,10
251737,78329,15,2
251737,78666,10,4
251737,80015,15,2
251737,85861,70,3
251737,87994,4,2
251737,91988,15,2
251737,98138pr0048,70,1
251979,24087,15,1
251979,27186,308,1
251979,3626cpr0893,14,1
251979,970c27,15,1
251979,973c27h01pr0054,15,1
252087,15068,19,1
252087,15573,4,1
252087,16091,0,1
252087,2412b,71,1
252087,2817,0,2
252087,3023,71,1
252087,3023,19,1
252087,30374,0,1
252087,33909,71,1
252087,3673,71,4
252087,3795,28,1
252087,4081b,0,2
252087,42610,71,4
252087,4304,19,1
252087,60470b,71,1
252087,63082,71,1
252087,85984,4,4
252087,92409,0,4
252087,98138,46,2
252087,99780,28,4
252205,19729pr0001,308,1
252205,970c75,1103,1
252205,973c04h02pr2819,321,1
252206,2524,70,1
252206,3626cpr2522,14,1
252206,90541,72,1
252206,970c34pr2475,25,1
252206,973e127pr6619,25,1
252332,36,0,2
252332,650,15,1
252332,7049bc01,15,2
252332,715,4,2
252447,14226c11,0,1
252447,2412b,71,1
252447,2436,4,1
252447,2437,47,1
252447,2456,1,1
252447,2877,72,1
252447,3001,1,2
252447,30027b,71,4
252447,30028,0,4
252447,3003,2,4
252447,3003,15,4
252447,3003,27,4
252447,3003,4,3
252447,3004,4,2
252447,3004,1,2
252447,3004,15,4
252447,3005,1,2
252447,3005,15,1
252447,3005,4,1
252447,3010,1,2
252447,3020,1,2
252447,3020,25,2
252447,3020,71,2
252447,3022,25,3
252447,3023,15,4
252447,3034,4,2
252447,3039,15,1
252447,3039pr0001,15,1
252447,3040b,4,2
252447,3062b,36,2
252447,3062b,46,2
252447,3065,47,1
252447,3069b,4,4
252447,3176,14,1
252447,3298,4,2
252447,3622,1,2
252447,3659,4,4
252447,3660,1,2
252447,3660,15,2
252447,3666,4,2
252447,3710,71,2
252447,3710,1,2
252447,3710,25,2
252447,3823,47,1
252447,3829c01,15,2
252447,3832,71,2
252447,3836,70,1
252447,4070,15,3
252447,4070,1,2
252447,4070,4,2
252447,4599a,14,1
252447,4600,0,2
252447,4623,14,1
252447,54200,46,2
252447,6014b,14,4
252447,60219,71,1
252447,6141,71,4
252447,6141,36,4
252447,6141,34,2
252447,6157,71,2
252447,87697,0,4
252447,92926,72,1
252639,87079pr9928,0,1
252660,21459,297,1
252660,2654,72,2
252660,3020,15,1
252660,3022,71,1
252660,33909,322,2
252660,3937,71,1
252660,4590,72,1
252660,47456,15,1
252660,6134,71,1
252660,98100,71,1
252660,98138,41,1
252660,99207,71,1
252660,99774,72,2
252800,11090,71,1
252800,15712,19,1
252800,26601,19,2
252800,27263,70,1
252800,30503,19,1
252800,3185,0,2
252800,32607,27,2
252800,37829pr0162,378,1
252800,42876,484,1
252800,87620,0,1
252800,88704,70,1
252800,93160,15,1
252901,27393,41,3
252901,3062b,41,2
252901,73304,41,1
252902,18787,179,1
252902,26603pr0105,71,1
252902,3003,19,1
252902,3005,30,1
252902,3020,19,1
252902,3070b,30,5
252902,4733,72,1
252902,6141,72,2
252902,79194,47,1
252902,87087,30,2
252902,87580,19,1
253193,2357,14,4
253193,2412b,72,13
253193,2412b,0,2
253193,2412b,14,16
253193,2420,72,4
253193,2431,72,15
253193,2432,72,2
253193,2432,71,5
253193,2445,72,1
253193,2456,14,1
253193,2458,72,4
253193,2460,14,1
253193,2486,14,1
253193,2540,14,5
253193,2654,182,3
253193,2695,14,8
253193,2696,0,8
253193,2730,14,5
253193,2780,0,22
253193,2856c02,0,1
253193,2877,72,6
253193,2905,0,4
253193,2922,0,1
253193,298c02,4,2
253193,30000,72,1
253193,3001,0,5
253193,3002,14,2
253193,3002,0,1
253193,3003,14,9
253193,3004,14,4
253193,3005,71,2
253193,3006,0,1
253193,3007,0,4
253193,3008,0,1
253193,3009,0,8
253193,3009,71,4
253193,3010,72,2
253193,3010,14,8
253193,30104,71,1
253193,30183,72,1
253193,3020,72,12
253193,3022,72,2
253193,3022,71,18
253193,3023,14,10
253193,3023,46,3
253193,30237a,72,2
253193,3024,15,2
253193,30250,14,1
253193,30251,40,1
253193,30283,72,3
253193,30285,14,2
253193,3029,72,2
253193,30295,72,2
253193,30296,72,4
253193,3031,72,1
253193,3032,72,2
253193,3034,72,2
253193,3034,14,3
253193,30363,14,1
253193,3037,71,2
253193,3039pr0002,15,1
253193,30414,72,2
253193,30526,71,2
253193,3068b,14,2
253193,3069b,36,2
253193,3069b,72,2
253193,3176,14,4
253193,32000,0,2
253193,32012,72,1
253193,32013,0,2
253193,32018,71,2
253193,32054,4,4
253193,32062,4,2
253193,32123a,19,1
253193,32209,0,1
253193,32316,14,1
253193,3245b,14,2
253193,32532,14,2
253193,32556a,71,1
253193,33299a,71,1
253193,3460,0,4
253193,3622,14,2
253193,3647,71,1
253193,3660,72,2
253193,3665,72,4
253193,3666,0,10
253193,3678b,72,1
253193,3700,72,2
253193,3710,72,3
253193,3710,14,10
253193,3713,71,4
253193,3737,0,1
253193,3747b,14,2
253193,3749,19,5
253193,3794a,72,2
253193,3795,71,2
253193,3795,72,2
253193,3821,14,1
253193,3822,14,1
253193,3829c01,4,1
253193,3830,72,2
253193,3831,72,2
253193,3832,14,1
253193,3837,72,1
253193,3894,14,2
253193,3941,14,2
253193,3942c,14,3
253193,3962b,72,1
253193,4006,0,1
253193,4032a,0,3
253193,40620,71,2
253193,4070,14,6
253193,4079,4,2
253193,4151a,72,1
253193,41532,0,5
253193,4162,72,8
253193,4162,14,4
253193,4175,14,2
253193,4176,40,2
253193,41862,71,4
253193,42022,72,2
253193,42610,71,1
253193,4282,72,2
253193,4282,14,1
253193,4286,14,2
253193,43898,0,4
253193,44302a,14,4
253193,44675,14,4
253193,44728,72,2
253193,4477,14,13
253193,4477,72,4
253193,45575,71,2
253193,4589,182,3
253193,4740,0,2
253193,48989,71,2
253193,50950,14,6
253193,52031,14,2
253193,52041,14,5
253193,53230,9999,1
253193,54200,182,14
253193,56823c420,0,1
253193,6019,71,2
253193,6087,0,4
253193,6111,14,2
253193,6112,72,2
253193,6180,14,1
253193,6232,72,4
253193,6249,71,1
253193,6541,14,4
253193,6553,0,1
253193,6632,14,2
253193,75347,14,2
253193,75535,14,6
253211,11213,25,4
253211,13564,0,4
253211,15535,2,1
253211,15573,0,4
253211,15573,25,2
253211,1745,0,4
253211,24246,0,6
253211,25269,0,8
253211,26604,19,8
253211,29119,0,2
253211,29120,0,2
253211,3009,15,4
253211,3010,15,12
253211,3020,25,2
253211,3023,0,1
253211,3023,25,3
253211,3069b,0,2
253211,32062,4,1
253211,32607,2,2
253211,32828,0,2
253211,3396,0,2
253211,3666,15,2
253211,3710,0,1
253211,3710,15,2
253211,3710,25,1
253211,3958,25,7
253211,4032a,2,1
253211,53451,0,4
253211,60474,2,1
253211,61252,0,4
253211,61252,25,4
253211,65473,70,1
253211,87580,25,1
253211,98138,25,6
253211,98138,0,2
253286,19729pr0064,308,1
253286,970c09,85,1
253286,973c33h02pr6423,30,1
253289,11214,72,4
253289,11947,73,1
253289,12799,72,1
253289,18654,0,2
253289,22961,73,6
253289,24316,70,8
253289,27940,72,3
253289,32013,0,2
253289,32013,73,4
253289,32015,71,2
253289,32056,0,2
253289,32062,4,8
253289,32073,14,1
253289,32123b,71,4
253289,32140,73,4
253289,32250,0,2
253289,32316,0,4
253289,32348,4,2
253289,32348,72,2
253289,32523,72,1
253289,32524,71,1
253289,32525,73,1
253289,32526,0,4
253289,3708,0,2
253289,3713,4,4
253289,39888,19,2
253289,40490,0,3
253289,41239,0,3
253289,41677,0,2
253289,42003,0,2
253289,42924,1,25
253289,43093,1,12
253289,44294,71,1
253289,4519,71,6
253289,46189,0,4
253289,48267,73,1
253289,53451,15,12
253289,55976,0,4
253289,56145,179,4
253289,60483,73,5
253289,60483,0,4
253289,60483,15,2
253289,60484,0,2
253289,61332,0,40
253289,61800,73,3
253289,62462,71,2
253289,63869,71,2
253289,64391,73,3
253289,64683,73,3
253289,65098,71,1
253289,6536,73,2
253289,6536,71,2
253289,69819,0,2
253289,71682,73,3
253289,71708,73,5
253289,71708,0,2
253289,77765,71,2
253289,78c02,179,2
253289,80225,9999,1
253289,89678,4,12
253289,98138,73,2
253289,99773,0,2
253393,18787,1103,1
253393,3004pr9952,0,2
253393,4032a,0,1
253393,87580,0,1
253393,99563,1103,1
253394,18787,1103,1
253396,3020,28,1
253396,4006,179,1
253396,4083,0,1
253396,4495b,1,1
253396,4522,0,1
253396,63965,71,1
253397,21459,297,1
253397,25111,297,1
253397,3206,0,1
253397,80682,0,1
253397,98138pr0018,84,1
253397,98139,297,1
253400,15279,10,1
253400,15469,212,1
253400,18674,28,3
253400,18674,31,1
253400,20482,70,1
253400,22667,27,3
253400,24866,323,1
253400,24866,10,4
253400,26047,2,2
253400,3001,70,3
253400,3009,15,4
253400,3036,15,1
253400,33320,2,1
253400,3563,15,2
253400,39262,10,1
253400,39739,2,3
253400,49668,31,4
253400,51270,10,1
253400,5904,5,1
253400,61252,10,2
253400,68211,10,1
253400,77850,28,1
253400,78666,2,1
253400,79756,15,2
253400,79757,15,4
253400,85861,27,4
253400,98138pr9989,4,1
253424,11211,71,1
253424,11212,0,2
253424,11215,4,1
253424,11289,46,1
253424,11458,0,8
253424,11476,14,4
253424,13252,46,1
253424,14719,14,2
253424,14719,71,2
253424,14719,0,4
253424,14769,4,2
253424,15068,0,2
253424,15462,70,4
253424,15535,0,2
253424,15573,14,4
253424,15573,0,3
253424,15712,0,12
253424,17485,0,2
253424,17485,4,2
253424,17979pr0002,0,1
253424,18674,0,2
253424,1927,0,4
253424,22885,4,2
253424,22889,0,4
253424,2310,14,8
253424,2310,0,12
253424,23443,0,2
253424,2357,71,2
253424,2357,0,2
253424,2412b,14,31
253424,2420,0,14
253424,24201,0,4
253424,2431,0,8
253424,2432,14,2
253424,2445,71,1
253424,2540,71,4
253424,2654,4,2
253424,2654,36,2
253424,27263,0,2
253424,28192,0,56
253424,28192,14,14
253424,29115,0,1
253424,29119,0,1
253424,29120,0,1
253424,298c02,14,2
253424,298c02,0,2
253424,3001,0,8
253424,3002,0,4
253424,3003,4,2
253424,3003,0,15
253424,30036,0,2
253424,3004,0,17
253424,3004,14,2
253424,3004,4,1
253424,3005,14,6
253424,3005,0,4
253424,3009,0,2
253424,3010,0,9
253424,3020,14,3
253424,3020,0,18
253424,3021,0,4
253424,3021,4,5
253424,3021,14,2
253424,3022,14,17
253424,3022,0,4
253424,3022,4,3
253424,3023,0,24
253424,3023,36,15
253424,3023,71,4
253424,3023,14,20
253424,3024,0,4
253424,3024,36,18
253424,3024,14,4
253424,3031,14,3
253424,3036,0,6
253424,3037,0,2
253424,30374,36,8
253424,3039,0,6
253424,3040b,0,2
253424,3040bpr9998,0,2
253424,30504,0,4
253424,3062b,36,8
253424,3068b,0,14
253424,3068bpr9347,0,1
253424,3068bpr9348,0,4
253424,3069b,0,10
253424,3069b,36,4
253424,3070b,0,2
253424,32013,0,16
253424,32064a,4,4
253424,32064a,71,2
253424,32123b,14,4
253424,32316,0,2
253424,32803,0,2
253424,3386,4,2
253424,3460,0,3
253424,3484,0,2
253424,35394,36,2
253424,35480,14,24
253424,35480,4,16
253424,35480,0,4
253424,35480,71,41
253424,35787,0,8
253424,3622,0,8
253424,3623,0,2
253424,3633,0,4
253424,3666,0,11
253424,3666,14,4
253424,36840,14,4
253424,36841,14,4
253424,3700,0,11
253424,3701,0,8
253424,3703,0,2
253424,3705,4,2
253424,3710,14,9
253424,3710,71,2
253424,3710,4,2
253424,3710,0,12
253424,3713,4,2
253424,3749,19,6
253424,3795,0,3
253424,3795,14,2
253424,3829c01,14,1
253424,3839b,0,2
253424,3895,0,3
253424,3937,14,1
253424,3937,0,1
253424,3938,0,1
253424,3943b,0,2
253424,39888,19,2
253424,4032a,14,4
253424,4032a,4,8
253424,4081b,14,4
253424,41682,0,6
253424,41682,14,2
253424,42195,0,2
253424,4286,0,4
253424,4286,14,2
253424,42924,1,2
253424,4304,0,2
253424,4360,0,2
253424,43722,14,1
253424,43722,0,1
253424,43723,14,1
253424,43723,0,1
253424,44728,14,3
253424,44861,14,2
253424,44861,0,2
253424,4519,14,8
253424,45590,0,2
253424,4590,72,1
253424,4595,0,2
253424,4697b,0,2
253424,4733,0,1
253424,4735,0,4
253424,47905,0,1
253424,5119,0,6
253424,54200,36,2
253424,54383,0,1
253424,54384,0,1
253424,55013,72,2
253424,55982,0,4
253424,5907,72,4
253424,59900,36,5
253424,59900,0,4
253424,60219,0,2
253424,60475b,0,4
253424,60478,0,4
253424,60479,14,8
253424,60479,4,2
253424,60483,0,4
253424,61252,0,2
253424,61252,14,2
253424,61332,0,43
253424,6134,0,1
253424,61409,14,4
253424,6141,0,1
253424,62462,14,2
253424,63864,14,2
253424,64799,0,2
253424,65509,14,2
253424,65676,14,6
253424,6636,0,2
253424,66792,0,4
253424,66906,4,2
253424,66909,0,4
253424,68013,0,2
253424,68327,14,2
253424,69729,0,5
253424,73230,71,4
253424,73562,0,4
253424,73825,0,2
253424,75937,0,4
253424,76959,0,4
253424,77808,72,17
253424,78256,4,16
253424,78258,4,2
253424,80324,0,4
253424,85861,14,4
253424,85984,14,2
253424,85984,0,5
253424,85984pr9990,0,3
253424,85984pr9991,0,2
253424,87079,71,2
253424,87079,0,2
253424,87994,0,3
253424,89678,4,8
253424,89678,72,3
253424,90194,0,1
253424,91988,0,2
253424,92107,0,4
253424,92402,0,4
253424,92582,14,2
253424,92950,0,4
253424,93106,0,1
253424,93273,4,4
253424,95347,0,2
253424,96874,25,1
253424,98138,46,1
253424,98138,47,8
253424,99207,14,1
253424,99773,0,2
253424,99780,14,3
253424,99780,0,6
253424,99781,0,4
253544,64647,182,2
253544,85861,182,2
253674,2543,4,1
253674,3626bpr0018,14,1
253674,970c28,1,1
253674,973c01h01pr0036,14,1
253675,2543,4,1
253675,3626bpr0018,14,1
253675,970c27,15,1
253675,973c01h01pr0036,14,1
253769,14210,15,1
253769,2343,0,2
253769,2357,0,5
253769,2357,72,7
253769,2377,15,2
253769,2412b,297,1
253769,2412b,0,4
253769,2431,72,6
253769,2431,0,7
253769,2431pr0028,72,2
253769,2432,71,6
253769,2436,15,1
253769,2445,71,1
253769,2453a,0,5
253769,2454a,72,4
253769,2454a,0,6
253769,2465,0,1
253769,2476a,71,2
253769,2486,71,2
253769,2488,0,1
253769,2489,70,1
253769,2540,71,4
253769,2555,71,1
253769,2555,0,11
253769,2561,70,3
253769,2653,71,2
253769,2654,71,1
253769,2736,71,1
253769,2780,0,2
253769,298c02,71,1
253769,3001,70,4
253769,3003,72,13
253769,3004,72,9
253769,3004,0,33
253769,3004,70,8
253769,30044,70,12
253769,30045,0,9
253769,30046,0,6
253769,3005,15,4
253769,3005,0,18
253769,3005,70,34
253769,30055,0,17
253769,30056,0,6
253769,3008,0,7
253769,3009,0,12
253769,3009,70,2
253769,3009,15,4
253769,3010,70,11
253769,3010,0,20
253769,30103,0,1
253769,30136,19,4
253769,30156pr0002,72,3
253769,30173a,0,1
253769,30176,2,6
253769,3020,0,2
253769,3021,71,3
253769,3023,70,6
253769,3023,72,11
253769,30237a,71,2
253769,3027,71,1
253769,3028,15,1
253769,3030,72,2
253769,3031,72,1
253769,3032,0,1
253769,3034,70,2
253769,3034,72,1
253769,3035,0,2
253769,3036,71,3
253769,3037,0,2
253769,30374,0,5
253769,30374,41,2
253769,30377,71,4
253769,30389b,71,1
253769,3039,0,3
253769,3041,0,4
253769,30414,15,2
253769,3043,0,1
253769,3048c,71,4
253769,30540,71,2
253769,30553,72,4
253769,30562,40,2
253769,3062b,46,2
253769,3062b,0,4
253769,3062b,47,6
253769,3068b,0,2
253769,3068bpr0095,72,1
253769,3069b,0,12
253769,3069b,33,2
253769,3069bpr0020,71,1
253769,3070b,46,5
253769,3070bpr0003,19,2
253769,3190,15,1
253769,3191,15,1
253769,32000,15,2
253769,32013,72,3
253769,32015,0,3
253769,32028,71,10
253769,32034,1,1
253769,32062,4,6
253769,32064c,71,3
253769,32123b,71,1
253769,32278,0,1
253769,3245b,15,1
253769,32529,0,1
253769,32530,72,3
253769,3307,71,1
253769,33215,71,1
253769,3460,72,1
253769,3581,71,2
253769,3622,0,4
253769,3623,0,1
253769,3626bpr0190,15,2
253769,3659,72,12
253769,3660,0,10
253769,3660,70,5
253769,3665,15,2
253769,3665,0,6
253769,3666,72,8
253769,3673,71,3
253769,3679,71,2
253769,3680,0,2
253769,3706,0,1
253769,3710,15,1
253769,3710,72,14
253769,3741,2,2
253769,3794a,72,10
253769,3795,0,1
253769,3795,15,1
253769,3829c01,1,1
253769,3830,0,3
253769,3831,0,3
253769,3835,0,1
253769,3839b,71,1
253769,3861b,70,1
253769,3894,15,1
253769,3937,72,2
253769,3941,71,1
253769,3941,70,3
253769,3942c,0,2
253769,3943b,0,1
253769,3957a,71,1
253769,3958,72,2
253769,3960,47,1
253769,3960,71,1
253769,40234,70,1
253769,40241,70,1
253769,4070,72,4
253769,4079,70,2
253769,4081b,15,2
253769,4081b,72,2
253769,4085c,72,6
253769,4095,0,2
253769,41532,0,2
253769,41539,72,2
253769,4162,72,2
253769,4162,0,12
253769,4176,41,1
253769,41854,0,1
253769,4201,72,3
253769,4204,72,1
253769,42448,0,2
253769,4274,1,9
253769,4282,72,2
253769,4286,0,2
253769,43337,70,1
253769,4360,0,1
253769,44301a,0,2
253769,44567a,0,1
253769,44728,72,2
253769,4477,71,1
253769,4488,71,4
253769,4589,42,4
253769,4589,72,21
253769,4623,71,2
253769,4697b,71,5
253769,4733,72,1
253769,4735,0,1
253769,4740,72,1
253769,47456,0,1
253769,48490,0,2
253769,4862,41,2
253769,4865a,71,3
253769,48729a,0,11
253769,50745,72,4
253769,50859a,0,1
253769,50861,0,2
253769,50862,71,2
253769,50950,0,2
253769,50950,15,4
253769,50950,72,2
253769,52031,72,3
253769,52035,0,1
253769,52501,15,4
253769,54200,33,2
253769,54200,0,2
253769,55706,0,2
253769,55707a,0,1
253769,55707e,0,2
253769,56619,0,1
253769,57325,9999,1
253769,57893,0,3
253769,6014b,71,4
253769,6015,0,4
253769,6016,72,1
253769,6020,71,2
253769,6060,0,2
253769,6066,72,2
253769,6111,0,1
253769,6112,72,2
253769,6117,72,1
253769,6126a,57,2
253769,6131,0,1
253769,6134,71,2
253769,6141,36,9
253769,6141,47,1
253769,6141,71,20
253769,6141,46,3
253769,6179,0,1
253769,6190,72,1
253769,6538b,71,1
253769,6541,71,5
253769,6587,72,2
253769,6636,15,1
253769,6636,71,2
253769,85973,0,1
253769,98721,0,3
253771,12825,0,1
253771,2335,15,2
253771,2343,0,1
253771,2345,71,3
253771,2412b,25,4
253771,2412b,0,4
253771,2419,0,2
253771,2420,15,6
253771,2431,15,16
253771,2432,72,2
253771,2436,0,2
253771,2454a,15,2
253771,2456,19,1
253771,2465,15,1
253771,2516,0,1
253771,2540,72,7
253771,2584,0,1
253771,2585,71,1
253771,2653,71,6
253771,2780,0,6
253771,2877,72,11
253771,298c02,0,4
253771,3001,14,1
253771,3002,15,2
253771,30035,0,1
253771,3005,15,8
253771,3009,72,10
253771,3010,15,5
253771,30154,72,1
253771,30192,72,1
253771,30193,72,1
253771,3020,72,2
253771,3020,15,6
253771,3022,71,7
253771,3023,71,27
253771,3028,15,2
253771,3029,15,2
253771,3030,71,2
253771,30303,71,1
253771,3031,72,6
253771,30355,15,1
253771,30356,15,1
253771,30359b,71,2
253771,30363,15,2
253771,30363,71,4
253771,30372pr0001,40,1
253771,30374,41,3
253771,30374,36,2
253771,3039,15,10
253771,3039,72,4
253771,3040b,71,5
253771,3040b,15,18
253771,30565,72,5
253771,3069b,72,11
253771,32000,15,7
253771,32028,0,7
253771,32062,0,1
253771,32073,71,3
253771,32270,0,3
253771,32524,14,3
253771,32530,4,1
253771,3298,15,4
253771,3647,71,2
253771,3665,15,2
253771,3666,19,6
253771,3679,71,2
253771,3680,0,2
253771,3700,71,1
253771,3706,0,2
253771,3710,72,4
253771,3743,0,7
253771,3794a,15,5
253771,3795,19,2
253771,3830,15,2
253771,3831,15,2
253771,3832,15,2
253771,3937,71,2
253771,3938,15,2
253771,3940b,72,2
253771,3958,15,1
253771,3960,71,1
253771,40244,0,1
253771,4032a,72,10
253771,4070,0,4
253771,4079b,0,1
253771,4083,14,1
253771,4150,15,4
253771,4162,72,4
253771,41769,15,3
253771,41770,15,3
253771,42022,15,4
253771,4215b,40,2
253771,4274,1,5
253771,4287b,15,2
253771,43337,15,4
253771,43722,71,1
253771,43723,71,1
253771,44301a,72,6
253771,44302a,14,4
253771,4460b,15,4
253771,44728,71,3
253771,4477,15,6
253771,4477,72,12
253771,4510,71,4
253771,4588,72,2
253771,4589,182,4
253771,4733,72,1
253771,47397,15,1
253771,47398,15,1
253771,4740,47,1
253771,47457,15,2
253771,47675,15,1
253771,47676,15,1
253771,4855,15,1
253771,4858,15,1
253771,50745,14,1
253771,50950,14,6
253771,50950,15,6
253771,52107,0,2
253771,54200,15,6
253771,56823c50,0,1
253771,58247,0,4
253771,59900,72,6
253771,6019,71,1
253771,60694,9999,1
253771,6081,14,2
253771,6083pat0001,232,2
253771,6091,14,4
253771,6112,72,4
253771,6141,182,7
253771,6141,0,8
253771,6179,71,2
253771,6238,40,1
253771,64567,71,1
253771,6541,19,6
253771,6587,72,2
253771,6628,0,1
253771,73983,19,1
253772,2412b,14,3
253772,2412b,72,3
253772,2431,0,6
253772,2555,71,2
253772,2555,0,2
253772,2654,71,3
253772,2730,15,2
253772,2736,71,1
253772,2780,0,2
253772,3002,0,1
253772,3004,4,2
253772,30088,72,1
253772,3010,14,2
253772,30132,72,1
253772,30153,47,1
253772,3023,0,2
253772,3029,71,1
253772,3031,2,1
253772,30363,0,3
253772,3037,0,4
253772,30374,71,1
253772,30384,40,1
253772,3039,0,4
253772,3039pr0005,15,1
253772,3040b,0,2
253772,30503,4,2
253772,3063b,0,4
253772,3068b,191,4
253772,3070b,0,2
253772,3070b,15,2
253772,3070b,14,2
253772,32013,0,2
253772,32039,4,1
253772,3460,71,2
253772,3623,14,2
253772,3660,15,14
253772,3665,71,4
253772,3666,2,2
253772,3666,0,2
253772,3700,15,2
253772,3709,72,2
253772,3710,72,7
253772,3747b,71,2
253772,3749,19,3
253772,3794a,4,2
253772,3941,14,1
253772,3960,0,1
253772,4032a,71,2
253772,4081b,0,2
253772,4085c,4,2
253772,4150,14,2
253772,41531,0,2
253772,41747,0,1
253772,41747,191,1
253772,41748,0,1
253772,41748,191,1
253772,41764,15,2
253772,41765,15,2
253772,41769,4,1
253772,41769,14,1
253772,41770,4,1
253772,41770,14,1
253772,42023,71,2
253772,4286,0,2
253772,43093,1,2
253772,43712,4,1
253772,43713,72,2
253772,43719,14,2
253772,44661,14,1
253772,4477,14,2
253772,4519,71,1
253772,45705,0,1
253772,4589,46,2
253772,4589,34,2
253772,4733,15,2
253772,47406,15,1
253772,4868b,2,2
253772,4869,71,2
253772,4871,72,1
253772,49668,191,4
253772,49668,0,2
253772,54200,0,7
253772,57028c01,71,1
253772,57796,72,1
253772,59900,72,1
253772,6041,0,1
253772,6041,191,2
253772,61184,71,2
253772,6141,4,6
253772,6232,4,1
253772,63056,9999,1
253772,63965,71,1
253772,6541,71,2
253775,2412b,0,6
253775,2412b,72,7
253775,2412b,297,2
253775,2431,0,19
253775,2432,2,1
253775,2449,0,2
253775,2453a,72,4
253775,2454a,71,4
253775,2458,14,2
253775,2540,0,2
253775,2555,0,1
253775,2723,0,28
253775,2780,0,1
253775,2817,0,1
253775,2825,0,1
253775,2877,0,5
253775,298c02,71,3
253775,3002,72,2
253775,3003,0,2
253775,3004,70,1
253775,3004,72,8
253775,3005,72,2
253775,3008,0,2
253775,3009,72,2
253775,30162,72,4
253775,3020,71,1
253775,3021,0,1
253775,3022,0,2
253775,3022,14,2
253775,3023,72,3
253775,30236,0,6
253775,3024,46,4
253775,30258,72,2
253775,3031,72,2
253775,3032,72,1
253775,3033,72,1
253775,30355,0,2
253775,30356,0,2
253775,30357,72,2
253775,30364,0,2
253775,30365,0,2
253775,30367b,14,1
253775,3039,14,2
253775,3040b,0,4
253775,3062b,4,2
253775,3062b,36,2
253775,3068b,0,1
253775,3069b,2,3
253775,3069b,0,9
253775,3069bpr0070,0,1
253775,3069bpr0100,2,2
253775,3070b,36,2
253775,32000,72,1
253775,32002,72,2
253775,32013,0,4
253775,32017,72,8
253775,32062,4,3
253775,32064c,72,2
253775,32140,14,4
253775,32278,72,2
253775,32291,0,1
253775,32316,14,6
253775,32316,0,2
253775,32449,0,4
253775,32523,14,4
253775,32524,0,2
253775,32526,72,4
253775,32532,0,1
253775,3622,0,4
253775,3666,0,1
253775,3673,71,1
253775,3679,71,2
253775,3680,0,2
253775,3700,0,2
253775,3701,14,1
253775,3701,0,2
253775,3710,0,2
253775,3794a,72,2
253775,3794a,0,1
253775,3795,0,2
253775,3873,0,158
253775,3894,14,2
253775,3937,0,2
253775,3938,71,2
253775,3941,14,2
253775,3941,0,1
253775,3958,0,4
253775,3960,0,1
253775,40244,0,1
253775,4032a,72,1
253775,40490,71,2
253775,4070,14,2
253775,4085c,71,6
253775,41239,0,2
253775,4162,0,4
253775,41769,0,2
253775,41770,0,2
253775,42610,71,1
253775,4274,1,20
253775,4286,72,4
253775,43093,1,5
253775,4519,71,18
253775,45301,0,2
253775,45590,0,1
253775,45705,40,1
253775,4589,46,2
253775,4589,42,5
253775,4589,14,2
253775,4599a,0,1
253775,4697b,71,1
253775,4733,72,1
253775,4740,42,1
253775,48724,72,1
253775,49668,0,8
253775,50859a,0,1
253775,50860,288,1
253775,50861,0,2
253775,50862,72,2
253775,50950,0,4
253775,51011,0,1
253775,54200,0,22
253775,55706,0,2
253775,55707a,0,1
253775,55707e,0,2
253775,56619,0,1
253775,57028c01,71,1
253775,57796,0,1
253775,58827,0,2
253775,59426,72,1
253775,60169,70,1
253775,6019,0,2
253775,60401,9999,1
253775,6046,135,2
253775,6091,0,2
253775,6106,0,4
253775,6141,0,2
253775,6141,42,5
253775,6141,72,6
253775,6536,0,2
253775,6558,0,44
253775,6587,72,4
253775,6632,71,1
253775,85973,0,1
253775,98721,0,3
253777,11211,25,1
253777,11477,27,4
253777,11477,288,2
253777,14769pr1003,15,2
253777,15068,2,1
253777,15068,288,3
253777,15573,27,1
253777,15573,320,4
253777,15573,10,2
253777,22888,19,2
253777,2423,326,2
253777,24866,297,2
253777,25269,27,1
253777,25269,28,6
253777,26601,2,2
253777,26604,378,6
253777,29119,288,1
253777,29120,288,1
253777,3001,2,2
253777,3004,1050,1
253777,3004,2,2
253777,3020,28,2
253777,3020,27,2
253777,3021,2,2
253777,3021,322,2
253777,3021,27,3
253777,3022,4,1
253777,3022,2,7
253777,3023,2,8
253777,3023,27,2
253777,3024,288,4
253777,3024,326,2
253777,3024,2,5
253777,30414,14,2
253777,3069b,288,7
253777,3069b,2,2
253777,3070b,27,1
253777,3070b,28,4
253777,32607,14,2
253777,33183,191,1
253777,33909,288,1
253777,35480,28,6
253777,3623,2,2
253777,3665,27,1
253777,36840,27,2
253777,3710,288,2
253777,37352,2,2
253777,3795,2,2
253777,43722,2,1
253777,43723,2,1
253777,44728,2,3
253777,50950,2,2
253777,54200,27,2
253777,54200,2,5
253777,6091,2,3
253777,6091,27,2
253777,6091,288,2
253777,65578,0,2
253777,6636,28,2
253777,67329,2,1
253777,73825,2,2
253777,85984,288,2
253777,87087,2,2
253777,87580,28,2
253777,98138,326,2
253777,98138,14,2
253777,98138,4,4
253777,99780,288,4
253777,99781,27,2
254015,2412b,72,3
254015,2431,15,5
254015,2432,1,1
254015,2540,72,1
254015,3004,4,1
254015,3005,15,6
254015,3009,15,3
254015,3010,72,1
254015,30150,14,1
254015,30162,72,2
254015,3020,4,4
254015,3021,1,2
254015,3022,1,1
254015,3023,36,2
254015,3023,15,2
254015,3023,14,3
254015,3023,46,1
254015,3024,46,1
254015,3033,15,1
254015,3037,15,1
254015,3040b,15,2
254015,30414,14,1
254015,3069b,33,4
254015,3069b,36,2
254015,3069b,72,1
254015,3069bpr0100,2,1
254015,3070b,15,2
254015,32028,0,3
254015,3623,15,4
254015,3665,15,4
254015,3666,1,3
254015,3666,15,1
254015,3666,72,1
254015,3679,71,1
254015,3680,1,1
254015,3710,1,7
254015,3710,15,1
254015,3794b,15,4
254015,3795,72,1
254015,3821,15,1
254015,3822,15,1
254015,3829c01,14,1
254015,3899,4,1
254015,3900,15,1
254015,3962b,0,1
254015,4070,15,2
254015,4079b,14,2
254015,4349,72,1
254015,4488,71,4
254015,4697b,71,2
254015,50745,15,4
254015,50859b,0,1
254015,50860,25,1
254015,50861,0,2
254015,50862,71,2
254015,52031,15,1
254015,52037,72,1
254015,52501,15,1
254015,54200,1,2
254015,54200,47,2
254015,54200,33,2
254015,54200,72,2
254015,58380,15,1
254015,58381,15,1
254015,6014b,71,4
254015,60470a,15,1
254015,60581,0,1
254015,60594,15,2
254015,60700,0,4
254015,6079,15,1
254015,61252,15,1
254015,6141,33,5
254015,6141,46,1
254015,61482,71,1
254015,6154,15,2
254015,6155,15,2
254015,62113,72,2
254015,64567,0,1
254015,6636,15,1
254015,87079,71,2
254015,87609,15,1
254015,92583,41,1
254015,92593,15,4
254015,93164,9999,1
254016,3624,15,1
254016,3626bpr0891,14,1
254016,970c03,0,1
254016,973c03h01pr1188,0,1
254073,10928,72,2
254073,11214,72,2
254073,15462,70,1
254073,32056,72,2
254073,32062,0,8
254073,32449,4,2
254073,32524,0,3
254073,32526,4,3
254073,32905,71,1
254073,3673,71,4
254073,3705,4,4
254073,39888,19,2
254073,40490,71,1
254073,41677,72,4
254073,42003,0,3
254073,42610,71,7
254073,42924,1,7
254073,4519,71,4
254073,50951,0,6
254073,6536,4,3
254073,6632,15,4
254073,71682,4,2
254073,71708,4,2
254073,92907,71,3
254210,24866,323,2
254210,24866,5,2
254210,3020,323,2
254210,3022,29,1
254210,3040b,41,2
254210,3062b,47,2
254210,3065,46,2
254210,3065,45,2
254210,3065,41,2
254210,3660,322,2
254210,3710,226,2
254210,37352,323,2
254210,37775,182,2
254210,3941,47,1
254210,3941,46,2
254210,49307,322,2
254210,5174,15,1
254210,54200,41,2
254210,54200,46,2
254210,59900,14,3
254210,86876,15,2
254210,87087,15,2
254210,98138pr9980,15,2
254210,98138pr9981,15,2
254237,2431,0,1
254237,2431pr0057,15,1
254237,2436,320,1
254237,2555,7,1
254237,298c02,7,2
254237,3021,0,1
254237,3021,2,1
254237,3023,378,1
254237,3023,0,1
254237,3023,19,2
254237,3024,320,1
254237,3024,14,1
254237,3024,15,2
254237,30361cpr0005,379,1
254237,3040b,272,2
254237,3069bpr0088,15,1
254237,3070b,40,1
254237,3070b,320,2
254237,3666,15,1
254237,3710,320,1
254237,3794a,378,2
254237,3794a,15,1
254237,3794a,272,2
254237,3794a,320,3
254237,3795,8,1
254237,4032a,7,1
254237,4070,272,2
254237,4081b,14,1
254237,41769,320,1
254237,41770,320,1
254237,4287a,15,1
254237,4589,15,2
254237,4599a,15,2
254237,4740,7,1
254237,48933pr0008,272,1
254237,6005,0,1
254237,6091,15,1
254237,6141,0,1
254237,6141,36,1
254237,6141,7,2
254260,61190c,72,4
254260,63586,72,3
254260,92738,0,1
254361,28621pr4230,14,1
254361,970c05,272,1
254361,973c29h01pr6759,212,1
254361,99930,0,1
254362,2633,0,1
254362,3626cpr0893,14,1
254362,970c23,84,1
254362,973c46h01pr0004,3,1
254363,3277,0,1
254363,3626cpr9729,14,1
254363,41879a,379,1
254363,973c03h01pr6727,15,1
254364,3626cpr1966,14,1
254364,7051pr0001,27,1
254364,970c10,320,1
254364,973c22h01pr0026,4,1
254365,3626cpr3265,14,1
254365,41879a,84,1
254365,66915,0,1
254365,973c46h01pr0004,3,1
254421,12751,9999,1
254421,13731,4,2
254421,2412b,4,5
254421,2412b,72,3
254421,2431,72,2
254421,2432,14,2
254421,2432,0,1
254421,2436,1,1
254421,2877,72,2
254421,298c02,71,1
254421,298c02,14,1
254421,3001,14,2
254421,3001,72,2
254421,3004,14,1
254421,3005,272,4
254421,3010,272,4
254421,3010,15,2
254421,3020,0,1
254421,3020,4,3
254421,3020,72,7
254421,3021,15,1
254421,3021,0,4
254421,3022,1,3
254421,3023,0,3
254421,3023,36,2
254421,3023,4,4
254421,3024,182,4
254421,30350b,15,2
254421,3040b,0,4
254421,30414,71,1
254421,3069b,33,3
254421,3069b,36,2
254421,3069b,272,2
254421,3069b,82,1
254421,3069b,0,2
254421,3069bpr0077,15,1
254421,3069bpr0100,2,3
254421,3070b,0,2
254421,32028,71,2
254421,32028,4,4
254421,3660,72,4
254421,3665,72,4
254421,3665,15,6
254421,3666,272,3
254421,3666,0,1
254421,3666,15,2
254421,3666,72,2
254421,3710,2,4
254421,3710,4,2
254421,3710,15,2
254421,3710,72,2
254421,3710,272,5
254421,3710,0,2
254421,3794b,72,2
254421,3795,4,1
254421,3795,15,1
254421,3795,0,2
254421,3829c01,14,2
254421,3873,71,12
254421,3899,4,1
254421,3942c,14,1
254421,3958,72,1
254421,3962b,0,2
254421,4079b,14,1
254421,4282,71,2
254421,4286,4,2
254421,4488,71,4
254421,4697b,71,2
254421,47457,4,1
254421,48336,15,2
254421,48336,0,1
254421,4865b,0,1
254421,50745,4,4
254421,50859b,0,1
254421,50861,0,2
254421,50862,71,2
254421,52031,15,1
254421,52031,272,1
254421,52035,15,1
254421,52036,72,1
254421,52501,4,2
254421,54200,36,1
254421,54200,46,3
254421,54200,33,2
254421,54200,4,4
254421,55981,71,4
254421,57783,40,1
254421,58090,0,4
254421,6014b,15,4
254421,60477,15,2
254421,6079,15,1
254421,61409,0,2
254421,6141,72,2
254421,6141,33,3
254421,6141,46,4
254421,61482,71,2
254421,6179,72,1
254421,6231,4,2
254421,6249,71,2
254421,63864,4,2
254421,63868,0,2
254421,63868,71,2
254421,6567c03,272,1
254421,6583,0,1
254421,6636,15,1
254421,6636,4,1
254421,6636,0,1
254421,85984,0,1
254421,85984,4,2
254421,87087,71,4
254421,87552,41,2
254421,87609,4,2
254421,87697,0,4
254421,88930,4,1
254421,92593,71,1
254421,98282,15,4
254421,99780,72,2
254538,10111566,9999,1
254538,11010,334,8
254538,14769pr9969,297,2
254538,1745,4,24
254538,1751,19,2
254538,20482,4,4
254538,23443,4,4
254538,24866,320,16
254538,3022,297,8
254538,30340,4,30
254538,32828,297,4
254538,35480,320,16
254538,35480,3,8
254538,37762,4,16
254538,3958,19,2
254538,39613,4,8
254538,4032a,14,8
254538,4032a,4,8
254538,49307,320,40
254538,60897,4,12
254538,6141,14,16
254538,64799,19,4
254538,6981,297,8
254538,77844,4,8
254538,79491,14,8
254538,85861,297,26
254538,87580,4,10
254538,88072,14,8
254538,90826,19,8
254539,11090,297,1
254539,15571,15,2
254539,15573,84,14
254539,18980,2,1
254539,20482,297,1
254539,23443,297,1
254539,24246,14,6
254539,24246,15,6
254539,24246,27,6
254539,25269,322,6
254539,25269,14,6
254539,26603,320,2
254539,3003,15,1
254539,30145,15,3
254539,30153,41,6
254539,3020,2,1
254539,3022,15,2
254539,3023,41,2
254539,3036,19,1
254539,30383,15,2
254539,3044c,84,1
254539,30565,19,2
254539,30565,2,2
254539,3062b,297,1
254539,3070b,84,4
254539,3176,322,6
254539,3176,14,6
254539,32123b,14,1
254539,32270,0,1
254539,33909,19,1
254539,3460,71,2
254539,3484,15,2
254539,3623,15,2
254539,3666,15,4
254539,3700,15,2
254539,3706,0,1
254539,3713,71,1
254539,3795,2,2
254539,3795,19,1
254539,3957b,47,4
254539,3960,297,1
254539,39739,1050,3
254539,41740,15,6
254539,42409,41,2
254539,4274,15,6
254539,4740,41,1
254539,4740,182,1
254539,57360,15,2
254539,59900,35,6
254539,59900,46,6
254539,60478,15,4
254539,6124,45,6
254539,61252,71,2
254539,6141,46,8
254539,6141,45,6
254539,63868,71,2
254539,6636,15,6
254539,68013,15,6
254539,69984,0,1
254539,77845,71,7
254539,78258,15,6
254539,85861,182,12
254539,85861,41,6
254539,85861,47,2
254539,85984,2,2
254539,87994,297,1
254539,90195,15,1
254539,98138,27,1
254539,99780,27,1
254554,20482,71,1
254554,2654,47,1
254554,30367c,71,1
254554,36752a,28,1
254554,4740,71,1
254569,11211,14,6
254569,11212,15,4
254569,15573,70,2
254569,18674,70,2
254569,1871,15,20
254569,1927,15,1
254569,1927,70,1
254569,24246,1050,3
254569,24246,70,14
254569,24866,5,2
254569,27925,70,4
254569,3003,15,2
254569,3004,14,6
254569,3005,14,6
254569,3005,27,1
254569,3009,14,4
254569,3010,226,4
254569,3020,27,2
254569,3021,70,2
254569,3021,19,1
254569,30357,25,1
254569,30357,70,8
254569,30565,27,4
254569,3070b,70,6
254569,3070b,158,3
254569,3277,27,1
254569,3460,70,2
254569,35480,70,6
254569,3622,226,8
254569,3623,27,2
254569,3666,27,2
254569,3710,70,2
254569,37775,182,1
254569,3937,70,2
254569,4032a,5,1
254569,49307,322,3
254569,59900,19,1
254569,6134,70,2
254569,6141,27,3
254569,68568,191,1
254569,87087,14,2
254569,87580,70,2
254569,87580,322,3
254569,99563,19,3
254645,18031,179,1
254668,53451,15,2
254668,92690,70,1
254693,28621pr0021,14,1
254693,35701,484,1
254693,37364c27,15,1
254693,973c42h27pr6620,322,1
254694,102264pat0001,15,1
254694,3626cpr1966,14,1
254694,970c05,272,1
254694,973c10h01pr6486,4,1
254761,102264,297,1
254761,104255pat0003,25,1
254761,12892,320,1
254761,18277,321,1
254761,24782pr9998,4,1
254761,24782pr9999,85,1
254761,25975pr0003,15,1
254761,26603pr9991,15,1
254761,26603pr9992,15,1
254761,28621pr9901,15,1
254761,28621pr9902,15,1
254761,28621pr9903,15,1
254761,28621pr9904,27,1
254761,28621pr9905,1,1
254761,28621pr9908,14,1
254761,28621pr9987,14,1
254761,28621pr9989,15,1
254761,30115,3,1
254761,3068bpr9328,322,1
254761,3557pr0002,5,1
254761,36036pr9977,0,1
254761,36036pr9978,15,1
254761,36036pr9979,5,1
254761,37191h01,1136,1
254761,37364l34r27pr0001,25,1
254761,45755pr0003,191,1
254761,6947pr0002,297,1
254761,76764,484,1
254761,80505pr0002,26,1
254761,80677pr0002,15,1
254761,90388,0,1
254761,90397pr9999,322,1
254761,93223,297,1
254761,970c03pr9990,0,1
254761,970c05pat01,272,1
254761,970c22pr9998,4,1
254761,970c26pr9998,19,1
254761,970c27pr9998,15,1
254761,970c28pat27pr9999,73,1
254761,970c34pr9999,25,1
254761,973c01h01pr9670,5,1
254761,973c01h01pr9671,14,1
254761,973c01h03pr9999,212,1
254761,973c03h01pr0013,0,1
254761,973c03h27pr9995,0,1
254761,973c03h27pr9996,0,1
254761,973c04h04pr9999,15,1
254761,973c05h01pr9998,272,1
254761,973c09h01pr9999,85,1
254761,973c18h01pr9999,27,1
254761,973c19h01pr9998,70,1
254761,973c21h21pr9999,297,1
254761,973c22h01pr9995,4,1
254761,973c26h01pr9996,19,1
254761,973c26h01pr9997,19,1
254761,973c27h01pr9987,15,1
254761,973c27h01pr9988,1,1
254761,973c27h27pr9996,15,1
254761,973c29h01pr9998,212,1
254761,973c29h01pr9999,212,1
254761,973c31h01pr9997,2,1
254761,973c31h01pr9998,2,1
254761,973c33h01pr9999,5,1
254761,973c34h01pr9998,25,1
254761,973c36h01pr9999,29,1
254761,973c46h22pr9998,3,1
254761,973c60h01pr9999,1050,1
254761,973c76h01pr9999,1136,1
254761,973e108pr0002,27,1
254761,973e143pr9999,15,1
254761,99244pr0003,27,1
254991,2420,0,4
254991,30137,6,3
254991,30173a,0,1
254991,3023,7,2
254991,3839b,1,1
254991,4085c,1,4
254991,4497,0,2
254991,6133,0,2
255148,64567,297,1
255148,98139,297,1
255332,11211,1,1
255332,11476,14,1
255332,14769,4,1
255332,15573,15,1
255332,17485pr0012,4,1
255332,2431,14,1
255332,2540,14,1
255332,30031,72,1
255332,3003pr0175,78,1
255332,3004,1,1
255332,3010,1,1
255332,3020,71,1
255332,3020,1,2
255332,3031,19,1
255332,3068bpr0443,15,1
255332,3068bpr9343,4,1
255332,3069bpr0300,15,1
255332,3623,1,1
255332,3795,71,1
255332,3937,71,1
255332,4006,179,1
255332,4032a,4,2
255332,4032a,14,1
255332,49153,0,2
255332,60897,1,1
255332,6134,71,1
255332,6278pat0003,191,1
255332,66792,71,1
255332,66855pr0007,4,1
255332,66858,1,1
255332,67906c03,4,2
255332,85861,0,2
255332,92585,0,1
255332,98138,14,1
255344,10052,15,1
255344,28621pr9785,78,1
255344,36806,15,1
255344,970c05pr0011,272,1
255344,973c05h02pr0004,272,1
255349,28621pr9921,1137,1
255349,3532,0,1
255349,41879a,1,1
255349,973c03h78pr0001,0,1
255351,105202pr0001,322,1
255351,970c42,322,1
255351,973c36h27pr0002,5,1
255382,109769pr0001,84,1
255382,16709pat27pr0001,84,1
255382,28621pr9782,14,1
255382,973g23c27h43pr0001,84,1
255383,110631,0,1
255383,28621pr4463,14,1
255383,59276,0,1
255383,970c03pat19pr0002,0,1
255383,973g19c75h19pr0001,70,1
255384,28621pr4472,15,1
255384,28974,0,1
255384,89844pr0001,15,1
255384,970c27pr0024,0,1
255384,973c27h03pr0013,15,1
255387,109868c01pr0001,191,1
255387,28621pr4473,14,1
255387,37364c46,3,1
255387,80911,0,1
255389,28621pr9778,14,1
255389,66915,29,1
255389,970c33pr0002,30,1
255389,973c33h01pr0001,30,1
255390,28621pr9777,14,1
255390,6648pr0001,379,1
255390,6954c01pr0001,379,1
255390,970c24pr0002,379,1
255392,12897,72,1
255392,28621pr4469,14,1
255392,65730pat0002,0,1
255392,970c14pr0004,71,1
255392,973c03h01pr0006,15,1
255393,64847,379,2
255393,6846pr0001,272,1
255393,970c05pr0012,272,1
255393,973c05h24pr0001,272,1
255396,16709pat01,15,1
255396,25412,226,1
255396,28621pr4466,14,1
255396,28974,15,1
255396,6332,15,1
255396,973c01h01pr0035,15,1
255398,110633,4,1
255398,28621pr4467,14,1
255398,79984pat0004,0,1
255398,970c10pat03pr0001,320,1
255398,973g27c01h01pr0003,3,1
255399,28621pr4470,14,1
255399,3277,70,1
255399,970c42pr0001,322,1
255399,973c27h01pr0055,15,1
255400,101777pr0003,308,1
255400,28621pr4471,14,1
255400,970c20pat07pr0002,326,1
255400,973d54pr0001,326,1
255450,109447pr0001,1,1
255450,41879a,1,1
255450,65753,27,1
255450,973c28h27pr0001,1,1
255451,105201pr0002,323,1
255451,37364c15,323,1
255451,973c27h27pr0007,1,1
255452,109784pr0001,326,1
255452,37364c20,326,1
255452,6913,27,1
255452,973c20h03pr0002,14,1
255453,105199pr0003,320,1
255453,41879a,320,1
255453,5386,320,1
255453,973g27c10h27pr0001,15,1
255455,109446pr0001,4,1
255455,11618,29,1
255455,41879apr0001,4,1
255455,973c22h03pr0005,4,1
255459,28621pr9765,25,1
255459,37364c10pr0001,70,1
255459,4364pr0003,15,1
255459,973c34h07pr0001,320,1
255460,30361cpr0022,320,1
255460,30362,320,2
255460,3262pr0003,15,1
255462,28621pr9764,78,1
255462,61183,70,1
255462,970c07pr0004,308,1
255462,973c07h03pr0001,308,1
255485,28621pr9763,92,1
255485,87557pr0006,15,1
255485,970c27pr0025,71,1
255485,973c14h27pr0005,15,1
255486,28621pr9763,92,1
255486,87557pr0007,15,1
255486,970c27pr0025,71,1
255486,973c14h27pr0005,15,1
255490,28621pr9763,92,1
255490,87557pr0008,15,1
255490,970c27pr0025,71,1
255490,973c14h27pr0005,15,1
255491,30361cpr0023,15,1
255491,30362,15,2
255491,3262pr0004,288,1
255494,30361cpr0024,15,1
255494,30362,15,2
255494,98100pr0015,15,1
255495,2446,15,1
255495,2447,47,1
255495,3626cpr2113,14,1
255495,38781,25,1
255495,970c05,272,1
255495,973c05h12pr6892,1062,1
255496,28621pr9766,14,1
255496,41879a,272,1
255496,87990,226,1
255496,973c04h01pr0003,323,1
255497,11303,272,1
255497,28621pr4031,14,1
255497,970c23,84,1
255497,973c25h01pr0005,378,1
255498,21778,0,1
255498,3626cpr3361,14,1
255498,970c12pr0004,72,1
255498,973c76h14pr0001,1136,1
255499,16178pat0001,4,1
255499,3626cpr0893,14,1
255499,970c12pr0004,72,1
255499,973c76h14pr0002,1136,1
255523,3626cpr2948,14,1
255523,87990,70,1
255523,970c27,15,1
255523,973e139pr0001,15,1
255524,3626cpr0933,14,1
255524,49663pat0003,321,1
255524,89159,47,1
255524,970c27,15,1
255524,973e137pr0001,15,1
255525,3626cpr3921,14,1
255525,79687,0,1
255525,970c27,15,1
255525,973e138pr0001,15,1
255528,11090,179,2
255528,20482,0,2
255528,24246,191,1
255528,3062b,1059,1
255528,4733,0,1
255528,4740,15,2
255528,78257,0,1
255528,78258,4,1
255528,85861,71,1
255528,89522,179,2
255528,98138,41,1
255528,98138pr0380,15,1
255530,3626cpr1965,14,1
255530,49663pat0003,321,1
255530,4987,379,1
255530,89159,47,1
255530,970c27pr2577,272,1
255530,973c04h05pr6870,15,1
255569,73232pr0003,29,1
255569,970c19,70,1
255569,973c43h03pr0001,29,1
255570,19729pr0085,71,1
255570,970c14,71,1
255570,973c14h12pr0003,71,1
255574,1987pat0001,1053,1
255574,28621pr4391,14,1
255574,970c37pr0001,26,1
255574,973c01h01pr7226,25,1
255649,10110286,9999,1
255649,11089,19,4
255649,11090,4,3
255649,11153,0,2
255649,11153,85,2
255649,111984a,9999,1
255649,111984b,9999,1
255649,111984c,9999,1
255649,11203,4,1
255649,11212,0,2
255649,11213,0,1
255649,11291,0,1
255649,11458,4,2
255649,11476,0,2
255649,11477,0,2
255649,11477,85,4
255649,13547,4,2
255649,14417,72,2
255649,14418,71,4
255649,14704,71,3
255649,14716,4,2
255649,15068,85,5
255649,15068,4,8
255649,15462,70,2
255649,15571,4,4
255649,15573,28,2
255649,15672,4,2
255649,15712,297,2
255649,15712,320,2
255649,16770,4,6
255649,1745,4,2
255649,21459,179,1
255649,21459,1055,2
255649,21459,297,6
255649,22890,72,2
255649,23969,71,2
255649,2420,19,4
255649,2420,4,1
255649,2420,71,2
255649,2420,28,2
255649,24201,0,2
255649,24309,4,4
255649,24309,0,2
255649,25269,85,4
255649,2540,19,2
255649,2540,0,1
255649,2540,4,2
255649,26047,0,8
255649,2639,4,4
255649,2654,0,4
255649,2654,36,1
255649,26601,4,4
255649,2736,71,3
255649,27507,0,2
255649,2752,0,1
255649,27925,85,2
255649,28802,0,2
255649,28802,4,6
255649,29119,4,4
255649,29120,4,4
255649,3001,15,2
255649,3002,0,1
255649,3003,0,4
255649,3003,72,2
255649,3010,0,2
255649,30136,72,1
255649,30153,46,1
255649,3020,85,2
255649,3020,72,1
255649,3020,0,4
255649,3021,4,1
255649,3022,320,6
255649,3022,0,4
255649,3023,320,6
255649,3023,85,7
255649,3031,4,1
255649,30357,4,2
255649,30374,70,2
255649,3068b,4,3
255649,3070b,28,3
255649,32000,4,4
255649,32016,4,10
255649,32062,4,9
255649,32064a,0,10
255649,32064a,72,4
255649,32803,4,3
255649,3386,0,8
255649,33909,84,3
255649,3484,297,4
255649,3484,70,1
255649,35480,72,3
255649,35480,0,4
255649,35480,27,2
255649,35480,19,13
255649,35485,297,4
255649,3623,85,6
255649,3628,0,2
255649,3666,4,1
255649,36840,4,2
255649,36840,0,2
255649,36841,85,2
255649,3700,4,2
255649,3701,0,4
255649,3705,4,2
255649,3706,0,6
255649,3710,85,3
255649,3713,4,2
255649,3795,19,1
255649,4032a,15,2
255649,4070,15,2
255649,4081b,19,2
255649,41677,4,4
255649,41769,4,2
255649,41769,0,1
255649,41770,0,1
255649,41770,4,2
255649,41812,4,2
255649,42195,4,4
255649,4304,71,1
255649,43045,0,2
255649,43712,4,1
255649,43713,85,1
255649,44728,4,2
255649,44728,0,2
255649,44861,4,2
255649,4519,71,2
255649,47455,0,4
255649,47457,4,7
255649,47753,0,1
255649,48205,0,1
255649,48208,0,1
255649,50923,4,4
255649,51739,0,1
255649,53451,0,5
255649,53451,19,8
255649,53585,0,2
255649,54200,4,2
255649,54200,85,4
255649,57585,0,4
255649,57909b,0,2
255649,59443,4,1
255649,5974pat0001,45,1
255649,5978,320,1
255649,5984,320,2
255649,59900,0,8
255649,60169,72,2
255649,60478,0,4
255649,60592,15,1
255649,60752,179,1
255649,60897,85,4
255649,61252,297,4
255649,61332,0,6
255649,6141,85,11
255649,6141,71,2
255649,6141,297,1
255649,64225,4,4
255649,64567,308,1
255649,64799,72,1
255649,65092,1055,1
255649,65487,0,2
255649,66906,4,2
255649,66906,0,8
255649,66909,378,1
255649,66956,4,8
255649,67695,0,4
255649,67695,4,2
255649,67696,4,3
255649,67697,0,1
255649,68568,4,4
255649,69858,297,2
255649,70681,0,2
255649,73109,0,2
255649,73825,4,2
255649,73825,0,4
255649,76797,4,4
255649,77808,27,1
255649,77844,0,2
255649,78256,2,2
255649,78329,19,2
255649,78666,0,4
255649,79389,4,2
255649,79389,72,2
255649,79505,0,2
255649,79846,0,2
255649,79851,0,1
255649,80015,0,1
255649,80017,85,1
255649,80563,72,2
255649,82276pat0003pr0001,4,1
255649,85080,0,4
255649,85861,0,3
255649,85984,72,2
255649,85984,85,2
255649,87083,72,2
255649,87580,4,4
255649,87747,0,2
255649,87747,19,5
255649,87747,4,6
255649,88072,0,1
255649,88072,72,2
255649,88646,0,1
255649,92338,72,2
255649,93273,4,4
255649,96874,25,1
255649,98138,36,8
255649,98283,72,2
255649,98313,0,6
255649,99207,15,2
255649,99207,19,2
255649,99563,71,4
255649,99780,19,3
255649,99780,320,14
255649,99781,4,8
255650,10110288,9999,1
255650,11214,72,2
255650,112441a,9999,1
255650,112441b,9999,1
255650,112441c,9999,1
255650,112441d,9999,1
255650,11476,0,2
255650,11477,85,4
255650,11477,19,6
255650,11478,0,2
255650,11833,0,1
255650,14719,70,2
255650,15068,85,17
255650,15068,19,17
255650,15571,297,2
255650,15573,0,2
255650,15573,297,4
255650,15672,19,4
255650,15672,85,4
255650,1750,70,2
255650,18041,0,2
255650,18041,179,1
255650,18651,0,4
255650,18674,0,2
255650,1979,72,1
255650,2142,297,4
255650,21459,1055,1
255650,21459,297,5
255650,21459,179,1
255650,22385,85,15
255650,22385,19,15
255650,22385,297,3
255650,22388,41,10
255650,22890,72,4
255650,2357,4,2
255650,2419,72,1
255650,2420,71,4
255650,24309,19,3
255650,24309,85,3
255650,24316,70,6
255650,2445,19,1
255650,2453b,4,2
255650,25111,297,1
255650,25269,85,4
255650,25269,19,4
255650,25375,297,1
255650,2540,4,1
255650,2653,71,2
255650,26601,72,4
255650,26603,0,2
255650,26604,0,2
255650,27393,182,2
255650,28192,297,2
255650,28802,0,8
255650,3001,4,1
255650,3002,19,1
255650,3002,85,1
255650,3004,4,1
255650,3004,70,4
255650,3020,85,4
255650,3020,19,12
255650,3020,28,3
255650,3021,28,2
255650,3021,0,11
255650,3022,70,21
255650,3023,85,9
255650,3023,19,8
255650,3031,70,2
255650,3032,19,1
255650,3034,70,1
255650,30357,19,2
255650,30357,85,2
255650,30374,0,4
255650,30383,72,2
255650,3039,15,2
255650,30414,19,2
255650,3062b,41,2
255650,3062b,70,2
255650,3068b,85,2
255650,3068b,19,2
255650,3176,70,2
255650,32000,71,2
255650,32015,0,4
255650,32015,70,2
255650,32016,70,2
255650,32016,72,6
255650,32018,72,2
255650,32028,15,2
255650,32062,4,11
255650,32064a,28,1
255650,32064a,0,2
255650,32073,14,1
255650,32123b,71,1
255650,32140,0,2
255650,32324,0,1
255650,32333,0,2
255650,32523,70,2
255650,32526,0,4
255650,3386,0,4
255650,33909,70,5
255650,33909,484,3
255650,35044,19,2
255650,35044,0,2
255650,35186,297,4
255650,35480,70,3
255650,3567,71,2
255650,3622,72,2
255650,3639,28,1
255650,3640,19,1
255650,3660,19,5
255650,3666,85,1
255650,3701,0,2
255650,3707,0,4
255650,3710,28,11
255650,3710,85,1
255650,3713,0,2
255650,3749,19,2
255650,37776,1103,2
255650,3795,72,1
255650,3832,71,1
255650,3894,72,2
255650,3894,71,2
255650,4032a,85,2
255650,4032a,19,2
255650,41677,19,10
255650,41740,0,3
255650,42003,72,4
255650,4286,71,8
255650,4304,71,12
255650,43093,1,8
255650,44567b,71,1
255650,44728,0,4
255650,44861,0,4
255650,4519,71,4
255650,47455,0,6
255650,47458,297,1
255650,48169,72,2
255650,48171,19,2
255650,48336,297,6
255650,4871,19,4
255650,49743c01,72,1
255650,4986,297,2
255650,5066,0,2
255650,50950,85,3
255650,50950,19,3
255650,5264,297,2
255650,53451,0,1
255650,53451,297,20
255650,53454,179,2
255650,54200,85,4
255650,54200,19,4
255650,54200,28,6
255650,54200,4,2
255650,5435,36,2
255650,5436,1103,1
255650,55013,72,1
255650,55236,70,1
255650,5565,4,2
255650,57360,70,3
255650,57909b,72,6
255650,5974pat0001,41,1
255650,59900,297,8
255650,60470b,28,4
255650,60478,70,2
255650,60897,85,4
255650,61252,297,2
255650,61332,0,30
255650,6141,0,2
255650,64225,19,4
255650,64225,85,4
255650,64567,71,1
255650,6536,19,2
255650,65487,72,2
255650,6553,72,2
255650,65578,0,2
255650,6587,28,2
255650,6636,19,2
255650,6636,85,2
255650,66906,0,6
255650,66909,378,3
255650,67696,0,6
255650,70681,0,2
255650,70694c03,41,1
255650,71708,0,2
255650,73230,72,2
255650,73825,70,6
255650,76923,297,1
255650,77850,28,8
255650,78666,4,2
255650,79180,0,1
255650,79505,0,2
255650,79846,72,4
255650,79987,72,4
255650,80017,297,1
255650,80017pr0003,85,1
255650,80563,72,2
255650,82276pat0001pr0002,297,1
255650,85861,297,14
255650,85861,72,2
255650,85984,19,4
255650,85984,320,1
255650,85984,85,4
255650,87747,0,6
255650,87994,70,2
255650,89678,4,6
255650,89678,72,2
255650,92338,72,2
255650,92338,0,1
255650,92690,297,2
255650,93274,72,4
255650,96874,25,1
255650,98100,71,1
255650,98313,297,14
255650,98341,297,1
255650,99207,19,8
255650,99563,71,3
255650,99563,70,6
255650,99780,28,29
255650,99781,72,20
255651,11477,46,8
255651,11477,3,8
255651,11477,29,8
255651,11477,41,8
255651,11477,15,16
255651,13548,15,4
255651,14718,15,8
255651,15068,15,12
255651,15573,15,4
255651,2419,15,2
255651,24246,14,8
255651,24246,1050,8
255651,24246,85,8
255651,24246,34,8
255651,2431,15,4
255651,24866,2,8
255651,25269,14,8
255651,25269,27,16
255651,25269,3,8
255651,25269,272,8
255651,25269,29,8
255651,25269,85,8
255651,25269,321,16
255651,25269,323,16
255651,26601,15,4
255651,26604,15,8
255651,27263,15,4
255651,29119,15,4
255651,29120,15,4
255651,3003,14,1
255651,3004,15,4
255651,3005,19,8
255651,30153,41,1
255651,3020,322,2
255651,3020,15,4
255651,3022,27,1
255651,3023,15,16
255651,3024,15,16
255651,3031,15,1
255651,3666,26,6
255651,3710,15,8
255651,3710,27,10
255651,3937,15,4
255651,3958,15,5
255651,39739,297,4
255651,39739,29,4
255651,4304,15,4
255651,6134,15,4
255651,6141,14,4
255651,64799,15,5
255651,85984,15,4
255651,87079,29,2
255651,87580,15,5
255651,87620,15,4
255651,96874,25,1
255651,98138,46,4
255651,98138,1053,8
255651,98138,322,4
255651,98138,1060,4
255651,98138,52,4
255652,11213,27,1
255652,11477,71,2
255652,15068,14,2
255652,15068,10,4
255652,15068,71,2
255652,15395,19,2
255652,15395,322,2
255652,15395,191,2
255652,15535,15,2
255652,15573,14,1
255652,15573,71,1
255652,15712,71,2
255652,1748,15,2
255652,20952,1136,1
255652,22888,2,2
255652,24086,84,1
255652,2423,15,6
255652,24855,2,1
255652,24866,29,3
255652,25269,29,1
255652,2566,70,1
255652,26047,71,2
255652,2926,0,1
255652,3003,71,2
255652,3021,14,4
255652,3021,71,4
255652,3022,15,1
255652,3031,84,1
255652,3068b,19,1
255652,32062,4,2
255652,32607,10,3
255652,3262,27,2
255652,3262,29,2
255652,3262,14,2
255652,32803,70,2
255652,33909,71,1
255652,34337,71,2
255652,35480,15,6
255652,3705,0,1
255652,3941,15,1
255652,3942c,15,1
255652,3943b,15,1
255652,4032a,14,2
255652,4032a,322,2
255652,4032a,5,2
255652,4032a,19,1
255652,4740,14,1
255652,4865b,19,4
255652,54200,25,1
255652,54200,14,1
255652,5489,15,2
255652,59900,15,2
255652,6231,19,4
255652,63868,71,2
255652,63868,14,2
255652,67329,72,4
255652,80497,15,6
255652,85861,15,6
255652,85861,2,1
255652,85984,71,2
255652,85984,14,2
255652,87414,0,2
255652,87580,14,1
255652,88072,19,1
255652,88072,15,2
255652,98138pr0008,15,2
255652,98138pr0026,15,2
255653,11476,4,2
255653,11477,15,4
255653,15395,320,1
255653,15573,15,1
255653,15573,4,2
255653,1748,15,2
255653,22885,71,15
255653,24246,4,2
255653,2431,0,1
255653,2431,4,2
255653,25269,70,1
255653,2540,4,1
255653,3003,29,1
255653,3003,27,2
255653,3005,4,2
255653,3010,4,1
255653,3020,320,1
255653,3020,4,10
255653,3022,4,4
255653,3023,15,2
255653,3023,320,4
255653,3023,4,2
255653,3024,15,4
255653,3024,4,4
255653,3031,4,2
255653,30414,4,1
255653,3069b,4,2
255653,3245c,3,1
255653,3262,4,1
255653,3484,70,1
255653,36840,15,2
255653,3710,4,1
255653,37352,4,2
255653,3958,0,1
255653,4032a,484,2
255653,4032a,15,3
255653,4032a,4,1
255653,41740,0,1
255653,49668,4,4
255653,50950,4,4
255653,54200,15,8
255653,54200,4,8
255653,87079,0,1
255653,87079pr9879,4,1
255653,88930pr0037,4,1
255653,98138pr0060,0,2
255654,1126,71,2
255654,11477,379,14
255654,15573,0,1
255654,15672,379,2
255654,15672,0,2
255654,1748,5,2
255654,1927,71,2
255654,22885,71,12
255654,24246,71,2
255654,2431,0,1
255654,25269,0,1
255654,25269,379,2
255654,29119,0,6
255654,3003,2,2
255654,3003,29,1
255654,3004,379,2
255654,3020,0,2
255654,3020,379,7
255654,3021,379,4
255654,3021,0,1
255654,3021,71,1
255654,3022,71,2
255654,3023,379,9
255654,3023,78,2
255654,3023,29,2
255654,3023,0,1
255654,30236,0,1
255654,3024,379,9
255654,3024,0,2
255654,3024,29,2
255654,3069b,379,3
255654,3069b,78,1
255654,3070b,379,7
255654,34103,379,2
255654,35480,5,1
255654,36840,0,1
255654,36840,71,2
255654,3710,379,1
255654,3795,0,1
255654,3958,0,1
255654,4032a,27,1
255654,41740,379,3
255654,41740,0,1
255654,44728,72,2
255654,4490,71,1
255654,54200,379,4
255654,54200,0,9
255654,6091,78,2
255654,61252,71,1
255654,68212,0,1
255654,73825,379,2
255654,79389,71,2
255654,87079,379,2
255654,87079,0,1
255654,87580,379,1
255654,98138pr0060,0,2
255654,99780,72,2
255655,11477,71,2
255655,14719,71,2
255655,15068,71,2
255655,15573,71,1
255655,1748,4,4
255655,18980,72,2
255655,1927,72,2
255655,22885,19,8
255655,2357,71,2
255655,2420,71,2
255655,24246,72,4
255655,24246,71,1
255655,24246,4,8
255655,2431,71,2
255655,2431,0,1
255655,26047,71,2
255655,26601,71,8
255655,27925,14,4
255655,28802,14,2
255655,3002,71,1
255655,3003,15,1
255655,3004,29,1
255655,3004,4,1
255655,3010,71,2
255655,3021,71,2
255655,3022,15,1
255655,3023,71,7
255655,3023,29,2
255655,3023,72,2
255655,3024,71,4
255655,3031,71,3
255655,30357,71,2
255655,3040b,71,2
255655,3069b,71,3
255655,3069b,78,2
255655,3262,14,1
255655,32803,72,6
255655,32952,72,4
255655,3623,14,2
255655,3665,71,2
255655,36840,71,4
255655,3710,71,6
255655,3795,72,2
255655,3941,19,1
255655,3958,0,1
255655,4032a,14,3
255655,41740,0,1
255655,44728,72,2
255655,48336,71,2
255655,49307,71,2
255655,49307,14,1
255655,5091,78,5
255655,5092,78,5
255655,53451,179,1
255655,54200,71,2
255655,60475b,71,4
255655,6091,71,1
255655,6141,72,4
255655,86996,0,2
255655,87079,71,3
255655,87079,0,1
255655,87079,78,4
255655,87580,71,1
255655,98138pr0060,0,2
255655,99780,71,2
255655,99781,14,4
255681,11477,226,6
255681,15068,29,2
255681,15068,323,2
255681,15573,226,1
255681,15712,191,1
255681,24246,226,2
255681,25269,226,6
255681,2654,158,1
255681,3003,19,1
255681,3004,226,1
255681,3022,15,2
255681,3022,226,3
255681,3023,226,4
255681,3023,15,4
255681,3068b,15,1
255681,32952,226,2
255681,37352,226,2
255681,3957b,15,1
255681,4032a,14,3
255681,44728,27,2
255681,44861,84,2
255681,5066,19,1
255681,53451,158,1
255681,67329,14,2
255681,67810,15,4
255681,85861,15,1
255681,98138,29,1
255681,98138,158,2
255681,98138pr0384,15,2
255681,99207,15,2
255682,18031,179,2
255682,18980,2,1
255682,3003,19,1
255682,30136,19,2
255682,32474,320,1
255682,37704,297,1
255682,4738c,70,1
255682,4740,2,1
255682,54200,19,2
255682,58176,72,1
255682,64644,308,1
255682,69755,72,1
255682,69767,1103,1
255682,80835,70,1
255682,98138,308,2
255682,98283,84,1
255683,11610,0,2
255683,18395,0,1
255683,2343,297,1
255683,25269,47,3
255683,2587,179,1
255683,27393,15,1
255683,3003,15,3
255683,30089b,0,1
255683,30151b,47,1
255683,30153,41,1
255683,4032a,84,2
255683,4503,179,1
255683,4740,19,2
255683,54200,47,1
255683,59900,72,1
255683,6003,19,1
255683,6141,47,1
255683,79194,0,1
255683,85861,0,2
255683,85861,297,1
255683,87580,15,1
255684,10114117,9999,1
255684,10169,84,2
255684,10169,15,1
255684,10509pr0007,19,1
255684,10509pr0008,484,2
255684,11090,0,6
255684,11090,70,3
255684,11153,72,4
255684,11211,320,2
255684,1126,15,1
255684,1126,84,3
255684,11458,0,6
255684,11476,0,2
255684,11477,0,4
255684,11477,308,2
255684,11477,70,2
255684,13548,72,7
255684,13564,15,2
255684,14226c11,0,4
255684,14716,0,4
255684,14719,320,2
255684,14719,70,4
255684,14719,0,4
255684,14769,19,12
255684,14769,70,2
255684,14769,0,2
255684,15068,320,4
255684,15068,0,23
255684,15068,484,2
255684,15068,72,13
255684,15070,297,3
255684,15207,70,2
255684,15208,297,1
255684,15535,0,2
255684,15535,70,1
255684,15573,4,2
255684,15573,0,22
255684,15573,19,1
255684,15573,320,2
255684,15573,72,9
255684,15573,70,9
255684,15672,320,2
255684,15712,297,1
255684,15712,19,2
255684,15712,70,23
255684,15712,0,77
255684,16091,71,1
255684,17485,71,4
255684,18654,0,1
255684,18674,1,6
255684,18674,4,1
255684,18674,0,2
255684,18674,71,2
255684,18677,0,8
255684,19119,484,10
255684,20482,272,11
255684,22885,0,18
255684,23443,0,50
255684,23444,0,2
255684,2357,72,1
255684,23969,70,2
255684,24122,0,8
255684,24122,15,1
255684,2412b,70,2
255684,2412b,19,13
255684,2412b,15,4
255684,2412b,0,6
255684,2420,70,4
255684,2420,0,2
255684,24201,0,6
255684,24201,70,4
255684,24246,0,8
255684,24309,0,12
255684,2431,72,2
255684,2431,0,19
255684,2431,28,2
255684,2431,308,12
255684,2431,320,2
255684,2431,70,28
255684,2431,288,4
255684,2445,28,5
255684,2453b,0,1
255684,2456,72,1
255684,2456,0,2
255684,24866,2,1
255684,24866,26,3
255684,2489,308,4
255684,2489,70,2
255684,25214,0,1
255684,25269,0,2
255684,25269,320,4
255684,2540,0,7
255684,2561,70,5
255684,2562,1103,2
255684,26047,70,8
255684,26047,297,4
255684,26047,0,22
255684,2654,71,2
255684,26603,0,8
255684,26603,70,1
255684,26603,320,2
255684,27261,0,14
255684,27263,70,4
255684,27263,0,4
255684,2730,0,2
255684,27448,15,8
255684,2752,0,1
255684,27925,0,24
255684,28192,72,4
255684,28192,0,2
255684,2821,84,2
255684,29085c01,0,9
255684,29119,308,2
255684,29119,70,1
255684,29120,70,1
255684,29120,308,2
255684,298c02,0,4
255684,30000,72,2
255684,3001,4,1
255684,3002,72,1
255684,3004,0,3
255684,3004,19,1
255684,3004,70,2
255684,3004,484,2
255684,3004,72,1
255684,3005,70,4
255684,3005,0,8
255684,3009,320,3
255684,3010,0,1
255684,3010,288,4
255684,30115,288,1
255684,30150,70,1
255684,30150,84,1
255684,3020,0,32
255684,3020,70,2
255684,3020,72,5
255684,3020,4,1
255684,3020,28,10
255684,3021,72,4
255684,3021,288,4
255684,3021,4,1
255684,3021,70,1
255684,3021,0,6
255684,3022,28,4
255684,3022,0,14
255684,3023,0,29
255684,3023,2,3
255684,3023,70,2
255684,3023,72,8
255684,3023,320,6
255684,3024,72,8
255684,3024,0,30
255684,3024,71,4
255684,3024,70,17
255684,3024,320,8
255684,3024,308,7
255684,3024,2,2
255684,3027,0,1
255684,3028,70,1
255684,3029,72,1
255684,3030,0,1
255684,3031,0,5
255684,3031,72,1
255684,3033,72,2
255684,3033,0,2
255684,3034,0,6
255684,3034,72,2
255684,3035,19,4
255684,3035,0,2
255684,30357,28,4
255684,3036,0,6
255684,30374,0,10
255684,30374,70,2
255684,30377,0,6
255684,3040b,71,11
255684,30565,19,8
255684,30565,28,8
255684,30586,0,2
255684,3062b,297,1
255684,3062b,70,4
255684,3062b,46,3
255684,3062b,0,12
255684,3068b,0,1
255684,3068b,308,1
255684,3069b,72,1
255684,3069b,484,2
255684,3069b,70,63
255684,3069b,308,2
255684,3069b,0,15
255684,3069b,19,1
255684,3069b,320,2
255684,3069bpr0100,2,1
255684,3070b,70,31
255684,3070b,0,4
255684,3070b,320,6
255684,3070bpr0235,71,1
255684,3176,0,4
255684,32002,19,4
255684,32014,0,1
255684,32017,72,2
255684,32028,0,15
255684,32028,70,4
255684,32062,0,2
255684,32124,0,6
255684,32126,0,2
255684,32530,0,2
255684,3262,0,2
255684,32803,72,8
255684,32952,70,12
255684,32952,4,2
255684,32952,320,4
255684,32952,0,17
255684,32952,72,4
255684,3386,0,104
255684,33909,72,4
255684,33909,0,8
255684,34076,0,4
255684,34103,0,1
255684,34103,70,4
255684,34103,72,12
255684,3460,0,11
255684,3460,70,4
255684,3484,0,19
255684,35480,70,34
255684,35480,0,7
255684,3622,320,2
255684,3622,0,3
255684,3623,70,18
255684,3623,72,1
255684,3623,308,1
255684,3623,320,4
255684,3623,0,12
255684,3623,2,1
255684,3633,72,3
255684,3666,320,2
255684,3666,0,15
255684,3666,2,4
255684,3666,308,23
255684,3666,72,1
255684,3666,70,54
255684,3666,71,1
255684,3673,71,4
255684,36840,0,2
255684,36841,72,8
255684,36841,0,10
255684,37,72,6
255684,3700,0,1
255684,3700,72,1
255684,3705,0,3
255684,3708,0,2
255684,3709,4,1
255684,3710,70,40
255684,3710,19,1
255684,3710,288,2
255684,3710,308,17
255684,3710,0,20
255684,3710,320,3
255684,3710,2,1
255684,3710,72,13
255684,3713,0,4
255684,37352,320,12
255684,3749,19,6
255684,37762,72,8
255684,3795,308,1
255684,3795,28,8
255684,3795,0,16
255684,3795,72,5
255684,3795,70,2
255684,3832,72,2
255684,3832,0,6
255684,38320,0,10
255684,38339,0,17
255684,38340,0,34
255684,3837,72,2
255684,3941,72,1
255684,3941,4,1
255684,3941,0,2
255684,3958,0,3
255684,3958,28,2
255684,3960,0,1
255684,39888,19,1
255684,4006,179,1
255684,4025,14,1
255684,4032a,0,7
255684,4032a,322,5
255684,4032a,71,4
255684,4032a,72,9
255684,4032a,320,4
255684,41539,19,4
255684,41539,0,2
255684,4162,70,35
255684,4162,0,3
255684,4162,308,7
255684,41740,70,10
255684,41740,320,2
255684,41740,0,2
255684,41740,71,2
255684,41740,28,1
255684,41770,28,14
255684,4274,71,5
255684,4282,0,8
255684,4282,28,12
255684,42924,1,2
255684,4304,0,6
255684,4304,70,14
255684,4304,19,2
255684,43093,1,1
255684,43857,0,1
255684,43898,0,1
255684,4449,0,1
255684,44709,15,1
255684,4477,320,2
255684,4477,70,6
255684,4490,0,2
255684,4510,0,6
255684,4510,70,14
255684,4522,0,3
255684,4586,179,2
255684,4733,70,3
255684,4738c,84,1
255684,4740,47,1
255684,4740,71,2
255684,4740,0,3
255684,4740,72,1
255684,48336,0,5
255684,49307,0,4
255684,49307,70,2
255684,49307,288,8
255684,49668,0,2
255684,50990b,15,1
255684,5264,0,4
255684,53401,72,8
255684,54200,19,2
255684,54200,0,19
255684,54200,288,3
255684,54200,71,11
255684,5630,0,2
255684,59900,0,1
255684,59900,70,2
255684,60474,1,2
255684,60474,0,1
255684,60474,4,7
255684,60475b,0,2
255684,60475b,70,2
255684,60478,70,8
255684,60479,0,1
255684,60479,70,7
255684,60483,0,2
255684,60592,0,8
255684,60592,70,6
255684,60593,308,14
255684,60593,70,2
255684,60602,47,14
255684,6064,70,1
255684,6064,2,2
255684,60849,0,2
255684,60897,70,9
255684,60897,0,40
255684,6091,2,4
255684,61252,0,23
255684,61252,308,1
255684,61252,72,4
255684,61332,0,17
255684,61409,70,2
255684,6141,297,2
255684,6141,0,1
255684,61780,70,3
255684,61975,70,1
255684,61975,0,1
255684,61976,70,4
255684,62113,72,10
255684,62113,0,4
255684,6222,71,2
255684,6233,72,1
255684,62462,0,8
255684,6259,71,4
255684,63864,0,14
255684,63864,308,5
255684,63864,70,5
255684,63868,28,2
255684,63868,0,48
255684,63965,0,23
255684,63965,72,1
255684,64728,4,1
255684,64799,70,2
255684,64799,0,1
255684,65304,71,4
255684,6541,71,4
255684,6541,0,1
255684,65509,72,1
255684,65578,0,1
255684,6636,0,14
255684,6636,72,2
255684,6636,70,16
255684,6636,308,2
255684,67329,0,1
255684,68211,70,5
255684,68568,320,4
255684,69066,308,1
255684,69729,320,4
255684,71752,0,19
255684,73109,71,1
255684,73825,320,8
255684,74611,70,1
255684,75937,1103,6
255684,75c05,0,4
255684,75c09,0,4
255684,75c12,72,2
255684,75c14,0,6
255684,76959,0,2
255684,76959,70,2
255684,77083,0,2
255684,77850,0,13
255684,78258,70,12
255684,78258,0,18
255684,78258,15,1
255684,78329,0,8
255684,78443,28,1
255684,78444,28,1
255684,79389,0,12
255684,79743,323,3
255684,79768,70,2
255684,80835,84,1
255684,85557,0,4
255684,85558,0,2
255684,85861,0,9
255684,85861,297,10
255684,85861,71,40
255684,85861,28,15
255684,85861,15,2
255684,85861,70,18
255684,85943,72,4
255684,85975,297,1
255684,85984,70,7
255684,85984,320,4
255684,87079,320,11
255684,87079,72,2
255684,87079,0,11
255684,87079,70,28
255684,87087,320,2
255684,87087,0,8
255684,87580,70,3
255684,87580,0,2
255684,87994,0,19
255684,87994,72,7
255684,87994,1,16
255684,87994,70,1
255684,89678,4,4
255684,89678,72,19
255684,90202,70,2
255684,91988,0,4
255684,92438,19,8
255684,92585,0,1
255684,92947,70,3
255684,93061,0,2
255684,93273,308,1
255684,93606,0,1
255684,93606,71,3
255684,93606,72,15
255684,93609,0,4
255684,95228,34,1
255684,95228,47,2
255684,95343,71,1
255684,95344,72,1
255684,95345,70,2
255684,96874,25,1
255684,98138,19,33
255684,98138,320,4
255684,98138,0,2
255684,98138,72,1
255684,98138pr0186,71,1
255684,98375,179,1
255684,98397,0,12
255684,99207,0,1
255684,99207,70,8
255684,99563,297,1
255684,99563,70,52
255684,99780,70,2
255684,99780,72,2
255684,99780,0,3
255684,99781,72,3
255685,10114118,9999,1
255685,10169,84,1
255685,10169,15,1
255685,10170,84,3
255685,10202,15,5
255685,10509pr0008,484,1
255685,11090,0,4
255685,11090,70,2
255685,11153,4,4
255685,11153,15,3
255685,11153,70,4
255685,11211,0,4
255685,11211,14,2
255685,11211,70,2
255685,11212,0,1
255685,11213,2,1
255685,11253,0,1
255685,11256,71,1
255685,11458,1,2
255685,11476,0,1
255685,11610,0,3
255685,13547,70,2
255685,13547,0,8
255685,13548,2,2
255685,13971,0,4
255685,14226c11,0,11
255685,14226c41,0,1
255685,14417,72,1
255685,14719,0,2
255685,14719,70,2
255685,14769,19,1
255685,14769,14,1
255685,14769,72,2
255685,14769,71,7
255685,14769,70,5
255685,14769pr1040,15,1
255685,14769pr1070,19,1
255685,14769pr1075,70,1
255685,14769pr1283,84,1
255685,15070,4,4
255685,15070,15,3
255685,15279,288,3
255685,15332,70,13
255685,15395,70,1
255685,15395,0,3
255685,15397,0,1
255685,15397,70,2
255685,15462,70,1
255685,15535,70,2
255685,15573,0,10
255685,15573,2,2
255685,15573,70,7
255685,15573,308,1
255685,15573,19,1
255685,15573,28,4
255685,15672,0,2
255685,15672,70,4
255685,1569pr0001,15,1
255685,15712,19,4
255685,15712,0,11
255685,15712,70,20
255685,1748,71,1
255685,1748,15,13
255685,18031,0,1
255685,18034,179,3
255685,18041,179,2
255685,18646,2,2
255685,18651,0,4
255685,18654,70,1
255685,18674,28,2
255685,18674,0,2
255685,18674,72,1
255685,18677,0,16
255685,18980,28,7
255685,19119,2,9
255685,20482,272,1
255685,20482,28,1
255685,20482,0,5
255685,20482,70,11
255685,22667,4,1
255685,22667,26,1
255685,22885,70,1
255685,22886,70,6
255685,22888,28,1
255685,22888,2,4
255685,2343,484,1
255685,23443,70,2
255685,23443,0,8
255685,2357,70,6
255685,23945pat0002,47,1
255685,23950,70,1
255685,24122,70,3
255685,2412b,0,2
255685,2417,288,1
255685,2417,2,3
255685,2419,15,1
255685,2420,0,2
255685,2420,70,6
255685,2420,19,2
255685,24201,15,4
255685,24201,0,5
255685,2423,326,3
255685,24299,1,12
255685,24299,70,1
255685,24299,15,4
255685,24307,1,12
255685,24307,15,4
255685,24307,70,1
255685,2431,288,4
255685,2431,28,4
255685,2431,14,3
255685,2431,308,12
255685,2431,70,25
255685,2431,1,3
255685,24316,70,2
255685,2431pr0156,84,3
255685,2431pr9993,70,4
255685,2445,28,1
255685,24482,72,1
255685,24482,297,1
255685,24482,19,11
255685,2454b,70,6
255685,24855,2,4
255685,24866,10,1
255685,24866,5,2
255685,24866,2,2
255685,24866,226,6
255685,24866,212,4
255685,2489,84,1
255685,2489,308,3
255685,2489,70,1
255685,25269,15,4
255685,25269,70,1
255685,25269,2,1
255685,25269,28,1
255685,25269pr0038,19,1
255685,25375,297,2
255685,2570,1103,3
255685,2587,179,1
255685,26066,19,1
255685,26601,2,1
255685,26603,2,2
255685,26603,19,3
255685,26604,191,2
255685,2663,484,1
255685,2682,2,5
255685,2682,288,7
255685,27186,308,1
255685,27261,28,9
255685,27261,70,4
255685,27261,308,9
255685,27263,0,4
255685,2736,71,1
255685,27925,70,20
255685,28192,0,4
255685,28802,0,4
255685,29119,288,2
255685,29119,2,2
255685,29119,28,2
255685,29120,2,2
255685,29120,288,2
255685,2926,0,1
255685,29685pr0001,15,1
255685,3003,0,1
255685,3004,308,2
255685,3004,0,2
255685,3004,84,1
255685,3004,484,1
255685,3004,70,10
255685,3005,4,2
255685,3005,0,2
255685,3005,2,1
255685,3005,70,5
255685,3005,84,2
255685,3007,70,2
255685,3009,70,12
255685,3010,70,7
255685,3010,0,2
255685,30136,28,6
255685,30136,308,6
255685,30136,84,6
255685,30136,70,16
255685,30137,70,12
255685,30137,84,14
255685,30150,84,2
255685,30150,70,4
255685,30153,36,1
255685,30154,297,1
255685,30166,72,6
255685,30176,2,8
255685,3020,70,13
255685,3020,0,9
255685,3020,19,1
255685,3020,28,2
255685,3020,2,5
255685,3021,70,2
255685,3021,28,2
255685,3021,0,2
255685,3021,2,2
255685,3022,0,3
255685,3022,2,2
255685,3022,70,2
255685,3023,70,32
255685,3023,19,3
255685,3023,15,1
255685,3023,0,13
255685,3023,2,1
255685,3023,308,2
255685,3023,84,4
255685,3023,14,4
255685,3023,4,2
255685,30237b,0,1
255685,3024,72,1
255685,3024,14,2
255685,3024,19,1
255685,3024,15,1
255685,3024,84,1
255685,3024,0,35
255685,3024,70,10
255685,3028,70,2
255685,3030,28,1
255685,3031,70,1
255685,3031,0,1
255685,3032,0,4
255685,3032,70,4
255685,3032,2,2
255685,3033,2,2
255685,3034,28,4
255685,3034,2,2
255685,3034,0,1
255685,3035,70,2
255685,3035,2,5
255685,3035,15,2
255685,3035,28,2
255685,3035,4,1
255685,3035,0,3
255685,30357,2,10
255685,3036,70,2
255685,3036,0,2
255685,3036,320,1
255685,3036,19,1
255685,30374,70,7
255685,30374,0,2
255685,30381,70,1
255685,3039,70,3
255685,3040b,0,2
255685,3040b,70,4
255685,30414,0,9
255685,30414,70,3
255685,30565,2,2
255685,30565,28,2
255685,3062b,484,1
255685,3062b,4,1
255685,3068b,14,3
255685,3068b,15,27
255685,3068b,0,1
255685,3068b,1,34
255685,3069b,0,2
255685,3069b,308,4
255685,3069b,84,1
255685,3069b,70,18
255685,3069b,484,2
255685,3069b,19,1
255685,3070b,14,17
255685,3070b,70,5
255685,3070b,72,1
255685,3070b,0,2
255685,3070b,19,2
255685,32001,0,1
255685,32034,71,1
255685,32034,70,11
255685,32034,308,2
255685,32034,0,2
255685,32062,0,18
255685,32064a,308,4
255685,32064a,28,2
255685,32073,71,1
255685,32123b,71,9
255685,32270,0,3
255685,3245c,70,4
255685,32474,70,1
255685,32474,0,3
255685,32607,2,12
255685,32607,10,8
255685,32607,27,1
255685,3262,0,3
255685,32803,72,1
255685,32803,15,2
255685,32803,0,2
255685,32828,70,1
255685,32952,70,6
255685,33078,10,1
255685,33078,4,2
255685,33172,25,1
255685,33172,15,1
255685,33183,10,3
255685,33320,27,1
255685,3386,0,2
255685,33909,272,15
255685,33909,70,5
255685,33909,14,3
255685,33909,1,6
255685,33909,19,5
255685,33909,308,1
255685,34076,0,1
255685,34103,0,6
255685,34103,84,2
255685,34103,70,6
255685,34172,15,1
255685,34172,484,1
255685,3460,0,3
255685,3460,308,7
255685,3460,70,17
255685,3484,70,1
255685,3484,72,3
255685,3484,0,10
255685,35480,0,2
255685,35480,71,1
255685,35480,2,3
255685,35480,28,4
255685,35480,70,5
255685,35787,19,4
255685,3622,84,6
255685,3622,70,6
255685,3623,70,9
255685,3623,0,9
255685,3623,15,1
255685,3623,2,1
255685,3659,308,2
255685,3665,4,2
255685,3665,0,5
255685,3666,70,15
255685,3666,0,4
255685,3666,308,3
255685,3666,84,2
255685,36756pr0001,28,1
255685,36840,0,16
255685,36841,70,1
255685,36841,0,4
255685,37,72,6
255685,3700,84,4
255685,3700,0,13
255685,3700,70,4
255685,3705,0,3
255685,3708,4,1
255685,3710,70,22
255685,3710,0,12
255685,3710,15,1
255685,3710,1,2
255685,3710,2,2
255685,3710,84,2
255685,3710,4,2
255685,3710,14,1
255685,3710,28,2
255685,3713,71,1
255685,3713,0,8
255685,37352,70,1
255685,3749,19,5
255685,37695,326,1
255685,37775,182,1
255685,3795,308,5
255685,3795,2,4
255685,3795,0,7
255685,3795,70,4
255685,3795,4,1
255685,3795,28,1
255685,38317,1,2
255685,3832,70,2
255685,3832,0,2
255685,3835,0,1
255685,3837,0,1
255685,3846pr0040,71,5
255685,3846pr0047,71,1
255685,3846pr0048,71,2
255685,3849,0,4
255685,3895,0,2
255685,3937,70,3
255685,3937,0,15
255685,3941,70,1
255685,3941,72,2
255685,3942c,1,1
255685,3957b,70,4
255685,3958,28,4
255685,3958,0,1
255685,3958,2,1
255685,4032a,14,1
255685,4032a,70,4
255685,4032a,0,45
255685,4032a,19,2
255685,4032a,72,1
255685,40379,70,2
255685,4070,0,1
255685,4070,70,3
255685,4162,70,4
255685,4162,308,1
255685,41740,484,1
255685,41740,70,13
255685,41769,14,4
255685,41769,1,4
255685,41770,1,4
255685,41770,14,4
255685,41835pr0001,4,2
255685,41835pr0001,321,1
255685,42135,0,3
255685,42195,0,3
255685,4274,71,6
255685,4282,28,1
255685,4286,70,4
255685,42876,484,2
255685,4287c,70,2
255685,4341,0,1
255685,4342,84,1
255685,4342,19,1
255685,4367,4,1
255685,4367,5,7
255685,43888,70,6
255685,44294,71,4
255685,4460b,70,2
255685,44728,0,2
255685,4477,70,5
255685,4477,308,8
255685,44861,72,7
255685,44861,0,6
255685,44865,0,6
255685,4489b,70,4
255685,4495b,191,2
255685,4495b,1,3
255685,4495b,4,2
255685,4499,70,2
255685,4503,179,1
255685,4519,71,4
255685,4528,0,2
255685,45590,0,2
255685,4599b,297,1
255685,4733,70,1
255685,4738c,70,1
255685,4739a,70,1
255685,48165,2,1
255685,48336,0,3
255685,48336,15,2
255685,49307,84,2
255685,49668,191,23
255685,50304,28,1
255685,50305,28,1
255685,5170pr0002,72,1
255685,53451,15,2
255685,53454,179,6
255685,53912,272,2
255685,54200,19,2
255685,54200,70,2
255685,54200,72,6
255685,54200,2,1
255685,54200,0,3
255685,54200pr0005,14,1
255685,5630,70,4
255685,59230,72,1
255685,59443,0,3
255685,59443,71,3
255685,59443,70,16
255685,59900,19,1
255685,59900,70,5
255685,59900,0,3
255685,59900,15,1
255685,6003,28,9
255685,6003,2,16
255685,60169,72,5
255685,60470b,0,7
255685,60474,308,1
255685,60474,1,1
255685,60474,2,1
255685,60478,15,4
255685,60478,70,8
255685,60479,70,10
255685,60481,70,2
255685,60481,84,6
255685,60481,0,2
255685,6064,2,1
255685,60897,70,6
255685,60897,92,1
255685,60897,0,2
255685,61184,71,2
255685,6126b,182,3
255685,61332,0,18
255685,6134,70,3
255685,6134,0,15
255685,6141,297,5
255685,6141,0,9
255685,6141,179,4
255685,62113,70,4
255685,6222,70,4
255685,62462,70,2
255685,62462,0,2
255685,63082,0,2
255685,63864,70,5
255685,63864,84,2
255685,63864,308,4
255685,63864pr0012,28,2
255685,63868,1,2
255685,63868,0,2
255685,63868,70,6
255685,63965,70,4
255685,63965,15,1
255685,63965,0,8
255685,64452pr0001,84,1
255685,64567,297,3
255685,64567,308,3
255685,64644,308,6
255685,64644,0,4
255685,64644,70,13
255685,64647,0,1
255685,64647,1,1
255685,64647,15,1
255685,64647,182,2
255685,64648,179,1
255685,64648,212,2
255685,64727,0,2
255685,64951,70,3
255685,6541,0,18
255685,6541,70,4
255685,65426,15,4
255685,65429,15,4
255685,6553,0,1
255685,65578,2,1
255685,65886,15,2
255685,6636,28,1
255685,6636,70,11
255685,6636,19,2
255685,6636,272,6
255685,6636,308,8
255685,66909,72,2
255685,66909,0,1
255685,66964,179,2
255685,67361,70,1
255685,68211,70,2
255685,68211,10,6
255685,68211,323,1
255685,68504,47,1
255685,68888,70,3
255685,69729,1,2
255685,69729,4,8
255685,69984,0,1
255685,70681,84,4
255685,73825,70,4
255685,73825,0,18
255685,74188pr0001,0,1
255685,75904,71,1
255685,75c09,0,1
255685,76764,179,1
255685,77845,0,6
255685,77845,70,3
255685,77850,0,5
255685,78256,70,3
255685,78258,70,1
255685,78329,0,1
255685,78329,84,3
255685,78329,4,1
255685,78329,72,2
255685,78666,70,4
255685,79194,72,2
255685,79389,0,18
255685,79741,179,1
255685,79808,19,1
255685,79811,179,1
255685,79987,72,2
255685,80179,179,2
255685,80497,70,1
255685,80677,41,1
255685,80679pr0001,484,1
255685,80686pr0002,72,1
255685,85861,28,2
255685,85861,19,3
255685,85861,70,6
255685,85861,0,9
255685,85861,297,10
255685,85959pat0003,36,1
255685,85984,84,2
255685,85984,70,7
255685,85984,2,4
255685,86876,191,2
255685,86996,84,2
255685,86996,0,3
255685,87079,2,8
255685,87079,19,1
255685,87079,1,3
255685,87079,14,3
255685,87083,72,1
255685,87087,0,6
255685,87087,70,3
255685,87580,70,1
255685,87693,15,1
255685,87747,0,7
255685,87994,308,9
255685,87994,297,2
255685,87994,70,4
255685,87994,10,1
255685,88072,70,2
255685,88704,70,1
255685,89522,297,2
255685,89522,179,1
255685,89678,72,5
255685,91405,28,1
255685,91884,179,1
255685,92290,297,1
255685,92585,0,1
255685,92586pr0001,84,1
255685,92590,28,1
255685,92947,308,1
255685,92950,70,1
255685,93092,191,1
255685,93160,15,1
255685,93231,70,1
255685,93273,70,1
255685,93549pat0001,47,1
255685,93549pat0002,47,1
255685,95228,47,1
255685,95228,34,2
255685,95343,71,1
255685,95343,70,1
255685,95344,297,1
255685,95344,0,1
255685,95345,70,1
255685,96874,25,1
255685,98138,72,6
255685,98138,1,1
255685,98138,84,5
255685,98138,326,2
255685,98138,379,2
255685,98138,70,3
255685,98138,71,10
255685,98138pr0018,84,1
255685,98138pr0048,70,12
255685,98138pr0081,15,1
255685,98138pr0121,19,1
255685,98138pr0283,297,3
255685,98138pr9986,84,2
255685,98367,0,2
255685,98374,70,1
255685,99008,19,3
255685,99207,70,11
255685,99207,15,1
255685,99563,1103,3
255685,99563,0,1
255685,99563,70,1
255685,99780,14,6
255685,99780,0,2
255685,99781,0,7
255686,10114119,9999,1
255686,10169,15,1
255686,10169,84,1
255686,11090,0,1
255686,11153,70,90
255686,11203,28,2
255686,11211,71,6
255686,11211,28,2
255686,11211,72,1
255686,11211,19,1
255686,11458,0,4
255686,11477,0,6
255686,11477,70,2
255686,11477,15,2
255686,11477,308,4
255686,11609,297,1
255686,11610,72,2
255686,11833,71,1
255686,13965,28,2
255686,13965,19,1
255686,14226c41,0,1
255686,14716,28,8
255686,14716,19,4
255686,14719,28,1
255686,14719,71,3
255686,14719,70,4
255686,14719,191,2
255686,15068,272,4
255686,15068,70,7
255686,15068,308,18
255686,15068,0,1
255686,15254,71,1
255686,15254,0,1
255686,15395,0,1
255686,15535,71,2
255686,15535,0,2
255686,15571,0,4
255686,15573,84,2
255686,15573,0,1
255686,15573,15,1
255686,15573,308,7
255686,15573,71,6
255686,15712,71,3
255686,15712,0,1
255686,15712,19,2
255686,15712,70,4
255686,16577,19,10
255686,1745,15,1
255686,17485,0,1
255686,1750,70,2
255686,1751,71,2
255686,18653,70,2
255686,18653,0,2
255686,18674,28,2
255686,18674,191,1
255686,18674,72,5
255686,18838,72,2
255686,18980,19,1
255686,18980,28,1
255686,19119,2,1
255686,19121,70,3
255686,19798,0,1
255686,20482,28,2
255686,20482,72,2
255686,21229,0,8
255686,21229,70,6
255686,22888,72,1
255686,22888,71,1
255686,2343,297,3
255686,2357,28,2
255686,2357,71,4
255686,24086,84,1
255686,2412b,179,2
255686,2419,0,2
255686,2420,28,2
255686,2420,71,12
255686,2420,19,1
255686,24201,70,2
255686,24201,0,4
255686,24246,0,1
255686,2431,70,2
255686,2431,28,12
255686,2431,0,2
255686,2431,71,3
255686,2465,19,2
255686,24866,288,1
255686,24866,2,9
255686,24866,29,2
255686,24866,27,3
255686,24866,10,12
255686,2489,71,7
255686,2489,308,4
255686,25269,272,4
255686,25269,191,4
255686,25269,28,2
255686,25269,0,2
255686,25269,71,6
255686,25269,70,2
255686,26047,297,1
255686,2614,0,1
255686,26601,0,4
255686,26601,28,6
255686,26603,28,10
255686,26603,320,1
255686,26604,71,2
255686,26604,72,2
255686,27062pat0002,14,1
255686,27263,70,2
255686,27263,71,4
255686,27507,0,6
255686,27925,71,8
255686,27925,0,2
255686,2877,72,3
255686,2877,19,19
255686,2877,0,13
255686,30000,72,8
255686,3001,0,1
255686,3001,71,1
255686,3001,4,3
255686,3001,28,2
255686,3002,72,3
255686,3002,71,10
255686,3003,71,12
255686,3003,70,1
255686,3003,72,1
255686,3004,14,2
255686,3004,28,5
255686,3004,19,4
255686,3004,70,5
255686,3004,379,22
255686,30044,70,7
255686,30046,0,7
255686,3005,71,4
255686,3005,0,2
255686,3005,182,2
255686,3005,379,16
255686,3005,28,6
255686,3005,70,2
255686,3005,19,20
255686,3007,71,1
255686,3008,71,2
255686,3009,28,3
255686,3009,379,13
255686,3010,70,2
255686,3010,19,2
255686,3010,28,9
255686,3010,379,4
255686,30134,70,1
255686,30150,84,11
255686,30150,14,2
255686,30154,72,1
255686,30162,72,1
255686,30162,71,1
255686,30166,70,2
255686,3020,15,12
255686,3020,4,1
255686,3020,70,27
255686,3020,71,2
255686,3020,28,4
255686,3020,72,1
255686,3021,70,13
255686,3021,15,2
255686,3022,19,1
255686,3022,70,6
255686,3022,0,6
255686,3022,71,1
255686,3022,28,1
255686,3023,379,5
255686,3023,19,1
255686,3023,41,1
255686,3023,25,2
255686,3023,28,5
255686,3023,0,20
255686,3023,4,27
255686,3023,297,5
255686,3023,72,7
255686,3023,308,1
255686,3023,70,23
255686,3023,182,14
255686,3024,379,15
255686,3024,0,12
255686,3024,71,3
255686,3024,72,2
255686,3024,28,16
255686,3024,70,7
255686,3024,19,18
255686,3028,71,1
255686,3029,28,6
255686,3029,71,4
255686,3030,70,8
255686,3031,71,2
255686,3031,70,7
255686,3032,0,1
255686,3032,71,1
255686,3032,70,8
255686,3033,70,1
255686,3033,71,4
255686,3034,70,3
255686,3034,14,2
255686,30340,15,5
255686,3035,71,2
255686,3035,72,1
255686,3036,0,4
255686,3036,70,1
255686,30363,70,4
255686,3037,0,6
255686,30374,70,2
255686,30395,72,1
255686,3040b,28,17
255686,3040b,19,4
255686,30414,72,5
255686,30414,71,3
255686,3043,0,2
255686,30503,70,2
255686,30565,28,4
255686,3062b,320,6
255686,3062b,46,4
255686,3062b,70,6
255686,3065,41,6
255686,3068b,28,8
255686,3068b,71,2
255686,3068b,70,4
255686,3068b,308,12
255686,3069b,71,8
255686,3069b,272,6
255686,3069b,191,1
255686,3069b,0,1
255686,3069b,308,2
255686,3069b,72,1
255686,3069b,28,8
255686,3069b,70,3
255686,3070b,70,2
255686,3070b,0,3
255686,3070b,28,4
255686,3131,19,2
255686,32018,71,2
255686,32028,71,8
255686,32028,28,5
255686,32064a,0,2
255686,32123b,14,2
255686,32198,19,2
255686,32324,0,2
255686,32530,0,2
255686,32532,71,3
255686,32607,27,2
255686,32952,19,6
255686,32952,71,12
255686,3386,15,4
255686,3386,0,4
255686,34103,0,1
255686,34103,71,2
255686,34172,15,2
255686,3460,0,2
255686,3460,72,2
255686,3460,28,2
255686,3460,70,2
255686,3484,72,8
255686,3484,0,3
255686,35480,28,6
255686,35787,71,2
255686,35787,70,2
255686,3622,19,2
255686,3622,72,2
255686,3623,379,11
255686,3623,28,4
255686,3623,70,4
255686,3623,71,3
255686,3659,0,1
255686,3659,19,1
255686,3659,28,8
255686,3659,71,4
255686,3661,15,3
255686,3665,70,4
255686,3666,1,6
255686,3666,28,2
255686,3673,14,1
255686,3673,71,1
255686,36756pr0001,28,1
255686,3678b,0,4
255686,3678b,70,2
255686,3678b,72,2
255686,3679,71,1
255686,3680,0,1
255686,36841,70,2
255686,3700,70,3
255686,3700,71,2
255686,3700,25,1
255686,3701,72,3
255686,3701,71,2
255686,3703,0,8
255686,3705,0,1
255686,3706,0,4
255686,3710,71,8
255686,3710,15,2
255686,3710,0,2
255686,3710,70,12
255686,3710,19,2
255686,3710,379,4
255686,3710,4,2
255686,3710,28,7
255686,3713,71,11
255686,37352,70,1
255686,3737,0,2
255686,3749,19,2
255686,37776,0,4
255686,3795,71,5
255686,3795,15,1
255686,3795,28,1
255686,3795,4,2
255686,38014,15,1
255686,3832,71,1
255686,3832,70,1
255686,3937,72,4
255686,3941,0,10
255686,3958,70,1
255686,39888,19,2
255686,40145,0,1
255686,4032a,191,2
255686,4070,70,6
255686,4070,28,8
255686,4070,19,5
255686,4151b,71,2
255686,4162,28,8
255686,4162,71,6
255686,4162,0,8
255686,4162,308,2
255686,41682,70,1
255686,41682,71,4
255686,41740,19,2
255686,41740,84,3
255686,41740,71,4
255686,41740,70,6
255686,41740,28,14
255686,41769,70,1
255686,41770,70,1
255686,42023,0,4
255686,4216,28,13
255686,4274,71,3
255686,4304,71,7
255686,4332,308,1
255686,4345b,71,1
255686,4346,47,1
255686,4367,191,4
255686,44728,71,4
255686,44728,72,7
255686,44728,28,20
255686,4477,70,6
255686,4477,28,5
255686,4495b,272,3
255686,4519,14,2
255686,4528,179,1
255686,4536,15,4
255686,4697b,0,1
255686,4738c,70,1
255686,4740,0,1
255686,4742,0,1
255686,47905,72,2
255686,4790b,70,2
255686,48336,0,1
255686,48336,71,2
255686,49307,70,4
255686,50745,72,2
255686,50950,70,4
255686,51239,308,4
255686,51266,1095,4
255686,53119,29,2
255686,53119,15,2
255686,54200,72,4
255686,54200,70,6
255686,54200,28,8
255686,54200,308,2
255686,55982,0,8
255686,5630,0,1
255686,5630,70,1
255686,57360,0,2
255686,57697,0,1
255686,59443,72,8
255686,59900,46,1
255686,59900,0,2
255686,6003,71,3
255686,6005,19,4
255686,6005,70,2
255686,60169,72,2
255686,604547,179,2
255686,604548,179,2
255686,604549,179,2
255686,604550,179,2
255686,604551,179,2
255686,604552,179,2
255686,604553,179,2
255686,604614,179,2
255686,604615,179,2
255686,60470b,0,4
255686,60470b,28,2
255686,60474,72,1
255686,60474,0,2
255686,60475b,19,6
255686,60475b,70,2
255686,60479,70,6
255686,60479,28,1
255686,60479,71,5
255686,60479,0,1
255686,60592,70,4
255686,60596,28,3
255686,6060,70,2
255686,60601,1095,4
255686,60623,288,2
255686,60897,71,1
255686,60897,70,4
255686,60897,0,1
255686,6091,15,2
255686,6091,320,4
255686,6091,72,4
255686,6106,28,2
255686,6111,19,1
255686,6112,15,1
255686,61332,0,41
255686,6134,71,4
255686,61409,0,2
255686,6141,4,4
255686,6141,25,12
255686,6141,297,1
255686,6141,41,6
255686,6141,0,3
255686,6141,14,6
255686,6141,191,5
255686,61780,70,2
255686,6187,71,5
255686,61976,70,1
255686,62113,70,1
255686,62462,0,14
255686,62462,71,6
255686,63864,70,2
255686,63864,0,1
255686,63864,28,5
255686,63864,71,1
255686,63868,70,2
255686,63965,0,1
255686,64644,297,2
255686,64644,70,5
255686,64644,71,1
255686,64648,25,2
255686,65509,71,1
255686,65617,71,4
255686,65768,0,1
255686,6636,71,2
255686,6636,308,2
255686,6636,0,18
255686,6636,19,1
255686,66857,15,1
255686,67329,71,3
255686,67810,320,2
255686,68211,10,1
255686,68325,0,2
255686,68568,70,3
255686,68888,72,2
255686,69729,70,4
255686,69729,71,2
255686,69778,1,4
255686,73109,71,8
255686,73111,0,2
255686,73230,72,4
255686,74611,71,2
255686,74698,0,1
255686,77850,0,2
255686,78256,70,4
255686,78329,19,2
255686,78329,71,3
255686,78333,71,1
255686,78666,70,26
255686,79389,71,2
255686,79393,0,1
255686,79808,71,1
255686,80031,28,2
255686,80324,15,2
255686,80674pr0002,226,1
255686,80686pr0002,72,1
255686,80835,70,1
255686,85861,71,10
255686,85861,0,8
255686,85984,72,4
255686,85984,71,4
255686,85984,28,8
255686,85984,308,7
255686,85984,70,4
255686,86148,297,1
255686,87079,191,2
255686,87079,72,1
255686,87079,71,2
255686,87083,72,4
255686,87087,72,6
255686,87087,15,2
255686,87087,71,6
255686,87580,15,1
255686,87580,72,1
255686,87580,71,1
255686,87585,70,1
255686,87994,0,1
255686,87994,70,1
255686,88646,71,2
255686,89201,0,8
255686,90398,297,1
255686,91988,70,6
255686,92338,0,2
255686,92338,179,2
255686,92410,71,2
255686,92586pr0001,84,1
255686,92950,19,2
255686,93274,72,3
255686,93274,71,11
255686,95228,34,1
255686,95228,47,2
255686,95343,70,1
255686,95354,0,1
255686,96874,25,1
255686,98138,0,4
255686,98138pr0283,297,1
255686,98283,28,1
255686,98368,272,2
255686,99207,28,1
255686,99207,72,4
255686,99207,70,1
255686,99563,71,8
255686,99563,72,10
255686,99563,297,3
255686,99780,70,6
255686,99780,72,1
255686,99781,70,8
255687,10169,84,1
255687,10509pr0007,19,1
255687,11090,0,10
255687,11090,15,1
255687,11153,0,4
255687,11153,70,8
255687,11458,0,2
255687,11477,70,5
255687,11477,19,1
255687,11477,0,2
255687,11477,2,1
255687,11477,71,4
255687,11609,191,1
255687,11610,0,3
255687,12891pr0002,15,2
255687,13548,72,1
255687,13564,15,1
255687,13564,0,2
255687,13965,71,8
255687,13965,70,4
255687,14226c41,0,1
255687,14395,71,9
255687,14417,72,1
255687,14704,71,3
255687,14716,71,14
255687,14719,320,12
255687,14769,72,11
255687,14769,320,1
255687,14769,14,1
255687,14769pr1075,70,3
255687,15068,19,2
255687,15068,15,1
255687,15070,4,2
255687,15070,15,2
255687,15332,0,1
255687,15533,71,41
255687,15533,72,3
255687,15535,19,1
255687,15535,72,1
255687,15535,70,2
255687,15573,70,10
255687,15672,71,2
255687,15672,70,2
255687,15712,320,2
255687,15712,0,9
255687,15712,70,3
255687,16577,71,1
255687,18041,0,3
255687,18674,70,2
255687,18674,85,1
255687,18674,28,2
255687,18677,0,3
255687,18866,15,1
255687,18980,2,1
255687,20310,70,4
255687,20482,47,1
255687,20482,70,1
255687,20482,297,1
255687,20482,0,3
255687,20953,14,1
255687,22385,4,4
255687,22385,320,11
255687,22388,71,4
255687,22886,71,13
255687,22890,72,1
255687,2343,179,1
255687,2343,297,5
255687,23443,0,2
255687,2357,72,1
255687,2357,71,38
255687,23969,19,1
255687,2412b,4,2
255687,2417,2,7
255687,2420,72,2
255687,2420,70,6
255687,24201,15,2
255687,24201,0,8
255687,24201,70,6
255687,2423,2,5
255687,24246,15,4
255687,24246,85,1
255687,24246,272,4
255687,24309,15,1
255687,24309,4,1
255687,2431,72,1
255687,2431,70,4
255687,2431,0,1
255687,2435,288,3
255687,2445,70,2
255687,24482,72,2
255687,2453b,71,10
255687,2454b,71,1
255687,2456,71,9
255687,24866,15,9
255687,2489,70,1
255687,2489,84,4
255687,2489,308,3
255687,25269,72,4
255687,25269,15,14
255687,25269,71,11
255687,25269,0,6
255687,25269,19,1
255687,25269,70,9
255687,25269,85,1
255687,25375,297,2
255687,2566,0,1
255687,2570,1103,2
255687,2587,179,2
255687,26047,0,3
255687,26047,70,1
255687,2654,70,6
255687,26603,70,1
255687,27263,320,12
255687,27448,0,1
255687,2817,0,1
255687,28588,288,1
255687,2877,71,11
255687,28974,0,1
255687,29119,15,3
255687,29119,19,1
255687,29120,15,3
255687,2926,0,2
255687,3001,25,1
255687,3001,72,1
255687,3001,71,17
255687,3002,71,3
255687,3002,72,1
255687,3003,71,8
255687,3003,72,2
255687,3004,0,1
255687,3004,19,1
255687,3004,71,55
255687,3005,71,89
255687,3005,70,2
255687,3005,72,1
255687,3007,71,4
255687,3008,70,1
255687,3008,71,4
255687,3009,71,17
255687,3010,71,37
255687,3010,70,2
255687,30134,72,1
255687,30136,70,20
255687,30145,71,9
255687,30150,84,2
255687,30153,36,1
255687,3020,322,1
255687,3020,71,1
255687,3020,70,2
255687,3021,15,1
255687,3021,288,1
255687,3021,0,1
255687,3021,71,1
255687,3021,70,9
255687,3022,70,1
255687,3022,0,2
255687,3022,72,4
255687,3022,71,1
255687,3022,19,3
255687,3023,72,1
255687,3023,70,3
255687,3023,19,3
255687,3023,0,8
255687,3023,2,3
255687,3023,308,2
255687,3023,71,15
255687,3024,47,1
255687,3024,0,4
255687,3024,41,1
255687,3024,2,1
255687,3024,70,7
255687,3024,71,12
255687,3028,72,6
255687,3028,71,4
255687,3030,72,1
255687,3030,70,3
255687,3031,71,2
255687,3031,70,2
255687,3032,2,1
255687,3032,322,2
255687,3032,72,2
255687,3032,70,2
255687,3033,70,1
255687,3033,322,3
255687,3033,2,4
255687,3034,72,1
255687,3034,70,5
255687,3034,0,1
255687,3035,15,1
255687,3035,70,4
255687,3035,322,2
255687,3035,72,3
255687,3035,2,2
255687,30357,70,2
255687,30357,19,3
255687,3036,72,1
255687,3036,2,2
255687,3036,70,3
255687,3036,322,7
255687,30374,0,6
255687,3039,71,7
255687,3039,72,4
255687,3039,70,4
255687,30395,72,2
255687,3040b,72,10
255687,3040b,71,4
255687,30414,71,1
255687,3062b,297,2
255687,3062b,0,6
255687,3062b,33,1
255687,3062b,46,3
255687,3062b,70,32
255687,3068bpr0240,19,1
255687,3069b,71,2
255687,3069b,0,2
255687,3069b,320,41
255687,3069b,19,1
255687,3069b,72,19
255687,3069b,84,1
255687,3069b,308,3
255687,3069b,70,6
255687,3070b,320,1
255687,3070b,72,49
255687,3070b,71,4
255687,3176,0,1
255687,32015,0,2
255687,32016,0,2
255687,32028,72,3
255687,32034,0,2
255687,32062,4,4
255687,32064a,71,6
255687,3245c,71,3
255687,32530,0,3
255687,32607,10,28
255687,32607,2,2
255687,32828,0,2
255687,32828,297,1
255687,32952,70,4
255687,32952,71,16
255687,33078,0,1
255687,33121,4,2
255687,33121,191,1
255687,33172,25,3
255687,33183,10,2
255687,33909,70,7
255687,33909,72,2
255687,33909,0,1
255687,34103,70,2
255687,34103,326,2
255687,3460,70,6
255687,3460,71,4
255687,3460,15,1
255687,34816,0,4
255687,3484,71,4
255687,3484,72,1
255687,3484,0,4
255687,35480,70,8
255687,35480,19,4
255687,35480,0,6
255687,35787,272,4
255687,35787,14,2
255687,35787,4,2
255687,3622,71,41
255687,3623,70,7
255687,3623,72,3
255687,3623,71,1
255687,3623,326,1
255687,3623,19,2
255687,3623,0,1
255687,3659,70,2
255687,3659,71,13
255687,3660,72,16
255687,3665,71,15
255687,3665,72,7
255687,3666,71,9
255687,3666,70,3
255687,3666,72,1
255687,36756pr0001,28,1
255687,3676,72,9
255687,36840,0,3
255687,36840,71,4
255687,36841,272,4
255687,36841,0,2
255687,36841,15,4
255687,3700,0,1
255687,3700,71,2
255687,3701,71,12
255687,3709,0,1
255687,3710,71,5
255687,3710,4,1
255687,3710,72,3
255687,3710,70,5
255687,37352,0,1
255687,37352,72,4
255687,3749,19,2
255687,37695,10,15
255687,37762,15,1
255687,37775,182,1
255687,37776,0,3
255687,3795,322,1
255687,3795,72,2
255687,3795,70,5
255687,3832,72,1
255687,38320,297,5
255687,3844,71,1
255687,3844,0,1
255687,3846pr0044,71,1
255687,3846pr0048,71,2
255687,3849,0,4
255687,3899,179,1
255687,3937,70,3
255687,3937,0,1
255687,3941,70,6
255687,3941,85,1
255687,3941,0,1
255687,3957b,0,1
255687,3958,70,6
255687,3958,71,3
255687,3958,2,1
255687,39888,19,1
255687,4032a,72,2
255687,4032a,308,2
255687,4032a,70,2
255687,4032a,0,1
255687,4032a,2,4
255687,4032a,84,4
255687,4032a,19,1
255687,4032a,14,1
255687,4070,70,4
255687,4070,71,9
255687,4070,0,2
255687,4162,71,4
255687,4162,70,2
255687,41682,0,2
255687,41740,71,10
255687,41740,70,3
255687,4175,28,1
255687,41948,322,1
255687,4274,71,1
255687,4286,70,2
255687,4286,71,1
255687,4287c,71,1
255687,43093,1,2
255687,4342,84,1
255687,4460b,71,3
255687,4477,72,1
255687,4477,70,1
255687,4489b,70,4
255687,4490,71,10
255687,4495b,14,4
255687,4495b,4,4
255687,4499,70,1
255687,4503,179,1
255687,4522,0,1
255687,4599b,0,4
255687,4697b,0,4
255687,4738c,84,1
255687,48336,0,3
255687,48493,179,2
255687,4865b,19,4
255687,49307,320,7
255687,49307,15,7
255687,49307,4,11
255687,53454,179,2
255687,54200,47,13
255687,54200,72,50
255687,54200,0,4
255687,54200,70,9
255687,54200,191,2
255687,59443,0,3
255687,59900,182,1
255687,6003,322,4
255687,6003,2,4
255687,60470b,71,1
255687,60470b,0,3
255687,60474,308,1
255687,60475b,71,19
255687,60475b,0,2
255687,60475b,70,4
255687,60476,71,2
255687,60478,0,4
255687,60478,70,2
255687,60478,72,9
255687,60479,72,2
255687,60479,70,1
255687,60479,71,1
255687,60481,70,6
255687,60481,72,3
255687,60581,71,22
255687,60808,71,12
255687,60897,0,3
255687,60897,72,1
255687,60897,70,1
255687,60897,71,1
255687,6111,71,5
255687,61252,0,1
255687,61332,0,12
255687,6134,70,1
255687,6134,4,1
255687,6134,0,2
255687,6141,0,1
255687,6141,70,2
255687,6141,72,1
255687,6141,15,4
255687,6141,191,1
255687,6141,71,11
255687,6141,320,1
255687,6141,2,4
255687,6141,47,1
255687,6180,70,2
255687,6231,19,2
255687,6254,85,5
255687,6254,27,4
255687,63864,272,4
255687,63864,70,4
255687,63864,308,3
255687,63864,4,4
255687,63864,15,4
255687,63864,320,2
255687,63965,0,8
255687,64567,0,3
255687,64644,0,4
255687,64647,4,1
255687,64647,15,5
255687,64647,182,8
255687,64648,158,2
255687,64648,179,3
255687,64648,212,3
255687,64951,84,4
255687,65092,1053,1
255687,6564,71,1
255687,6587,28,2
255687,6636,70,9
255687,6636,71,4
255687,68888,70,1
255687,73825,70,2
255687,76764,179,2
255687,76959,71,2
255687,78256,0,4
255687,78258,0,4
255687,78666,70,2
255687,79194,0,4
255687,79389,70,4
255687,80679pr0001,484,1
255687,80835,84,1
255687,85861,297,9
255687,85861,0,19
255687,85861,70,12
255687,85984,0,1
255687,85984,72,19
255687,85984,71,1
255687,85984,19,2
255687,85984,320,1
255687,85984,70,1
255687,85984,4,1
255687,86876,71,11
255687,86996,71,2
255687,87079,72,1
255687,87087,71,55
255687,87087,84,2
255687,87087,70,1
255687,87580,70,7
255687,87585,70,6
255687,87620,71,75
255687,87693,4,1
255687,87693,15,2
255687,87994,70,1
255687,88072,72,1
255687,88292,70,2
255687,88704,0,1
255687,89678,72,1
255687,90195,71,9
255687,90981,15,1
255687,92338,72,3
255687,92338,0,2
255687,92438,28,1
255687,92586pr0001,84,1
255687,92590,28,2
255687,92950,70,3
255687,92950,71,14
255687,93160,15,1
255687,93273,2,3
255687,93273,288,3
255687,93273,15,3
255687,95228,34,1
255687,96874,25,1
255687,98138,308,1
255687,98138,72,4
255687,98138,191,1
255687,98138,70,1
255687,98138,28,12
255687,98138,14,1
255687,98138pr0018,84,4
255687,98138pr0048,70,30
255687,98138pr0283,297,1
255687,98283,71,51
255687,98283,28,51
255687,98284,0,1
255687,98374,1103,1
255687,98383,297,1
255687,98560,72,1
255687,98560,71,11
255687,99207,70,6
255687,99207,0,1
255687,99563,297,2
255688,10114120,9999,1
255688,10169,84,1
255688,10884,2,1
255688,11090,72,2
255688,11127,41,3
255688,11211,70,5
255688,11211,71,2
255688,11211,19,1
255688,11211,15,2
255688,11211,28,4
255688,1126,71,1
255688,11458,70,8
255688,11476,70,2
255688,11477,322,4
255688,11477,70,12
255688,11477,379,48
255688,11477,2,1
255688,11477,27,2
255688,11477,71,1
255688,11610,10,1
255688,13548,70,8
255688,13548,72,1
255688,13965,28,2
255688,14395,28,4
255688,14716,322,5
255688,14716,15,3
255688,14716,71,7
255688,14716,70,3
255688,14716,308,2
255688,14716,226,1
255688,14716,28,4
255688,15068,70,2
255688,15254,15,6
255688,15254,71,1
255688,15254,70,6
255688,15254,19,3
255688,15279,10,3
255688,15332,70,2
255688,15533,71,12
255688,15573,70,15
255688,15573,28,2
255688,15573,27,3
255688,15573,72,1
255688,15672,19,4
255688,15712,0,4
255688,15712,72,2
255688,16577,70,4
255688,1750,3,4
255688,18653,84,5
255688,18653,25,3
255688,18653,19,2
255688,18653,70,1
255688,18653,15,4
255688,18674,70,3
255688,18838,70,2
255688,18853,29,5
255688,19121,70,4
255688,1927,70,3
255688,20309,0,7
255688,20310,70,2
255688,20310,15,2
255688,20482,72,2
255688,20482,70,7
255688,22885,71,1
255688,22885,484,3
255688,22886,71,1
255688,22888,322,1
255688,22888,326,4
255688,22888,191,2
255688,23443,72,1
255688,2357,14,1
255688,2357,28,4
255688,2357,70,6
255688,2357,15,5
255688,2357,72,1
255688,2357,71,2
255688,23986,378,1
255688,24093,0,1
255688,2420,15,3
255688,2420,70,6
255688,2420,378,1
255688,2420,72,4
255688,2420,28,2
255688,2420,2,1
255688,24201,70,2
255688,2423,2,4
255688,2423,326,2
255688,24246,191,35
255688,24246,71,2
255688,24246,484,24
255688,24246,25,36
255688,24246,85,2
255688,24246,84,36
255688,24246,92,12
255688,2431,19,3
255688,2431,308,3
255688,2431,84,1
255688,2431,70,8
255688,2431,25,2
255688,2431,28,12
255688,2431,322,2
255688,2431,27,1
255688,2431,72,3
255688,24324,0,1
255688,2445,27,4
255688,2449,70,5
255688,2449,28,1
255688,2450,19,1
255688,2450,27,5
255688,2453b,308,4
255688,2454b,71,1
255688,2456,72,1
255688,2456,1050,3
255688,2456,70,1
255688,24866,10,1
255688,24866,31,9
255688,24866,25,3
255688,24866,30,4
255688,2489,84,1
255688,2489,70,1
255688,25269,27,8
255688,25269,70,14
255688,25269,15,12
255688,25269,484,1
255688,25269,28,6
255688,25269,84,7
255688,25269,19,4
255688,26047,15,1
255688,26047,297,8
255688,26047,70,14
255688,2639,4,1
255688,26601,19,4
255688,26601,27,9
255688,26603,19,2
255688,26604,70,4
255688,2682,288,4
255688,2682,2,6
255688,27507,70,2
255688,27925,19,1
255688,27925,484,4
255688,27925,28,2
255688,2817,71,4
255688,2821,84,2
255688,28870,15,1
255688,3001,1050,2
255688,3001,84,1
255688,3002,70,1
255688,3003,70,10
255688,3004,322,11
255688,3004,308,12
255688,3004,72,5
255688,3004,85,1
255688,3004,1050,2
255688,3004,27,2
255688,3004,28,6
255688,3004,379,4
255688,3004,70,12
255688,3004,71,1
255688,3004,15,10
255688,30044,0,1
255688,30044,288,1
255688,3005,71,11
255688,3005,70,29
255688,3005,1050,1
255688,3005,84,1
255688,3005,322,5
255688,3005,72,1
255688,3005,320,5
255688,3005,4,2
255688,3005,15,20
255688,3005,308,7
255688,3005,326,5
255688,3005,19,4
255688,3005,28,29
255688,3005,45,2
255688,3005,5,1
255688,3008,72,1
255688,3009,3,1
255688,3009,28,3
255688,3009,70,2
255688,3009,15,4
255688,3009,4,2
255688,3010,71,1
255688,3010,15,7
255688,3010,72,1
255688,3010,26,4
255688,3010,70,7
255688,3010,28,2
255688,3010,5,2
255688,3010,326,1
255688,30136,15,1
255688,30136,71,1
255688,30136,70,1
255688,30136,28,12
255688,30137,70,4
255688,30154,297,1
255688,3020,85,2
255688,3020,15,1
255688,3020,1050,2
255688,3020,308,1
255688,3020,484,2
255688,3020,70,4
255688,3020,28,2
255688,3020,322,2
255688,3020,71,4
255688,3021,70,8
255688,3021,28,2
255688,3022,3,2
255688,3022,70,6
255688,3022,72,2
255688,3022,84,1
255688,3023,484,5
255688,3023,4,2
255688,3023,19,4
255688,3023,191,1
255688,3023,15,18
255688,3023,84,2
255688,3023,379,21
255688,3023,322,6
255688,3023,27,4
255688,3023,326,5
255688,3023,70,33
255688,3023,2,1
255688,3023,72,3
255688,3023,272,2
255688,3023,288,5
255688,3023,3,1
255688,3023,28,17
255688,3023,320,2
255688,3023,308,19
255688,3023,71,5
255688,3024,85,2
255688,3024,272,1
255688,3024,72,11
255688,3024,71,9
255688,3024,70,74
255688,3024,28,14
255688,3024,484,9
255688,3024,27,4
255688,3024,84,4
255688,3024,15,35
255688,3024,4,2
255688,3024,379,16
255688,3024,378,1
255688,3024,2,2
255688,3024,322,13
255688,3024,326,9
255688,3024,308,18
255688,3024,19,8
255688,3028,70,8
255688,3029,28,2
255688,3031,27,1
255688,3031,322,1
255688,3031,70,3
255688,3031,10,1
255688,3031,2,1
255688,3031,191,1
255688,3032,322,2
255688,3032,70,1
255688,3034,70,1
255688,3034,322,2
255688,3034,28,1
255688,3034,27,1
255688,3035,10,1
255688,3035,4,1
255688,30357,70,6
255688,30357,28,4
255688,30357,15,3
255688,3036,70,2
255688,30374,19,1
255688,3040b,15,4
255688,3040b,484,2
255688,3040b,70,2
255688,3040b,71,2
255688,3040b,72,3
255688,3040b,25,6
255688,3040b,84,1
255688,3040b,19,4
255688,30414,70,2
255688,3044c,19,1
255688,3045,70,2
255688,30565,70,6
255688,3062b,15,2
255688,3062b,308,53
255688,3062b,70,24
255688,3062b,33,2
255688,3062b,47,1
255688,3062b,0,7
255688,3062b,484,2
255688,3068b,322,5
255688,3068b,27,1
255688,3068bpr0240,19,1
255688,3069b,27,1
255688,3069b,28,9
255688,3069b,84,7
255688,3069b,70,1
255688,3069b,19,4
255688,3069b,322,2
255688,3069b,288,2
255688,3069b,326,1
255688,3069b,308,7
255688,3069b,320,3
255688,3069b,484,3
255688,3069bpr0148,15,1
255688,3070b,15,3
255688,3070b,28,4
255688,3070b,27,2
255688,3070b,70,18
255688,3070b,71,6
255688,3070b,322,1
255688,3070b,484,4
255688,3070b,92,1
255688,3070b,19,2
255688,3172,70,2
255688,31990,191,4
255688,32028,28,9
255688,32028,70,13
255688,32028,72,8
255688,3245c,15,1
255688,3245c,84,1
255688,3245c,72,3
255688,32607,191,1
255688,32607,2,2
255688,32607,27,3
255688,32607,30,8
255688,32607,326,2
255688,32607,288,1
255688,32607,25,5
255688,32607,10,11
255688,32932,0,4
255688,32952,15,20
255688,32952,72,3
255688,32952,70,3
255688,3298,25,4
255688,3298,84,10
255688,33320,2,2
255688,33909,28,2
255688,33909,70,9
255688,33909,320,1
255688,34103,19,1
255688,34103,320,1
255688,34103,326,2
255688,3460,70,3
255688,3460,308,6
255688,3460,15,1
255688,3460,27,2
255688,3460,26,1
255688,35480,19,2
255688,35480,378,4
255688,35480,70,2
255688,35480,320,1
255688,35787,27,1
255688,3622,15,1
255688,3622,1,1
255688,3622,3,1
255688,3623,25,1
255688,3623,70,16
255688,3623,19,2
255688,3623,322,1
255688,3623,326,7
255688,3623,28,8
255688,3623,288,1
255688,3623,72,1
255688,3623,27,1
255688,3623,15,7
255688,3626cpr0895,15,1
255688,3659,70,2
255688,3659,15,1
255688,3665,15,3
255688,3665,28,1
255688,3665,71,4
255688,3665,70,11
255688,3666,5,5
255688,3666,72,3
255688,3666,308,12
255688,3666,320,1
255688,3666,15,14
255688,3666,28,5
255688,3666,70,11
255688,3666,19,3
255688,36756pr0001,28,1
255688,36840,70,2
255688,36840,84,2
255688,36841,15,1
255688,36841,70,6
255688,3700,70,1
255688,3710,4,1
255688,3710,72,1
255688,3710,19,1
255688,3710,27,3
255688,3710,70,10
255688,3710,326,1
255688,3710,28,3
255688,3710,308,9
255688,3710,15,2
255688,3710,484,2
255688,3710,71,3
255688,3749,19,1
255688,37695,10,4
255688,37762,15,1
255688,37775,182,5
255688,3795,322,2
255688,3795,70,6
255688,3795,308,3
255688,3795,484,2
255688,38014,15,1
255688,3937,70,9
255688,3938,72,1
255688,39888,19,4
255688,4070,28,2
255688,4079,70,2
255688,41539,484,1
255688,41539,27,2
255688,41539,322,1
255688,41539,15,1
255688,41539,28,2
255688,4162,308,2
255688,4162,14,1
255688,4162,70,4
255688,41740,484,1
255688,41740,15,2
255688,41740,70,3
255688,41740,28,2
255688,41740,0,1
255688,41769,19,1
255688,41770,19,1
255688,41835pr0001,321,1
255688,41835pr0001,15,2
255688,42022,72,1
255688,4286,191,6
255688,4286,84,4
255688,4286,71,1
255688,4286,72,3
255688,4287c,70,9
255688,43093,1,4
255688,4367,5,8
255688,4367,4,1
255688,4367,191,3
255688,43708,191,2
255688,43710,71,1
255688,43722,27,2
255688,43723,27,4
255688,43723,19,1
255688,43888,70,2
255688,4460b,72,2
255688,4460b,71,3
255688,4460b,28,2
255688,4477,308,2
255688,4477,70,1
255688,4510,70,1
255688,4733,72,2
255688,4733,70,4
255688,47847,71,3
255688,47905,70,2
255688,48092,70,8
255688,48336,72,3
255688,48336,70,18
255688,49307,3,8
255688,49307,25,8
255688,49307,84,24
255688,49307,92,3
255688,50950,70,2
255688,54200,72,4
255688,54200,19,2
255688,54200,71,3
255688,54200,308,12
255688,54200,84,2
255688,54200,15,1
255688,54200,484,1
255688,54200,70,18
255688,54200,27,1
255688,54383,25,8
255688,54384,25,8
255688,55236,2,3
255688,5711,72,1
255688,5717,70,2
255688,59349,70,3
255688,59900,35,1
255688,59900,36,1
255688,59900,1095,1
255688,59900,70,11
255688,59900,72,3
255688,59900,297,1
255688,59900,378,1
255688,59900,0,1
255688,59900,46,1
255688,6003,322,7
255688,604547,179,2
255688,604548,179,2
255688,604549,179,2
255688,604550,179,2
255688,604551,179,2
255688,604552,179,2
255688,604553,179,2
255688,604614,179,2
255688,604615,179,2
255688,60470b,84,2
255688,60479,15,1
255688,60479,70,3
255688,60481,84,9
255688,60481,72,3
255688,60481,28,1
255688,60592,0,6
255688,60593,0,5
255688,60594,70,2
255688,60596,308,1
255688,60601,47,5
255688,60602,47,5
255688,60607,297,4
255688,60623,3,1
255688,6091,2,1
255688,6091,15,9
255688,6091,71,2
255688,6091,322,10
255688,61252,72,8
255688,61332,0,4
255688,6134,70,8
255688,61409,70,2
255688,6141,484,2
255688,6141,72,9
255688,6141,35,1
255688,6141,182,2
255688,6141,70,32
255688,6141,2,2
255688,6141,297,9
255688,6141,28,11
255688,6141,71,1
255688,6141,15,4
255688,6141,47,1
255688,61976,70,1
255688,62361,70,1
255688,6266,70,4
255688,63864,308,2
255688,63864,26,1
255688,63864,84,1
255688,63864,70,9
255688,63864,322,4
255688,63864,25,1
255688,63864,326,2
255688,63965,72,2
255688,63965,70,1
255688,64567,308,2
255688,64644,484,3
255688,64644,70,13
255688,64644,308,4
255688,64647,182,1
255688,6541,70,6
255688,6541,72,3
255688,65578,2,2
255688,6636,308,2
255688,6636,70,15
255688,6636,84,1
255688,6636,27,1
255688,6636,28,1
255688,66857,3,1
255688,68211,10,3
255688,68211,70,1
255688,68888,70,1
255688,69066,308,5
255688,69729,3,1
255688,70681,84,2
255688,70681,70,2
255688,73117,297,1
255688,73230,70,2
255688,75937,84,2
255688,75937,0,1
255688,76959,70,3
255688,78329,15,3
255688,78666,70,2
255688,79194,72,6
255688,80326,28,3
255688,80674pr0002,226,2
255688,80679pr0001,484,3
255688,80686pr0002,72,1
255688,85080,15,14
255688,85080,28,1
255688,85861,288,1
255688,85861,70,1
255688,85861,15,4
255688,85861,72,2
255688,85861,0,2
255688,85975,15,4
255688,85984,70,16
255688,85984,19,8
255688,86208,72,2
255688,87079,322,3
255688,87079,85,2
255688,87087,70,6
255688,87087,84,1
255688,87087,326,1
255688,87087,19,1
255688,87087,71,1
255688,87087,72,6
255688,87087,15,7
255688,87580,84,3
255688,87580,71,2
255688,87693,15,1
255688,87994,72,1
255688,87994,70,1
255688,88072,70,2
255688,88292,70,4
255688,88292,15,4
255688,89678,72,3
255688,91405,322,1
255688,92690,71,1
255688,92692,70,2
255688,93549pat0001,47,1
255688,93549pat0002,47,1
255688,96874,3,1
255688,98138,84,1
255688,98138,70,2
255688,98138,72,6
255688,98138,308,2
255688,98138,71,2
255688,98138pr0018,84,1
255688,98138pr0256,297,1
255688,98138pr9986,84,1
255688,98283,28,12
255688,98283,15,7
255688,98283,71,11
255688,99563,70,6
255688,99563,72,2
255688,99563,71,9
255699,100811c01pr0004,78,1
255699,101117c01pr0022,379,1
255699,2640,484,1
255699,92198pr0336,78,1
255700,18854,52,1
255700,2632,19,1
255700,36198c01pr0001,158,1
255700,92198pr0337,92,1
255700,92456c03pr0006,92,1
255701,101117c01pr0002,322,1
255701,2644,308,1
255701,92198pr0338,1088,1
255701,92456c16pr0009,1088,1
255702,2241c01pr0011,4,1
255702,85974,226,1
255702,92198pr0339,78,1
255702,92456c01pr0002,78,1
255703,110193c01pr0004,92,1
255703,2645,320,1
255703,92198pr0346,78,1
255703,92456c01pr0007,78,1
255704,02137pat0004,19,1
255704,36198c01pr0001,158,1
255704,92198pr0047,92,1
255704,92456c03pr0004,92,1
255707,101117c01pr0024,323,1
255707,78301,0,1
255707,92198pr0462,1137,1
255707,92456c19pr0004,1137,1
255709,2241c01pr0010,26,1
255709,80700,0,1
255709,92198pr0064,70,1
255709,92456c15pr0001,70,1
255710,2645,320,1
255710,36198c01pr0004,30,1
255710,92198pr0346,78,1
255710,92456c01pr0035,78,1
255711,111388pat0001,84,1
255711,6569pr0002,84,1
255712,2633,0,1
255712,36198c01pr0015,191,1
255712,92198pr0010,1089,1
255712,92456c06pr0011,1089,1
255713,100811c01pr0006,78,1
255713,101117c01pr0003,378,1
255713,2640,484,1
255713,92198pr0336,78,1
255714,11408c02pr0008,84,1
255714,2268c01pr0006,14,1
255714,40938,70,1
255714,92198pr0335,84,1
255715,2633,0,1
255715,5789c01pr0002,1050,1
255715,92198pr0010,1089,1
255715,92456c06pr0012,1089,1
255716,101117c01pr0005,15,1
255716,2645,320,1
255716,92198pr0346,78,1
255716,92456c01pr0010,78,1
255717,1987pat0003,1054,1
255717,36178c01pr0001,212,1
255717,92198pr0048,1137,1
255717,92456c19pr0005,1137,1
255719,11408c02pr0009,84,1
255719,2268c01pr0006,14,1
255719,40938,70,1
255719,92198pr0335,84,1
255720,2632,19,1
255720,36198c01pr0003,3,1
255720,92198pr0337,92,1
255720,92456c03pr0006,92,1
255723,100811c01pr0006,78,1
255723,101117c01pr0003,378,1
255723,2136pat0001,212,1
255723,92198pr0336,78,1
255724,16925c01pr0013,1,1
255724,3201,308,1
255724,92198pr0059,92,1
255724,92456c03pr0009,92,1
255725,11408c08pr0001,1089,1
255725,2631,226,1
255725,5789c01pr0001,272,1
255725,92198pr0358,1089,1
255728,11408c06pr0009,70,1
255728,2646,0,1
255728,5789c01pr0003,1,1
255728,92198pr0349,70,1
255729,2241c01pr0009,212,1
255729,2644,308,1
255729,92198pr0338,1088,1
255729,92456c16pr0010,1088,1
255730,31895pat0003,15,1
255730,59794c01pr0022,191,1
255730,92198pr0060,92,1
255730,92816c05pr0005,92,1
255731,11408c02pr0010,84,1
255731,40938,70,1
255731,59794c01pr0019,1136,1
255731,92198pr0335,84,1
255732,101117c01pr0022,379,1
255732,62696,19,1
255732,92198pr0042,92,1
255732,92456c03pr0012,92,1
255733,111388pat0002,78,1
255733,6569pr0003,78,1
255734,101347c01pr0004,322,1
255734,6968,0,1
255734,92198pr0058,1088,1
255734,92456c16pr0011,1088,1
255735,101117c01pr0022,379,1
255735,2633,226,1
255735,92198pr0054,78,1
255735,92456c01pr0018,78,1
255736,101347c01pr0003,3,1
255736,2632,19,1
255736,92198pr0337,92,1
255736,92456c03pr0008,92,1
255737,11408c02pr0011,84,1
255737,16925c01pr0009,272,1
255737,23186,71,1
255737,28649pr0014,84,1
255738,16925c01pr0009,3,1
255738,87990,70,1
255738,92198pr0062,92,1
255738,92815c07pr0001,92,1
255739,10166pr0005,70,1
255739,11408c07pr0009,1089,1
255739,5789c01pr0004,4,1
255739,92198pr0052,1089,1
255741,11408c09pr0001,1137,1
255741,2277c01pr0010,158,1
255741,6968,19,1
255741,92198pr0049,1137,1
255742,101347c01pr0003,3,1
255742,46303,1050,1
255742,92198pr0337,92,1
255742,92456c03pr0008,92,1
255743,101347c01pr0002,1050,1
255743,2633,0,1
255743,92198pr0010,1089,1
255743,92456c06pr0013,1089,1
255744,11408c10pr0001,15,1
255744,2277c01,15,1
255744,69938pat0002,15,1
255744,92198pr0063,92,1
255745,11408c01pr0020,78,1
255745,2277c01pr0014,4,1
255745,28649pr0015,78,1
255745,38800,71,1
255746,2645,320,1
255746,36198c01pr0002,28,1
255746,92198pr0346,78,1
255746,92456c01pr0035,78,1
255748,111388pat0003,84,1
255748,6569pr0001,84,1
255749,11408c02pr0012,84,1
255749,2277c01pr0002,379,1
255749,28649pr0016,84,1
255749,3758,27,1
255750,2640,28,1
255750,59794c01pr0018,191,1
255750,92198pr0056,78,1
255750,92816c01pr0009,78,1
255751,35701,25,1
255751,69969pr9999,78,1
255751,92198pr0055,78,1
255752,16925c01pr0009,1136,1
255752,53117pat0003,15,1
255752,62456c21pr0001,1138,1
255752,92198pr0051,1138,1
255753,101117c01pr0004,19,1
255753,28432,320,1
255753,92198pr0050,1137,1
255753,92816c11pr0001,1137,1
255754,101117c01pr0022,379,1
255754,2645,320,1
255754,92198pr0346,78,1
255754,92456c01pr0007,78,1
255755,105310c01pr0001,191,1
255755,11408c07pr0010,1089,1
255755,3277,308,1
255755,92198pr0053,1089,1
255776,13770,297,1
255776,18853,29,1
255776,18920,179,1
255776,20482,321,1
255776,20482,47,1
255776,2357,15,1
255776,2431,26,2
255776,2652pr0001,15,1
255776,27507,26,1
255776,3010,15,2
255776,3023,26,2
255776,3024,191,1
255776,3062b,41,1
255776,3852b,191,1
255776,48092,15,1
255776,6003,322,1
255776,60475b,15,2
255801,2877,72,1
255801,3069bpr0100,2,2
255801,3070bpr0234,71,1
255801,4345b,71,1
255801,4346,71,1
255801,61482,71,1
255801,86876,72,1
255801,87580,288,1
255801,92585,0,1
255801,98138,182,1
255804,65224pr0025,1137,1
255804,6977,308,1
255804,92198pr0067,1137,1
255829,3626cpr2224,14,1
255829,41637,71,1
255829,64647,15,1
255829,6646,179,1
255829,970c27,15,1
255829,973c27h01pr0058,15,1
255830,3626cpr9834,14,1
255830,66915pr0001,0,1
255830,970c27,15,1
255830,973c46h01pr0007,15,1
255832,28621pr4220,322,1
255832,75512,25,1
255832,93223,25,1
255832,970c27pr1662,15,1
255832,973c42h42pr0002,226,1
255834,28621pr4219,14,1
255834,66912pat0001pr0001,0,1
255834,970c22pat27pr0001,4,1
255834,973c46h01pr0006,15,1
255843,3011,2,3
255843,3011,4,2
255843,3011,14,2
255843,3011,1,3
255843,3437,4,4
255843,3437,1,4
255843,3437,2,4
255843,3437,14,4
255843,4196,4,2
255843,4197,14,1
255843,4198,2,2
255843,4247,14,3
255843,4248,14,1
255843,4253,4,4
255843,4258c01,4,2
255843,44524,14,1
255843,4883c01,4,3
255843,dupfig0009pr0003,1,1
255843,dupfig0011pr0002,2,1
255843,dupfig0012pr0002,4,1
255843,dupfig0013pr0002,1,1
255920,3013,4,1
255920,80336,1054,1
255920,92198pr0066,1089,1
255920,92456c06pr0014,1089,1
255921,28621pr9770,14,1
255921,5492pat0002,226,1
255921,970c22pr0010,4,1
255921,973c27h01pr0056,15,1
255973,2003pr0003,70,1
255973,28621pr9906,14,1
255973,970c06,10,1
255973,973c06h01pr0003,15,1
255974,1987pat0001,1053,1
255974,28621pr4030,14,1
255974,970c42,322,1
255974,973c36h01pr0003,226,1
255976,1987pat0001,1053,1
255976,28621pr4030,14,1
255976,65435,179,1
255976,970c33pr0003,30,1
255976,973c60h01pr0001,1050,1
255977,1993pr0005,0,1
255977,28621pr9771,0,1
255977,6889pat0001,15,1
255978,2003pr0005,70,1
255978,28621pr9906,14,1
255978,970c30pat22pr0001,179,1
255978,973c04h01pr0002,321,1
255979,24135,85,1
255979,28621pr9769,0,1
255979,3758,1062,1
255979,970c09pr0002,85,1
255979,973c63h03pr0001,1062,1
255980,1993,323,1
255980,28621pr9748,323,1
255981,28621pr9767,0,1
255981,35635,36,1
255981,6889pat0002,36,1
255981,970c03pat27pr0005,0,1
255981,973c22h03pr0006,4,1
255983,28621pr9768,14,1
255983,970c46,3,1
255983,973c46h01pr0005,323,1
255983,98385,70,1
255984,100907pat0001,191,1
255984,36187c01pr0056,212,1
255984,92198pr0065,78,1
255984,92456c01pr0126,78,1
255985,15427,70,1
255985,28621pr4057,14,1
255985,970c20,326,1
255985,973c27h01pr6177,19,1
255986,2514,308,1
255986,3626cpr1559,14,1
255986,970c24,379,1
255986,973c25h01pr0004,272,1
255987,28649pr0017,78,1
255987,87991,19,1
255987,92815c03pr0001,379,1
255987,92820c01pr0014,272,1
255989,19195pr0001,484,1
255989,59794c01pr0003,1,1
255989,92198pr0402,78,1
255989,92456c01pr0400,323,1
255991,19195pr0002,484,1
255991,59794c01pr0024,212,1
255991,92198pr0402,78,1
255991,92456c01pr0128,78,1
255993,18844,226,1
255993,36187c01pr0057,272,1
255993,92198pr0401,78,1
255993,92456c01pr0127,78,1
255994,110193c01pr0005,1136,1
255994,80908,70,1
255994,92198pr0068,84,1
255994,92456c02pr0015,84,1
255996,28705,308,1
255996,59794c01pr0023,4,1
255996,92198pr9952,1137,1
255996,92456c19pr0007,1137,1
255997,110193c01pr0006,28,1
255997,28649pr0018,1137,1
255997,6977,308,1
255997,92815c09pr0001,1137,1
256000,28621pr3977,14,1
256000,5990pat0002,297,1
256000,970c10pr0007,320,1
256000,973c10h22pr0001,320,1
256001,28621pr9761,4,1
256001,5985,1103,1
256001,93563,28,1
256001,970c22pr0011,1103,1
256001,973c22h03pr0007,4,1
256003,28621pr3985,14,1
256003,5990pat0001,297,1
256003,970c27pr0003,15,1
256003,973d47pr0001,15,1
256004,28621pr9762,4,1
256004,53451,0,2
256004,5975,320,1
256004,5985,1103,1
256004,970c22pr0011,1103,1
256004,973c22h03pr0007,4,1
256006,28621pr3991,14,1
256006,5990pat0003,297,1
256006,970c38pr0003,191,1
256006,973e142pr0001,191,1
256007,4065pr0002,0,1
256007,86124,0,1
256007,970c75pr0006,1103,1
256007,973c03h22pr0006,0,1
256009,25379,179,1
256009,3626cpr0412,179,1
256009,970c27pr0026,15,1
256009,973c30h42pr0001,179,1
256010,28621pr3996,14,1
256010,5311,4,1
256010,970c10pr0004,320,1
256010,973c01h03pr0006,320,1
256011,28621pr9760,320,1
256011,86124,1103,1
256011,93059,0,1
256011,970c03pr0057,0,1
256011,973c03h10pr0001,0,1
256013,28621pr3980,14,1
256013,4910pat0004,288,1
256013,5501,297,1
256013,970c06pr0002,10,1
256013,973c06h35pr0001,10,1
256015,28621pr3979,14,1
256015,5501,0,1
256015,5990pat0007,321,1
256015,970c75pr0016,1103,1
256015,973c75h04pr0001,1103,1
256017,28621pr3977,14,1
256017,5990pat0005,4,1
256017,970c10pr0007,320,1
256017,973c10h22pr0001,320,1
256020,28621pr3980,14,1
256020,5990pat0004,10,1
256020,970c35pr0006,288,1
256020,973c35h18pr0002,288,1
256022,3626cpr9888,14,1
256022,76917pat0001,0,1
256022,970c75pr0016,1103,1
256022,973c75h04pr0001,1103,1
256024,25379,179,1
256024,28621pr4056,179,1
256024,970c27pr0026,15,1
256024,973c27h42pr0001,15,1
256025,4065pr0002,0,1
256025,970c75pr0006,1103,1
256025,973c03h22pr0006,0,1
256026,25405,179,1
256026,28621pr9759,15,1
256026,35635,297,1
256026,970c27pr0027,15,1
256026,973c30h22pr0001,15,1
256027,15619,0,1
256027,26007,0,1
256027,28621pr9758,272,1
256027,41637,0,1
256027,970c03pr0059,0,1
256027,973c03h24pr0001,0,1
256029,28621pr3993,14,1
256029,5501,0,1
256029,5990pat0006,0,1
256029,970c03pr0058,0,1
256029,973c03h12pr0005,0,1
256031,3626cpr9642,179,1
256031,5501,0,1
256031,5990pat0001,71,1
256031,970c27pr0026,15,1
256031,973c27h42pr0001,15,1
256032,15619,288,1
256032,28621pr9757,158,1
256032,41637,288,1
256032,88283,0,1
256032,970c25pr0002,288,1
256032,973d55pr0001,288,1
256033,15619,272,1
256033,28621pr9756,14,1
256033,5501,297,1
256033,5987,272,1
256033,970c05pr0013,272,1
256033,973e140pr0001,272,1
256035,27955pat0002,4,1
256035,3626cpr3156,14,1
256035,970c26,19,1
256035,973c26h01pr6731,19,1
256036,21268,0,1
256036,3626cpr3917,14,1
256036,970c14,71,1
256036,973c14h01pr6850,71,1
256037,28621,15,1
256037,3878,0,1
256037,970c03,0,1
256037,973c03h27pr6564,0,1
256038,3277,308,1
256038,3626cpr3903,14,1
256038,970c10,320,1
256038,973c27h01pr9999,15,1
256039,15439,0,1
256039,28621pr4230,14,1
256039,62810,0,1
256039,970c24pr0900,70,1
256039,973c11h01pr0001,28,1
256040,3626cpr3770,14,1
256040,53126,308,1
256040,970c41,484,1
256040,973c14h01pr6766,71,1
256041,3626cpr2589,14,1
256041,40938,70,1
256041,66913,0,1
256041,970c05,272,1
256041,973c46h01pr0003,3,1
256042,15428,320,1
256042,2514,308,1
256042,3626cpr3026,14,1
256042,970c03pr2418,0,1
256042,973c03h03,0,1
256043,27456pr0005,1,1
256043,970c28pat22pr2222,1,1
256043,973c02h27pr6757,1,1
256044,109630pr0001,1,1
256044,970c28pr0015,1,1
256044,973g30c28h30pr0001,1,1
256045,102507pr0003,191,1
256045,16709pat22pr2523,4,1
256045,3510pat0001,191,1
256045,973c34h27pr6758,191,1
256046,104900pr0003,226,1
256046,970c44pat27pr0001,226,1
256046,973c44h27pr0001,226,1
256049,2514,70,1
256049,25376,4,1
256049,28621pr9745,14,1
256049,970c26,19,1
256049,973c41h01pr0003,484,1
256051,28621pr4209,19,1
256051,53094pr0001,484,1
256051,75513pr0001,484,1
256051,970c22pr0005,4,1
256051,973c38h26pr0002,15,1
256052,35635,297,1
256052,3626cpr2113,14,1
256052,44740,4,1
256052,6646,297,1
256052,970c27,15,1
256052,973c27h01pr0058,15,1
256053,1884,0,1
256053,28621pr9744,14,1
256053,3442,0,1
256053,85833pr0001,0,1
256053,970c27pr0028,15,1
256053,973c27h01pr0057,15,1
256061,3626cpr3802,1089,1
256061,64802,1103,1
256061,87610pr0012,179,1
256061,970c07pr2039,308,1
256061,973c07h03pr5496,308,1
256066,16925c01pr0009,320,1
256066,21788,0,1
256066,28649pr0019,78,1
256066,92815c02pr0001,78,1
256163,28621pr4258,78,1
256163,36806,226,1
256163,970c03,0,1
256163,973c03h02pr0002,0,1
256164,3626cpr2049,78,1
256164,85974pr0009,308,1
256164,970c03,0,1
256164,973c03h02pr0011,0,1
256166,28621pr9751,78,1
256166,62810,0,1
256166,970c24,379,1
256166,973c07h02pr0004,308,1
256168,2640,226,1
256168,3626cpr3576,78,1
256168,970c33,30,1
256168,973c36h02pr0001,30,1
256169,23187,70,1
256169,3626cpr2265,78,1
256169,970c24,379,1
256169,973c12h02pr0008,72,1
256172,28621pr9752,15,1
256172,970c35,288,1
256172,973c35h27pr0001,288,1
256175,3626cpr2859,78,1
256175,970c03,0,1
256175,973c03h02pr0012,0,1
256175,99930,226,1
256176,28621pr9750,78,1
256176,92082,0,1
256176,970c03pr9779,0,1
256176,973c03h02pr0010,0,1
256178,16709pat19,19,1
256178,37701pr0001,78,1
256178,973c02h02pr0006,19,1
256180,19888,0,1
256180,28621pr9754,78,1
256180,970c05,272,1
256180,973c03h41pr0001,272,1
256180,98385,71,1
256182,3626cpr2264,78,1
256182,62810,70,1
256182,970c07,308,1
256182,973c03h02pr0009,0,1
256183,36036,288,1
256183,3626cpr3349,78,1
256183,93217,28,1
256183,973c35h02pr0001,288,1
256187,28621pr4272,78,1
256187,41879a,0,1
256187,62810,308,1
256187,973c03h02pr5745,0,1
256188,28621,71,1
256188,36036,71,1
256188,973c14h14pr6495,71,1
256192,28621pr9749,78,1
256192,41879a,308,1
256192,93223,15,1
256192,973c20h02pr0004,326,1
256195,23186,84,1
256195,28621pr9755,78,1
256195,5647,378,1
256195,970c12,72,1
256195,973f045pr0001,71,1
256196,19729pr0091,308,1
256196,970c09,85,1
256196,973c04h13pr6880,321,1
256197,19729pr0090,308,1
256197,19730,179,1
256197,970c11,28,1
256197,973c26h19pr0002,19,1
256198,19723,322,1
256198,19729pr0089,10,1
256198,19730,322,1
256198,970c31,2,1
256198,973c06h03pr0001,10,1
256202,19729pr0087,25,1
256202,970c42,322,1
256202,973c25h02pr3096,378,1
256206,19729pr0013,0,1
256206,23769,0,2
256206,59230,0,2
256206,78132,0,1
256207,19729pr0010,14,1
256207,20482,47,1
256207,24122,0,2
256207,27940,72,1
256207,59900,1095,1
256207,60849,14,8
256207,6587,28,1
256207,90202,0,1
256208,11212,4,1
256208,15573,0,2
256208,15712,4,2
256208,2412b,19,4
256208,26603pr0087,4,1
256208,3005,0,2
256208,3024,320,6
256208,33909,484,1
256208,3623,320,1
256208,48336,72,1
256208,63864,4,1
256208,85861,14,2
256208,87087,72,2
256208,87087,4,3
256208,87552,4,2
256210,28621pr9743,78,1
256210,37364c09,85,1
256210,93560,26,1
256210,973c09h37pr0001,26,1
256211,3626cpr3629,15,1
256211,37364c09,85,1
256211,74528,15,1
256211,973c27h27pr0014,15,1
256213,3626cpr3651,0,1
256213,37364c03,0,1
256213,973c03h22pr0007,0,1
256215,3626cpr3628,4,1
256215,37364c28,1,1
256215,973c28h22pr0002,4,1
256216,28621pr9737,15,1
256216,970c27pr0029,15,1
256216,973c27h27pr0016,15,1
256217,3626cpr2773,15,1
256217,74528,15,1
256217,970c03,0,1
256217,973c27h37pr0001,15,1
256219,15530,272,1
256219,28621pr4528,1138,1
256219,970c05,272,1
256219,973c29h80pr0001,0,1
256220,28621pr9741,15,1
256220,970c27,15,1
256220,973c27h27pr0015,15,1
256221,11090,0,2
256221,13564,0,2
256221,3626cpr2825,0,1
256221,36452,0,1
256221,970c03,0,1
256221,973c03h03pr4604,0,1
256222,28621pr9740,0,1
256222,85974,484,1
256222,970c03pat27,0,1
256222,973c03h27pr0005,0,1
256224,3626cpr2552,78,1
256224,80429,320,1
256224,80430pr0002,320,1
256224,970c10pr2525,320,1
256224,973c21h10pr6763,320,1
256226,30375,14,1
256226,3484,14,1
256226,35480,0,2
256226,72869,179,1
256227,23186,0,1
256227,28621pr9738,4,1
256227,970c03,0,1
256227,973c22h22pr0004,4,1
256228,25264,0,1
256228,28621pr9739,0,1
256228,970c03,0,1
256228,973c03h03pr0097,0,1
256230,19305,179,1
256230,28621pr9742,179,1
256230,970c30pr0003,179,1
256230,973c30h30pr0003,179,1
256232,3626cpr2552,78,1
256232,80429,320,1
256232,80430pr0009,320,1
256232,970c10pr2537,320,1
256232,973c10h10pr0004,320,1
256233,3626cpr2552,78,1
256233,80429,320,1
256233,80430pr0003,320,1
256233,970c10pr0009,320,1
256233,973c10h10pr0005,320,1
256234,23187,84,1
256234,3626cpr3812,78,1
256234,970c03,0,1
256234,973c10h02pr5753,320,1
256235,3626cpr9741,4,1
256235,970c05pat22,272,1
256235,973c05h22pr6240,4,1
256236,3626cpr2049,78,1
256236,85974,484,1
256236,970c03pr2536,0,1
256236,973c03h03pr0099,0,1
256237,28621pr9732,78,1
256237,88283,0,1
256237,970c03pr2536,0,1
256237,973d56pr0001,0,1
256473,1748,4,2
256473,18646,19,2
256473,18674,4,2
256473,18980,19,2
256473,18980,70,2
256473,3022,26,1
256473,32607,27,4
256473,3749,19,4
256473,3829c01,14,1
256473,4045,19,4
256473,6231,19,4
256473,6600pat0001,72,4
256473,6920,0,1
256473,85984,71,1
256531,22380,10,1
256531,2447,47,1
256531,3626cpr3926,14,1
256531,970c27pr2577,272,1
256531,973c06h05pr6871,15,1
256532,2446pr0057,25,1
256532,2447,47,1
256532,3626cpr2523,14,1
256532,970c03,0,1
256532,973c34h03pr0003,25,1
256534,2446pr0058,4,1
256534,2447,47,1
256534,3626cpr0891,14,1
256534,970c22,4,1
256534,973c22h22pr0003,4,1
256535,35458,15,1
256535,3626cpr2589,14,1
256535,970c12,72,1
256535,973c76h12pr0003,1136,1
256536,35458,15,1
256536,3626cpr2948,14,1
256536,970c12,72,1
256536,973c76h12pr0003,1136,1
256537,35458,15,1
256537,3626cpr3921,14,1
256537,970c12,72,1
256537,973c76h12pr0003,1136,1
256538,28621pr4031,14,1
256538,35458,15,1
256538,970c12,72,1
256538,973c76h12pr0003,1136,1
256539,2446pr0060,3,1
256539,2447,47,1
256539,3626cpr3063,14,1
256539,970c03,0,1
256539,973c03h12pr0004,0,1
256540,2446pr0059,1,1
256540,2447,47,1
256540,3626cpr2463,14,1
256540,970c03,0,1
256540,973c36h12pr0001,0,1
256541,3626cpr3156,14,1
256541,65579,308,1
256541,970c14,71,1
256541,973c14h01pr0002,15,1
256542,23186,308,1
256542,3626cpr3361,14,1
256542,970c14,71,1
256542,973c14h01pr0002,15,1
256543,3626cpr3269,14,1
256543,87990,0,1
256543,970c14,71,1
256543,973c14h01pr0002,15,1
256544,3626cpr2594,14,1
256544,970c14,71,1
256544,973c14h01pr0002,15,1
256544,98385,84,1
256545,2446pr0062,15,1
256545,2447,47,1
256545,3626cpr2113,14,1
256545,970c05,272,1
256545,973c05h03pr0007,272,1
256553,3626cpr3026,14,1
256553,87991,19,1
256553,970c12,72,1
256553,973c76h12pr0003,1136,1
256554,3626cpr3360,14,1
256554,87990,70,1
256554,970c12,72,1
256554,973c76h12pr0003,1136,1
256555,2446pr0061,2,1
256555,2447,47,1
256555,3626cpr0933,14,1
256555,970c31,2,1
256555,973c31h03pr0004,2,1
256556,3626cpr3926,14,1
256556,79688,0,1
256556,970c14,71,1
256556,973c14h01pr0002,15,1
256557,2446pr0064,4,1
256557,2447,47,1
256557,3626cpr2948,14,1
256557,970c27,15,1
256557,973c27h03pr0014,15,1
256558,2446pr0063,272,1
256558,2447,47,1
256558,3626cpr3025,14,1
256558,970c27,15,1
256558,973c27h27pr0013,15,1
256562,28621pr4533,0,1
256562,970c03,0,1
256562,973c03h03pr0098,0,1
256563,3626cpr2589,14,1
256563,87990,70,1
256563,970c05,272,1
256563,973c29h01pr6885,0,1
256565,15573,78,1
256565,17485pr0014,272,1
256565,3068b,70,1
256565,3069b,70,2
256565,3069bpr9937,78,1
256565,66858,2,1
256565,67329,71,2
256565,67906c04,10,2
256565,77710pr0001,10,1
256565,98138,78,3
256566,15573,78,1
256566,17485pr0013,1,1
256566,3068b,70,1
256566,3069b,70,2
256566,3069bpr9938,78,1
256566,66858,321,1
256566,67017pr0001,4,1
256566,67329,71,2
256566,67906c04,4,2
256566,98138,78,3
256568,14769,4,1
256568,15573,0,1
256568,17485pr9999,1,1
256568,28660,78,2
256568,3003pr0175,78,1
256568,3022,19,1
256568,3937,71,1
256568,4032a,15,1
256568,6134,0,1
256568,66855pr0002,15,1
256568,66858,70,1
256568,98138,29,1
256569,15068,14,1
256569,15571,14,1
256569,15573,78,2
256569,15573pr0001,78,1
256569,15672,14,2
256569,17485pr0016,29,1
256569,1761pr0001,297,1
256569,28660,78,2
256569,3022,14,1
256569,3024,14,2
256569,3069bpr9936,78,1
256569,3386,15,4
256569,4032a,5,1
256569,54200,14,2
256569,6141,26,1
256569,66858,4,1
256569,7126,14,2
256569,85984,14,2
256569,98138,78,1
256570,14769pr1166,226,1
256570,15573,14,1
256570,1745,226,2
256570,18674,15,1
256570,22484,0,1
256570,3022,14,1
256570,3068bpr0546,14,1
256570,4070,0,2
256570,44728,226,1
256570,4735,0,1
256570,4740,2,1
256570,6141,0,1
256570,6541,226,2
256570,66788,14,2
256570,66858,14,1
256570,68211,0,1
256570,99207,226,1
256570,99207,14,1
256575,14769,4,1
256575,15573,15,1
256575,3003pr0175,78,1
256575,3937,71,1
256575,4032a,4,2
256575,6134,71,1
256575,66858,1,1
256575,67906c03,4,2
256575,98138,14,1
256589,14769,1,1
256589,15573,27,1
256589,17485pr0015,1,1
256589,3003pr0175,78,1
256589,3937,71,1
256589,4032a,1,1
256589,4032a,15,1
256589,6134,70,1
256589,66855pr0007,1,1
256589,66858,4,1
256589,67906c03,1,2
256589,98138,29,1
256592,11211,321,2
256592,14769,15,2
256592,15535,4,1
256592,15571,321,1
256592,15573,321,2
256592,1748,15,1
256592,18674,15,1
256592,25269,321,2
256592,2654,4,1
256592,3004pr0056,321,1
256592,3022,321,1
256592,3023,321,1
256592,3069b,15,1
256592,32028,15,1
256592,37352,321,1
256592,37352pr0020,321,1
256592,49307,4,2
256592,6541,321,2
256592,66788,321,2
256592,66858,85,1
256592,99207,321,3
256592,99781,321,1
256830,11476,10,1
256830,11477,5,1
256830,11477,14,1
256830,11477,321,1
256830,14769pr0155,25,1
256830,14769pr1244,19,1
256830,15571,14,1
256830,15573,10,1
256830,15573,19,2
256830,24201,14,1
256830,25269,19,2
256830,3004pr0097,10,1
256830,3023,5,1
256830,3023,10,2
256830,3023,14,1
256830,3068b,10,1
256830,3623,5,1
256830,3623,321,1
256830,3700,14,2
256830,4032a,15,1
256830,4070,10,2
256830,4304,14,1
256830,44728,14,1
256830,54200,14,2
256830,60478,321,1
256830,66788,14,2
256830,66857pr0029,19,1
256830,66858,14,1
256830,67329,14,1
256830,99781,14,1
256833,10126,19,1
256833,10127,19,1
256833,104352pr0001,4,1
256833,11203,70,1
256833,11477,70,2
256833,14417,72,2
256833,14704,71,2
256833,14719,70,2
256833,15068,19,1
256833,15068,70,6
256833,15573,0,2
256833,1871,70,1
256833,2420,70,4
256833,24201,70,16
256833,25269,19,2
256833,26601,19,2
256833,26603pr0117,70,1
256833,29119,19,1
256833,29120,19,1
256833,3003,70,1
256833,3003,19,1
256833,3021,70,7
256833,3021,15,1
256833,3021,19,1
256833,3022,19,1
256833,3022,72,2
256833,3023,19,1
256833,3023,70,9
256833,3023,27,1
256833,3024,70,5
256833,3031,70,1
256833,3070b,19,2
256833,3560,19,2
256833,36840,19,2
256833,3700,70,2
256833,4045,19,1
256833,4045pr0001,19,1
256833,44567b,0,1
256833,50340,0,1
256833,54200,70,1
256833,54657,70,2
256833,60592,70,2
256833,6091,70,4
256833,66857,19,1
256833,85984,70,1
256833,98138,19,2
256833,99207,70,5
256833,99781,19,2
256834,100811c01pr0006,78,1
256834,101117c01pr0003,378,1
256834,18853,191,1
256834,2640,484,1
256834,92198pr0336,78,1
256996,2412b,297,2
256996,2413,71,1
256996,2415,71,1
256996,2444,71,1
256996,2488,0,1
256996,2555,0,1
256996,2654,71,1
256996,3001,0,1
256996,3004,320,1
256996,30162,72,4
256996,3020,72,1
256996,30383,72,2
256996,30536,40,1
256996,30648,0,2
256996,3068b,320,1
256996,3069b,72,2
256996,3139,0,1
256996,32013,72,2
256996,32039,0,1
256996,32062,4,1
256996,32064b,0,1
256996,32531,0,1
256996,3464,15,1
256996,3680c02,0,1
256996,3710,72,1
256996,3832,0,1
256996,4081b,72,2
256996,41747,0,1
256996,41748,0,1
256996,42022,0,2
256996,4274,1,5
256996,43093,1,2
256996,43710,0,1
256996,43711,0,1
256996,43713,0,1
256996,44728,0,2
256996,45301,0,1
256996,4589,36,2
256996,4697b,71,2
256996,4733,0,1
256996,47457,0,1
256996,47457,71,1
256996,49668,0,2
256996,50859a,0,1
256996,50861,0,2
256996,50862,71,2
256996,50950,0,2
256996,52035,85,1
256996,55706,0,1
256996,55981,297,2
256996,56708,9999,1
256996,6126a,57,3
256996,6141,42,1
256996,6249,71,1
256996,6541,0,2
256996,6587,72,2
257008,11213,2,1
257008,11477,15,2
257008,14719,4,2
257008,14769,4,2
257008,15469,323,1
257008,1748,4,2
257008,18674,191,1
257008,1927,15,1
257008,20482,10,1
257008,22888,4,4
257008,2357,4,2
257008,23969,47,1
257008,24201,15,2
257008,24866,191,3
257008,25269,15,2
257008,25269,70,8
257008,26604,378,1
257008,27507,4,4
257008,27925,4,4
257008,29119,15,1
257008,29120,15,1
257008,3005,378,1
257008,3005,4,2
257008,3009,4,6
257008,3020,320,5
257008,3022,308,5
257008,3022,19,3
257008,3022,27,2
257008,3022,84,4
257008,3023,320,5
257008,3023,70,8
257008,3024,47,2
257008,3024,4,1
257008,3031,320,3
257008,3035,4,4
257008,3039,47,4
257008,3068b,4,9
257008,3070b,4,1
257008,32607,30,4
257008,32607,2,1
257008,3563,484,4
257008,37352,84,4
257008,37352,70,2
257008,3795,320,1
257008,39739,484,2
257008,4032a,2,1
257008,4070,47,2
257008,4162,4,2
257008,4162,15,1
257008,48092,4,8
257008,54200,308,4
257008,5841,15,2
257008,5904,30,3
257008,6141,4,4
257008,65578,2,5
257008,6636,4,2
257008,6636,320,2
257008,79393,4,4
257008,85861,47,1
257008,87580,84,2
257019,cardupn0004pr0001,9999,1
257019,cardupn0004pr0002,9999,1
257019,cardupn0004pr0003,9999,1
257019,cardupn0004pr0004,9999,1
257019,cardupn0004pr0005,9999,1
257019,cardupn0004pr0006,9999,1
257019,cardupn0004pr0007,9999,1
257019,cardupn0004pr0008,9999,1
257019,cardupn0004pr0009,9999,1
257019,cardupn0004pr0010,9999,1
257019,cardupn0004pr0011,9999,1
257019,cardupn0004pr0012,9999,1
257019,cardupn0004pr0013,9999,1
257019,cardupn0004pr0014,9999,1
257019,cardupn0004pr0015,9999,1
257019,cardupn0004pr0016,9999,1
257019,cardupn0004pr0017,9999,1
257019,cardupn0004pr0018,9999,1
257019,cardupn0004pr0019,9999,1
257019,cardupn0004pr0020,9999,1
257019,cardupn0004pr0021,9999,1
257019,cardupn0004pr0022,9999,1
257019,cardupn0004pr0023,9999,1
257019,cardupn0004pr0024,9999,1
257019,cardupn0004pr0025,9999,1
257019,cardupn0004pr0026,9999,1
257019,cardupn0004pr0027,9999,1
257019,cardupn0004pr0028,9999,1
257019,cardupn0004pr0029,9999,1
257019,cardupn0004pr0030,9999,1
257019,cardupn0004pr0031,9999,1
257019,cardupn0004pr0032,9999,1
257019,cardupn0004pr0033,9999,1
257019,cardupn0004pr0034,9999,1
257019,cardupn0004pr0035,9999,1
257019,cardupn0004pr0036,9999,1
257019,cardupn0004pr0037,9999,1
257019,cardupn0004pr0038,9999,1
257019,cardupn0004pr0039,9999,1
257019,cardupn0004pr0040,9999,1
257019,cardupn0004pr0041,9999,1
257019,cardupn0004pr0042,9999,1
257019,cardupn0004pr0043,9999,1
257019,cardupn0004pr0044,9999,1
257019,cardupn0004pr0045,9999,1
257019,cardupn0004pr0046,9999,1
257019,cardupn0004pr0047,9999,1
257019,cardupn0004pr0048,9999,1
257019,cardupn0005pr0002,9999,1
257019,cardupn0005pr0003,9999,1
257019,cardupn0005pr0004,9999,1
257019,cardupn0005pr0005,9999,1
257019,cardupn0005pr0010,9999,1
257019,cardupn0006pr0001,9999,1
257019,cardupn0006pr0002,9999,1
257019,cardupn0006pr0003,9999,1
257019,cardupn0006pr0004,9999,1
257019,cardupn0006pr0005,9999,1
257019,cardupn0006pr0006,9999,1
257019,cardupn0006pr0007,9999,1
257019,cardupn0006pr0008,9999,1
257019,cardupn0006pr0009,9999,1
257019,cardupn0006pr0010,9999,1
257019,cardupn0006pr0011,9999,1
257019,cardupn0006pr0012,9999,1
257019,cardupn0006pr0013,9999,1
257019,cardupn0006pr0014,9999,1
257019,cardupn0006pr0015,9999,1
257019,cardupn0006pr0016,9999,1
257019,cardupn0006pr0017,9999,1
257019,cardupn0006pr0018,9999,1
257019,cardupn0006pr0019,9999,1
257019,cardupn0006pr0020,9999,1
257019,cardupn0006pr0021,9999,1
257019,cardupn0006pr0022,9999,1
257019,cardupn0006pr0023,9999,1
257019,cardupn0006pr0024,9999,1
257019,cardupn0006pr0025,9999,1
257019,cardupn0006pr0026,9999,1
257019,cardupn0006pr0027,9999,1
257019,cardupn0006pr0028,9999,1
257019,cardupn0006pr0029,9999,1
257019,cardupn0006pr0030,9999,1
257019,cardupn0006pr0031,9999,1
257019,cardupn0006pr0032,9999,1
257019,cardupn0006pr0033,9999,1
257019,cardupn0006pr0034,9999,1
257019,cardupn0006pr0035,9999,1
257019,cardupn0006pr0036,9999,1
257019,cardupn0006pr0037,9999,1
257019,cardupn0006pr0038,9999,1
257019,cardupn0006pr0039,9999,1
257019,cardupn0006pr0040,9999,1
257019,cardupn0006pr0041,9999,1
257019,cardupn0006pr0042,9999,1
257019,cardupn0006pr0043,9999,1
257019,cardupn0006pr0044,9999,1
257019,cardupn0006pr0045,9999,1
257019,cardupn0006pr0046,9999,1
257019,cardupn0006pr0047,9999,1
257019,cardupn0006pr0048,9999,1
257019,cardupn0006pr0049,9999,1
257019,cardupn0006pr0050,9999,1
257019,cardupn0006pr0051,9999,1
257019,cardupn0006pr0052,9999,1
257019,cardupn0006pr0053,9999,1
257019,cardupn0006pr0054,9999,1
257019,cardupn0006pr0055,9999,1
257019,cardupn0006pr0056,9999,1
257019,cardupn0006pr0057,9999,1
257019,cardupn0006pr0058,9999,1
257019,cardupn0006pr0059,9999,1
257019,cardupn0006pr0060,9999,1
257019,cardupn0006pr0061,9999,1
257019,cardupn0006pr0062,9999,1
257019,cardupn0006pr0063,9999,1
257019,cardupn0006pr0064,9999,1
257019,cardupn0006pr0065,9999,1
257019,cardupn0006pr0066,9999,1
257019,cardupn0006pr0067,9999,1
257019,cardupn0006pr0068,9999,1
257019,cardupn0006pr0069,9999,1
257019,cardupn0006pr0070,9999,1
257019,cardupn0006pr0071,9999,1
257019,cardupn0006pr0072,9999,1
257019,cardupn0006pr0073,9999,1
257019,cardupn0006pr0074,9999,1
257019,cardupn0006pr0075,9999,1
257019,cardupn0006pr0076,9999,1
257019,cardupn0006pr0077,9999,1
257019,cardupn0006pr0078,9999,1
257019,cardupn0006pr0079,9999,1
257019,cardupn0006pr0080,9999,1
257019,cardupn0006pr0081,9999,1
257019,cardupn0006pr0082,9999,1
257019,cardupn0006pr0083,9999,1
257019,cardupn0006pr0084,9999,1
257019,cardupn0006pr0085,9999,1
257019,cardupn0006pr0086,9999,1
257019,cardupn0006pr0087,9999,1
257019,cardupn0006pr0088,9999,1
257019,cardupn0006pr0089,9999,1
257019,cardupn0006pr0090,9999,1
257019,cardupn0006pr0091,9999,1
257019,cardupn0006pr0092,9999,1
257019,cardupn0006pr0093,9999,1
257019,cardupn0006pr0094,9999,1
257019,cardupn0006pr0095,9999,1
257019,cardupn0006pr0096,9999,1
257019,cardupn0006pr0097,9999,1
257019,cardupn0006pr0098,9999,1
257019,cardupn0006pr0099,9999,1
257019,cardupn0006pr0100,9999,1
257019,cardupn0006pr0101,9999,1
257019,cardupn0006pr0102,9999,1
257019,cardupn0006pr0103,9999,1
257019,cardupn0006pr0104,9999,1
257019,cardupn0006pr0105,9999,1
257019,cardupn0006pr0106,9999,1
257019,cardupn0006pr0107,9999,1
257019,cardupn0006pr0108,9999,1
257019,cardupn0006pr0109,9999,1
257019,cardupn0006pr0110,9999,1
257019,cardupn0006pr0111,9999,1
257019,cardupn0006pr0112,9999,1
257019,cardupn0006pr0113,9999,1
257019,cardupn0006pr0114,9999,1
257019,cardupn0006pr0115,9999,1
257019,cardupn0006pr0116,9999,1
257019,cardupn0006pr0117,9999,1
257019,cardupn0006pr0118,9999,1
257019,cardupn0006pr0119,9999,1
257019,cardupn0006pr0120,9999,1
257019,cardupn0006pr0121,9999,1
257019,cardupn0006pr0122,9999,1
257019,cardupn0006pr0123,9999,1
257019,cardupn0006pr0124,9999,1
257019,cardupn0006pr0125,9999,1
257019,cardupn0006pr0126,9999,1
257019,cardupn0006pr0127,9999,1
257019,cardupn0006pr0128,9999,1
257019,cardupn0006pr0129,9999,1
257019,cardupn0006pr0130,9999,1
257019,cardupn0006pr0131,9999,1
257019,cardupn0006pr0132,9999,1
257019,cardupn0006pr0133,9999,1
257019,cardupn0006pr0134,9999,1
257019,cardupn0006pr0135,9999,1
257019,cardupn0006pr0136,9999,1
257019,cardupn0006pr0137,9999,1
257019,cardupn0006pr0138,9999,1
257019,cardupn0006pr0139,9999,1
257019,cardupn0006pr0140,9999,1
257019,cardupn0006pr0141,9999,1
257019,cardupn0006pr0142,9999,1
257019,cardupn0006pr0143,9999,1
257019,cardupn0006pr0144,9999,1
257019,cardupn0006pr0145,9999,1
257019,cardupn0006pr0146,9999,1
257019,cardupn0006pr0147,9999,1
257019,cardupn0006pr0148,9999,1
257019,cardupn0006pr0149,9999,1
257019,cardupn0006pr0150,9999,1
257019,cardupn0006pr0151,9999,1
257019,cardupn0006pr0152,9999,1
257019,cardupn0006pr0153,9999,1
257019,cardupn0006pr0154,9999,1
257019,cardupn0006pr0155,9999,1
257019,cardupn0006pr0156,9999,1
257019,cardupn0006pr0157,9999,1
257019,cardupn0006pr0158,9999,1
257019,cardupn0006pr0159,9999,1
257019,cardupn0006pr0160,9999,1
257019,cardupn0006pr0161,9999,1
257019,cardupn0006pr0162,9999,1
257019,cardupn0006pr0163,9999,1
257019,cardupn0006pr0164,9999,1
257019,cardupn0006pr0165,9999,1
257019,cardupn0006pr0166,9999,1
257019,cardupn0006pr0167,9999,1
257019,cardupn0006pr0168,9999,1
257019,cardupn0006pr0169,9999,1
257019,cardupn0006pr0170,9999,1
257019,cardupn0006pr0171,9999,1
257019,cardupn0006pr0172,9999,1
257019,cardupn0006pr0173,9999,1
257019,cardupn0006pr0174,9999,1
257019,cardupn0006pr0175,9999,1
257019,cardupn0006pr0176,9999,1
257019,cardupn0006pr0177,9999,1
257019,cardupn0006pr0178,9999,1
257019,cardupn0006pr0179,9999,1
257019,cardupn0006pr0180,9999,1
257019,cardupn0006pr0181,9999,1
257019,cardupn0006pr0182,9999,1
257019,cardupn0006pr0183,9999,1
257019,cardupn0006pr0184,9999,1
257019,cardupn0006pr0185,9999,1
257019,cardupn0006pr0186,9999,1
257019,cardupn0006pr0187,9999,1
257019,cardupn0006pr0188,9999,1
257019,cardupn0006pr0189,9999,1
257019,cardupn0006pr0190,9999,1
257019,cardupn0006pr0191,9999,1
257019,cardupn0006pr0192,9999,1
257019,cardupn0006pr0193,9999,1
257019,cardupn0006pr0194,9999,1
257019,cardupn0006pr0195,9999,1
257019,cardupn0006pr0196,9999,1
257019,cardupn0006pr0197,9999,1
257019,cardupn0006pr0198,9999,1
257019,cardupn0006pr0199,9999,1
257019,cardupn0006pr0200,9999,1
257019,cardupn0006pr0201,9999,1
257019,cardupn0006pr0202,9999,1
257019,cardupn0006pr0203,9999,1
257019,cardupn0006pr0204,9999,1
257019,cardupn0006pr0205,9999,1
257019,cardupn0006pr0206,9999,1
257019,cardupn0006pr0207,9999,1
257019,cardupn0006pr0208,9999,1
257019,cardupn0006pr0209,9999,1
257019,cardupn0006pr0210,9999,1
257019,cardupn0006pr0211,9999,1
257019,cardupn0006pr0212,9999,1
257019,cardupn0006pr0213,9999,1
257019,cardupn0006pr0214,9999,1
257019,cardupn0006pr0215,9999,1
257019,cardupn0006pr0216,9999,1
257019,cardupn0006pr0217,9999,1
257019,cardupn0006pr0218,9999,1
257019,cardupn0006pr0219,9999,1
257019,cardupn0006pr0220,9999,1
257019,cardupn0006pr0221,9999,1
257019,cardupn0006pr0222,9999,1
257019,cardupn0006pr0223,9999,1
257019,cardupn0006pr0224,9999,1
257019,cardupn0006pr0225,9999,1
257023,cardupn0003pr0006,9999,1
257043,3626cpr3126,78,1
257043,49556pr0001,272,1
257043,970c05,272,1
257043,973c14h19pr0001,272,1
257045,28621pr9733,326,1
257045,62810,0,1
257045,970c12,72,1
257045,973c20h20pr0002,326,1
257046,3626cpr3525,78,1
257046,37046,4,1
257046,88283,28,1
257046,970c03,0,1
257046,973c75h02pr0001,0,1
257047,3626cpr0937,78,1
257047,37614,35,1
257047,970c06pr0005,10,1
257047,973c06h09pr0001,10,1
257048,23186,0,1
257048,28621pr9747,78,1
257048,37046,4,1
257048,970c28,1,1
257048,973c28h02pr0002,1,1
257049,3320pat0001,0,1
257049,3626cpr2859,78,1
257049,5647,0,1
257049,970c03,0,1
257049,973c03h03pr0095,0,1
257051,3626cpr3599,78,1
257051,61183,10,1
257051,970c09,85,1
257051,973c09h05pr0002,85,1
257053,28621pr9746,78,1
257053,7196,28,1
257053,970c12,72,1
257053,973e141pr0001,72,1
257054,28621pr4352,15,1
257054,5648,47,1
257054,970c24,379,1
257054,973c24h27pr0002,379,1
257055,3320pat0001,0,1
257055,3626cpr2859,78,1
257055,37157,0,1
257055,970c03,0,1
257055,973c03h03pr0094,0,1
257056,23186,0,1
257056,3626cpr3025,14,1
257056,970c14,71,1
257056,973c34h01pr0002,28,1
257057,3277,0,1
257057,3626cpr1663,14,1
257057,970c24,379,1
257057,973c07h01pr0001,308,1
257059,3626cpr0933,14,1
257059,62810,0,1
257059,970c46pr2563,3,1
257059,973c46h03pr5882,1062,1
257060,02137pat0004,19,1
257060,3626cpr3903,14,1
257060,970c12pr0002,72,1
257060,973c09h01pr4788,85,1
257061,3626cpr3917,14,1
257061,970c23,84,1
257061,973c27h04pr0001,15,1
257061,98381,15,1
257062,27186,484,1
257062,3626cpr1675,14,1
257062,970c05,272,1
257062,973c29h01pr6884,212,1
257064,11303,4,1
257064,3626cpr3361,14,1
257064,970c22pat01,4,1
257064,973c01h01pr0037,15,1
257065,3626cpr1771,14,1
257065,87990,70,1
257065,970c14,71,1
257065,973c18h01pr0003,71,1
257066,36060,308,1
257066,3626cpr3156,14,1
257066,970c09,85,1
257066,973c43h01pr6373,70,1
257067,3626cpr2614,14,1
257067,37822,28,1
257067,62810,484,1
257067,970c26,19,1
257067,973c46h01pr5207,3,1
257068,3626cpr2463,14,1
257068,3898,15,1
257068,970c27,15,1
257068,973c27h01pr9999,15,1
257069,2447,47,1
257069,3626cpr2113,14,1
257069,69971pr0001,1062,1
257069,970c03pr0408,0,1
257069,973c03h12pr5419,0,1
257071,30170,72,1
257071,30171,70,1
257071,3626cpr3063,14,1
257071,970c11pr2096,28,1
257071,973c19h01pr0002,70,1
257072,24073,15,1
257072,3626cpr3026,14,1
257072,970c29,212,1
257072,973c29h01pr5998,212,1
257080,28621pr4057,14,1
257080,35660pat0001,4,1
257080,970c26,19,1
257080,973c22h01pr0049,15,1
257081,3626cpr2523,14,1
257081,3833,1062,1
257081,970c46,3,1
257081,973c27h76pr0001,15,1
257082,3626cpr2589,14,1
257082,44751,26,1
257082,970c04,321,1
257082,973c01h19pr6414,379,1
257083,3626cpr2836,14,1
257083,87991,70,1
257083,970c05,272,1
257083,973c34h01pr0001,25,1
257084,2447,47,1
257084,3626cpr2109,14,1
257084,69971pr0001,1062,1
257084,970c03pr0408,0,1
257084,973c03h12pr6931,0,1
257085,2446,0,1
257085,30090,41,1
257085,3626cpr0933,14,1
257085,3838a,0,1
257085,970c03,0,1
257085,973c76h12pr0001,1136,1
257086,3626cpr3025,14,1
257086,41805,47,1
257086,93560,15,1
257086,970c05,272,1
257086,973c29h01pr6885,0,1
257087,3532,0,1
257087,3626cpr3156,14,1
257087,970c03pr0408,0,1
257087,973c03h12pr5419,0,1
257088,3626cpr2594,14,1
257088,62810,308,1
257088,970c03pr0408,0,1
257088,973c03h12pr2188,0,1
257089,26139,84,1
257089,3626cpr1965,14,1
257089,970c24pr0003,379,1
257089,973c01h12pr0001,15,1
257090,11303,272,1
257090,3626cpr2590,14,1
257090,970c24,379,1
257090,973c24h12pr0001,379,1
257091,20877,484,1
257091,3626cpr3602,14,1
257091,970c24,379,1
257091,973c14h04pr5982,1062,1
257092,3626cpr2594,14,1
257092,88283,484,1
257092,970c24,379,1
257092,973c24h01pr0005,379,1
257093,3626cpr0677,14,1
257093,41879a,1,1
257093,87990,226,1
257093,973c39h01pr6725,15,1
257315,14417,72,4
257315,14704,72,5
257315,15068,4,1
257315,15068,14,1
257315,15573,14,1
257315,22890,72,1
257315,29119,14,1
257315,3004,25,1
257315,3020,19,1
257315,3021,4,4
257315,3021,19,4
257315,3023,25,6
257315,3069b,14,4
257315,3070b,25,1
257315,33183,70,1
257315,87087,0,2
257315,98138pr0008,15,2
257315,99780,19,1
257337,14417,72,1
257337,14418,71,1
257337,14419,72,1
257337,18787,322,1
257337,26603,272,1
257337,3021,71,1
257337,3069b,272,1
257337,3069bpr0333,272,1
257337,48336,0,2
257337,65886,272,2
257337,73231,379,2
257337,99781,0,1
257362,18986,47,1
257362,19729pr0084,272,1
257362,970c12,72,1
257362,973c10h23pr6896,320,1
257463,21459,297,1
257463,63965,297,1
257674,16542,7,2
257674,2341,4,4
257674,2357,4,3
257674,2412a,0,1
257674,2412a,15,1
257674,2412b,7,14
257674,2419,7,2
257674,2420,4,6
257674,2420,15,2
257674,2421,0,1
257674,2432,15,1
257674,2436,15,1
257674,2449,4,2
257674,2452,0,1
257674,2453a,4,4
257674,2454a,4,9
257674,2460,4,1
257674,2479,7,1
257674,2483,41,1
257674,2486,15,1
257674,2493b,15,7
257674,2494,41,7
257674,2583,14,2
257674,2584,4,2
257674,2585,0,2
257674,2817,0,2
257674,298c02,0,5
257674,298c03,7,1
257674,298c04,15,2
257674,3001,0,1
257674,3004,14,1
257674,3004,4,35
257674,3005,4,19
257674,3005,47,1
257674,3005,15,5
257674,3009,4,2
257674,3010,4,8
257674,3010,15,8
257674,3020,15,2
257674,3020,4,3
257674,3021,4,5
257674,3021,15,1
257674,3023,4,11
257674,3023,15,4
257674,3024,34,1
257674,3024,15,3
257674,3024,36,5
257674,3024,46,6
257674,3024,33,4
257674,3024,4,23
257674,3028,4,1
257674,3030,4,1
257674,3031,4,1
257674,3033,4,4
257674,3034,0,1
257674,3034,4,1
257674,3037,4,1
257674,3039pr0026,15,1
257674,3039pr9994,15,1
257674,3040b,4,1
257674,3062b,15,3
257674,3062b,4,1
257674,3068b,14,1
257674,3069b,0,2
257674,3069b,15,2
257674,3069b,4,2
257674,3069bpr0020,7,1
257674,3069bpr0039,15,1
257674,3070b,0,2
257674,3070b,33,2
257674,3176,4,1
257674,3188,4,1
257674,3189,4,1
257674,3297,4,1
257674,3460,15,10
257674,3460,4,1
257674,3581,4,2
257674,3582,4,2
257674,3622,4,1
257674,3622,15,2
257674,3623,0,2
257674,3623,15,1
257674,3660,4,2
257674,3665,4,8
257674,3666,15,1
257674,3666,4,2
257674,3666,0,2
257674,3679,7,3
257674,3680,14,1
257674,3680,0,1
257674,3680,4,1
257674,3710,15,7
257674,3710,4,6
257674,3747a,4,1
257674,3749,7,4
257674,3788,15,2
257674,3794a,4,1
257674,3794a,15,4
257674,3795,15,1
257674,3821pr0004,4,1
257674,3822pr0004,4,1
257674,3823,41,1
257674,3829c01,14,2
257674,3832,4,3
257674,3835,0,1
257674,3837,0,1
257674,3838,14,2
257674,3839b,0,1
257674,3899,1,1
257674,3937,7,1
257674,3937,4,2
257674,3937,15,1
257674,3938,4,2
257674,3938,7,1
257674,3938,15,1
257674,3939,41,2
257674,3957a,15,2
257674,3958,7,1
257674,3960,15,1
257674,3962b,0,1
257674,3963,15,1
257674,4070,15,5
257674,4070,4,8
257674,4079,14,1
257674,4081b,15,4
257674,4084,0,6
257674,4085c,4,2
257674,4085c,15,3
257674,4162,14,2
257674,4162,0,2
257674,4213,4,2
257674,4214,4,1
257674,4215apr0019,15,1
257674,4216,4,26
257674,4217,4,4
257674,4218,15,2
257674,4218,41,13
257674,4218,4,2
257674,4219,4,2
257674,4276b,0,1
257674,4282,0,2
257674,4286,4,4
257674,4288,0,4
257674,4315,4,2
257674,4460a,4,2
257674,4474,41,1
257674,4477,4,1
257674,4477,15,1
257674,4488,15,1
257674,4495a,14,1
257674,4589,15,4
257674,4589,7,1
257674,4599a,15,1
257674,4600,0,3
257674,4624,15,6
257674,4625,4,1
257674,4859,4,1
257674,4864a,4,1
257674,4865a,14,1
257674,4865a,4,5
257674,4865apr0005,4,2
257674,4872,41,2
257674,6100pr0003,7,1
257674,6141,15,5
257674,6141,36,3
257674,6141,46,4
257674,6141,33,5
257674,73590c01a,15,3
257691,3626cpr9642,179,1
257691,4910pat0003,322,1
257691,970c27pr0008,15,1
257691,973c27h21pr0002,15,1
257716,16770,297,2
257716,26047,0,2
257716,30374,0,1
257716,6141,33,1
257716,64644,297,1
257716,85861,297,4
257716,98138,33,1
257732,11211,19,2
257732,11211,15,1
257732,11212,19,2
257732,11256,15,1
257732,11477,41,1
257732,11477,15,2
257732,13548,28,7
257732,13548,71,2
257732,14716,19,4
257732,14716,15,6
257732,14719,15,6
257732,15573,19,20
257732,15573,78,16
257732,15573,72,16
257732,15573,15,21
257732,15573,71,4
257732,15672,71,1
257732,15672,28,2
257732,15672,15,2
257732,15712,15,10
257732,16577,71,1
257732,1703,15,2
257732,1748,15,6
257732,18654,15,4
257732,18970,15,1
257732,20482,71,1
257732,20482,15,6
257732,21268,15,1
257732,22385,15,1
257732,22885,19,8
257732,22885,71,3
257732,22885,28,1
257732,22886,15,8
257732,22961,15,4
257732,2310,15,2
257732,2357,71,1
257732,2357,15,16
257732,2420,15,12
257732,2420,71,11
257732,2420,19,4
257732,2431,41,54
257732,2431,15,2
257732,2431,0,6
257732,2431,78,12
257732,2445,71,2
257732,2453b,15,14
257732,2456,71,2
257732,24866,15,14
257732,24866,1,16
257732,24946,15,1
257732,25269,15,12
257732,25269,41,4
257732,2566,0,2
257732,26601,28,1
257732,26601,15,2
257732,26601,71,1
257732,26603,72,8
257732,26603,15,6
257732,27263,71,2
257732,27507,15,4
257732,27925,15,2
257732,28192,71,1
257732,28621,15,2
257732,3002,72,2
257732,3002,15,1
257732,3003,19,2
257732,3003,15,4
257732,3004,71,4
257732,3004,78,6
257732,3004,28,1
257732,3004,15,28
257732,3005,71,3
257732,3005,41,1
257732,3005,15,19
257732,3005,19,2
257732,3005,28,4
257732,3006,71,5
257732,3008,71,2
257732,3008,15,4
257732,3009,19,2
257732,3009,15,8
257732,3010,15,2
257732,3010,1,2
257732,30136,0,10
257732,3020,323,2
257732,3020,19,1
257732,3020,322,8
257732,3021,321,4
257732,3021,71,4
257732,3021,19,1
257732,3021,15,15
257732,3021,28,2
257732,3022,321,8
257732,3022,19,6
257732,3022,15,6
257732,3022,1,4
257732,3023,71,5
257732,3023,15,39
257732,3023,323,2
257732,3023,28,5
257732,3023,19,8
257732,3023,78,4
257732,3023,41,14
257732,3024,15,54
257732,3024,19,16
257732,3024,78,4
257732,3024,72,1
257732,3024,71,6
257732,3024,41,8
257732,3030,15,2
257732,3031,19,2
257732,3032,71,5
257732,3033,378,1
257732,3034,19,4
257732,3035,72,2
257732,30357,15,2
257732,3036,71,4
257732,30375,15,2
257732,3040b,28,9
257732,3040b,19,4
257732,3040b,47,2
257732,3040b,71,11
257732,30414,15,6
257732,30503,71,4
257732,3062b,72,4
257732,3062b,19,4
257732,3065,41,6
257732,3068b,71,6
257732,3068b,15,2
257732,3069b,322,4
257732,3069b,15,17
257732,3069b,41,39
257732,3069b,71,9
257732,3070b,71,8
257732,3070b,41,5
257732,3070b,15,6
257732,32028,15,4
257732,32064a,15,4
257732,3245c,72,4
257732,3245c,15,6
257732,3245c,71,1
257732,32607,15,10
257732,32828,15,2
257732,32952,72,1
257732,32952,71,3
257732,33078,15,2
257732,33320,15,2
257732,3386,15,3
257732,33909,15,4
257732,33909,72,2
257732,33909,71,8
257732,34103,19,32
257732,34103,15,5
257732,34103,72,2
257732,34103,71,8
257732,3460,71,7
257732,3460,15,4
257732,3460,19,4
257732,35044,15,2
257732,35480,15,65
257732,35480,71,6
257732,35787,71,1
257732,35787,15,2
257732,3622,15,17
257732,3622,78,21
257732,3622,72,1
257732,3623,72,2
257732,3623,15,23
257732,3623,1,6
257732,3623,78,10
257732,3659,15,2
257732,3659,19,3
257732,3666,71,1
257732,3666,19,3
257732,36840,15,4
257732,36840,19,2
257732,3710,322,2
257732,3710,78,4
257732,3710,71,7
257732,3710,323,6
257732,3710,72,4
257732,3710,19,4
257732,37762,15,12
257732,3795,71,6
257732,3795,72,2
257732,3795,15,2
257732,3795,0,6
257732,3832,72,2
257732,3832,0,7
257732,38320,0,5
257732,3957b,15,24
257732,4070,15,8
257732,4070,78,16
257732,4081b,15,2
257732,4162,19,1
257732,4162,71,5
257732,4162pr0120,0,1
257732,41740,15,6
257732,4286,71,11
257732,42924,1,4
257732,4304,19,5
257732,4304,71,2
257732,43710,71,3
257732,43711,71,1
257732,43722,71,1
257732,4460b,28,4
257732,4477,15,7
257732,4477,71,2
257732,44861,71,2
257732,4510,71,2
257732,47905,15,4
257732,48092,15,2
257732,49307,15,6
257732,51239,15,2
257732,5152,41,2
257732,54200,47,20
257732,54200,28,10
257732,54200,71,19
257732,54200,15,27
257732,58176,72,2
257732,59349,15,21
257732,60476,15,2
257732,60479,0,4
257732,60479,78,12
257732,60481,71,4
257732,60592,15,6
257732,60592,19,10
257732,60601,15,1
257732,60897,19,33
257732,6106,19,2
257732,6111,72,2
257732,6112,15,4
257732,61332,0,12
257732,6141,72,2
257732,6179,15,12
257732,62462,15,16
257732,63864,71,6
257732,63864,0,4
257732,63864,15,10
257732,64647,15,2
257732,65509,15,12
257732,6636,0,8
257732,6636,1,1
257732,6636,15,5
257732,69729,15,1
257732,7202,78,1
257732,73825,15,2
257732,77845,15,1
257732,77850,15,28
257732,78329,71,1
257732,78329,15,7
257732,78666,15,4
257732,79194,15,8
257732,79389,15,2
257732,80543,15,2
257732,85861,0,10
257732,85861,15,4
257732,85861,71,1
257732,85861,47,8
257732,85984,28,1
257732,85984,15,2
257732,85984,71,10
257732,86876,71,2
257732,87079,72,2
257732,87079,15,4
257732,87087,15,6
257732,87087,71,4
257732,87087,72,4
257732,87544,19,8
257732,87544,15,2
257732,87544,47,12
257732,87580,15,10
257732,87580,72,1
257732,87926,78,1
257732,88646,15,8
257732,89678,72,4
257732,90398,15,8
257732,91988,71,2
257732,91988,72,4
257732,92950,72,3
257732,96874,25,1
257732,973c27h27,15,2
257732,98138,28,10
257732,98138pr0185,179,2
257732,98283,15,4
257732,98313,15,4
257732,99207,321,4
257732,99780,15,6
257732,99780,19,5
257732,99781,15,3
257940,109373,0,4
257940,15573,19,3
257940,18674,272,1
257940,24246,1050,3
257940,2445,272,2
257940,2445,15,2
257940,2454b,15,1
257940,24866,191,4
257940,28621,191,1
257940,3001,272,4
257940,3001,1050,2
257940,3003,272,1
257940,3003,1050,3
257940,3003,84,3
257940,3003,15,1
257940,3003pr0061,3,2
257940,3004,3,1
257940,3004,272,2
257940,3008,3,1
257940,30136,84,2
257940,30145,84,2
257940,3034,15,2
257940,3034,3,2
257940,3039,41,2
257940,3065,41,2
257940,3069b,1050,2
257940,3069b,15,4
257940,32001,15,1
257940,32064a,1050,3
257940,3245c,3,1
257940,33243,1050,4
257940,3700,15,5
257940,3701,15,2
257940,3705,0,1
257940,3709,191,3
257940,37352,15,3
257940,37352,1050,4
257940,3795,191,3
257940,3941,41,1
257940,39789,3,1
257940,4519,14,1
257940,5174,15,1
257940,5251,3,1
257940,5253,0,1
257940,54200,84,1
257940,59900,3,1
257940,59900,46,1
257940,59900,15,3
257940,59900,191,4
257940,6636,272,4
257940,66790,84,2
257940,66857,15,2
257940,71752,19,1
257940,86876,191,1
257940,970c38,191,1
257940,973c38h38,191,1
257941,109373,0,4
257941,11211,84,4
257941,114253,15,1
257941,118091,15,1
257941,14226c11,0,2
257941,15279,10,4
257941,18970,15,4
257941,2445,272,4
257941,2453b,84,4
257941,27328,0,4
257941,3001,15,8
257941,3001,272,8
257941,3001,1050,8
257941,3003,272,4
257941,3003,84,4
257941,3003,1050,4
257941,3003,15,4
257941,3003pr0061,3,4
257941,3004,3,8
257941,3005pr0003,15,10
257941,3007,272,4
257941,3008,3,4
257941,3010,191,4
257941,30145,84,4
257941,3034,3,4
257941,30592,71,2
257941,3065,36,4
257941,3065,41,4
257941,3065,47,4
257941,32064a,1050,4
257941,32073,71,2
257941,33243,1050,4
257941,35154,47,2
257941,3700,15,4
257941,37352,15,4
257941,37352,1050,4
257941,3737,4,2
257941,3795,191,4
257941,3941,46,4
257941,39789,3,4
257941,42022,1050,4
257941,4367,191,4
257941,4367,5,4
257941,44294,14,2
257941,44865,71,4
257941,4519,14,2
257941,46303,1050,1
257941,4727,10,4
257941,5174,15,2
257941,5251,272,1
257941,5251,3,1
257941,5252,191,2
257941,5253,0,4
257941,57539,179,2
257941,59900,3,10
257941,59900,191,10
257941,6112,191,4
257941,6215,191,4
257941,65834pat0001,1050,2
257941,6636,84,4
257941,66790,84,2
257941,66792,191,4
257941,66857,15,4
257941,68013,15,4
257941,71752,19,4
257941,86876,191,4
257941,96874,3,1
257942,109373,0,4
257942,11211,84,4
257942,114253,15,1
257942,114342,9999,1
257942,114349,9999,1
257942,115901,15,1
257942,11610,19,6
257942,118091,15,1
257942,15070,15,6
257942,15279,10,4
257942,18653,191,4
257942,18674,272,4
257942,18970,15,2
257942,2445,15,2
257942,2445,3,2
257942,2456,19,4
257942,24866,15,6
257942,24866,1050,6
257942,27328,0,2
257942,3001,15,4
257942,3001,191,4
257942,3001,272,4
257942,3003,15,4
257942,3003,3,4
257942,3003,84,4
257942,3003,1050,4
257942,3004,272,8
257942,3005pr0003,3,4
257942,3005pr0003,15,10
257942,3007,272,4
257942,3008,3,4
257942,3009,191,4
257942,3010,1050,4
257942,30145,84,4
257942,3034,3,2
257942,3034,15,2
257942,30592,71,2
257942,3065,41,2
257942,3065,46,2
257942,3069b,191,5
257942,3069b,272,5
257942,32064a,1050,4
257942,3245c,3,4
257942,32607,10,4
257942,33243,1050,4
257942,3565,10,4
257942,3700,15,6
257942,3705,0,2
257942,37352,1050,4
257942,37352,15,4
257942,3795,191,4
257942,3941,70,2
257942,3941,41,2
257942,39789,3,4
257942,42022,3,4
257942,43898,15,2
257942,44294,14,2
257942,44728,71,4
257942,44865,71,4
257942,4519,14,2
257942,46303,1050,1
257942,5174,191,2
257942,5174,15,2
257942,5251,3,2
257942,5251,272,1
257942,5252,191,2
257942,5253,0,4
257942,53119,70,6
257942,57539,179,4
257942,59900,15,6
257942,59900,46,10
257942,59900,3,6
257942,6126b,182,4
257942,6215,191,4
257942,65834pat0001,1050,2
257942,6636,191,4
257942,66790,84,2
257942,66792,191,4
257942,66857,15,4
257942,68013,19,4
257942,71752,19,4
257942,85080,15,8
257942,85546,14,2
257942,86876,191,4
257942,87552,41,4
257942,93273,3,4
257942,96874,3,1
257943,109373,0,4
257943,11211,272,4
257943,114253,15,1
257943,114335,9999,1
257943,114343,9999,1
257943,114350,9999,1
257943,115901,15,1
257943,11610,19,6
257943,118084,15,1
257943,118091,15,1
257943,118092,15,1
257943,15208,15,5
257943,15279,10,8
257943,15469,10,4
257943,15535,19,4
257943,15573,19,5
257943,18575,19,2
257943,18674,272,4
257943,24246,1050,10
257943,2445,15,2
257943,2445,272,2
257943,2454b,15,4
257943,24866,1050,10
257943,24866,15,6
257943,24866,191,6
257943,27328,0,2
257943,3001,15,4
257943,3001,4,4
257943,3003,272,4
257943,3003,15,8
257943,3004,191,4
257943,3005pr0003,15,18
257943,3010,30,4
257943,3010,1,4
257943,3010,191,4
257943,3010,10,4
257943,30136,84,4
257943,30145,84,4
257943,3039,41,4
257943,3065,41,4
257943,3069b,15,5
257943,3069b,1050,5
257943,32001,15,4
257943,32064a,1050,8
257943,32073,71,4
257943,32123b,71,6
257943,32270,0,2
257943,3245c,3,4
257943,32607,10,16
257943,33243,272,4
257943,3565,10,4
257943,3673,14,8
257943,3700,15,4
257943,3701,15,4
257943,3702,15,4
257943,3709,191,4
257943,37352,15,8
257943,37352,1050,8
257943,3738,84,4
257943,3743,15,4
257943,3895,272,2
257943,3941,41,2
257943,3941,84,2
257943,3942c,10,4
257943,39789,3,4
257943,4185,0,4
257943,42022,3,4
257943,44294,14,4
257943,44865,71,4
257943,4519,14,4
257943,46212,41,4
257943,5174,191,4
257943,5251,272,2
257943,5251,3,1
257943,5252,191,2
257943,5253,0,4
257943,54200,84,10
257943,59900,3,10
257943,59900,191,10
257943,59900,15,6
257943,6215,15,4
257943,65249,15,4
257943,65834pat0001,1050,2
257943,6636,272,4
257943,66790,84,2
257943,66792,272,2
257943,66792,191,2
257943,66857,15,4
257943,71752,19,8
257943,79387,15,2
257943,85546,14,2
257943,86876,19,8
257943,96874,3,1
257944,106822,0,1
257944,114254,15,1
257945,114254,15,1
257946,118084,15,1
257947,118091,15,1
257948,115901,15,1
257949,118092,15,1
257950,109373,0,6
257950,11211,84,6
257950,11610,19,6
257950,14226c11,0,3
257950,15279,10,6
257950,18674,272,6
257950,24866,1050,12
257950,24866,15,12
257950,27328,0,3
257950,3001,15,4
257950,3001,1050,4
257950,3001,191,4
257950,3001,272,4
257950,3003,1050,6
257950,3003,15,6
257950,3003pr0061,3,6
257950,3004,3,6
257950,3004,272,6
257950,3005pr0003,3,6
257950,3005pr0003,15,6
257950,3010,191,4
257950,3010,1050,4
257950,30145,84,4
257950,30592,71,2
257950,3065,36,4
257950,3065,47,4
257950,3065,41,4
257950,3069b,191,6
257950,3069b,272,6
257950,32064a,1050,6
257950,32073,71,6
257950,32607,10,6
257950,33243,1050,4
257950,3565,10,4
257950,3700,15,6
257950,37352,15,6
257950,37352,1050,6
257950,3795,191,4
257950,3941,41,6
257950,39789,3,4
257950,4367,5,6
257950,4367,191,6
257950,43898,15,6
257950,44865,71,4
257950,4519,14,6
257950,5253,0,2
257950,59900,191,12
257950,59900,15,12
257950,59900,3,12
257950,59900,46,12
257950,6215,191,6
257950,6636,84,4
257950,66792,191,4
257950,66857,15,6
257950,71752,19,6
257950,85080,15,6
257950,86876,191,6
257950,87552,41,4
257950,93273,3,4
257951,109373,0,6
257951,11211,272,6
257951,11610,19,6
257951,15208,15,4
257951,15279,10,6
257951,15469,10,4
257951,15573,19,6
257951,18575,19,2
257951,18674,272,6
257951,24246,1050,12
257951,2454b,15,4
257951,24866,191,12
257951,24866,1050,12
257951,24866,15,12
257951,27328,0,3
257951,3001,4,2
257951,3001,15,4
257951,3003,272,6
257951,3004,191,6
257951,3005pr0003,15,6
257951,3010,191,2
257951,3010,30,2
257951,3010,1,2
257951,3010,10,2
257951,30136,84,6
257951,30145,84,4
257951,3039,41,4
257951,3065,41,4
257951,3069b,1050,6
257951,3069b,15,6
257951,32001,15,4
257951,32064a,1050,6
257951,32073,71,4
257951,32123b,71,6
257951,32270,0,2
257951,3245c,3,4
257951,32607,10,6
257951,33243,272,4
257951,3565,10,4
257951,3700,15,6
257951,3701,15,4
257951,3702,15,4
257951,3709,191,4
257951,37352,15,6
257951,37352,1050,6
257951,3738,84,2
257951,3743,15,2
257951,3941,41,4
257951,3941,84,4
257951,3942c,10,4
257951,39789,3,4
257951,4185,0,2
257951,42022,3,4
257951,44294,14,4
257951,44865,71,4
257951,4519,14,4
257951,46212,41,4
257951,5174,191,4
257951,5253,0,2
257951,54200,84,12
257951,59900,15,12
257951,59900,3,12
257951,59900,191,12
257951,6215,15,6
257951,65249,15,4
257951,6636,272,4
257951,66792,272,2
257951,66792,191,2
257951,66857,15,6
257951,71752,19,6
257951,79387,15,2
257951,85546,14,2
257951,86876,19,6
257952,114781,15,1
257953,114335,9999,1
257953,114342,9999,1
257953,114343,9999,1
257953,114345,9999,1
257953,114346,9999,1
257953,114348,9999,1
257953,114349,9999,1
257953,114350,9999,1
258096,23766pr0005,71,1
258096,970c05,272,1
258096,973c07h14pr5007,308,1
258098,23766pr0005,71,1
258098,970c03,0,1
258098,973c10h14pr5004,320,1
258099,23766pr0005,71,1
258099,28974,72,1
258099,970c03,0,1
258099,973c10h14pr5004,320,1
258201,cardupn0003pr0007,9999,1
258202,cardupn0003pr0008,9999,1
258203,cardupn0003pr0009,9999,1
258261,10110810,9999,1
258261,11203,72,4
258261,11208,0,4
258261,11209,0,4
258261,11211,72,6
258261,11212,19,3
258261,11212,288,2
258261,11212,272,1
258261,11303,272,1
258261,11476,84,1
258261,11477,84,2
258261,11477,288,3
258261,11610,0,3
258261,13548,70,1
258261,14704,71,1
258261,14716,72,31
258261,14716,84,1
258261,14716,484,17
258261,14716,0,1
258261,14716,71,1
258261,14716,70,2
258261,14719,71,1
258261,14719,70,1
258261,14719,484,2
258261,14719,72,4
258261,14769,0,1
258261,14769,15,1
258261,15068,4,2
258261,15068,28,6
258261,15070,70,10
258261,15395,0,3
258261,15469,288,1
258261,15533,71,9
258261,15535,72,1
258261,15573,71,2
258261,15573,378,7
258261,15573,70,8
258261,15573,272,8
258261,15573,19,4
258261,15712,0,1
258261,15712,72,2
258261,15712,71,2
258261,1748,47,1
258261,1751,0,1
258261,18674,0,2
258261,18677,70,4
258261,1871,70,2
258261,1871pr0003,70,2
258261,18986,47,1
258261,1927,484,2
258261,1927,72,2
258261,19798,0,1
258261,20482,4,1
258261,20482,297,1
258261,20482,72,4
258261,20482,0,1
258261,20482,70,1
258261,22885,71,3
258261,22885,484,4
258261,22886,484,22
258261,22890,72,1
258261,2343,47,1
258261,23443,0,1
258261,2357,484,4
258261,2357,72,2
258261,23950,4,4
258261,23950,0,2
258261,23969,15,2
258261,2412b,71,1
258261,2412b,70,1
258261,2412b,15,3
258261,2412b,179,2
258261,2412b,0,2
258261,2420,72,2
258261,2420,84,1
258261,2420,4,6
258261,2420,0,1
258261,24201,28,5
258261,24246,70,2
258261,2431,15,2
258261,2431,484,3
258261,2431,70,7
258261,2431,72,5
258261,2431,71,6
258261,2431,4,4
258261,2445,71,3
258261,2445,19,1
258261,2449,70,1
258261,2450,288,5
258261,2453b,72,1
258261,2454b,72,19
258261,2456,84,2
258261,24866,15,2
258261,24866,2,8
258261,24866,71,1
258261,24866,323,1
258261,24866,288,3
258261,25269,484,3
258261,25269,288,22
258261,25269,70,1
258261,25269,84,4
258261,25269,0,3
258261,2566,70,6
258261,26047,71,5
258261,2654,71,1
258261,26601,484,1
258261,26603,0,1
258261,26603,84,2
258261,26603,71,3
258261,26603,70,1
258261,26603,15,5
258261,2682,288,29
258261,27261,84,1
258261,27925,0,4
258261,28192,70,6
258261,2821,84,1
258261,28802,71,1
258261,29119,70,1
258261,29120,70,1
258261,3003,15,1
258261,3004,484,10
258261,3004,15,1
258261,3004,84,3
258261,3004,71,4
258261,3004,72,6
258261,3004,0,2
258261,3004,70,17
258261,3005,484,4
258261,3005,70,2
258261,3005,84,2
258261,3005,72,33
258261,3005,71,2
258261,3005,379,4
258261,3005,272,1
258261,3005,0,2
258261,3008,484,1
258261,3009,84,2
258261,3009,72,1
258261,3009,484,4
258261,3010,4,1
258261,3010,70,9
258261,3010,72,9
258261,3010,379,1
258261,3010,484,15
258261,30134,15,2
258261,30136,0,2
258261,30136,70,2
258261,3020,15,1
258261,3020,19,11
258261,3020,84,2
258261,3020,322,2
258261,3020,4,1
258261,3020,72,3
258261,3020,484,8
258261,3021,72,1
258261,3021,0,3
258261,3021,71,4
258261,3021,484,3
258261,3021,4,2
258261,3022,15,2
258261,3022,0,4
258261,3022,72,2
258261,3022,484,4
258261,3022,14,2
258261,3022,71,2
258261,3022,84,1
258261,3023,72,14
258261,3023,288,1
258261,3023,484,26
258261,3023,28,5
258261,3023,379,1
258261,3023,47,24
258261,3023,0,3
258261,3023,15,4
258261,3023,70,9
258261,3023,71,7
258261,3023,4,7
258261,3023,19,3
258261,3023,272,1
258261,3023,84,6
258261,3024,19,4
258261,3024,0,1
258261,3024,72,9
258261,3024,71,1
258261,3024,28,1
258261,3024,484,12
258261,3024,84,19
258261,3024,15,2
258261,3024,4,11
258261,3024,3,1
258261,3024,70,11
258261,3024,272,1
258261,3024,321,1
258261,3024,47,2
258261,3030,71,5
258261,3030,70,6
258261,3032,484,5
258261,3033,484,5
258261,3034,272,1
258261,3034,72,1
258261,3034,15,3
258261,3034,19,12
258261,3035,72,1
258261,30357,0,1
258261,3036,19,6
258261,3036,70,2
258261,3039,70,3
258261,3040b,288,3
258261,30414,72,1
258261,3062b,33,2
258261,3062b,297,1
258261,3062b,34,2
258261,3062b,47,1
258261,3062b,4,1
258261,3062b,70,3
258261,3068b,72,2
258261,3068b,19,5
258261,3068b,378,6
258261,3068b,15,4
258261,3068b,84,1
258261,3068b,0,1
258261,3068b,272,1
258261,3068b,71,2
258261,3068b,288,2
258261,3068bpr0670,70,1
258261,3069b,379,2
258261,3069b,72,7
258261,3069b,320,5
258261,3069b,71,1
258261,3069b,288,2
258261,3069b,484,11
258261,3069b,0,1
258261,3069b,19,4
258261,3069b,28,2
258261,3069b,70,5
258261,3069b,84,7
258261,3069b,15,9
258261,3070b,379,1
258261,3070b,484,4
258261,3070b,4,4
258261,3070b,72,3
258261,3070b,84,2
258261,3070b,0,2
258261,3070b,70,3
258261,3070b,378,4
258261,3070b,19,2
258261,3176,15,1
258261,3176,70,2
258261,32028,70,19
258261,32062,4,2
258261,3245c,15,4
258261,3245c,72,11
258261,32607,326,7
258261,32607,2,2
258261,32607,288,6
258261,3262,71,2
258261,32803,0,3
258261,32828,0,1
258261,32952,84,9
258261,32952,0,3
258261,32952,72,3
258261,32952,70,7
258261,33909,71,23
258261,33909,484,24
258261,33909,28,8
258261,33909,84,2
258261,33909,4,4
258261,33909,272,4
258261,33909,320,2
258261,3396,0,1
258261,34172,15,2
258261,3460,70,3
258261,3460,72,4
258261,35336,47,1
258261,35480,71,2
258261,35480,70,3
258261,35480,0,7
258261,3563,70,2
258261,3563,15,6
258261,3622,484,8
258261,3622,70,1
258261,3622,72,1
258261,3623,288,9
258261,3623,4,4
258261,3623,70,4
258261,3623,71,3
258261,3623,484,10
258261,3623,15,1
258261,3623,19,1
258261,3623,14,4
258261,3623,72,4
258261,3660,4,2
258261,3660,484,1
258261,3661,0,1
258261,3666,484,23
258261,3666,0,2
258261,3666,70,3
258261,3666,15,1
258261,3666,4,4
258261,3666,71,3
258261,3666,19,3
258261,36840,84,1
258261,36840,70,2
258261,36841,4,6
258261,3710,72,11
258261,3710,84,5
258261,3710,484,16
258261,3710,71,2
258261,3710,0,1
258261,3710,15,1
258261,37352,272,6
258261,37762,70,1
258261,3795,84,1
258261,3795,19,3
258261,3795,71,1
258261,3795,72,2
258261,3795,15,3
258261,3795,288,10
258261,3795,484,8
258261,3829c01,71,1
258261,3832,484,14
258261,3832,71,1
258261,38320,0,3
258261,3899,179,1
258261,3937,14,1
258261,3937,0,1
258261,3938,71,1
258261,3958,484,2
258261,4032a,19,2
258261,4070,70,9
258261,4079b,72,2
258261,4081b,0,1
258261,4162,70,2
258261,4162,72,12
258261,41682,72,1
258261,41682,4,2
258261,41740,72,3
258261,41740,484,3
258261,41740,19,6
258261,41740,71,2
258261,41740,84,15
258261,4304,19,3
258261,43093,1,1
258261,4367,5,3
258261,43723,484,2
258261,4460b,70,2
258261,4510,70,12
258261,4528,0,1
258261,4599b,71,1
258261,46212,47,2
258261,47397,484,4
258261,47398,484,4
258261,47457,71,1
258261,4865b,84,1
258261,4865b,4,2
258261,4865b,0,1
258261,49307,4,6
258261,49307,15,6
258261,49668,71,1
258261,5092,25,1
258261,52107,71,1
258261,54200,70,2
258261,54200,84,1
258261,54200,288,17
258261,57895,47,19
258261,59443,70,3
258261,59900,33,2
258261,59900,288,3
258261,59900,70,3
258261,6003,70,4
258261,60474,0,1
258261,60478,84,1
258261,60479,84,5
258261,60479,484,19
258261,60592,0,3
258261,60593,0,10
258261,60593,484,14
258261,60594,484,4
258261,60596,484,5
258261,60596,0,20
258261,60602,47,24
258261,60603,47,4
258261,60616b,47,5
258261,60616b,41,1
258261,60897,72,1
258261,6091,4,4
258261,6112,70,16
258261,6112,72,1
258261,6112,71,3
258261,61332,0,4
258261,6134,0,1
258261,6141,15,3
258261,6141,46,9
258261,6141,308,13
258261,6141,70,12
258261,6141,326,20
258261,6141,72,11
258261,6179,4,1
258261,6231,4,2
258261,6231,71,1
258261,63864,484,10
258261,63864,0,1
258261,63864,19,2
258261,63864,72,10
258261,63864,70,6
258261,63864,378,14
258261,63868,28,4
258261,63868,71,1
258261,63965,70,2
258261,6541,70,4
258261,65509,70,1
258261,6636,484,12
258261,67329,15,1
258261,67329,0,1
258261,67688,0,4
258261,68211,70,1
258261,69729,0,1
258261,69729,4,1
258261,70681,84,4
258261,70681,70,1
258261,73825,4,2
258261,73825,70,1
258261,73825,484,4
258261,77844,0,1
258261,77845,0,1
258261,77845,70,1
258261,77850,0,1
258261,78329,272,1
258261,78329,0,4
258261,78443,484,2
258261,78443,72,3
258261,78444,72,3
258261,78666,0,2
258261,79194,0,1
258261,79389,4,2
258261,79741,179,1
258261,80179,179,1
258261,85080,0,3
258261,85861,288,2
258261,85984,70,1
258261,85984,484,4
258261,85984,72,4
258261,86996,4,1
258261,86996,70,3
258261,86996,1,1
258261,86996,0,1
258261,86996,15,2
258261,87079,28,2
258261,87079,15,1
258261,87079,72,3
258261,87079,71,10
258261,87079,19,1
258261,87079,0,1
258261,87079,84,2
258261,87079,484,10
258261,87079,4,1
258261,87552,15,2
258261,87580,379,1
258261,87580,84,1
258261,87580,323,2
258261,87580,378,1
258261,87580,272,2
258261,87580,15,2
258261,88072,4,2
258261,88646,71,3
258261,90398,0,1
258261,91988,0,2
258261,95228,47,1
258261,96874,3,1
258261,98138,72,4
258261,98138,47,4
258261,98138,36,2
258261,98138,0,2
258261,98282,4,4
258261,98385,0,1
258261,99563,71,4
258261,99780,0,1
258261,99780,71,1
258528,11090,0,1
258528,14769pr9982,0,2
258528,15573,14,2
258528,18654,72,4
258528,22385,0,1
258528,2654,72,1
258528,298c02,0,1
258528,3020,72,1
258528,3022,0,1
258528,30602,40,1
258528,3172,0,4
258528,3386,0,1
258528,3484,71,1
258528,35480,72,1
258528,39888,19,4
258528,41854,0,2
258528,42610,71,4
258528,60478,72,2
258528,6141,46,3
258528,69755,72,1
258528,69767,1103,1
258528,87697,0,4
258528,99780,0,2
258678,3626bpr0326,14,1
258678,4485,0,1
258678,970c31,2,1
258678,973c22h01pr0033,15,1
258718,298c02,1,1
258718,3023,1,1
258718,4595,71,1
258718,4735,0,2
258718,4740,71,1
258718,54200,1,1
258718,54200,46,1
258788,11091,15,2
258788,11091,272,4
258788,11096,297,1
258788,11477,15,5
258788,13547,0,2
258788,14417,72,3
258788,14418,71,1
258788,14419,72,2
258788,14704,71,2
258788,15068,0,1
258788,15070,14,1
258788,15683,9999,1
258788,3021,272,2
258788,3023,72,2
258788,3023,272,8
258788,3024,14,1
258788,3024,15,2
258788,30374,70,1
258788,3666,272,2
258788,3710,272,1
258788,41769,272,1
258788,41770,272,1
258788,43722,71,1
258788,43723,71,1
258788,49668,15,2
258788,52107,15,1
258788,53451,0,6
258788,54200,15,1
258788,54200,71,6
258788,63868,15,3
258788,87087,15,4
258788,92690,297,1
258788,92692,0,2
258788,92692,15,3
258788,92747,41,1
258788,98138,41,2
258788,98138pr0016,15,2
258788,98313,15,6
258788,98313,14,6
258790,11089,15,1
258790,11090,15,1
258790,11215,15,1
258790,11477,15,4
258790,13549,41,1
258790,14417,72,9
258790,14418,71,4
258790,14704,71,5
258790,15068,15,4
258790,15068pr0002,15,1
258790,15208,19,4
258790,15571,0,1
258790,15755,9999,1
258790,2540,15,2
258790,2877,15,1
258790,3021,71,1
258790,3022,15,7
258790,3023,15,10
258790,3040b,15,2
258790,3623,15,8
258790,3660,15,1
258790,3795,15,1
258790,4081b,15,2
258790,42023,15,2
258790,4287b,15,2
258790,47456,15,1
258790,49668,179,6
258790,50950,15,2
258790,54200,15,1
258790,6005,15,2
258790,6091,15,2
258790,61252,71,1
258790,6141,71,2
258790,85984,15,2
258790,92690,297,1
258790,92747,41,1
258790,98138,179,2
258790,99780,71,3
258790,99781,15,2
259079,3626cpr9633,297,1
259079,39796,484,1
259079,93059,297,1
259079,970c21,297,1
259079,973c21h41pr0001,297,1
259135,11213,484,2
259135,11833,71,2
259135,11833,15,2
259135,15068,85,1
259135,15070,297,4
259135,15070,0,8
259135,15207,0,2
259135,15395,70,4
259135,15571,0,2
259135,15573,297,2
259135,1751pr0008,0,1
259135,1751pr0009,0,1
259135,1927,70,4
259135,2420,85,2
259135,24201,4,8
259135,24204,0,2
259135,24309,0,2
259135,2445,70,1
259135,2445,0,1
259135,2456,70,1
259135,25269,297,8
259135,25269,85,18
259135,25269,1060,56
259135,2654,0,4
259135,2654,4,8
259135,26601,0,2
259135,26604,71,4
259135,27261,15,2
259135,27261,0,4
259135,27925,85,8
259135,28870,297,4
259135,29119,0,3
259135,29119,15,1
259135,29120,0,3
259135,29120,15,9
259135,3001,31,2
259135,3003,0,4
259135,3004,28,1
259135,3005,0,4
259135,3010,0,4
259135,30153,35,1
259135,3020,70,4
259135,3020,26,2
259135,3021,15,1
259135,3022,484,2
259135,3022,0,1
259135,3023,70,8
259135,3023,31,12
259135,3023,85,4
259135,3023,15,13
259135,3023,0,9
259135,3023,26,4
259135,3031,0,2
259135,30414,70,2
259135,3049d,0,2
259135,30565,0,4
259135,30565,26,4
259135,3069b,297,4
259135,3176,0,2
259135,32013,0,2
259135,32062,4,6
259135,32064a,72,1
259135,32192,0,2
259135,32803,70,2
259135,3460,70,2
259135,35074pr0014,0,1
259135,3535,0,4
259135,3666,0,4
259135,3706,4,2
259135,3713,0,2
259135,3941,0,1
259135,3943b,0,1
259135,4032a,85,9
259135,4032a,4,1
259135,4032a,15,4
259135,4081b,70,4
259135,41770,26,8
259135,41770,15,8
259135,4304,0,1
259135,4304,15,1
259135,4304,72,3
259135,43722,0,2
259135,43723,15,1
259135,43723,0,1
259135,44728,85,2
259135,5093,0,1
259135,5095,15,1
259135,51739,0,2
259135,53451,0,2
259135,5404,15,2
259135,5404,0,2
259135,54383,0,8
259135,55706,0,2
259135,57585,71,1
259135,5846,297,4
259135,59443,70,6
259135,6003,0,4
259135,60474,308,2
259135,60479,0,2
259135,6091,70,4
259135,61252,0,4
259135,6141,484,4
259135,61485,0,1
259135,6233,0,1
259135,63864,0,4
259135,63868,0,12
259135,64644,297,1
259135,65092,1055,4
259135,65138,0,1
259135,65487,72,2
259135,65617,70,8
259135,6587,28,2
259135,6636,0,4
259135,66956,0,4
259135,67329,72,2
259135,67329,0,2
259135,69901pr0009,15,1
259135,7068,0,2
259135,77845,0,4
259135,78256,70,4
259135,78258,70,2
259135,78443,72,4
259135,79180,0,2
259135,79491,28,6
259135,80015,31,8
259135,85861,0,2
259135,85975,297,2
259135,85984,70,2
259135,87079pr9874,15,8
259135,87994,297,1
259135,90258,72,1
259135,93273,85,2
259135,96874,3,1
259135,98138,70,2
259135,99207,15,1
259135,99207,0,3
259136,11211,15,2
259136,11212,15,8
259136,11213,484,1
259136,11476,0,4
259136,11477,15,6
259136,11477,484,2
259136,11833,15,2
259136,14716,191,4
259136,14716,15,2
259136,14719,15,2
259136,14719,484,2
259136,14769,15,4
259136,15068,212,3
259136,15395,70,1
259136,15535,71,1
259136,15573,212,4
259136,15573,26,1
259136,15573,297,1
259136,15573,27,1
259136,15712,15,4
259136,16091,71,1
259136,1748,15,8
259136,1748,14,6
259136,1751pr0007,15,1
259136,18759,15,2
259136,18980,191,2
259136,1927,15,4
259136,1927,191,2
259136,20482,71,1
259136,22886,15,2
259136,2357,70,1
259136,23986,15,1
259136,2412b,297,1
259136,2420,272,2
259136,2420,191,1
259136,2420,15,2
259136,24201,272,8
259136,24246,212,2
259136,24866,14,18
259136,25269,321,16
259136,25269,272,2
259136,25269,191,8
259136,25269,212,2
259136,25269,26,2
259136,25269,14,2
259136,27507,191,2
259136,27925,26,2
259136,27925,321,12
259136,28327,15,1
259136,28802,4,1
259136,3004,212,11
259136,3005,191,2
259136,3010,70,2
259136,3020,28,1
259136,3023,272,4
259136,3023,212,11
259136,3023,15,9
259136,3023,5,2
259136,3023,191,12
259136,3024,191,6
259136,3024,15,4
259136,3024,26,1
259136,3062b,212,4
259136,3062b,1,4
259136,3068b,15,1
259136,3069b,321,4
259136,3069b,212,2
259136,3069b,191,8
259136,3069b,484,1
259136,3070b,26,1
259136,32062,4,4
259136,32802,15,1
259136,32952,272,2
259136,3386,0,1
259136,3622,15,10
259136,3623,191,2
259136,3623,212,4
259136,3660,191,2
259136,3665,71,4
259136,3665,70,2
259136,36841,15,2
259136,3706,4,1
259136,3710,191,5
259136,3710,15,1
259136,3713,71,1
259136,3795,14,1
259136,38014,15,2
259136,38799,15,2
259136,3941,212,2
259136,39613,191,2
259136,39739,15,2
259136,4032a,191,1
259136,4032a,15,7
259136,4032a,1,3
259136,4041,212,2
259136,4304,15,2
259136,47753,321,4
259136,47905,0,1
259136,48092,15,2
259136,49307,484,2
259136,49307,191,4
259136,5091,212,4
259136,5091,15,1
259136,5092,15,1
259136,5092,212,4
259136,54200,484,2
259136,54200,26,2
259136,5841,484,2
259136,5841,15,2
259136,5846,297,2
259136,59443,70,4
259136,59900,0,2
259136,6003,70,1
259136,6003,15,5
259136,60474,308,1
259136,60478,1,4
259136,60616b,15,1
259136,6106,15,2
259136,61485,14,1
259136,63864pr9992,212,4
259136,63868,15,8
259136,65426,212,4
259136,65426,321,4
259136,65429,212,4
259136,65429,321,4
259136,65617,70,4
259136,67329,71,2
259136,7068,15,2
259136,70844pr0001,84,1
259136,75937,297,1
259136,78169,179,1
259136,79389,70,4
259136,79756,191,2
259136,80015,191,2
259136,80015,321,4
259136,80015,15,4
259136,85975,297,1
259136,87079,212,4
259136,87087,15,2
259136,87087,212,4
259136,87580,26,2
259136,90202,0,1
259136,92950,70,2
259136,93273,191,2
259136,98138,70,1
259136,98138,484,2
259136,98138pr0018,84,2
259136,98138pr0255,19,2
259136,99780,14,8
259137,10111144,9999,1
259137,10884,2,1
259137,11211,19,2
259137,11211,72,2
259137,11212,2,2
259137,11476,70,4
259137,11477,4,2
259137,11477,71,8
259137,11477,2,4
259137,13547,15,1
259137,13548,2,3
259137,13965,15,6
259137,14716,15,3
259137,14716,322,6
259137,15207,71,1
259137,15535,70,1
259137,15535,15,1
259137,15571,4,2
259137,15573,15,2
259137,15573,484,5
259137,15573,3,2
259137,15672,4,7
259137,15672,28,2
259137,15672,2,4
259137,15712,4,3
259137,15712,15,2
259137,1745,297,1
259137,18646,15,1
259137,18649,72,1
259137,18674,70,1
259137,18674,0,1
259137,18853,323,1
259137,18980,27,1
259137,20482,191,1
259137,20482,72,1
259137,20952,4,2
259137,22388,70,4
259137,22885,3,1
259137,22885,15,1
259137,22885,191,3
259137,2310,15,2
259137,2357,15,4
259137,23969,15,1
259137,24093,70,1
259137,2412b,14,4
259137,2420,4,1
259137,2420,15,2
259137,2420,70,1
259137,2431,70,1
259137,2431,14,1
259137,2431,1050,1
259137,2431,484,3
259137,2431,4,1
259137,2431,15,5
259137,24324,70,1
259137,2453b,15,8
259137,24866,29,6
259137,24866,191,8
259137,24866,10,4
259137,25269,70,8
259137,25975pr0001,84,1
259137,26047,2,1
259137,2654,0,2
259137,2654,70,1
259137,26601,27,1
259137,26603,191,2
259137,2682,27,17
259137,27507,71,4
259137,28192,4,2
259137,28621,378,1
259137,28621pr9720,47,1
259137,3001,19,3
259137,3001,15,3
259137,3002,70,2
259137,3003,71,1
259137,3004,322,2
259137,3005,322,11
259137,30089b,27,1
259137,3009,322,6
259137,3010,322,9
259137,30136,15,5
259137,30137,70,1
259137,30150,84,1
259137,30166,15,8
259137,3020,70,2
259137,3020,484,3
259137,3020,15,1
259137,3020,4,1
259137,3021,70,3
259137,3021,4,4
259137,3021,191,1
259137,3022,10,3
259137,3022,70,2
259137,3022,28,1
259137,3022,71,1
259137,3023,191,5
259137,3023,10,1
259137,3023,0,3
259137,3023,3,4
259137,3023,27,5
259137,3023,322,5
259137,3024,320,1
259137,3024,4,10
259137,3024,322,7
259137,3031,70,1
259137,3032,2,1
259137,3032,15,1
259137,3033,19,4
259137,3034,4,1
259137,3034,15,1
259137,3034,70,4
259137,3035,19,1
259137,3036,19,2
259137,3036,15,1
259137,3036,4,3
259137,3040b,10,4
259137,3040b,4,4
259137,3040b,322,3
259137,3044c,4,8
259137,3045,4,8
259137,30503,4,2
259137,3062b,70,2
259137,3062b,15,22
259137,3068b,320,2
259137,3068b,70,1
259137,3068b,212,1
259137,3068b,4,1
259137,3068b,191,1
259137,3068b,10,1
259137,3069b,191,1
259137,3069b,19,1
259137,3070b,379,13
259137,3070b,191,2
259137,3070b,323,15
259137,3070b,1136,10
259137,32028,15,12
259137,32607,10,7
259137,3262,71,1
259137,32828,71,2
259137,32828,378,2
259137,32952,322,4
259137,32952,14,2
259137,32952,19,6
259137,33320,27,1
259137,3386,71,8
259137,33909,84,3
259137,33909,15,6
259137,3460,4,1
259137,35464,15,2
259137,35480,4,2
259137,3622,191,3
259137,3622,15,2
259137,3623,191,2
259137,3623,15,1
259137,3633,15,5
259137,3659,19,4
259137,3660,322,3
259137,3665,322,3
259137,3666,15,3
259137,3666,322,3
259137,3666,1136,1
259137,3710,484,1
259137,3710,4,2
259137,3710,322,1
259137,3710,1050,1
259137,3710,15,5
259137,37695,10,1
259137,37775,0,1
259137,3832,19,2
259137,3941,71,1
259137,3957b,70,4
259137,3958,27,1
259137,4032a,4,2
259137,40379,70,1
259137,4070,70,4
259137,41539,15,1
259137,41740,15,4
259137,41740,70,6
259137,4287c,15,2
259137,4304,14,1
259137,4345b,71,2
259137,4346,15,2
259137,43722,4,2
259137,43723,4,2
259137,4449,179,1
259137,4477,19,2
259137,4477,15,3
259137,44861,0,6
259137,4528,179,1
259137,4533,71,1
259137,4599b,0,1
259137,4740,27,1
259137,47905,4,2
259137,48336,70,2
259137,49307,3,2
259137,50950,4,2
259137,54200,4,2
259137,54200,1136,4
259137,5717,70,2
259137,5904,2,1
259137,59349,322,2
259137,59900,70,12
259137,59900,71,1
259137,6003,2,5
259137,60475b,15,2
259137,60478,15,2
259137,60481,322,2
259137,60581,322,1
259137,60592,15,6
259137,60594,15,1
259137,60596,15,1
259137,60601,47,5
259137,60608,15,2
259137,60849,14,1
259137,60897,71,4
259137,6112,15,4
259137,61252,15,2
259137,61409,4,2
259137,6141,15,4
259137,6141,41,2
259137,6141,47,1
259137,6141,297,4
259137,6141,484,4
259137,63864,1136,15
259137,64225,4,1
259137,64647,182,4
259137,6636,484,9
259137,66909,19,2
259137,68888,70,2
259137,7202,4,1
259137,74611,71,1
259137,77844,15,2
259137,78258,70,1
259137,78329,15,2
259137,79730,92,1
259137,79743,25,1
259137,79743,71,2
259137,85861,70,12
259137,85861,4,2
259137,85861,0,1
259137,85984,1136,6
259137,85984,15,3
259137,85984,4,9
259137,85984pr0013,72,1
259137,87079,4,1
259137,87079,191,1
259137,87081,15,1
259137,87081,4,1
259137,87580,0,1
259137,87580,484,1
259137,87580,3,5
259137,87620,322,2
259137,88072,71,1
259137,88072,70,2
259137,89678,72,2
259137,90397,4,2
259137,90398,297,1
259137,90398,378,1
259137,92950,15,1
259137,93095,19,1
259137,96874,3,1
259137,98100,84,1
259137,98138,15,3
259137,99207,10,1
259137,99207,28,2
259137,99563,25,7
259137,99563,15,12
259137,99563,4,2
259137,99563,70,2
259137,99780,70,2
259137,99780,15,3
259447,15573,2,1
259447,15712,70,1
259447,2412b,70,2
259447,3021,2,1
259447,3022,70,1
259447,3023,70,1
259447,3031,2,1
259447,3034,2,1
259447,3176,0,1
259447,42409,41,1
259447,43722,2,2
259447,43723,2,2
259447,6141,14,1
259447,6141,35,1
259447,6141,25,1
259447,6141,29,1
259447,6141,85,1
259447,6141,322,1
259447,6141,4,2
259457,15068,19,1
259457,15712,70,4
259457,18674,70,1
259457,1927,19,2
259457,3023,4,1
259457,3031,19,1
259457,3031,70,1
259457,3176,0,1
259457,33183,70,4
259457,3710,70,1
259457,49668,19,2
259457,51739,19,3
259457,98138,19,1
259457,98138pr0008,15,2
259458,15535,4,1
259458,15573,19,1
259458,2419,15,1
259458,24299,15,1
259458,24307,15,1
259458,3022,15,1
259458,3024,15,2
259458,3031,19,3
259458,30357,4,4
259458,3176,0,1
259458,3623,4,1
259458,3666,4,1
259458,3710,19,1
259458,3710,15,1
259458,4032a,15,1
259458,41769,15,1
259458,41770,15,1
259458,6141,15,1
259458,6636,15,1
259458,98138,19,1
259458,98138pr0008,15,2
259459,11476,15,1
259459,15573,15,1
259459,25269,15,2
259459,3020,0,1
259459,3022,15,1
259459,3023,15,4
259459,3023,0,2
259459,3031,15,1
259459,3034,15,1
259459,3176,0,1
259459,33078,0,1
259459,3666,15,2
259459,3666,0,1
259459,3710,15,1
259459,59900,25,1
259459,60897,4,2
259459,98138pr0008,15,2
259475,cardupn0007pr0001,9999,1
259475,cardupn0007pr0003,9999,1
259475,cardupn0007pr0004,9999,1
259475,cardupn0007pr0005,9999,1
259475,cardupn0007pr0006,9999,1
259475,cardupn0007pr0007,9999,1
259475,cardupn0007pr0009,9999,1
259475,cardupn0007pr0012,9999,1
259475,cardupn0007pr0013,9999,1
259475,cardupn0007pr0014,9999,1
259475,cardupn0007pr0015,9999,1
259475,cardupn0007pr0016,9999,1
259475,cardupn0007pr0017,9999,1
259475,cardupn0007pr0018,9999,1
259475,cardupn0007pr0019,9999,1
259475,cardupn0007pr0021,9999,1
259475,cardupn0007pr0022,9999,1
259475,cardupn0007pr0024,9999,1
259475,cardupn0007pr0025,9999,1
259475,cardupn0007pr0027,9999,1
259475,cardupn0007pr0028,9999,1
259475,cardupn0007pr0030,9999,1
259475,cardupn0007pr0031,9999,1
259475,cardupn0007pr0033,9999,1
259475,cardupn0007pr0034,9999,1
259475,cardupn0007pr0039,9999,1
259475,cardupn0007pr0043,9999,1
259475,cardupn0007pr0044,9999,1
259475,cardupn0007pr0045,9999,1
259475,cardupn0007pr0046,9999,1
259475,cardupn0007pr0047,9999,1
259475,cardupn0007pr0048,9999,1
259475,cardupn0007pr0049,9999,1
259475,cardupn0007pr0050,9999,1
259475,cardupn0007pr0058,9999,1
259475,cardupn0007pr0059,9999,1
259475,cardupn0007pr0060,9999,1
259475,cardupn0007pr0061,9999,1
259475,cardupn0007pr0062,9999,1
259475,cardupn0007pr0063,9999,1
259475,cardupn0007pr0064,9999,1
259475,cardupn0007pr0065,9999,1
259475,cardupn0007pr0066,9999,1
259475,cardupn0007pr0067,9999,1
259475,cardupn0007pr0068,9999,1
259475,cardupn0007pr0069,9999,1
259475,cardupn0007pr0070,9999,1
259475,cardupn0007pr0071,9999,1
259475,cardupn0007pr0073,9999,1
259475,cardupn0007pr0075,9999,1
259475,cardupn0007pr0077,9999,1
259475,cardupn0007pr0080,9999,1
259475,cardupn0007pr0081,9999,1
259475,cardupn0007pr0082,9999,1
259475,cardupn0007pr0091,9999,1
259475,cardupn0007pr0093,9999,1
259475,cardupn0007pr0095,9999,1
259475,cardupn0007pr0097,9999,1
259475,cardupn0007pr0098,9999,1
259475,cardupn0007pr0100,9999,1
259475,cardupn0007pr0101,9999,1
259475,cardupn0007pr0103,9999,1
259475,cardupn0007pr0104,9999,1
259475,cardupn0007pr0105,9999,1
259475,cardupn0007pr0111,9999,1
259475,cardupn0007pr0112,9999,1
259475,cardupn0007pr0113,9999,1
259475,cardupn0007pr0114,9999,1
259475,cardupn0007pr0115,9999,1
259475,cardupn0007pr0117,9999,1
259475,cardupn0007pr0119,9999,1
259475,cardupn0007pr0122,9999,1
259475,cardupn0007pr0123,9999,1
259475,cardupn0007pr0124,9999,1
259475,cardupn0007pr0129,9999,1
259475,cardupn0007pr0133,9999,1
259475,cardupn0007pr0134,9999,1
259475,cardupn0007pr0137,9999,1
259475,cardupn0007pr0139,9999,1
259475,cardupn0007pr0140,9999,1
259494,cardupn0008pr0001,9999,1
259494,cardupn0008pr0002,9999,1
259494,cardupn0008pr0003,9999,1
259494,cardupn0008pr0004,9999,1
259494,cardupn0008pr0005,9999,1
259494,cardupn0008pr0006,9999,1
259494,cardupn0008pr0007,9999,1
259494,cardupn0008pr0008,9999,1
259494,cardupn0008pr0009,9999,1
259494,cardupn0008pr0010,9999,1
259494,cardupn0008pr0011,9999,1
259494,cardupn0008pr0012,9999,1
259494,cardupn0008pr0013,9999,1
259494,cardupn0008pr0014,9999,1
259494,cardupn0008pr0015,9999,1
259494,cardupn0008pr0016,9999,1
259494,cardupn0008pr0017,9999,1
259494,cardupn0008pr0018,9999,1
259494,cardupn0008pr0019,9999,1
259494,cardupn0008pr0020,9999,1
259494,cardupn0008pr0021,9999,1
259494,cardupn0008pr0022,9999,1
259494,cardupn0008pr0023,9999,1
259494,cardupn0008pr0024,9999,1
259494,cardupn0008pr0025,9999,1
259494,cardupn0008pr0026,9999,1
259494,cardupn0008pr0027,9999,1
259494,cardupn0008pr0028,9999,1
259494,cardupn0008pr0029,9999,1
259494,cardupn0008pr0030,9999,1
259494,cardupn0008pr0031,9999,1
259494,cardupn0008pr0032,9999,1
259494,cardupn0008pr0033,9999,1
259494,cardupn0008pr0034,9999,1
259494,cardupn0008pr0035,9999,1
259494,cardupn0008pr0036,9999,1
259494,cardupn0008pr0037,9999,1
259494,cardupn0008pr0038,9999,1
259494,cardupn0008pr0039,9999,1
259494,cardupn0008pr0040,9999,1
259494,cardupn0008pr0041,9999,1
259494,cardupn0008pr0042,9999,1
259494,cardupn0008pr0043,9999,1
259494,cardupn0008pr0044,9999,1
259494,cardupn0008pr0045,9999,1
259494,cardupn0008pr0046,9999,1
259494,cardupn0008pr0047,9999,1
259494,cardupn0008pr0048,9999,1
259494,cardupn0008pr0049,9999,1
259494,cardupn0008pr0050,9999,1
259494,cardupn0008pr0051,9999,1
259494,cardupn0008pr0052,9999,1
259494,cardupn0008pr0053,9999,1
259494,cardupn0008pr0054,9999,1
259494,cardupn0008pr0055,9999,1
259494,cardupn0008pr0056,9999,1
259494,cardupn0008pr0057,9999,1
259494,cardupn0008pr0058,9999,1
259494,cardupn0008pr0059,9999,1
259494,cardupn0008pr0060,9999,1
259494,cardupn0008pr0061,9999,1
259494,cardupn0008pr0062,9999,1
259494,cardupn0008pr0063,9999,1
259494,cardupn0008pr0064,9999,1
259494,cardupn0008pr0065,9999,1
259494,cardupn0008pr0066,9999,1
259494,cardupn0008pr0067,9999,1
259494,cardupn0008pr0068,9999,1
259494,cardupn0008pr0069,9999,1
259494,cardupn0008pr0070,9999,1
259494,cardupn0008pr0071,9999,1
259494,cardupn0008pr0072,9999,1
259494,cardupn0008pr0073,9999,1
259494,cardupn0008pr0074,9999,1
259494,cardupn0008pr0075,9999,1
259494,cardupn0008pr0076,9999,1
259494,cardupn0008pr0077,9999,1
259494,cardupn0008pr0078,9999,1
259494,cardupn0008pr0079,9999,1
259494,cardupn0008pr0080,9999,1
259494,cardupn0008pr0081,9999,1
259494,cardupn0008pr0082,9999,1
259494,cardupn0008pr0083,9999,1
259494,cardupn0008pr0084,9999,1
259494,cardupn0008pr0085,9999,1
259494,cardupn0008pr0086,9999,1
259494,cardupn0008pr0087,9999,1
259494,cardupn0008pr0088,9999,1
259494,cardupn0008pr0089,9999,1
259494,cardupn0008pr0090,9999,1
259494,cardupn0008pr0091,9999,1
259494,cardupn0008pr0092,9999,1
259494,cardupn0008pr0093,9999,1
259494,cardupn0008pr0094,9999,1
259494,cardupn0008pr0095,9999,1
259494,cardupn0008pr0096,9999,1
259494,cardupn0008pr0097,9999,1
259494,cardupn0008pr0098,9999,1
259494,cardupn0008pr0099,9999,1
259494,cardupn0008pr0100,9999,1
259494,cardupn0008pr0101,9999,1
259494,cardupn0008pr0102,9999,1
259494,cardupn0008pr0103,9999,1
259494,cardupn0008pr0104,9999,1
259494,cardupn0008pr0105,9999,1
259494,cardupn0008pr0106,9999,1
259494,cardupn0008pr0107,9999,1
259494,cardupn0008pr0108,9999,1
259494,cardupn0008pr0109,9999,1
259494,cardupn0008pr0110,9999,1
259494,cardupn0008pr0111,9999,1
259494,cardupn0008pr0112,9999,1
259494,cardupn0008pr0113,9999,1
259494,cardupn0008pr0114,9999,1
259494,cardupn0008pr0115,9999,1
259494,cardupn0008pr0116,9999,1
259494,cardupn0008pr0117,9999,1
259494,cardupn0008pr0118,9999,1
259494,cardupn0008pr0119,9999,1
259494,cardupn0008pr0120,9999,1
259494,cardupn0008pr0121,9999,1
259494,cardupn0008pr0122,9999,1
259494,cardupn0008pr0123,9999,1
259494,cardupn0008pr0124,9999,1
259494,cardupn0008pr0125,9999,1
259494,cardupn0008pr0126,9999,1
259494,cardupn0008pr0127,9999,1
259494,cardupn0008pr0128,9999,1
259494,cardupn0008pr0129,9999,1
259494,cardupn0008pr0130,9999,1
259494,cardupn0008pr0131,9999,1
259494,cardupn0008pr0132,9999,1
259494,cardupn0008pr0133,9999,1
259494,cardupn0008pr0134,9999,1
259494,cardupn0008pr0135,9999,1
259494,cardupn0008pr0136,9999,1
259494,cardupn0008pr0137,9999,1
259494,cardupn0008pr0138,9999,1
259494,cardupn0008pr0139,9999,1
259494,cardupn0008pr0140,9999,1
259494,cardupn0008pr0141,9999,1
259494,cardupn0008pr0142,9999,1
259494,cardupn0008pr0143,9999,1
259494,cardupn0008pr0144,9999,1
259516,11090,0,2
259516,16770,4,6
259516,5500,36,2
259519,18041,297,2
259519,2149,35,2
259519,85861,297,2
259531,10112156,9999,1
259531,10187,2,4
259531,10190,0,2
259531,11010,334,7
259531,11090,70,2
259531,11212,15,1
259531,11476,70,1
259531,11476,0,1
259531,11476,15,4
259531,11477,0,2
259531,11477,378,4
259531,11477,84,4
259531,11477,308,4
259531,11477,15,3
259531,11477,70,2
259531,13547,70,2
259531,13547,19,2
259531,13548,28,2
259531,14704,71,2
259531,14719,2,4
259531,14719,4,4
259531,14769,84,2
259531,14769,0,2
259531,14769pr1075,70,2
259531,14769pr9961,4,4
259531,15068,0,15
259531,15068,70,1
259531,15068,15,1
259531,15070,0,2
259531,15397,15,5
259531,15535,0,1
259531,15571,70,2
259531,15573,0,2
259531,15573,15,1
259531,15573,288,2
259531,15573,10,1
259531,15712,2,4
259531,15712,0,4
259531,15712,378,1
259531,15712,72,4
259531,1745,71,4
259531,1748,84,1
259531,1748,72,2
259531,1748,19,1
259531,1750,70,2
259531,1751,19,1
259531,18649,19,4
259531,18649,15,1
259531,18674,70,1
259531,18674,0,1
259531,18980,0,7
259531,1927,0,14
259531,20310,71,4
259531,20482,10,4
259531,20482,70,2
259531,20482,28,2
259531,20952,4,2
259531,22388,41,4
259531,22388,47,6
259531,22388,70,2
259531,22484,72,2
259531,22885,0,1
259531,22889,71,1
259531,2310,28,1
259531,2310,0,2
259531,23443,0,1
259531,23443,70,1
259531,23443,27,4
259531,24085,19,2
259531,2420,191,2
259531,2420,322,28
259531,2420,14,4
259531,2420,71,2
259531,24201,19,4
259531,24201,70,4
259531,24201,15,2
259531,24201,0,6
259531,24246,72,12
259531,24246,19,2
259531,24309,19,1
259531,2450,28,2
259531,24866,2,2
259531,25214,0,2
259531,25269,2,6
259531,25269,41,11
259531,25269,326,8
259531,25269,308,14
259531,25269,28,2
259531,25269,484,4
259531,25269,0,1
259531,25269,322,10
259531,25269,70,4
259531,2540,28,4
259531,26601,378,4
259531,26601,70,5
259531,26603,0,7
259531,26604,19,2
259531,26604,191,7
259531,2682,288,4
259531,2682,2,2
259531,27261,308,6
259531,27261,0,1
259531,27261,84,4
259531,27263,484,2
259531,27448,0,2
259531,27507,71,4
259531,27507,322,4
259531,27925,70,6
259531,27925,28,6
259531,27925,378,2
259531,29119,84,1
259531,29119,15,1
259531,29119,0,2
259531,29120,84,1
259531,29120,0,2
259531,29120,15,1
259531,3001,4,1
259531,3002,70,1
259531,3003,70,1
259531,3003,19,1
259531,3004,15,1
259531,3004,3,7
259531,3005,15,1
259531,3005,322,1
259531,3009,4,2
259531,3010,4,2
259531,30115,2,1
259531,30176,27,4
259531,3020,484,6
259531,3020,0,23
259531,3020,70,1
259531,3020,322,8
259531,3020,19,5
259531,3020,28,8
259531,3021,70,4
259531,3021,71,1
259531,3021,0,2
259531,3021,27,7
259531,3021,84,3
259531,3021,28,4
259531,3021,15,2
259531,3022,0,29
259531,3022,19,5
259531,3022,4,2
259531,3022,70,1
259531,3023,15,1
259531,3023,3,30
259531,3023,70,1
259531,3023,19,1
259531,3023,84,12
259531,3023,71,10
259531,3023,0,14
259531,3023,308,3
259531,3024,70,4
259531,3024,308,6
259531,3024,15,7
259531,3024,288,2
259531,30357,70,2
259531,3040b,84,4
259531,30565,10,28
259531,30565,484,4
259531,30565,322,8
259531,30565,272,8
259531,30565,28,8
259531,30565,19,4
259531,30565,0,24
259531,3062b,27,2
259531,3068b,4,5
259531,3068b,322,4
259531,3068b,28,2
259531,3069b,0,14
259531,3069b,322,6
259531,3069b,378,3
259531,3069b,41,14
259531,3070b,70,4
259531,3131,70,7
259531,3171,70,8
259531,3176,15,1
259531,32013,0,1
259531,32028,0,7
259531,32028,28,2
259531,32062,4,1
259531,32192,0,1
259531,32607,26,2
259531,32607,326,8
259531,32607,27,7
259531,32802,84,1
259531,32803,70,3
259531,32803,0,1
259531,32828,0,3
259531,32952,19,2
259531,3298,70,1
259531,33078,15,2
259531,33078,72,2
259531,33183,70,1
259531,33320,27,1
259531,3386,0,4
259531,3386,2,3
259531,3386,71,2
259531,33909,484,1
259531,33909,308,2
259531,33909,0,1
259531,34103,15,2
259531,34103,28,2
259531,34103,0,2
259531,3460,15,1
259531,3484,25,7
259531,3484,71,1
259531,3484,0,5
259531,3484,14,2
259531,35480,27,1
259531,35480,70,9
259531,35480,28,8
259531,35480,0,9
259531,3623,15,2
259531,3623,322,1
259531,36840,84,3
259531,36840,0,14
259531,36841,70,6
259531,3700,70,4
259531,3700,84,5
259531,3700,0,7
259531,3710,272,8
259531,3710,191,7
259531,37352,15,2
259531,37352,70,1
259531,37762,10,10
259531,37762,70,2
259531,3795,4,2
259531,3885,0,1
259531,3941,70,2
259531,3941,0,2
259531,3958,4,1
259531,3961a,0,1
259531,4032a,27,1
259531,4032a,14,1
259531,4032a,19,1
259531,4032a,4,5
259531,4032a,0,1
259531,4032a,308,5
259531,4042,47,2
259531,4070,70,5
259531,4070,0,4
259531,4070,28,2
259531,41682,2,1
259531,41682,84,2
259531,41740,326,2
259531,41740,4,2
259531,41769,70,1
259531,41770,70,1
259531,4190,47,6
259531,42862,28,1
259531,4304,19,1
259531,43093,1,1
259531,43722,2,1
259531,43722,484,2
259531,43722,70,1
259531,43723,2,1
259531,43723,484,2
259531,43723,70,1
259531,44294,14,1
259531,44728,0,16
259531,44861,378,4
259531,4585,15,1
259531,4733,70,1
259531,4733,0,2
259531,4740,70,2
259531,47407,0,7
259531,47905,70,3
259531,47905,15,1
259531,48092,0,4
259531,48165,28,1
259531,48336,4,1
259531,49307,0,2
259531,49668,0,8
259531,49668,70,5
259531,5066,0,1
259531,5093,15,1
259531,5095,15,1
259531,53119,70,1
259531,53451,19,1
259531,5414,0,4
259531,5414,15,4
259531,5415,15,4
259531,5415,0,4
259531,54200,3,7
259531,54200,0,1
259531,54200,320,2
259531,5520,15,3
259531,5532,0,28
259531,59900,297,1
259531,59900,70,3
259531,6005,70,1
259531,60470b,0,2
259531,60474,308,2
259531,60474,4,3
259531,60476,0,2
259531,60477,15,1
259531,60897,320,10
259531,6091,84,2
259531,6091,15,2
259531,61252,308,4
259531,61252,19,4
259531,61252,0,2
259531,61332,0,12
259531,6141,322,3
259531,6141,191,4
259531,6141,10,4
259531,6141,28,4
259531,63864,70,2
259531,63868,28,1
259531,63965,10,2
259531,64225,19,2
259531,64647,41,4
259531,64847,19,7
259531,64847,25,1
259531,6541,70,4
259531,6541,19,4
259531,6541,0,4
259531,6541,1,2
259531,65426,4,7
259531,65429,4,7
259531,65509,0,7
259531,65578,0,2
259531,65578,320,1
259531,6636,4,2
259531,66792,71,1
259531,66964,179,1
259531,67095,15,1
259531,67810,15,2
259531,67811,288,1
259531,68013,14,2
259531,68211,70,4
259531,68211,10,5
259531,68325,71,1
259531,68547,15,2
259531,68568,2,4
259531,70681,25,1
259531,73230,0,2
259531,73562,0,7
259531,73825,15,5
259531,74611,0,8
259531,76959,0,3
259531,77808,297,7
259531,77844,15,2
259531,77844,4,12
259531,77845,0,1
259531,77845,70,2
259531,77850,0,2
259531,78256,0,14
259531,78257,70,8
259531,78329,0,1
259531,78666,84,2
259531,78666,70,4
259531,79180,0,1
259531,79389,84,2
259531,79389,15,1
259531,79389,0,2
259531,79389,70,2
259531,79491,15,2
259531,80015,71,32
259531,80177,15,1
259531,80178,15,1
259531,80497,84,2
259531,85861,0,4
259531,85861,19,6
259531,85861,320,9
259531,85861,41,10
259531,85861,70,5
259531,85984,484,2
259531,85984,70,2
259531,85984,0,1
259531,85984,308,2
259531,85984,71,2
259531,86876,191,2
259531,86996,84,1
259531,86996,70,2
259531,86996,71,5
259531,87079,0,21
259531,87079,2,2
259531,87087,84,4
259531,87087,70,2
259531,87087,71,3
259531,87580,2,3
259531,87580,71,2
259531,87580,41,6
259531,87994,10,1
259531,87994,4,1
259531,91988,0,7
259531,92947,84,1
259531,93273,0,4
259531,93604,0,1
259531,96874,3,1
259531,98100,15,1
259531,98138,0,1
259531,98138pr0082,15,8
259531,98138pr0107,0,6
259531,99207,0,3
259531,99207,70,4
259531,99207,15,2
259531,99563,0,14
259531,99780,70,2
259531,99780,0,1
259531,99780,19,1
259531,99781,0,14
259531,99781,28,1
259556,36452,0,1
259556,4065pr0001,0,1
259556,970c75pr0006,1103,1
259556,973c03h22pr0006,0,1
259641,30374,35,1
259641,64567,80,1
259688,10247,15,1
259688,11090,15,3
259688,11090,70,3
259688,11211,15,2
259688,11211,19,2
259688,11211,2,2
259688,11211,0,4
259688,11253,297,1
259688,1126,71,9
259688,11477,378,4
259688,11477,84,11
259688,11477,0,2
259688,14716,71,1
259688,14716,326,6
259688,14716,4,6
259688,14719,71,2
259688,14769,1,2
259688,15395,320,3
259688,15573,71,9
259688,15573,72,4
259688,15573,297,3
259688,15573,78,6
259688,15712,297,9
259688,15712,15,5
259688,15712,0,1
259688,1748,72,1
259688,1748,4,2
259688,1748,71,3
259688,18651,0,1
259688,18674,71,3
259688,18674,31,1
259688,18980,71,1
259688,1927,71,2
259688,1927,15,4
259688,1941,323,5
259688,20309,2,1
259688,20310,84,7
259688,20482,0,3
259688,20482,15,3
259688,22484,0,4
259688,22885,19,6
259688,23443,70,3
259688,2357,4,3
259688,2357,70,2
259688,24093,70,4
259688,24093pr0032,47,6
259688,2420,2,2
259688,2420,84,2
259688,2420,4,4
259688,2420,71,1
259688,2420,72,2
259688,24299,72,1
259688,24299,84,1
259688,24299,15,2
259688,24307,84,1
259688,24307,15,2
259688,24307,71,1
259688,2431,2,7
259688,2431,378,1
259688,2431,19,1
259688,2431,78,3
259688,2465,0,1
259688,24855,70,6
259688,24866,29,10
259688,25269,71,1
259688,25269,19,5
259688,25269,78,10
259688,25269,297,2
259688,25269,70,1
259688,26047,0,1
259688,2630,15,1
259688,2639,4,1
259688,26601,71,1
259688,26603,4,3
259688,26603,72,3
259688,26603,71,1
259688,26604,378,2
259688,27507,72,1
259688,27925,72,1
259688,27925,71,1
259688,28598,288,3
259688,2877,4,12
259688,28870,15,2
259688,3001,321,8
259688,3001,70,1
259688,3002,2,1
259688,3003,78,2
259688,3003,15,3
259688,3004,70,2
259688,3004,378,8
259688,3004,78,3
259688,3005,78,4
259688,3005,47,2
259688,3005,70,1
259688,3005,378,5
259688,3005,15,1
259688,3005,72,6
259688,3008,0,2
259688,3008,70,2
259688,3010,0,2
259688,3010,70,3
259688,30136,15,3
259688,30136,70,7
259688,3020,378,1
259688,3020,4,1
259688,3021,19,2
259688,3021,78,4
259688,3021,15,3
259688,3022,378,6
259688,3022,0,4
259688,3022,15,2
259688,3022,19,3
259688,3023,0,3
259688,3023,72,3
259688,3023,15,9
259688,3023,378,2
259688,3023,78,27
259688,3023,4,8
259688,3023,71,8
259688,3024,72,25
259688,3024,71,3
259688,3024,15,6
259688,3024,78,4
259688,3024,47,4
259688,3024,70,5
259688,3024,378,17
259688,3034,0,1
259688,3034,70,2
259688,3035,28,1
259688,3035,0,1
259688,30374,70,1
259688,30414,15,1
259688,30565,15,4
259688,30565,70,2
259688,3062b,1055,4
259688,3065,47,3
259688,3068b,78,4
259688,3068bpr9428,15,1
259688,3069b,4,2
259688,3069b,72,3
259688,3069b,378,2
259688,3069b,71,7
259688,3069b,28,1
259688,3069bpr0300,0,1
259688,3070b,78,13
259688,3070b,0,10
259688,3070b,2,2
259688,3070b,4,4
259688,3070b,72,4
259688,3070b,15,9
259688,3070bpr0234,71,1
259688,3176,15,3
259688,32028,15,4
259688,32072,0,1
259688,3245c,71,1
259688,3245c,15,1
259688,32607,78,2
259688,32828,15,5
259688,32828,72,2
259688,32952,378,3
259688,3386,71,2
259688,3386,2,2
259688,33909,15,2
259688,33909,71,3
259688,3460,0,1
259688,3460,15,3
259688,3460,378,3
259688,3484,70,1
259688,35480,0,3
259688,35480,378,20
259688,35480,15,7
259688,35480,70,15
259688,3563,15,2
259688,3567,323,5
259688,35787,71,3
259688,3622,378,1
259688,3622,4,1
259688,3622,0,2
259688,3622,70,9
259688,3623,78,3
259688,3623,0,6
259688,3623,15,3
259688,3623,70,1
259688,3623,72,5
259688,3659,78,3
259688,3661,15,5
259688,3666,70,2
259688,3666,15,2
259688,3666,71,1
259688,3666,84,2
259688,3666,2,3
259688,3666,378,4
259688,36840,78,6
259688,3710,0,7
259688,3710,15,3
259688,3710,70,3
259688,3710,78,10
259688,3710,4,1
259688,37762,0,12
259688,3795,10,1
259688,3795,14,4
259688,3795,70,1
259688,3795,84,1
259688,3795,71,2
259688,3832,2,1
259688,38583,71,19
259688,38585,71,5
259688,38799,47,4
259688,3937,70,5
259688,3938,71,4
259688,3958,71,2
259688,4032a,15,4
259688,4032a,1,2
259688,4032a,4,1
259688,4070,71,4
259688,4070,0,7
259688,4070,78,14
259688,41740,71,1
259688,41740,28,1
259688,41740,72,2
259688,41769,72,1
259688,41770,72,1
259688,4216,84,2
259688,42205,2,1
259688,4304,378,2
259688,43722,15,1
259688,44728,15,1
259688,44728,378,2
259688,4477,0,3
259688,4477,4,1
259688,4477,72,1
259688,53119,15,1
259688,53119,70,1
259688,5404,78,10
259688,54200,78,12
259688,5518,78,4
259688,59900,288,6
259688,6003,71,1
259688,60475b,70,3
259688,60475b,4,3
259688,60478,28,1
259688,60479,0,2
259688,60479,70,2
259688,60592,2,3
259688,60592,70,6
259688,60601,308,6
259688,60601pr0013,47,3
259688,60897,15,1
259688,60897,72,6
259688,6111,0,1
259688,6112,0,2
259688,61252,15,1
259688,6134,70,1
259688,62462,0,1
259688,63864,78,1
259688,63864,72,3
259688,63864,71,2
259688,64644,15,1
259688,65426,28,2
259688,65429,28,1
259688,6636,0,8
259688,6636,84,2
259688,66857pr0049,297,1
259688,67338,484,1
259688,6798,2,3
259688,68013,4,5
259688,68211,10,1
259688,68495pat0003,47,2
259688,69729,2,1
259688,73825,15,2
259688,73825,2,2
259688,7757pr0001,47,3
259688,77813,0,2
259688,77844,15,3
259688,77844,0,5
259688,77845,70,1
259688,77850,0,1
259688,77850,15,1
259688,78258,70,3
259688,78258,15,20
259688,79194,0,8
259688,79389,2,2
259688,79389,378,2
259688,79393,72,1
259688,79393,71,1
259688,79743,4,1
259688,79743,25,1
259688,79756,378,4
259688,80326pr0022,0,1
259688,80543,78,2
259688,80683pr0003,47,2
259688,85861,0,1
259688,85861,72,3
259688,85861,47,2
259688,85861,78,10
259688,85975,320,3
259688,85975,15,4
259688,85984,15,3
259688,85984,378,8
259688,86996,15,1
259688,87079,28,1
259688,87087,15,1
259688,87087,71,1
259688,87544,70,2
259688,87544,4,1
259688,87580,70,1
259688,87994,15,3
259688,89678,72,2
259688,91884,179,3
259688,92338,0,1
259688,92438,0,2
259688,95344,297,3
259688,96874,25,1
259688,98138,70,1
259688,98313,15,5
259688,99207,27,1
259688,99780,15,1
259688,99781,27,1
259699,28621pr4332,78,1
259699,30410,70,1
259699,970c07pr0001,19,1
259699,973c26h02pr0001,19,1
259819,18920,179,1
259819,2496,0,2
259819,2655,71,2
259819,2877,71,2
259819,3020,322,1
259819,3062b,41,1
259819,3070bpr0234,71,1
259819,35480,226,2
259819,35480,5,2
259819,3795,27,1
259819,3852b,191,1
259819,48336,322,1
259819,60897,322,2
259819,6254,15,1
259819,65578,71,1
259819,85861,14,1
259819,87580,14,1
259819,98138,3,1
259819,98138pr0185,179,1
