inventoryId,partNumber,color,quantity
310003,15068,212,5
310003,15573,15,5
310003,15712,15,5
310003,26604,15,10
310003,3004,323,5
310003,3022,212,10
310003,3023,212,15
310003,3024,41,10
310003,3386,71,10
310003,36841,212,10
310003,4190,41,10
310003,4304,323,5
310003,54200,212,5
310003,54200,41,15
310003,5841,15,10
310003,60478,15,5
310003,65509,15,5
310003,78666,212,10
310003,85984,212,5
310003,98138pr0107,0,10
310003,99207,15,5
310004,11477,31,5
310004,26047,15,10
310004,26604,15,20
310004,3004,10,5
310004,30136,15,5
310004,30165,15,5
310004,3022,212,5
310004,3023,323,10
310004,3023,29,10
310004,36841,15,10
310004,4304,15,5
310004,49668,15,10
310004,5264,297,5
310004,54200,85,5
310004,54200,322,5
310004,5841,15,10
310004,60478,191,5
310004,61252,30,10
310004,87580,5,5
310004,87580,15,5
310004,89522,297,5
310004,98138,71,20
310004,98138pr0384,15,10
310004,99207,15,5
310005,11476,1,5
310005,11477,4,5
310005,11477,3,5
310005,15571,14,5
310005,1750,3,5
310005,26047,321,10
310005,26047,14,10
310005,29119,321,5
310005,29120,321,5
310005,3022,14,10
310005,3023,322,5
310005,3062b,25,10
310005,33909,19,5
310005,35480,4,5
310005,4304,4,5
310005,4740,15,10
310005,60474,19,5
310005,60478,1,5
310005,61252,1,10
310005,86876,191,10
310005,87580,4,10
310005,98138pr0107,0,10
310005,99780,4,5
310006,18990,47,1
310006,24201,71,2
310006,2431,378,4
310006,24866,15,2
310006,298c02,71,2
310006,3004,15,8
310006,3005,19,12
310006,3010,72,6
310006,3020,272,8
310006,3021,72,1
310006,3022,378,2
310006,3024,70,4
310006,30395,72,1
310006,3040b,0,6
310006,3068b,484,4
310006,3069b,378,4
310006,3069b,484,4
310006,3666,272,6
310006,3666,71,2
310006,3710,71,1
310006,4070,71,4
310006,4079b,14,1
310006,4733,70,2
310006,49153,72,1
310006,49656pat0001,28,1
310006,54200,0,8
310006,54200,71,2
310006,60470b,0,1
310006,6141,14,2
310006,6141,4,2
310006,6255,10,2
310006,63864,71,4
310006,92842,0,1
310031,2570,1103,1
310031,58247,0,1
310031,upn0068,0,1
310031,upn0182,0,1
310031,upn0323,179,2
310031,upn0379,272,4
310031,upn0379,0,4
310031,upn0379,179,4
310031,upn0379,70,4
310031,upn0379,2,4
310031,upn0465pr0043,0,1
310248,31c,4,1
310248,33c,4,1
310248,453c,4,1
310248,604c,4,1
310248,645c,4,1
310248,646c,4,1
310248,7026c,4,1
310249,3081a,4,1
310249,31a,4,1
310249,32a,4,1
310249,453a,4,1
310249,604a,4,1
310249,645a,4,1
310249,646a,4,1
310504,11211,2,4
310504,24866,4,4
310504,3023,4,5
310504,3040b,2,2
310504,32607,10,6
310504,3665,2,2
310504,3666,2,2
310504,3710,2,2
310504,49307,4,2
310506,10115860,9999,1
310506,10118988,9999,1
310506,15573,322,3
310506,15573,0,4
310506,15712,322,1
310506,1745,1147,1
310506,1745,0,1
310506,24299,0,1
310506,24307,0,1
310506,25269,26,2
310506,29119,26,1
310506,29120,26,1
310506,3022,322,1
310506,3023,322,3
310506,3023,0,1
310506,3024,0,1
310506,3024,36,1
310506,3034,0,1
310506,3069b,322,1
310506,3069b,1147,1
310506,3070bpr9897,0,1
310506,36840,322,2
310506,3757,15,1
310506,47720,0,2
310506,50950,322,1
310506,50951,0,4
310506,51739,0,1
310506,60477,322,1
310506,63864,26,1
310506,6683,71,4
310506,6908,5,1
310506,73109,0,1
310506,78329,0,1
310506,88646,0,1
310506,89678,4,1
310506,93273,322,2
310506,99563,0,1
310506,99780,322,4
310544,2340,4,2
310544,298c02,14,2
310544,30086c01,14,1
310544,3010,4,2
310544,30237a,7,1
310544,30255,15,1
310544,30263,7,1
310544,30340,25,1
310544,3040b,36,1
310544,3040b,33,2
310544,3040b,34,1
310544,3068bpr0076,15,1
310544,3679,7,1
310544,3680,4,1
310544,3794a,0,2
310544,3829c01,1,1
310544,3835,7,1
310544,3939,4,1
310544,3939,41,1
310544,3957a,15,1
310544,3962b,0,1
310544,4085c,7,1
310544,4349,14,2
310544,4589,14,2
310544,4589,33,1
310544,4623,4,1
310544,4865a,4,1
310544,6141,57,1
310544,71958pr0001,4,1
310673,11476,322,1
310673,15068,25,1
310673,15573,25,2
310673,2654,71,1
310673,2817,71,1
310673,30031,72,1
310673,3673,71,2
310673,3795,272,1
310673,44861,0,1
310673,50949,0,2
310673,54200,47,1
310673,64567,0,1
310673,71708,0,2
310673,98138,46,1
310839,10314,15,2
310839,14769pr1116,15,2
310839,15068,70,1
310839,15068,15,1
310839,15672,72,3
310839,1745,297,4
310839,1750,15,1
310839,1750,70,1
310839,1871,15,2
310839,18759,15,2
310839,22888,4,2
310839,2420,15,3
310839,24201,15,1
310839,24866,4,2
310839,25269,82,4
310839,27925,15,2
310839,3004,15,1
310839,3004,70,1
310839,3005,15,5
310839,3020,15,1
310839,3020,10,1
310839,3021,71,1
310839,3021,15,3
310839,3022,70,3
310839,3022,15,2
310839,3023,70,2
310839,3023,15,6
310839,3023,3,1
310839,3023,10,4
310839,3024,71,4
310839,3024,15,1
310839,3069b,15,5
310839,3069b,288,3
310839,32607,297,2
310839,32803,15,2
310839,32952,15,2
310839,33909,15,2
310839,3623,15,1
310839,3665,15,1
310839,3666,15,1
310839,3666,2,1
310839,3678b,15,1
310839,36840,15,1
310839,3710,191,2
310839,3710,10,1
310839,37352,15,1
310839,3795,72,1
310839,3795,2,1
310839,3795,15,1
310839,4032a,15,2
310839,49668,15,2
310839,54200,72,1
310839,54200,70,10
310839,5841,15,3
310839,6091,70,2
310839,64799,15,1
310839,67329,15,4
310839,6901,14,2
310839,7126,15,4
310839,79491,15,2
310839,85984,70,1
310952,35458,272,1
310952,3626cpr3920,14,1
310952,46304,15,1
310952,970c34,25,1
310952,973c42h05pr6587,25,1
310969,15397,30,1
310969,15573,297,1
310969,26047,0,1
310969,3024,4,1
310969,3024,3,4
310969,3070b,73,1
310969,36840,1,2
310969,36841,191,2
310969,3839b,71,2
310969,4081b,4,1
310969,4733,27,2
310969,4865b,47,1
310969,54200,4,1
310969,54200,2,5
310969,54200,1,1
310969,54200,5,1
310969,59900,2,1
310969,6141,15,2
310969,6141,14,1
310969,65826,10,1
310969,73109,4,2
310969,85984,2,3
310969,89678,4,1
311174,3626cpr0893,14,1
311174,52686pat0004,0,1
311174,970c10,320,1
311174,973c03h01pr4813,0,1
311366,114600pr0001,484,1
311366,3626cpr2836,14,1
311366,970c22pat03,4,1
311366,973c22h01pr0058,4,1
311367,28621pr0021,14,1
311367,41879a,288,1
311367,66915,0,1
311367,973c40h01pr0003,158,1
311368,3386,4,1
311368,36036pr0099,4,1
311368,3626cpr2463,14,1
311368,78257,19,1
311368,93069,0,1
311368,973c22h01pr0060,4,1
311368,98138pr0454,297,1
311369,3626cpr9729,14,1
311369,41879a,322,1
311369,973c25h01pr0006,378,1
311369,98385,0,1
311370,28621pr4230,14,1
311370,970c28,1,1
311370,973c25h01pr0006,378,1
311370,99930,0,1
311371,11256,71,1
311371,3626cpr3680,14,1
311371,970c19,70,1
311371,973c26h01pr4023,19,1
311372,23186,15,1
311372,3626cpr1964,14,1
311372,970c14,71,1
311372,973c14h01pr6850,71,1
311373,2633,0,1
311373,3626cpr2951,14,1
311373,970c05,272,1
311373,973c10h01pr6486,4,1
311386,11477,272,2
311386,15573,272,1
311386,18649,4,2
311386,27263,71,2
311386,35787,71,1
311386,61252,72,2
311386,65676,71,2
311386,75902pr0019,72,1
311389,19729pr2183,35,1
311389,2357,308,1
311389,3024,2,1
311389,3024,308,1
311389,3024,1,1
311389,3068bpr0590,19,1
311389,3128pr0003,10,1
311389,4032a,0,1
311389,65510,70,1
311405,18986,47,1
311405,28621pr9783,272,1
311405,49556pr0003,272,1
311405,970c05,272,1
311405,973c05h22pr0002,272,1
311470,92738,0,1
311543,11938c01pr0001,3,1
311543,1612pr0001,3,1
311543,3626cpr2836,14,1
311543,7773pr0001,1,1
311543,970c46pat01,3,1
311544,18277,15,1
311544,28621pr9491,14,1
311544,7758pr0001,15,1
311544,970c27,15,1
311544,973c27h27pr0020,15,1
311545,114574pr0001,191,1
311545,24319pr0002,191,1
311545,28621pr0021,14,1
311545,37364c38pr0001,191,1
311546,114642pr0001,70,1
311546,28621pr9493,14,1
311546,75513,70,1
311546,970c19pr0010,70,1
311546,973c19h23pr0001,70,1
311547,28621pr9498,14,1
311547,7838pr0001,27,1
311547,970c18pat31pr0001,27,1
311547,973c18h31pr0002,27,1
311549,28621pr4137,14,1
311549,37364c14,71,1
311549,7720pr0001,71,1
311549,973c14h12pr0004,71,1
311550,115084pr0001,15,1
311550,28621pr9499,14,1
311550,79973,15,1
311550,970c27pr0054,15,1
311550,973c27h03pr0026,15,1
311551,115083pr0001,10,1
311551,28621pr9500,14,1
311551,970c06pr0008,10,1
311551,973c06h35pr0002,10,1
311552,24319pr0001,212,1
311552,3626cpr1614,14,1
311552,7762pr0001,212,1
311552,970c29,212,1
311553,28621pr4473,14,1
311553,37364c26,19,1
311553,7715pr0001,19,1
311553,973c26h27pr0001,19,1
311554,114471pr0001,191,1
311554,28621pr9494,14,1
311554,7721pr0001,191,1
311554,970c38pr0004,191,1
311554,973c38h10pr0002,191,1
311555,114608pr0001,4,1
311555,115061,1,1
311555,115062,4,1
311555,11938pr0003,4,1
311555,28621pr9489,14,1
311555,970c22pat24,4,1
311797,10197,0,4
311797,11214,72,4
311797,18990,41,1
311797,2391,0,3
311797,2395,191,1
311797,2403,191,1
311797,30361c,15,2
311797,32016,0,2
311797,32034,191,2
311797,32270,0,2
311797,32316,191,3
311797,3484,72,4
311797,35480,71,1
311797,3713,71,1
311797,42135,0,3
311797,42924,1,3
311797,44874,71,4
311797,4519,14,2
311797,59443,71,1
311797,6041,0,2
311797,60483,71,4
311797,61332,0,4
311797,64648,25,1
311797,65304,71,4
311797,7244,0,3
311797,87083,72,3
311797,89678,4,2
311797,94925,71,3
311969,11609,297,4
311969,15573,29,4
311969,18674,322,1
311969,22885,15,2
311969,24866,2,1
311969,25269,322,4
311969,25269,25,4
311969,25269,30,4
311969,25269,14,4
311969,25269,84,4
311969,25269,27,4
311969,2540,15,1
311969,3001,29,2
311969,3004,70,4
311969,3020,70,4
311969,3020,15,2
311969,3022,29,2
311969,3032,70,3
311969,30363,70,4
311969,3040b,70,8
311969,30414,27,4
311969,30565,29,4
311969,3062b,322,8
311969,3262,4,1
311969,33078,10,1
311969,35480,71,2
311969,35480,15,2
311969,3563,70,4
311969,35692,33,1
311969,3626cpr1635,14,1
311969,3666,322,2
311969,3666,70,2
311969,3710,84,6
311969,3710,4,6
311969,37775,182,8
311969,3898,15,1
311969,39739,4,4
311969,41879a,15,1
311969,4304,14,4
311969,43710,70,4
311969,43711,70,4
311969,43898,15,1
311969,5630,14,1
311969,5846,29,12
311969,6141,14,4
311969,6141,5,4
311969,64799,71,2
311969,67329,71,4
311969,79491,15,6
311969,87580,15,2
311969,96874,25,1
311969,973c27h01pr9999,15,1
311971,165345,9999,1
311971,2412b,15,3
311971,2440pr0004,15,1
311971,2484c01,4,2
311971,2540,0,2
311971,2569,4,1
311971,3004,4,2
311971,3020,4,1
311971,3021,2,2
311971,3022,0,1
311971,3023,7,1
311971,3040b,15,2
311971,3665,4,2
311971,3710,15,1
311971,3710,4,1
311971,3794a,4,2
311971,3829c01,4,1
311971,3937,15,1
311971,3938,15,2
311971,4081b,15,2
311971,4275b,7,1
311971,4276b,15,1
311971,4589,0,2
311971,4732,0,1
311971,4871,7,1
311971,6014a,15,4
311971,6015,0,4
311971,6019,15,2
311971,6069,15,1
311971,6070,41,1
311971,6141,0,4
311971,6141,46,4
311971,821432,9999,1
311989,20482,72,1
311989,2630,0,1
311989,4349,72,1
311989,60849,0,1
311989,85861,14,1
311989,98721,0,1
312297,10288,308,2
312297,11153,0,6
312297,11153,71,19
312297,11153,15,43
312297,11153,28,16
312297,11212,71,6
312297,11477,15,15
312297,2357,0,2
312297,2420,15,2
312297,2420,28,18
312297,2431,0,10
312297,2445,71,8
312297,2450,0,8
312297,2450,15,7
312297,2450,28,2
312297,2456,70,11
312297,2465,71,23
312297,2476a,28,32
312297,2639,15,12
312297,2654,71,4
312297,2780,0,20
312297,2877,72,4
312297,3001,14,18
312297,3001,0,5
312297,3001,28,20
312297,3002,15,11
312297,3003,28,21
312297,3004,14,16
312297,3004,28,48
312297,3005,28,25
312297,3005,71,18
312297,3005,0,2
312297,3008,0,6
312297,3008,71,10
312297,3009,28,55
312297,3009,15,8
312297,3010,28,58
312297,30145,0,2
312297,3020,71,23
312297,3020,28,29
312297,3021,28,33
312297,3021,71,46
312297,3021,15,7
312297,3022,72,13
312297,3023,71,26
312297,3023,1,7
312297,3023,2,1
312297,3023,25,1
312297,3023,40,40
312297,3023,14,49
312297,3023,28,57
312297,3024,15,9
312297,3024,14,9
312297,3024,28,32
312297,3024,0,3
312297,3028,28,10
312297,3029,72,1
312297,3030,71,4
312297,3031,71,2
312297,3031,15,4
312297,3032,71,18
312297,3034,71,3
312297,3034,28,15
312297,3035,28,5
312297,3036,72,2
312297,3036,28,18
312297,30367c,0,2
312297,3037,0,13
312297,3039,70,4
312297,3039,0,2
312297,3039,15,9
312297,3040b,28,2
312297,3040b,0,33
312297,30414,1,4
312297,3048c,0,2
312297,30503,15,10
312297,30503,0,2
312297,30505,0,8
312297,3065,40,58
312297,3066,40,4
312297,3068b,28,31
312297,3069b,33,31
312297,3069b,0,5
312297,3069b,28,44
312297,3069b,15,65
312297,3176,72,4
312297,3176,14,4
312297,32001,0,8
312297,32015,4,2
312297,32018,72,6
312297,32018,71,8
312297,32062,4,6
312297,32064b,4,10
312297,32073,71,1
312297,32124,1,1
312297,32192,72,9
312297,32524,15,4
312297,32525,15,4
312297,3298,15,116
312297,3298,0,5
312297,3456,28,3
312297,3460,0,2
312297,3460,71,25
312297,3623,15,2
312297,3623,70,7
312297,3623,0,6
312297,3660,0,42
312297,3665,0,12
312297,3666,70,11
312297,3666,1,1
312297,3666,28,60
312297,3678b,0,17
312297,3679,71,2
312297,3680,0,2
312297,3700,70,14
312297,3701,70,12
312297,3706,0,3
312297,3709,15,5
312297,3710,28,37
312297,3710,71,13
312297,3710,1,44
312297,3737,0,2
312297,3747b,72,4
312297,3794b,4,7
312297,3794b,1,2
312297,3795,28,37
312297,3795,71,11
312297,3811,1,1
312297,3832,71,4
312297,3857,1,1
312297,3937,72,2
312297,3941,72,25
312297,4032a,19,21
312297,40490,14,4
312297,4070,0,21
312297,41747,0,2
312297,41747,15,3
312297,41748,0,2
312297,41748,15,3
312297,41749,40,4
312297,41749,15,34
312297,41750,40,4
312297,41750,15,35
312297,41769,15,9
312297,41770,15,9
312297,4186,1,1
312297,42022,0,4
312297,4216,15,5
312297,4274,1,16
312297,4282,71,2
312297,4286,71,8
312297,4286,0,6
312297,4286,15,14
312297,4286,28,50
312297,43093,1,38
312297,43722,28,5
312297,43722,15,1
312297,43723,15,1
312297,43723,28,6
312297,44294,71,1
312297,4477,70,13
312297,4519,71,1
312297,46212,40,25
312297,47398,72,1
312297,47457,1,2
312297,47753,15,5
312297,50923,72,4
312297,51739,28,8
312297,54200,40,82
312297,54200,28,28
312297,54383,71,5
312297,54383,28,4
312297,54384,28,5
312297,54384,71,5
312297,57909b,72,2
312297,58846,0,2
312297,60470b,0,1
312297,60478,15,2
312297,60479,0,8
312297,60481,0,11
312297,6112,15,3
312297,6112,71,6
312297,6134,1,2
312297,6141,1,6
312297,6141,47,28
312297,6179,28,6
312297,62462,14,4
312297,63864,15,14
312297,63864,28,37
312297,64276,0,12
312297,64644,0,28
312297,6558,1,12
312297,6587,28,4
312297,6636,28,77
312297,6636,15,26
312297,73983,0,14
312297,73983,1,12
312297,73983,15,2
312297,76768,28,2
312297,85080,28,2
312297,85943,72,1
312297,85984,28,101
312297,87079,15,12
312297,87609,0,2
312297,88072,19,2
312297,91405,28,1
312297,91988,71,7
312297,92013,0,10
312297,92013,15,6
312297,92438,28,7
312297,92947,70,2
312297,93571,0,2
312297,93606,0,4
312297,95188,0,2
312297,96874,25,1
312297,98138,71,5
312297,99301,15,4
312297,99780,72,4
312297,99781,15,3
312298,11090,15,1
312298,11214,72,2
312298,11458,0,8
312298,11476,15,5
312298,11477,272,4
312298,14417,72,1
312298,14418,71,2
312298,14719,71,4
312298,14769,72,4
312298,15068,14,2
312298,15462,70,1
312298,15535,71,3
312298,18646,71,2
312298,18649,15,1
312298,18677,71,2
312298,2412b,71,2
312298,24201,14,2
312298,2432,4,1
312298,26047,0,2
312298,2736,71,1
312298,2780,0,2
312298,3004,14,3
312298,30093,288,1
312298,3010,15,1
312298,3020,14,2
312298,3021,14,6
312298,3022,14,4
312298,3022,272,1
312298,3022,15,1
312298,3023,71,5
312298,30361c,4,2
312298,30367c,4,2
312298,3037,14,2
312298,30374,15,2
312298,30552,72,2
312298,3068b,71,1
312298,3069b,272,1
312298,3069bpr0301,71,1
312298,3176,14,4
312298,32013,4,2
312298,32523,4,2
312298,35646,297,2
312298,3660,14,4
312298,36840,72,2
312298,36841,73,4
312298,3709,15,4
312298,3710,14,4
312298,3710,72,4
312298,3941,72,3
312298,4032a,19,3
312298,4274,1,4
312298,43093,1,2
312298,44676,272,4
312298,4740,57,2
312298,47455,0,6
312298,48169,72,4
312298,48171,72,6
312298,48172,0,1
312298,48729b,72,1
312298,50747,47,1
312298,50949,15,1
312298,53451,0,1
312298,55981,14,1
312298,57539,179,2
312298,60032,14,4
312298,6005,14,4
312298,60476,0,4
312298,60478,0,1
312298,61409,0,4
312298,61485,71,1
312298,75937,0,1
312298,85861,297,1
312298,85984,71,2
312298,87081,0,1
312298,89522,179,1
312298,92220,179,4
312298,93606,14,2
312298,98138,41,2
312298,98313,0,3
312298,98834,14,2
312298,99207,71,7
312368,2003pr0005,70,1
312368,28621pr9906,14,1
312368,7902,35,1
312368,970c12pat03pr0003,72,1
312368,973c04h01pr0005,321,1
312369,1987pat0001,1053,1
312369,28621pr4030,14,1
312369,7902,1055,1
312369,970c21pr0004,297,1
312369,973c36h01pr0004,322,1
312370,10052,15,1
312370,114433pr0001,0,1
312370,28621pr9485,15,1
312370,4057,0,1
312370,970c27pr0055,0,1
312370,973c27h03pr0027,0,1
312371,1993,0,1
312371,28621pr9486,0,1
312371,64647,45,1
312371,89520,0,1
312372,1993,0,1
312372,28621pr9486,0,1
312372,59276,0,1
312374,28551,272,1
312374,28621pr4359,321,1
312374,7902,41,1
312374,970c38pr0005,191,1
312374,973c05h04pr0001,1,1
312375,1988,85,1
312375,28621pr9666,14,1
312375,4498,85,1
312375,970c12pr0014,72,1
312375,973c39h12pr0001,85,1
312376,23861,45,4
312376,26047,0,4
312376,2654,72,1
312376,28621pr9487,0,1
312376,35480,0,1
312376,4032a,0,1
312376,47458,0,1
312376,59276,0,1
312376,72869,0,4
312376,973c03h37pr0001,0,1
312377,1993,0,1
312377,28621pr9486,0,1
312377,64647,0,1
312377,89520,0,1
312378,28621pr9487,0,1
312378,59276,0,1
312378,970c37pr0002,0,1
312378,973c03h37pr0001,0,1
312379,41811,4,1
312379,5492pat0002,226,1
312379,6947pr0003,179,1
312379,970c75pr0024,1103,1
312379,973c22h30pr0001,4,1
312382,1993,0,1
312382,25264,0,1
312382,28621pr9486,0,1
312383,28551,272,1
312383,28621pr4359,321,1
312383,7902,41,1
312383,970c38pr0005,191,1
312383,973c05h04pr0001,1,1
312383,98138,33,1
312385,6947pr0003,179,1
312385,74528,4,1
312385,7902,182,1
312385,970c75pr0024,1103,1
312385,973c22h30pr0001,4,1
312386,1993,323,1
312386,2526,297,1
312386,2544,0,1
312386,28621pr4028,323,1
312387,1993,323,1
312387,28621pr4028,323,1
312387,30170,72,1
312387,30171,70,1
312388,1993,0,1
312388,28621pr9486,0,1
312388,3878,0,1
312390,1987pat0001,1053,1
312390,28621pr4030,14,1
312390,65092,1053,1
312390,7902,1055,1
312390,970c21pr0004,297,1
312390,973c36h01pr0004,322,1
312391,1989,71,1
312391,28621pr4215,14,1
312391,65435,297,1
312391,970c21pr0006,272,1
312391,973c05h12pr0001,297,1
312393,11477,0,2
312393,14417,72,1
312393,14418,71,1
312393,14419,72,1
312393,2654,0,1
312393,28621pr9487,0,1
312393,35480,72,4
312393,3937,0,1
312393,3938,0,1
312393,49668,0,2
312393,5264,0,8
312393,53451,158,12
312393,59276,0,1
312393,66956,0,2
312393,78257,0,4
312393,85861,72,8
312393,973c03h37pr0001,0,1
312393,99781,0,3
312595,21459,297,1
312595,21459,179,1
312597,15619,272,1
312597,26007,0,1
312597,28621pr9756,14,1
312597,970c05pr0013,272,1
312597,973e140pr0001,272,1
312653,28621pr0001,15,1
312653,36036pr0100,0,1
312653,59276,0,1
312653,973c03h27pr0011,0,1
312806,115329pat0004,14,1
312806,25128c01,272,1
312807,115329pat0002,14,1
312807,25128c01,0,1
312808,115329pat0001,14,1
312808,25128c01,1136,1
312809,115329pat0003,14,1
312809,25128c01,0,1
312860,3013,4,1
312860,65213pr0001,1089,1
312860,92198pr0066,1089,1
312882,2446,15,1
312882,2447,47,1
312882,28621pr0010,14,1
312882,970c14,71,1
312882,973c18h03pr0001,15,1
312886,16178pat0001,4,1
312886,3626cpr2948,14,1
312886,970c12pr0004,72,1
312886,973c76h14pr0001,1136,1
312887,114290pat0001,15,1
312887,3626cpr2224,14,1
312887,970c03,0,1
312887,973c27h01pr4203,0,1
312888,2631,308,1
312888,3626cpr3909,14,1
312888,970c05,272,1
312888,973c05h01pr0006,0,1
312889,2446,0,1
312889,2447,47,1
312889,28621pr9482,14,1
312889,970c03,0,1
312889,973c03h03pr0111,0,1
312890,26139,84,1
312890,28621pr9481,14,1
312890,970c34,25,1
312890,973c34h03pr6888,25,1
312891,23186,70,1
312891,3626cpr3025,14,1
312891,970c24,379,1
312891,973c03h01pr0012,0,1
312892,28621pr4230,14,1
312892,79688,0,1
312892,970c12,72,1
312892,973c41h01pr0004,484,1
312893,2514,70,1
312893,3626cpr3926,14,1
312893,970c26,19,1
312893,973c07h01pr0001,308,1
312894,36060,0,1
312894,3626cpr1614,14,1
312894,970c29,212,1
312894,973c01h01pr0044,15,1
312897,2447,47,1
312897,3626cpr2113,14,1
312897,69971pr0001,1062,1
312897,970c11pr0008,28,1
312897,973c11h12pr0002,28,1
312898,2447,47,1
312898,3626cpr2951,14,1
312898,69971pr0001,1062,1
312898,970c11pr0008,28,1
312898,973c11h12pr0002,28,1
312899,2447,47,1
312899,3626cpr3026,14,1
312899,69971pr0001,1062,1
312899,970c11pr0008,28,1
312899,973c11h12pr0002,28,1
312900,2447,47,1
312900,3626cpr2614,14,1
312900,69971pr0001,15,1
312900,970c03pr0408,0,1
312900,973c03h12pr6931,0,1
312947,19723,1103,1
312947,19729pr0080,4,1
312947,78331,1103,1
312947,970c75,1103,1
312947,973c75h03pr0009,320,1
312948,11203pr0014,0,1
312948,15573,0,4
312948,19727pr0015,0,2
312948,24122,0,3
312948,3004,0,1
312948,32073,71,1
312948,57360,0,1
312948,73230,0,1
312948,78256,0,2
312948,78257,0,1
312948,92582,0,1
312949,11212,4,1
312949,15573,25,2
312949,15712,4,2
312949,2412b,19,4
312949,26603pr0087,4,1
312949,3005,0,2
312949,3024,320,6
312949,33909,484,1
312949,3623,4,1
312949,48336,72,1
312949,63864,4,1
312949,85861,71,2
312949,87087,72,2
312949,87087,4,3
312949,87552,4,2
312950,19729pr0075,4,1
312950,3024,320,1
312950,86996,0,1
312952,2357,320,2
312952,2431pr0083,320,1
312952,3004,0,2
312952,3005,320,2
312952,3005,0,4
312952,3020,320,2
312952,3022,320,1
312952,3022,0,1
312952,3069b,0,3
312952,3069b,320,1
312952,3070b,0,1
312952,3070b,320,3
312952,32000,14,2
312952,32000,70,4
312952,3710,0,6
312952,77765,71,4
312953,3024,321,1
312953,3024pr0036,92,1
312953,3070b,308,1
312954,3024,19,1
312954,3024pr0002,72,1
312954,3070b,19,1
312955,3024,320,1
312955,3024pr0010,71,1
312955,3070b,71,1
312957,19729pr0003,2,1
312957,970c33,30,1
312957,973c04h31pr2820,321,1
312958,19723,1103,1
312958,19729pr0074,25,1
312958,970c34,25,1
312958,973c34h03pr0006,25,1
312960,19723,30,1
312960,19729pr0002,15,1
312960,19730,30,1
312960,6266,15,2
312960,78132,15,1
312960,93061,15,2
312961,18986,47,1
312961,19729pr0071,0,1
312961,73231,379,2
312961,970c03,0,1
312961,973c03h14pr0001,0,1
312962,11203,72,1
312962,14719,72,1
312962,15573,72,2
312962,2412b,72,2
312962,2431,72,2
312962,3023,378,1
312962,3024,0,1
312962,3069bpr0216,72,1
312962,3070b,378,2
312962,32828,15,2
312962,35459,71,2
312962,36840,0,1
312962,36841,71,2
312962,4585,71,2
312962,48336,71,1
312962,61252,72,4
312962,77850,72,2
312962,85861,71,2
312963,19729pr0069,15,1
312963,970c38,191,1
312963,973c27h27pr0022,15,1
312964,19729pr0060,0,1
312964,970c09,85,1
312964,973c80h09pr0001,3,1
312967,3626cpr2258,14,1
312967,7554pat0001,0,1
312967,970c03pr0078,0,1
312967,973c03h03pr0109,0,1
312967,98132,297,1
312972,2188,272,1
312972,28621pr3991,14,1
312972,3448pat0001,191,1
312972,970c38pr0006,191,1
312972,973e146pr0001,191,1
312973,114445pat0001,85,1
312973,973c09h18pr0002,85,1
312973,98140pr0014,85,1
312974,15619,272,1
312974,28621pr3985,14,1
312974,5326pat0001,1050,1
312974,5501,297,1
312974,970c27pr0032,15,1
312974,973c27h05pr0003,15,1
312976,15619,15,1
312976,25379,179,1
312976,3626cpr0412,179,1
312976,7549,297,1
312976,970c27pr0018,15,1
312976,973c04h03pr0002,15,1
312978,115499pat0004,0,1
312978,15712,297,2
312978,28621pr3993,14,1
312978,5984,0,2
312978,7549,297,1
312978,7759,0,1
312978,970c03pr0034,0,1
312978,973c34h03pr0005,0,1
312980,115499pat0005,10,1
312980,15712,297,2
312980,28621pr3980,14,1
312980,5984,27,2
312980,7549,297,1
312980,7759,10,1
312980,970c06pr0010,10,1
312980,973c18h03pr0002,10,1
312981,28621pr0009,28,1
312981,7551pat0001,28,1
312981,86124,182,1
312981,970c11pr0009,28,1
312981,973c11h12pr0003,28,1
312982,28621pr9501,14,1
312982,59276,0,1
312982,970c03pr0079,0,1
312982,973c03h10pr0002,0,1
312985,15619,321,1
312985,3626cpr9888,14,1
312985,7549,297,1
312985,76917pat0001,0,1
312985,970c04pr0007,321,1
312985,973c75h03pr0008,321,1
312986,5987,70,1
312986,79435pr0010,10,1
312986,970c06pr0009,0,1
312986,973e147pr0001,10,1
312988,115499pat0003,4,1
312988,28621pr3977,14,1
312988,970c22pr0007,4,1
312988,973c10h03pr0010,4,1
312989,28621pr0009,28,1
312989,78940,28,1
312989,86124,182,1
312989,970c11pr0009,28,1
312989,973c11h12pr0003,28,1
312990,15619,10,1
312990,3626cpr2255,14,1
312990,69562pat0001,10,1
312990,7549,297,1
312990,970c06pr0010,10,1
312990,973c18h03pr0002,10,1
312992,115499pat0001,15,1
312992,15712,297,2
312992,3626cpr9642,179,1
312992,5984,15,2
312992,7549,297,1
312992,7759,15,1
312992,970c27pr0018,15,1
312992,973c04h03pr0002,15,1
312994,15619,0,1
312994,25378,0,1
312994,3626cpr2258,14,1
312994,7549,297,1
312994,970c03pr0034,0,1
312994,973c34h03pr0005,0,1
312996,15619,321,1
312996,3626cpr9888,14,1
312996,76917pat0001,0,1
312996,970c04pr0007,321,1
312996,973c75h03pr0008,321,1
312998,15619,272,1
312998,28621pr9507,14,1
312998,69558pat0001,308,1
312998,970c28pr0005,1,1
312998,973c44h03pr0001,1,1
313000,115499pat0003,4,1
313000,15712,297,2
313000,28621pr3977,14,1
313000,5984,320,2
313000,7549,297,1
313000,7759,4,1
313000,970c22pr0007,4,1
313000,973c10h03pr0010,4,1
313001,28621pr9506,15,1
313001,30381,320,1
313001,970c03pr0079,0,1
313001,973c03h10pr0002,0,1
313002,11090,10,4
313002,36452,0,1
313002,53451,158,4
313002,5987,70,1
313002,79435pr0010,10,1
313002,80497,27,2
313002,970c06pr0009,0,1
313002,973e147pr0001,10,1
313004,115499pat0002,321,1
313004,15712,297,2
313004,28621pr3979,14,1
313004,5984,321,2
313004,7549,297,1
313004,7759,321,1
313004,970c04pr0007,321,1
313004,973c75h03pr0008,321,1
313005,15619,4,1
313005,3626cpr9975,14,1
313005,69560pat0001,308,1
313005,7549,297,1
313005,970c22pr0007,4,1
313005,973c10h03pr0010,4,1
313007,115499pat0006,1,1
313007,15712,297,2
313007,28621pr3987,14,1
313007,5984,1,2
313007,7549,297,1
313007,7759,1,1
313007,970c28pr0005,1,1
313007,973c44h03pr0001,1,1
313008,3626cpr2951,14,1
313008,53126,0,1
313008,970c27pr0031,321,1
313008,973c27h01pr0023,321,1
313010,114570pr0001,71,1
313010,970c14pat03pr0003,71,1
313010,973c14h27pr0001,71,1
313012,3626cpr3802,1089,1
313012,65384,72,1
313012,87610pr0012,179,1
313012,970c07pr2039,308,1
313012,973c07h03pr5496,308,1
313088,10884,10,3
313088,11153,15,2
313088,11476,14,2
313088,11477,322,4
313088,11477,226,4
313088,11477,158,4
313088,11477,10,27
313088,13547,15,2
313088,14769pr1003,15,2
313088,15068,226,2
313088,15573,378,34
313088,15573,15,2
313088,15706,71,8
313088,18674,10,1
313088,18980,15,2
313088,19119,2,3
313088,2420,27,1
313088,24201,15,2
313088,2423,2,6
313088,24246,1050,2
313088,24246,322,2
313088,24246,29,2
313088,24246,15,2
313088,24855,378,5
313088,24866,27,20
313088,24866,1146,40
313088,25269,78,1
313088,26047,226,2
313088,2654,14,2
313088,26601,2,2
313088,26601,226,6
313088,29119,226,4
313088,29120,226,4
313088,3005,158,2
313088,3005,322,2
313088,3005,226,2
313088,3020,19,1
313088,3020,378,7
313088,3020,15,1
313088,3021,2,2
313088,3022,226,2
313088,3022,15,1
313088,3022,2,6
313088,3023,15,1
313088,3023,288,1
313088,3024,322,4
313088,3024,1050,4
313088,3024,15,2
313088,3024,29,4
313088,3032,2,16
313088,3034,2,1
313088,3036,27,8
313088,3068b,226,2
313088,3070b,226,2
313088,3070b,30,2
313088,3070b,5,2
313088,32607,2,37
313088,32803,2,2
313088,33183,27,10
313088,3484,2,6
313088,35480,10,88
313088,35480,226,2
313088,3565,378,16
313088,3666,2,1
313088,3710,226,1
313088,37695,31,6
313088,3795,71,8
313088,3795,10,7
313088,4045,226,2
313088,4367,226,23
313088,44861,71,2
313088,44861,15,2
313088,5066,19,2
313088,54200,226,4
313088,54200,15,2
313088,54200,5,4
313088,54200,30,4
313088,5841,226,8
313088,5841,15,2
313088,5848,15,6
313088,5903,27,15
313088,5904,15,4
313088,5904,14,12
313088,59900,2,4
313088,60478,15,2
313088,6141,31,36
313088,64799,15,1
313088,68211,10,4
313088,6901,1147,15
313088,6901,15,7
313088,7096,2,7
313088,7264,10,54
313088,7729,5,6
313088,77845,15,1
313088,78168,378,1
313088,78258,70,6
313088,85861,2,30
313088,88072,2,8
313088,98138,226,7
313088,99781,15,2
313093,11211,19,3
313093,15070,15,1
313093,15395,322,1
313093,15395,4,1
313093,15395,297,1
313093,15672,19,2
313093,1748,15,2
313093,20310,19,2
313093,24201,19,4
313093,3021,19,1
313093,3022,19,2
313093,3024,19,3
313093,3069b,29,2
313093,3069b,15,1
313093,3262,15,1
313093,3262,4,1
313093,3262,322,1
313093,3262,14,1
313093,35480,19,1
313093,3623,19,3
313093,36840,19,3
313093,3942c,25,1
313093,39739,29,1
313093,4032a,15,3
313093,4032a,10,2
313093,4070,19,3
313093,49307,15,2
313093,54200,19,6
313093,5841,19,1
313093,60474,10,1
313093,7126,15,2
313093,76797,19,2
313093,98138pr0384,15,2
313093,99207,15,1
313093,99780,19,2
313095,14719,70,1
313095,15712,70,1
313095,18674,28,2
313095,20482,47,1
313095,22385,70,1
313095,2654,33,1
313095,3005,70,2
313095,3023,70,1
313095,3023,272,1
313095,3024,2,1
313095,3069b,191,1
313095,3069b,320,1
313095,3262,15,1
313095,33909,70,3
313095,36752a,308,1
313095,3795,308,1
313095,38974,308,1
313095,41835pr0001,4,1
313095,4740,72,1
313095,4740,15,1
313095,59900,297,2
313095,60601,308,3
313095,68503pat0001,179,1
313095,73825,2,1
313095,87087,2,1
313095,90195,70,3
313095,90258,484,1
313095,92950,70,1
313095,99207,70,1
313097,13564,15,1
313097,14769pr0004,71,1
313097,2496,0,2
313097,3022,28,1
313097,3069bpr0095,15,1
313097,3069bpr0100,2,2
313097,3070b,71,1
313097,32000,72,1
313097,33909,71,2
313097,42511,27,1
313097,4345b,0,1
313097,4346,71,1
313097,54200pr0004,71,1
313097,6003,71,1
313097,6141,29,1
313097,6636,28,1
313097,67329,15,1
313097,69729,71,2
313097,85984,71,1
313097,87580,72,1
313097,98283,84,2
313098,2412b,36,1
313098,2412b,179,2
313098,2540,0,1
313098,3005,72,3
313098,30374,36,2
313098,3069bpr9996,72,1
313098,32803,0,1
313098,33909,71,1
313098,3795,0,1
313098,50950,0,2
313098,60475b,72,3
313098,60481,72,2
313098,66909,0,1
313098,72869,179,2
313098,85984pr0006,72,1
313098,92950,72,1
313098,98721,0,1
313099,15573,84,2
313099,18791,70,1
313099,24855,2,1
313099,24866,4,3
313099,24866,30,1
313099,3023,47,1
313099,3024,14,1
313099,3024,70,2
313099,3032,2,1
313099,3068bpr0487,226,1
313099,3070bpr0243,14,1
313099,35480,15,1
313099,37775,182,1
313099,3957b,47,1
313099,4032a,0,1
313099,4070,14,1
313099,64647,182,1
313099,65509,10,1
313099,65578,2,1
313099,85861,47,1
313100,11203,0,1
313100,11477,72,1
313100,15573,4,4
313100,1745,0,4
313100,1748,0,1
313100,22388,71,5
313100,23443,71,2
313100,26047,71,1
313100,28802,4,2
313100,3023,0,3
313100,3024,0,3
313100,32952,0,2
313100,33492,71,2
313100,3484,71,5
313100,3917,14,3
313100,41740,14,2
313100,4304,4,1
313100,4733,72,1
313100,4740,0,2
313100,4740,47,3
313100,47458,4,1
313100,59900,71,2
313100,65578,71,2
313100,66956,4,1
313100,77845,0,4
313100,85861,4,3
313100,87087,0,2
313100,89522,179,2
313100,93273,4,2
313100,98138,71,6
313100,98138pr0273,15,2
313100,99207,14,1
313100,99780,14,4
313110,23186,70,1
313110,3626cpr2614,14,1
313110,970c12,72,1
313110,973c27h01pr0035,379,1
313111,3626cpr2972,14,1
313111,85974,484,1
313111,970c24pr0900,70,1
313111,973c27h01pr0076,15,1
313113,3626cpr1964,14,1
313113,3833,4,1
313113,93223,71,1
313113,970c05,272,1
313113,973c29h01pr0003,212,1
313114,27186,308,1
313114,3626cpr3063,14,1
313114,970c03,0,1
313114,973c29h01pr6759,212,1
313115,11303,272,1
313115,3626cpr3067,14,1
313115,970c29,212,1
313115,973c26h01pr4023,19,1
313116,28621pr9517,14,1
313116,40938,70,1
313116,41879a,15,1
313116,973c09h01pr0002,85,1
313117,3626cpr1635,14,1
313117,41879a,15,1
313117,87990,70,1
313117,973c09h01pr0002,85,1
313127,3626cpr2587,78,1
313127,5275,4,1
313127,62810,70,1
313127,970c04,321,1
313127,973c28h02pr0006,379,1
313128,21269,15,1
313128,28621pr0004,78,1
313128,970c27,15,1
313128,973c27h02pr0022,15,1
313146,28621pr9502,14,1
313146,93059,19,1
313146,970c12,72,1
313146,973c14h01pr6766,71,1
313148,28621pr9667,14,1
313148,93059,19,1
313148,93069,15,1
313148,970c27pr0049,15,1
313148,973c27h01pr0078,15,1
313149,28621,71,1
313149,93059,297,1
313149,970c14,71,1
313149,973c14h14pr6495,71,1
313151,3626cpr3026,14,1
313151,970c19,70,1
313151,973c11h01pr0001,28,1
313151,98385,70,1
313154,3626cpr9975,14,1
313154,69560pat0001,308,1
313154,970c22pr0016,4,1
313154,973c10h03pr0009,4,1
313154,98132,297,1
313155,28621pr9512,0,1
313155,93160,15,1
313155,970c03,0,1
313155,973c03h03pr4510,0,1
313155,98128,1103,1
313157,3626cpr9888,14,1
313157,62711,0,1
313157,970c22pr0015,4,1
313157,973c01h01pr0043,4,1
313159,18986,47,1
313159,28621pr9507,14,1
313159,30170,72,1
313159,30171,70,1
313159,970c28pr0018,1,1
313159,973e064pr0002,1,1
313160,28621pr9510,14,1
313160,30410,0,1
313160,970c03pr0076,0,1
313160,973e047pr0001,0,1
313161,2524,70,1
313161,28621pr9504,14,1
313161,93059,19,1
313161,970c09,85,1
313161,973c09h01pr0003,85,1
313162,3626cpr2141,14,1
313162,78301,0,1
313162,970c12,72,1
313162,973c26h01pr6731,19,1
313177,13785,0,1
313177,28621pr9503,15,1
313177,970c03pr0077,0,1
313177,973c75h27pr0001,0,1
313179,21268,71,1
313179,28621pr9511,14,1
313179,970c12pr0013,72,1
313179,973c10h01pr0006,320,1
313182,28621pr9505,14,1
313182,7554pat0001,15,1
313182,970c27pr0053,15,1
313182,973c27h03pr0025,15,1
313182,98132,297,1
313185,25378,0,1
313185,3626cpr2258,14,1
313185,970c03pr0078,0,1
313185,973c03h03pr0109,0,1
313185,98132,297,1
313186,28621pr9509,14,1
313186,64798,15,1
313186,970c27,15,1
313186,973c27h01pr0081,15,1
313190,28621pr9511,14,1
313190,92746,0,1
313190,970c03pr0076,0,1
313190,973e048pr0001,0,1
313195,28621pr9515,14,1
313195,61183,308,1
313195,970c03pr0073,0,1
313195,973c03h01pr0008,0,1
313199,28621pr9513,14,1
313199,93059,19,1
313199,970c03pr0075,0,1
313199,973c03h01pr0009,0,1
313202,28621pr9514,14,1
313202,62810,28,1
313202,970c03pr0074,0,1
313202,973c27h01pr0082,0,1
313207,3626cpr9975,14,1
313207,69560pat0001,308,1
313207,970c22pr0014,4,1
313207,973c27h01pr0080,15,1
313208,3626cpr1580,14,1
313208,95225,0,1
313208,970c05pr0020,272,1
313208,973c29h19pr0001,212,1
313210,28621pr9516,14,1
313210,970c03pr0072,0,1
313210,973c30h01pr0004,320,1
313210,98385,0,1
313211,28621pr9618,14,1
313211,48493,297,1
313211,970c30pr0009,179,1
313211,973c30h14pr0001,179,1
313226,3626cpr9975,14,1
313226,7554pat0001,4,1
313226,970c22pr0016,4,1
313226,973c10h03pr0009,4,1
313226,98132,297,1
313228,28621pr9507,14,1
313228,7554pat0001,1,1
313228,970c28pr0018,1,1
313228,973e064pr0002,1,1
313228,98132,297,1
313230,11437,297,1
313230,3626cpr9888,14,1
313230,970c22pr0017,4,1
313230,973c22h03pr0011,4,1
313230,98128,1103,1
313230,98129,4,1
313233,3626cpr2255,14,1
313233,7554pat0001,2,1
313233,970c31pr0002,2,1
313233,973c35h03pr0007,2,1
313233,98132,297,1
313236,3626cpr2113,14,1
313236,90396,226,1
313236,970c03pr0043,0,1
313236,973c03h03pr0003,272,1
313258,28621pr9508,14,1
313258,75867,15,1
313258,970c03,0,1
313258,973c03h03pr0110,0,1
313322,11303,4,1
313322,28621pr4057,14,1
313322,970c24,379,1
313322,973c22h27pr0005,15,1
313323,3532,0,1
313323,3626cpr2951,14,1
313323,970c12pr0004,72,1
313323,973c76h14pr0001,1136,1
313324,3626cpr2903,78,1
313324,62810,0,1
313324,970c24,379,1
313324,973c07h02pr0004,308,1
313326,2632,226,1
313326,28621pr0045,78,1
313326,970c27pr0058,15,1
313326,973c27h02pr0023,15,1
313327,28621pr0039,0,1
313327,59276,0,1
313327,970c03,0,1
313327,973c03h12pr0006,0,1
313328,28621pr9661,78,1
313328,85974,226,1
313328,970c03,0,1
313328,973c03h02pr5698,0,1
313330,28621pr0043,15,1
313330,36036pr0019,71,1
313330,7054,72,1
313330,973c14h27pr0007,71,1
313331,111102,0,1
313331,19859pat0007,47,1
313331,28621pr0041,0,1
313331,30381,0,1
313331,973c03h14pr0002,0,1
313332,28621pr0042,78,1
313332,3277,70,1
313332,970c20,326,1
313332,973c20h02pr0001,326,1
313333,3626cpr2906,78,1
313333,37364c03,0,1
313333,92746,484,1
313333,973c03h02pr5682,0,1
313334,3626cpr2903,78,1
313334,36762,0,1
313334,37364c03,0,1
313334,973c03h02pr5745,0,1
313335,28432,70,1
313335,3626cpr2265,78,1
313335,37364c28,1,1
313335,973c43h02pr0002,29,1
313336,28621pr4302,78,1
313336,36762,0,1
313336,41879a,0,1
313336,973c03h02pr5542,0,1
313337,28621pr0037,78,1
313337,41879a,0,1
313337,92081,226,1
313337,973c03h02pr5542,0,1
313338,36036,288,1
313338,3626cpr3349,78,1
313338,73213pat0001,0,1
313338,973c35h02pr0001,288,1
313339,28621pr9525,78,1
313339,970c41,484,1
313339,973c41h02pr0003,484,1
313339,98726,1145,1
313340,13251,308,1
313340,28621pr9524,78,1
313340,970c22pat14,4,1
313340,973c14h02pr0010,71,1
313341,28621pr9521,78,1
313341,62810,70,1
313341,970c19,70,1
313341,973c26h02pr0010,1,1
313342,36037,484,1
313342,3626cpr2764,78,1
313342,66913,0,1
313342,970c29,212,1
313342,973c03h02pr0018,0,1
313343,23187,484,1
313343,28621pr9518,78,1
313343,970c05,272,1
313343,973c20h02pr0007,326,1
313344,28621pr9520,78,1
313344,61183,0,1
313344,970c12,72,1
313344,973c14h02pr0009,323,1
313348,3626cpr3576,78,1
313348,41879a,3,1
313348,7221,321,1
313348,8006,1145,1
313348,973c27h02pr0021,15,1
313348,99464,191,1
313349,28621pr9526,70,1
313349,7874,0,1
313349,970c14,71,1
313349,973c04h19pr0001,321,1
313350,28621pr9519,78,1
313350,53980pat0003,191,1
313350,970c12,72,1
313350,973c03h02pr0017,15,1
313351,28621pr9523,78,1
313351,5828,308,1
313351,970c28,1,1
313351,973c43h02pr0005,26,1
313352,28621pr4258,78,1
313352,76925,70,1
313352,970c29,212,1
313352,973c41h02pr0001,484,1
313353,10048,84,1
313353,3626cpr1709,78,1
313353,970c11,28,1
313353,973c12h02pr0010,72,1
313354,28621pr9522,320,1
313354,970c10pr0013,320,1
313354,973c10h10pr0009,320,1
313355,11303,272,1
313355,3626cpr0937,78,1
313355,93223,28,1
313355,970c11,28,1
313355,973c19h19pr0004,70,1
313356,3626cpr2049,78,1
313356,37697,70,1
313356,970c05,272,1
313356,973c10h02pr6992,320,1
313358,11476,0,3
313358,15207,72,1
313358,22385,191,1
313358,24201,72,2
313358,2817,71,2
313358,3003,191,1
313358,30031,72,1
313358,3020,0,1
313358,3039,191,1
313358,35480,0,1
313358,61332,0,4
313358,78257,0,1
313358,80286,0,2
313391,17018,0,1
313391,28621pr0032,0,1
313391,970c03,0,1
313391,973d63pr0001,0,1
313393,2544,85,1
313393,3626cpr1966,14,1
313393,54568,14,1
313393,970c14,71,1
313393,973c14h01pr6850,71,1
313394,15469,10,1
313394,18674,4,1
313394,3022,14,1
313394,3626cpr3063,14,1
313394,4032a,308,1
313394,4740,19,1
313394,970c27,15,1
313394,973c29h01pr3434,212,1
313396,3626cpr3628,4,1
313396,37364c28,1,1
313396,973c28h22pr0003,4,1
313397,28621pr0026,78,1
313397,81848pr0001,1103,1
313397,970c12,72,1
313397,973c75h75pr0004,72,1
313398,28621pr0027,78,1
313398,36452,0,1
313398,37364c01,14,1
313398,83970,70,1
313398,973c06h01pr0005,14,1
313399,30381,15,1
313399,3626cpr3629,15,1
313399,37364c09,85,1
313399,973c27h37pr0004,15,1
313400,2528pr0016,4,1
313400,3626cpr3651,0,1
313400,37364c03,0,1
313400,973c03h22pr0010,0,1
313401,2528pr0017,26,1
313401,3626cpr3629,15,1
313401,37364c09,85,1
313401,973c27h37pr0004,15,1
313402,2544,85,1
313402,28621pr0028,85,1
313402,37364c09,85,1
313402,973c18h09pr0001,85,1
313403,2528pr0018,1,1
313403,3626cpr3628,4,1
313403,37364c28,1,1
313403,973c28h22pr0003,4,1
313404,101117c01pr0011,212,1
313404,2645,320,1
313404,92198pr0346,78,1
313404,92456c01pr0035,78,1
313441,28621pr0031,15,1
313441,7441,182,1
313441,970c03,0,1
313441,973c03h03pr0011,0,1
313443,20952pr0004,15,1
313443,20953pr0001,15,1
313465,28621pr0038,78,1
313465,37777pr0002,84,1
313465,37784,308,1
313465,38628c01,84,1
313465,38630c01,84,1
313465,41879a,308,1
313466,28621pr0040,0,1
313466,59276,0,1
313466,970c03pr9779,0,1
313466,973c12h03pr0003,0,1
313469,3626cpr2915,70,1
313469,970c03pr9779,0,1
313469,973c03h19pr4738,0,1
313472,3626cpr2668,78,1
313472,41879a,379,1
313472,92746,484,1
313472,973c12h02pr0002,72,1
313474,16709pats27,0,1
313474,3626cpr9929,78,1
313474,37697,70,1
313474,65753,0,1
313474,973c35h02pr0007,288,1
313475,3626cpr2667,78,1
313475,36762,0,1
313475,41879a,28,1
313475,973c22h02pr0005,4,1
313478,11090,0,4
313478,13564,0,4
313478,28621pr0029,0,1
313478,36452,0,1
313478,80497,0,2
313478,970c03,0,1
313478,973c03h03pr0009,0,1
313480,28621pr0030,19,1
313480,970c26pr0012,19,1
313480,973c26h26pr0001,19,1
313482,28621pr0033,272,1
313482,970c05,272,1
313482,973c05h05pr0003,272,1
313485,3626cpr3352,0,1
313485,970c03,0,1
313485,973c03h03pr0023,0,1
313486,28621pr0034,78,1
313486,62810,308,1
313486,970c35,288,1
313486,973c35h02pr0006,288,1
313487,28621pr0035,0,1
313487,49556pr0005,0,1
313487,970d12pr0001,272,1
313487,973d64pr0001,272,1
313488,28621pr0036,15,1
313488,51283,1053,1
313488,5647,26,1
313488,970c31pr0003,2,1
313488,973c35h21pr0001,2,1
313489,3626cpr2859,78,1
313489,81848pr0002,1103,1
313489,970c75,1103,1
313489,973c75h12pr0002,1103,1
313491,21268,71,1
313491,3626cpr3432,78,1
313491,970c11,28,1
313491,973c05h02pr6322,272,1
313492,10124,326,1
313492,10126,326,1
313492,10127,326,1
313492,10154,326,1
313492,105177pat0002,326,1
313492,3478,0,1
313492,43093,1,2
313492,79435pr0011,326,1
313495,10908pr0013,320,1
313495,28621pr9527,1089,1
313495,80429,320,1
313495,970c10pr0006,320,1
313495,973c10h10pr0002,320,1
313497,28621pr9527,1089,1
313497,80429,320,1
313497,80430pr0009,320,1
313497,970c10pr0012,320,1
313497,973c10h10pr0008,320,1
313560,3626cpr3026,14,1
313560,3833,4,1
313560,970c12,72,1
313560,973c76h14pr0002,1136,1
313567,30374,0,1
313567,53454,179,1
313567,64567,0,1
313567,69858,323,1
313573,3626cpr3667,14,1
313573,38781,25,1
313573,80682,308,1
313573,970c05pr0021,272,1
313573,973c76h12pr0002,1136,1
313574,3626cpr3584,14,1
313574,87990,28,1
313574,970c46pr2563,3,1
313574,973c46h03pr5882,1062,1
313575,3626cpr3361,14,1
313575,62810,308,1
313575,970c35pr0008,288,1
313575,973c14h04pr5982,1062,1
313576,3626cpr2113,14,1
313576,62711,308,1
313576,970c05pr0021,272,1
313576,973c76h12pr0002,1136,1
313577,11303,272,1
313577,3626cpr1964,14,1
313577,970c05pr0021,272,1
313577,973c76h12pr0002,1136,1
313578,3626cpr3540,14,1
313578,38781,25,1
313578,90541,72,1
313578,970c24,379,1
313578,973c26h01pr4023,19,1
313579,28621pr4031,14,1
313579,46303,15,1
313579,970c05pr0021,272,1
313579,973c76h12pr0002,1136,1
313580,3626cpr3360,14,1
313580,41805,47,1
313580,93560,15,1
313580,970c05pr0021,272,1
313580,973c76h12pr0004,1136,1
313581,3626cpr3063,14,1
313581,38781,25,1
313581,88283,484,1
313581,970c14,71,1
313581,973c18h01pr0003,71,1
313582,28621pr9618,14,1
313582,41805,47,1
313582,93560,15,1
313582,970c05pr0021,272,1
313582,973c76h12pr0004,1136,1
313583,3626cpr3903,14,1
313583,38781,25,1
313583,46303,15,1
313583,970c05pr0021,272,1
313583,973c76h12pr0002,1136,1
313584,28974,0,1
313584,3626cpr3921,14,1
313584,46303,15,1
313584,970c05pr0021,272,1
313584,973c76h12pr0002,1136,1
313585,18899pr0001,4,1
313585,3626cpr0933,14,1
313585,970c05,272,1
313585,973c14h04pr5982,1062,1
313586,3624,272,1
313586,3626cpr1663,14,1
313586,970c05,272,1
313586,973c05h01pr0009,272,1
313587,3626cpr3025,14,1
313587,62810,28,1
313587,7845pr0001,10,1
313587,970c26,19,1
313587,973c41h01pr0004,484,1
313588,3626cpr0893,14,1
313588,87990,226,1
313588,970c05,272,1
313588,973c05h01pr0006,0,1
313589,3626cpr1675,14,1
313589,62696,0,1
313589,970c05,272,1
313589,973c01h01pr0044,15,1
313590,21778,71,1
313590,3626cpr3661,14,1
313590,970c19,70,1
313590,973c27h01pr4200,15,1
313591,3626cpr3671,14,1
313591,92081,28,1
313591,970c03,0,1
313591,973c27h01pr4203,0,1
313592,3626cpr3063,14,1
313592,5492pat0003,484,1
313592,970c12,72,1
313592,973c46h01pr0003,3,1
313593,27186,308,1
313593,3626cpr3602,14,1
313593,970c05,272,1
313593,973c27h01pr0045,272,1
313594,23186,0,1
313594,3626cpr3917,14,1
313594,970c11,28,1
313594,973c25h01pr0004,272,1
313595,3626cpr3269,14,1
313595,87990,70,1
313595,970c29,212,1
313595,973c25h01pr0004,272,1
313596,3626cpr2399,14,1
313596,90541,72,1
313596,970c35pr0008,288,1
313596,973c35h14pr0001,27,1
313597,3626cpr2113,14,1
313597,87990,308,1
313597,970c35pr0008,288,1
313597,973c35h14pr0001,27,1
313598,2646,0,1
313598,3626cpr1966,14,1
313598,970c28,1,1
313598,973c34h27pr0001,1,1
313599,36037,308,1
313599,3626cpr2948,14,1
313599,970c05,272,1
313599,973c34h27pr0001,1,1
313600,3626cpr2463,14,1
313600,90541,72,1
313600,970c35pr0008,288,1
313600,973c14h04pr5982,1062,1
313601,2446,0,1
313601,2447,47,1
313601,3626cpr2589,14,1
313601,970c03,0,1
313601,973c03h12pr6843,72,1
313602,2446,15,1
313602,2447,47,1
313602,3626cpr2594,14,1
313602,970c14,71,1
313602,973c18h03pr0001,15,1
313604,19195pr0001,484,1
313604,59794c01pr0016,1,1
313604,92198pr0118,78,1
313604,92456c01pr0400,323,1
313607,15875c01pr0024,322,1
313607,18844,226,1
313607,92198pr0110,78,1
313607,92456c01pr0401,78,1
313608,24184,25,1
313608,36037,308,1
313608,69969pr0005,84,1
313608,92198pr0450,84,1
313609,11408c02pr0018,84,1
313609,2268c01pr0003,272,1
313609,24184,25,1
313609,40938,70,1
313609,92198pr0335,84,1
313622,28621pr9484,78,1
313622,7071pat0008pr0001,323,1
313622,970c27,15,1
313622,973c27h27pr0021,15,1
313623,28621pr9483,1138,1
313623,7071pat0008pr0002,0,1
313623,970c27,15,1
313623,973c27h27pr0021,15,1
313625,2446,272,1
313625,2447,47,1
313625,28621pr4230,14,1
313625,970c26,19,1
313625,973c28h01pr0007,15,1
313626,2446,0,1
313626,2447,47,1
313626,3626cpr2951,14,1
313626,970c12,72,1
313626,973c22h01pr0063,4,1
313627,2446,0,1
313627,2447,47,1
313627,28621pr4057,14,1
313627,970c29,212,1
313627,973c03h01pr0010,0,1
313628,28621pr0007,78,1
313628,64802,378,1
313628,7218,71,1
313628,87610pr0016,378,1
313628,970c07pr0011,308,1
313628,973c10h11pr0002,71,1
313629,2010,308,1
313629,2012,179,1
313629,28621pr0008,0,1
313629,970c07pr0010,308,1
313629,973c19h07pr0004,70,1
313630,28621pr9546,1138,1
313630,64802,1103,1
313630,87610pr0014,1103,1
313630,970c75pr0026,1103,1
313630,973c75h03pr0007,1103,1
313631,28621pr9553,78,1
313631,64802,1103,1
313631,87610pr0015,0,1
313631,970c75pr0025,1103,1
313631,973c03h75pr0001,0,1
313642,10884,10,1
313642,20482,191,1
313642,25269,3,2
313642,25269,85,2
313642,3005pr0033,15,1
313642,30222,33,2
313642,3032,19,1
313642,30357,19,1
313642,30565,321,1
313642,3396,15,2
313642,3592pr0001,70,1
313642,3957b,70,1
313642,53119,15,1
313642,59900,70,3
313642,85861,19,2
313664,101117c01pr0011,212,1
313664,2645,320,1
313664,92198pr0346,78,1
313664,92456c01pr0021,78,1
313665,11408c02pr0018,84,1
313665,2268c01pr0003,272,1
313665,40938,70,1
313665,92198pr0335,84,1
313666,101117c01pr0011,212,1
313666,79989pat0004,19,1
313666,92198pr0047,92,1
313666,92456c03pr0017,92,1
313667,2241c01pr0032,15,1
313667,2644,308,1
313667,92198pr0338,1088,1
313667,92456c16pr0006,1088,1
313669,2632,19,1
313669,36198c01pr0003,3,1
313669,92198pr0337,92,1
313669,92456c03pr0018,92,1
313670,2645,320,1
313670,36198c01pr0004,30,1
313670,7737,191,1
313670,92198pr0346,78,1
313670,92456c01pr0035,78,1
313671,100811c01pr0009,78,1
313671,101117c01pr0009,272,1
313671,2640,484,1
313671,92198pr0336,78,1
313673,2241c01pr0015,1,1
313673,2644,308,1
313673,92198pr0338,1088,1
313673,92456c16pr0014,1088,1
313674,2640,226,1
313674,36198c01pr0004,30,1
313674,92198pr0105,78,1
313674,92456c01pr0050,78,1
313675,101117c01pr0010,0,1
313675,2632,19,1
313675,92198pr0337,92,1
313675,92456c03pr0020,92,1
313676,24452pr0012,322,1
313676,7756pat0002,226,1
313676,92198pr0010,1089,1
313676,92456c06pr0021,1089,1
313677,2277c01pr0021,272,1
313677,2645,320,1
313677,92198pr0346,78,1
313677,92456c01pr0035,78,1
313679,2241c01pr0037,25,1
313679,2633,0,1
313679,92198pr0010,1089,1
313679,92456c06pr0022,1089,1
313680,2241c01pr0014,226,1
313680,80911,0,1
313680,92198pr0099,84,1
313680,92456c02pr0003,84,1
313681,2632,19,1
313681,5789c01pr0007,85,1
313681,92198pr0337,92,1
313681,92456c03pr0020,92,1
313682,101117c01pr0003,378,1
313682,38798,0,1
313682,92198pr0098,78,1
313682,92456c01pr0059,78,1
313683,2136pat0003,26,1
313683,2277c01pr0023,26,1
313683,92198pr0338,1088,1
313683,92456c16pr0006,1088,1
313684,2136pat0003,26,1
313684,2277c01pr0002,15,1
313684,7842,226,1
313684,92198pr0097,92,1
313684,92456c03pr0021,92,1
313685,2136pat0002,191,1
313685,2277c01pr0013,378,1
313685,92198pr0010,1089,1
313685,92456c06pr0023,1089,1
313686,2632,19,1
313686,36198c01pr0003,3,1
313686,92198pr0337,92,1
313686,92456c03pr0020,92,1
313687,11408c02pr0019,84,1
313687,2268c01pr0003,272,1
313687,40938,70,1
313687,92198pr0335,84,1
313688,18854,52,1
313688,2241c01pr0032,15,1
313688,2644,308,1
313688,92198pr0338,1088,1
313688,92456c16pr0012,1088,1
313689,36187c01pr0002,26,1
313689,80911,0,1
313689,92198pr0096,92,1
313689,92456c03pr0022,92,1
313690,100811c01pr0010,78,1
313690,2640,484,1
313690,36198c01pr0017,30,1
313690,92198pr0336,78,1
313693,11408c06pr0012,70,1
313693,2268c01pr0004,14,1
313693,2646,0,1
313693,92198pr0349,70,1
313694,11408c07pr0012,1089,1
313694,2631,226,1
313694,5789c01pr0009,484,1
313694,92198pr0358,1089,1
313695,101117c01pr0011,212,1
313695,2645,320,1
313695,92198pr0346,78,1
313695,92456c01pr0007,78,1
313696,02137pat0002,0,1
313696,2241c01pr0037,25,1
313696,92198pr0010,1089,1
313696,92456c06pr0022,1089,1
313697,2277c01pr0023,26,1
313697,87990,484,1
313697,92198pr0095,92,1
313697,92456c03pr0023,92,1
313699,18853,29,1
313699,24184,25,1
313699,2633,0,1
313699,36198c01pr0011,158,1
313699,92198pr0010,1089,1
313699,92456c06pr0022,1089,1
313701,2241c01pr0012,1147,1
313701,7756pat0001,29,1
313701,92198pr0346,78,1
313701,92456c01pr0035,78,1
313702,11408c02pr0018,84,1
313702,40938,70,1
313702,5789c01pr0010,1136,1
313702,92198pr0335,84,1
313988,102349pr0013,4,1
313988,109369,14,1
313988,11211,71,2
313988,11213,0,1
313988,11214,72,1
313988,11477,4,2
313988,116016,14,1
313988,118829,0,1
313988,13547,71,8
313988,13547,72,2
313988,15071,1,1
313988,15573,71,1
313988,15712,72,2
313988,1748,84,3
313988,1748,0,1
313988,1748,72,2
313988,1750,72,2
313988,18654,4,3
313988,18675pr0037,47,1
313988,18980,71,2
313988,20482,0,2
313988,22889,71,1
313988,2310,0,4
313988,2310,72,8
313988,24093,41,1
313988,2412b,72,1
313988,2412b,4,2
313988,2420,71,2
313988,24299,0,8
313988,24307,0,8
313988,2431,320,2
313988,2445,0,4
313988,2540,1,1
313988,27263,71,4
313988,27263,72,4
313988,27507,71,2
313988,27965,179,1
313988,28192,71,4
313988,28802,71,1
313988,3010,71,1
313988,3020,72,2
313988,3020,71,5
313988,3021,72,1
313988,3021,320,6
313988,3021,19,2
313988,3021,0,4
313988,3022,71,4
313988,3023,71,2
313988,3023,1,1
313988,3023,36,14
313988,3023,2,2
313988,30374,36,1
313988,3039pr0025,15,1
313988,30503,19,1
313988,30565,71,2
313988,3062b,1,1
313988,3069b,15,3
313988,3069bpr0276,72,1
313988,3070b,71,4
313988,3176,0,1
313988,32000,71,2
313988,32028,71,16
313988,32059,72,1
313988,32184,4,1
313988,32316,0,2
313988,32607,288,3
313988,32803,0,2
313988,32952,0,4
313988,33909,4,1
313988,34103,4,2
313988,3679,71,1
313988,3680,0,1
313988,36840,15,2
313988,3700,72,4
313988,3706,4,1
313988,3710,84,3
313988,3710,71,1
313988,3710,72,2
313988,37352,72,1
313988,3795,71,1
313988,3795,0,5
313988,3832,14,4
313988,3937,0,1
313988,3941,182,1
313988,4032a,1,2
313988,4032a,322,2
313988,4032a,4,3
313988,4079,379,1
313988,4083,0,1
313988,41740,4,3
313988,42135,72,2
313988,42924,1,2
313988,4304,0,20
313988,43093,1,1
313988,43710,71,2
313988,43711,71,2
313988,43898,15,1
313988,44728,72,2
313988,4510,71,4
313988,45590,0,1
313988,47407,71,2
313988,48336,71,8
313988,48336,0,2
313988,48336,4,2
313988,49307,71,8
313988,49307,19,2
313988,5712,0,2
313988,58247,1103,1
313988,5852,71,4
313988,60470b,71,1
313988,60470b,72,8
313988,60481,71,2
313988,61332,0,5
313988,6134,0,1
313988,6141,36,6
313988,6141,72,8
313988,6141,1,8
313988,6179,0,2
313988,6233,0,1
313988,64567,80,1
313988,64567,0,1
313988,64799,0,7
313988,65426,71,4
313988,65429,71,4
313988,65578,71,1
313988,69729,0,12
313988,69754,179,2
313988,69755,72,2
313988,71752,0,1
313988,73109,71,2
313988,73109,0,2
313988,73111,0,1
313988,73825,0,4
313988,75904,2,1
313988,76766,71,2
313988,77844,84,1
313988,77845,4,6
313988,7791,4,2
313988,78256,0,4
313988,78256,4,4
313988,78258,15,1
313988,79180,0,4
313988,79756,71,8
313988,80015,71,2
313988,85861,15,2
313988,85984,71,1
313988,85984pr0006,72,1
313988,86996,71,2
313988,87079,0,1
313988,87079,71,5
313988,87079pr0126,71,2
313988,87580,72,3
313988,88646,71,4
313988,89523,28,1
313988,89523,0,1
313988,90258,19,1
313988,90258,72,2
313988,96874,3,1
313988,98138,1,1
313988,98283,19,2
313988,99207,14,2
313988,99563,0,8
313988,99780,72,2
313988,99781,0,1
313989,102349pr0010,4,2
313989,102349pr0019,4,1
313989,102349pr0020,4,1
313989,102349pr0021,4,1
313989,109369,14,1
313989,11090,0,8
313989,11153,72,2
313989,11211,19,2
313989,11211,0,1
313989,11213,0,1
313989,11458,72,4
313989,11476,320,1
313989,11477,320,2
313989,11477,71,4
313989,116016,14,1
313989,118829,0,2
313989,13548,72,4
313989,13965,71,2
313989,14395,0,2
313989,14719,71,4
313989,15068,320,2
313989,15068,0,6
313989,15068,72,3
313989,15535,4,2
313989,15535,15,4
313989,15573,72,3
313989,15672,71,2
313989,16577,0,1
313989,1748,0,8
313989,17485,71,2
313989,18651,0,6
313989,18980,72,3
313989,1927,0,8
313989,20482,0,2
313989,22886,71,2
313989,2310,72,4
313989,23950,0,4
313989,2412b,71,8
313989,2420,15,6
313989,2420,0,3
313989,2420,320,4
313989,2420,72,6
313989,24246,71,6
313989,2431,72,4
313989,24316,70,2
313989,2445,0,3
313989,2449,72,2
313989,2456,322,3
313989,2653,0,2
313989,2654,4,2
313989,2654,47,3
313989,26603,71,4
313989,27448,484,1
313989,27507,0,4
313989,2752,15,2
313989,27925,0,16
313989,2877,0,2
313989,28802,71,1
313989,29119,320,1
313989,29120,320,1
313989,2921,0,2
313989,3002,27,3
313989,3003,322,1
313989,3004,72,6
313989,3004,15,2
313989,3005,0,1
313989,3005,72,3
313989,3005,71,2
313989,3006,0,3
313989,30099,0,2
313989,30136,72,3
313989,30136,71,4
313989,3020,72,5
313989,3020,71,1
313989,3020,320,1
313989,3020,14,2
313989,3021,0,4
313989,3021,72,5
313989,3021,71,2
313989,3022,0,4
313989,3022,72,2
313989,3022,71,1
313989,3023,28,3
313989,3023,71,2
313989,3023,322,2
313989,3023,320,2
313989,3023,15,8
313989,3023,41,6
313989,3023,0,23
313989,3023,26,2
313989,30237b,72,2
313989,3024,85,2
313989,3024,41,4
313989,3024,15,2
313989,3031,320,1
313989,3032,72,5
313989,3032,322,1
313989,3032,0,1
313989,3034,72,7
313989,30374,0,4
313989,30374,36,2
313989,30374,71,2
313989,30374,35,1
313989,3040b,72,6
313989,30414,72,1
313989,3062b,72,4
313989,3062b,71,2
313989,3069b,72,7
313989,3069b,41,4
313989,3069b,320,2
313989,3069b,15,6
313989,3070b,0,2
313989,3070b,320,6
313989,3172,4,1
313989,3172,0,4
313989,32000,0,4
313989,32000,71,6
313989,32028,1,2
313989,32028,71,4
313989,32059,0,1
313989,32062,4,2
313989,32064a,0,4
313989,32123b,71,2
313989,32184,72,2
313989,32474,4,1
313989,32523,0,5
313989,32530,0,2
313989,3298,0,1
313989,3298,71,4
313989,3386,71,6
313989,33909,4,3
313989,33909,72,7
313989,3460,0,1
313989,3504,15,2
313989,3505,15,2
313989,35480,0,3
313989,35480,71,2
313989,3563,0,4
313989,35787,0,12
313989,3622,15,2
313989,3622,0,2
313989,3623,72,12
313989,3623,15,8
313989,3666,0,2
313989,3673,71,1
313989,3705,4,3
313989,3706,0,3
313989,3708,0,2
313989,3710,0,2
313989,3710,71,6
313989,3710,320,3
313989,3710,4,1
313989,37352,70,1
313989,3749,19,2
313989,3795,19,2
313989,3795,71,2
313989,3795,70,1
313989,3832,15,1
313989,3937,71,3
313989,3941,72,12
313989,3941,46,2
313989,40145,0,2
313989,4032a,72,3
313989,4032a,0,3
313989,4032a,71,1
313989,4070,0,4
313989,41239,0,2
313989,4162,15,2
313989,4162,71,3
313989,41677,0,2
313989,41740,85,2
313989,41769,71,1
313989,41770,71,1
313989,4185,15,2
313989,41948,71,1
313989,42135,71,1
313989,42135,0,2
313989,42195,0,2
313989,42610,4,1
313989,4287c,0,2
313989,4304,72,3
313989,43093,1,3
313989,44568,71,1
313989,4460b,72,2
313989,44728,320,4
313989,44861,0,2
313989,45590,0,1
313989,4569,15,2
313989,4569,320,4
313989,47457,15,2
313989,4871,0,5
313989,49153,0,2
313989,49307,0,2
313989,50950,320,2
313989,50950,15,2
313989,54200,15,4
313989,5712,0,2
313989,5841,15,6
313989,5850,0,4
313989,5852,15,2
313989,58846,0,4
313989,59233pat0001,41,2
313989,59443,4,2
313989,5950pr0002,47,1
313989,59895,0,2
313989,60474,72,4
313989,60474,0,5
313989,60483,28,2
313989,60485,71,2
313989,6106,72,4
313989,61332,0,10
313989,6134,0,3
313989,6141,71,14
313989,6141,15,2
313989,6141,322,2
313989,61485,71,1
313989,63864,320,4
313989,63864,15,4
313989,63864,71,2
313989,63965,0,2
313989,64567,80,2
313989,64567,297,1
313989,64644,0,4
313989,65304,71,2
313989,6541,15,3
313989,6541,4,1
313989,65426,71,5
313989,65426,15,1
313989,65429,71,5
313989,65429,15,1
313989,65509,71,2
313989,6587,28,1
313989,6632,71,2
313989,6632,4,4
313989,6636,71,4
313989,66909,0,2
313989,67095,0,2
313989,67329,0,1
313989,68297,72,1
313989,68568,71,4
313989,6908,0,1
313989,69729,71,2
313989,70681,71,2
313989,7126,0,4
313989,7302,0,4
313989,73109,0,2
313989,73230,71,5
313989,76959,71,2
313989,77808,72,2
313989,77844,0,2
313989,77844,71,2
313989,77845,0,6
313989,77850,71,1
313989,7791,4,2
313989,7813,0,2
313989,78256,322,2
313989,78256,71,2
313989,78258,15,2
313989,78329,4,2
313989,78329,15,6
313989,78666,15,2
313989,79180,0,2
313989,79389,71,4
313989,79389,72,2
313989,79389,15,4
313989,79393,71,4
313989,80015,71,4
313989,80177,15,2
313989,80178,15,2
313989,85861,72,7
313989,85984,320,10
313989,85984,19,2
313989,85984pr0006,72,1
313989,86996,0,2
313989,86996,71,2
313989,87079,320,2
313989,87079,71,9
313989,87079,85,1
313989,87079,72,3
313989,87081,72,1
313989,87408,0,2
313989,87580,320,4
313989,87580,71,2
313989,87620,0,4
313989,88072,72,10
313989,89678,72,8
313989,89678,4,10
313989,92279,47,1
313989,92438,0,1
313989,92738,0,1
313989,92907,71,2
313989,92947,4,4
313989,93273,71,3
313989,93274,72,1
313989,93274,320,4
313989,96874,25,1
313989,98138,70,2
313989,98585,41,2
313989,99207,72,3
313989,99563,71,2
313989,99780,0,1
313989,99781,71,2
313990,10111781,9999,1
313990,102349pr0014,4,1
313990,102349pr0016,4,1
313990,102349pr0017,4,1
313990,102349pr0018,4,1
313990,109369,14,1
313990,11211,19,2
313990,11213,19,1
313990,11214,72,1
313990,11215,71,2
313990,11458,71,4
313990,11476,0,1
313990,11477,15,6
313990,11477,72,2
313990,11477,71,4
313990,116016,14,1
313990,11833,71,1
313990,118829,0,1
313990,13349,72,1
313990,14769,72,1
313990,14769,4,1
313990,15068,15,6
313990,15207,1095,1
313990,15456,71,1
313990,15573,28,4
313990,15573,19,2
313990,15573,0,2
313990,15712,71,4
313990,1748,72,4
313990,18654,72,5
313990,18654,4,1
313990,18674,0,4
313990,18674,1,1
313990,20482,0,1
313990,22886,19,2
313990,23443,14,2
313990,2357,71,4
313990,2412b,72,9
313990,2412b,15,12
313990,2420,15,2
313990,2431,320,4
313990,2431,15,2
313990,2431,4,2
313990,2540,14,1
313990,2654,71,1
313990,26603,322,1
313990,2714b,71,4
313990,27965,179,1
313990,2817,71,2
313990,28192,14,2
313990,28192,71,6
313990,2877,72,2
313990,28802,71,1
313990,28802,15,2
313990,298c02,14,1
313990,3001,19,1
313990,3003,322,3
313990,3003,71,1
313990,3003,0,1
313990,3010,15,2
313990,30136,72,3
313990,30162,71,1
313990,3020,14,1
313990,3020,72,4
313990,3020,19,6
313990,3021,19,1
313990,3021,71,3
313990,3021,15,2
313990,3022,19,1
313990,3022,72,1
313990,3022,15,1
313990,3023,28,1
313990,30237b,72,2
313990,3031,14,1
313990,3035,0,1
313990,3036,71,1
313990,30374,41,1
313990,3039,27,1
313990,3039,72,4
313990,3039,28,2
313990,3062b,14,2
313990,3068b,28,1
313990,3069b,19,2
313990,3070b,15,4
313990,3070b,41,4
313990,3070bpr9897,0,2
313990,32000,71,2
313990,32028,4,2
313990,32028,72,2
313990,32123b,71,1
313990,32184,4,1
313990,3245c,72,2
313990,32802,72,1
313990,33909,14,1
313990,33909,4,4
313990,34103,71,2
313990,34337,0,6
313990,3460,15,4
313990,3484,14,2
313990,35186,0,4
313990,35186,71,4
313990,35480,72,7
313990,35480,15,4
313990,35480,0,6
313990,3623,320,2
313990,3623,19,4
313990,3665,72,2
313990,36840,15,2
313990,3685,72,4
313990,3700,14,1
313990,3700,15,2
313990,3702,15,1
313990,3706,4,1
313990,3706,0,4
313990,3710,28,1
313990,3710,71,1
313990,3710,15,9
313990,3710,322,2
313990,3713,71,1
313990,3738,15,1
313990,3749,19,1
313990,3795,71,1
313990,3795,15,4
313990,3795,19,2
313990,3795,72,1
313990,3941,72,1
313990,3941,1,1
313990,3957b,0,2
313990,4032a,15,1
313990,4032a,19,3
313990,4032a,27,8
313990,4032a,71,1
313990,4032a,72,2
313990,4162,15,2
313990,41677,71,1
313990,41740,72,1
313990,41740,71,4
313990,42135,0,2
313990,42863,15,1
313990,42918,15,2
313990,42924,1,1
313990,4304,0,1
313990,4304,19,10
313990,43722,15,1
313990,43722,72,1
313990,43723,72,1
313990,43723,15,1
313990,43898,72,1
313990,44568,71,4
313990,44728,15,2
313990,4519,14,1
313990,45590,0,1
313990,4697b,71,6
313990,47753,71,1
313990,48336,0,1
313990,49307,19,4
313990,50304,15,2
313990,50305,15,2
313990,50337,71,4
313990,5090,0,2
313990,51739,72,2
313990,54200,15,2
313990,54200pr0004,71,2
313990,5540,15,1
313990,5630,14,1
313990,58247,0,1
313990,5842,15,4
313990,60474,71,1
313990,60475b,14,2
313990,60477,72,2
313990,60581,41,1
313990,61332,0,4
313990,6141,36,14
313990,6141,15,6
313990,6141,19,2
313990,6141,0,8
313990,61485,0,2
313990,63082,71,1
313990,63868,72,2
313990,64567,80,1
313990,64567,0,1
313990,64567,71,1
313990,64799,15,1
313990,65304,179,4
313990,65509,19,1
313990,65578,71,1
313990,67687,0,3
313990,69729,14,1
313990,69754,179,2
313990,69754,1103,2
313990,69755,72,4
313990,73111,71,4
313990,73230,71,16
313990,73825,72,2
313990,74611,71,1
313990,75904,2,1
313990,76766,15,1
313990,76959,15,1
313990,77845,71,1
313990,77850,28,2
313990,7790pr0001,47,1
313990,7791,4,2
313990,78666,71,4
313990,79389,72,2
313990,79756,71,4
313990,79756,0,2
313990,79756,19,4
313990,85861,71,2
313990,85861,72,1
313990,85984,0,1
313990,85984,28,5
313990,85984,71,1
313990,85984,15,6
313990,85984pr0006,72,2
313990,87079,15,5
313990,87081,72,2
313990,87087,84,2
313990,87414,0,6
313990,87580,72,1
313990,89953c01,71,1
313990,92738,0,2
313990,93274,71,1
313990,96874,25,1
313990,98138,1,1
313990,98138,36,3
313990,99207,71,5
313990,99563,1103,3
313990,99781,15,4
313990,99781,72,2
314365,2357,2,2
314365,2412b,0,1
314365,2419,4,1
314365,2420,25,2
314365,2420,0,2
314365,2540,0,3
314365,2555,14,2
314365,298c02,0,2
314365,298c02,4,2
314365,3001,4,1
314365,3001,0,2
314365,3002,2,2
314365,3002,4,1
314365,3003,2,3
314365,3004,25,1
314365,3004,1,1
314365,3004,14,1
314365,3004,2,3
314365,3004,27,1
314365,3004,6,4
314365,3005,0,1
314365,3009,25,2
314365,3009,0,2
314365,3010,2,5
314365,3010,4,1
314365,3010,6,4
314365,3020,8,2
314365,3020,1,2
314365,3020,2,6
314365,3020,0,4
314365,3021,25,1
314365,3021,2,4
314365,3021,1,1
314365,3021,4,2
314365,3022,2,3
314365,3022,0,5
314365,3022,7,1
314365,3022,14,1
314365,3022,8,1
314365,3022,1,2
314365,3023,14,1
314365,3023,15,2
314365,3023,8,1
314365,3023,6,2
314365,3024,4,2
314365,3034,2,1
314365,3034,6,2
314365,30365,0,15
314365,30365,2,4
314365,30383,2,4
314365,30383,0,10
314365,30386,4,10
314365,30386,2,8
314365,30387,4,8
314365,30389c,1,1
314365,3039,25,3
314365,3039,0,1
314365,3039,4,1
314365,3039,2,6
314365,30407,47,4
314365,3040b,4,2
314365,3040b,73,2
314365,3040b,1,2
314365,3040b,0,2
314365,3045,25,2
314365,3048c,0,2
314365,3048c,27,6
314365,3048c,2,4
314365,30540,6,4
314365,30541,4,2
314365,30552,8,12
314365,30553,0,18
314365,30554a,0,8
314365,30565,4,4
314365,30602,25,2
314365,32062,0,6
314365,3298,2,4
314365,3298,25,8
314365,3298,4,2
314365,3298,0,1
314365,3300,2,1
314365,3460,0,1
314365,3460,14,2
314365,3622,4,2
314365,3622,1,1
314365,3622,351,1
314365,3623,4,2
314365,3623,0,1
314365,3623,2,4
314365,3623,320,1
314365,3626b,15,2
314365,3660,2,4
314365,3660,4,2
314365,3660,1,1
314365,3665,4,2
314365,3666,4,1
314365,3666,1,1
314365,3700,2,1
314365,3705,0,6
314365,3706,0,6
314365,3710,2,1
314365,3710,0,2
314365,3710,27,4
314365,3710,14,2
314365,3710,25,6
314365,3710,4,1
314365,3730,0,1
314365,3747a,2,2
314365,3747a,4,4
314365,3794a,2,1
314365,3794a,4,1
314365,3794a,0,1
314365,3795,2,2
314365,3795,0,1
314365,3839b,27,1
314365,3839b,4,1
314365,3958,4,1
314365,4032a,2,12
314365,4070,15,2
314365,4070,2,4
314365,4081b,0,2
314365,4085c,0,2
314365,4085c,4,1
314365,41747,2,1
314365,41747,6,2
314365,41747,4,2
314365,41748,6,2
314365,41748,2,1
314365,41748,4,2
314365,42023,73,1
314365,4286,2,2
314365,4286,1,2
314365,4319,8,2
314365,43710,25,1
314365,43711,25,1
314365,43713,2,3
314365,43713,6,1
314365,43719,0,1
314365,43719,6,2
314365,43719,4,2
314365,43720,2,1
314365,43721,2,1
314365,43722,73,1
314365,43722,27,1
314365,43723,73,1
314365,43723,27,1
314365,44301a,25,2
314365,44301a,8,2
314365,44301a,1,8
314365,44302a,0,2
314365,44302a,25,2
314365,4589,2,1
314365,4623,4,1
314365,4740,15,2
314365,4740,42,2
314365,4740,47,2
314365,4855,6,3
314365,4858,6,1
314365,4871,6,1
314365,48933,6,1
314365,6007,8,1
314365,6091,4,3
314365,6091,379,1
314365,6141,8,2
314365,6141,4,5
314365,6141,14,2
314365,6141,15,4
314365,6141,0,6
314365,6141,27,12
314365,73983,6,4
314365,73983,2,8
314365,73983,1,4
314365,73983,0,8
314498,20482,14,1
314498,20482,4,1
314498,2412b,71,2
314498,24314c01,47,2
314498,3002,15,1
314498,30031,71,1
314498,3020,72,1
314498,3023,4,1
314498,30237b,70,1
314498,3062b,14,1
314498,3062b,4,1
314498,3069b,4,2
314498,3070bpr0234,71,1
314498,32607,10,1
314498,39767,0,1
314498,44728,0,3
314498,50015,10,1
314498,60470b,71,1
314498,6141,484,3
314498,6141,19,1
314498,65578,71,1
314498,65886,4,2
314498,87580,71,1
314498,92851,47,1
314498,98138,19,3
314498,99207,19,2
314606,11303,4,1
314606,28621pr4057,14,1
314606,970c24,379,1
314606,973c22h01,4,1
314610,18787,1103,1
314610,18792,70,1
314610,3003,71,1
314610,3024,46,1
314610,3024,182,1
314610,3031,15,1
314610,64644,308,1
314610,87580,15,1
314616,19729pr0093,27,1
314616,19730,30,1
314616,970c07,308,1
314616,973c35h18pr0003,70,1
314617,19723,30,1
314617,19729pr0098,71,1
314617,6266,71,2
314617,78132,71,1
314617,93061,71,2
314766,3626cpr2589,9999,1
314766,53126,308,1
314766,970c19,70,1
314766,973c01h01pr5641,9999,1
315119,2569,0,1
315119,2873,1,1
315119,3032,19,1
315119,3297,15,1
315119,3660,15,2
315119,3960,42,1
315119,3962b,0,1
315119,4079,1,1
315119,4083,1,1
315119,4315,1,1
315119,4349,0,2
315119,4589,42,1
315119,4735,7,1
315290,109373,0,4
315290,112174,15,4
315290,112175pat0001,0,2
315290,114253,15,1
315290,118091,15,1
315290,118092,15,1
315290,119190,9999,1
315290,14769pr9967,15,12
315290,15208,15,4
315290,15535,3,4
315290,18575,19,2
315290,2445,15,4
315290,2456,85,4
315290,2654,71,6
315290,3001,2,2
315290,3001,191,2
315290,3001,1,2
315290,3001,85,4
315290,3001,30,4
315290,3001,3,4
315290,3001,4,2
315290,3003,3,4
315290,3003,1050,4
315290,3003,85,4
315290,3003,15,4
315290,3007,15,4
315290,3020,1050,4
315290,3034,85,4
315290,3040b,52,6
315290,30592,71,2
315290,32059,0,2
315290,32062,4,4
315290,32064a,1050,4
315290,32073,71,2
315290,32270,0,2
315290,32498,0,2
315290,32580,0,4
315290,3298,85,4
315290,3565,47,4
315290,3665,1050,4
315290,3673,14,12
315290,3700,3,4
315290,3701,15,4
315290,3702,15,4
315290,3705,0,2
315290,3706,4,2
315290,3795,3,4
315290,3894,0,4
315290,3941,47,4
315290,39789,0,4
315290,40687,71,2
315290,41740,85,4
315290,42022,0,4
315290,4286,15,4
315290,4287c,0,4
315290,44728,85,6
315290,44865,15,4
315290,4519,14,6
315290,46212,52,4
315290,50303,15,4
315290,5251,3,1
315290,5253,0,2
315290,5489,52,4
315290,5518,3,4
315290,59443,1050,4
315290,59900,52,8
315290,60474,15,4
315290,6126b,41,4
315290,6126b,182,4
315290,6232,0,4
315290,6636,1050,4
315290,66790,85,3
315290,66857,0,4
315290,68568,3,4
315290,68568,15,4
315290,71752,71,6
315290,7332,47,2
315290,7333,85,2
315290,7334,15,2
315290,7335,0,2
315290,7469,15,2
315290,7769,1050,4
315290,85544,4,2
315290,96874,3,1
315290,99207,3,4
315291,109373,0,4
315291,112174,15,4
315291,112175pat0001,0,2
315291,114253,15,1
315291,115901,15,1
315291,118084,15,1
315291,118091,15,1
315291,118092,15,1
315291,119190,9999,2
315291,14720,0,2
315291,14769pr9967,15,8
315291,15208,15,4
315291,15535,3,4
315291,18575,19,4
315291,18651,0,4
315291,18654,3,4
315291,2445,3,4
315291,2456,71,2
315291,2476a,0,4
315291,2639,15,2
315291,2654,0,4
315291,2817,71,4
315291,3001,2,2
315291,3001,1,2
315291,3001,30,2
315291,3001,4,2
315291,3001,191,2
315291,3001,3,2
315291,3003,3,4
315291,3003,15,4
315291,3003,1050,4
315291,3007,15,2
315291,3020,1050,4
315291,30357,3,2
315291,3040b,47,4
315291,30592,71,2
315291,3066,47,4
315291,32001,71,4
315291,32013,15,4
315291,32062,4,8
315291,32064a,1050,4
315291,32073,71,4
315291,32199,0,2
315291,32270,0,2
315291,32498,0,2
315291,32526,71,2
315291,32530,0,2
315291,32555,0,2
315291,32580,15,2
315291,3298,3,4
315291,3665,1050,4
315291,3673,14,12
315291,3700,3,4
315291,3701,15,4
315291,3702,71,4
315291,3703,0,2
315291,3705,4,2
315291,3706,0,2
315291,3709,0,4
315291,3713,71,4
315291,3737,4,2
315291,3738,15,4
315291,3894,0,4
315291,3895,15,2
315291,3941,47,4
315291,39789,0,4
315291,39793,3,2
315291,4032a,71,4
315291,40687,71,2
315291,4162,3,4
315291,41740,3,4
315291,4282,15,2
315291,44728,3,2
315291,44865,15,4
315291,4519,14,6
315291,46303,15,1
315291,46372,71,2
315291,48267,0,4
315291,49153,15,4
315291,5251,3,2
315291,5253,0,2
315291,5489,47,4
315291,5712,0,4
315291,59443,1050,4
315291,59900,3,8
315291,6003,0,4
315291,60169,71,4
315291,60474,15,2
315291,61332,0,8
315291,61485,71,2
315291,6183,3,4
315291,6222,71,2
315291,6232,0,4
315291,65734,47,4
315291,66789,71,2
315291,66857,1050,4
315291,68568,15,4
315291,69729,0,2
315291,7096,15,2
315291,71752,71,4
315291,7229,3,2
315291,7332,47,2
315291,7333,71,2
315291,7334,15,4
315291,7335,0,4
315291,7336,71,2
315291,7469,15,2
315291,7654,15,4
315291,7769,1050,4
315291,85544,4,2
315291,86876,71,4
315291,91988,0,2
315291,96874,3,1
315291,99207,71,2
315293,109373,0,4
315293,112174,15,2
315293,14769pr9967,15,4
315293,15208,15,4
315293,15535,3,4
315293,18575,19,2
315293,2456,85,2
315293,2654,71,8
315293,3001,4,2
315293,3001,1,2
315293,3001,85,4
315293,3001,191,2
315293,3001,30,2
315293,3001,2,2
315293,3001,3,4
315293,3003,85,4
315293,3003,3,4
315293,3003,1050,4
315293,3003,15,4
315293,3020,1050,4
315293,3034,85,2
315293,3040b,52,8
315293,30592,71,2
315293,32059,0,2
315293,32064a,1050,4
315293,32073,71,2
315293,3298,85,4
315293,3673,14,12
315293,3700,3,4
315293,3701,15,4
315293,3702,15,4
315293,3705,0,2
315293,3941,47,6
315293,39789,0,4
315293,4286,15,4
315293,44728,85,8
315293,44865,15,4
315293,4519,14,6
315293,5253,0,4
315293,5489,52,4
315293,59443,1050,4
315293,60474,15,4
315293,6126b,182,4
315293,6232,0,4
315293,6636,1050,2
315293,66857,0,4
315293,68568,3,4
315293,68568,15,4
315293,71752,71,8
315293,7335,0,4
315293,7469,15,2
315293,7769,1050,4
315293,85544,4,2
315293,99207,3,4
315294,109373,0,4
315294,112174,15,2
315294,14769pr9967,15,4
315294,15208,15,4
315294,15535,3,4
315294,18575,19,2
315294,18654,3,4
315294,2476a,0,6
315294,2639,15,2
315294,2654,0,4
315294,2817,71,4
315294,3001,1,2
315294,3001,191,2
315294,3001,2,2
315294,3001,3,2
315294,3001,4,2
315294,3001,30,2
315294,3003,15,4
315294,3003,3,4
315294,3003,1050,4
315294,3020,1050,4
315294,30357,3,2
315294,3040b,47,4
315294,32001,71,2
315294,32064a,1050,4
315294,32073,71,2
315294,32199,0,2
315294,32270,0,2
315294,32498,0,2
315294,32530,0,2
315294,32580,15,2
315294,3298,3,4
315294,3665,1050,4
315294,3673,14,12
315294,3700,3,4
315294,3701,15,4
315294,3702,71,2
315294,3706,0,2
315294,3709,0,4
315294,3738,15,2
315294,3894,0,2
315294,3941,47,6
315294,39789,0,4
315294,4032a,71,4
315294,41740,3,6
315294,44728,3,2
315294,44865,15,6
315294,4519,14,6
315294,46372,71,2
315294,49153,15,4
315294,5489,47,4
315294,5712,0,4
315294,59443,1050,4
315294,60169,71,2
315294,60474,15,2
315294,6183,3,2
315294,6232,0,4
315294,65734,47,4
315294,66857,1050,4
315294,68568,15,4
315294,71752,71,6
315294,7229,3,2
315294,7335,0,4
315294,7336,71,2
315294,7469,15,2
315294,7769,1050,4
315294,85544,4,2
315294,86876,71,4
315319,10197,0,2
315319,10288,25,2
315319,11010,334,2
315319,11090,4,1
315319,11153,15,2
315319,11211,322,7
315319,11211,19,2
315319,11211,15,8
315319,11211,29,1
315319,11211,72,29
315319,11211,212,8
315319,11211,25,1
315319,11212,71,6
315319,11212,272,5
315319,11212,72,4
315319,11212,19,2
315319,11212,326,4
315319,11212,15,6
315319,11212,0,2
315319,11212,70,6
315319,11212,25,4
315319,11213,15,2
315319,11214,72,6
315319,1126,84,16
315319,1126,0,2
315319,1126,71,13
315319,11458,70,6
315319,11477,71,1
315319,11477,25,12
315319,11477,19,4
315319,11477,15,4
315319,11477,5,24
315319,11477,1136,4
315319,11477,322,28
315319,11477,321,10
315319,11477,226,2
315319,11477,212,26
315319,11477,84,7
315319,11477,70,4
315319,116340,25,1
315319,116356,25,1
315319,11833,25,2
315319,11833,71,2
315319,13547,0,6
315319,13547,71,2
315319,13548,71,1
315319,13548,72,10
315319,14417,72,2
315319,14418,71,14
315319,14704,72,4
315319,14718,72,4
315319,14719,0,2
315319,14769,29,1
315319,14769,19,1
315319,14769,71,1
315319,14769,322,2
315319,15068,10,4
315319,15068,1136,3
315319,15068,322,54
315319,15068,321,17
315319,15068,84,4
315319,15068,70,2
315319,15068,25,17
315319,15068,19,3
315319,15254,19,4
315319,15395,2,2
315319,15469,26,6
315319,15533,71,2
315319,15535,15,2
315319,15535,2,6
315319,15535,25,2
315319,15535,71,3
315319,15535,70,4
315319,15573,70,2
315319,15573,212,1
315319,15573,84,2
315319,15573,322,18
315319,15573,71,4
315319,15573,4,1
315319,15573,308,2
315319,15573,2,2
315319,15573,15,6
315319,15573,25,3
315319,15573,29,24
315319,15672,25,6
315319,15672,15,2
315319,15672,0,2
315319,15672,1136,2
315319,15672,484,2
315319,15672,19,2
315319,15706,71,4
315319,15712,15,6
315319,16577,84,1
315319,1745,0,8
315319,1748,322,14
315319,1748,10,8
315319,1748,0,2
315319,1748,321,5
315319,1748,29,3
315319,17485,71,2
315319,1750,84,2
315319,1750,321,4
315319,1750,19,2
315319,1750,72,2
315319,1750,322,16
315319,18646,321,4
315319,18646,19,2
315319,18649,14,2
315319,18649,19,16
315319,18651,0,2
315319,18653,72,2
315319,18654,25,4
315319,18654,70,2
315319,18677,0,2
315319,18980,71,1
315319,18980,70,2
315319,18980,322,2
315319,18980,72,2
315319,18980,28,4
315319,19119,288,3
315319,1927,25,2
315319,1927,5,12
315319,20482,1,4
315319,20482,15,4
315319,20482,0,1
315319,22385,29,3
315319,22385,0,8
315319,22388,28,10
315319,22484,25,12
315319,22484,72,1
315319,22885,4,1
315319,22885,321,4
315319,22885,272,8
315319,22885,84,4
315319,22885,71,2
315319,22885,28,4
315319,22885,15,3
315319,22885,14,4
315319,22885,0,28
315319,22886,71,4
315319,22890,72,9
315319,2310,322,14
315319,2357,1,2
315319,2357,14,4
315319,2357,322,8
315319,2357,72,6
315319,2357,71,3
315319,23949,72,1
315319,2412b,15,2
315319,2412b,14,10
315319,2420,72,4
315319,2420,84,10
315319,2420,71,9
315319,2420,27,12
315319,2420,28,2
315319,2420,288,32
315319,2420,322,8
315319,2420,25,4
315319,2420,26,6
315319,2420,0,2
315319,2420,1,7
315319,2420,19,10
315319,24201,15,6
315319,24201,25,8
315319,24201,2,8
315319,24246,25,2
315319,24246,14,6
315319,24246,71,2
315319,24299,72,4
315319,24299,19,5
315319,24299,25,1
315319,24299,28,1
315319,24299,70,2
315319,24299,321,3
315319,24299,322,4
315319,24299,1136,4
315319,24307,25,1
315319,24307,19,5
315319,24307,1136,16
315319,24307,322,4
315319,24307,321,3
315319,24307,72,1
315319,24307,70,2
315319,24307,28,1
315319,24307,1,3
315319,2431,25,7
315319,2431,72,1
315319,2431,1136,1
315319,2431,70,2
315319,2431,71,1
315319,2431,226,2
315319,2431,272,2
315319,2431,322,1
315319,2431,0,2
315319,24316,70,13
315319,24375,25,8
315319,2445,72,1
315319,2445,322,5
315319,2445,71,2
315319,2450,19,2
315319,2450,322,4
315319,2450,0,4
315319,2450,28,3
315319,2453b,15,1
315319,2453b,71,2
315319,2454b,71,3
315319,2456,0,2
315319,2456,27,4
315319,2456,322,4
315319,2456,72,6
315319,24866,10,34
315319,24866,1136,2
315319,2489,71,2
315319,25269,322,8
315319,25269,321,2
315319,25269,484,7
315319,25269,1136,38
315319,25269,41,24
315319,25269,29,3
315319,25269,28,5
315319,25269,25,2
315319,25269,70,14
315319,25269,19,4
315319,26047,72,2
315319,2639,15,1
315319,2639,71,2
315319,2639,0,2
315319,2639,72,4
315319,2654,0,6
315319,2654,71,1
315319,26599,71,3
315319,26601,322,10
315319,26601,15,4
315319,26601,0,2
315319,26601,72,1
315319,26601,28,4
315319,26601,321,4
315319,26603,14,2
315319,26603,25,6
315319,26603,71,2
315319,26603,322,4
315319,26603,19,1
315319,26604,72,6
315319,26604,19,8
315319,26604,15,6
315319,26604,71,12
315319,26604,191,6
315319,26604,84,2
315319,2682,288,21
315319,27263,70,4
315319,27263,1136,1
315319,27263,14,1
315319,2730,72,2
315319,2752,19,2
315319,27925,484,13
315319,27925,19,2
315319,27925,25,8
315319,27925,84,16
315319,27925,322,20
315319,27925,321,8
315319,27925,28,4
315319,27925,70,6
315319,28192,72,5
315319,28192,0,6
315319,28192,70,2
315319,29119,15,1
315319,29119,0,1
315319,29119,19,1
315319,29119,28,3
315319,29120,15,1
315319,29120,19,1
315319,29120,28,2
315319,29120,0,1
315319,3001,19,4
315319,3001,4,10
315319,3001,321,1
315319,3001,72,1
315319,3001,71,2
315319,3002,70,8
315319,3002,484,1
315319,3002,72,6
315319,3002,71,6
315319,3002,19,2
315319,3002,15,8
315319,3002,1,1
315319,3003,71,1
315319,3003,72,9
315319,3003,272,3
315319,3003,322,4
315319,3003,15,2
315319,3003,70,4
315319,3003,1136,2
315319,3003,4,3
315319,3004,3,2
315319,3004,15,4
315319,3004,1136,3
315319,3004,308,4
315319,3004,72,1
315319,3004,14,8
315319,3004,70,4
315319,3004,19,10
315319,3004,321,4
315319,3004,226,2
315319,3004,484,4
315319,3004,25,5
315319,3004,4,1
315319,3005,25,4
315319,3005,41,2
315319,3005,5,12
315319,3005,4,2
315319,3005,0,2
315319,3005,19,2
315319,3005,72,9
315319,3005,484,2
315319,3005,322,8
315319,3005,272,8
315319,3005,378,4
315319,3006,71,9
315319,3006,0,1
315319,3007,71,1
315319,3008,71,3
315319,3009,14,2
315319,3009,322,4
315319,3009,71,2
315319,3010,226,4
315319,3010,72,2
315319,3010,14,2
315319,3010,322,2
315319,3010,70,1
315319,3010,26,2
315319,3010,378,1
315319,3010,272,1
315319,3010,0,1
315319,30136,28,4
315319,30136,84,6
315319,30136,484,8
315319,30136,72,9
315319,30136,0,2
315319,30136,71,18
315319,30137,84,8
315319,30153,34,2
315319,3020,308,2
315319,3020,321,6
315319,3020,226,3
315319,3020,484,7
315319,3020,322,36
315319,3020,26,2
315319,3020,2,4
315319,3020,72,7
315319,3020,0,13
315319,3020,84,5
315319,3020,15,2
315319,3020,19,3
315319,3020,4,3
315319,3020,70,4
315319,3020,25,6
315319,3020,71,2
315319,3021,15,2
315319,3021,1136,9
315319,3021,484,4
315319,3021,378,4
315319,3021,322,30
315319,3021,321,10
315319,3021,272,4
315319,3021,226,5
315319,3021,0,1
315319,3021,4,10
315319,3021,212,7
315319,3021,84,2
315319,3021,72,5
315319,3021,70,3
315319,3021,28,10
315319,3021,25,10
315319,3021,19,9
315319,3021,14,15
315319,3022,1136,8
315319,3022,3,1
315319,3022,19,6
315319,3022,26,3
315319,3022,297,1
315319,3022,308,5
315319,3022,72,6
315319,3022,321,7
315319,3022,326,8
315319,3022,378,6
315319,3022,0,8
315319,3022,71,14
315319,3022,84,26
315319,3022,4,2
315319,3022,322,19
315319,3022,25,4
315319,3023,28,12
315319,3023,226,15
315319,3023,71,14
315319,3023,322,35
315319,3023,14,19
315319,3023,15,21
315319,3023,321,23
315319,3023,46,11
315319,3023,30,4
315319,3023,3,7
315319,3023,5,18
315319,3023,4,2
315319,3023,0,10
315319,3023,191,13
315319,3023,72,2
315319,3023,84,18
315319,3023,1136,14
315319,3023,19,12
315319,3023,41,20
315319,3023,25,53
315319,30236,71,1
315319,30237b,15,4
315319,30237b,1,2
315319,3024,25,24
315319,3024,0,16
315319,3024,15,12
315319,3024,4,3
315319,3024,3,8
315319,3024,226,2
315319,3024,321,10
315319,3024,272,14
315319,3024,72,3
315319,3024,70,12
315319,3024,322,14
315319,3028,72,1
315319,3029,0,1
315319,3030,0,4
315319,3031,322,2
315319,3031,10,2
315319,3031,19,1
315319,3031,70,2
315319,3031,72,1
315319,3031,84,1
315319,3031,320,1
315319,3032,72,2
315319,3032,70,1
315319,3032,28,2
315319,3032,15,2
315319,3032,71,1
315319,3032,0,1
315319,3032,322,2
315319,3033,70,1
315319,3033,0,1
315319,3033,272,1
315319,3034,72,1
315319,3034,28,2
315319,3034,322,10
315319,3034,84,1
315319,3034,3,2
315319,3034,14,3
315319,3034,272,4
315319,3034,2,4
315319,3034,70,3
315319,3035,272,6
315319,3035,0,2
315319,3035,70,2
315319,3035,322,1
315319,30357,25,4
315319,30357,28,6
315319,30357,72,3
315319,30357,226,4
315319,30357,322,18
315319,30357,484,10
315319,3036,0,2
315319,3036,72,2
315319,3036,84,4
315319,3037,19,2
315319,30374,1,2
315319,3039,26,2
315319,3039,71,2
315319,3039,322,4
315319,3039,378,4
315319,3039,84,1
315319,3039,25,2
315319,3040b,321,4
315319,3040b,322,8
315319,3040b,25,2
315319,3040b,70,2
315319,3040b,191,2
315319,3040b,72,26
315319,30414,71,8
315319,30414,19,4
315319,30414,15,2
315319,30414,321,6
315319,30414,0,10
315319,3043,0,2
315319,3044c,72,1
315319,3045,1136,1
315319,3046a,72,1
315319,30503,19,2
315319,30503,1,2
315319,30565,71,1
315319,30565,10,8
315319,30565,70,5
315319,30565,272,10
315319,30565,322,4
315319,3062b,72,1
315319,3062b,27,8
315319,3062b,14,2
315319,3062b,15,4
315319,3068b,1136,14
315319,3068b,70,1
315319,3068b,10,12
315319,3068b,3,2
315319,3068b,72,7
315319,3068b,14,3
315319,3068b,321,4
315319,3068b,25,5
315319,3068b,322,8
315319,3068b,0,2
315319,3068b,484,2
315319,3069b,72,4
315319,3069b,25,13
315319,3069b,19,6
315319,3069b,0,4
315319,3069b,84,4
315319,3069b,1136,9
315319,3069b,484,5
315319,3069b,322,11
315319,3069b,226,2
315319,3069b,321,2
315319,3069b,71,4
315319,3069bpr0219,322,1
315319,3069bpr0222,25,1
315319,3070b,322,10
315319,3070b,70,4
315319,3070b,15,2
315319,3070b,321,6
315319,3070b,1136,1
315319,3167,0,2
315319,3172,4,2
315319,3176,71,1
315319,32000,71,1
315319,32000,15,6
315319,32000,14,1
315319,32000,19,1
315319,32000,4,3
315319,32013,25,2
315319,32015,70,1
315319,32016,25,6
315319,32016,15,4
315319,32016,28,2
315319,32018,0,8
315319,32018,72,4
315319,32028,25,1
315319,32028,70,2
315319,32062,4,46
315319,32064a,71,4
315319,32064a,272,4
315319,32064a,19,8
315319,32064a,14,5
315319,32064a,72,6
315319,32064a,212,4
315319,32064a,0,2
315319,32064a,28,4
315319,32073,71,4
315319,32123b,71,2
315319,32123b,14,2
315319,32192,4,4
315319,32192,71,4
315319,32192,25,6
315319,32316,26,2
315319,32316,4,2
315319,32324,0,1
315319,3245c,72,1
315319,3245c,71,2
315319,32523,2,2
315319,32523,4,9
315319,32524,14,4
315319,32526,1136,2
315319,32526,322,2
315319,32531,0,3
315319,32532,71,1
315319,32607,288,16
315319,32607,10,2
315319,32802,0,4
315319,32803,484,2
315319,32828,84,2
315319,32952,322,6
315319,32952,4,2
315319,32952,19,5
315319,32952,70,4
315319,32952,72,2
315319,32952,0,2
315319,32952,84,4
315319,3298,0,1
315319,3298,72,1
315319,3300,72,2
315319,33243,226,2
315319,3386,19,22
315319,3386,2,8
315319,3386,0,10
315319,3386,4,6
315319,3386,15,6
315319,33909,28,4
315319,33909,0,4
315319,33909,19,1
315319,33909,72,3
315319,3396,29,3
315319,34103,0,4
315319,34103,84,4
315319,34103,322,4
315319,3460,308,1
315319,3460,0,1
315319,3460,1,1
315319,3460,70,2
315319,3460,19,4
315319,3460,1136,1
315319,3460,322,2
315319,3460,272,1
315319,3460,72,3
315319,3460,71,2
315319,35044,70,3
315319,35186,71,2
315319,35464,14,8
315319,35464,19,8
315319,35480,27,18
315319,35480,5,2
315319,35480,0,9
315319,35480,320,3
315319,35480,378,32
315319,35480,4,4
315319,35480,1,12
315319,35480,28,12
315319,35480,14,22
315319,35480,71,4
315319,35480,484,23
315319,35480,84,4
315319,3563,3,6
315319,3563,70,2
315319,3563,0,1
315319,3573,19,8
315319,3573,71,2
315319,3573,322,4
315319,3573,70,8
315319,35787,322,6
315319,35787,72,6
315319,35787,321,2
315319,35787,70,2
315319,3622,19,2
315319,3622,484,4
315319,3622,72,4
315319,3622,322,8
315319,3622,70,2
315319,3622,1,5
315319,3622,2,2
315319,3622,4,4
315319,3623,4,4
315319,3623,25,4
315319,3623,26,4
315319,3623,28,10
315319,3623,71,3
315319,3623,226,4
315319,3623,72,9
315319,3623,321,2
315319,3623,322,16
315319,3623,0,2
315319,3623,3,5
315319,3623,19,10
315319,3659,70,1
315319,3659,19,3
315319,3659,0,1
315319,3659,72,1
315319,3660,272,1
315319,3660,19,1
315319,3665,0,2
315319,3665,71,6
315319,3665,72,3
315319,3666,5,12
315319,3666,0,6
315319,3666,226,8
315319,3666,72,4
315319,3666,71,5
315319,3666,322,5
315319,3666,1136,2
315319,3666,29,1
315319,3666,28,17
315319,3666,27,1
315319,3666,19,7
315319,36840,25,8
315319,36840,71,8
315319,36840,72,4
315319,36840,2,8
315319,36840,19,2
315319,36841,0,2
315319,36841,484,4
315319,36841,19,4
315319,36841,10,8
315319,36841,71,4
315319,3700,72,7
315319,3700,25,1
315319,3700,71,2
315319,3701,19,2
315319,3701,15,1
315319,3701,14,2
315319,3701,4,1
315319,3702,4,2
315319,3702,27,2
315319,3703,15,2
315319,3703,71,7
315319,3705,0,3
315319,3705,4,5
315319,3706,0,2
315319,3706,4,2
315319,3708,4,1
315319,3709,84,2
315319,3710,2,2
315319,3710,1136,11
315319,3710,378,5
315319,3710,322,12
315319,3710,321,4
315319,3710,226,5
315319,3710,84,17
315319,3710,72,24
315319,3710,71,7
315319,3710,30,8
315319,3710,28,15
315319,3710,27,1
315319,3710,25,23
315319,3710,14,2
315319,3710,5,12
315319,3710,1,4
315319,3710,0,24
315319,3713,71,2
315319,3713,4,2
315319,3713,0,1
315319,37352,25,8
315319,3749,19,4
315319,37775,182,1
315319,37775,41,1
315319,3795,70,3
315319,3795,0,16
315319,3795,321,4
315319,3795,27,4
315319,3795,28,3
315319,3795,71,2
315319,3795,322,8
315319,3795,1,2
315319,3795,72,1
315319,3795,2,1
315319,3795,19,1
315319,3795,25,1
315319,3832,484,1
315319,3832,72,4
315319,3832,0,2
315319,3894,1,2
315319,3895,15,2
315319,3937,0,6
315319,3937,72,8
315319,3937,1,1
315319,3938,72,2
315319,3941,4,2
315319,3941,15,6
315319,3941,2,3
315319,3941,71,4
315319,3942c,10,2
315319,3958,72,4
315319,39789,70,2
315319,39793,0,2
315319,4032a,322,3
315319,4032a,5,1
315319,4032a,2,1
315319,4032a,10,2
315319,4032a,288,9
315319,4032a,71,10
315319,4032a,15,2
315319,4032a,14,8
315319,4032a,72,6
315319,40490,15,2
315319,4070,15,8
315319,4070,19,4
315319,4070,25,4
315319,4070,26,2
315319,4070,71,8
315319,41539,72,1
315319,4162,70,3
315319,4162,272,2
315319,4162,0,2
315319,4162,28,1
315319,41677,15,2
315319,41682,84,1
315319,41682,71,5
315319,41682,321,4
315319,41682,28,13
315319,41682,14,2
315319,41682,19,1
315319,41682,72,3
315319,41740,84,1
315319,41740,71,6
315319,41740,4,1
315319,41740,19,5
315319,41740,14,1
315319,41740,72,4
315319,41769,322,1
315319,41770,322,1
315319,42022,5,12
315319,42023,15,2
315319,42135,14,4
315319,4282,1,2
315319,4282,28,2
315319,4282,72,2
315319,4282,71,1
315319,4286,1136,7
315319,4286,72,1
315319,4286,71,1
315319,4286,321,2
315319,42862,70,2
315319,4286pr0001,321,1
315319,4286pr0002,321,1
315319,4287c,15,4
315319,4287c,2,2
315319,4287c,321,2
315319,42918,0,10
315319,42924,1,18
315319,4304,72,28
315319,4304,71,6
315319,4304,19,20
315319,4304,14,20
315319,4304,15,2
315319,4304,0,1
315319,4304,1,21
315319,4304,272,1
315319,4304,4,8
315319,43093,1,14
315319,43710,72,7
315319,43711,72,7
315319,43722,25,2
315319,43722,321,2
315319,43722,0,1
315319,43722,72,2
315319,43722,28,2
315319,43723,71,2
315319,43723,321,2
315319,43723,72,1
315319,43723,28,2
315319,43723,25,2
315319,44294,14,2
315319,4460b,72,2
315319,44728,71,12
315319,44728,3,2
315319,44728,25,4
315319,44728,72,8
315319,44728,0,2
315319,4477,71,2
315319,4477,19,1
315319,4477,15,1
315319,4477,0,2
315319,4477,72,4
315319,4477,322,1
315319,44809,0,2
315319,44861,0,6
315319,44861,15,20
315319,44861,14,4
315319,44874,0,3
315319,4519,14,12
315319,4569,72,2
315319,4569,322,4
315319,4585,15,2
315319,4733,0,2
315319,47455,72,2
315319,48165,70,2
315319,48169,72,2
315319,48171,0,2
315319,48336,72,3
315319,48336,1136,3
315319,48336,19,2
315319,48336,0,3
315319,48336,322,8
315319,49307,25,2
315319,49307,70,4
315319,49668,15,6
315319,5066,191,4
315319,5066,19,1
315319,5066,25,1
315319,5091,29,3
315319,5091,1136,1
315319,5091,226,2
315319,5091,72,4
315319,5091,36,4
315319,5091,25,4
315319,5091,19,2
315319,5091,15,1
315319,5091,10,12
315319,5091,0,2
315319,5092,19,2
315319,5092,15,1
315319,5092,10,12
315319,5092,72,12
315319,5092,0,2
315319,5092,226,2
315319,5092,36,4
315319,5092,29,3
315319,5092,25,4
315319,5092,1136,5
315319,5093,1,5
315319,5095,1,5
315319,50950,25,4
315319,50950,321,4
315319,50950,322,16
315319,50950,70,18
315319,50950,29,2
315319,5151,288,12
315319,52107,0,9
315319,52107,28,1
315319,5264,297,1
315319,53451,15,22
315319,53585,71,2
315319,53585,0,2
315319,5404,72,14
315319,5404,321,6
315319,5404,0,6
315319,54200,321,6
315319,54200,72,2
315319,54200,41,49
315319,54200,5,12
315319,54200,484,4
315319,5489,15,12
315319,55013,72,3
315319,5520,15,4
315319,5520,321,2
315319,5520,226,2
315319,5520,29,3
315319,5520,28,1
315319,5520,4,1
315319,5555,25,1
315319,5565,15,6
315319,5565,4,2
315319,5654,71,2
315319,5712,0,2
315319,5713,71,4
315319,57909b,0,6
315319,5841,19,2
315319,5841,71,2
315319,5841,84,8
315319,5841,322,8
315319,5841,25,24
315319,5841,0,2
315319,5841,321,10
315319,5842,71,1
315319,5847,15,2
315319,5849,0,1
315319,5850,0,2
315319,5852,25,22
315319,5852,322,44
315319,5852,19,2
315319,5852,84,8
315319,5852,321,20
315319,5904,25,6
315319,5906,25,4
315319,5906,322,6
315319,5907,25,8
315319,5907,71,5
315319,5907,322,16
315319,5907,19,2
315319,59349,72,9
315319,59443,272,2
315319,59900,25,4
315319,6003,70,6
315319,60470b,4,2
315319,60470b,0,3
315319,60470b,28,18
315319,60470b,84,1
315319,60470b,322,2
315319,60474,308,2
315319,60474,322,2
315319,60475b,14,4
315319,60476,14,8
315319,60477,72,9
315319,60477,19,2
315319,60478,71,6
315319,60478,0,4
315319,60479,71,2
315319,60479,72,2
315319,60481,15,2
315319,60481,72,3
315319,60484,0,2
315319,60593,72,3
315319,60897,25,4
315319,60897,322,2
315319,6106,70,2
315319,6106,15,6
315319,6106,28,2
315319,6111,71,1
315319,6111,72,2
315319,6112,72,4
315319,61252,15,4
315319,61252,25,4
315319,61332,0,101
315319,6134,19,3
315319,6134,71,10
315319,61406pat0008,10,4
315319,6141,15,33
315319,6141,25,20
315319,6141,26,6
315319,6141,27,4
315319,6141,28,13
315319,6141,72,4
315319,6141,308,2
315319,6141,378,3
315319,6141,71,2
315319,6141,70,4
315319,6141,4,2
315319,6141,0,6
315319,6192b,71,1
315319,62462,25,8
315319,63864,1,2
315319,63864,484,2
315319,63864,10,16
315319,63864,15,1
315319,63864,322,16
315319,63864,25,2
315319,63864,70,3
315319,63868,28,2
315319,63868,71,2
315319,63965,4,3
315319,64644,297,1
315319,64799,72,1
315319,64799,70,3
315319,64799,0,8
315319,64799,1,2
315319,64799,71,2
315319,65092,1053,6
315319,65304,25,12
315319,65304,0,6
315319,6536,25,2
315319,6541,70,2
315319,65426,0,1
315319,65426,70,4
315319,65426,28,3
315319,65426,1136,2
315319,65426,322,3
315319,65429,70,4
315319,65429,28,3
315319,65429,0,2
315319,65429,1136,5
315319,65429,322,3
315319,65487,25,2
315319,65578,2,8
315319,65676,25,1
315319,6575,15,6
315319,65826,10,1
315319,6632,1,2
315319,6636,0,1
315319,6636,25,2
315319,66857,0,2
315319,66857,226,2
315319,66857,15,2
315319,66906,0,4
315319,67095,321,2
315319,67095,70,4
315319,67095pr0041,322,1
315319,67095pr0043,322,1
315319,67329,72,4
315319,67329,5,24
315319,67329,71,4
315319,67695,0,1
315319,67695,72,1
315319,67696,0,6
315319,67696,15,2
315319,67696,19,2
315319,67697,0,2
315319,6801,25,2
315319,68013,71,4
315319,68211,19,6
315319,68568,3,4
315319,68568,71,1
315319,6901,30,3
315319,6957,226,3
315319,6958,41,2
315319,69729,71,2
315319,69729,19,1
315319,69729,322,3
315319,69729,0,1
315319,69984,5,2
315319,7068,14,1
315319,70681,72,2
315319,70681,1,21
315319,70681,71,5
315319,70681,25,6
315319,70681,212,8
315319,70681,0,2
315319,7126,71,2
315319,7126,15,12
315319,71710,0,4
315319,71752,0,1
315319,72132,71,7
315319,7229,15,1
315319,7241,70,6
315319,7244,25,2
315319,7249,322,6
315319,7302,0,8
315319,7302,321,4
315319,73109,4,4
315319,73109,71,6
315319,73109,84,4
315319,73230,84,10
315319,73230,1,4
315319,73230,15,8
315319,73230,4,4
315319,7324,25,8
315319,7324,10,10
315319,73562,4,4
315319,73825,0,6
315319,73825,19,4
315319,73825,25,6
315319,73825,72,9
315319,73825,2,4
315319,73831,71,4
315319,7525pr0001,321,1
315319,7532,84,12
315319,7654,15,5
315319,7674,71,2
315319,7674,2,2
315319,76797,29,2
315319,76797,70,4
315319,76797,72,2
315319,76959,71,2
315319,76959,72,2
315319,76959,70,1
315319,7729,25,4
315319,7729,5,4
315319,77765,71,2
315319,77808,14,4
315319,7784,28,2
315319,77842,15,2
315319,77844,84,5
315319,77844,0,4
315319,77844,14,2
315319,77844,4,4
315319,77844,71,5
315319,77845,25,2
315319,77845,0,8
315319,77845,4,1
315319,77845,15,2
315319,77850,1,2
315319,77850,70,2
315319,77850,25,2
315319,77850,0,9
315319,77850,28,2
315319,7825,322,8
315319,78256,322,4
315319,78256,15,2
315319,7826,0,2
315319,7828pr0001,25,1
315319,7829pr0001,25,1
315319,78329,72,2
315319,78329,19,7
315319,78329,14,4
315319,78329,84,4
315319,78329,71,2
315319,7836,41,9
315319,78443,10,8
315319,78444,10,8
315319,78666,1,26
315319,78666,72,4
315319,7904,25,12
315319,7904,226,2
315319,7904,70,2
315319,79180,0,1
315319,79389,15,2
315319,79389,71,12
315319,79389,72,10
315319,79389,84,2
315319,79393,15,8
315319,79393,484,4
315319,79393,322,2
315319,79393,321,8
315319,79393,84,16
315319,79491,0,2
315319,79491,25,2
315319,79491,28,2
315319,79756,25,1
315319,79757,70,4
315319,80177,322,2
315319,80177,1136,9
315319,80177,19,3
315319,80177,226,2
315319,80177,70,4
315319,80177,25,1
315319,80178,19,3
315319,80178,322,2
315319,80178,25,1
315319,80178,70,4
315319,80178,226,2
315319,80178,1136,5
315319,80796,72,2
315319,85080,70,12
315319,85861,27,6
315319,85861,15,18
315319,85861,182,1
315319,85861,297,14
315319,85861,41,1
315319,85861,14,6
315319,85943,0,1
315319,85959pat0003,36,2
315319,85984,70,2
315319,85984,0,9
315319,85984,25,2
315319,85984,84,1
315319,85984,322,18
315319,86996,84,2
315319,86996,72,2
315319,86996,15,2
315319,86996,484,18
315319,86996,0,3
315319,86996,4,4
315319,86996,25,12
315319,86996,71,5
315319,86996,28,4
315319,86996,19,6
315319,87079,70,2
315319,87079,0,4
315319,87079,272,3
315319,87079,25,1
315319,87079,322,15
315319,87079,19,3
315319,87079,484,2
315319,87079,27,2
315319,87083,72,3
315319,87087,72,6
315319,87087,26,20
315319,87087,1,17
315319,87544,19,2
315319,87552,0,2
315319,87620,1,2
315319,88293,19,6
315319,88293,226,2
315319,88293,322,6
315319,88646,0,1
315319,88646,71,1
315319,88930,322,2
315319,89522,15,4
315319,89678,4,9
315319,89678,72,10
315319,90194,272,2
315319,90258,72,1
315319,91988,0,4
315319,92107,28,2
315319,92474,41,13
315319,92950,15,3
315319,92950,72,7
315319,92950,2,4
315319,93273,226,2
315319,93273,322,3
315319,93273,71,2
315319,93273,25,1
315319,93274,0,3
315319,93274,72,4
315319,93274,71,2
315319,93606,25,2
315319,95188,322,6
315319,96874,25,3
315319,98138,14,2
315319,98138,15,2
315319,98138,27,2
315319,98138,1060,30
315319,98138,322,20
315319,98560,72,1
315319,99207,25,4
315319,99207,72,14
315319,99207,28,2
315319,99207,3,10
315319,99207,226,3
315319,99207,19,20
315319,99207,322,12
315319,99563,85,3
315319,99563,19,1
315319,99563,71,1
315319,99563,15,4
315319,99780,0,4
315319,99780,321,4
315319,99780,1,4
315319,99780,25,4
315319,99780,3,4
315319,99781,28,1
315319,99781,72,10
315319,99781,71,13
315322,11203,84,2
315322,11211,84,10
315322,11211,14,2
315322,11477,84,2
315322,11477,322,2
315322,13547,84,4
315322,15068,84,10
315322,15571,19,1
315322,1750,84,1
315322,1750pr0001,84,4
315322,18980,19,2
315322,22385,84,3
315322,22885,84,2
315322,2310,28,4
315322,2420,322,4
315322,2420,84,8
315322,2420,19,12
315322,24201,84,10
315322,24201,19,4
315322,24246,158,1
315322,24246,322,1
315322,24246,212,1
315322,24246,31,1
315322,24246,29,1
315322,24246,25,1
315322,24246,14,1
315322,24246,0,1
315322,24299,70,1
315322,24299,84,5
315322,24307,84,5
315322,24307,70,1
315322,24309,84,2
315322,2431,71,1
315322,25269,19,2
315322,2654pr0024,84,2
315322,26604,0,8
315322,27261,19,7
315322,27925,19,2
315322,28802,84,2
315322,29119,84,3
315322,29119,19,2
315322,29120,19,2
315322,29120,84,3
315322,3001,25,2
315322,3003,19,1
315322,3003,84,1
315322,3004,28,1
315322,3004,84,2
315322,3005,19,2
315322,3010,72,2
315322,3020,84,3
315322,3020,14,1
315322,3020,19,3
315322,3020,15,4
315322,3021,19,1
315322,3021,84,13
315322,3022,14,7
315322,3022,322,4
315322,3022,25,6
315322,3022,84,10
315322,3023,15,4
315322,3023,14,2
315322,3023,84,24
315322,3023,322,6
315322,3023,19,7
315322,3024,84,18
315322,30357,84,2
315322,30414,14,2
315322,30414,321,3
315322,3062b,15,2
315322,3068b,19,3
315322,3068b,84,6
315322,3069b,84,2
315322,3069b,19,4
315322,3069b,70,2
315322,32062,4,4
315322,32064a,322,1
315322,3386,19,10
315322,33909,15,1
315322,3567,484,2
315322,3666,25,4
315322,36840,19,2
315322,36841,71,2
315322,3710,84,4
315322,3710,19,3
315322,3710,15,7
315322,3747b,84,1
315322,3795,84,7
315322,3937,19,1
315322,3942c,19,1
315322,3956,71,1
315322,4070,28,2
315322,41677,15,2
315322,41682,84,4
315322,4286,84,2
315322,42862,84,2
315322,4287c,84,6
315322,4304,0,2
315322,4304,25,2
315322,4304,84,13
315322,47455,72,1
315322,48165,84,2
315322,48170,72,1
315322,4920,15,4
315322,5066,84,4
315322,51739,19,1
315322,54200,84,4
315322,54200,19,2
315322,54657,70,2
315322,57909b,28,1
315322,5841,84,8
315322,5843,19,8
315322,5852,84,6
315322,5852,19,4
315322,5906,19,6
315322,5906,84,8
315322,5907,19,4
315322,5907,84,2
315322,60470b,84,4
315322,6134,19,1
315322,6141,15,10
315322,64799,19,2
315322,65426,70,2
315322,65429,70,2
315322,6636,84,2
315322,66857,84,4
315322,67695,72,1
315322,68568,19,4
315322,70681,84,4
315322,71752,19,1
315322,73109,71,3
315322,73230,25,2
315322,73562,15,1
315322,73825,19,2
315322,7519,84,2
315322,7520,84,2
315322,7527,84,21
315322,7527pr0001,84,1
315322,7674,71,2
315322,76766,84,2
315322,76797,84,2
315322,77844,84,2
315322,77850,84,6
315322,78666,84,10
315322,7904,84,6
315322,80177,19,2
315322,80178,19,2
315322,80431,72,5
315322,85984,19,1
315322,86996,72,2
315322,87079pr0070,84,1
315322,87087,84,4
315322,88293,84,2
315322,88930pr0047,84,1
315322,88930pr0048,84,1
315322,92582,84,2
315322,93273,84,1
315322,96874,3,1
315322,98138,25,2
315322,99207,19,3
315322,99780,19,5
315322,99781,19,2
315322,99781,70,2
315324,10197,0,3
315324,11010,334,2
315324,11090,15,2
315324,11153,14,6
315324,11211,322,4
315324,11211,14,7
315324,11211,19,2
315324,11212,0,4
315324,11212,14,2
315324,11477,4,2
315324,11477,14,8
315324,13547,0,2
315324,15068,14,13
315324,15068,4,1
315324,15068,15,4
315324,15462,70,2
315324,15573,14,2
315324,15573,0,2
315324,18651,0,2
315324,18980,14,1
315324,18980,4,2
315324,18980,15,2
315324,20482,14,1
315324,2149,41,5
315324,22885,321,4
315324,22885,15,6
315324,22885,29,2
315324,22885,70,4
315324,22885,0,12
315324,22961,1,2
315324,2357,85,2
315324,2412b,14,4
315324,2420,0,6
315324,2420,27,20
315324,2420,14,11
315324,2420,322,2
315324,24201,14,6
315324,24299,0,1
315324,24299,14,3
315324,24307,14,3
315324,24309,14,28
315324,24309,0,1
315324,2431,0,4
315324,2431,14,6
315324,2445,0,1
315324,25269,14,2
315324,26603,14,6
315324,26603,0,8
315324,26604,191,4
315324,26604,84,1
315324,2730,15,2
315324,27507,15,4
315324,27507,0,4
315324,28192,14,4
315324,28802,0,1
315324,29119,0,4
315324,29119,14,10
315324,29120,0,4
315324,29120,14,10
315324,30000,70,1
315324,3001,25,2
315324,3001,322,4
315324,3001,84,1
315324,3001,27,2
315324,3002,29,1
315324,3002,0,2
315324,3003,3,1
315324,3003,1050,6
315324,3003,0,1
315324,3004,14,10
315324,3004,5,1
315324,3004,322,7
315324,3004,10,4
315324,3005,27,8
315324,3005,322,8
315324,3005,26,1
315324,3005,378,2
315324,3005,25,1
315324,3005,14,3
315324,3007,19,2
315324,3008,70,2
315324,3008,14,2
315324,3009,322,2
315324,3010,14,1
315324,3010,10,1
315324,3010,26,7
315324,3010,30,3
315324,30136,72,2
315324,30136,0,2
315324,30136,70,4
315324,30136,484,2
315324,3020,27,2
315324,3020,4,3
315324,3020,3,9
315324,3020,191,5
315324,3020,212,5
315324,3020,14,6
315324,3020,10,13
315324,3020,0,7
315324,3021,84,10
315324,3021,0,9
315324,3021,14,10
315324,3021,29,11
315324,3022,0,2
315324,3022,10,2
315324,3022,15,6
315324,3022,14,35
315324,3022,84,2
315324,3022,4,2
315324,3022,26,10
315324,3022,28,2
315324,3023,14,44
315324,3023,0,11
315324,3023,4,4
315324,3023,322,11
315324,3023,30,39
315324,3023,70,2
315324,3023,10,18
315324,3023,15,4
315324,3024,70,5
315324,3024,0,8
315324,3024,14,61
315324,3024,15,2
315324,3024,321,5
315324,3024,26,12
315324,3031,72,10
315324,3031,322,2
315324,3031,2,2
315324,3031,14,4
315324,3031,15,1
315324,3031,0,4
315324,3032,322,3
315324,3032,0,2
315324,3033,14,2
315324,3034,0,3
315324,3034,27,2
315324,3034,26,3
315324,3035,28,1
315324,3035,0,1
315324,3035,2,1
315324,30383,0,1
315324,3039,26,1
315324,30414,14,17
315324,30414,15,3
315324,30503,19,2
315324,30565,14,6
315324,3062b,10,4
315324,3062b,31,2
315324,3068b,30,2
315324,3068b,15,1
315324,3068b,322,1
315324,3068b,0,6
315324,3068b,14,4
315324,3069b,0,2
315324,3069b,14,2
315324,3070b,0,1
315324,3070b,14,7
315324,32000,0,4
315324,32000,15,3
315324,32013,15,2
315324,32015,0,4
315324,32015,27,2
315324,32016,0,2
315324,32016,191,4
315324,32018,71,2
315324,32062,4,4
315324,32062,0,14
315324,32064a,0,4
315324,32064a,15,4
315324,32123b,14,2
315324,32124,70,1
315324,32271,0,2
315324,32316,0,1
315324,3245c,0,2
315324,32523,0,1
315324,32524,0,2
315324,32526,14,2
315324,32531,71,2
315324,32803,14,6
315324,32828,4,2
315324,32952,322,4
315324,32952,0,2
315324,32952,1,8
315324,32952,14,4
315324,32952,25,4
315324,3386,19,6
315324,3386,0,10
315324,3386,2,12
315324,33909,14,13
315324,33909,322,2
315324,34103,0,5
315324,3456,15,2
315324,3460,14,7
315324,3460,15,1
315324,3460,70,1
315324,3544,0,10
315324,3545,0,6
315324,35464,14,6
315324,35480,70,1
315324,3563,15,2
315324,3573,14,8
315324,35787,0,4
315324,35787,14,4
315324,3622,72,1
315324,3622,14,3
315324,3623,25,2
315324,3623,378,6
315324,3623,70,2
315324,3623,14,21
315324,3623,0,14
315324,3623,322,3
315324,3666,14,4
315324,3666,0,7
315324,3666,15,3
315324,3666,70,1
315324,3666,72,3
315324,36840,14,5
315324,36840,0,2
315324,36841,14,10
315324,36841,0,1
315324,3700,84,2
315324,3701,15,3
315324,3702,0,2
315324,3703,0,5
315324,3705,4,6
315324,3705,0,2
315324,3710,26,10
315324,3710,322,16
315324,3710,85,2
315324,3710,0,16
315324,3710,14,13
315324,3710,25,6
315324,3710,70,1
315324,3713,0,2
315324,37352,14,2
315324,37352pr0005,14,1
315324,3747b,14,2
315324,3747b,1,2
315324,3795,26,5
315324,3795,1,1
315324,3795,14,6
315324,3795,4,1
315324,3795,25,6
315324,3832,70,1
315324,3894,72,2
315324,3894,0,1
315324,3895,15,3
315324,3895,1,1
315324,3958,15,1
315324,4032a,29,2
315324,4070,25,4
315324,4162,14,2
315324,4162,0,3
315324,41677,14,4
315324,41769,14,5
315324,41769,0,5
315324,41770,0,7
315324,41770,14,5
315324,42135,0,2
315324,4282,0,2
315324,4286,28,2
315324,4287c,14,2
315324,42924,1,22
315324,4304,14,2
315324,4304,1,7
315324,4304,27,13
315324,4304,25,23
315324,4304,15,16
315324,43093,1,12
315324,43722,0,1
315324,43722,70,1
315324,43722,14,4
315324,43723,14,4
315324,43723,0,1
315324,43723,70,1
315324,43857,0,1
315324,44301b,14,2
315324,4450,0,4
315324,44728,25,7
315324,4477,378,1
315324,4477,14,1
315324,4519,14,2
315324,4569,14,3
315324,4599b,0,2
315324,47455,14,2
315324,47905,14,7
315324,47905,70,4
315324,48171,0,2
315324,49307,14,4
315324,49309,0,2
315324,49612,14,4
315324,5091,14,6
315324,5092,14,6
315324,5093,14,1
315324,5095,14,1
315324,50950,70,8
315324,50950,14,6
315324,52107,14,2
315324,52107,1,4
315324,53585,14,2
315324,5404,14,7
315324,5404,0,1
315324,54200,14,11
315324,54200,0,1
315324,54383,14,1
315324,54384,14,1
315324,5565,0,1
315324,5651,14,4
315324,5654,14,32
315324,5654,70,1
315324,5654,0,29
315324,5712,70,1
315324,57360,70,2
315324,57360,0,1
315324,57909b,0,2
315324,57909b,70,1
315324,5845,14,4
315324,5852,4,10
315324,5852,14,8
315324,5852,15,4
315324,5907,14,22
315324,5907,70,8
315324,59443,0,3
315324,60477,14,3
315324,6111,15,1
315324,61332,0,34
315324,6141,29,2
315324,62462,15,2
315324,63864,322,1
315324,63864,14,8
315324,64799,15,2
315324,64799,0,4
315324,6541,14,4
315324,6541,0,3
315324,65734,14,2
315324,6632,25,2
315324,6636,0,1
315324,6636,14,4
315324,67095pr0015,0,1
315324,67329,15,4
315324,67329,0,6
315324,67329,4,2
315324,67695,70,1
315324,67696,0,2
315324,67696,14,2
315324,6929,14,2
315324,6930,14,2
315324,6957,15,4
315324,6957,4,5
315324,69729,14,1
315324,69729,5,1
315324,69729,0,7
315324,7126,15,4
315324,7126,4,4
315324,7126,14,4
315324,7205,14,4
315324,7206,14,4
315324,72132,322,2
315324,7249pr0001,14,1
315324,7302,0,2
315324,7302,14,8
315324,73230,15,18
315324,73230,25,4
315324,73230,84,2
315324,73825,0,2
315324,73825,70,2
315324,73825,14,5
315324,73831,0,2
315324,75902pr0031,0,1
315324,75902pr0033,0,1
315324,76797,14,10
315324,7729,5,4
315324,7729,10,5
315324,77808,0,4
315324,77844,0,2
315324,77844,15,10
315324,77844,14,2
315324,77850,1,2
315324,77850,14,4
315324,77850,70,1
315324,78256,70,5
315324,78256,297,1
315324,78258,4,2
315324,78329,0,2
315324,78329,14,4
315324,78329,15,2
315324,78666,14,4
315324,7904,14,2
315324,79389,14,3
315324,79389,72,2
315324,79389,70,2
315324,79491,15,4
315324,79491,4,4
315324,80177,14,4
315324,80178,14,4
315324,80796,47,7
315324,85861,19,6
315324,85861,158,2
315324,85861,5,10
315324,85984,0,5
315324,85984,14,11
315324,86996,27,2
315324,86996,0,2
315324,86996,4,10
315324,86996,15,9
315324,87079,14,9
315324,87079,0,5
315324,87083,72,2
315324,87087,14,4
315324,87087,26,2
315324,87087,0,2
315324,87994,70,1
315324,88293,14,2
315324,93606,14,4
315324,96874,25,1
315324,98138,1,4
315324,98856,41,4
315324,99207,322,4
315324,99207,14,3
315324,99207,321,4
315324,99780,27,6
315324,99780,14,6
315324,99781,14,2
315324,99781,1,6
315325,10116747,9999,1
315325,14769,0,1
315325,15573,297,10
315325,15573,10,1
315325,18674,72,4
315325,18674,0,1
315325,1927,1,2
315325,22385,4,1
315325,22885,72,2
315325,22886,0,14
315325,2357,0,6
315325,2420,0,2
315325,25269,14,8
315325,25269,4,3
315325,25269,5,2
315325,26601,71,4
315325,27925,4,3
315325,27925,321,3
315325,27925,15,2
315325,27925,14,4
315325,3004,0,20
315325,3005,0,6
315325,3008,0,4
315325,3021,0,8
315325,3022,15,1
315325,3023,1,4
315325,3023,0,13
315325,3024,4,1
315325,3024,1,4
315325,3068b,1,4
315325,3068b,71,1
315325,3068b,5,1
315325,3068b,10,1
315325,3069b,15,1
315325,3070b,4,2
315325,3070b,5,2
315325,3176,84,1
315325,32828,378,1
315325,32952,4,6
315325,3460,0,2
315325,35787,272,16
315325,35787,1,20
315325,3622,0,2
315325,3710,0,5
315325,3710,272,2
315325,3795,1,4
315325,3832,0,4
315325,3832,1,4
315325,39613,4,1
315325,39613,5,1
315325,4032a,14,1
315325,41740,1,4
315325,4282,0,4
315325,44728,1,4
315325,4477,272,1
315325,5091,321,1
315325,5091,4,1
315325,5091,10,1
315325,5092,321,1
315325,5092,4,1
315325,5092,10,1
315325,5264,297,8
315325,5264,0,8
315325,60474,14,1
315325,60474,322,1
315325,6141,297,6
315325,65735,47,4
315325,67095,14,2
315325,67095,321,1
315325,7068,14,1
315325,7068,0,1
315325,85984,71,4
315325,87079,1,8
315325,87087,72,2
315325,98138,30,1
315325,98138,158,1
315325,98138,15,1
315325,98138,5,1
315325,98138,4,1
315325,98138,14,1
315325,98138,10,1
315325,98138,191,1
315325,98138,322,1
315325,99207,0,20
315327,10116748,9999,1
315327,11212,15,4
315327,1126,84,1
315327,11477,0,2
315327,13548,4,4
315327,14719,2,4
315327,15068,15,2
315327,15068,4,1
315327,15070,15,2
315327,15573,226,2
315327,15672,4,4
315327,1748,15,1
315327,1748,72,1
315327,22885,14,2
315327,22885,15,1
315327,23969,19,1
315327,2412b,71,4
315327,2420,14,2
315327,24246pr0052,4,1
315327,2431,4,4
315327,24866,27,2
315327,25269,15,2
315327,27925,71,2
315327,27925,15,2
315327,27925,226,2
315327,2877,0,2
315327,28802,4,2
315327,3004,4,3
315327,3009,71,1
315327,3010,0,1
315327,3020,15,1
315327,3020,19,1
315327,3021,15,4
315327,3022,226,1
315327,3023,4,3
315327,3023,1,1
315327,3023,71,1
315327,3023,14,2
315327,3023,322,1
315327,3023,25,2
315327,3023,15,3
315327,3023,2,1
315327,3023,0,4
315327,3024,25,3
315327,3024,14,4
315327,3024,4,2
315327,3031,15,1
315327,30357,15,2
315327,3036,0,2
315327,3039,4,5
315327,3040b,4,4
315327,3068b,4,1
315327,3069b,15,1
315327,3069b,25,1
315327,3069b,226,5
315327,3070b,226,2
315327,3070b,4,7
315327,32028,15,2
315327,32607,10,2
315327,32952,14,3
315327,3386,15,1
315327,3386,4,2
315327,33909,2,6
315327,3460,226,1
315327,35480,15,2
315327,3623,0,2
315327,3623,4,2
315327,3623,25,3
315327,3666,4,2
315327,3666,14,2
315327,36841,4,2
315327,3710,14,2
315327,3710,0,2
315327,3710,4,3
315327,3795,0,1
315327,38799,47,1
315327,4032a,71,1
315327,4070,14,3
315327,4081b,4,2
315327,4162,14,1
315327,41740,19,2
315327,41740,4,1
315327,4585,4,1
315327,49307,0,2
315327,5091,226,1
315327,5092,226,1
315327,50950,15,2
315327,5520,226,1
315327,5841,4,2
315327,5852,4,2
315327,5903,27,2
315327,5906,4,2
315327,5907,4,6
315327,60478,0,2
315327,6141,46,4
315327,6141,71,3
315327,65509,15,2
315327,6636,0,2
315327,67095,4,1
315327,7729,0,2
315327,77844,4,2
315327,78329,71,2
315327,85861,70,3
315327,85984,4,3
315327,87552,0,1
315327,87552,14,2
315327,87552,41,2
315327,92950,15,1
315675,11211,4,2
315675,11211,14,2
315675,11476,4,1
315675,11476,14,1
315675,11477,191,4
315675,11477,320,4
315675,14418,71,4
315675,15068,4,1
315675,15068,14,1
315675,15712,72,4
315675,1750,72,2
315675,18654,4,2
315675,18654,14,2
315675,18674,4,2
315675,18674,191,2
315675,18980,4,2
315675,18980,14,2
315675,2420,191,2
315675,2420,320,2
315675,2450,72,4
315675,24866,10,4
315675,24866,297,8
315675,25214,4,7
315675,25214,14,7
315675,25269,10,8
315675,2540,297,16
315675,26047,297,14
315675,2654,320,2
315675,2736,71,4
315675,29119,4,2
315675,29119,14,2
315675,29120,14,2
315675,29120,4,2
315675,3004,19,2
315675,3020,3,2
315675,3020,4,1
315675,3020,14,1
315675,3021,19,4
315675,3022,4,6
315675,3022,71,6
315675,3022,14,6
315675,3023,25,12
315675,3023,15,9
315675,3023,320,3
315675,3034,0,2
315675,3069b,14,4
315675,3069b,4,4
315675,32014,14,2
315675,32014,4,2
315675,32062,0,16
315675,32124,15,4
315675,32474,320,1
315675,32474,191,1
315675,3386,15,2
315675,33909,19,8
315675,34103,4,1
315675,34103,14,1
315675,36840,14,6
315675,36840,4,6
315675,36841,71,4
315675,3749,19,4
315675,38799,15,4
315675,41682,14,2
315675,41682,320,2
315675,41769,71,2
315675,41770,71,2
315675,42924,1,2
315675,4304,72,8
315675,44728,15,4
315675,4740,0,4
315675,49307,4,8
315675,49307,14,14
315675,49307,15,6
315675,5066,19,4
315675,5091,15,4
315675,5091,14,4
315675,5092,14,4
315675,5092,15,4
315675,53451,297,2
315675,5841,4,10
315675,5841,15,8
315675,5841,14,18
315675,5846,297,8
315675,5907,297,8
315675,6141,179,2
315675,63868,47,8
315675,65509,15,2
315675,66909,10,2
315675,67329,72,2
315675,73109,71,2
315675,7674,0,8
315675,77845,4,1
315675,77845,14,1
315675,77850,84,3
315675,77850,25,3
315675,78329,19,4
315675,79389,4,4
315675,79389,14,4
315675,79491,15,12
315675,79491,14,8
315675,85861,0,14
315675,87087,15,2
315675,87087,14,2
315675,88072,19,2
315675,99563,297,2
315787,2654,27,1
315787,3004,272,2
315787,3022,1,1
315787,30374,297,1
315787,4643502,9999,1
315787,4643503,0,1
315787,4643504,9999,1
315787,4643505,9999,1
315787,4643506,9999,1
315787,53451,15,1
315787,58176,35,1
315787,59229,72,1
315787,92690,297,1
315787,98136,52,1
315787,98344pr0003,52,1
315787,98354pr0013,42,1
315850,3626cpr2859,78,1
315850,970c03,0,1
315850,973c03h02pr5342,0,1
315850,99930,226,1
315852,11477,3,1
315852,13564,10,2
315852,20482,0,6
315852,22484,321,2
315852,24866,30,12
315852,24946,158,1
315852,25269,1,5
315852,27925,1,5
315852,3008,0,2
315852,3009,0,2
315852,3023,1,1
315852,3035,0,2
315852,32062,4,8
315852,32123b,14,1
315852,32192,2,1
315852,32474,158,2
315852,32607,30,24
315852,3565,47,4
315852,36840,1,1
315852,3705,0,1
315852,37762,10,5
315852,3795,321,3
315852,3941,70,2
315852,4032a,27,1
315852,4081b,1,1
315852,42135,1,1
315852,4519,14,2
315852,4595,0,1
315852,4599b,70,4
315852,54200,3,1
315852,59443,3,2
315852,59443,2,7
315852,59900,3,1
315852,63868,70,2
315852,65578,2,1
315852,68888,70,2
315852,7096,2,3
315852,7302,1,1
315852,77850,0,3
315852,79756,0,4
315852,79757,0,4
315852,85861,47,2
315852,85861,70,3
315852,85861,2,5
315852,87994,72,2
315852,93061,0,6
315852,99021,308,2
316107,105006pat0001,1053,1
316107,11153,320,2
316107,11203,72,3
316107,11203,19,2
316107,11214,72,2
316107,1126,288,4
316107,11458,15,4
316107,11477,70,2
316107,11477,288,6
316107,11477pr0052,288,1
316107,11477pr0053,288,1
316107,116135,320,1
316107,13548,84,5
316107,14417,72,1
316107,14419,72,2
316107,14704,72,3
316107,15068,84,2
316107,15068,288,5
316107,15068,0,2
316107,15071,0,1
316107,15571,288,2
316107,15571pr0002,288,1
316107,15573,72,7
316107,15712,71,2
316107,15712,288,4
316107,17114,72,1
316107,1745,71,1
316107,1748,19,1
316107,18041,179,1
316107,18649,4,3
316107,18674,71,1
316107,18980,0,1
316107,1941,70,1
316107,20482,297,2
316107,22385,71,5
316107,22385,72,10
316107,22385,288,4
316107,22388,71,1
316107,22484,72,1
316107,2357,71,1
316107,2357,0,2
316107,23969,0,2
316107,24122,70,1
316107,24122,28,2
316107,2420,19,2
316107,2420,72,3
316107,24201,70,2
316107,24201,0,2
316107,24201,28,2
316107,24201,288,4
316107,24246,1136,11
316107,24299,0,2
316107,24299,19,3
316107,24299,84,3
316107,24307,19,3
316107,24307,84,3
316107,24307,0,2
316107,2431,0,2
316107,2431,72,2
316107,24316,70,1
316107,2450,0,1
316107,25214,297,4
316107,25269,4,2
316107,25269,484,4
316107,25269,288,6
316107,25269,320,2
316107,2540,19,2
316107,26047,297,4
316107,2639,72,4
316107,2653,0,2
316107,2654,19,2
316107,26604,19,2
316107,27261,288,4
316107,27263,4,2
316107,2736,71,1
316107,27925,0,2
316107,27925,288,2
316107,28192,4,1
316107,29119,4,1
316107,29119,19,3
316107,29119,320,4
316107,29120,320,4
316107,29120,4,1
316107,29120,19,3
316107,3003,0,6
316107,3004,28,4
316107,3004,0,5
316107,30044,72,4
316107,30046,0,4
316107,3005,70,3
316107,3010,0,2
316107,3010,72,2
316107,30136,72,2
316107,3020,0,5
316107,3020,19,1
316107,3020,72,4
316107,3020,484,2
316107,3021,4,1
316107,3021,0,1
316107,3021,288,2
316107,3022,70,2
316107,3022,72,4
316107,3023,33,2
316107,3023,45,2
316107,3023,4,3
316107,3023,46,6
316107,3023,0,2
316107,3023,70,7
316107,3023,19,10
316107,3023,288,10
316107,3024,288,6
316107,3024,19,3
316107,3024,320,4
316107,3024,72,4
316107,3031,0,2
316107,3032,0,2
316107,3032,28,3
316107,3032,72,3
316107,3034,72,2
316107,3034,19,1
316107,3035,28,1
316107,3036,84,6
316107,30374,47,4
316107,3039,0,2
316107,3045,0,4
316107,3062b,72,7
316107,3065,46,4
316107,3068b,28,2
316107,3068bpr0449,19,7
316107,3069b,288,1
316107,3069b,72,4
316107,3069b,0,5
316107,3070b,0,8
316107,3176,19,2
316107,32000,72,2
316107,32000,0,2
316107,32001,0,2
316107,32028,19,2
316107,32062,4,5
316107,32140,0,2
316107,32192,0,2
316107,32803,288,5
316107,32952,0,2
316107,3298,84,2
316107,3386,70,2
316107,33909,320,1
316107,33909,71,3
316107,3460,191,1
316107,3484,297,4
316107,3484,0,5
316107,35459,71,4
316107,35480,4,4
316107,3567,71,1
316107,35787,71,3
316107,3623,28,1
316107,3623,288,2
316107,3623,72,1
316107,3666,320,2
316107,3666,28,2
316107,3666,72,1
316107,3666,288,1
316107,3678b,28,5
316107,3685,72,3
316107,3685,0,3
316107,3688,72,1
316107,3700,288,2
316107,3700,19,1
316107,3710,84,4
316107,3710,0,5
316107,3749,19,2
316107,37762,297,2
316107,37775,182,8
316107,3795,0,5
316107,3795,28,2
316107,3795,25,4
316107,3832,0,2
316107,3832,15,4
316107,3958,72,2
316107,39739,4,3
316107,39739pr0009,2,1
316107,4032a,4,4
316107,4032a,19,2
316107,4070,70,2
316107,4070,71,1
316107,4070,288,4
316107,4162,0,2
316107,41682,28,1
316107,4286,0,4
316107,4286,28,11
316107,42862,28,1
316107,4304,72,2
316107,43056,71,4
316107,43093,1,5
316107,43722,19,1
316107,43723,19,1
316107,44728,0,2
316107,44728,320,2
316107,4477,0,2
316107,44861,0,4
316107,44861,288,2
316107,4519,14,2
316107,4697b,19,2
316107,4733,71,3
316107,4740,46,2
316107,4740pr9995,47,1
316107,47455,0,2
316107,47905,0,2
316107,48165,28,1
316107,48170,72,2
316107,48205,0,1
316107,48208,0,1
316107,48336,0,4
316107,4865b,72,2
316107,49668,4,3
316107,4972pr0001,179,1
316107,5066,0,1
316107,5091,72,3
316107,5091,308,1
316107,5092,308,1
316107,5092,72,3
316107,51739,0,4
316107,5264,19,1
316107,53451,70,4
316107,53451,297,2
316107,53451,28,8
316107,53585,0,1
316107,5404,72,2
316107,54200,52,3
316107,54200,34,2
316107,54200,288,2
316107,54200,72,9
316107,54200,84,5
316107,5520,288,4
316107,5712,0,2
316107,5809,0,2
316107,5841,288,2
316107,5852,288,4
316107,5852,0,2
316107,59900,46,1
316107,59900,297,2
316107,59900,52,1
316107,60474,72,2
316107,60478,0,3
316107,60479,14,2
316107,60481,84,3
316107,60897,320,2
316107,6106,72,2
316107,61252,4,2
316107,61252,0,2
316107,6126b,182,8
316107,61332,0,6
316107,6141,484,12
316107,6141,34,2
316107,6141,297,2
316107,61485,71,2
316107,63864,0,8
316107,63864,70,3
316107,63868,0,1
316107,63868,4,2
316107,63868,19,4
316107,64799,72,2
316107,6541,19,4
316107,6541,71,2
316107,65578,47,4
316107,65676,297,3
316107,6636,72,2
316107,6636,25,2
316107,66909,71,1
316107,67695,288,2
316107,67696,0,3
316107,67697,0,2
316107,7037,19,2
316107,7126,0,2
316107,72869,288,6
316107,73230,15,4
316107,73230,0,2
316107,73825,288,10
316107,7452,71,2
316107,7754,297,2
316107,77845,4,3
316107,78258,0,4
316107,78329,4,2
316107,78329,84,2
316107,79180,0,1
316107,79389,71,4
316107,79389,0,6
316107,80431,288,2
316107,85861,182,24
316107,85861,70,16
316107,85861,47,3
316107,85861,72,1
316107,85861,297,6
316107,85984,28,10
316107,85984,288,1
316107,85984,0,2
316107,85984,19,4
316107,86876,0,1
316107,86996,72,10
316107,87079,72,2
316107,87083,72,1
316107,87087,19,2
316107,87087,0,4
316107,87994,297,2
316107,87994,72,1
316107,88072,70,2
316107,88072,4,1
316107,89522,72,7
316107,89678,72,2
316107,90258,19,1
316107,91988,0,4
316107,93273,0,3
316107,96874,25,1
316107,98138,46,5
316107,98138,288,2
316107,98138,1053,1
316107,98138,0,1
316107,99207,0,3
316107,99563,1103,26
316107,99780,19,2
316107,99780,71,1
316107,99780,0,2
316107,99781,19,2
316107,99781,0,2
316213,28974,70,1
316213,3626cpr0895,15,1
316213,78132,15,1
316213,93609,15,2
316214,3626cpr0895,15,1
316214,78132,15,1
316214,93061,15,2
316215,11477,70,2
316215,15068,70,1
316215,28621,70,1
316215,3023,70,1
316215,32803,70,1
316215,4304,70,1
316215,48336,70,1
316215,60470b,28,1
316215,95225,70,1
316215,973c19h19,70,1
316445,27456pr0006,1,1
316445,970c28pat22pr2222,1,1
316445,973c02h27pr6757,1,1
316623,11090,70,2
316623,11477,2,2
316623,11477,70,1
316623,13564,70,2
316623,15712,2,1
316623,20482,2,4
316623,24201,19,1
316623,24866,2,1
316623,3024,19,2
316623,3070b,288,1
316623,3623,2,1
316623,4733,72,2
316623,49668,19,1
316623,5058,10,2
316623,54200,82,4
316623,61252,2,2
316623,61252,92,1
316623,63868,71,4
316623,70681,2,1
316623,78257,0,1
316623,78257,19,2
316623,80497,70,1
316623,85861,70,1
316675,3626cpr1771,14,1
316675,62711,308,1
316675,970c27,15,1
316675,973c22h01pr0020,4,1
316676,3626cpr0933,14,1
316676,92081,28,1
316676,970c27,15,1
316676,973c22h01pr0020,4,1
316678,3626cpr3667,14,1
316678,970c22,4,1
316678,973c22h01pr0020,4,1
316678,99930,0,1
316679,3626cpr2589,14,1
316679,62810,70,1
316679,970c22,4,1
316679,973c22h01pr0020,4,1
316698,24299,4,3
316698,24307,4,3
316698,25269,70,2
316698,25269,0,10
316698,3022,4,1
316698,3024,0,2
316698,3028,0,1
316698,3070b,70,2
316698,3623,4,2
316698,3710,4,1
316698,3795,14,6
316698,5091,0,1
316698,5091,4,1
316698,5092,0,1
316698,5092,4,1
316698,98138,15,2
316699,24299,2,3
316699,24307,2,3
316699,25269,226,2
316699,25269,2,6
316699,25269,0,4
316699,3022,2,1
316699,3024,2,2
316699,3028,0,1
316699,3070b,226,2
316699,3623,2,2
316699,3710,2,1
316699,3795,14,6
316699,5091,2,1
316699,5091,0,1
316699,5092,2,1
316699,5092,0,1
316699,98138,15,2
316702,11010,334,2
316702,11153,19,6
316702,11211,70,8
316702,11211,19,4
316702,11211,27,6
316702,11211,322,7
316702,11211,84,6
316702,11211,72,2
316702,11212,70,4
316702,11212,71,4
316702,11212,0,3
316702,11212,19,8
316702,11214,72,1
316702,11458,0,2
316702,11458,71,2
316702,11476,29,1
316702,11477,0,1
316702,11477,19,53
316702,13547,28,4
316702,14417,72,10
316702,14418,71,4
316702,14704,71,9
316702,15068,0,1
316702,15068,19,45
316702,15068,3,6
316702,15208,15,4
316702,15535,27,1
316702,15535,72,1
316702,15573,3,2
316702,15573,322,3
316702,1745,0,2
316702,1748,72,4
316702,18651,0,2
316702,18653,19,3
316702,1927,19,8
316702,22885,5,4
316702,22885,0,2
316702,22885,71,6
316702,22885,29,2
316702,22885,84,4
316702,22886,19,6
316702,2310,28,8
316702,2357,19,4
316702,2357,70,7
316702,2412b,19,4
316702,2420,0,2
316702,2420,28,12
316702,2420,14,4
316702,2420,26,4
316702,2420,19,30
316702,2420,71,4
316702,24201,84,14
316702,24201,29,2
316702,24201,28,2
316702,24201,19,4
316702,24201,0,1
316702,24246,19,16
316702,24246,84,1
316702,24246,72,22
316702,24299,19,16
316702,24299,29,1
316702,24307,19,15
316702,24307,29,1
316702,24309,19,26
316702,2431,29,2
316702,2445,19,7
316702,2446pr0003,0,2
316702,2449,19,4
316702,2450,19,12
316702,2456,19,5
316702,2456,70,4
316702,25269,4,2
316702,25269,19,54
316702,25269,29,2
316702,25269,0,2
316702,26601,28,6
316702,26601,19,28
316702,26601,70,4
316702,26601,0,2
316702,26603,19,1
316702,26604,191,16
316702,26604,0,2
316702,27261,19,13
316702,27263,19,2
316702,2736,71,1
316702,2752,19,2
316702,27925,72,8
316702,28621,71,2
316702,29119,19,26
316702,29120,19,26
316702,3001,322,1
316702,3001,70,2
316702,3001,27,3
316702,3002,29,1
316702,3003,70,2
316702,3003,28,2
316702,3003,19,3
316702,3004,29,1
316702,3004,0,1
316702,3004,19,7
316702,3004,4,2
316702,3004,28,1
316702,3005,4,2
316702,3005,19,16
316702,3005,72,1
316702,3008,72,2
316702,3009,70,2
316702,3009,19,4
316702,3009,84,6
316702,30099,19,4
316702,3010,71,2
316702,3010,84,6
316702,3010,19,3
316702,30136,71,23
316702,3020,27,9
316702,3020,14,9
316702,3020,19,19
316702,3020,70,2
316702,3020,3,1
316702,3020,5,1
316702,3020,29,1
316702,3020,0,2
316702,3020,84,8
316702,3021,29,2
316702,3021,0,2
316702,3021,322,7
316702,3021,70,3
316702,3021,28,2
316702,3021,19,20
316702,3021,14,10
316702,3021,84,5
316702,3022,0,3
316702,3022,19,32
316702,3022,15,2
316702,3023,14,5
316702,3023,71,8
316702,3023,19,62
316702,3023,27,2
316702,3023,84,8
316702,3023,0,3
316702,3023,5,4
316702,3023,28,7
316702,3024,19,72
316702,3024,72,1
316702,3024,28,8
316702,3031,19,4
316702,3032,322,2
316702,3032,19,6
316702,3034,84,5
316702,3034,19,1
316702,3034,322,1
316702,3035,19,1
316702,3035,72,2
316702,3035,70,4
316702,3037,19,4
316702,3039,28,2
316702,3039,19,2
316702,3040b,70,4
316702,3040b,19,10
316702,30414,70,10
316702,30414,71,2
316702,30414,27,4
316702,30414,29,2
316702,30503,19,2
316702,30565,19,2
316702,3062b,0,2
316702,3062b,72,8
316702,3062b,27,2
316702,3062b,4,2
316702,3068b,28,1
316702,3068b,19,2
316702,3069b,29,1
316702,3069b,19,5
316702,3069b,70,1
316702,3069bpr0304,15,1
316702,3070b,4,4
316702,32001,71,2
316702,32028,71,1
316702,32064a,71,10
316702,32064a,14,5
316702,32064a,308,2
316702,32064a,19,1
316702,32123b,14,2
316702,32123b,1,1
316702,32270,0,1
316702,32278,15,2
316702,32803,0,1
316702,32952,70,4
316702,3298,19,2
316702,33909,70,5
316702,33909,19,9
316702,34103,19,3
316702,34103,320,5
316702,34103,14,2
316702,3460,28,1
316702,3460,19,4
316702,3460,72,4
316702,3460,322,3
316702,35480,0,16
316702,35480,5,1
316702,35480,72,8
316702,3622,19,9
316702,3622,70,2
316702,3623,0,2
316702,3623,70,10
316702,3623,27,5
316702,3623,322,6
316702,3623,19,14
316702,3623,28,2
316702,3660,19,10
316702,3660,72,2
316702,3665,72,1
316702,3665,19,8
316702,3666,0,9
316702,3666,322,1
316702,3666,28,2
316702,3666,3,2
316702,3666,19,9
316702,3666,27,20
316702,3666,29,1
316702,3666,70,4
316702,3676,19,2
316702,36841,19,4
316702,36841,0,2
316702,3700,19,2
316702,3700,84,1
316702,3700,72,3
316702,3700,71,4
316702,3705,4,1
316702,3706,4,1
316702,3710,28,8
316702,3710,4,1
316702,3710,14,2
316702,3710,0,14
316702,3710,3,2
316702,3710,19,7
316702,3710,70,2
316702,3710,72,2
316702,3710,84,22
316702,3713,4,1
316702,3747b,70,2
316702,3747b,84,3
316702,3795,28,5
316702,3795,14,1
316702,3795,71,3
316702,3795,84,8
316702,3795,0,8
316702,3795,4,4
316702,3795,19,2
316702,3941,27,1
316702,3958,84,2
316702,4032a,71,11
316702,4032a,84,2
316702,4032a,0,4
316702,4032a,5,4
316702,4070,19,8
316702,41682,0,2
316702,41740,19,4
316702,41751,19,2
316702,4286,19,2
316702,4286,15,2
316702,4287c,0,2
316702,4304,19,4
316702,4304,71,9
316702,4304,27,2
316702,43045,71,2
316702,43093,1,3
316702,43722,19,7
316702,43723,19,8
316702,44294,14,1
316702,44301b,4,2
316702,44301b,71,2
316702,4460b,19,2
316702,44728,29,1
316702,44728,28,8
316702,44861,0,1
316702,48336,70,2
316702,49668,15,4
316702,50340,4,2
316702,5093,19,1
316702,5095,19,1
316702,50950,19,8
316702,51739,19,2
316702,54200,19,34
316702,54657,72,2
316702,5520,29,2
316702,5841,19,42
316702,5843,19,40
316702,5846,19,2
316702,5848,0,2
316702,5852,19,8
316702,5906,19,4
316702,5907,19,8
316702,59443,71,1
316702,59900,2,2
316702,60470b,4,1
316702,60470b,71,2
316702,60477,19,8
316702,60478,4,2
316702,60478,0,1
316702,60485,14,2
316702,60593,0,1
316702,60593,70,4
316702,60594,0,6
316702,61332,0,8
316702,62462,71,1
316702,62462,288,4
316702,63864,19,2
316702,65304,25,1
316702,6541,72,1
316702,6541,71,4
316702,6589,19,1
316702,6636,71,2
316702,66906,4,2
316702,67095pr0011,14,1
316702,67329,72,4
316702,69729,5,1
316702,69729,3,1
316702,69729,19,2
316702,70681,19,4
316702,7126,0,1
316702,7126,19,8
316702,73109,84,2
316702,73230,84,4
316702,73230,0,2
316702,73825,70,10
316702,76797,19,2
316702,77844,0,2
316702,77845,0,8
316702,78329,71,2
316702,78329,0,5
316702,79389,19,4
316702,79389,2,2
316702,79491,29,2
316702,79491,0,2
316702,79491,19,4
316702,80177,19,3
316702,80178,19,3
316702,85080,19,2
316702,85861,4,2
316702,85861,71,43
316702,85861,27,8
316702,85984,72,2
316702,85984,70,2
316702,85984,19,29
316702,87079,70,1
316702,87079,3,2
316702,87083,72,1
316702,87087,19,24
316702,87087,212,6
316702,87087,1,4
316702,87087,84,2
316702,92947,71,9
316702,93160,15,1
316702,93273,19,2
316702,96874,3,1
316702,98138pr0347,179,2
316702,98560,19,1
316702,99207,19,3
316702,99207,70,16
316702,99780,5,1
316702,99781,0,4
316702,99781,19,2
316703,11211,15,5
316703,11211,272,2
316703,11213,0,1
316703,1126,71,1
316703,11455,0,1
316703,11476,15,1
316703,11477,34,1
316703,11477,41,1
316703,11609,15,7
316703,13349,15,1
316703,14718,15,8
316703,14719,71,2
316703,15068,15,1
316703,15535,72,1
316703,15535,15,2
316703,15573,3,2
316703,1566,10,3
316703,15672,3,2
316703,15712,15,2
316703,16091,71,1
316703,18674,10,1
316703,18674,72,1
316703,18980,0,6
316703,19220,0,1
316703,22885,272,4
316703,22885,15,1
316703,22886,15,2
316703,23443,15,1
316703,2357,15,2
316703,2357,72,4
316703,23950,272,2
316703,23969,41,2
316703,2420,15,1
316703,2420,272,3
316703,24309,272,2
316703,2431,0,2
316703,2431,15,1
316703,2431,1050,6
316703,2431pr0115,272,1
316703,2432,15,2
316703,24866,191,8
316703,2639,272,1
316703,26601,2,5
316703,27925,72,4
316703,28192,272,2
316703,2877,0,1
316703,298c02,71,1
316703,3001,3,4
316703,3002,272,2
316703,3003,1050,6
316703,3003,272,2
316703,3004,15,5
316703,3004,3,4
316703,3004,272,8
316703,3005,15,4
316703,3005,72,8
316703,3009,272,4
316703,3010,3,12
316703,3010,272,2
316703,30136,71,8
316703,3020,2,1
316703,3020,1050,9
316703,3021,2,4
316703,3021,272,6
316703,3021,15,1
316703,3023,72,2
316703,3023,1050,1
316703,3023,272,4
316703,3027,71,2
316703,3034,272,1
316703,3034,71,2
316703,3034,3,2
316703,3035,71,2
316703,3036,71,1
316703,3037,15,2
316703,3039,272,7
316703,3039,15,2
316703,3039pr0027,15,1
316703,3040b,71,4
316703,30503,2,2
316703,30565,72,4
316703,3062b,15,2
316703,3068b,272,1
316703,3068bpr0447,15,2
316703,3070b,3,1
316703,32001,71,1
316703,32348,0,1
316703,3245c,3,1
316703,32474,4,3
316703,32525,15,1
316703,32607,2,3
316703,3298,15,6
316703,3384,41,1
316703,33909,272,1
316703,33909,3,3
316703,34172,15,1
316703,35480,15,2
316703,3673,71,3
316703,36840,15,1
316703,3700,72,2
316703,3701,15,2
316703,3705,0,1
316703,3710,3,2
316703,3710,272,8
316703,3710,1050,7
316703,37352,272,1
316703,3749,19,1
316703,3795,272,4
316703,3795,3,2
316703,3837,72,1
316703,38648pat0001,0,1
316703,38799,15,1
316703,3899,14,1
316703,3941,3,2
316703,3942c,0,2
316703,3943b,0,1
316703,3957b,0,1
316703,3958,71,1
316703,4032a,3,1
316703,40490,272,2
316703,40527,0,1
316703,41239,0,1
316703,4162,71,2
316703,41769,15,2
316703,4274,15,4
316703,4282,0,2
316703,43093,1,2
316703,44861,3,2
316703,4528,179,1
316703,4529,0,1
316703,4533,41,1
316703,4599b,71,6
316703,48092,71,8
316703,48336,15,1
316703,48336,3,2
316703,4865b,15,4
316703,4871,15,1
316703,50373,272,1
316703,51739,272,2
316703,52979,41,2
316703,54200,41,4
316703,5520,84,1
316703,59900,2,2
316703,6003,71,4
316703,6003,321,4
316703,60470b,15,2
316703,60474,15,1
316703,60474,3,1
316703,60475b,15,6
316703,60581,41,1
316703,60592,15,2
316703,6117,72,1
316703,61252,15,2
316703,61332,0,8
316703,6141,15,4
316703,6141,182,6
316703,6141,2,2
316703,6141,0,2
316703,6141,41,9
316703,61485,71,1
316703,61485,0,1
316703,6155,72,1
316703,6232,0,2
316703,62462,3,1
316703,64799,15,1
316703,65304,0,2
316703,65509,0,3
316703,6636,15,2
316703,69729,0,2
316703,7126,15,1
316703,72454,15,1
316703,73831,71,1
316703,79741,179,1
316703,79811,179,1
316703,80179,179,1
316703,85861,15,1
316703,85984,0,2
316703,85984,15,2
316703,85984,3,8
316703,86996,15,2
316703,87079,272,2
316703,87081,15,1
316703,87544,41,2
316703,87606,41,1
316703,87620,15,8
316703,87994,71,1
316703,89159,47,1
316703,89523,272,1
316703,91176,0,2
316703,92410,15,1
316703,92582,15,4
316703,93273,0,2
316703,96874,3,1
316703,98138,4,2
316703,98138,34,4
316703,98138,41,8
316703,98138pr0121,19,2
316703,98138pr0381,19,1
316704,11153,272,2
316704,11211,272,2
316704,11212,272,4
316704,11458,15,1
316704,11476,0,2
316704,11476,71,2
316704,11477,0,4
316704,13349,15,2
316704,13548,71,2
316704,14719,4,2
316704,15068,272,6
316704,15068,15,3
316704,15070,15,4
316704,15573,3,2
316704,1748,14,2
316704,18674,71,1
316704,18674,1,4
316704,18980,272,2
316704,19220,0,1
316704,20953,15,3
316704,22889,15,1
316704,2357,272,2
316704,2419,272,2
316704,2420,15,2
316704,24299,15,2
316704,2431,41,4
316704,2432,0,2
316704,2462,15,4
316704,24946,19,1
316704,26047,0,2
316704,26601,272,4
316704,26603,272,1
316704,28192,15,5
316704,2877,19,14
316704,298c02,0,1
316704,3001,4,1
316704,3003,15,1
316704,3003,272,1
316704,3003,14,1
316704,3004,15,2
316704,3004,272,2
316704,3005,41,6
316704,30089b,0,1
316704,30093,10,1
316704,3010,3,2
316704,30162,72,1
316704,3020,15,2
316704,3020,1050,4
316704,3020,272,2
316704,3021,15,1
316704,3021,0,2
316704,3022,272,2
316704,3023,15,3
316704,3023,41,2
316704,3023,1050,6
316704,3023,272,10
316704,3023,4,1
316704,3024,272,2
316704,3032,15,1
316704,3032,272,2
316704,3033,272,1
316704,3034,4,1
316704,3034,15,1
316704,30357,272,4
316704,3037,15,1
316704,30374,15,2
316704,3039,272,2
316704,3039pr0025,15,1
316704,3040b,272,6
316704,3040b,71,1
316704,3040b,41,3
316704,3062b,4,4
316704,3062b,19,9
316704,3062b,3,2
316704,3065,41,3
316704,3068bpr0448,15,1
316704,3069b,41,1
316704,31990,0,2
316704,32059,72,2
316704,32059,15,2
316704,32064a,272,3
316704,32324,0,4
316704,32531,71,2
316704,32580,1,4
316704,32803,0,2
316704,32803,15,2
316704,32803,272,2
316704,32828,0,1
316704,33085,14,1
316704,33909,3,2
316704,3460,15,1
316704,35458,272,1
316704,3563,3,8
316704,36841,72,4
316704,3700,15,2
316704,3701,15,2
316704,3703,15,2
316704,3707,4,1
316704,3710,3,4
316704,3710,15,4
316704,3795,3,2
316704,3795,15,3
316704,3795,272,3
316704,3829c01,15,1
316704,38781,25,1
316704,3895,272,2
316704,3899,47,1
316704,3957b,71,1
316704,4081b,4,4
316704,41539,15,1
316704,41682,0,2
316704,41764,15,2
316704,41765,15,2
316704,42023,15,4
316704,4282,15,3
316704,4282,272,3
316704,4286,272,4
316704,4287c,272,2
316704,43093,1,4
316704,43722,15,2
316704,44728,15,2
316704,44861,3,1
316704,44865,15,3
316704,45677,272,2
316704,45705,272,1
316704,4733,0,2
316704,47457,71,1
316704,47847,15,2
316704,48205,72,1
316704,48336,0,4
316704,4871,15,2
316704,49307,3,4
316704,50303,272,1
316704,5152,41,3
316704,51739,15,1
316704,53451,25,2
316704,5404,15,2
316704,54200,41,6
316704,54200,15,5
316704,5520,272,1
316704,59900,3,2
316704,60219,15,1
316704,60470b,71,4
316704,61252,1,1
316704,6126b,41,1
316704,61332,0,17
316704,61409,71,2
316704,6141,46,1
316704,63868,15,2
316704,63965,71,1
316704,64644,19,14
316704,64644,0,1
316704,64648,25,2
316704,65768,0,1
316704,67338,484,1
316704,67446,72,1
316704,76959,15,2
316704,78886,41,3
316704,79393,321,4
316704,85080,15,3
316704,85861,182,1
316704,87079,15,2
316704,87079,4,1
316704,87087,272,2
316704,87618,71,1
316704,87620,15,4
316704,89523,272,1
316704,91405,15,1
316704,93273,272,1
316704,93273,3,2
316704,93606,4,1
316704,93606,15,2
316704,96874,3,1
316704,98138,41,1
316704,98138,0,8
316704,98138pr0008,15,4
316704,98138pr0384,15,2
316704,99207,71,2
316705,10197,15,4
316705,11090,15,4
316705,11211,0,1
316705,11211,15,2
316705,11213,15,1
316705,11458,0,2
316705,11476,0,8
316705,11477,3,1
316705,11477,1050,1
316705,1148,15,6
316705,11609,15,3
316705,11833,0,2
316705,14417,72,8
316705,14704,71,8
316705,14769,1050,2
316705,14769,15,1
316705,14769pr1070,19,1
316705,15068,72,1
316705,15068,3,3
316705,15068,272,2
316705,15462,70,1
316705,15535,15,1
316705,1748,3,5
316705,1750,0,1
316705,18654,3,1
316705,18674,15,1
316705,18677,72,2
316705,19220,0,1
316705,21849,41,2
316705,22388,41,2
316705,22885,3,2
316705,22885,15,3
316705,22889,0,2
316705,23443,272,17
316705,2357,28,4
316705,2393,0,4
316705,23950,272,2
316705,2412b,15,2
316705,2412b,272,6
316705,2419,272,7
316705,24246,1050,2
316705,2431,272,3
316705,2431pr0115,272,4
316705,2432,0,3
316705,2432,15,2
316705,2437,41,1
316705,2445,3,1
316705,2450,272,6
316705,2456,72,1
316705,2456,272,2
316705,2476a,15,6
316705,24946,15,1
316705,2569,0,1
316705,26047,15,1
316705,2654,41,1
316705,26603,272,3
316705,27925,1050,8
316705,28192,15,8
316705,28192,272,4
316705,2877,15,4
316705,298c02,15,6
316705,3001,15,9
316705,3001,272,1
316705,3001,1050,11
316705,3001,28,1
316705,3002,272,2
316705,3003,15,1
316705,3003,72,1
316705,3003,3,12
316705,3003,1050,4
316705,3004,1050,10
316705,3004,272,6
316705,3004,72,1
316705,3005,3,4
316705,3005,41,2
316705,3009,28,2
316705,3009,15,1
316705,3010,272,4
316705,3020,1050,5
316705,3020,272,10
316705,3020,72,4
316705,3020,484,1
316705,3021,3,2
316705,3022,272,2
316705,3022,15,4
316705,3022,3,4
316705,3023,15,1
316705,3023,272,5
316705,3023,1050,9
316705,3024,1050,4
316705,3029,0,1
316705,30293,72,2
316705,30294,72,2
316705,3031,15,2
316705,3032,0,1
316705,3032,272,6
316705,3034,272,2
316705,3034,0,1
316705,3037,15,1
316705,30374,14,1
316705,30374,15,4
316705,30377,71,4
316705,3039,15,5
316705,3039,72,2
316705,3039,272,12
316705,3039pr0027,15,1
316705,30414,15,2
316705,3062b,272,1
316705,3068b,14,1
316705,3068bpr0447,15,7
316705,3069b,1050,2
316705,3069b,46,3
316705,3069bpr0290,15,4
316705,3069bpr9996,72,1
316705,3070bpr0234,71,1
316705,3167,72,3
316705,32028,15,4
316705,32062,4,3
316705,32064a,15,6
316705,32123b,15,1
316705,32278,0,1
316705,3245c,3,2
316705,32526,0,2
316705,32530,0,1
316705,32557,0,2
316705,32803,0,1
316705,32803,15,10
316705,32952,15,2
316705,33085,14,1
316705,33909,3,5
316705,33909,0,2
316705,3456,0,1
316705,34816,15,2
316705,3484,71,11
316705,35480,15,2
316705,35480,272,4
316705,35480,3,8
316705,35787,15,2
316705,3622,15,4
316705,3666,3,1
316705,3673,71,2
316705,3678b,15,4
316705,3679,71,2
316705,3680,15,2
316705,3700,272,2
316705,3709,15,2
316705,3710,1050,11
316705,3713,0,1
316705,3749,19,1
316705,37762,15,8
316705,3795,15,2
316705,3795,272,3
316705,3795,3,1
316705,3823,41,2
316705,3829c01,15,1
316705,3832,484,2
316705,38648pat0001,0,1
316705,3894,72,4
316705,3899,4,1
316705,3941,272,2
316705,3941,41,1
316705,3941,3,1
316705,3957b,0,2
316705,3958,484,5
316705,3958,272,1
316705,3961,15,1
316705,39789,272,1
316705,39888,19,1
316705,40145,0,1
316705,4032a,0,1
316705,4032a,3,4
316705,4032a,15,1
316705,40490,0,3
316705,42003,72,2
316705,42445,71,1
316705,4274,15,4
316705,4286,28,2
316705,4286,272,6
316705,42924,1,2
316705,4342,19,1
316705,43719,272,2
316705,43898,71,2
316705,44301b,0,2
316705,44375b,15,1
316705,4460b,0,2
316705,44661,15,1
316705,44728,15,3
316705,44861,15,8
316705,4522,0,1
316705,46189,0,6
316705,47847,28,1
316705,48092,15,4
316705,48336,3,18
316705,49307,3,1
316705,49663pat0005,3,2
316705,49668,41,4
316705,50340,71,1
316705,50950,3,2
316705,51739,3,2
316705,52979,41,1
316705,53923,0,4
316705,54200,15,2
316705,54657,15,2
316705,5520,3,1
316705,59895,0,1
316705,59900,3,2
316705,60470b,15,12
316705,60474,15,1
316705,60476,15,2
316705,60478,3,11
316705,60483,0,1
316705,60484,72,2
316705,60581,41,1
316705,6117,72,1
316705,61332,0,30
316705,61409,15,4
316705,6141,34,1
316705,6141,36,1
316705,61780,272,1
316705,6190,72,1
316705,61975,0,4
316705,6232,0,7
316705,63868,15,5
316705,63868,47,26
316705,64644,15,2
316705,64799,15,1
316705,65304,71,1
316705,65886,15,10
316705,6629,0,1
316705,66906,0,4
316705,66956,15,1
316705,67095,272,6
316705,6805,15,2
316705,68568,272,8
316705,69320,41,1
316705,7068,41,14
316705,71708,0,1
316705,71752,0,5
316705,75937,15,2
316705,76766,15,6
316705,76959,15,2
316705,77845,15,4
316705,78329,272,2
316705,80015,3,4
316705,85543,15,2
316705,85984,272,4
316705,85984,3,1
316705,85984,15,2
316705,86876,1050,1
316705,86996,15,2
316705,87079,3,2
316705,87087,15,2
316705,87552,41,2
316705,87580,0,2
316705,87606,41,2
316705,87618,0,1
316705,87620,15,10
316705,89159,47,2
316705,89522,179,2
316705,89522,72,8
316705,89523,272,2
316705,91176,0,6
316705,91405,484,1
316705,92582,15,1
316705,93106,0,1
316705,93568pat0002,84,1
316705,96874,3,1
316705,98100,3,2
316705,98138,3,1
316705,98138,0,1
316705,98138,46,1
316705,98138pr0380,15,1
316705,98313,272,8
316705,99207,15,2
316705,99207,272,4
316705,99780,15,4
316705,99781,272,4
316706,10190,3,2
316706,10247,71,2
316706,10247,72,1
316706,109373,0,2
316706,11153,84,4
316706,11203,15,4
316706,11211,28,4
316706,11211,272,4
316706,11211,15,6
316706,11211,19,2
316706,11212,15,2
316706,11213,19,1
316706,11476,19,3
316706,11477,15,16
316706,11477,1050,2
316706,11477,84,2
316706,11477,70,2
316706,11477,41,1
316706,11477,28,1
316706,13547,272,4
316706,13548,71,3
316706,13548,15,9
316706,14417,72,6
316706,14418,71,18
316706,14419,72,2
316706,14704,72,2
316706,14769,1050,2
316706,15068,15,7
316706,15208,0,4
316706,15254,70,2
316706,15573,15,2
316706,15573,3,2
316706,15573,272,2
316706,15712,15,2
316706,15712,70,5
316706,16091,0,1
316706,1748,15,9
316706,1750,70,1
316706,1762,71,4
316706,18649,15,2
316706,18674,15,1
316706,18738,179,3
316706,19220,0,1
316706,20482,15,1
316706,20952,15,1
316706,22888,15,1
316706,22889,15,1
316706,22890,72,6
316706,2417,15,2
316706,2420,2,1
316706,2420,28,1
316706,2420,15,2
316706,24201,272,2
316706,2423,15,4
316706,24246,1050,2
316706,24246,15,8
316706,24246,84,2
316706,24299,84,1
316706,24307,84,1
316706,24309,15,1
316706,24309,84,1
316706,2431,3,2
316706,2431,15,3
316706,2432,15,1
316706,2432,71,1
316706,2449,15,12
316706,2454b,15,1
316706,2456,272,2
316706,24855,2,1
316706,24855,15,1
316706,24866,1050,3
316706,25269,321,3
316706,25269,41,3
316706,25269,70,6
316706,26047,70,3
316706,2654,15,1
316706,26599,71,2
316706,26601,70,2
316706,26604,84,2
316706,2682,15,2
316706,27257,0,8
316706,27261,0,4
316706,27261,15,4
316706,2736,71,3
316706,27507,15,4
316706,28192,28,2
316706,2877,71,1
316706,29115,15,1
316706,298c02,15,2
316706,3001,1050,2
316706,3001,15,11
316706,3001,14,1
316706,3002,14,4
316706,3003,84,2
316706,3003,15,4
316706,30031,0,1
316706,3004,84,2
316706,3004,272,5
316706,3004,15,1
316706,3004,1050,6
316706,3005,19,4
316706,3005,15,2
316706,3005,41,7
316706,3005,272,2
316706,3006,19,2
316706,3007,15,6
316706,3007,71,1
316706,3008,15,1
316706,30089b,0,1
316706,3009,272,3
316706,3009,15,7
316706,3009,19,5
316706,30093,10,2
316706,3010,272,4
316706,3010,72,2
316706,3010,84,1
316706,3010,1050,2
316706,3010,3,2
316706,30136,28,14
316706,30136,71,2
316706,30137,70,6
316706,30150,71,1
316706,30162,72,1
316706,30162,71,2
316706,3020,1,3
316706,3020,272,4
316706,3020,15,2
316706,3021,15,4
316706,3021,28,3
316706,3021,70,1
316706,3021,19,1
316706,3022,2,3
316706,3022,84,2
316706,3022,15,18
316706,3023,1050,3
316706,3023,1,3
316706,3023,3,5
316706,3023,15,13
316706,3023,72,1
316706,3023,272,3
316706,3023,19,2
316706,3023,84,6
316706,3024,2,3
316706,3024,70,2
316706,3024,28,3
316706,3024,15,10
316706,3032,272,2
316706,3032,2,1
316706,3032,28,1
316706,3032,15,4
316706,3033,272,5
316706,3034,28,1
316706,3034,15,1
316706,3035,19,1
316706,3037,15,6
316706,3039,272,5
316706,3039,70,2
316706,3039,72,4
316706,3039,15,3
316706,3039pr0025,15,1
316706,3040b,2,6
316706,3040b,41,11
316706,30414,19,4
316706,30504,71,1
316706,30505,15,4
316706,3065,41,7
316706,3068b,15,2
316706,3068bpr0448,15,1
316706,3069b,70,4
316706,3069b,321,4
316706,3069b,41,8
316706,3069b,84,2
316706,3069b,15,4
316706,3069b,1050,1
316706,3069bpr0301,71,1
316706,3069bpr0304,15,1
316706,3069bpr9996,72,1
316706,3070b,84,2
316706,3170,0,2
316706,32028,3,1
316706,32062,4,1
316706,32064a,72,2
316706,32123b,71,1
316706,32278,272,1
316706,32607,2,4
316706,32607,15,5
316706,32803,15,1
316706,32803,3,6
316706,32952,72,8
316706,3297,15,2
316706,3298,15,2
316706,33085,14,1
316706,33909,3,1
316706,34103,15,1
316706,35458,272,1
316706,35480,15,10
316706,35480,3,1
316706,35480,72,6
316706,35480,28,4
316706,3622,272,1
316706,3622,15,7
316706,3623,70,2
316706,3623,28,2
316706,3623,15,4
316706,3661,0,4
316706,3665,15,4
316706,3666,15,2
316706,3666,272,2
316706,3673,71,4
316706,3678b,71,3
316706,36840,19,1
316706,36840,84,2
316706,36841,70,2
316706,36841,15,2
316706,3710,2,1
316706,3710,272,1
316706,3710,1050,15
316706,3795,3,4
316706,3795,15,4
316706,3795,272,2
316706,3829c01,15,2
316706,3832,72,2
316706,3837,72,2
316706,3839b,71,2
316706,3841,72,2
316706,3941,15,2
316706,3941,70,2
316706,3942c,15,1
316706,3942c,2,1
316706,4032a,308,2
316706,4081b,272,4
316706,41539,15,1
316706,41539,71,1
316706,41539,28,2
316706,4162,1,1
316706,41682,15,4
316706,4175,15,2
316706,41764,15,1
316706,41765,15,1
316706,41769,70,1
316706,41769,15,1
316706,41770,70,1
316706,41770,15,1
316706,42023,72,2
316706,4282,272,2
316706,4286,272,2
316706,4286,15,5
316706,4286,2,6
316706,4304,15,2
316706,43093,1,2
316706,43712,84,1
316706,43713,84,1
316706,43722,3,1
316706,43722,2,3
316706,43722,70,1
316706,43723,3,1
316706,43723,70,1
316706,44661,15,1
316706,44728,71,1
316706,44728,15,3
316706,44865,15,5
316706,4519,71,1
316706,4533,72,1
316706,4599b,0,1
316706,4733,70,1
316706,47847,15,4
316706,47847,28,1
316706,47905,19,1
316706,48208,15,8
316706,48336,70,2
316706,49307,15,4
316706,49307,70,2
316706,50305,28,1
316706,5091,15,4
316706,5092,71,4
316706,50950,15,6
316706,50950,3,2
316706,53119,70,5
316706,53451,15,2
316706,54200,0,1
316706,54200,15,12
316706,54200,321,1
316706,54200,84,2
316706,54200,41,16
316706,5841,84,2
316706,5843,272,2
316706,59443,272,1
316706,59900,10,2
316706,60477,15,6
316706,60478,28,4
316706,60481,15,12
316706,60483,3,1
316706,60592,272,1
316706,60596,3,1
316706,60601,41,1
316706,60616b,71,1
316706,6112,15,2
316706,6117,72,2
316706,61252,15,4
316706,61252,19,1
316706,6141,15,4
316706,6141,0,1
316706,6141,72,1
316706,6141,3,1
316706,6141,41,1
316706,6141,46,1
316706,61485,0,1
316706,61780,272,1
316706,6179,15,3
316706,62462,15,3
316706,63864,15,3
316706,63868,15,2
316706,63868,72,2
316706,63868,28,4
316706,6541,72,1
316706,65768,0,1
316706,6636,3,4
316706,66906,0,1
316706,67329,71,4
316706,67338,484,1
316706,68013,70,2
316706,68013,15,1
316706,68495pat0003,47,2
316706,69729,15,9
316706,71752,0,3
316706,72454,84,1
316706,73230,84,4
316706,78256,71,4
316706,78258,19,2
316706,78329,15,4
316706,78329,19,4
316706,79389,19,4
316706,79389,15,1
316706,80177,84,1
316706,80178,84,1
316706,85861,0,1
316706,85861,15,1
316706,85861,19,1
316706,85975,15,1
316706,85984,15,20
316706,85984,3,5
316706,86996,19,1
316706,86996,84,2
316706,87079,15,4
316706,87083,72,1
316706,87087,15,4
316706,87087,28,2
316706,87620,84,2
316706,87994,19,1
316706,89523,272,1
316706,90540,15,2
316706,91988,15,1
316706,92099,72,1
316706,92107,15,1
316706,92410,3,1
316706,92438,28,2
316706,92947,15,2
316706,92950,15,1
316706,93273,15,1
316706,93273,71,1
316706,95344,28,1
316706,96874,3,1
316706,98100,3,1
316706,98100,15,1
316706,98138,41,4
316706,98138,15,2
316706,98138pr0008,15,4
316706,98138pr0107,0,8
316706,98138pr0186,71,2
316706,98302,0,2
316706,98313,28,4
316706,99207,3,1
316706,99207,15,2
316706,99781,70,1
316706,99781,15,3
316706,99781,72,14
316897,28974,15,1
316897,3626cpr2224,14,1
316897,49663pat0005,3,1
316897,89159,47,1
316897,970c27,15,1
316897,973c46h05pr0002,15,1
316898,2631,226,1
316898,3626cpr3903,14,1
316898,41811,272,1
316898,970c46pr2563,3,1
316898,973c60h05pr0001,15,1
316904,3626cpr2589,14,1
316904,83345,0,1
316904,970c46pr2563,3,1
316904,973c46h05pr0003,1050,1
316905,28621pr9618,14,1
316905,36933pr0003,15,1
316905,970c46,3,1
316905,973c60h27pr0002,1050,1
316907,2640,226,1
316907,3626cpr3770,14,1
316907,970c05,272,1
316907,973c60h27pr0002,1050,1
316911,3277,308,1
316911,3626cpr2594,14,1
316911,970c05,272,1
316911,973c60h46pr0001,272,1
317016,3626cpr1771,14,1
317016,62696,0,1
317016,970c46,3,1
317016,973c46h01pr0003,3,1
317017,23186,84,1
317017,28974,15,1
317017,3626cpr3540,14,1
317017,970c05,272,1
317017,973c60h05pr0001,15,1
317018,36037,308,1
317018,3626cpr2951,14,1
317018,49663pat0005,3,1
317018,970c27,15,1
317018,973c46h05pr0002,15,1
317019,28621pr4230,14,1
317019,41811,272,1
317019,49663pat0005,3,1
317019,89159,47,1
317019,970c46pr2563,3,1
317019,973c60h05pr0001,15,1
317020,3626cpr3360,14,1
317020,38781,25,1
317020,5492pat0003,484,1
317020,970c46pr2563,3,1
317020,973c46h05pr0003,1050,1
317021,2446,272,1
317021,30090,41,1
317021,3626cpr1974,14,1
317021,3838a,3,1
317021,970c05,272,1
317021,973c60h46pr0001,272,1
317022,10115859,9999,1
317022,105162pr0002,0,2
317022,110100pr0002,0,2
317022,11153,4,2
317022,11211,15,1
317022,15573,15,1
317022,15573,0,1
317022,15573,71,3
317022,15712,0,2
317022,18986,47,2
317022,20482,0,1
317022,20482,71,2
317022,22385,0,4
317022,23443,71,2
317022,2420,4,2
317022,24299,71,1
317022,24307,71,1
317022,2431pr0016,0,1
317022,25269,71,2
317022,2540,0,2
317022,28192,0,2
317022,28974,71,1
317022,30029,0,1
317022,3005pr0042,71,1
317022,3005pr0043,71,1
317022,3021,15,3
317022,3022,0,1
317022,3023,1,2
317022,3023,14,1
317022,3023,71,2
317022,3023,4,6
317022,3024,0,5
317022,3024,4,2
317022,3024,71,4
317022,3031,0,1
317022,3069b,71,1
317022,3069b,0,1
317022,3070b,4,2
317022,3070bpr9897,0,1
317022,3176,0,1
317022,32064a,71,1
317022,32123b,71,2
317022,32530,71,1
317022,32803,0,1
317022,3484,71,1
317022,35480,72,4
317022,35480,0,1
317022,35787,71,2
317022,3623,4,1
317022,3623,0,1
317022,3665,0,2
317022,3701,0,2
317022,3705,4,1
317022,3710,71,3
317022,3749,19,2
317022,37762,179,1
317022,3795,0,1
317022,4006,179,1
317022,41677,0,4
317022,43093,1,2
317022,44861,71,2
317022,4740,0,4
317022,4865b,71,2
317022,5091,0,1
317022,5091,71,1
317022,5091,72,1
317022,5092,0,1
317022,5092,72,1
317022,5092,71,1
317022,5093,71,1
317022,5095,71,1
317022,51739,71,1
317022,5264,71,3
317022,53118pr0003,1103,1
317022,5404,0,2
317022,5404,71,2
317022,5414pr0002,71,1
317022,5415pr0002,71,1
317022,54200pr0012,71,2
317022,59443,0,2
317022,6141,0,1
317022,6141,4,2
317022,62810,0,1
317022,65249,15,2
317022,65426,71,1
317022,65429,71,1
317022,6801pr0013,71,1
317022,71752,19,3
317022,7205pr0004,0,1
317022,7206pr0004,0,1
317022,7302,4,2
317022,73825,71,2
317022,73825,0,1
317022,75c07,71,1
317022,7674,0,4
317022,7674,71,4
317022,7674,4,2
317022,7821,0,2
317022,7821,71,2
317022,7826,0,2
317022,78329,72,1
317022,7835,0,2
317022,7835pr0001,0,1
317022,80179,0,2
317022,85943,0,1
317022,86876,0,1
317022,89678,4,1
317022,93273,0,2
317022,93555,0,1
317022,93609,0,2
317022,95344,0,2
317022,99207,0,2
317022,99563,0,6
317022,99563pr0002,71,1
317022,99780,72,2
317022,99780,71,2
317022,99780,0,4
317022,99781,4,2
317022,99781,71,2
317082,58247,0,1
317158,10116619,9999,1
317158,11476,70,2
317158,14719,71,1
317158,15533,84,2
317158,15712,19,2
317158,20482,297,1
317158,20482,4,2
317158,22885,19,1
317158,22885,71,3
317158,22961,71,1
317158,2357,70,2
317158,24122,0,2
317158,2412b,0,12
317158,2412b,19,2
317158,2420,15,2
317158,2423,29,2
317158,24246,25,2
317158,2431,320,6
317158,24866,27,2
317158,25269,71,2
317158,26601,0,4
317158,26601,320,4
317158,28192,15,4
317158,28192,19,4
317158,28192,25,4
317158,2821,191,2
317158,29119,4,1
317158,29119,25,1
317158,29120,25,1
317158,29120,4,1
317158,3002,70,2
317158,3003,84,4
317158,3004,70,2
317158,3005,0,2
317158,3005,84,4
317158,3006,70,2
317158,3009,84,4
317158,3009,0,1
317158,3010,0,1
317158,30136,0,4
317158,30136,19,4
317158,3021,25,2
317158,3022,4,1
317158,3023,71,8
317158,3023,0,5
317158,30237b,0,1
317158,3024,71,1
317158,3033,19,2
317158,3034,19,2
317158,30374,71,1
317158,3062b,47,1
317158,3062b,297,2
317158,3069b,71,5
317158,3069b,15,3
317158,3069b,320,2
317158,3070b,0,1
317158,3176,71,4
317158,32016,71,1
317158,33909,320,4
317158,33909,378,5
317158,34103,19,2
317158,3460,28,3
317158,35480,15,6
317158,3665,0,2
317158,3666,72,2
317158,3709,15,1
317158,3710,320,2
317158,3710,0,2
317158,37762,0,2
317158,37762,19,10
317158,3795,15,2
317158,3795,71,1
317158,3795,72,1
317158,3832,0,2
317158,3937,71,2
317158,4032a,15,3
317158,4162,0,1
317158,41740,71,2
317158,43093,1,2
317158,4367,5,3
317158,4477,0,2
317158,44861,15,1
317158,4510,71,1
317158,4519,71,1
317158,4599b,71,1
317158,48336,0,1
317158,48336,1136,1
317158,5404,0,2
317158,54200,0,2
317158,54200,378,1
317158,59443,71,1
317158,59900,0,2
317158,60470b,4,1
317158,6134,71,2
317158,6141,297,2
317158,63868,70,2
317158,63965,71,1
317158,64648,25,1
317158,65578,84,3
317158,65886,4,1
317158,68212,191,1
317158,77808,484,4
317158,77845,15,5
317158,78256,0,2
317158,78258,70,1
317158,79735,28,2
317158,79811,179,1
317158,80179,179,1
317158,80326,15,4
317158,85861,70,3
317158,85984,0,4
317158,86876,71,1
317158,87079,320,1
317158,87544,70,2
317158,87580,71,2
317158,87994,0,1
317158,89678,72,1
317158,95228,34,1
317158,98138,46,2
317158,98138pr0274,0,4
317158,98283,84,5
317165,11477,15,1
317165,15068pr0098,272,1
317165,15573,272,3
317165,18977,0,4
317165,2817,0,2
317165,30031,0,1
317165,3021,272,1
317165,3023,1062,1
317165,3024,15,1
317165,3069b,36,1
317165,3069b,33,1
317165,3666,1062,2
317165,3673,71,4
317165,36841,0,1
317165,44861,0,1
317165,61482,71,1
317165,66727,0,4
317165,71752,0,1
317165,98138,47,1
317167,13971,0,4
317167,15207,72,1
317167,20482,72,2
317167,2431,72,1
317167,3020,25,1
317167,3022,25,1
317167,3023,36,2
317167,3673,71,5
317167,3894,0,2
317167,5066,72,1
317167,5264,0,1
317167,60478,0,2
317167,61254,0,4
317167,6187,0,1
317167,6908,182,1
317167,85984,25,2
317167,93609,72,2
317167,98283,28,2
317168,2446,15,1
317168,2447,47,1
317168,3626cpr0933,14,1
317168,970c05,272,1
317168,973c05h12pr6892,1062,1
317170,11241pr0011,1145,1
317170,15207,15,2
317170,15573,297,3
317170,2412b,179,2
317170,24866,5,2
317170,298c02,15,1
317170,3009,31,1
317170,3021,27,1
317170,3062b,297,7
317170,3062b,15,2
317170,32607,10,2
317170,33051,4,1
317170,33172,25,1
317170,33183,27,1
317170,3795,27,1
317170,3836,70,1
317170,3852b,29,1
317170,4599b,297,1
317170,5540,272,1
317170,60475b,15,2
317170,6141,41,1
317170,6636,272,1
317170,95343,4,1
317170,95344,297,1
317174,20482,5,1
317174,3020,5,1
317174,32828,71,1
317174,3386,71,1
317174,3852b,322,1
317174,4740,45,1
317174,53020,14,1
317174,60475b,15,4
317174,6134,71,2
317174,65509,15,1
317174,69901pr0039,484,1
317174,87618,71,1
317175,11215,4,1
317175,15068,4,1
317175,15573,297,1
317175,18977,0,2
317175,21459,297,1
317175,2412b,179,2
317175,25269,4,2
317175,3023,182,1
317175,30602,0,1
317175,4032a,14,2
317175,44861,0,2
317175,54200,41,1
317175,55981,297,2
317175,6126b,182,2
317175,77598,72,2
317175,77765,71,2
317175,85984,4,2
317175,99207,71,2
317175,99780,0,2
317176,11476,0,2
317176,14417,72,2
317176,14704,71,4
317176,21459,297,1
317176,22890,72,2
317176,24246,71,2
317176,2654,15,2
317176,26601,378,4
317176,28192,297,2
317176,3020,15,1
317176,3021,72,1
317176,3068b,71,1
317176,32803,72,2
317176,33909,378,2
317176,3710,378,1
317176,4032a,378,2
317176,41682,71,1
317176,47456,15,2
317176,47456,297,2
317176,60470b,15,1
317176,60478,15,2
317176,85861,4,1
317176,90194,15,1
317179,3626cpr2255,14,1
317179,5990pat0004,10,1
317179,970c35pr0006,288,1
317179,973c35h18pr0002,288,1
317181,3626cpr9975,14,1
317181,5990pat0005,4,1
317181,970c10pr0007,320,1
317181,973c10h22pr0001,320,1
317182,28621pr4031,14,1
317182,3833,4,1
317182,970c12,72,1
317182,973c76h14pr0002,1136,1
317185,11153,5,4
317185,11291,0,1
317185,11477,5,5
317185,11477,226,3
317185,15068,29,2
317185,15068,5,4
317185,15573,5,2
317185,15712,15,2
317185,1748,29,4
317185,26047,14,3
317185,3004,29,1
317185,3021,29,2
317185,3022,29,5
317185,35480,15,2
317185,3623,15,4
317185,44861,71,2
317185,4733,71,2
317185,54200,0,1
317185,5841,5,3
317185,5852,29,2
317185,60478,19,2
317185,63868,15,1
317185,67329,29,2
317185,7126,0,1
317185,78258,15,1
317185,85861,19,4
317185,87580,5,2
317185,98138pr0384,15,2
317187,11153,0,2
317187,11153,4,2
317187,15068,4,1
317187,2412b,4,2
317187,2420,0,6
317187,24246,36,2
317187,2817,0,2
317187,28802,0,1
317187,3020,4,3
317187,3023,41,8
317187,3039,41,2
317187,3069b,4,1
317187,3070b,0,6
317187,33909,4,4
317187,35787,0,4
317187,3673,71,4
317187,36841,0,2
317187,3710,0,1
317187,3795,71,1
317187,42610,71,4
317187,44728,0,2
317187,44861,4,2
317187,48336,4,1
317187,50951,0,4
317187,54200,0,4
317187,54200,41,2
317187,93274,71,2
317187,98834,4,1
317218,10187,226,8
317218,11610,10,3
317218,13564,10,2
317218,15469,10,5
317218,15469,320,2
317218,15469,29,3
317218,15535,25,6
317218,18674,15,5
317218,18674,85,2
317218,1941,85,3
317218,23443,1146,16
317218,24122,70,1
317218,24855,378,6
317218,24855,2,4
317218,24866,14,22
317218,24866,320,16
317218,24946,158,1
317218,25516,15,5
317218,2654,78,20
317218,2682,320,16
317218,2682,288,3
317218,3020,84,4
317218,3022,84,8
317218,3034,84,14
317218,30374,27,2
317218,3068b,84,12
317218,32016,10,4
317218,32016,288,5
317218,32034,27,1
317218,32062,4,7
317218,32073,14,3
317218,32192,288,1
317218,32192,378,2
317218,32192,2,2
317218,32524,70,2
317218,32607,320,8
317218,33183,70,3
317218,3484,78,28
317218,3484,31,30
317218,35394,29,20
317218,3701,84,24
317218,3702,84,24
317218,39262,212,21
317218,39262,15,5
317218,39262,10,3
317218,4032a,288,4
317218,4032a,4,4
317218,4032a,19,1
317218,4032a,10,4
317218,4042,10,6
317218,4042,378,2
317218,41751,288,2
317218,43093,1,25
317218,43898,1147,2
317218,44375b,1146,8
317218,44375b,26,3
317218,4519,14,4
317218,4733,27,2
317218,5264,0,8
317218,5264,2,13
317218,5264,19,50
317218,53454,5,24
317218,53454,26,54
317218,5904,5,16
317218,5904,14,22
317218,59443,10,7
317218,59443,288,2
317218,59900,19,1
317218,60897,320,8
317218,61252,19,20
317218,61332,0,24
317218,6141,92,12
317218,65578,2,4
317218,66909,10,2
317218,66909,378,2
317218,67139,0,2
317218,67811,288,7
317218,68212,226,2
317218,69729,84,8
317218,7068,0,2
317218,7068,19,5
317218,7096,1147,12
317218,7244,0,12
317218,75937,26,3
317218,7610,78,2
317218,78258,378,2
317218,7905,10,6
317218,80674,15,27
317218,85861,15,22
317218,85861,70,12
317218,85861,27,4
317218,85861,212,3
317218,85861,2,7
317218,87079,84,18
317218,87994,15,1
317218,89678,72,3
317218,96874,25,1
317263,13564,0,2
317263,14419,72,2
317263,14704,72,2
317263,16770,0,2
317263,18674,0,2
317263,22484,0,2
317263,26047,0,2
317263,27261,0,1
317263,32803,0,1
317263,33909,0,1
317263,3941,0,2
317263,71752,0,1
317263,80497,0,2
317263,92692,0,1
317263,98313,0,2
317263,99563,0,2
317263,99780,72,1
317263,99781,0,1
317265,15712,0,1
317265,21459,179,1
317265,66909,378,1
317265,87994,0,1
317265,92690,1103,1
317490,penupn9978c03,47,1
317490,penupn9998,0,1
317491,penupn9978c03,47,1
317491,penupn9998,272,1
317494,penupn0010,70,1
317494,penupn0028,70,1
317494,penupn0037c01,25,1
317494,penupn9977c03,47,1
317496,penupn0008,1,1
317496,penupn9974,15,1
317496,penupn9978c03,47,1
317496,penupn9998,15,1
317557,3626cpr0001,14,1
317557,970c28,1,1
317557,973c22h01,4,1
317581,11211,322,4
317581,11212,0,4
317581,11477,14,1
317581,11477,191,1
317581,15068,15,2
317581,15535,0,2
317581,15573,71,1
317581,15672,0,10
317581,15672,191,4
317581,15672,25,2
317581,15672,14,2
317581,15712,0,8
317581,1745,15,2
317581,1748,191,1
317581,1748,14,1
317581,1748,0,2
317581,18674,70,1
317581,22885,0,4
317581,22885,71,6
317581,22885,70,2
317581,22888,322,2
317581,2420,0,4
317581,2420,15,4
317581,24201,72,4
317581,25269,0,12
317581,25269,14,2
317581,25269,191,4
317581,25269,25,2
317581,26601,0,4
317581,3001,15,2
317581,30136,0,2
317581,3020,72,4
317581,3021,0,10
317581,3021,15,4
317581,3022,19,2
317581,3023,15,2
317581,3023,14,1
317581,3023,0,14
317581,3023,191,1
317581,3024,14,1
317581,3024,191,1
317581,3024,0,4
317581,3031,84,3
317581,3035,322,2
317581,3039,0,2
317581,3068b,71,4
317581,3069b,0,8
317581,3070b,4,2
317581,32607,326,1
317581,32952,4,2
317581,36840,72,4
317581,36840,0,2
317581,3709,191,2
317581,3710,0,2
317581,37352,0,4
317581,39613,4,2
317581,39613,5,1
317581,4032a,71,2
317581,42445,47,1
317581,43093,1,2
317581,48336,0,4
317581,5264,47,1
317581,5404,0,4
317581,54200,25,2
317581,54200,0,10
317581,54200,15,1
317581,54200,191,2
317581,5841,0,12
317581,5852,15,8
317581,6141,72,3
317581,6141,322,6
317581,64648,212,1
317581,64799,0,2
317581,6541,19,2
317581,65509,15,2
317581,77850,0,2
317581,85984,15,2
317581,87079,0,2
317581,87580,15,1
317581,93273,0,2
317581,93273,15,4
317581,98138,15,9
317581,98138pr9979,15,4
317607,3023,4,2
317607,3024,4,2
317815,3023,15,2
317815,3023,29,2
317815,3023,4,2
317815,3023,0,2
317815,3024,15,2
317815,3024,0,2
317815,3024,4,2
317815,3024,29,2
317927,11476,1,2
317927,11477,31,2
317927,11477,4,2
317927,11477,70,4
317927,11477,3,2
317927,14769,15,2
317927,15068,15,2
317927,15571,14,2
317927,15573,15,2
317927,1750,3,2
317927,24246,84,4
317927,25269,0,2
317927,26047,15,2
317927,26047,321,4
317927,26047,14,4
317927,26604,15,8
317927,29119,321,2
317927,29120,321,2
317927,3004,84,2
317927,3004,10,2
317927,30136,84,2
317927,30136,15,2
317927,30165,15,2
317927,3022,14,4
317927,3022,19,2
317927,3022,212,2
317927,3023,29,4
317927,3023,323,4
317927,3023,84,4
317927,3023,322,2
317927,3023,15,2
317927,3062b,25,4
317927,33909,19,2
317927,35480,4,2
317927,36840,19,8
317927,36841,15,4
317927,4304,4,2
317927,4304,15,2
317927,44728,70,2
317927,4740,15,4
317927,49668,15,4
317927,5264,297,2
317927,54200,15,2
317927,54200,322,2
317927,54200,85,2
317927,5841,15,4
317927,60474,19,2
317927,60478,1,2
317927,60478,191,2
317927,61252,1,4
317927,61252,30,4
317927,6141,84,8
317927,86876,191,4
317927,87087,84,8
317927,87580,5,2
317927,87580,4,4
317927,87580,15,2
317927,89522,297,2
317927,98138,71,8
317927,98138,15,8
317927,98138pr0107,0,4
317927,98138pr0384,15,4
317927,99207,15,2
317927,99207,19,2
317927,99780,4,2
317997,10116506,9999,1
317997,10197,15,2
317997,11153,0,4
317997,11211,322,4
317997,11212,0,46
317997,11213,0,6
317997,11458,72,2
317997,11476,0,4
317997,11477,272,4
317997,15068,71,1
317997,15207,71,2
317997,15462,70,4
317997,15535,27,4
317997,15573,15,3
317997,15573,72,5
317997,15573,2,10
317997,15712,72,8
317997,15712,15,3
317997,1751,0,8
317997,18654,1,4
317997,18677,0,64
317997,22885,70,4
317997,22961,1,1
317997,2310,2,8
317997,2357,72,2
317997,2420,0,4
317997,24201,71,8
317997,24201,4,4
317997,2431,2,4
317997,26047,15,2
317997,2654,19,3
317997,26599,71,5
317997,26603,2,4
317997,2723,0,8
317997,27507pr0003,15,2
317997,2921,4,2
317997,3004,272,2
317997,3005,0,1
317997,30136,19,8
317997,3020,322,6
317997,3021,15,22
317997,3022,322,8
317997,3023,272,6
317997,3023,0,10
317997,3023,46,5
317997,3028,71,1
317997,3032,0,6
317997,3034,71,3
317997,30340,15,1
317997,30357,15,24
317997,30374,47,2
317997,30602,0,1
317997,3062b,15,5
317997,3068b,322,22
317997,3069b,0,8
317997,3069b,322,2
317997,3070b,272,2
317997,3070b,1050,2
317997,3172,71,2
317997,3176,71,1
317997,32000,72,10
317997,32000,19,16
317997,32000,4,8
317997,32001,15,4
317997,32001,0,16
317997,32013,71,9
317997,32014,4,2
317997,32016,72,2
317997,32028,71,10
317997,32062,4,6
317997,32064a,72,5
317997,32123b,71,15
317997,32184,4,4
317997,32192,0,36
317997,32192,4,8
317997,32192,2,16
317997,32192,15,2
317997,32348,0,2
317997,32523,14,2
317997,32525,72,6
317997,32526,4,2
317997,32526,72,2
317997,32952,15,4
317997,3386,19,2
317997,33909,70,20
317997,33909,19,25
317997,34103,322,16
317997,3460,272,5
317997,3484,0,8
317997,35480,71,6
317997,35480,15,3
317997,3573,0,8
317997,3623,15,16
317997,3659,0,12
317997,3666,15,11
317997,3673,14,12
317997,36840,71,24
317997,36840,272,3
317997,36841,19,24
317997,3700,14,4
317997,3706,4,1
317997,3710,27,4
317997,37352,4,1
317997,3832,0,1
317997,3839b,19,1
317997,3941,322,24
317997,3957b,71,1
317997,39789,4,4
317997,39888,19,8
317997,4032a,27,18
317997,41740,19,25
317997,42003,0,3
317997,42409,41,3
317997,42610,4,2
317997,42610,71,6
317997,42924,1,28
317997,4304,72,4
317997,43093,1,94
317997,4477,15,3
317997,4519,14,6
317997,4740,35,2
317997,48336,19,2
317997,4865b,71,8
317997,5092,1050,22
317997,50951,0,2
317997,50990b,15,11
317997,50990bpr0001,15,6
317997,53540,71,2
317997,53586,179,1
317997,5415,1050,24
317997,54200,71,5
317997,55013,72,1
317997,59900,71,1
317997,60470b,15,2
317997,60474,72,6
317997,60478,72,22
317997,60483,27,4
317997,60897,70,2
317997,61252,15,4
317997,61332,0,35
317997,6141,2,46
317997,6141,15,4
317997,62462,14,4
317997,63864,272,1
317997,63869,71,2
317997,64799,71,1
317997,65249,15,4
317997,65304,25,2
317997,6536,71,1
317997,6541,15,8
317997,65489,71,2
317997,6553,0,7
317997,6575,72,12
317997,6587,28,28
317997,6632,15,2
317997,6636,2,2
317997,67329,14,7
317997,68504,297,1
317997,73230,71,48
317997,73562,15,1
317997,77765,71,2
317997,77844,15,4
317997,78329,15,1
317997,79194,15,3
317997,85861,182,10
317997,85984,72,1
317997,87079,0,3
317997,87083,72,19
317997,87087,0,4
317997,87580,0,6
317997,87580,15,2
317997,87580,2,16
317997,90398pat0004,1050,1
317997,90398pat0004,322,10
317997,93606,322,24
317997,95188,0,4
317997,96874,25,1
317997,98138,35,1
317997,99780,19,18
317998,11010,334,1
317998,11212,72,4
317998,11477,72,4
317998,13731,72,3
317998,14395,0,2
317998,14719,72,2
317998,14719,0,2
317998,15068,72,2
317998,15571,72,2
317998,15573,0,3
317998,15573,72,10
317998,22885,14,1
317998,22886,0,3
317998,22888,72,1
317998,2310,0,2
317998,2420,72,2
317998,2420,0,3
317998,24201,72,4
317998,24299,72,3
317998,24307,72,3
317998,2431,72,4
317998,2450,72,4
317998,2456,0,2
317998,25269,72,8
317998,26601,72,2
317998,27507,72,4
317998,27925,72,8
317998,28192,72,2
317998,28802,72,8
317998,29119,72,3
317998,29120,72,3
317998,3002,15,1
317998,30136,0,2
317998,3020,0,3
317998,3020,15,2
317998,3020,4,4
317998,3020,72,5
317998,3021,72,14
317998,3021,0,3
317998,3022,4,3
317998,3022,0,7
317998,3022,72,4
317998,3023,0,18
317998,3023,72,25
317998,3024,0,2
317998,3029,72,2
317998,3034,72,2
317998,3034,0,4
317998,3035,72,1
317998,30363,0,1
317998,3045,0,4
317998,3049d,72,3
317998,3068b,72,2
317998,3069b,72,6
317998,3070b,72,2
317998,32028,72,12
317998,32324,0,2
317998,32449,15,4
317998,3245c,0,1
317998,32524,71,2
317998,32803,4,4
317998,32803,0,1
317998,3297,0,4
317998,3299,72,1
317998,3300,72,2
317998,33909,72,4
317998,3460,72,2
317998,35044,72,2
317998,35464,72,5
317998,35480,72,1
317998,35480,71,6
317998,3623,72,2
317998,3623,0,5
317998,3659,0,6
317998,3666,0,5
317998,3666,72,4
317998,3675,0,4
317998,36841,72,4
317998,3710,0,7
317998,3795,0,1
317998,3795,72,5
317998,3832,0,1
317998,3937,0,1
317998,3941,71,3
317998,3958,71,1
317998,41740,72,2
317998,41769,72,3
317998,41770,72,3
317998,4190,72,10
317998,4287c,72,2
317998,43093,1,2
317998,43722,72,4
317998,43723,72,4
317998,44301b,72,4
317998,44567b,72,1
317998,44728,4,3
317998,4477,0,3
317998,44861,0,2
317998,4585,72,2
317998,5066,0,10
317998,5091,72,1
317998,5092,72,1
317998,5093,72,1
317998,5095,72,1
317998,50950,72,2
317998,51739,72,4
317998,5404,72,2
317998,54200,72,8
317998,54383,72,1
317998,54384,72,1
317998,54657,72,1
317998,60470b,0,1
317998,60479,72,6
317998,60594,0,2
317998,60897,0,16
317998,61332,0,4
317998,6134,0,1
317998,61406pat0012,72,1
317998,6141,0,4
317998,6179,72,4
317998,6180pr0044,0,1
317998,63864,72,2
317998,64799,72,2
317998,64799,71,1
317998,64799,0,2
317998,65509,0,1
317998,6636,72,6
317998,68568,72,4
317998,70681,72,2
317998,7207,72,2
317998,73825,72,2
317998,76797,72,4
317998,76959,0,4
317998,78443,72,2
317998,78444,72,2
317998,79393,72,2
317998,80545,72,1
317998,85984,72,24
317998,87079,0,2
317998,87083,72,2
317998,87552,0,1
317998,93273,72,2
317998,93274,72,2
317998,96874,25,1
317998,98560,0,4
317998,99207,1,2
317998,99207,0,1
317998,99780,72,2
317998,99781,72,2
317998,99781,0,4
318170,102349pr0004,4,1
318170,102349pr0005,4,1
318170,11211,70,3
318170,11214,72,2
318170,11477,71,8
318170,14418,71,6
318170,14769,71,2
318170,15068,70,2
318170,15456,0,2
318170,15535,19,1
318170,15672,71,2
318170,15712,72,2
318170,18651,0,4
318170,18654,72,6
318170,18654,4,2
318170,18980,71,2
318170,22890,72,4
318170,2412b,0,2
318170,2412b,72,2
318170,24201,84,2
318170,24246,71,2
318170,2445,70,1
318170,2450,71,2
318170,2540,71,2
318170,2639,71,2
318170,26601,70,4
318170,2723,71,2
318170,27263,71,2
318170,28192,71,2
318170,29119,72,2
318170,29120,72,2
318170,3001,72,1
318170,3010,0,1
318170,3020,0,1
318170,3020,70,3
318170,3020,72,3
318170,3022,71,3
318170,3023,70,2
318170,3023,322,1
318170,3023,72,2
318170,3031,70,1
318170,3031,71,2
318170,3032,72,2
318170,3034,70,1
318170,3035,72,1
318170,3037,72,2
318170,30503,72,2
318170,3069bpr0276,72,2
318170,32000,70,2
318170,32000,71,2
318170,32000,72,2
318170,32009,71,2
318170,32062,4,4
318170,32140,71,2
318170,32184,4,2
318170,32316,72,2
318170,32324,71,1
318170,32526,72,2
318170,32828,0,4
318170,33909,4,2
318170,34103,70,2
318170,34103,84,4
318170,3460,72,1
318170,35480,0,6
318170,35480,72,5
318170,35787,71,2
318170,3623,72,4
318170,3666,71,1
318170,3673,71,1
318170,36840,70,2
318170,3702,71,2
318170,3706,0,1
318170,3706,4,1
318170,3710,71,4
318170,3710,70,1
318170,3749,19,2
318170,3795,71,1
318170,3795,0,1
318170,39888,19,4
318170,4032a,72,1
318170,41740,71,2
318170,41740,72,4
318170,41769,72,1
318170,41769,70,1
318170,41770,70,1
318170,41770,72,1
318170,4185,71,2
318170,42135,0,4
318170,42924,1,2
318170,43045,71,1
318170,43056,0,1
318170,43712,72,2
318170,43722,71,1
318170,43722,84,1
318170,43723,71,1
318170,43723,84,1
318170,43857,72,2
318170,44861,0,2
318170,4499,70,1
318170,45590,0,2
318170,49307,71,2
318170,5066,72,1
318170,5091,71,1
318170,5092,71,1
318170,54200,71,2
318170,54383,71,2
318170,54384,71,2
318170,59900,71,4
318170,60219,71,1
318170,60470b,0,2
318170,6106,0,2
318170,61184,71,4
318170,61332,0,14
318170,61409,179,2
318170,6141,36,6
318170,6141,84,2
318170,6141,72,2
318170,6141,71,2
318170,61485,71,1
318170,6180,71,1
318170,63864,71,2
318170,63868,0,4
318170,63965,72,1
318170,63965,0,2
318170,64225,70,1
318170,65138,71,2
318170,69729,71,1
318170,69754,179,2
318170,69755,72,2
318170,7302,70,2
318170,73825,84,2
318170,7791,4,4
318170,78443,72,4
318170,78444,72,4
318170,80326,71,2
318170,85943,4,2
318170,85984,72,1
318170,85984,84,1
318170,85984pr0006,72,1
318170,87079,71,4
318170,87081,0,1
318170,87087,27,2
318170,89678,4,4
318170,90194,72,2
318170,92738,0,2
318170,96874,3,1
318170,98138,0,2
318170,98585,71,2
318170,99563,71,4
318170,99781,71,4
318171,102349pr0002,4,1
318171,102349pr0003,4,1
318171,11211,70,4
318171,11212,326,2
318171,11458,0,2
318171,11477,70,2
318171,11477,0,1
318171,13548,72,2
318171,13564,326,4
318171,14716,70,2
318171,14718,4,2
318171,14769,0,1
318171,14769,84,3
318171,15068,0,1
318171,15279,288,2
318171,15462,70,2
318171,15573,84,4
318171,15712,70,5
318171,16577,19,1
318171,18653,19,4
318171,18653,70,4
318171,18654,71,1
318171,18980,19,2
318171,19119,308,2
318171,20482,47,1
318171,2142,70,1
318171,2417,378,3
318171,2420,308,2
318171,2423,378,1
318171,2431,84,1
318171,24482,19,1
318171,2450,28,4
318171,25214,70,2
318171,25269,70,2
318171,25269,19,4
318171,26599,0,1
318171,26601,326,1
318171,27507,19,2
318171,27507,34,8
318171,27925,19,2
318171,29111,15,1
318171,3001,27,2
318171,3001,72,1
318171,3001,28,2
318171,3003,70,4
318171,3005,70,2
318171,30093,288,3
318171,3010,28,2
318171,30145,84,2
318171,3020,72,3
318171,3020,182,2
318171,3020,70,2
318171,3021,19,1
318171,3021,28,4
318171,3022,70,6
318171,3022,72,2
318171,3023,326,8
318171,3024,84,6
318171,3030,19,1
318171,30374,41,1
318171,3040b,72,1
318171,30565,19,2
318171,3062b,46,1
318171,3065,182,2
318171,3068b,19,1
318171,3069b,28,1
318171,3069b,3,2
318171,3069b,19,2
318171,3070b,34,12
318171,32009,0,2
318171,32018,72,1
318171,32028,4,8
318171,32028,70,1
318171,32062,4,5
318171,32064a,72,2
318171,32140,72,2
318171,32278,0,1
318171,32316,0,4
318171,32530,0,2
318171,32607,326,7
318171,3262,19,1
318171,32803,72,2
318171,32952,19,4
318171,3298,70,2
318171,33051,4,1
318171,33051,2,1
318171,33243,70,2
318171,3386,19,2
318171,3386,0,1
318171,33909,4,1
318171,33909,19,2
318171,33909,71,2
318171,33909,3,1
318171,34172,15,1
318171,3460,70,1
318171,35480,70,4
318171,3623,3,1
318171,3659,84,1
318171,3666,70,1
318171,3673,14,2
318171,36841,70,2
318171,3710,378,2
318171,3710,14,2
318171,37352,70,6
318171,37352,15,2
318171,37352,19,2
318171,3749,19,2
318171,37695,326,3
318171,37776,1103,1
318171,3943b,191,1
318171,39888,19,6
318171,4032a,71,2
318171,4041,19,2
318171,4045,19,1
318171,4070,47,4
318171,41740,19,5
318171,4175,71,2
318171,41769,19,1
318171,41770,19,1
318171,4282,19,1
318171,4286,72,1
318171,42862,28,1
318171,42924,1,2
318171,4304,0,4
318171,4304,378,5
318171,43093,1,6
318171,4341,0,1
318171,43710,72,1
318171,43711,72,1
318171,44861,84,1
318171,48165,28,1
318171,49307,84,2
318171,5091,70,1
318171,5092,70,1
318171,5489,70,1
318171,5532,84,2
318171,5540,15,2
318171,5822,1,1
318171,5841,3,3
318171,5841,70,2
318171,5845,70,1
318171,5846,71,4
318171,5846,19,2
318171,6003,288,6
318171,60219,15,1
318171,60475b,0,1
318171,60484,72,2
318171,61332,0,2
318171,6141,25,2
318171,62462,70,2
318171,64567,80,1
318171,64647,182,4
318171,65617,19,2
318171,67095,0,2
318171,67329,71,2
318171,68547,71,1
318171,69729,84,2
318171,7037,191,4
318171,7126,19,2
318171,73109,70,2
318171,73230,70,2
318171,7512,320,4
318171,7813,0,1
318171,78258,70,1
318171,78666,70,5
318171,79194,47,1
318171,79491,71,4
318171,80015,19,4
318171,80031,288,3
318171,80179,179,1
318171,80543,70,4
318171,85861,28,2
318171,85861,19,2
318171,85943,0,2
318171,86996,72,2
318171,87079,15,1
318171,87079,288,2
318171,87620,28,1
318171,87994,70,1
318171,88293,19,4
318171,88646,84,3
318171,89678,72,6
318171,92692,0,1
318171,92950,70,1
318171,96874,25,1
318171,99563,320,2
318172,10112517,9999,1
318172,102349pr0006,4,1
318172,102349pr0007,4,1
318172,102349pr0008,4,1
318172,11090,0,1
318172,11203,15,1
318172,11203,72,2
318172,11211,19,2
318172,11213,28,2
318172,11458,19,2
318172,11476,0,1
318172,11477,326,2
318172,11610,297,2
318172,13547,28,2
318172,13808,297,1
318172,14417,72,2
318172,14704,72,2
318172,14704,71,2
318172,14716,19,3
318172,14719,28,2
318172,14719,15,2
318172,14719,84,11
318172,15068,70,1
318172,15208,19,4
318172,1745,0,3
318172,1748,19,2
318172,18653,19,2
318172,18654,4,2
318172,18674,15,2
318172,18838,19,1
318172,18853,29,1
318172,18980,28,1
318172,20482,0,1
318172,20482,297,2
318172,20952,15,1
318172,22886,19,1
318172,22888,28,1
318172,23443,0,1
318172,2357,19,6
318172,2412b,19,2
318172,2412b,72,2
318172,2412b,84,4
318172,2412b,70,2
318172,2412b,71,1
318172,24130,47,1
318172,2420,70,4
318172,2420,19,6
318172,24246,320,2
318172,2431,72,1
318172,2431,84,1
318172,2431,71,2
318172,2450,28,2
318172,2465,19,1
318172,24946,2,1
318172,2508,0,1
318172,25269,70,4
318172,25892,15,1
318172,2653,19,4
318172,26599,71,1
318172,26601,326,4
318172,26601,19,2
318172,26603,15,1
318172,27263,70,8
318172,27448,15,1
318172,27507,19,2
318172,28192,19,2
318172,2821,71,1
318172,2877,0,4
318172,2921,19,4
318172,3001,19,3
318172,3003,19,5
318172,3004,70,2
318172,3004,15,2
318172,3005,19,2
318172,3005,28,2
318172,3005,1,1
318172,3005pr0020,212,1
318172,3009,19,4
318172,3010,70,2
318172,3010,19,14
318172,30136,19,23
318172,30136,0,1
318172,30150,72,1
318172,3020,15,2
318172,3020,19,1
318172,3020,0,1
318172,3020,28,1
318172,3021,72,1
318172,3022,72,3
318172,3022,19,3
318172,3022,28,4
318172,3023,70,3
318172,3023,379,1
318172,3023,28,3
318172,3023,15,1
318172,3023,4,3
318172,3023,326,7
318172,3023,19,7
318172,3024,70,4
318172,3024,15,2
318172,3032,70,1
318172,3032,28,1
318172,3033,28,6
318172,3034,72,2
318172,3035,28,1
318172,30374,41,1
318172,3039,72,1
318172,3039,19,2
318172,3040b,19,1
318172,30565,28,1
318172,3062b,19,9
318172,3065,41,1
318172,3068b,28,1
318172,3069b,70,1
318172,3069b,84,1
318172,3069b,28,2
318172,3070b,84,4
318172,3070b,28,2
318172,3070b,379,2
318172,3070bpr0160,71,1
318172,3172,70,4
318172,3176,84,4
318172,32000,71,2
318172,32000,326,4
318172,32034,71,1
318172,32062,4,3
318172,32062,0,2
318172,32123b,71,2
318172,3245c,19,1
318172,3245c,15,2
318172,32525,70,1
318172,32803,72,2
318172,32803,28,2
318172,33051,4,1
318172,3386,15,2
318172,33909,4,4
318172,34103,28,1
318172,3460,72,2
318172,3460,19,1
318172,3484,297,3
318172,3484,72,1
318172,35464,15,2
318172,35480,71,1
318172,35480,19,8
318172,35485,0,1
318172,3567,71,1
318172,3661,15,4
318172,3666,326,2
318172,3666,19,4
318172,3673,71,4
318172,3679,71,2
318172,3680,0,2
318172,36840,70,2
318172,36841,326,2
318172,3700,19,2
318172,3701,19,1
318172,3710,19,10
318172,3710,84,2
318172,3713,0,1
318172,37352,70,4
318172,3749,19,1
318172,37695,10,1
318172,3795,19,1
318172,3795,28,1
318172,38014,15,1
318172,38799,47,1
318172,3900,15,1
318172,39888,19,1
318172,4032a,19,2
318172,4041,19,2
318172,4070,72,2
318172,4070,28,4
318172,4070,19,1
318172,41682,15,1
318172,41682,19,2
318172,41740,28,4
318172,41740,70,2
318172,41740,84,2
318172,41770,15,1
318172,42195,71,1
318172,4274,71,5
318172,4274,15,2
318172,4477,19,2
318172,4510,71,2
318172,4519,14,2
318172,4519,71,1
318172,45590,0,2
318172,4585,28,4
318172,4599b,0,1
318172,4599b,71,1
318172,4740,0,2
318172,48092,19,2
318172,48336,70,1
318172,48336,15,1
318172,4871,28,1
318172,5152,15,4
318172,5264,297,2
318172,54200,19,2
318172,54200,326,2
318172,54568,0,1
318172,5520,84,1
318172,58247,0,1
318172,5841,70,4
318172,59443,71,2
318172,5995,71,1
318172,60470b,15,1
318172,60474,28,4
318172,60474,15,1
318172,60483,28,2
318172,60581,19,3
318172,60593,70,1
318172,6111,19,2
318172,61332,0,3
318172,6141,19,11
318172,6141,182,1
318172,61485,71,1
318172,6223,41,1
318172,6231,0,2
318172,63864,19,2
318172,63864,28,2
318172,63864,84,1
318172,63965,297,1
318172,63965,0,1
318172,64567,308,1
318172,64567,0,1
318172,64567,80,1
318172,64799,71,2
318172,6536,71,2
318172,65509,0,1
318172,65578,0,1
318172,6587,28,1
318172,6636,84,1
318172,6636,28,1
318172,6636,19,2
318172,6636,70,4
318172,67696,72,1
318172,68495pat0006,47,1
318172,69729,84,1
318172,7052,0,3
318172,7126,19,2
318172,73230,19,2
318172,73562,19,1
318172,73825,28,2
318172,73825,71,2
318172,77765,71,1
318172,77844,84,2
318172,77845,70,3
318172,77850,28,7
318172,78256,19,4
318172,78329,72,2
318172,78666,19,2
318172,79389,70,2
318172,79389,19,4
318172,7961,19,1
318172,7961,15,1
318172,80015,19,2
318172,85861,19,2
318172,85861,15,1
318172,85975,297,2
318172,85984,70,4
318172,86876,19,1
318172,86876,71,1
318172,86996,19,2
318172,86996,71,2
318172,86996,84,2
318172,87079,379,2
318172,87079,70,1
318172,87079pr0109,71,1
318172,87087,19,1
318172,87620,19,1
318172,87994,0,1
318172,89678,72,3
318172,90195,19,2
318172,90370,0,1
318172,92738,0,1
318172,92947,71,1
318172,92947,15,1
318172,92950,19,2
318172,93606,326,2
318172,95343,70,1
318172,96874,3,1
318172,98138,71,6
318172,98138pr0104,326,2
318172,98138pr0443,179,1
318172,99207,19,1
318172,99207,70,1
318172,99207,71,1
318172,99563,70,4
318172,99563,379,2
318172,99563,19,3
318172,99780,28,4
318173,10112518,9999,1
318173,102349pr0009,4,1
318173,102349pr0010,4,1
318173,102349pr0011,4,1
318173,102349pr0012,4,1
318173,11153,71,2
318173,11211,322,2
318173,11212,71,4
318173,11213,71,1
318173,11214,4,1
318173,11458,71,4
318173,11458,1,2
318173,11476,1,1
318173,11477,72,4
318173,14704,72,1
318173,14769pr0004,71,6
318173,15068,71,5
318173,15068,0,1
318173,15392,72,1
318173,15535,72,3
318173,15573,71,3
318173,15573,320,3
318173,15573,70,2
318173,15672,19,2
318173,15672,4,1
318173,1750,0,1
318173,18654,4,2
318173,18838,19,2
318173,20105,0,1
318173,22385,71,1
318173,22484,0,1
318173,22885,0,2
318173,22889,72,2
318173,23444,179,2
318173,2412b,72,6
318173,2412b,484,5
318173,2420,0,7
318173,2420,28,4
318173,24201,71,2
318173,2431,71,7
318173,2431,0,2
318173,2431,322,2
318173,2432,19,2
318173,2450,71,4
318173,2540,28,1
318173,2653,71,6
318173,2654,0,8
318173,26599,0,1
318173,26601,72,6
318173,26601,320,1
318173,26603,71,7
318173,2752,71,2
318173,28192,1,2
318173,28621pr0052,15,1
318173,28802,71,1
318173,29115,72,1
318173,3001,71,1
318173,3002,72,1
318173,3003,71,4
318173,3005,70,2
318173,3005,19,3
318173,3009,72,1
318173,3010,72,2
318173,30136,15,4
318173,30136,484,2
318173,30136,0,3
318173,30136,72,1
318173,30136,71,3
318173,3020,72,8
318173,3020,0,2
318173,3020,71,1
318173,3020,41,3
318173,3020,320,1
318173,3021,71,13
318173,3021,27,1
318173,3021,0,1
318173,3022,19,8
318173,3022,28,1
318173,3022,71,10
318173,3022,0,11
318173,3022,72,4
318173,3022,1,1
318173,3022,322,4
318173,3023,19,14
318173,3023,72,12
318173,3023,0,8
318173,3023,71,13
318173,3023,28,2
318173,3023,29,2
318173,3023,320,2
318173,3024,0,1
318173,3024,71,17
318173,3024,72,5
318173,3024,3,2
318173,3024,19,2
318173,3030,71,2
318173,3031,72,2
318173,3032,71,3
318173,3033,71,1
318173,3034,71,6
318173,3034,72,2
318173,30355,71,1
318173,30356,71,1
318173,3037,71,4
318173,30374,72,2
318173,30374,71,2
318173,30374,47,1
318173,30374,41,1
318173,3039,19,1
318173,3039,71,7
318173,3040b,72,8
318173,3068b,72,1
318173,3068b,320,2
318173,3068b,71,2
318173,3069b,41,2
318173,3069bpr0276,72,1
318173,3172,71,2
318173,32000,0,4
318173,32000,72,2
318173,32000,19,1
318173,32028,4,2
318173,32028,71,8
318173,32028,0,1
318173,32034,72,1
318173,32062,4,3
318173,32073,14,1
318173,32270,0,1
318173,32316,72,2
318173,32324,71,1
318173,3262,1,1
318173,32803,72,11
318173,32828,71,2
318173,32952,19,2
318173,32952,72,1
318173,32952,70,2
318173,33909,19,1
318173,33909,4,4
318173,33909,70,2
318173,34103,19,2
318173,3460,0,5
318173,3460,72,4
318173,3460,71,1
318173,3484,72,1
318173,35044,71,2
318173,35394,71,1
318173,35394pr0045,47,1
318173,35480,71,2
318173,35480,0,1
318173,35480,1,1
318173,35787,71,3
318173,35787,19,2
318173,3622,19,1
318173,3623,0,1
318173,3623,28,6
318173,3623,72,3
318173,3666,3,2
318173,3666,72,2
318173,3666,71,4
318173,3666,70,3
318173,3666,19,5
318173,3668,72,1
318173,3673,71,2
318173,3679,71,2
318173,3680,0,1
318173,3680,19,1
318173,36840,4,1
318173,3707,4,1
318173,3710,28,3
318173,3710,71,4
318173,3710,72,1
318173,3710,1,3
318173,3710,19,2
318173,3713,0,1
318173,3713,4,2
318173,37762,72,4
318173,3795,72,3
318173,3795,71,3
318173,3832,19,1
318173,3832,72,1
318173,3958,71,1
318173,39613,71,1
318173,4032a,4,3
318173,4032a,19,6
318173,4032a,27,1
318173,4070,71,5
318173,4079,70,3
318173,4162,71,2
318173,41682,0,2
318173,41682,19,1
318173,41740,71,2
318173,41740,72,7
318173,42135,0,2
318173,42195,4,1
318173,42924,1,4
318173,4304,19,2
318173,4304,72,2
318173,43093,1,1
318173,43722,71,2
318173,43722,72,1
318173,43723,71,5
318173,44294,14,1
318173,44728,72,2
318173,44728,71,4
318173,44861,71,4
318173,45590,0,2
318173,4585,28,2
318173,4740,47,1
318173,48205,0,1
318173,48208,0,1
318173,4871,72,1
318173,50304,71,1
318173,50305,71,1
318173,50340,19,1
318173,50950,71,1
318173,5404,71,3
318173,54383,71,2
318173,54384,71,2
318173,5540,71,1
318173,5565,0,2
318173,5841,71,3
318173,5841,72,3
318173,60470b,72,2
318173,60470b,71,2
318173,60474,19,1
318173,60477,71,2
318173,60478,72,4
318173,60478,71,4
318173,60483,4,1
318173,6106,71,6
318173,61252,71,4
318173,61332,0,17
318173,6141,27,2
318173,6141,28,3
318173,61482,71,1
318173,61485,0,1
318173,63864,72,4
318173,63864,320,3
318173,63864,71,2
318173,63868,72,4
318173,63868,71,4
318173,63868,28,4
318173,64567,80,1
318173,6536,14,1
318173,6541,72,2
318173,65426,19,1
318173,65426,71,1
318173,65429,19,1
318173,65429,71,1
318173,65803,72,1
318173,65886,41,2
318173,6636,71,6
318173,6636,70,1
318173,6636,19,1
318173,66906,4,1
318173,67095,71,4
318173,67095pr0045,0,1
318173,68325,71,2
318173,68568,71,2
318173,69729,19,1
318173,69754,71,2
318173,69755,72,2
318173,73109,71,12
318173,73562,19,1
318173,73825,71,2
318173,73825,0,2
318173,75904,2,1
318173,7674,0,4
318173,76959,19,2
318173,76959,72,3
318173,77844,71,2
318173,77844,72,7
318173,77850,72,4
318173,7791,4,2
318173,7812pr0001,47,1
318173,7813,0,1
318173,78329,19,2
318173,78443,72,3
318173,78444,72,2
318173,79180,0,1
318173,79389,71,2
318173,79393,71,4
318173,85080,72,4
318173,85861,47,1
318173,85943,72,1
318173,85984,484,1
318173,85984,71,2
318173,87079,72,3
318173,87079,71,13
318173,87079,19,4
318173,87552,41,2
318173,87580,72,2
318173,88646,71,1
318173,88930,72,2
318173,89678,72,4
318173,91988,72,1
318173,91988,71,1
318173,92099,72,4
318173,92738,0,1
318173,92947,0,1
318173,92947,15,1
318173,93273,71,2
318173,96874,25,1
318173,98100,71,2
318173,98138,36,6
318173,98138,41,2
318173,98138,0,3
318173,98138pr0186,71,1
318173,99207,28,1
318173,99207,72,5
318173,99563,72,11
318173,99563,320,1
318173,99563,19,3
318173,99563,71,8
318173,99780,320,4
318173,99781,19,1
318174,102349pr0001,4,1
318174,11212,72,1
318174,11214,4,2
318174,11253,179,1
318174,11476,71,1
318174,15068,320,1
318174,15071,1,1
318174,15254,19,2
318174,1748,320,1
318174,1748,19,2
318174,17485,1,1
318174,17485,92,4
318174,17485,71,2
318174,18674,191,1
318174,20482,0,3
318174,20482,72,1
318174,22484,72,1
318174,22961,4,1
318174,23443,70,1
318174,2420,28,1
318174,24246,320,2
318174,2450,72,1
318174,2450,19,2
318174,2456,0,1
318174,2462,19,1
318174,25269,72,1
318174,2654,47,6
318174,2654pr0039,72,3
318174,26601,19,2
318174,27965,0,1
318174,28192,72,2
318174,2821,71,1
318174,3003,14,1
318174,3005,0,2
318174,3005,320,1
318174,3005pr0020,212,1
318174,3020,72,2
318174,3021,19,1
318174,3022,15,2
318174,3022,19,2
318174,3023,19,4
318174,3023,72,2
318174,3024,72,2
318174,3035,320,2
318174,30357,320,2
318174,30374,72,1
318174,30374,41,1
318174,3040b,19,2
318174,30503,70,1
318174,30565,72,2
318174,3062b,15,2
318174,3062b,1,1
318174,3069b,92,1
318174,32000,15,1
318174,32064a,0,1
318174,3245c,19,1
318174,32523,92,3
318174,32952,19,2
318174,33909,4,1
318174,3460,19,1
318174,35464,15,1
318174,3622,19,2
318174,3623,71,1
318174,3623,72,1
318174,3666,320,1
318174,3666,70,1
318174,3666,72,2
318174,3707,4,1
318174,3710,19,1
318174,3710,29,1
318174,3713,0,1
318174,3749,19,1
318174,3795,72,1
318174,3795,320,1
318174,38014,71,1
318174,4032a,0,2
318174,4032a,320,7
318174,41948,320,1
318174,41948,92,1
318174,42135,72,5
318174,42924,1,4
318174,4519,71,1
318174,4528,179,1
318174,45590,0,1
318174,4740,1,1
318174,48336,72,1
318174,4865b,320,2
318174,5565,0,4
318174,60476,1,1
318174,6106,28,2
318174,61332,0,1
318174,63868,71,1
318174,64567,80,1
318174,64799,71,1
318174,65886,70,1
318174,6636,92,2
318174,7178,72,1
318174,7202,47,1
318174,75904,2,1
318174,77844,15,2
318174,77844,320,2
318174,7791,4,2
318174,78256,2,1
318174,78258,4,1
318174,78329,71,3
318174,79393,320,2
318174,7961,71,2
318174,79741,179,1
318174,85984,19,2
318174,85984pr0006,72,1
318174,86996,484,1
318174,87580,0,1
318174,87620,320,2
318174,88293,19,2
318174,89678,72,3
318174,98100,320,3
318174,98138,1,2
318174,98138pr0186,71,1
318174,98283,19,3
318534,13246,1,1
318534,2291pr0003,14,1
318534,2292c02,4,1
318534,31021pr0001,15,1
318534,3437,28,1
318534,3437,71,3
318534,3437,72,1
318534,40666,10,2
318534,41969,0,2
318534,41970pr0014,4,1
318534,42025pr0001,4,1
318534,47202pr0001,25,1
318534,47202pr0002,25,1
318534,47408pr0001,25,1
318534,47424,72,1
318534,47448,71,1
318534,47509,135,1
318534,48123c01,73,1
318534,48125c05,73,1
318534,51269,71,1
318534,57888,71,2
318534,89391c01,14,1
318609,10114902,9999,1
318609,10172,297,1
318609,11211,72,2
318609,11212,71,2
318609,11212,0,2
318609,11477,15,2
318609,11477,4,4
318609,11478,0,8
318609,114948pr0001,71,4
318609,11610,72,1
318609,14417,72,2
318609,14418,71,2
318609,14704,71,2
318609,14719,15,2
318609,14719,0,2
318609,15068,0,5
318609,15068,4,4
318609,15460,72,4
318609,15535,4,1
318609,15573,19,4
318609,15573,0,5
318609,15712,4,2
318609,15712,0,4
318609,17485,0,2
318609,17485,71,2
318609,1751,15,1
318609,18654,0,1
318609,20482,1,1
318609,20482,71,10
318609,20482,297,1
318609,22885,71,2
318609,2387,15,1
318609,2389,15,1
318609,23950,4,2
318609,2420,0,4
318609,2420,4,6
318609,2420,15,4
318609,24201,71,2
318609,24246,72,2
318609,24246,0,3
318609,24246,4,2
318609,24246,36,1
318609,24299,15,1
318609,24299,4,2
318609,24307,4,2
318609,24307,15,1
318609,2431,4,2
318609,2431,15,8
318609,2445,72,2
318609,2445,0,1
318609,2445,4,1
318609,2446pr0070,4,1
318609,2447,47,1
318609,2450,0,2
318609,25214,1103,2
318609,2639,72,2
318609,2639,4,2
318609,2654,84,1
318609,2654,71,4
318609,2654,0,6
318609,26601,0,2
318609,26603,4,8
318609,26603,0,2
318609,26603,15,2
318609,27263,4,2
318609,2736,71,2
318609,27507,4,2
318609,27925,4,2
318609,2819,0,1
318609,28192,72,12
318609,29119,4,1
318609,29119,15,1
318609,29120,4,1
318609,29120,15,1
318609,3001,15,1
318609,3001,71,1
318609,3002,0,2
318609,3004,15,2
318609,3005,0,1
318609,3009,15,1
318609,3010,71,1
318609,30136,71,3
318609,30166,15,1
318609,3020,4,5
318609,3020,0,3
318609,3021,15,2
318609,3021,4,3
318609,3021,0,3
318609,3022,4,1
318609,3022,27,1
318609,3022,2,2
318609,3022,72,2
318609,3022,15,2
318609,3022,0,6
318609,3023,15,2
318609,3023,0,3
318609,3023,4,2
318609,3024,4,8
318609,3024,72,2
318609,3024,15,2
318609,3029,0,2
318609,3032,0,1
318609,3034,4,1
318609,3034,0,1
318609,3034,71,1
318609,3036,0,1
318609,3039,15,3
318609,30592,72,2
318609,3068b,72,4
318609,3068b,0,5
318609,3068b,4,3
318609,3069b,4,10
318609,3069b,71,1
318609,3069b,15,1
318609,3069b,0,4
318609,3070b,0,2
318609,3070b,4,5
318609,3176,4,2
318609,32005a,0,2
318609,32013,71,1
318609,32016,71,2
318609,32028,4,2
318609,32062,0,1
318609,32123b,14,6
318609,32123b,1,2
318609,32123b,4,2
318609,32523,71,1
318609,32803,4,2
318609,32803,72,2
318609,32828,71,2
318609,32952,71,4
318609,3386,15,5
318609,3386,0,5
318609,33909,15,2
318609,33909,4,4
318609,3460,4,2
318609,3460,71,4
318609,3460,15,1
318609,3484,15,2
318609,35044,0,2
318609,35480,0,7
318609,35480,71,14
318609,35480,72,3
318609,35787,4,2
318609,3622,0,1
318609,3623,322,5
318609,3623,0,4
318609,3661,4,2
318609,3666,15,1
318609,36840,4,5
318609,3700,0,5
318609,3701,0,1
318609,3705,0,2
318609,3706,4,1
318609,3710,0,2
318609,3710,15,1
318609,3710,72,4
318609,3710,4,12
318609,3710,71,3
318609,3713,0,2
318609,3738,84,2
318609,3749,19,2
318609,37762,0,2
318609,3795,72,3
318609,3795,4,1
318609,3795,15,1
318609,3795,14,1
318609,3832,71,1
318609,3937,0,3
318609,4070,15,4
318609,4070,0,2
318609,4081b,4,1
318609,4162,72,2
318609,4162,15,2
318609,4162,4,2
318609,41682,71,2
318609,41740,71,2
318609,41769,4,1
318609,41770,4,1
318609,42918,4,1
318609,42924,1,2
318609,4304,0,5
318609,43093,1,5
318609,43722,0,2
318609,43722,4,1
318609,43723,4,1
318609,43723,0,2
318609,44728,72,3
318609,4515,71,1
318609,4569,72,2
318609,47905,72,3
318609,48336,72,2
318609,4865b,15,2
318609,4865b,4,4
318609,4865b,47,1
318609,49153,72,1
318609,49307,71,1
318609,49668,15,1
318609,5091,15,3
318609,5092,15,3
318609,5093,4,1
318609,5095,4,1
318609,5294,0,8
318609,54200,4,4
318609,54383,15,1
318609,54384,15,1
318609,5520,4,2
318609,59443,0,2
318609,60219,72,1
318609,60478,71,1
318609,60479,0,2
318609,60481,15,2
318609,60485,71,1
318609,61252,0,1
318609,61332,0,11
318609,6134,4,1
318609,6134,71,2
318609,61409,71,4
318609,6141,15,2
318609,6141,297,7
318609,62462,71,5
318609,62462,0,2
318609,63864,15,4
318609,64799,14,1
318609,65098,71,1
318609,65249,15,2
318609,65487,72,3
318609,65578,297,1
318609,6632,0,8
318609,6636,0,2
318609,66906,0,2
318609,67329,72,2
318609,6806,15,1
318609,70681,4,4
318609,70681,15,2
318609,72008,4,1
318609,7205,4,2
318609,7206,4,2
318609,7302,4,2
318609,73109,71,4
318609,73562,71,2
318609,73825,4,5
318609,77850,0,4
318609,77850,71,5
318609,78258,0,4
318609,78329,71,4
318609,7835,71,2
318609,7835,4,2
318609,79389,71,6
318609,79491,15,2
318609,79491,4,4
318609,80177,4,1
318609,80178,4,1
318609,85861,0,6
318609,85975,70,1
318609,85984,4,3
318609,85984,71,1
318609,85984,0,2
318609,87079,0,7
318609,87079,71,1
318609,87079,4,7
318609,88646,15,1
318609,88930,0,1
318609,93274,0,2
318609,93606,4,4
318609,96874,25,1
318609,98138pr0323,14,1
318609,99207,0,9
318609,99207,4,10
318609,99563,1103,6
318609,99781,4,1
318681,251pr0002,4,1
318681,3062cpr0001,4,3
318682,251pr0002,4,1
318682,3062cpr0001,15,3
318759,105001pr0005,4,1
318759,105001pr0010,321,1
318759,105152pr0001,85,1
318759,11248c04,14,1
318759,11248c04,4,1
318759,11248c04,322,1
318759,12651,30,2
318759,14222pr0023,322,1
318759,25549,27,1
318759,28592pr0004,4,1
318759,31925,27,2
318759,32896,4,1
318759,3437,226,2
318759,3437,322,2
318759,3437,1050,2
318759,3437,14,2
318759,3437,4,2
318759,51704,323,1
318759,5431pr0001,191,1
318759,76371,322,1
318759,7639pr0001,10,1
318759,92453,226,2
318759,92453,4,1
318759,92453,323,2
318759,98223,27,2
318760,105001pr0007,4,1
318760,105001pr0008,321,1
318760,105412pr0001,25,1
318760,105412pr0002,3,1
318760,114564pr0001,323,1
318760,12651,30,1
318760,14222pr0024,15,1
318760,2319c01,4,1
318760,24807,322,1
318760,25549,15,1
318760,29303,4,1
318760,3011,226,9
318760,3011,3,2
318760,31110,226,5
318760,31333,15,1
318760,3437,4,1
318760,3437,3,1
318760,3437,70,1
318760,3437,226,9
318760,35114,4,2
318760,3519,15,1
318760,40666,84,1
318760,4196,15,2
318760,4886,10,1
318760,4886,30,1
318760,4911,15,1
318760,4912,322,1
318760,5729,323,1
318760,61649,226,2
318760,63871,4,2
318760,6510,10,1
318760,65109,19,1
318760,65110,31,1
318760,65112,15,1
318760,65113,323,1
318760,65273,84,3
318760,7608,4,1
318760,76371,41,1
318760,76371,226,8
318760,76371pr0014,15,1
318760,76371pr0015,15,1
318760,76371pr0016,15,1
318760,76371pr0019,15,1
318760,76371pr0021,15,1
318760,7958,15,1
318760,84195,30,1
318760,90265,15,2
318760,93353,15,1
318760,98223,4,1
318761,104998pr0001,226,1
318761,105001pr0009,4,1
318761,15320c02,4,1
318761,15581pr0004,4,1
318761,2302,4,2
318761,25549,27,1
318761,3437,15,2
318761,3437pr0070,158,1
318761,3437pr0071,31,1
318761,3437pr0072,226,1
318761,40666,15,1
318761,40666,1050,1
318761,65109,84,1
318761,76371,15,2
318761,76371pr0022,19,1
318762,11213,308,3
318762,13591,378,8
318762,14769,378,12
318762,15469,288,2
318762,15535,71,8
318762,22667,19,24
318762,24122,28,6
318762,2423,378,4
318762,24855,378,8
318762,2586,378,8
318762,32016,28,4
318762,32062,4,18
318762,32073,14,1
318762,32607,288,6
318762,32607,14,4
318762,3262,70,1
318762,3484,14,56
318762,35480,0,8
318762,3565,14,104
318762,3565,378,2
318762,3707,0,2
318762,3941,0,7
318762,3941,19,2
318762,4032a,0,2
318762,4032a,288,8
318762,4032a,27,12
318762,4042,378,2
318762,4190,288,6
318762,42195,84,16
318762,42195,288,3
318762,42195,378,8
318762,44294,71,3
318762,4519,71,6
318762,4697b,71,4
318762,50450,288,6
318762,50450,378,2
318762,5264,0,12
318762,53923,378,2
318762,5443,288,12
318762,54657,19,2
318762,61252,378,10
318762,6141,378,10
318762,6141,308,166
318762,63868,14,56
318762,64951,288,6
318762,67811,288,5
318762,7068,0,7
318762,71752,0,2
318762,7324,288,5
318762,74611,308,2
318762,7905,14,8
318762,85861,14,4
318762,96874,25,1
318763,15712,15,36
318763,18674,5,4
318763,24246,5,36
318763,24946,158,5
318763,27940,70,11
318763,28621,158,2
318763,30374,14,4
318763,32016,70,10
318763,32062,0,20
318763,33320,70,7
318763,37195,226,6
318763,39262,28,7
318763,3942c,15,4
318763,4032a,29,4
318763,4042,70,5
318763,42195,84,5
318763,4733,27,4
318763,49668,28,16
318763,50450,0,5
318763,5264,297,7
318763,53119,15,6
318763,53451,70,13
318763,53451,158,6
318763,5443,70,30
318763,5903,27,5
318763,5904,29,2
318763,59900,70,4
318763,59900,28,6
318763,6331,288,12
318763,63965,0,6
318763,65578,84,4
318763,68212,158,6
318763,6901,14,12
318763,7096pat0001,5,36
318763,7324,70,16
318763,7329,70,5
318763,79743,14,6
318763,85861,70,24
318763,85861,27,12
318763,89678,72,26
318764,10197,15,2
318764,11946,1,1
318764,11947,1,1
318764,18575,19,1
318764,18651,0,4
318764,32034,15,2
318764,32073,14,4
318764,32270,0,5
318764,32271,15,2
318764,32271,0,2
318764,32316,15,2
318764,32523,1,4
318764,32524,1,2
318764,3713,0,3
318764,3749,19,2
318764,42924,1,7
318764,4519,71,8
318764,59443,15,4
318764,60483,1,8
318764,60483,15,6
318764,60485,71,1
318764,61332,0,6
318764,71708,15,3
318764,92842,0,2
318765,11211,322,5
318765,11212,27,4
318765,11212,5,2
318765,11212,0,2
318765,11476,322,2
318765,14719,0,2
318765,15573,322,3
318765,18674,15,1
318765,22885,71,17
318765,24201,322,1
318765,24246,322,6
318765,24246,0,3
318765,24246,321,2
318765,2431,322,1
318765,2431,0,5
318765,25269,3,1
318765,25269,27,8
318765,25269,321,2
318765,26601,322,1
318765,26603,0,1
318765,26604,191,2
318765,3003,29,1
318765,3003,4,2
318765,3004,27,2
318765,3005,27,1
318765,3005,29,2
318765,3005,322,2
318765,3020,322,4
318765,3021,78,1
318765,3021,322,6
318765,3022,322,3
318765,3023,15,2
318765,3023,322,4
318765,3023,1050,1
318765,3024,10,1
318765,3024,0,4
318765,3024,5,2
318765,3024,27,4
318765,3024,78,2
318765,3024,30,6
318765,3024,322,6
318765,3031,322,5
318765,3040b,19,2
318765,3062b,322,1
318765,3062b,26,1
318765,3068b,322,2
318765,3069b,322,3
318765,3069b,27,2
318765,3070b,0,4
318765,3070b,78,3
318765,3070b,27,8
318765,3070b,322,2
318765,32952,72,8
318765,3386,2,6
318765,3386,15,6
318765,34103,27,4
318765,34103,31,2
318765,34103,322,2
318765,3622,5,2
318765,3623,27,2
318765,3623,0,2
318765,3623,78,1
318765,36840,0,1
318765,36840,19,2
318765,36841,19,2
318765,3710,322,4
318765,37352,322,2
318765,3958,0,3
318765,4032a,19,1
318765,4070,0,2
318765,4070,71,2
318765,41740,0,1
318765,48336,322,1
318765,54200,27,12
318765,54200,19,4
318765,54200,322,2
318765,5841,0,2
318765,60470b,322,1
318765,61252,78,2
318765,6141,191,1
318765,6141,14,1
318765,63864,78,1
318765,63864,0,1
318765,63868,27,2
318765,65578,0,2
318765,68013,78,2
318765,85861,5,2
318765,85984,78,2
318765,85984,322,4
318765,87079,0,1
318765,87087,5,8
318765,87580,0,4
318765,88930,322,1
318765,98138,30,26
318765,98138pr0060,0,5
318765,99780,0,1
318766,11212,0,1
318766,11476,92,2
318766,13548,28,4
318766,15068,25,2
318766,15573,71,4
318766,15712,70,1
318766,15712,1,4
318766,18674,15,2
318766,22885,4,1
318766,22885,0,7
318766,22885,71,12
318766,2420,70,2
318766,24246,322,12
318766,24246,31,18
318766,2431,70,1
318766,2431,0,1
318766,25269,70,4
318766,2540,28,2
318766,26047,70,1
318766,26604,70,4
318766,3003,29,2
318766,3003,27,3
318766,3010,322,2
318766,30136,72,2
318766,30136,28,11
318766,3020,30,8
318766,3020,322,1
318766,3020,25,1
318766,3020,70,1
318766,3021,25,6
318766,3022,0,1
318766,3022,25,2
318766,3022,28,2
318766,3023,70,2
318766,3023,322,2
318766,3023,25,2
318766,3024,25,2
318766,3024,191,2
318766,3024,71,1
318766,3024,0,4
318766,3031,322,1
318766,3031,0,1
318766,3032,0,1
318766,3040b,30,2
318766,3040b,28,2
318766,3040b,70,2
318766,30414,1,1
318766,3068b,19,2
318766,3069b,30,6
318766,3069b,25,1
318766,3070b,0,2
318766,3070b,70,3
318766,3070b,30,3
318766,32028,15,1
318766,32828,70,2
318766,33909,70,2
318766,35480,27,4
318766,3623,70,2
318766,3623,30,3
318766,3665,1,4
318766,36841,70,3
318766,3710,322,6
318766,3710,71,2
318766,3710,70,3
318766,3841,72,1
318766,38799,15,2
318766,3941,19,2
318766,3958,0,2
318766,4032a,72,3
318766,41740,0,2
318766,4304,19,4
318766,44728,1,8
318766,49668,191,2
318766,54200,30,30
318766,54200,28,1
318766,54200,1,12
318766,60478,1,4
318766,6141,0,2
318766,6141,19,2
318766,73825,1,2
318766,86996,4,1
318766,87079,28,1
318766,87079,0,3
318766,87079pr0107,25,1
318766,87087,30,3
318766,87580,4,1
318766,93273,70,3
318766,93274,1,3
318766,98138pr0060,0,4
318768,10928,72,6
318768,11211,1,4
318768,11212,1,6
318768,11214,4,2
318768,11214,72,4
318768,11477,1,10
318768,14716,14,2
318768,15068,1,2
318768,15462,70,2
318768,15535,14,1
318768,15573,1,1
318768,15672,71,4
318768,1750,72,4
318768,18651,0,2
318768,18980,1,4
318768,1927,4,2
318768,20482,0,1
318768,22885,71,8
318768,23950,71,2
318768,2412b,1,2
318768,2420,1,4
318768,24246,1,3
318768,24299,1,1
318768,24307,1,1
318768,2431,0,1
318768,2431,1,3
318768,24316,70,2
318768,2450,1,2
318768,2454b,1,4
318768,2456,15,1
318768,2456,1,1
318768,25269,0,2
318768,26601,1,10
318768,26603,1,4
318768,26604,72,2
318768,27263,71,2
318768,27507,1,2
318768,2817,0,1
318768,28192,1,14
318768,29119,1,1
318768,29120,1,1
318768,3001,1,8
318768,3001,0,1
318768,3003,1,3
318768,3003,14,2
318768,3003,0,2
318768,3004,1,10
318768,3004,0,2
318768,3005,1,8
318768,3009,1,6
318768,3009,4,1
318768,3010,0,1
318768,3010,1,28
318768,3010,15,3
318768,30136,0,6
318768,3020,71,2
318768,3020,4,4
318768,3020,1,10
318768,3020,0,2
318768,3020,15,6
318768,3021,15,2
318768,3021,14,3
318768,3021,1,6
318768,3022,4,5
318768,3022,14,2
318768,3022,1,8
318768,3023,1,10
318768,3023,4,2
318768,3023,46,2
318768,3023,72,4
318768,3023,15,10
318768,3024,1,18
318768,3024,0,2
318768,3031,1,2
318768,3034,14,3
318768,30357,1,6
318768,3039,1,5
318768,3039pr0025,15,1
318768,3039pr0027,15,1
318768,30565,1,2
318768,3065,36,1
318768,3069b,1,10
318768,3069b,71,2
318768,3070b,1,4
318768,30987,1,6
318768,32000,71,6
318768,32001,0,1
318768,32064a,15,6
318768,32064a,71,2
318768,32064a,14,4
318768,3245c,15,2
318768,32802,1,2
318768,32802,0,2
318768,32952,1,8
318768,3460,1,4
318768,35480,72,7
318768,35480,14,5
318768,35480,4,4
318768,35787,1,2
318768,3622,1,8
318768,3623,71,2
318768,3623,0,2
318768,3623,1,8
318768,3623,15,4
318768,3666,1,4
318768,3666,15,3
318768,3666,0,1
318768,36840,1,2
318768,3700,4,2
318768,3701,14,4
318768,3701,1,2
318768,3705,4,2
318768,3709,71,3
318768,3710,0,2
318768,3710,1,31
318768,3710,71,1
318768,3710,4,9
318768,37352,1,8
318768,3795,4,1
318768,3795,1,6
318768,3832,1,1
318768,3894,71,2
318768,3941,71,2
318768,3941,1,2
318768,3958,1,2
318768,39789,14,1
318768,4032a,14,2
318768,4041,1,2
318768,4162,1,2
318768,41682,1,2
318768,41740,71,2
318768,4304,71,2
318768,4304,14,4
318768,43056,0,2
318768,43093,1,4
318768,43722,71,1
318768,43723,71,1
318768,44225,71,2
318768,4460b,1,12
318768,4460b,71,2
318768,44728,1,2
318768,44728,15,4
318768,4477,1,1
318768,48092,1,2
318768,4871,1,2
318768,49307,1,6
318768,49612,1,4
318768,54200,1,12
318768,5841,1,2
318768,5841,71,4
318768,5843,1,4
318768,5844,1,12
318768,5852,1,8
318768,59349pr0006,1,1
318768,60479,1,2
318768,6111,1,2
318768,61332,0,6
318768,61409,1,4
318768,6141,34,2
318768,6141,4,2
318768,6141,33,4
318768,6141,36,1
318768,6141,46,2
318768,6222,71,1
318768,63864,1,4
318768,64225,1,2
318768,64799,15,1
318768,65304,4,2
318768,6541,72,4
318768,65617,1,2
318768,70681,1,4
318768,73562,4,2
318768,73562,0,2
318768,73825,1,4
318768,73825,14,4
318768,74611,71,1
318768,77844,0,2
318768,77844,14,2
318768,77844,1,8
318768,78522pr0004,14,1
318768,80015,1,8
318768,80563,72,2
318768,85080,1,6
318768,85984,1,10
318768,86996,15,2
318768,87079,4,2
318768,87079,1,3
318768,87079,71,1
318768,88930,14,2
318768,92950,72,2
318768,93273,1,26
318768,93274,15,3
318768,93274,1,2
318768,96874,25,1
318768,98138,36,4
318768,98585,71,2
318768,99207,1,6
318768,99207,72,2
318769,10116627,9999,1
318769,11209,0,4
318769,11212,0,2
318769,15068,4,1
318769,15573,71,2
318769,15573,0,2
318769,22885,14,1
318769,2357,4,5
318769,2412b,179,4
318769,2420,4,5
318769,25269,4,2
318769,3004,0,4
318769,3004,4,4
318769,3005,47,1
318769,3005,4,18
318769,3008,4,2
318769,3008,15,2
318769,3009,4,4
318769,3020,19,1
318769,3020,0,1
318769,3020,14,1
318769,3020,4,1
318769,3021,4,1
318769,3023,4,4
318769,3023,47,3
318769,3023,19,3
318769,3023,0,2
318769,3023,322,2
318769,3024,4,2
318769,3024,71,1
318769,3024,0,1
318769,3034,71,1
318769,3065,47,23
318769,3069b,4,8
318769,3070b,0,1
318769,3387,4,4
318769,34103,0,2
318769,3460,19,4
318769,3460,4,8
318769,35480,71,2
318769,3556,47,2
318769,3622,4,7
318769,3623,4,7
318769,3666,4,13
318769,3710,19,5
318769,3710,72,3
318769,3749,19,4
318769,3795,19,1
318769,3795,4,3
318769,3829c01,0,1
318769,4070,4,2
318769,41740,4,4
318769,4304,4,2
318769,4304,71,1
318769,4477,4,6
318769,5091,4,1
318769,5807,72,4
318769,5841,4,12
318769,63864,71,1
318769,6636,0,1
318769,6636,4,2
318769,69729,4,8
318769,77844,4,5
318769,7796,71,2
318769,7808,0,1
318769,85861,71,2
318769,87994,71,1
318769,98138,47,2
318769,98138,36,2
318770,10116254,9999,1
318770,11211,0,2
318770,11211,14,7
318770,11211,70,13
318770,11211,25,17
318770,1126,14,4
318770,11458,70,4
318770,11477,14,4
318770,11477,191,10
318770,11477,4,6
318770,14704,71,2
318770,15068,191,8
318770,15068,4,2
318770,15068,84,4
318770,15397,70,2
318770,15462,70,2
318770,15535,27,2
318770,15573,0,2
318770,15672,70,6
318770,15672,4,2
318770,15672,191,2
318770,15706,191,6
318770,16577,1,2
318770,16577,84,2
318770,1748,15,3
318770,1748,0,1
318770,1750,191,4
318770,18674,14,2
318770,18980,191,2
318770,18980,0,2
318770,1927,14,2
318770,20310,484,4
318770,20482,47,1
318770,22885,484,8
318770,22885,191,14
318770,22890,72,2
318770,2357,14,4
318770,2357,191,4
318770,2420,25,18
318770,2420,191,14
318770,2420,322,2
318770,24201,14,2
318770,24201,191,10
318770,24309,4,4
318770,2431,191,6
318770,2431,14,2
318770,2431,4,4
318770,2445,0,1
318770,2456,4,2
318770,2456,15,2
318770,25269,4,2
318770,25269,10,2
318770,25269,191,2
318770,2654,14,3
318770,26601,4,2
318770,26603,191,1
318770,26604,191,4
318770,2752,0,4
318770,27925,191,2
318770,28802,4,2
318770,29119,191,6
318770,29120,191,6
318770,3001,1,2
318770,3001,2,2
318770,3001,4,2
318770,3001,29,1
318770,3001,70,4
318770,3001,191,1
318770,3002,4,2
318770,3002,0,2
318770,3002,70,8
318770,3003,15,4
318770,3003,191,4
318770,3003,29,2
318770,3003,484,1
318770,3004,191,5
318770,3004,14,4
318770,3004,15,2
318770,3004,4,6
318770,3005,15,2
318770,3005,191,8
318770,3007,14,1
318770,3007,70,1
318770,3008,71,2
318770,3009,4,1
318770,3009,25,3
318770,3010,72,2
318770,3010,15,1
318770,3010,191,4
318770,3020,84,4
318770,3020,14,4
318770,3020,191,25
318770,3020,4,1
318770,3021,191,16
318770,3021,15,1
318770,3021,72,2
318770,3022,4,7
318770,3022,191,16
318770,3022,15,2
318770,3023,191,54
318770,3023,29,6
318770,3023,70,6
318770,3023,484,10
318770,3023,15,1
318770,3023,4,20
318770,3023,14,2
318770,3023,2,2
318770,3024,70,16
318770,3024,25,2
318770,3024,191,36
318770,3024,4,18
318770,3031,70,2
318770,3034,191,2
318770,3034,15,2
318770,3034,71,2
318770,3034,4,1
318770,3034,14,1
318770,3035,0,1
318770,30357,14,4
318770,3036,322,1
318770,3037,15,2
318770,30374,47,1
318770,3039,4,2
318770,3039,84,4
318770,3039,191,4
318770,3040b,15,2
318770,3040b,1,4
318770,3040b,70,8
318770,30414,4,1
318770,30503,191,2
318770,3062b,70,18
318770,3062b,46,3
318770,3062b,27,4
318770,3068b,191,2
318770,3069b,14,4
318770,3069b,2,2
318770,3069b,4,10
318770,3069b,191,16
318770,3070b,4,4
318770,32062,0,2
318770,32064a,322,6
318770,32123b,14,2
318770,32531,71,1
318770,32803,191,4
318770,32803,1,2
318770,32952,15,2
318770,32952,14,4
318770,32952,70,2
318770,32952,84,8
318770,3298,2,1
318770,3298,71,2
318770,33078,0,2
318770,3386,19,1
318770,33909,14,1
318770,33909,25,2
318770,33909,4,2
318770,34103,14,6
318770,3460,1,1
318770,3460,15,2
318770,3460,70,4
318770,3460,191,1
318770,3460,25,6
318770,3460,4,4
318770,3484,14,4
318770,35480,71,4
318770,35649,47,4
318770,3573,70,16
318770,3573,4,6
318770,35787,4,2
318770,35787,191,2
318770,3622,4,2
318770,3623,2,4
318770,3623,15,2
318770,3623,484,2
318770,3623,191,4
318770,3623,25,2
318770,3623,4,2
318770,3633,0,1
318770,3659,15,2
318770,3660,14,4
318770,3665,15,6
318770,3666,14,5
318770,3666,70,2
318770,3666,25,3
318770,3666,19,2
318770,3678b,70,1
318770,36840,14,2
318770,36840,4,2
318770,36840,71,4
318770,36841,4,6
318770,3700,25,4
318770,3700,15,2
318770,3710,25,8
318770,3710,84,6
318770,3710,15,13
318770,3710,191,22
318770,37352,14,2
318770,3795,4,4
318770,3795,15,3
318770,3832,14,2
318770,3937,15,2
318770,3938,71,2
318770,39789,14,1
318770,4032a,322,2
318770,4162,15,2
318770,41682,15,4
318770,41740,2,1
318770,4286,191,2
318770,42918,191,6
318770,4304,25,2
318770,4304,14,2
318770,4304,15,5
318770,4304,70,10
318770,43093,1,2
318770,43722,4,1
318770,43722,191,4
318770,43723,191,4
318770,43723,4,1
318770,43857,0,1
318770,4477,2,1
318770,4733,0,2
318770,4920,15,2
318770,49307,14,2
318770,5090,0,2
318770,5091,191,2
318770,5091,4,2
318770,5092,191,2
318770,5092,4,2
318770,50950,70,14
318770,50950,4,2
318770,50950,191,10
318770,52107,14,2
318770,53585,71,2
318770,5414,4,1
318770,5415,4,1
318770,54200,191,20
318770,5520,14,7
318770,57909b,72,1
318770,5841,14,4
318770,5844,15,2
318770,5845,191,10
318770,5845,70,8
318770,5845,4,12
318770,5852,14,2
318770,5852,191,22
318770,5906,4,4
318770,5906,191,2
318770,5907,4,8
318770,5907,191,24
318770,5907,15,2
318770,59900,308,2
318770,60474,0,1
318770,60481,4,8
318770,60581,484,2
318770,60594,0,1
318770,61252,191,2
318770,61332,0,6
318770,6141,14,2
318770,6141,308,4
318770,6141,25,16
318770,6141,15,2
318770,63868,14,4
318770,64799,14,2
318770,64799,15,1
318770,65304,0,2
318770,65578,47,2
318770,6636,191,1
318770,66857,191,4
318770,67095,14,2
318770,67696,72,1
318770,6822,191,2
318770,6823,191,2
318770,6899,0,2
318770,69729,322,1
318770,71752,19,2
318770,7249,84,6
318770,7249,191,4
318770,73109,71,2
318770,73825,4,4
318770,73825,70,4
318770,7510,4,2
318770,76776,191,2
318770,76797,191,6
318770,76797,4,4
318770,76959,70,2
318770,77319pr0001,379,1
318770,78258,0,2
318770,78666,25,2
318770,79389,2,4
318770,79389,4,6
318770,79393,14,4
318770,79491,191,2
318770,80177,191,3
318770,80178,191,3
318770,80431,72,2
318770,80543,71,4
318770,87079,15,1
318770,87079,4,3
318770,87079,191,4
318770,87087,4,2
318770,87087,14,6
318770,87087,484,4
318770,87087,191,2
318770,87375,191,2
318770,87559,191,2
318770,88293,191,2
318770,93273,191,14
318770,93273,4,2
318770,93273,70,1
318770,93274,14,4
318770,93274,71,1
318770,96874,3,1
318770,98138,0,2
318770,98138,25,4
318770,98138pr0107,0,2
318770,98138pr0208,47,1
318770,99207,25,4
318770,99207,4,2
318770,99207,72,18
318770,99780,25,3
318771,10117675,9999,1
318771,11211,2,9
318771,11211,19,2
318771,11214,72,1
318771,11458,19,4
318771,11477,212,16
318771,11477,15,16
318771,11477,19,14
318771,11477,29,4
318771,11477,191,14
318771,14418,71,2
318771,15068,212,4
318771,15068,5,4
318771,15068,29,1
318771,15068pr0035,29,1
318771,15573,29,1
318771,15573,484,1
318771,15706,70,4
318771,15706,71,4
318771,17485,0,1
318771,18674,4,1
318771,18674,191,1
318771,18674,5,1
318771,22885,29,1
318771,22885,321,1
318771,2420,19,2
318771,24246,5,3
318771,24246,212,16
318771,2431,19,2
318771,24866,10,10
318771,24866,320,2
318771,25214,29,2
318771,25269,19,8
318771,2736,71,2
318771,29119,29,1
318771,29120,29,1
318771,3020,5,4
318771,3020,212,4
318771,3020,322,2
318771,3020,19,2
318771,3021,2,1
318771,3021,70,1
318771,3022,29,6
318771,3022,26,3
318771,3022,3,1
318771,3022,0,1
318771,3023,19,5
318771,3023,212,8
318771,3023,29,6
318771,3023,2,3
318771,3023,15,8
318771,3024,29,10
318771,3024,15,4
318771,3024,47,2
318771,3024,19,4
318771,3024,46,1
318771,3024,212,4
318771,3034,322,2
318771,3035,19,4
318771,30374,27,1
318771,30414,19,3
318771,30503,212,4
318771,30503,2,2
318771,30503,70,2
318771,3062b,47,1
318771,3068b,5,1
318771,3069b,29,1
318771,3070b,212,8
318771,32013,29,2
318771,32062,4,4
318771,32607,10,1
318771,32952,19,6
318771,32952,70,4
318771,3386,2,2
318771,3386,70,2
318771,34103,2,2
318771,35480,71,4
318771,3623,5,4
318771,3660,212,4
318771,3666,2,2
318771,3666,19,4
318771,36840,5,4
318771,3700,0,2
318771,3710,15,10
318771,3710,29,2
318771,3710,70,4
318771,3710,10,2
318771,37352,29,2
318771,37762,15,2
318771,37775,182,1
318771,3795,19,10
318771,3942c,212,1
318771,3943b,4,1
318771,4032a,1,5
318771,4070,28,2
318771,43093,1,2
318771,43857,15,1
318771,4519,14,1
318771,49307,70,2
318771,50950,5,2
318771,50950,29,2
318771,54200,5,2
318771,5841,29,2
318771,5850,70,2
318771,5850,19,2
318771,5852,29,2
318771,5852,212,8
318771,5906,4,4
318771,60581,19,2
318771,60581,288,2
318771,61332,0,6
318771,6141,1,1
318771,6141,484,2
318771,6141,29,2
318771,62462,29,4
318771,63965,15,1
318771,64225,5,2
318771,65304,71,2
318771,6541,29,2
318771,6636,70,2
318771,67329,15,6
318771,67329,0,1
318771,6822,29,2
318771,6823,29,2
318771,6901,15,5
318771,7096,5,2
318771,7126,29,2
318771,71752,0,1
318771,73109,71,2
318771,7324,29,2
318771,73825,29,4
318771,73831,71,2
318771,7547pr0002,29,1
318771,76797,5,4
318771,76959,19,12
318771,7741,10,2
318771,79389,0,4
318771,79491,29,4
318771,80177,5,2
318771,80178,5,2
318771,85984,19,30
318771,87087,70,2
318771,87087,19,4
318771,87544,322,1
318771,87552,19,1
318771,87580,29,1
318771,89678,4,2
318771,90258,72,1
318771,93273,29,1
318771,98138,191,1
318771,98138,71,2
318771,98138,4,2
318771,98138,14,5
318771,98138,0,2
318771,98374,70,1
318771,99207,71,1
318771,99563,19,6
318953,14210,15,2
318953,2335,4,1
318953,2339,0,4
318953,2357,71,2
318953,2412b,85,7
318953,2412b,297,6
318953,2420,72,2
318953,2431,72,12
318953,2444,0,1
318953,2445,0,2
318953,2460,72,5
318953,2540,0,1
318953,2736,71,2
318953,2780,0,29
318953,3001,288,1
318953,3001,0,1
318953,3002,0,2
318953,3003,288,3
318953,3004,0,5
318953,3004,72,4
318953,3007,0,2
318953,3009,0,6
318953,30099,0,4
318953,3021,288,2
318953,3021,15,1
318953,3022,72,8
318953,3023,71,8
318953,30236,0,1
318953,30332,0,1
318953,3034,72,2
318953,3035,72,1
318953,30350a,0,2
318953,30355,0,2
318953,30356,0,2
318953,30374,15,1
318953,30377,0,9
318953,3038,0,4
318953,30384,40,1
318953,3039,288,2
318953,3039,0,2
318953,30407,0,2
318953,3040b,72,2
318953,3046a,0,2
318953,3048c,71,1
318953,30503,288,1
318953,30526,72,2
318953,30553,0,2
318953,30602,0,2
318953,30644,0,1
318953,3069b,0,2
318953,3069b,72,15
318953,3069bpr0106,15,1
318953,3070b,72,2
318953,32000,0,12
318953,32001,0,1
318953,32013,0,8
318953,32014,0,1
318953,32034,71,2
318953,32039,0,2
318953,32059,71,1
318953,32062,4,6
318953,32074c01,72,1
318953,32123b,71,2
318953,32278,0,1
318953,32316,0,1
318953,32324,0,2
318953,32449,0,4
318953,32525,72,4
318953,32529,0,2
318953,32530,72,2
318953,32531,0,1
318953,3298,15,2
318953,3298,72,5
318953,3460,0,2
318953,3475b,0,2
318953,3623,72,2
318953,3626cpr0468,42,2
318953,3660,0,6
318953,3665,72,2
318953,3666,71,12
318953,3673,71,1
318953,3684,71,1
318953,3701,0,3
318953,3701,288,3
318953,3702,0,3
318953,3705,0,4
318953,3709,15,1
318953,3710,15,4
318953,3710,71,10
318953,3737,0,2
318953,3747a,15,1
318953,3747a,0,2
318953,3795,72,3
318953,3894,0,2
318953,3895,0,2
318953,3937,72,1
318953,3942c,85,4
318953,4032a,0,8
318953,4070,19,2
318953,4162,72,4
318953,41677,71,2
318953,41747,0,1
318953,41748,0,1
318953,41764,0,1
318953,41765,0,1
318953,41769,72,2
318953,41770,72,2
318953,41855,71,2
318953,42021,0,1
318953,42022,0,2
318953,42023,72,10
318953,4215b,0,2
318953,4274,1,8
318953,4286,0,2
318953,43093,1,11
318953,4349,0,1
318953,43712,288,1
318953,43719,72,2
318953,43898,72,1
318953,44126,0,1
318953,44294,71,2
318953,44300,71,2
318953,44301a,0,4
318953,44302a,71,4
318953,44567a,0,2
318953,4519,71,5
318953,45301,0,1
318953,45705,40,1
318953,4589,36,8
318953,4589,42,5
318953,47397,0,2
318953,47398,0,2
318953,4740,42,1
318953,47753,72,1
318953,48336,15,4
318953,4865a,71,1
318953,4868b,15,4
318953,50955,0,2
318953,50956,0,2
318953,52040,71,1
318953,54200,46,12
318953,54383,0,5
318953,54384,0,5
318953,55706,0,2
318953,55707a,0,1
318953,55707e,0,2
318953,56619,0,1
318953,56711,9999,1
318953,6020,71,2
318953,6134,0,1
318953,6141,42,3
318953,6179,0,2
318953,6239,15,1
318953,6536,15,1
318953,6538b,4,4
318953,6541,0,9
318953,6558,0,1
318953,6587,72,5
318953,6589,71,1
318953,75535,71,4
318953,75535,85,2
318953,75535,15,2
318953,76110c01,71,1
318953,85973,0,1
318953,98721,0,3
319152,11476,27,2
319152,11476,10,2
319152,11476,2,2
319152,11476,3,2
319152,11477,2,4
319152,11477,85,2
319152,11477,10,4
319152,11477,27,4
319152,11477,3,4
319152,14769pr1070,19,5
319152,15068,3,4
319152,15068,2,4
319152,15068,27,4
319152,15068,10,4
319152,15573,191,1
319152,15573,0,5
319152,15712,0,4
319152,21459,297,2
319152,22885,71,48
319152,22885,0,8
319152,2420,191,1
319152,2420,4,1
319152,24246,1,1
319152,24246,25,1
319152,24246,4,1
319152,24246,85,1
319152,2431,0,4
319152,2431,4,2
319152,2431,25,2
319152,2431,10,2
319152,2431,1,2
319152,2431,27,1
319152,2431,85,2
319152,2431,3,1
319152,25269,0,5
319152,25269,25,3
319152,25269,70,16
319152,25269,1,3
319152,25269,4,3
319152,25269,85,5
319152,26601,25,1
319152,28802,2,6
319152,28802,27,2
319152,29119,25,2
319152,29119,1,1
319152,29119,4,1
319152,29120,1,1
319152,29120,25,1
319152,29120,4,1
319152,3003,19,8
319152,3003,29,4
319152,3020,2,5
319152,3020,10,5
319152,3020,3,6
319152,3020,27,5
319152,3022,3,2
319152,3022,191,3
319152,3022,27,1
319152,3022,10,1
319152,3022,2,1
319152,3023,1,2
319152,3023,27,11
319152,3023,4,4
319152,3023,25,5
319152,3023,2,10
319152,3023,70,6
319152,3023,3,11
319152,3023,85,4
319152,3023,10,9
319152,3024,2,5
319152,3024,3,6
319152,3024,10,5
319152,3024,85,1
319152,3024,25,2
319152,3024,27,5
319152,3031,2,1
319152,3031,10,1
319152,3031,27,1
319152,3068b,3,1
319152,3069b,10,3
319152,3069b,25,2
319152,3069b,27,2
319152,3069b,2,3
319152,3069b,191,8
319152,3069b,4,1
319152,3069b,85,1
319152,3069b,0,1
319152,3070b,25,4
319152,3070b,27,4
319152,3070b,1,4
319152,3070b,0,9
319152,3070b,2,2
319152,3070b,4,3
319152,3070b,85,4
319152,3070b,191,7
319152,3070b,3,5
319152,3070b,10,2
319152,3484,70,1
319152,35480,70,3
319152,3623,27,2
319152,3623,1,2
319152,3623,2,2
319152,3623,3,2
319152,3623,10,2
319152,36840,4,2
319152,36840,25,2
319152,36840,30,2
319152,36840,191,1
319152,36840,1,2
319152,36841,0,2
319152,3710,0,6
319152,3710,1,2
319152,3710,2,6
319152,3710,3,7
319152,3710,4,2
319152,3710,10,7
319152,3710,25,2
319152,3710,27,7
319152,3710,85,2
319152,37762,308,4
319152,3941,4,4
319152,3958,0,4
319152,4032a,1,1
319152,4032a,4,1
319152,4032a,85,1
319152,4032a,25,1
319152,41740,4,1
319152,41740,85,1
319152,41740,1,1
319152,41740,0,4
319152,5091,0,1
319152,5092,0,3
319152,54200,0,10
319152,54200,70,1
319152,54200,1,1
319152,6141,0,4
319152,64567,308,4
319152,66909,297,1
319152,6981,297,2
319152,77850,0,2
319152,78258,19,1
319152,85861,71,2
319152,85984,70,7
319152,86996,0,11
319152,87079,10,3
319152,87079,2,4
319152,87079,0,4
319152,87079,27,3
319152,87079,3,3
319152,93273,27,1
319152,93273,10,1
319152,93273,3,1
319152,93273,2,1
319152,93274,0,2
319152,93274,2,6
319152,96874,25,1
319152,98138pr0060,0,8
319152,98138pr0106,0,1
319152,98138pr0109,0,1
319152,98138pr0115,0,1
319152,98138pr0116,0,1
319152,98139,297,2
319358,2335pr0006,15,1
319358,2417,2,1
319358,2527,6,1
319358,2562,6,1
319358,3002,7,1
319358,3004,7,2
319358,3032,14,1
319358,3622,7,1
319358,3679,7,1
319358,3680,0,1
319358,3957a,0,1
319358,518,8,1
319403,11153,84,13
319403,11153,15,6
319403,11211,84,11
319403,11211,19,14
319403,11211,72,6
319403,11212,71,2
319403,11212,72,3
319403,11212,0,2
319403,11212,19,4
319403,11212,15,4
319403,1126,92,1
319403,11458,71,2
319403,11477,15,8
319403,11477,84,7
319403,11833,71,2
319403,14181,0,1
319403,14417,72,4
319403,14418,71,1
319403,14419,72,1
319403,14704,71,2
319403,14719,84,10
319403,14769,84,2
319403,15068,15,8
319403,15068,84,18
319403,15535,19,6
319403,15573,19,1
319403,15573,72,1
319403,15573,15,2
319403,15573,0,5
319403,15573,84,6
319403,15672,84,22
319403,15672,15,4
319403,15712,71,1
319403,1745,92,1
319403,1750,84,10
319403,18649,0,1
319403,18651,0,12
319403,1927,71,4
319403,22484,72,1
319403,22885,15,12
319403,22890,72,2
319403,22961,15,1
319403,2310,15,4
319403,2420,15,4
319403,2420,71,6
319403,2420,19,2
319403,24201,84,2
319403,24201,0,2
319403,24299,84,5
319403,24307,84,5
319403,24309,15,8
319403,24309,84,27
319403,2431,15,2
319403,2431,84,2
319403,2445,71,10
319403,2445,0,2
319403,2450,72,4
319403,2456,15,9
319403,25269,84,1
319403,25269,15,2
319403,26047,70,1
319403,2654,29,1
319403,2654pr0037,0,2
319403,2654pr0038,0,2
319403,26599,0,2
319403,26603,84,8
319403,26603,15,2
319403,26603,14,2
319403,26604,72,22
319403,26604,0,4
319403,26604,15,4
319403,27262,84,2
319403,27507,84,4
319403,28192,84,7
319403,29119,84,6
319403,29119,15,3
319403,29120,84,6
319403,29120,15,3
319403,3001,15,2
319403,3002,19,6
319403,3002,72,2
319403,3003,19,7
319403,3003,15,4
319403,3004,15,10
319403,3004,19,4
319403,3004,71,2
319403,3004,84,2
319403,3005,72,4
319403,3006,15,2
319403,3007,19,3
319403,3008,19,1
319403,3008,72,2
319403,3008,15,2
319403,3009,84,2
319403,3009,72,1
319403,3009,19,2
319403,3009,15,1
319403,3010,71,2
319403,3010,84,2
319403,30136,15,2
319403,30136,19,2
319403,30136,72,2
319403,3020,72,1
319403,3020,19,6
319403,3020,84,6
319403,3020,15,17
319403,3020,0,6
319403,3020,71,4
319403,3021,72,6
319403,3021,70,4
319403,3021,15,3
319403,3021,0,12
319403,3021,71,4
319403,3021,4,1
319403,3021,19,2
319403,3021,84,5
319403,3021,14,1
319403,3022,15,24
319403,3022,72,4
319403,3022,71,5
319403,3022,84,6
319403,3023,84,35
319403,3023,15,18
319403,3024,15,10
319403,3024,71,6
319403,3024,84,12
319403,3031,84,7
319403,3031,19,4
319403,3032,15,1
319403,3032,71,1
319403,3032,19,2
319403,3034,19,2
319403,3034,72,4
319403,3034,84,2
319403,3034,15,1
319403,3034,71,11
319403,3034,0,2
319403,3035,71,2
319403,30357,84,11
319403,3039,15,4
319403,3040b,84,4
319403,30414,72,34
319403,30565,84,2
319403,30565,71,2
319403,3062b,84,1
319403,3062b,4,4
319403,3062b,19,4
319403,3068b,15,1
319403,3068b,84,2
319403,3069b,84,8
319403,3070b,15,1
319403,3070b,84,3
319403,3172,15,1
319403,3176,15,8
319403,32001,71,2
319403,32001,0,2
319403,32015,72,2
319403,32064a,4,26
319403,32316,14,2
319403,3245c,72,2
319403,32803,84,12
319403,3298,84,10
319403,3386,15,8
319403,33909,84,14
319403,33909,15,1
319403,33909,14,1
319403,33909,4,1
319403,34103,0,1
319403,34103,15,4
319403,34103,14,8
319403,34103,71,7
319403,3460,71,16
319403,3460,15,13
319403,3460,19,10
319403,3460,84,7
319403,3460,4,8
319403,3484,70,2
319403,35480,15,46
319403,35480,19,18
319403,3573,15,5
319403,35787,84,9
319403,35787,15,6
319403,3622,72,2
319403,3622,19,2
319403,3623,15,5
319403,3623,72,3
319403,3623,71,8
319403,3623,19,2
319403,3623,14,2
319403,3623,84,13
319403,3623,0,4
319403,3660,72,6
319403,3666,15,2
319403,3666,0,3
319403,3666,84,10
319403,3666,14,6
319403,3666,71,7
319403,3666,4,8
319403,3675,84,2
319403,36840,84,3
319403,36841,70,2
319403,3700,14,14
319403,3701,15,2
319403,3705,0,1
319403,3710,15,15
319403,3710,19,1
319403,3710,4,1
319403,3710,71,16
319403,3710,0,14
319403,3710,84,14
319403,37352,84,10
319403,37352,15,10
319403,3738,72,1
319403,3738,15,4
319403,3795,84,5
319403,3795,15,9
319403,3795,19,7
319403,3832,15,6
319403,3832,71,4
319403,3941,19,11
319403,3958,71,1
319403,3958,84,2
319403,39789,0,1
319403,4032a,84,2
319403,4032a,14,14
319403,4161,84,10
319403,4162,0,2
319403,4162,71,1
319403,41682,84,6
319403,41682,14,2
319403,41740,0,2
319403,41740,15,1
319403,41748,15,1
319403,41749,84,6
319403,41750,84,6
319403,4190,84,12
319403,42022,15,1
319403,4286,84,5
319403,42924,1,2
319403,4304,19,4
319403,4304,14,3
319403,4304,15,2
319403,43093,1,6
319403,4365,15,1
319403,44126,15,2
319403,44301b,4,2
319403,44728,15,2
319403,44728,72,4
319403,4519,14,2
319403,4585,15,3
319403,4733,72,1
319403,47457,72,2
319403,4865b,84,1
319403,5093,15,1
319403,5093,84,7
319403,5095,84,7
319403,5095,15,1
319403,50950,84,13
319403,52107,0,1
319403,5404,0,2
319403,5414,15,2
319403,5415,15,2
319403,54200,14,2
319403,54200,84,5
319403,54657,14,2
319403,5520,15,8
319403,5711,15,1
319403,5842,84,4
319403,5843,84,4
319403,58846,84,2
319403,59900,29,2
319403,60478,0,2
319403,60479,71,2
319403,60594,19,18
319403,60897,15,2
319403,6111,19,1
319403,61332,0,3
319403,61409,71,2
319403,6141,29,2
319403,6141,4,31
319403,61485,71,1
319403,6231,4,1
319403,63082,0,4
319403,63864,84,3
319403,63868,71,2
319403,65426,70,1
319403,65429,70,1
319403,65509,72,12
319403,65578,84,1
319403,65676,84,1
319403,6636,84,2
319403,6636,14,1
319403,6636,15,3
319403,66956,4,1
319403,69729,84,7
319403,7037,15,1
319403,71752,0,4
319403,72132,71,2
319403,73109,15,2
319403,73230,25,2
319403,73230,84,2
319403,73825,84,7
319403,76795,84,2
319403,76797,15,2
319403,76797,84,9
319403,77844,0,2
319403,77850,71,5
319403,78329,19,14
319403,78329,71,8
319403,78329,84,9
319403,79389,72,3
319403,79389,84,2
319403,79389,15,5
319403,80015,84,4
319403,80177,15,2
319403,80177,84,5
319403,80178,84,5
319403,80178,15,2
319403,86876,71,6
319403,86996,84,2
319403,87079,84,13
319403,87079,15,4
319403,87081,0,1
319403,87083,72,1
319403,87087,0,3
319403,87552,15,2
319403,87620,84,2
319403,89678,4,6
319403,93274,14,2
319403,93274,84,2
319403,93606,84,30
319403,95188,84,8
319403,96874,25,1
319403,98138,14,2
319403,98281,15,1
319403,99207,70,1
319403,99207,15,2
319403,99207,71,6
319403,99780,15,1
319403,99781,4,2
319471,1993,15,1
319471,28621pr9741,15,1
319475,23186,0,1
319475,3626cpr2859,78,1
319475,970c03,0,1
319475,973c03h02pr0004,0,1
319476,28621,41,1
319476,3320pat0001,0,1
319476,5647,0,1
319476,970c03,0,1
319476,973c03h03pr0094,0,1
319943,10197,0,1
319943,10288,0,2
319943,11203,0,1
319943,11212,484,4
319943,11214,4,2
319943,11214,72,2
319943,11458,0,12
319943,11476,71,4
319943,11477,72,3
319943,14719,0,10
319943,15210,0,12
319943,15462,70,10
319943,15535,0,6
319943,15535pr0014,15,1
319943,15573,297,3
319943,15573,15,4
319943,15712,4,1
319943,16091,71,1
319943,17979pr0003,47,1
319943,18575,19,1
319943,18651,0,5
319943,18654,14,2
319943,18654,0,8
319943,18674,14,4
319943,18674,15,1
319943,18677,0,2
319943,18939,71,1
319943,20482,71,4
319943,22961,3,2
319943,22961,72,5
319943,2393,71,2
319943,23948,14,3
319943,2412b,179,4
319943,24246,0,8
319943,24316,70,3
319943,2445,0,2
319943,25269,71,2
319943,2566,15,2
319943,2639,0,2
319943,27925,297,4
319943,27925,71,4
319943,27940,72,1
319943,28802,0,8
319943,3004,0,4
319943,3005,0,2
319943,3010,0,2
319943,3020,0,4
319943,3022,72,6
319943,3022,71,9
319943,3023,71,14
319943,30237b,72,4
319943,3024,46,1
319943,3024,15,1
319943,3024,0,12
319943,3034,0,3
319943,30361cpr0026,15,1
319943,30374,72,2
319943,3068b,0,1
319943,3069b,0,4
319943,3070b,15,6
319943,3070bpr0052,47,1
319943,3070bpr0053,47,1
319943,3176,72,2
319943,32013,1,1
319943,32014,72,2
319943,32028,28,6
319943,32034,72,8
319943,32034,1,1
319943,32034,0,5
319943,32062,4,13
319943,32072,0,1
319943,32123b,1,8
319943,32123b,15,1
319943,32140,0,7
319943,32184,72,8
319943,32278,0,5
319943,32291,3,1
319943,32449,72,4
319943,32498,0,1
319943,3250,27,1
319943,32523,0,1
319943,32524,0,5
319943,32530,0,2
319943,32803,0,2
319943,33492,15,1
319943,34103,72,1
319943,3460,0,1
319943,3504,15,3
319943,3505,15,3
319943,35186,71,3
319943,35480,15,2
319943,3623,72,2
319943,3623,0,2
319943,3661,15,1
319943,36840,72,7
319943,36841,0,4
319943,3701,71,2
319943,3702,71,2
319943,3703,71,2
319943,3705,4,4
319943,3706,0,2
319943,3708,0,2
319943,3710,0,6
319943,3737,0,1
319943,3795,72,1
319943,3830,15,4
319943,3831,15,4
319943,3839b,15,6
319943,39793,0,1
319943,4006,179,1
319943,40145,0,3
319943,4032a,0,6
319943,4032a,19,2
319943,4081b,15,1
319943,41239,72,2
319943,4162,0,1
319943,41677,1,2
319943,41677,72,8
319943,4185,297,3
319943,4185,179,3
319943,42003,27,5
319943,42003,71,3
319943,42135,0,2
319943,42195,0,2
319943,42924,1,10
319943,43093,1,20
319943,4519,14,3
319943,4569,15,6
319943,4595,71,2
319943,4733,15,1
319943,4740,182,1
319943,48205,0,4
319943,48208,0,4
319943,52730,72,1
319943,52731,71,1
319943,53585,71,1
319943,54200,72,2
319943,54200,15,1
319943,5443,0,1
319943,55013,72,1
319943,57585,71,1
319943,59426,72,1
319943,59443,0,2
319943,59443,2,5
319943,59895,0,3
319943,60474,15,1
319943,60484,0,3
319943,60485,14,1
319943,60897,25,6
319943,61184,4,2
319943,61332,0,38
319943,61408,0,1
319943,61409,80,40
319943,6222,15,1
319943,62462,1103,5
319943,62810,28,1
319943,63864,0,6
319943,63965,19,1
319943,64781,0,1
319943,65092,1055,1
319943,65304,179,13
319943,6536,72,2
319943,65487,0,8
319943,65578,0,1
319943,6589,19,2
319943,6632,10,2
319943,66906,4,2
319943,67491,0,2
319943,69729,0,3
319943,69729pr0064,0,1
319943,69778,1,1
319943,69819,14,1
319943,71708,0,2
319943,71752,19,3
319943,7302,15,11
319943,73109,0,2
319943,73111,72,1
319943,73111,15,9
319943,73111pr0004,15,6
319943,73562,0,4
319943,73831,0,1
319943,7729,10,1
319943,77765,71,1
319943,77808,0,16
319943,77845,0,8
319943,78256,322,2
319943,80286,71,1
319943,80796,72,2
319943,85861,72,5
319943,85861,297,11
319943,86996,72,1
319943,87079,0,6
319943,87083,72,2
319943,87407,71,3
319943,88646,0,3
319943,88738,0,1
319943,89678,4,21
319943,89678,72,8
319943,94925,71,6
319943,96874,3,1
319943,98138,4,1
319943,98138,15,2
319943,98585,1103,1
319943,99008,19,1
319943,99563,72,2
319943,99563,15,7
319943,99773,0,2
319943,99780,72,8
