partNumber,name,category,sourceCategory,material
5000,"Duplo Brick, Hair, 2 x 2 Top Studs, Rounded",bricks,"Duplo, Quatro and Primo",Plastic
5000036,"Trading Card, Ninjago Deck #2: 5 - Kendo Jay (3D Lenticular Card)",technic,Gear Parts,Cardboard/Paper
5000688,"Poster, Friends, Heartlake City Map, 5 Set Images on Back",technic,Gear Parts,Cardboard/Paper
50006995,"Projectile, Disk, 4 Holes",special,Projectiles / Launchers,Plastic
50006996,"Projectile, Disk, Triangular Holes",special,Projectiles / Launchers,Plastic
50006997,"Projectile, Disk, 4 Holes, 2 Large Holes, 2 Small Holes",special,Projectiles / Launchers,Plastic
5001335,"Book, Friends, Sticker Book",technic,Gear Parts,Plastic
5001335stk,Sticker Sheet for Set 6043173-1,special,Stickers,Plastic
50015,"Bicycle Frame, Clip for Handle Bars",special,Transportation - Land,Plastic
50018,Tool Kit [Complete Set],minifigures,"Minifig Shields, Weapons, & Tools",Plastic
50018a,Tool Saw / Circular Saw Right,minifigures,"Minifig Shields, Weapons, & Tools",Plastic
50018b,Tool Cup / Half Ball,minifigures,"Minifig Shields, Weapons, & Tools",Plastic
50018c,Tool Socket Wrench,minifigures,"Minifig Shields, Weapons, & Tools",Plastic
50018d,"Tool Connector 2 Bar 90 deg, Stud on Both Sides",minifigures,"Minifig Shields, Weapons, & Tools",Plastic
50018e,"Tool Connector 3 Bar, 120 deg, Stud on Both Sides",minifigures,"Minifig Shields, Weapons, & Tools",Plastic
50018f,"Tool Crank Shaft with Bar, Stud",minifigures,"Minifig Shields, Weapons, & Tools",Plastic
50018g,Weapon Gun / Ray Gun,minifigures,"Minifig Shields, Weapons, & Tools",Plastic
50018h,Tool Saw / Circular Saw Left,minifigures,"Minifig Shields, Weapons, & Tools",Plastic
5002136,Sticker Sheet for Set 5002136-1,special,Stickers,Plastic
5002145,Sticker Sheet for Set 5002145-1,special,Stickers,Plastic
5002941,Sticker Sheet for Set 5002941-1,special,Stickers,Plastic
5002941comic,"Comic Book, Bionicle",technic,Gear Parts,Plastic
5002941poster,"Poster, Bionicle, Map of Okoto / Bionicle Masks - Double-Sided",technic,Gear Parts,Plastic
5003413,"CD-Rom, Education Mindstorms NXT Software 2.1 License",technic,Gear Parts,Plastic
5004388a,Sticker Sheet 1 for Set 5004388-1,special,Stickers,Plastic
5004388b,Sticker Sheet 2 for Set 5004388-1,special,Stickers,Plastic
5004394cdb01,Backdrop for set 5004394-1 - Double Sided,special,Non-System Parts,Cardboard/Paper
5004394cdb02,"Punch-outs, for Set 5004394-1",special,Non-System Parts,Cardboard/Paper
5004930,Sticker Sheet for Set 5004930-1,special,Stickers,Plastic
5004932book,Passport Picture Book,technic,Gear Parts,Plastic
5004932card,"Punch-outs, Bookmarks, Bubble Props with Seagull / Three 'Z's, and Light Bulb / Spilled Pail Print",technic,Gear Parts,Cardboard/Paper
5004932suitcase,"Storage Case, Suitcase Carrying Box",technic,Gear Parts,Plastic
5005238,Sticker Sheet for Set 5005238-1,special,Stickers,Plastic
5005239,Sticker Sheet for Set 5005239-1,special,Stickers,Plastic
5005239cdb01,Backdrop for Set 5005239,special,Non-System Parts,Cardboard/Paper
50100pr0001,"Creature, Buckbeak with Dark Bluish Grey Beak, Bright Light Orange Eyes, Dark Bluish Grey/White Feathers print",special,Animals / Creatures,Plastic
50100pr0002,"Creature, Buckbeak with Dark Bluish Grey Beak, Bright Light Orange Eyes, Dark Bluish Grey/Light Bluish Grey Feathers print",special,Animals / Creatures,Plastic
50108pr0001,"Creature Body Part, Dragon Head Upper Jaw with Black Scales and Yellow Eyes Print",special,Animal / Creature Body Parts,Plastic
50108pr0002,"Creature Body Part, Dragon Head Upper Jaw with Dark Red Scales and Yellow Eyes Print",special,Animal / Creature Body Parts,Plastic
50108pr0003,"Creature Body Part, Dragon Head Upper Jaw with Large Black Scales and Yellow Eyes Print",special,Animal / Creature Body Parts,Plastic
5011,"Motor, 9V 4 x 10 x 3",technic,Electronics,Plastic
50112,Sticker Sheet for Set 75243-1,special,Stickers,Plastic
50113,Sticker Sheet for Set 75242-1,special,Stickers,Plastic
50114,Sticker Sheet for Set 75244-1,special,Stickers,Plastic
50115,Sticker Sheet for Set 75262-1,special,Stickers,Plastic
50116,Sticker Sheet for Set 75259-1,special,Stickers,Plastic
50117,Sticker Sheet for Set 75261-1,special,Stickers,Plastic
50125,Bald Head with Hole in Top and Long Pointed Ears [Plain],minifigures,Minifig Headwear,Plastic
50163,"Technic Turntable Large Type 2, 24/56 Tooth with Black Outside Gear Section [Complete Assembly]",technic,Technic Gears,Plastic
50188,Sticker Sheet for Set 4743-1,special,Stickers,Plastic
5018pr0001,"Minifig Head Special, Cube Pig with Pixelated Nose, Eyes print",minifigures,Minifig Heads,Plastic
5019,"Musical Instrument, Lute, Blocky",minifigures,Minifig Accessories,Plastic
50190,Sticker Sheet for Set 4744-1,special,Stickers,Plastic
50191,Sticker Sheet for Set 4745-1,special,Stickers,Plastic
50192,Sticker Sheet for Set 4746-1,special,Stickers,Plastic
50193,Sticker Sheet for Set 4748-1,special,Stickers,Plastic
501a,"Motor, Train Base, 12V Modern Type I with 2 round contact holes",technic,Electronics,Plastic
501b,"Motor, Train Base, 12V Unslotted with 3-Hole Plugs",technic,Electronics,Plastic
501c,"Motor, Train Base, 12V Slotted with 3-Hole Plugs",technic,Electronics,Plastic
502,Train Motor 12V Connecting Rod,special,Transportation - Land,Plastic
50200,"Sticker Sheet for Sets 4758-1,10132-1",special,Stickers,Plastic
50202,Sticker Sheet for Set 4757-1,special,Stickers,Plastic
5020pr0001,"Animal Body Part, Camel Torso and Head with Black Eyes print",special,Animal / Creature Body Parts,Plastic
5021,"Creature Body Part, Head Blocky, Ender Dragon",special,Animal / Creature Body Parts,Plastic
50217,"Clikits Bookmark, 'Heart' Print",special,Clikits,Plastic
5022,"Minifig Neckwear, Cape",minifigures,Minifig Neckwear,Plastic
50223,"Clikits Envelope, Square 11 x 11 with Flowers and Stripes Print",special,Clikits,Cardboard/Paper
50224,"Clikits Door Hanger, 'Star' with Cityscape Print",special,Clikits,Cardboard/Paper
50226pr0001,"Clikits Paper, 18 x 12 'Star' with Cityscape Print",special,Clikits,Cardboard/Paper
50226pr0002,"Clikits Paper, 18 x 12 'Star' with Starry Background Print",special,Clikits,Cardboard/Paper
50231,"Neckwear Cape, Standard [Traditional Starched Fabric]",minifigures,Minifig Neckwear,Cloth
50231a,"Neckwear Cape, Front Collars [Traditional Starched Fabric]",minifigures,Minifig Neckwear,Cloth
50231pr0001,"Neckwear Cape, Standard with Iridescent Stars and Moons Print [Traditional Starched Fabric]",minifigures,Minifig Neckwear,Cloth
50231pr0002,"Neckwear Cape, Standard with Bright Light Blue Back [Traditional Starched Fabric]",minifigures,Minifig Neckwear,Cloth
50231pr0003,"Neckwear Cape, Standard with Black Back [Traditional Starched Fabric]",minifigures,Minifig Neckwear,Cloth
50231pr0004,"Neckwear Cape, Standard with Dark Orange with Angular Spots Print Back [Traditional Starched Fabric]",minifigures,Minifig Neckwear,Cloth
50231pr0005,"Neckwear Cape, Standard with Dark Azure Back [Traditional Starched Fabric]",minifigures,Minifig Neckwear,Cloth
50231pr0006,"Neckwear Cape, Standard with Black and Red Stripe, and Black and Red Skulls Print [Traditional Starched Fabric]",minifigures,Minifig Neckwear,Plastic
50231pr0007,"Neckwear Cape, Standard with Black Back [Traditional Starched Fabric]",minifigures,Minifig Neckwear,Cloth
50231pr0008,"Neckwear Cape, Standard with Medium Nougat Back [Traditional Starched Fabric]",minifigures,Minifig Neckwear,Cloth
50231pr0009,"Neckwear Cape, Standard, Dark Red Back [Traditional Starched Fabric]",minifigures,Minifig Neckwear,Cloth
50231pr0010,"Neckwear Cape, Standard with Blue Back [Traditional Starched Fabric]",minifigures,Minifig Neckwear,Cloth
50231pr0011,"Neckwear Cape, Standard with Dark Purple Back [Traditional Starched Fabric]",minifigures,Minifig Neckwear,Cloth
50231pr0012,"Neckwear Cape, Standard with Star Print [Traditional Starched Fabric]",minifigures,Minifig Neckwear,Cloth
50231pr0013,"Neckwear Cape, Standard with Black Back and Stripes Print [Traditional Starched Fabric]",minifigures,Minifig Neckwear,Cloth
50231pr0014,"Neckwear Cape, Standard with Gray Back and Black Slashes Print [Traditional Starched Fabric]",minifigures,Minifig Neckwear,Cloth
50231pr0015,"Neckwear Cape, Standard [Traditional Starched Fabric] Red Border, Blue Lion print",minifigures,Minifig Neckwear,Plastic
50231pr9998,"Neckwear Cape, Standard [Traditional Starched Fabric] with Black Zebra Stripes print",minifigures,Minifig Neckwear,Cloth
50231pr9999,"Neckwear Cape, Standard with Silver Glitter Print [Traditional Starched Fabric]",minifigures,Minifig Neckwear,Plastic
50234pr0001,"Clikits Notepad, 'Heart' Print",special,Clikits,Plastic
50234pr0002,"Clikits Memo Pad, Daisy Print",special,Clikits,Plastic
50239pr0001,Clikits Memo Pad with 3 Holes and Stars Print,special,Clikits,Cardboard/Paper
50239pr0002,Clikits Memo Pad with 3 Holes and Flowers Print,special,Clikits,Cardboard/Paper
50241,Sticker Sheet for Set 40360-1,special,Stickers,Plastic
50242,"Clikits Eraser, White with 'Heart' Image Sleeve",special,Clikits,Plastic
50250,"Clikits Pencil, 175mm [Plain]",special,Clikits,Plastic
50250pr0001,"Clikits Pencil, 175mm with Clikits Logo, Hearts, Stars, and Flowers Print",special,Clikits,Plastic
50250pr0002,Clikits Pencil with Pink Heart Print,special,Clikits,Plastic
50250pr0003,Clikits Pencil with Orange Daisy Print,special,Clikits,Plastic
50250pr0004,Clikits Pencil with Aqua Flamingo Print,special,Clikits,Plastic
50252,Sticker Sheet for Set 4856-1,special,Stickers,Plastic
50254,"Train Wheel Small, hole notched for wheels holder pin",special,Wheels and Tyres,Plastic
50289,Sticker Sheet for Set 8362-1,special,Stickers,Plastic
503,"Fabuland, Equipment Wheelbarrow with One Center Wheel Clips",special,"Belville, Scala and Fabuland",Plastic
50303,Wedge Plate 7 x 6 Boat Bow with Stud Notches,plates,Plates Angled,Plastic
50304,"Wedge Plate 8 x 3, 22° Right",plates,Plates Angled,Plastic
50305,"Wedge Plate 8 x 3, 22° Left",plates,Plates Angled,Plastic
5032,"Fence 4 x 6, Chain-Link",special,"Bars, Ladders and Fences",Plastic
5033,Tyre 24 x 9.9,special,Wheels and Tyres,Rubber
50335,"Construction Vehicle Bucket 3 x 6 with Hinge, Reinforced Center",special,Transportation - Land,Plastic
50337,"Hinge Plate 3 x 4 Locking Dual 2 Finger, 7 teeth",special,"Hinges, Arms and Turntables",Plastic
50340,"Hinge Plate 1 x 2 Locking with 2 Fingers on Side, 7 Teeth",special,"Hinges, Arms and Turntables",Plastic
50373,Wedge 3 x 4 [Stud Notches],bricks,Bricks Wedged,Plastic
50384,Duplo Baseplate 12 x 16 with Road Flat Surface Print,bricks,"Duplo, Quatro and Primo",Plastic
503c01,"Fabuland, Equipment Wheelbarrow with One Center Wheel [Complete Assembly]",special,"Belville, Scala and Fabuland",Plastic
50407,Plate Special Round 2 x 2 with Rotation Stem and Screw,special,"Hinges, Arms and Turntables",Plastic
50408,"Launcher, Spinner, Base 2 x 10 x 2",special,Projectiles / Launchers,Plastic
50427,Sticker Sheet for Set 41371-1,special,Stickers,Plastic
50428,Sticker Sheet for Set 41372-1,special,Stickers,Plastic
50429,"Playmat, Island with Water Print",special,Non-System Parts,Plastic
50429stk,Sticker Sheet for Set 41373-1,special,Stickers,Plastic
50430,Sticker Sheet for Set 41374-1,special,Stickers,Plastic
50431,Sticker Sheet for Set 41375-1,special,Stickers,Plastic
50441,Sticker Sheet for Set 41376-1,special,Stickers,Plastic
50443,Sticker Sheet for Set 41378-1,special,Stickers,Plastic
50448,Sticker Sheet for Set 41381-1,special,Stickers,Plastic
50450,Technic Axle 32,technic,Technic Axles,Plastic
50451,Technic Axle 16,technic,Technic Axles,Plastic
50461,Sticker Sheet for Set 4693-1,special,Stickers,Plastic
50462,Sticker Sheet 1 for Set 4694-1,special,Stickers,Plastic
5048,Sticker Sheet for Set 590-1 (Alternate Flag),special,Stickers,Plastic
50500,Sticker Sheet for Set 8389-1,special,Stickers,Plastic
50525,"Neckwear Cape, Tattered and Scalloped with Collar [Spongy Stretchable Fabric]",minifigures,Minifig Neckwear,Cloth
50559,"Neckwear Cape, Pauldron, Tattered",minifigures,Minifig Neckwear,Plastic
5056,Duplo Plant Vine 2 x 3 x 5 1/2 with Leaves and One End Stud,bricks,"Duplo, Quatro and Primo",Plastic
5057,Brick Round 3 x 3 D. Tube with 45° Elbow and Axle Holes (Crossholes) at Each End,bricks,Bricks Round and Cones,Plastic
50574c01,Flag with Lion and Crown Print [Complete Sheet],special,"Flags, Banners and Signs",Plastic
50576,Sticker Sheet 2 for Set 4694-1,special,Stickers,Plastic
5058,"Plant, Leaves Stacked 4 x 5 x 1 2/3",special,Plants & Trees,Plastic
50581,"Hipwear Skirt, Six Points, Four Holes (Grass)",minifigures,Minifig Hipwear,Cloth
5059,Prosthetic Hand with Bar Holder,minifigures,Minifig Accessories,Plastic
50602,"Large Figure Shoulder Cover, Armor, Smooth",special,Large Buildable Figures,Plastic
50616,"Large Figure Crown, King",special,Large Buildable Figures,Plastic
50623,"Large Figure Weapon Sword, Santis / King Mathias (Series 2)",special,Large Buildable Figures,Plastic
50624,"Large Figure Weapon Sword, Danju (Series 2)",special,Large Buildable Figures,Plastic
50625,"Large Figure Weapon Sword, Jayko - Series 2",special,Large Buildable Figures,Plastic
50626,"Large Figure Weapon Sword, Rascus (Series 2)",special,Large Buildable Figures,Plastic
50627,"Large Figure Weapon Sword, Vladek, Lord (Series 2)",special,Large Buildable Figures,Plastic
50629,"Large Figure Limb Cover, Armor, Leg / Shin Guard Type 1",special,Large Buildable Figures,Plastic
5064,"Minidoll Hipwear, Bag / Fanny Pack",minifigures,Minifig Hipwear,Plastic
5065,Panel 6 x 5 x 3 1/3 Curved Top,bricks,Panels,Plastic
50653pr0001,"Large Figure Shield, 2 x 4 Brick Relief, Bear with Red and Gold Print",special,Large Buildable Figures,Plastic
50654pr0001,"Large Figure Shield, 2 x 4 Brick Relief, Danju Wolf with Dark Purple and Gold Print",special,Large Buildable Figures,Plastic
50655pr0001,"Large Figure Shield, 2 x 4 Brick Relief, Jayko Hawk with Dark Blue and Silver Print",special,Large Buildable Figures,Plastic
50655pr0002,"Large Figure Shield, 2 x 4 Brick Relief, Jayko Hawk with Dark Blue Print",special,Large Buildable Figures,Plastic
50656pr0001,"Large Figure Shield, 2 x 4 Brick Relief, Monkey with Green and Gold Print",special,Large Buildable Figures,Plastic
50657pr0001,"Large Figure Shield, 2 x 4 Brick Relief, Vladek Scorpion with Dark Red and Silver Print",special,Large Buildable Figures,Plastic
50657pr0002,"Large Figure Shield, 2 x 4 Brick Relief, Vladek Scorpion with Black and Silver Print",special,Large Buildable Figures,Plastic
50658c01pr0001,"Large Figure Torso with Jayko, Sir, Gold Hawk Relief Print (Series 2)",special,Large Buildable Figures,Plastic
50658c01pr0002,"Large Figure Torso with Jayko, King Silver Hawk Relief Print (Series 3)",special,Large Buildable Figures,Plastic
50659c01pr0001,"Large Figure Torso with Vladek, Lord Black Scorpion Relief Print (Series 2)",special,Large Buildable Figures,Plastic
50659c01pr0002,"Large Figure Torso with Vladek, Lord Print Silver Scorpion Relief (Series 3)",special,Large Buildable Figures,Plastic
50659c02pr0001,"Large Figure Torso with Dracus Print, Black Front and Silver Trim, Brick 2 x 2 Relief",special,Large Buildable Figures,Plastic
50659c02pr0002,Large Figure Torso with Karzon Print (Black Front and Copper Trim) Brick 2 x 2 Relief (Series 3),special,Large Buildable Figures,Plastic
5066,Plate Special 2 x 2 with Horizontal T-Bar Underneath,plates,Plates Special,Plastic
50660c01pr0001,"Large Figure Torso with Santis, Sir Print Bear Head Relief (Series 2)",special,Large Buildable Figures,Plastic
50661c01pr0001,"Large Figure Torso with Rascus, Sir Print Monkey Relief (Series 2)",special,Large Buildable Figures,Plastic
50662c01pr0001,"Large Figure Torso with Danju, Sir Print Wolf Head Relief (Series 2)",special,Large Buildable Figures,Plastic
50663pat0001,"Cone Reverse, Spinner, with Marbled Trans-Bright Green Pattern",bricks,Bricks Round and Cones,Plastic
50663pat0002,"Cone Reverse, Spinner, with Marbled Trans-Light Blue Pattern",bricks,Bricks Round and Cones,Plastic
50663pat0003,"Cone Reverse, Spinner, with Marbled Trans-Orange Pattern",bricks,Bricks Round and Cones,Plastic
50663pat0004,"Cone Reverse, Spinner, with Marbled Glitter Trans-Bright Green Pattern",bricks,Bricks Round and Cones,Plastic
50663pat0005,"Cone Reverse, Spinner, with Marbled Glitter Trans-Orange Pattern",bricks,Bricks Round and Cones,Plastic
50663pat0006,"Cone Reverse, Spinner, with Marbled Glitter Trans-Light Blue Pattern",bricks,Bricks Round and Cones,Plastic
50663pat0007,"Cone Reverse, Spinner, with Marbled Trans-Neon Green Pattern",bricks,Bricks Round and Cones,Plastic
50663pat0008,"Cone Reverse, Spinner, with Marbled Glitter Trans-Neon Green Pattern",bricks,Bricks Round and Cones,Plastic
50663pat0009,"Cone Reverse, Spinner, with Marbled Glitter Trans-Clear Pattern",bricks,Bricks Round and Cones,Plastic
50665,"Helmet Classic, New Mold 2019",minifigures,Minifig Headwear,Plastic
50687,"Animal, Rodent, Rat / Mouse, Standing (Scabbers)",special,Animals / Creatures,Plastic
50689,"Hipwear Skirt, Round [Plain]",minifigures,Minifig Hipwear,Plastic
50689pr0001,"Hipwear Skirt, Round with White Dots print",minifigures,Minifig Hipwear,Cloth
50689pr0002,"Hipwear Skirt, Round with White Pawprints print",minifigures,Minifig Hipwear,Plastic
50690,"Electric Adapter / Transformer, Battery Pack Charger 7.2V",technic,Electronics,Plastic
50704,"Arms Mechanical, Large with Claws and Hole (Doc Ock, 4 Juniors)",minifigures,Minifig Accessories,Plastic
50711,"Clikits Strip, 1 7/8 x 25 1/4 with Rounded Ends with Holes",special,Clikits,Plastic
50726,Activity Card for Set 9040-1,technic,Gear Parts,Cardboard/Paper
50734,Battery Pack 7.2V,technic,Electronics,Plastic
50745,"Wheel Arch, Mudguard 4 x 2 1/2 x 2 with 2 x 2 Plate",special,Transportation - Land,Plastic
50747,Windscreen 6 x 6 x 3 Canopy Half Sphere with Dual 2 Fingers,bricks,Windscreens and Fuselage,Plastic
50747pr0001,"Windscreen 6 x 6 x 3 Canopy Half Sphere with Dual 2 Fingers with Yellow Beak, Lime and Dark Pink Diamond/Gems print",bricks,Windscreens and Fuselage,Plastic
50747pr0002,Windscreen 6 x 6 x 3 Canopy Half Sphere with Dual 2 Fingers and Rogue Shadow Cockpit Print,bricks,Windscreens and Fuselage,Plastic
50747pr0003,Windscreen 6 x 6 x 3 Canopy Half Sphere with Dual 2 Fingers and Droid Tri-Fighter Dark Blue Triangles Print,bricks,Windscreens and Fuselage,Plastic
50747pr0004,Windscreen 6 x 6 x 3 Canopy Half Sphere with Dual 2 Fingers and Tie-Fighter Print,bricks,Windscreens and Fuselage,Plastic
50747pr0005,Windscreen 6 x 6 x 3 Canopy Half Sphere with Dual 2 Fingers and Sith Fighter Print,bricks,Windscreens and Fuselage,Plastic
50747pr0006,Windscreen 6 x 6 x 3 Canopy Half Sphere with Dual 2 Fingers and Republic Gunship Window Print,bricks,Windscreens and Fuselage,Plastic
50747pr0007,Windscreen 6 x 6 x 3 Canopy Half Sphere with Dual 2 Fingers and White Compound Eye Print,bricks,Windscreens and Fuselage,Plastic
50747pr0008,Windscreen 6 x 6 x 3 Canopy Half Sphere with Dual 2 Fingers and Droid Tri-Fighter Cockpit Print,bricks,Windscreens and Fuselage,Plastic
50747pr0009,Windscreen 6 x 6 x 3 Canopy Half Sphere with Dual 2 Fingers and Rebel Ghost Window Print,bricks,Windscreens and Fuselage,Plastic
50747pr0010,Windscreen 6 x 6 x 3 Canopy Half Sphere with Dual 2 Fingers with Hulk Buster Face / Mask print,bricks,Windscreens and Fuselage,Plastic
50747pr0011,Windscreen 6 x 6 x 3 Canopy Half Sphere with Dual 2 Fingers and Droid Tri-Fighter Print,bricks,Windscreens and Fuselage,Plastic
50747pr0012,Windscreen 6 x 6 x 3 Canopy Half Sphere with Dual 2 Fingers with Globlin with Yellow Eyes print,bricks,Windscreens and Fuselage,Plastic
50747pr0013,Windscreen 6 x 6 x 3 Canopy Half Sphere with Dual 2 Fingers with Globlin with Yellow Eyes Angry print,bricks,Windscreens and Fuselage,Plastic
50747pr0014,Windscreen 6 x 6 x 3 Canopy Half Sphere with Dual 2 Fingers and Republic Attack Gunship Print,bricks,Windscreens and Fuselage,Plastic
50747pr0015,Windscreen 6 x 6 x 3 Canopy Half Sphere with Dual 2 Fingers with Gunship Print,bricks,Windscreens and Fuselage,Plastic
50747pr0016,Windscreen 6 x 6 x 3 Canopy Half Sphere with Dual 2 Fingers with Cat Face print,bricks,Windscreens and Fuselage,Plastic
50747pr0017,Windscreen 6 x 6 x 3 Canopy Half Sphere with Dual 2 Fingers with Spider-Man Face print,bricks,Windscreens and Fuselage,Plastic
50747pr0018,Windscreen 6 x 6 x 3 Canopy Half Sphere with Dual 2 Fingers with White Cockpit print,bricks,Windscreens and Fuselage,Plastic
50747pr9998,Windscreen 6 x 6 x 3 Canopy Half Sphere with Dual 2 Fingers with Spray Painted Face Print,bricks,Windscreens and Fuselage,Plastic
50747pr9999,Windscreen 6 x 6 x 3 Canopy Half Sphere with Dual 2 Fingers with Batman Silhouette with Red Outline Print,bricks,Windscreens and Fuselage,Plastic
50769,Battery 9V,technic,Electronics,Plastic
50820,Boat Deck 24 x 6 x 1 1/3,special,Transportation - Sea and Air,Plastic
50821,Boat Hull 48 x 6 x 4 1/3,special,Transportation - Sea and Air,Plastic
50821c01,Boat 48 x 6 x 5 with Black Deck [Complete Assembly] (Catamaran Half),special,Transportation - Sea and Air,Plastic
5083,Weapon Club Small (Caveman),minifigures,"Minifig Shields, Weapons, & Tools",Plastic
50855,Brick Soft Curved 2 x 4,bricks,Bricks Curved,Plastic
50858,"Large Figure Foot, with 3 Holes, Visorak",special,Large Buildable Figures,Plastic
50859a,"Vehicle Base, Motorcycle Chassis, Short Fairing Mounts",special,Transportation - Land,Plastic
50859b,"Vehicle Base, Motorcycle Chassis, Long Fairing Mounts",special,Transportation - Land,Plastic
5086,"Duplo Train Track, Bridge Lower Section",bricks,"Duplo, Quatro and Primo",Plastic
50860,"Fairing, Motorcycle, Dirt Bike",special,Transportation - Land,Plastic
50861,Tyre 21 x 6 City Motorcycle,special,Wheels and Tyres,Rubber
50862,Wheel Centre 15 x 6 City Motorcycle with Stub Axles,special,Wheels and Tyres,Plastic
5087,Duplo Train Track Bridge Middle Section with 2 x 2 Studs on Both Sides,bricks,"Duplo, Quatro and Primo",Plastic
50882,Sticker Sheet for Set 4857-1,special,Stickers,Plastic
50898,Technic Axle and Pin Connector 2 x 7 with Two Ball Joint Sockets,technic,Technic Connectors,Plastic
50899,Large Figure Spinner / Propeller without Code (Rhotuka) [Plain],special,Projectiles / Launchers,Plastic
50899pat0001,"Large Figure Spinner / Propeller without Code, Marbled Pearl Light Gray Pattern (Rhotuka)",special,Large Buildable Figures,Plastic
50899pat0001pr0001,"Large Figure Spinner / Propeller with Code, Marbled Pearl Light Gray Pattern (Rhotuka)",special,Projectiles / Launchers,Plastic
50899pr0002,Large Figure Spinner / Propeller with Code Print (Rhotuka),special,Projectiles / Launchers,Plastic
5090,Bracket 1 x 6 - 2 x 6 Inverted,plates,Plates Special,Plastic
50900,"Rip Cord, Rhotuka, 12L with Connector Block 1 x 3 x 5",special,Tools,Plastic
50901,"Large Figure Skeletal, Connector Block 1 x 3 x 2 with 2 Pins and Axle Hole (Rhotuka)",special,Large Buildable Figures,Plastic
50903,Large Figure Spinner Rod 2.5L with Gear 8 Tooth (Rhotuka),special,Projectiles / Launchers,Plastic
50904,Technic Beam Special 8 x 3 x 2 (Visorak Torso),technic,Technic Beams Special,Plastic
50905,Large Figure Head Visorak with 7 Pin Holes and Axle Hole (Boggarak),special,Large Buildable Figures,Plastic
50906,"Large Figure Weapon, Claw / Fang, 2 Pin Holes (Visorak Boggarak)",special,Large Buildable Figures,Plastic
50907,Large Figure Head Visorak with 7 Pin Holes and Axle Hole (Keelerak),special,Large Buildable Figures,Plastic
50908,"Large Figure Weapon, Claw / Fang, 2 Pin Holes (Visorak Keelerak)",special,Large Buildable Figures,Plastic
50909,Large Figure Head Visorak with 7 Pin Holes and Axle Hole (Roporak),special,Large Buildable Figures,Plastic
5091,Tile 1 x 2 with Stud Notch Left,tiles,Tiles Special,Plastic
50910,"Large Figure Weapon, Claw / Fang, 2 Pin Holes (Visorak Roporak)",special,Large Buildable Figures,Plastic
50911,Large Figure Head Visorak with 7 Pin Holes and Axle Hole (Suukorak),special,Large Buildable Figures,Plastic
50912,Large Figure Head Visorak with 7 Pin Holes and Axle Hole (Oohnorak),special,Large Buildable Figures,Plastic
50913,Large Figure Head Visorak with 7 Pin Holes and Axle Hole (Vohtarak),special,Large Buildable Figures,Plastic
50914,"Large Figure Weapon, Claw / Fang, 2 Pin Holes (Visorak Suukorak)",special,Large Buildable Figures,Plastic
50915,"Large Figure Weapon, Claw / Fang, 2 Pin Holes (Visorak Oohnorak)",special,Large Buildable Figures,Plastic
50918,"Large Figure Weapon, Claw / Fang, 2 Pin Holes (Visorak Vohtarak)",special,Large Buildable Figures,Plastic
50919,"Large Figure Foot, Toa Hordika",special,Large Buildable Figures,Plastic
5091pr0001,Tile 1 x 2 with Stud Notch Left with Olive Green Print,tiles,Tiles Special,Plastic
5091pr0002,Tile 1 x 2 with Stud Notch Left with Medium Azure Triangle Print,tiles,Tiles Special,Plastic
5091pr0003,Tile 1 x 2 with Stud Notch Left with Black Stripe on Side print,tiles,Tiles Special,Plastic
5092,Tile 1 x 2 with Stud Notch Right,tiles,Tiles Special,Plastic
50920,"Large Figure Skeletal, Limb, Angular with 2 Ball Joints (Toa Hordika)",special,Large Buildable Figures,Plastic
50921,"Large Figure Skeletal, Limb, with Ball Joint, and Gear with Axle Hole (Toa Hordika)",special,Large Buildable Figures,Plastic
50922,"Large Figure Skeletal, Limb, Angular with Ball Joint (Toa Hordika)",special,Large Buildable Figures,Plastic
50923,Technic Beam 1 x 2 with Ball Joint Angled,technic,Technic Beams Special,Plastic
50924c01pat0001,"Large Figure Weapon Hordika Fin Barb with Flat Silver Flexible End ,Magnet",special,Magnets and Holders,Flexible Plastic
50924pat0001,Large Figure Weapon Hordika Fin Barb with Flat Silver Flexible End,special,Large Buildable Figures,Plastic
50925,"Large Figure Skeletal, Torso (Toa Hordika)",special,Large Buildable Figures,Plastic
50926,"Large Figure Torso Cover, Armour, Toa Hordika",special,Large Buildable Figures,Plastic
50927,Large Figure Head Toa Hordika Whenua,special,Large Buildable Figures,Plastic
50928,Large Figure Head Toa Hordika Nokama,special,Large Buildable Figures,Plastic
50929,Large Figure Head Toa Hordika Onewa,special,Large Buildable Figures,Plastic
5092pr0001,Tile 1 x 2 with Stud Notch Right with Olive Green Print,tiles,Tiles Special,Plastic
5092pr0002,Tile 1 x 2 with Stud Notch Right with Medium Azure Triangle Print,tiles,Tiles Special,Plastic
5092pr0003,Tile 1 x 2 with Stud Notch Right with Black Stripe on Side print,tiles,Tiles Special,Plastic
5093,Slope Curved 2 x 2 with Stud Notch Right,bricks,Bricks Curved,Plastic
50930c01pat0001,"Large Figure Weapon Hordika Claw Club with Flat Silver Flexible End, Magnet",special,Magnets and Holders,Flexible Plastic
50930pat0001,Large Figure Weapon Hordika Claw Club with Flat Silver Flexible End,special,Large Buildable Figures,Plastic
50931,Large Figure Head Toa Hordika Vakama,special,Large Buildable Figures,Plastic
50932,Large Figure Head Toa Hordika Nuju,special,Large Buildable Figures,Plastic
50933,Large Figure Head Toa Hordika Matau,special,Large Buildable Figures,Plastic
50934c01pat0001,"Large Figure Weapon Hordika Blazer Claw with Bright Light Orange Flexible Flame End, Magnet",special,Magnets and Holders,Flexible Plastic
50934pat0001,Large Figure Weapon Hordika Blazer Claw with Bright Light Orange Flexible Flame End,special,Large Buildable Figures,Plastic
50935c01pat0001,"Large Figure Weapon Hordika Fang Blade with Pearl Light Gray Flexible End, Magnet",special,Magnets and Holders,Flexible Plastic
50935pat0001,Large Figure Weapon Hordika Fang Blade with Pearl Light Gray Flexible End,special,Large Buildable Figures,Plastic
50936c01pat0001,"Large Figure Weapon Hordika Teeth Tool with Trans-Light Blue Flexible End, Magnet",special,Magnets and Holders,Flexible Plastic
50936pat0001,Large Figure Weapon Hordika Teeth Tool with Trans-Light Blue Flexible End,special,Large Buildable Figures,Plastic
50937c01pat0001,"Large Figure Weapon Hordika Beast Summoner with Flat Silver Flexible End, Magnet",special,Magnets and Holders,Flexible Plastic
50937pat0001,Large Figure Weapon Hordika Beast Summoner with Flat Silver Flexible End,special,Large Buildable Figures,Plastic
50939,"Belville, Veil with Gold Flower",special,"Belville, Scala and Fabuland",Cloth
50939pr0001,"Belville, Curtain / Bed Veil - Medium, with Sparkly Stars Print",special,"Belville, Scala and Fabuland",Cloth
5093pr0001,"Slope Curved 2 x 2 with Stud Notch Right with Black Stripes, Black/White Headlight, Red Border print",bricks,Bricks Curved,Plastic
5093pr0002,"Slope Curved 2 x 2 with Stud Notch Right with Yellow/Orange Eyes, Silver Markings print",bricks,Bricks Curved,Plastic
5093pr0003,Slope Curved 2 x 2 with Stud Notch Right with Black/Orange Headlight print,bricks,Bricks Curved,Plastic
5093pr0004,Slope Curved 2 x 2 with Stud Notch Right with Dark Red Webs print,bricks,Bricks Curved,Plastic
5093pr0005,Slope Curved 2 x 2 with Stud Notch Right with Gold '7' print,bricks,Bricks Curved,Plastic
5093pr0006,Slope Curved 2 x 2 with Stud Notch Right with Black Spider Webbing print,bricks,Bricks Curved,Plastic
50940,"Belville, Skirt, Long, Sheer with Golden Layer and Pink Jewel",special,"Belville, Scala and Fabuland",Cloth
50943,Engine / Air Scoop 2 x 2,special,Transportation - Land,Plastic
50944,Wheel 11 x 6 mm with Five Spokes [Plain],special,Wheels and Tyres,Plastic
50944pr0001,Wheel 11 x 6 mm with Five Spokes and Silver Print,special,Wheels and Tyres,Plastic
50944pr0002,Wheel 11 x 6 with 5 Spokes with Gold Outline Print,special,Wheels and Tyres,Plastic
50946,Grille 1 x 2 x 2 2/3 Sloping,special,Transportation - Land,Plastic
50946pr0001,Grille 1 x 2 x 2 2/3 Sloping with Chrome Outline Print,special,Transportation - Land,Plastic
50947,"Wheel Arch, Mudguard 1 x 4 1/2",special,Transportation - Land,Plastic
50947pr0001,"Wheel Arch, Mudguard 1 x 4 1/2 with Flame and Headlight Print",special,Transportation - Land,Plastic
50947pr0002,"Wheel Arch, Mudguard 1 x 4 1/2 with Flame and Red Taillight Print",special,Transportation - Land,Plastic
50948,"Wedge Curved 4 x 3 Recessed Back with Opening, Two Studs [Plain]",bricks,Bricks Wedged,Plastic
50948pr0001,"Wedge Curved 4 x 3 Recessed Back with Opening, Two Studs with Black and Silver Print",bricks,Bricks Wedged,Plastic
50949,"Grille / Spoiler with 1 x 2 Plate, 2 x 2 Anti-studs (Racers Car)",special,Transportation - Land,Plastic
5095,Slope Curved 2 x 2 with Stud Notch Left,bricks,Bricks Curved,Plastic
50950,Slope Curved 3 x 1 No Studs,bricks,Bricks Curved,Plastic
50950pr0001,Slope Curved 3 x 1 No Studs with Lightning Bolt / Harry Potter Scar print,bricks,Bricks Curved,Plastic
50950pr0002,Slope Curved 3 x 1 No Studs with Red Shape print,bricks,Bricks Curved,Plastic
50950pr0003,Slope Curved 3 x 1 No Studs with Red Shape print,bricks,Bricks Curved,Plastic
50950pr0004,Slope Curved 3 x 1 No Studs with Black Shape print,bricks,Bricks Curved,Plastic
50950pr0005,Slope Curved 3 x 1 No Studs with Black Shape print,bricks,Bricks Curved,Plastic
50950pr0006,Slope Curved 3 x 1 No Studs with Dark Blue Shapes print,bricks,Bricks Curved,Plastic
50950pr0007,Slope Curved 3 x 1 No Studs with Dark Blue Shapes print,bricks,Bricks Curved,Plastic
50950pr0008,Slope Curved 3 x 1 No Studs with Dark Blue Shapes print,bricks,Bricks Curved,Plastic
50950pr0009,Slope Curved 3 x 1 No Studs with Black Shapes print,bricks,Bricks Curved,Plastic
50950pr0010,Slope Curved 3 x 1 No Studs with Black Shapes print,bricks,Bricks Curved,Plastic
50950pr0011,Slope Curved 3 x 1 No Studs with Black Shapes print,bricks,Bricks Curved,Plastic
50950pr0012,Slope Curved 3 x 1 No Studs with Black Shapes print,bricks,Bricks Curved,Plastic
50950pr0013,Slope Curved 3 x 1 No Studs with Black Shapes print,bricks,Bricks Curved,Plastic
50951,Tyre 14 x 6 Solid Smooth,special,Wheels and Tyres,Rubber
50955,Wedge Curved 10 x 3 Left,bricks,Bricks Wedged,Plastic
50955pr0001,Wedge Curved 10 x 3 Left with Red Stripe Print,bricks,Bricks Wedged,Plastic
50955pr0002,Wedge Curved 10 x 3 Left with Black Lines (Grill) print,bricks,Bricks Wedged,Plastic
50955pr0003,"Wedge Curved 10 x 3 Left with Narrowing Red Stripe, Black 'Concorde' print",bricks,Bricks Wedged,Plastic
50955pr0004,"Wedge Curved 10 x 3 Left with Dark Blue Stripes, Black Airplane Windows print",bricks,Bricks Wedged,Plastic
50956,Wedge Curved 10 x 3 Right,bricks,Bricks Wedged,Plastic
50956pr0001,Wedge Curved 10 x 3 Right with Red Stripe Print,bricks,Bricks Wedged,Plastic
50956pr0002,Wedge Curved 10 x 3 Right with Black Lines (Grill) print,bricks,Bricks Wedged,Plastic
50956pr0003,"Wedge Curved 10 x 3 Right with Narrowing Red Stripe, Black 'Concorde' print",bricks,Bricks Wedged,Plastic
50956pr0004,"Wedge Curved 10 x 3 Right with Dark Blue Stripes, Black Airplane Windows print",bricks,Bricks Wedged,Plastic
5095pr0001,"Slope Curved 2 x 2 with Stud Notch Left with Black Stripes, Black/White Headlight, Red Border print",bricks,Bricks Curved,Plastic
5095pr0002,"Slope Curved 2 x 2 with Stud Notch Left with Yellow/Orange Eyes, Silver Markings print",bricks,Bricks Curved,Plastic
5095pr0003,Slope Curved 2 x 2 with Stud Notch Left with Black/Orange Headlight print,bricks,Bricks Curved,Plastic
5095pr0004,Slope Curved 2 x 2 with Stud Notch Left with Dark Red Webs print,bricks,Bricks Curved,Plastic
5095pr0005,Slope Curved 2 x 2 with Stud Notch Left with Black Spider Webbing print,bricks,Bricks Curved,Plastic
50965,Wheel Cover 5 Spoke with Centre Stud - 56mm D.,special,Wheels and Tyres,Plastic
50967,Brick Arch 8 x 1 x 1 2/3 Curved,bricks,Bricks Curved,Plastic
5098,"Creature Body Part, Grimspawn, Ridged Back, Curved Tail (Sneak)",special,Animal / Creature Body Parts,Plastic
50986,Windscreen 10 x 6 x 3 Bubble Canopy Double Tapered,bricks,Windscreens and Fuselage,Plastic
50986pr0001,Windscreen 10 x 6 x 3 Bubble Canopy Double Tapered with Dark Bluish Gray Jedi Starfighter Print,bricks,Windscreens and Fuselage,Plastic
50986pr0002,Windscreen 10 x 6 x 3 Bubble Canopy Double Tapered with Light Bluish Gray Jedi Starfighter Print,bricks,Windscreens and Fuselage,Plastic
50986pr0003,Windscreen 10 x 6 x 3 Bubble Canopy Double Tapered with Dark Green Cockpit Cover Print,bricks,Windscreens and Fuselage,Plastic
50986pr0005,"Windscreen 10 x 6 x 3 Bubble Canopy Double Tapered with Light Bluish Gray Jedi Starfighter, Two Red Triangles on Top Print",bricks,Windscreens and Fuselage,Plastic
50990a,Dish 10 x 10 Inverted (Radar) with Hollow Studs,plates,Plates Round Curved and Dishes,Plastic
50990apr0001,Dish 10 x 10 Inverted (Radar) with Wheel / Tire Print,plates,Plates Round Curved and Dishes,Plastic
50990apr0002,Dish 10 x 10 Inverted [Radar] with Serrated Blades Print,plates,Plates Round Curved and Dishes,Plastic
50990apr0003,Dish 10 x 10 Inverted (Radar) with SW Tank Droid Print,plates,Plates Round Curved and Dishes,Plastic
50990apr9999,Dish 10 x 10 Inverted (Radar) with Black and Gray Concentric Circles Print,plates,Plates Round Curved and Dishes,Plastic
50990b,Dish 10 x 10 Inverted (Radar) with Solid Studs,plates,Plates Round Curved and Dishes,Plastic
50990bpr0001,Dish 10 x 10 Inverted with Black/Coral/Medium Azure Repeating Shapes print,plates,Plates Round Curved and Dishes,Plastic
50990bpr0002,Dish 10 x 10 Inverted (Radar) with Radiating Spokes Print on Concave Side (Millennium Falcon UCS - 2nd edition),plates,Plates Round Curved and Dishes,Plastic
50990bpr0004,Dish 10 x 10 Inverted (Radar) with White Spots (Mushroom Head) print,plates,Plates Round Curved and Dishes,Plastic
50990bpr0014,Dish 10 x 10 Inverted [Radar] with 'Antarctica' and 'G.R. MMXXII' print,plates,Plates Round Curved and Dishes,Plastic
50990bpr0015,Dish 10 x 10 Inverted [Radar] with 'Arctic Ocean' print,plates,Plates Round Curved and Dishes,Plastic
50990bpr0016,Dish 10 x 10 Inverted [Radar] with Black Circles/Cockpit print print,plates,Plates Round Curved and Dishes,Plastic
50990pr0003,Dish 10 x 10 Inverted (Radar) with Radiating Spokes Print on Convex Side,plates,Plates Round Curved and Dishes,Plastic
50993,"Torso Mechanical, General Grievous",minifigures,Minifig Upper Body,Plastic
50994,"Minifig Head Special, General Grievous [Plain]",minifigures,Minifig Heads,Plastic
50995pr0001,"Helmet Clone Trooper Phase 2, Open Front, Episode 3 Print",minifigures,Minifig Headwear,Plastic
50995pr0002,"Helmet Clone Trooper Phase 2, Open Front, Dark Red Markings Print",minifigures,Minifig Headwear,Plastic
50995pr0003,"Helmet Clone Trooper Phase 2, Open Front, Green Stripes Print",minifigures,Minifig Headwear,Plastic
50995pr0004,"Helmet Clone Trooper Phase 2, Open Front, Episode 3 Print",minifigures,Minifig Headwear,Plastic
50995pr0005,"Helmet Clone Trooper Phase 2, Open Front, Yellow Stripes Print",minifigures,Minifig Headwear,Plastic
50995pr0006,"Helmet Clone Trooper Phase 2, Open Front, Red Stripe and Mouth Markings Print",minifigures,Minifig Headwear,Plastic
50995pr0007,"Helmet Clone Trooper Phase 2, Open Front, Dotted Mouth Print",minifigures,Minifig Headwear,Plastic
5100,"Brick Special 20 x 10 x 1 1/3 with Rounded Corners, 4 x 9 Cutout, Pin Holes",bricks,Windscreens and Fuselage,Plastic
51000,Flag 5 x 6 Hexagonal with C Clips,special,"Flags, Banners and Signs",Plastic
51008pr0001,"Mask, Batman Cowl with Cape, Yellow Batman Logo with 3 Center Bottom Points print",minifigures,Minifig Headwear,Plastic
51008pr0002,"Mask, Batman Cowl with Cape, Yellow Batman Logo with 1 Center Bottom Points print",minifigures,Minifig Headwear,Rubber
51011,Tyre 17.5 x 6 with Shallow Staggered Treads,special,Wheels and Tyres,Rubber
5102,"Hose, Pneumatic 4mm D.",special,Tubes and Hoses,Rubber
51026,Clikits Ring / Keyring 3.5 x 3.5,special,Clikits,Plastic
51027,"Clikits Hair Clip, Grip, 5 Teeth per Side",special,Clikits,Plastic
5102c01.875,"Hose, Pneumatic 4mm D. 1.875L / 1.5cm",special,Tubes and Hoses,Rubber
5102c02,"Hose, Pneumatic 4mm D. 2L / 1.6cm",special,Tubes and Hoses,Rubber
5102c02.5,"Hose, Pneumatic 4mm D. 2.5L / 2cm",special,Tubes and Hoses,Rubber
5102c03,"Hose, Pneumatic 4mm D. 3L / 2.4cm",special,Tubes and Hoses,Rubber
5102c03.125,"Hose, Pneumatic 4mm D. 3.125L / 2.5cm",special,Tubes and Hoses,Rubber
5102c03.75,"Hose, Pneumatic 4mm D. 3.75L / 3cm",special,Tubes and Hoses,Rubber
5102c04,"Hose, Pneumatic 4mm D. 4L / 3.2cm",special,Tubes and Hoses,Rubber
5102c04.375,"Hose, Pneumatic 4mm D. 4.375L / 3.5cm",special,Tubes and Hoses,Rubber
5102c05,"Hose, Pneumatic 4mm D. 5L / 4cm",special,Tubes and Hoses,Rubber
5102c06,"Hose, Pneumatic 4mm D. 6L / 4.8cm",special,Tubes and Hoses,Rubber
5102c06.25,"Hose, Pneumatic 4mm D. 6.25L / 5cm",special,Tubes and Hoses,Rubber
5102c06.875,"Hose, Pneumatic 4mm D. 6.875L / 5.5cm",special,Tubes and Hoses,Rubber
5102c07,"Hose, Pneumatic 4mm D. 7L / 5.6cm",special,Tubes and Hoses,Rubber
5102c07.5,"Hose, Pneumatic 4mm D. 7.5L / 6cm",special,Tubes and Hoses,Rubber
5102c08,"Hose, Pneumatic 4mm D. 8L / 6.4cm",special,Tubes and Hoses,Rubber
5102c08.75,"Hose, Pneumatic 4mm D. 8.75L / 7cm",special,Tubes and Hoses,Rubber
5102c09,"Hose, Pneumatic 4mm D. 9L / 7.2cm",special,Tubes and Hoses,Rubber
5102c09.375,"Hose, Pneumatic 4mm D. 9.375L / 7.5cm",special,Tubes and Hoses,Rubber
5102c10,"Hose, Pneumatic 4mm D. 10L / 8cm",special,Tubes and Hoses,Rubber
5102c100,"Hose, Pneumatic 4mm D. 100L",special,Tubes and Hoses,Rubber
5102c11,"Hose, Pneumatic 4mm D. 11L 9cm",special,Tubes and Hoses,Rubber
5102c11.25,"Hose, Pneumatic 4mm D. 11.25L / 9cm",special,Tubes and Hoses,Rubber
5102c12,"Hose, Pneumatic 4mm D. 12L / 9.6cm",special,Tubes and Hoses,Rubber
5102c122,"Hose, Pneumatic 4mm D. 122L",special,Tubes and Hoses,Rubber
5102c12.5,"Hose, Pneumatic 4mm D. 12.5L / 10cm",special,Tubes and Hoses,Rubber
5102c128,"Hose, Pneumatic 4mm D. 128L",special,Tubes and Hoses,Rubber
5102c13,"Hose, Pneumatic 4mm D. 13L / 10.4cm",special,Tubes and Hoses,Rubber
5102c13.75,"Hose, Pneumatic 4mm D. 13.75L / 11cm",special,Tubes and Hoses,Rubber
5102c138,"Hose, Pneumatic 4mm D. 138L",special,Tubes and Hoses,Rubber
5102c14,"Hose, Pneumatic 4mm D. 14L / 11.2cm",special,Tubes and Hoses,Rubber
5102c15,"Hose, Pneumatic 4mm D. 15L / 12cm",special,Tubes and Hoses,Rubber
5102c16,"Hose, Pneumatic 4mm D. 16L",special,Tubes and Hoses,Rubber
5102c16.25,"Hose, Pneumatic 4mm D. 16.25L / 13cm",special,Tubes and Hoses,Rubber
5102c17,"Hose, Pneumatic 4mm D. 17L",special,Tubes and Hoses,Rubber
5102c17.5,"Hose, Pneumatic 4mm D. 17.5L / 14cm",special,Tubes and Hoses,Rubber
5102c18,"Hose, Pneumatic 4mm D. 18L / 144mm",special,Tubes and Hoses,Rubber
5102c18.125,"Hose, Pneumatic 4mm D. 18.125L / 14.5cm",special,Tubes and Hoses,Rubber
5102c18.75,"Hose, Pneumatic 4mm D. 18.75L / 15cm",special,Tubes and Hoses,Rubber
5102c19,"Hose, Pneumatic 4mm D. 19L / 15.2cm",special,Tubes and Hoses,Rubber
5102c195,"Hose, Pneumatic 4mm D. 195L",special,Tubes and Hoses,Rubber
5102c20,"Hose, Pneumatic 4mm D. 20L / 16cm",special,Tubes and Hoses,Rubber
5102c200,"Hose, Pneumatic 4mm D. 200L",special,Tubes and Hoses,Rubber
5102c207,"Hose, Pneumatic 4mm D. 207L",special,Tubes and Hoses,Rubber
5102c21,"Hose, Pneumatic 4mm D. 21L / 16.8cm",special,Tubes and Hoses,Rubber
5102c22.5,"Hose, Pneumatic 4mm D. 22.5L / 18cm",special,Tubes and Hoses,Rubber
5102c23,"Hose, Pneumatic 4mm D. 23L / 18.4cm",special,Tubes and Hoses,Rubber
5102c23.75,"Hose, Pneumatic 4mm D. 23.75L / 19cm",special,Tubes and Hoses,Rubber
5102c24,"Hose, Pneumatic 4mm D. 24L / 19.2cm",special,Tubes and Hoses,Rubber
5102c24.375,"Hose, Pneumatic 4mm D. 24.375L / 19.5cm",special,Tubes and Hoses,Rubber
5102c25,"Hose, Pneumatic 4mm D. 25L / 20cm",special,Tubes and Hoses,Rubber
5102c250,"Hose, Pneumatic 4mm D. 250L",special,Tubes and Hoses,Rubber
5102c26.25,"Hose, Pneumatic 4mm D. 26.25L / 21cm",special,Tubes and Hoses,Rubber
5102c27,"Hose, Pneumatic 4mm D. 27L / 21.6cm",special,Tubes and Hoses,Rubber
5102c27.5,"Hose, Pneumatic 4mm D. 27.5L / 22cm",special,Tubes and Hoses,Rubber
5102c28,"Hose, Pneumatic 4mm D. 28L / 22.4cm",special,Tubes and Hoses,Rubber
5102c28.125,"Hose, Pneumatic 4mm D. 28.125L / 22.5cm",special,Tubes and Hoses,Rubber
5102c29,"Hose, Pneumatic 4mm D. 29L / 232mm",special,Tubes and Hoses,Rubber
5102c30,"Hose, Pneumatic 4mm D. 30L / 24.0cm",special,Tubes and Hoses,Rubber
5102c31,"Hose, Pneumatic 4mm D. 31L / 248mm",special,Tubes and Hoses,Rubber
5102c32,"Hose, Pneumatic 4mm D. 32L / 256mm",special,Tubes and Hoses,Rubber
5102c32.5,"Hose, Pneumatic 4mm D. 32.5L / 26cm",special,Tubes and Hoses,Rubber
5102c33,"Hose, Pneumatic 4mm D. 33L / 26.4cm",special,Tubes and Hoses,Rubber
5102c33.75,"Hose, Pneumatic 4mm D. 33.75L / 27cm",special,Tubes and Hoses,Rubber
5102c36,"Hose, Pneumatic 4mm D. 36L",special,Tubes and Hoses,Rubber
5102c37,"Hose, Pneumatic 4mm D. 37L / 29.6cm",special,Tubes and Hoses,Rubber
5102c38,"Hose, Pneumatic 4mm D. 38L / 30.4cm",special,Tubes and Hoses,Rubber
5102c38.75,"Hose, Pneumatic 4mm D. 38.75L / 31cm",special,Tubes and Hoses,Rubber
5102c39,"Hose, Pneumatic 4mm D. 39L / 31.2cm",special,Tubes and Hoses,Rubber
5102c40,"Hose, Pneumatic 4mm D. 40L / 32.0cm",special,Tubes and Hoses,Rubber
5102c406,"Hose, Pneumatic 4mm D. 406L",special,Tubes and Hoses,Rubber
5102c42,"Hose, Pneumatic 4mm D. 42L",special,Tubes and Hoses,Rubber
5102c42.5,"Hose, Pneumatic 4mm D. 42.5L / 34cm",special,Tubes and Hoses,Rubber
5102c43,"Hose, Pneumatic 4mm D. 43L / 34.6cm",special,Tubes and Hoses,Rubber
5102c43.75,"Hose, Pneumatic 4mm D. 43.75L / 35cm",special,Tubes and Hoses,Rubber
5102c450,"Hose, Pneumatic 4mm D. 450L",special,Tubes and Hoses,Rubber
5102c48,"Hose, Pneumatic 4mm D. 48L / 384mm",special,Tubes and Hoses,Rubber
5102c50,"Hose, Pneumatic 4mm D. 50L / 400mm",special,Tubes and Hoses,Rubber
5102c52,"Hose, Pneumatic 4mm D. 52L / 41.4cm",special,Tubes and Hoses,Plastic
5102c54,"Hose, Pneumatic 4mm D. 54L / 43.2cm",special,Tubes and Hoses,Rubber
5102c60,"Hose, Pneumatic 4mm D. 60L",special,Tubes and Hoses,Rubber
5102c66,"Hose, Pneumatic 4mm D. 66L",special,Tubes and Hoses,Rubber
5102c68,"Hose, Pneumatic 4mm D. 68L",special,Tubes and Hoses,Rubber
5102c75,"Hose, Pneumatic 4mm D. 75L / 600mm",special,Tubes and Hoses,Rubber
5102c76,"Hose, Pneumatic 4mm D. 76L",special,Tubes and Hoses,Rubber
5102c80,"Hose, Pneumatic 4mm D. 80L / 64cm",special,Tubes and Hoses,Rubber
5102c89,"Hose, Pneumatic 4mm D. 89L",special,Tubes and Hoses,Rubber
5103,Fence 1 x 4 x 2 Ornamental Asian Lattice Round with 4 Studs,special,"Bars, Ladders and Fences",Plastic
51034,Clikits Hair Comb with 4 Holes,special,Clikits,Plastic
51035,"Clikits Icon, Rectangle 3L with Pin",special,Clikits,Plastic
51035pr0001,"Clikits Icon, Rectangle 3L with Pin, Palm Tree and Sunset Print",special,Clikits,Plastic
51035pr0002,"Clikits Icon, Rectangle 3L with Pin, Silver 'Best' Print",special,Clikits,Plastic
51035pr0003,"Clikits Icon, Rectangle 3L with Pin, Silver 'Friends' Print",special,Clikits,Plastic
51035pr0004,"Clikits Icon, Rectangle 3L with Pin, with Pearl White Surface",special,Clikits,Plastic
51036,"Clikits Icon, Rectangle 3L with Hole",special,Clikits,Plastic
51036pr0001,"Clikits Icon, Rectangle 3L with Hole, Silver 'Best' Print",special,Clikits,Plastic
51036pr0002,"Clikits Icon, Rectangle 3L with Hole, Silver 'Friends' Print",special,Clikits,Plastic
51041,"Clikits Icon Magnet, Square 2 x 2 Large with Pin",special,Clikits,Plastic
51042,"Clikits Pouch with Zipper and Pull, 3 x 5 Holes Arrangement",special,Clikits,Flexible Plastic
51043,"Clikits Hairbrush 18 x 5, 3 Holes in Handle, Embossed 'Clikits' on Back",special,Clikits,Plastic
51052,"Clikits Bracelet, Jelly 6 x 6",special,Clikits,Plastic
5106,"Minidoll Neckwear, Pointed Shoulder Pads",minifigures,Minifig Neckwear,Plastic
51066,"Leg Mechanical, Droid with Technic Pin - Short [Short Indent]",minifigures,Minifig Lower Body,Plastic
5107,Minidoll Footwear Shoes,minifigures,Minifig Accessories,Plastic
5108,"Hair Short Curly, Flattened",minifigures,Minifig Headwear,Plastic
51106pr0001,"Juniors Midifig, Spider-Man",minifigures,Minifigs,Plastic
51138,"Technic Plate Rotor 3 Blade with Smooth Ends, 6 Studs, 1 Bottom Ridge (Propeller)",technic,Technic Special,Plastic
51149,Technic Changeover Catch - New Style,technic,Technic Special,Plastic
51152,"Belville, Fishtail, Adult with Dark Purple Fins, Dark Purple Spots, Silver Overlay Print, with Top Cuff",special,"Belville, Scala and Fabuland",Cloth
51154,"Belville, Fishtail, Adult with Medium Blue Fins, Medium Blue Spots, Silver Overlay Print",special,"Belville, Scala and Fabuland",Cloth
51155,"Belville, Fishtail, Child with Gold Fins, Dark Pink Spots, Silver Overlay Print",special,"Belville, Scala and Fabuland",Cloth
51156,"Belville, Shawl Fur Trimmed with Snowflake Print",special,"Belville, Scala and Fabuland",Cloth
51158,"Belville, Skirt, Long with Spiders, Web and Fishbones Print with Blue and White Check Apron",special,"Belville, Scala and Fabuland",Cloth
51159,"Belville, Clothes Skirt with White Trim",special,"Belville, Scala and Fabuland",Cloth
51161pr0001,"Belville, Mattress 6 x 14, Blue Stripe Print",special,"Belville, Scala and Fabuland",Cloth
51161pr0002,"Belville, Mattress 6 x 14, Pink Stripe Print",special,"Belville, Scala and Fabuland",Cloth
51163cx1,"Belville, Animal, Dog with Drawer [Complete Assembly]",special,"Belville, Scala and Fabuland",Plastic
51164,"Belville, Animal, Seahorse",special,"Belville, Scala and Fabuland",Plastic
5117,Slope Inverted 45° 6 x 8 Double with Pin Holes on Sides,slopes,Bricks Sloped,Plastic
5118,Aircraft Fuselage 8 x 8 Bottom with 4 Pin Holes,bricks,Windscreens and Fuselage,Plastic
5119,"Slope Inverted 45° 6 x 8 Double with Pin Holes on Sides, 4 x 6 Cutout",slopes,Bricks Sloped,Plastic
5120,Slope 45° 6 x 8 Double with 4 x 8 Cutout,slopes,Bricks Sloped,Plastic
5121,Aircraft Fuselage 6 x 8 Top,bricks,Windscreens and Fuselage,Plastic
51217pr0001,"Minifig Head Special, Wookiee, Warrior with Gold and Silver Print",minifigures,Minifig Heads,Plastic
51219,Sports Minifig Stand Bottom,minifigures,Minifig Accessories,Plastic
5122,"Aircraft Fuselage Curved Forward 6 x 10 Bottom, 2 Pin Holes",bricks,Windscreens and Fuselage,Plastic
5123,Aircraft Fuselage Curved Forward 6 x 8 Bottom with 2 Pin Holes,bricks,Windscreens and Fuselage,Plastic
51239,Window Frame 1 x 3 x 3,bricks,Windows and Doors,Plastic
5124,Aircraft Fuselage Straight Aft Section 6 x 8 x 4 with Opening,bricks,Windscreens and Fuselage,Plastic
51260,"Duplo Building Wall 1 x 8 x 6 with Window Opening, Hinge on Right",bricks,"Duplo, Quatro and Primo",Plastic
51260pr0001,"Duplo Building Wall 1 x 8 x 6 with Window Opening, Hinge on Right with Bricks Print",bricks,"Duplo, Quatro and Primo",Plastic
51261,Duplo Building Wall 1 x 8 x 6 with Door Opening,bricks,"Duplo, Quatro and Primo",Plastic
51261pr0001,"Duplo Building Wall 1 x 8 x 6, with Door Opening and Fire Logo Print",bricks,"Duplo, Quatro and Primo",Plastic
51261pr0002,Duplo Building Wall 1 x 8 x 6 with Door Opening and Bricks (Police) Print,bricks,"Duplo, Quatro and Primo",Plastic
51261pr0003,Duplo Building Wall 1 x 8 x 6 with Door Opening and Mail Horn and Message Board Print,bricks,"Duplo, Quatro and Primo",Plastic
51262,Duplo Plate 8 x 8,bricks,"Duplo, Quatro and Primo",Plastic
51265,Duplo Garbage Can [Dustbin],bricks,"Duplo, Quatro and Primo",Plastic
51266,Glass For Frame 1 x 3 x 3,bricks,Windows and Doors,Plastic
51268,Duplo Axe / Tomahawk with Round Handle and Solid Bottom,bricks,"Duplo, Quatro and Primo",Plastic
51269,Duplo Shovel / Spade with 'D' Handle,bricks,"Duplo, Quatro and Primo",Plastic
51270,"Plant, Pumpkin",special,Plants & Trees,Plastic
51274,"Animal Body Part / Plant, Tail / Neck / Branch / Trunk, Middle Section with Pin, Square Pin Hole",special,Animal / Creature Body Parts,Plastic
51275,Duplo Dirt Compactor with Black Base and Handles,bricks,"Duplo, Quatro and Primo",Plastic
51276,"Clikits Frame, Rectangle 3 x 6 with 12 Holes",special,Clikits,Plastic
51277,Belville Horse Wings,special,Animal / Creature Body Parts,Plastic
51278,"Belville, Creature Body Part, Wings, Fairy",special,"Belville, Scala and Fabuland",Plastic
51280,Sticker Sheet for Set 80103-1,special,Stickers,Plastic
51283,Helmet Round Sphere with Small Hole,minifigures,Minifig Headwear,Plastic
51284,Sticker Sheet for Set 42097-1,special,Stickers,Plastic
51285,"Clikits Container Box, Top / Lid, Square with 1 Hole",special,Clikits,Plastic
51288,Duplo Door 1 x 4 x 4 with Rounded Top and Handle - Castle,bricks,"Duplo, Quatro and Primo",Plastic
51289pr0001,"Duplo Telephone, with Blue Keypad and Display Print",bricks,"Duplo, Quatro and Primo",Plastic
51289pr0002,"Duplo Telephone, Mobile with Keypad with Numbers and Display of Man Print",bricks,"Duplo, Quatro and Primo",Plastic
51289pr0003,"Duplo Telephone, with Green Keypad and Display Print",bricks,"Duplo, Quatro and Primo",Plastic
512pr0001,Train 12V Level Crossing Sign with Red/White Print,special,"Bars, Ladders and Fences",Plastic
51319,Sticker Sheet for Set 42098-1,special,Stickers,Plastic
51341,Sticker Sheet for Set 42099-1,special,Stickers,Plastic
51342,"Creature Body Part, Dragon Wing 19 x 11 [Plain]",special,Animal / Creature Body Parts,Plastic
51342pat0001,"Creature Body Part, Dragon Wing 19 x 11 with Marbled Trans-Brown Pattern",special,Animal / Creature Body Parts,Plastic
51342pat0002,"Creature Body Part, Dragon Wing 19 x 11 with Marbled Trans-Orange Pattern",special,Animal / Creature Body Parts,Plastic
51342pat0003,"Creature Body Part, Dragon Wing 19 x 11 with Marbled Dark Red Pattern",special,Animal / Creature Body Parts,Plastic
51342pat0004,"Creature Body Part, Dragon Wing 19 x 11 with Marbled Bright Light Orange Pattern",special,Animal / Creature Body Parts,Plastic
51342pat0006,"Creature Body Part, Dragon Wing 19 x 11 with Marbled Dark Green Pattern",special,Animal / Creature Body Parts,Plastic
51342pat0007,"Creature Body Part, Dragon Wing 19 x 11 with Marbled Trans-Red Pattern",special,Animal / Creature Body Parts,Plastic
51342pat0008,"Creature Body Part, Dragon Wing 19 x 11 with Marbled Red Pattern",special,Animal / Creature Body Parts,Plastic
51342pat0009,"Creature Body Part, Dragon Wing 19 x 11 with Marbled Black Pattern",special,Animal / Creature Body Parts,Plastic
51342pat0010,"Creature Body Part, Dragon Wing 19 x 11 with Marbled Trans-Dark Pink Pattern",special,Animal / Creature Body Parts,Plastic
51342pat0011,"Creature Body Part, Dragon Wing 19 x 11 with Marbled Trans-Bright Green Pattern",special,Animal / Creature Body Parts,Plastic
51342pat0012,"Creature Body Part, Dragon Wing 19 x 11 with Marbled Trans-Purple Pattern",special,Animal / Creature Body Parts,Plastic
51342pat0014,"Creature Body Part, Dragon Wing 19 x 11 with Marbled Trans-Purple Pattern",special,Animal / Creature Body Parts,Plastic
51344pr0001,"Creature Body Part, Dragon Head Upper Jaw with Three Ridges (Hungarian Horntail)",special,Animal / Creature Body Parts,Plastic
51345pr0001,"Tail, Merman / Mermaid with White Scales Print",minifigures,Minifig Lower Body,Plastic
51345pr0002,"Tail, Merman / Mermaid with Silver Scales Print",minifigures,Minifig Lower Body,Plastic
51345pr0003,"Tail, Merman / Mermaid with White Scales Print",minifigures,Minifig Lower Body,Plastic
51345pr0005,"Tail, Merman / Mermaid with Sand Blue Scales and Pearl Gold Stitches / Jeans Print",minifigures,Minifig Lower Body,Plastic
51345pr0020,"Tail, Merman / Mermaid with Gold Belt, Tan Shell print",minifigures,Minifig Lower Body,Plastic
51347,Sticker Sheet 2 for Set 71044-1,special,Stickers,Plastic
51350,Sticker Sheet 1 for Set 71044-1,special,Stickers,Plastic
51357,Sticker Sheet for Set 80101-1,special,Stickers,Plastic
51377,Wheel 18 x 14 Spoked,special,Wheels and Tyres,Plastic
51378,Wheel Technic Street Bike,special,Wheels and Tyres,Plastic
51379,"Tyre Technic Street Bike Wide, Rear [8420]",special,Wheels and Tyres,Rubber
51380,"Tyre Technic Street Bike Narrow, Front [8420]",special,Wheels and Tyres,Rubber
51383,Duplo Building Roof Support,bricks,"Duplo, Quatro and Primo",Plastic
51385,"Duplo Roof Section 8 x 8 x 8, with Door Opening",bricks,"Duplo, Quatro and Primo",Plastic
51407,"Clikits Icon Accent, Square 3 5/8 x 3 5/8",special,Clikits,Flexible Plastic
51409,"Duplo Light Brick 2 x 2 with White Button, Blue Light",bricks,"Duplo, Quatro and Primo",Plastic
51440,"Hair Long, Spikes",minifigures,Minifig Headwear,Plastic
51445,"Clikits Icon Accent, Square 2 1/2 x 2 1/2",special,Clikits,Flexible Plastic
51450,"Animal Body Part, Bat Torso and Wings, with Bar",special,Animal / Creature Body Parts,Plastic
51451,"Clikits Icon Accent, Circle 2 5/8 x 2 5/8",special,Clikits,Rubber
51460,"Clikits Icon Accent, Circle 2 5/8 x 2 5/8",special,Clikits,Cardboard/Paper
51461a,"Clikits Icon Accent, Circle 3 7/8 x 3 7/8",special,Clikits,Cardboard/Paper
51461b,"Clikits Icon Accent, Circle 3 7/8 x 3 7/8",special,Clikits,Rubber
51462,"Clikits Container Box, Bottom, Square with 1 Hole",special,Clikits,Plastic
51465pr0001,Headwear Accessory Glasses / Goggles Star-Shaped with Black Glasses print,minifigures,Minifig Headwear Accessories,Plastic
51468,Sticker Sheet for Set 4032-9 (Snowflake Version),special,Stickers,Plastic
51482,"Hinge 1 x 2 Locking with 2 Fingers and Towball Socket, 7 Teeth",special,"Hinges, Arms and Turntables",Plastic
5149,Helmet Space for Minidoll,minifigures,Minifig Headwear,Plastic
51493c01,"Pencil Topper, Integrated 2 x 2 Plate with White Clip",plates,Plates Special,Plastic
51493c02,"Pencil Topper, Integrated 2 x 2 Plate with Black Clip",plates,Plates Special,Plastic
51501,"Clikits Icon Accent, Square 2 1/2 x 2 1/2",special,Clikits,Rubber
51502,"Clikits Icon Accent, Square 3 5/8 x 3 5/8",special,Clikits,Rubber
51503,"Clikits Icon Accent, Star 3 1/4 x 3 1/4",special,Clikits,Plastic
51504,"Clikits Envelope, Square",special,Clikits,Cardboard/Paper
51509a,"Clikits Icon, Round 2 x 2 Small with Hole [Polished]",special,Clikits,Plastic
51509b,"Clikits Icon, Round 2 x 2 Small with Hole [Frosted]",special,Clikits,Plastic
5150pr0001,"Animal, Cow, Baby / Calf with Reddish Brown Eyes and White Pupils Print",special,Animals / Creatures,Plastic
5150pr0002,"Animal, Cow, Baby / Calf with Reddish Brown Eyes, Black Spots Print",special,Animals / Creatures,Plastic
5151,"Plant, Fern 3 x 4 x 2",special,Plants & Trees,Plastic
5152,Brick Round Corner 3 x 3 Macaroni with 2 Studs,bricks,Bricks Round and Cones,Plastic
5153,"Animal, Hedgehog Baby [PLAIN]",special,Animals / Creatures,Plastic
51530pr0001,"Clikits Insert 10 x 10 for Frame, List with Pink Background Print",special,Clikits,Cardboard/Paper
51530pr0002,"Clikits Insert 10 x 10 for Frame, 'Daisy' with Surfboard",special,Clikits,Plastic
51530pr0003,"Clikits Insert 10 x 10 for Frame, Flamingos Print",special,Clikits,Plastic
51530pr0004,"Clikits Insert 10 x 10 for Frame, 'Daisy' holding a Daisy Print",special,Clikits,Plastic
51530pr0005,"Clikits Insert 10 x 10 for Frame, 'Star' Print",special,Clikits,Plastic
51530pr0006,"Clikits Insert 10 x 10 for Frame, 'Daisy' Winking Print",special,Clikits,Cardboard/Paper
51530pr0007,"Clikits Insert 10 x 10 for Frame, 'Daisy' Hawaiian Hula Print",special,Clikits,Cardboard/Paper
51530pr0008,"Clikits Insert 10 x 10 for Frame, 'Heart' with Light Green Background Print",special,Clikits,Cardboard/Paper
51530pr0009,"Clikits Insert 10 x 10 for Frame, 'Heart' with Pink Background Print",special,Clikits,Cardboard/Paper
51530pr0010,"Clikits Insert 10 x 10 for Frame, 'Star' on Dark Pink Background with Squares and Star Print",special,Clikits,Cardboard/Paper
51530pr0011,"Clikits Insert 10 x 10 for Frame, List with Yellow Background Print",special,Clikits,Cardboard/Paper
51530pr0012,"Clikits Insert 10 x 10 for Frame, List with Blue Background Print",special,Clikits,Cardboard/Paper
51530pr0014,"Clikits Insert 10 x 10 for Frame, Christmas Tree Print",special,Clikits,Cardboard/Paper
51530pr0015,"Clikits Insert 10 x 10 for Frame, 'Daisy' Holding a Flower Print",special,Clikits,Cardboard/Paper
5153pr0001,"Animal, Hedgehog Baby with Tan Face print",special,Animals / Creatures,Plastic
51542,Baseplate Raised 32 x 48 x 6 with Level Front,plates,Baseplates,Plastic
51546,Duplo Train Locomotive Cabin Roof 2 x 4 Studs,bricks,"Duplo, Quatro and Primo",Plastic
51547,Duplo Train Cab / Tender Base,bricks,"Duplo, Quatro and Primo",Plastic
51547pr0001,Duplo Train Cab / Tender Base With Red Door (Thomas & Friends Gordon) Print,bricks,"Duplo, Quatro and Primo",Plastic
51547pr0002,"Duplo Train Cab / Tender Base with ""Salty 2991"" and Warning Bars print",bricks,"Duplo, Quatro and Primo",Plastic
51547pr0003,Duplo Train Cab / Tender Base with Black Door Lines Spencer,bricks,"Duplo, Quatro and Primo",Plastic
51547pr0004,Duplo Train Cab / Tender Base with Black Lines Print Spencer,bricks,"Duplo, Quatro and Primo",Plastic
51547pr0005,Duplo Train Cab / Tender Base 4 x 4 x 1.5 with Thomas & Friends Percy Print,bricks,"Duplo, Quatro and Primo",Plastic
51547pr0006,Duplo Train Cab / Tender Base with Bottom Tube and Thomas & Friends Toby #7 Print,bricks,"Duplo, Quatro and Primo",Plastic
51547pr0007,"Duplo Train Cab / Tender Base with Bottom Tube, and Thomas & Friends Gordon #4 Print",bricks,"Duplo, Quatro and Primo",Plastic
51547pr0008,"Duplo Train Cab / Tender Base with Bottom Tube, and Thomas & Friends Stanley Print",bricks,"Duplo, Quatro and Primo",Plastic
51547pr0009,Duplo Train Cab / Tender Base Thomas & Friends James #5 Print,bricks,"Duplo, Quatro and Primo",Plastic
51547pr0010,Duplo Train Cab / Tender Base Thomas & Friends James Print,bricks,"Duplo, Quatro and Primo",Plastic
51547pr0011,"Duplo Train Cab / Tender Base, Thomas & Friends Thomas, No. 1 Print",bricks,"Duplo, Quatro and Primo",Plastic
51547pr0012,"Duplo Train Cab / Tender Base with Red Train and Stripe, and '83578' Print",bricks,"Duplo, Quatro and Primo",Plastic
51547pr0013,Duplo Train Cab / Tender Base with Bottom Tube and '52088' Locomotive Print,bricks,"Duplo, Quatro and Primo",Plastic
51547pr0014,Duplo Train Cab / Tender Base with Bottom Tube and '50422' Print,bricks,"Duplo, Quatro and Primo",Plastic
51548pr0001,"Duplo Train Cab, Upper Section with Thomas & Friends Toby Print",bricks,"Duplo, Quatro and Primo",Plastic
51548pr0002,"Duplo Train Cab Upper Section, with 'Cargo' Print",bricks,"Duplo, Quatro and Primo",Plastic
51548pr0003,"Duplo Train Cab Upper Section with Axe, Ladder & Fire Print",bricks,"Duplo, Quatro and Primo",Plastic
51548pr0004,Duplo Train Cab Upper Section with Carriage Print,bricks,"Duplo, Quatro and Primo",Plastic
51548pr0005,"Duplo Train Cab, Upper Section with Thomas & Friends Spencer Print",bricks,"Duplo, Quatro and Primo",Plastic
51553pr0001,Duplo Train Locomotive Front with Three Yellow Headlights Print,bricks,"Duplo, Quatro and Primo",Plastic
51554pr0001,"Duplo Train Locomotive Front with Silver Headlight, 10508 and V Stripes Print",bricks,"Duplo, Quatro and Primo",Plastic
51554pr0002,Duplo Train Locomotive Front with Silver Headlight and Diagonal Stripes Print,bricks,"Duplo, Quatro and Primo",Plastic
51557,Duplo Train Tipper 2 x 4 with Curved Sides (Skip),bricks,"Duplo, Quatro and Primo",Plastic
51558,Duplo Train Tipper Holder 4 x 8 (Skip Holder),bricks,"Duplo, Quatro and Primo",Plastic
51559,Duplo Bridge Girder,bricks,"Duplo, Quatro and Primo",Plastic
51560,Duplo Train Track Switcher with Red Switch,bricks,"Duplo, Quatro and Primo",Plastic
51574,"Duplo Figure with Cowboy Hat, Blue Legs, and Cow Skin Vest Print (Woody)",special,"Non-Buildable Figures (Duplo, Fabuland, etc)",Plastic
51575,RC Car Parts Separator Tool [Metal],special,Tools,Metal
51585,"Duplo Figure with White Legs and Lime Space Suit, Light Nougat Face Print (Buzz Lightyear)",special,"Non-Buildable Figures (Duplo, Fabuland, etc)",Plastic
51591,"Animal, Reindeer with Antlers",special,Animals / Creatures,Plastic
51591pr0001,"Animal, Reindeer with Dark Brown Antlers, White Front",special,Animals / Creatures,Plastic
51595,Baseplate 16 x 16 Road / Driveway [Plain],plates,Baseplates,Plastic
51595pr0001,Baseplate 16 x 16 Road / Driveway with Police White Star Badge Print,plates,Baseplates,Plastic
51595pr0002,Baseplate 16 x 16 Road / Driveway with Yellow Truck Print,plates,Baseplates,Plastic
51595pr0003,Baseplate 16 x 16 Road / Driveway with Yellow Triangle Print,plates,Baseplates,Plastic
51595pr0004,Baseplate 16 x 16 Road / Driveway with White Stripes Print,plates,Baseplates,Plastic
5161pr0001,"Animal, Dog, Big with Wrinkles Face print (Fang)",special,Animals / Creatures,Plastic
51625,Sticker Sheet for Set 4032-1,special,Stickers,Plastic
5162pr0001,"Creature, Dragon, Baby with Yellow Eyes print (Norbert)",special,Animals / Creatures,Plastic
51635,Minifig Toa Metru Whenua,minifigures,Minifigs,Plastic
51636,Minifig Toa Metru Matau,minifigures,Minifigs,Plastic
51637,Minifig Toa Metru Vakama,minifigures,Minifigs,Plastic
51638,Minifig Toa Metru Nokama,minifigures,Minifigs,Plastic
51639,Minifig Toa Metru Onewa,minifigures,Minifigs,Plastic
51640,Minifig Toa Metru Nuju,minifigures,Minifigs,Plastic
51641,Weapon Staff (Nokama),minifigures,"Minifig Shields, Weapons, & Tools",Plastic
51642,Weapon Staff (Onewa),minifigures,"Minifig Shields, Weapons, & Tools",Plastic
51643,"Weapon Staff, with Ball and Point Ends (Nuju)",minifigures,"Minifig Shields, Weapons, & Tools",Plastic
51644,Weapon Staff (Matau),minifigures,"Minifig Shields, Weapons, & Tools",Plastic
51645,Weapon Staff (Vakama),minifigures,"Minifig Shields, Weapons, & Tools",Plastic
51648,Sticker Sheet 1 for Set 5960-1,special,Stickers,Plastic
51649,Sticker Sheet for Set 5963-1,special,Stickers,Plastic
51650,Sticker Sheet 2 for Set 5960-1,special,Stickers,Plastic
51660pr0001,"Clikits Notepad, Pink with Dark Pink and White Squares Border",special,Clikits,Cardboard/Paper
51660pr0002,"Clikits Memo Pad with Pink with Dotted Lines and Blue Border, Heart, Star, and Flower Print",special,Clikits,Cardboard/Paper
51661,Wheel 72 x 34 RC Inner Tire Support Ring,special,Wheels and Tyres,Plastic
51662c01,"Policeman, Dark Blue Shirt with Radio and Badge, Black Legs, Black Hair on Key Chain, Glued",technic,Gear Parts,Plastic
51663,Weapon Staff (Whenua),minifigures,"Minifig Shields, Weapons, & Tools",Plastic
51670,Sticker Sheet for Set 75258-1,special,Stickers,Plastic
51674,"Clikits Icon, Shell 2 x 2 with Hole",special,Clikits,Plastic
51675,"Clikits Icon, Shell 2 x 2 with Pin",special,Clikits,Plastic
51675pr0001,"Clikits Icon, Shell 2 x 2 with Pin, Sky Blue Highlights Print",special,Clikits,Plastic
51675pr0002,"Clikits Icon, Shell 2 x 2 with Pin, Medium Orange Highlights Print",special,Clikits,Plastic
51676,"Clikits Icon, Butterfly 2 x 2 with Hole",special,Clikits,Plastic
51677pr0001,"Clikits Icon, Butterfly 2 x 2 with Pin, Purple Body & Dark Pink Wings Print",special,Clikits,Plastic
51677pr0002,"Clikits Icon, Butterfly 2 x 2 with Pin, Purple Body & Yellow Wings Print",special,Clikits,Plastic
51677pr0003,"Clikits Icon, Butterfly 2 x 2 with Pin, Yellow Body & Dark Pink on Wings Print",special,Clikits,Plastic
51677pr0004,"Clikits Icon, Butterfly 2 x 2 with Pin, Dark Pink Body and Wings Print",special,Clikits,Plastic
51686,"Clikits Ring, Wide Band with Hole in Top",special,Clikits,Plastic
51686pat0001,"Clikits Ring, Wide Band with Hole in Top, Pearlescent Light Pink Surface Pattern",special,Clikits,Plastic
51689,"Creature Body Part, Varactyl Head, 'Boga'",special,Animal / Creature Body Parts,Plastic
51695,Duplo Building Wall 1 x 8 x 8 with Door Opening - Castle,bricks,"Duplo, Quatro and Primo",Plastic
51697,Duplo Building Wall 1 x 8 x 8 with Window Opening - Castle,bricks,"Duplo, Quatro and Primo",Plastic
51698,Duplo Plate 3 x 4 x 2 1/3 Rampart,bricks,"Duplo, Quatro and Primo",Plastic
51702,Duplo Door Sliding Grille 6 x 7,bricks,"Duplo, Quatro and Primo",Plastic
51703,"Duplo Wave (Fire, Water, Flame) 2 x 1 x 5 with Non-Marbled Tip",bricks,"Duplo, Quatro and Primo",Plastic
51703pr0001,"Duplo Wave (Fire, Water, Flame) 2 x 1 x 5 with Marbled Bright Light Orange Tip",bricks,"Duplo, Quatro and Primo",Plastic
51703pr0002,"Duplo Wave (Fire, Water, Flame) 2 x 1 x 5 with Marbled White Tip",bricks,"Duplo, Quatro and Primo",Plastic
51704,Duplo Brick 2 x 10 x 2 Arch,bricks,"Duplo, Quatro and Primo",Plastic
51704pr0001,Duplo Brick 2 x 10 x 2 Arch with Gold Vines with Leaves and 'C' in Shield print,bricks,"Duplo, Quatro and Primo",Plastic
51704pr0002,Duplo Brick 2 x 10 x 2 Arch with Ornaments and Shield Print,bricks,"Duplo, Quatro and Primo",Plastic
51704pr0003,Duplo Brick 2 x 10 x 2 Arch with Car Wash Logo and Red Arrows Print,bricks,"Duplo, Quatro and Primo",Plastic
51704pr0004,Duplo Brick 2 x 10 x 2 Arch with Dark Bluish Grey Stone Arch Print,bricks,"Duplo, Quatro and Primo",Plastic
51704pr0005,Duplo Brick 2 x 10 x 2 Arch with Dark Azure Stone Arch and Gold Police Badge Print,bricks,"Duplo, Quatro and Primo",Plastic
51704pr0006,Duplo Brick 2 x 10 x 2 Arch with 'JURASSIC WORLD' Print,bricks,"Duplo, Quatro and Primo",Plastic
51704pr9995,"Duplo Brick 2 x 10 x 2 Arch with Small Bricks, Police Badge Print",bricks,"Duplo, Quatro and Primo",Plastic
51704pr9996,Duplo Brick 2 x 10 x 2 Arch with Red and Yellow 'CIRCUS' Print,bricks,"Duplo, Quatro and Primo",Plastic
51704pr9997,"Duplo Brick 2 x 10 x 2 Arch with Large Bricks, Police Badge Print",bricks,"Duplo, Quatro and Primo",Plastic
51704pr9998,Duplo Brick 2 x 10 x 2 Arch with Girder Print,bricks,"Duplo, Quatro and Primo",Plastic
51704pr9999,Duplo Brick 2 x 10 x 2 Arch with Stonework Print,bricks,"Duplo, Quatro and Primo",Plastic
51705,Duplo Plate 8 x 8 with Trap Door Opening,bricks,"Duplo, Quatro and Primo",Plastic
51706,Duplo Trap Door Grate 4 x 4,bricks,"Duplo, Quatro and Primo",Plastic
51708,Duplo Flagpole / Antenna 1 x 9,bricks,"Duplo, Quatro and Primo",Plastic
5170pr0001,"Animal, Goat with Dark Tan Horns print",special,Animals / Creatures,Plastic
5170pr0002,"Animal, Goat with Tan Horns print",special,Animals / Creatures,Plastic
5170pr0003,"Animal, Goat with Dark Tan Horns, Bright Light Blue Spots''10' print",special,Animals / Creatures,Plastic
51710pr0001,Duplo Horse Barding with Silver Armor and Dragon with Red and Yellow Background Print,bricks,"Duplo, Quatro and Primo",Plastic
51710pr0002,Duplo Horse Barding with Silver Armor and Lion and Crown with Blue and Yellow Background Print,bricks,"Duplo, Quatro and Primo",Plastic
51711pr0001,"Duplo Shield, Angled Triangle with Lion Looking Right and Crown on Yellow and Blue Background Print",bricks,"Duplo, Quatro and Primo",Plastic
51711pr0002,"Duplo Shield, Angled Triangle with Black Dragon on Yellow and Red Background Print",bricks,"Duplo, Quatro and Primo",Plastic
51711pr0003,"Duplo Shield, Angled Triangle with Phoenix Print",bricks,"Duplo, Quatro and Primo",Plastic
51711pr0004,"Duplo Shield, Angled Triangle with Lion Looking Left and Crown on Yellow and Blue Background Print",bricks,"Duplo, Quatro and Primo",Plastic
51714,"Duplo Sword, Thick",bricks,"Duplo, Quatro and Primo",Plastic
51715,"Primo Flower Top, 5 Petals",bricks,"Duplo, Quatro and Primo",Plastic
51725,Duplo Flag Wavy 2 x 5 with Slits,bricks,"Duplo, Quatro and Primo",Plastic
51725pr0001,Duplo Flag Wavy 2 x 5 with Castle Dragon Print,bricks,"Duplo, Quatro and Primo",Plastic
51725pr0002,Duplo Flag Wavy 2 x 5 with Lion and Crown Print,bricks,"Duplo, Quatro and Primo",Plastic
51725pr0003,Duplo Flag 2 x 5 with White Airplane in Circle on Both Sides Print,bricks,"Duplo, Quatro and Primo",Plastic
51725pr0004,Duplo Flag Wavy 2 x 5 with Skull and Crossed Swords Print,bricks,"Duplo, Quatro and Primo",Plastic
51725pr0005,Duplo Flag Wavy 2 x 5 with Chequered Print,bricks,"Duplo, Quatro and Primo",Plastic
51725pr0006,Duplo Flag Wavy 2 x 5 with Skull and Crossbones Print,bricks,"Duplo, Quatro and Primo",Plastic
51725pr0007,Duplo Flag Wavy 2 x 5 with Globe Print,bricks,"Duplo, Quatro and Primo",Plastic
51725pr0008,Duplo Flag Wavy 2 x 5 with Red Phoenix and Yellow Fire Print,bricks,"Duplo, Quatro and Primo",Plastic
51725pr0009,Duplo Flag Wavy 2 x 5 with White Chequered Print,bricks,"Duplo, Quatro and Primo",Plastic
51727pr0001,"Duplo Armor with Silver Helmet with Black Top, and Red and Yellow Breastplate and Dragon Print",bricks,"Duplo, Quatro and Primo",Plastic
51727pr0002,"Duplo Armor with Black Helmet with Silver Top, and Red and Yellow Breastplate and Dragon Print",bricks,"Duplo, Quatro and Primo",Plastic
51727pr0003,"Duplo Armor with Gold Helmet, and Gold Breastplate and Phoenix Print",bricks,"Duplo, Quatro and Primo",Plastic
51727pr0004,"Duplo Armor with Gold Helmet with Black Top, with White Rivets and Phoenix Print",bricks,"Duplo, Quatro and Primo",Plastic
51728pr0001,Duplo Armor with Blue Top Feather and Blue and Yellow Breastplate with Lion and Crown Print,bricks,"Duplo, Quatro and Primo",Plastic
51728pr0002,Duplo Armor with Yellow Top Feather and Blue and Yellow Breastplate with Lion and Crown Print,bricks,"Duplo, Quatro and Primo",Plastic
51728pr0003,Duplo Armor with White Top Feather and Blue and Yellow Breastplate with Lion and Crown Print,bricks,"Duplo, Quatro and Primo",Plastic
51731,Duplo Spiked Flail / Mace,bricks,"Duplo, Quatro and Primo",Plastic
51732,Duplo Brick 4 x 3 x 3 Wry Inverted,bricks,"Duplo, Quatro and Primo",Plastic
51739,Wedge Plate 2 x 4,plates,Plates Angled,Plastic
5174,Brick Curved Double 2 x 4 Inverted,bricks,Bricks Curved,Plastic
51741pr0001,Duplo Figure with Rounded Head with Skeleton / Ghost Print,special,"Non-Buildable Figures (Duplo, Fabuland, etc)",Plastic
51741pr0002,"Duplo Figure with Rounded Head with Dark Bluish Gray Legs, Blue Chest, White Arms, Dark Bluish Gray Hands",special,"Non-Buildable Figures (Duplo, Fabuland, etc)",Plastic
51741pr0003,"Duplo Figure with Rounded Head with Dark Bluish Gray Legs, White Chest, Yellow Arms, Dark Bluish Gray Hands",special,"Non-Buildable Figures (Duplo, Fabuland, etc)",Plastic
51741pr0004,"Duplo Figure with Rounded Head with Black Legs, Red Chest, Bright Light Orange Arms, Dark Bluish Gray Hands",special,"Non-Buildable Figures (Duplo, Fabuland, etc)",Plastic
51741pr0005,"Duplo Figure with Rounded Head with Black Legs, Black Dragon on Shield, Red Arms, Dark Bluish Gray Hands, Smile Print",special,"Non-Buildable Figures (Duplo, Fabuland, etc)",Plastic
51741pr0006,"Duplo Figure with Rounded Head with Dark Bluish Gray Legs, White Chest, Blue Arms, Dark Bluish Gray Hands (Old Knight)",special,"Non-Buildable Figures (Duplo, Fabuland, etc)",Plastic
51741pr0007,"Duplo Figure with Rounded Head with Dark Bluish Gray Legs, Brown Chest, Dark Bluish Gray Arms, Dark Bluish Gray Hands (Phoenix Soldier)",special,"Non-Buildable Figures (Duplo, Fabuland, etc)",Plastic
51741pr0008,"Duplo Figure with Rounded Head with Black Legs, Dark Bluish Gray Chest with Brown Belts, Dark Bluish Gray Arms, Dark Bluish Gray Hands",special,"Non-Buildable Figures (Duplo, Fabuland, etc)",Plastic
51741pr0009,"Duplo Figure with Rounded Head with Black Legs, Red Chest with Dragon Shield, Bright Light Orange Arms and Hands, Stubble and Open Mouth",special,"Non-Buildable Figures (Duplo, Fabuland, etc)",Plastic
51741pr0010,"Duplo Figure with Rounded Head with Black Legs, Bright Light Orange Chest, Red Arms and Hands, Wide Crooked Grin",special,"Non-Buildable Figures (Duplo, Fabuland, etc)",Plastic
51741pr0011,"Duplo Figure with Rounded Head with Dark Green Legs, Chest Belt with Dynamite, Eyepatch Print (Pirate)",special,"Non-Buildable Figures (Duplo, Fabuland, etc)",Plastic
51741pr0012,"Duplo Figure with Rounded Head with Black Legs, Red Chest, Bright Light Orange Arms and Hands, Smirk",special,"Non-Buildable Figures (Duplo, Fabuland, etc)",Plastic
51741pr0013,"Duplo Figure with Rounded Head with Black Legs, Bright Light Orange Chest, Red Arms and Hands",special,"Non-Buildable Figures (Duplo, Fabuland, etc)",Plastic
51741pr0014,"Duplo Figure with Rounded Head with Dark Bluish Gray Legs, Blue Arms and Hands",special,"Non-Buildable Figures (Duplo, Fabuland, etc)",Plastic
51741pr0015,"Duplo Figure with Rounded Head with Dark Bluish Gray Legs, Yellow Arms and Hands",special,"Non-Buildable Figures (Duplo, Fabuland, etc)",Plastic
51741pr0016,"Duplo Figure with Rounded Head with Black Legs, Black Dragon with Bright Light Orange Background, Bright Light Orange Arms and Hands, Smile Print",special,"Non-Buildable Figures (Duplo, Fabuland, etc)",Plastic
51741pr0017,"Duplo Figure with Rounded Head with Dark Bluish Gray Legs, Scalemail Armor, Dark Bluish Gray Arms, White Hands",special,"Non-Buildable Figures (Duplo, Fabuland, etc)",Plastic
51741pr0018,"Duplo Figure with Rounded Head with Peg Leg, Jacket with Ascot, Eyepatch Print (Pirate)",special,"Non-Buildable Figures (Duplo, Fabuland, etc)",Plastic
51741pr0019,"Duplo Figure with Rounded Head with Black Legs, Black Dragon on Shield, Red Arms, Dark Bluish Gray Hands, Angry Print",special,"Non-Buildable Figures (Duplo, Fabuland, etc)",Plastic
51741pr0020,"Duplo Figure with Rounded Head with Dark Bluish Gray Legs, White Chest, Dark Bluish Gray Arms, Blue Hands (Old Knight)",special,"Non-Buildable Figures (Duplo, Fabuland, etc)",Plastic
51741pr0021,"Duplo Figure with Rounded Head with Dark Bluish Gray Legs, Yellow Crown on Black Background, Blue Arms and Hands",special,"Non-Buildable Figures (Duplo, Fabuland, etc)",Plastic
51741pr0022,"Duplo Figure with Rounded Head with Dark Bluish Gray Legs, White Chest, Dark Bluish Gray Arms, Yellow Hands",special,"Non-Buildable Figures (Duplo, Fabuland, etc)",Plastic
51742,Sticker Sheet 3 for Set 10152-1,special,Stickers,Plastic
51744,Sticker Sheet 2 for Set 10152-1 (2004/2005 Version),special,Stickers,Plastic
51745,Sticker Sheet 1 for Set 10152-1 (2004/2005 Version),special,Stickers,Plastic
5174pr0001,"Brick Curved Double 2 x 4 Inverted with Animal Face, Bright Pink Cheeks print",bricks,Bricks Curved,Plastic
5174pr0002,"Brick Curved Double 2 x 4 Inverted with Kitten/Cat Face, Dark Orange Cheeks print",bricks,Bricks Curved,Plastic
5174pr0004,"Brick Curved Double 2 x 4 Inverted with Bunny/Rabbit Face, Bright Pink Nose print",bricks,Bricks Curved,Plastic
5174pr0005,"Brick Curved Double 2 x 4 Inverted with Bunny/Rabbit Face, Dark Orange Nose print",bricks,Bricks Curved,Plastic
5174pr0006,"Brick Curved Double 2 x 4 Inverted, Curved Line / Smile Print",bricks,Bricks Curved,Plastic
5175,Bracket 2 x 4 - 1 x 4,plates,Plates Special,Plastic
51786,Duplo Crossbow (51786),bricks,"Duplo, Quatro and Primo",Plastic
51796,Body from Nestle Promo Figure - Jayko with Glaive and Shield,special,"Non-Buildable Figures (Duplo, Fabuland, etc)",Plastic
51797,Body from Nestle Promo Figure - Shadow Knight with Spear and Shield,special,"Non-Buildable Figures (Duplo, Fabuland, etc)",Plastic
51798,Body from Nestle Promo Figure - Danju with Mace and Shield,special,"Non-Buildable Figures (Duplo, Fabuland, etc)",Plastic
51799,Body from Nestle Promo Figure - Rascus with Axe and Shield,special,"Non-Buildable Figures (Duplo, Fabuland, etc)",Plastic
518,Weapon Cannon Non Shooting,minifigures,"Minifig Shields, Weapons, & Tools",Plastic
51800,Body from Nestle Promo Figure - Jayko with Sword and Shield,special,"Non-Buildable Figures (Duplo, Fabuland, etc)",Plastic
51801,Body from Nestle Promo Figure - Santus with Sword and Shield,special,"Non-Buildable Figures (Duplo, Fabuland, etc)",Plastic
51802,Weapon Glaive from Nestle Promo Figure,minifigures,"Minifig Shields, Weapons, & Tools",Plastic
51803,Weapon Spear from Nestle Promo Figure (Shadow Knight),minifigures,"Minifig Shields, Weapons, & Tools",Plastic
51804,Weapon Mace from Nestle Promo Figure (Danju),minifigures,"Minifig Shields, Weapons, & Tools",Plastic
51805,Weapon Axe from Nestle Promo Figure,minifigures,"Minifig Shields, Weapons, & Tools",Plastic
51806,Weapon Sword from Nestle Promo Figure (Jayko),minifigures,"Minifig Shields, Weapons, & Tools",Plastic
51807,Weapon Sword from Nestle Promo Figure (Santus),minifigures,"Minifig Shields, Weapons, & Tools",Plastic
51808,Shield from Nestle Promo Figure - Jayko with Glaive and Shield,minifigures,"Minifig Shields, Weapons, & Tools",Plastic
51810,Shield from Nestle Promo Figure - Shadow Knight with Spear and Shield,minifigures,"Minifig Shields, Weapons, & Tools",Plastic
51811,Shield from Nestle Promo Figure - Danju with Mace and Shield,minifigures,"Minifig Shields, Weapons, & Tools",Plastic
51812,Shield from Nestle Promo Figure - Rascus with Axe and Shield,minifigures,"Minifig Shields, Weapons, & Tools",Plastic
51813,Shield from Nestle Promo Figure - Jayko with Sword and Shield,minifigures,"Minifig Shields, Weapons, & Tools",Plastic
51814,Shield from Nestle Promo Figure - Santus with Sword and Shield,minifigures,"Minifig Shields, Weapons, & Tools",Plastic
51833,Sticker Sheet for Set 4032-3,special,Stickers,Plastic
51843,Sticker Sheet for Set 4942-1,special,Stickers,Plastic
51844,Sticker Sheet for Set 4946-1,special,Stickers,Plastic
51845,Sticker Sheet for Set 4944-1,special,Stickers,Plastic
51846,Sticker Sheet for Set 4941-1,special,Stickers,Plastic
51847,Sticker Sheet for Set 4945-1,special,Stickers,Plastic
51848,Sticker Sheet for Set 4943-1,special,Stickers,Plastic
51858,Crane Basket 2 x 3 x 2 with Locking Hinge Fingers,special,"Supports, Girders and Cranes",Plastic
51869,"Sticker Sheet for Sets 7256-1, 7283-1",special,Stickers,Plastic
5187,Helmet Knight with Bat Wings,minifigures,Minifig Headwear,Plastic
51874,"Creature Body Part, Dragon Tail End",special,Animal / Creature Body Parts,Plastic
51874a,"Creature Body Part, Dragon Tail End, Stopper Ring",special,Animal / Creature Body Parts,Plastic
51874apat0004,"Creature Body Part, Dragon Tail Barbed, Stopper Ring with Marbled Black Pattern",special,Animal / Creature Body Parts,Plastic
51874pat0001,"Creature Body Part, Dragon Tail Barbed with Marbled Trans-Brown Pattern",special,Animal / Creature Body Parts,Plastic
51874pat0002,"Creature Body Part, Dragon Tail Barbed with Marbled Red Pattern",special,Animal / Creature Body Parts,Plastic
51874pat0003,"Creature Body Part, Dragon Tail Barbed with Marbled Metallic Gold Pattern",special,Animal / Creature Body Parts,Plastic
5188,"Hair and Hat, Fedora",minifigures,Minifig Headwear,Plastic
51895,Sticker Sheet for Set 8642-1,special,Stickers,Plastic
51896a,Sticker Sheet for Set 8644-1,special,Stickers,Plastic
51896b,Sticker Sheet for Set 8641-1,special,Stickers,Plastic
51896c,Sticker Sheet for Set 8643-1,special,Stickers,Plastic
5189pr0001,"Animal, Dog Afghan Hound with Dark Bluish Grey Noes, Ears print",special,Animals / Creatures,Plastic
51904,Sticker Sheet for Set 70828-1,special,Stickers,Plastic
51907,Duplo Horse Battle Helmet,bricks,"Duplo, Quatro and Primo",Plastic
51926,Sticker Sheet 1 for Set 41380-1,special,Stickers,Plastic
51928,Sticker Sheet 2 for Set 41380-1,special,Stickers,Plastic
51937,"Large Figure Cape, 2 Holes",special,Large Buildable Figures,Cloth
51957,Duplo Garbage Container with Black Handle,bricks,"Duplo, Quatro and Primo",Plastic
5195pr0001,"Mask, Dragon with Horns and Black Eyes print",minifigures,Minifig Headwear,Plastic
51985,Sticker Sheet for Set 4032-4,special,Stickers,Plastic
51991,"Creature, Visorak [Undetermined Type]",special,Large Buildable Figures,Plastic
51991a,"Creature, Visorak Boggarak",special,Large Buildable Figures,Plastic
51991b,"Creature, Visorak Keelerak",special,Large Buildable Figures,Plastic
51991c,"Creature, Visorak Oohnorak",special,Large Buildable Figures,Plastic
51991d,"Creature, Visorak Roporak",special,Large Buildable Figures,Plastic
51991e,"Creature, Visorak Suukorak",special,Large Buildable Figures,Plastic
51991f,"Creature, Visorak Vohtarak",special,Large Buildable Figures,Plastic
51996,Duplo Broadaxe,bricks,"Duplo, Quatro and Primo",Plastic
51pr0001,Technic Panel Dome 6 x 6 x 5 2/3 with R2-D2 No Eye Print,technic,Technic Panels,Plastic
51pr0002,Technic Panel Dome 6 x 6 x 5 2/3 with R2-D2 Eye Print,technic,Technic Panels,Plastic
51,Technic Panel Dome 6 x 6 x 5 2/3,technic,Technic Panels,Plastic
5200,"Helmet Space, Flat",minifigures,Minifig Headwear,Plastic
52005,Sticker Sheet for Set 4032-6,special,Stickers,Plastic
52015pr0001,"Primo Flower Stem, Yellow Head with Smiley Face print",bricks,"Duplo, Quatro and Primo",Plastic
52015pr0002,"Primo Flower Stem, Orange Head with Smiley Face print",bricks,"Duplo, Quatro and Primo",Plastic
5201pr0001,Minifig Neckwear Space Suit with Classic Space Logo print,minifigures,Minifig Neckwear,Plastic
52022,Sticker Sheet for Set 60239-1,special,Stickers,Plastic
52024,"Duplo Building Wall, 4 x 6 x 6 Curved Turret (Castle)",bricks,"Duplo, Quatro and Primo",Plastic
52025,Duplo Roof Spire,bricks,"Duplo, Quatro and Primo",Plastic
52027,Duplo Building Turret Top - Castle,bricks,"Duplo, Quatro and Primo",Plastic
52028,Sticker Sheet for Set 60240-1,special,Stickers,Plastic
52029,Sticker Sheet for Set 3420-4,special,Stickers,Plastic
52031,Slope Curved 4 x 6 x 2/3 Triple Curved with 4 Studs,bricks,Bricks Curved,Plastic
52031pr0001,"Slope Curved 4 x 6 x 2/3 Triple Curved with 4 Studs and Black/Light Bluish Gray/Red Markings, 'IN-MN7', 'Audi'",bricks,Bricks Curved,Plastic
52031pr0002,"Slope Curved 4 x 6 x 2/3 Triple Curved with 4 Studs and Black/Red Markings, 'MOTUL', 'NISSAN', 'NISMO'",bricks,Bricks Curved,Plastic
52031pr0003,Slope Curved 4 x 6 x 2/3 Triple Curved with 4 Studs and 'RESCUE' and Vet Logo with Paw Print,bricks,Bricks Curved,Plastic
52031pr0004,Slope Curved 4 x 6 x 2/3 Triple Curved with 4 Studs with Dark Turquoise Star of Life print,bricks,Bricks Curved,Plastic
52031pr0005,Slope Curved 4 x 6 x 2/3 Triple Curved with 4 Studs with Red Flames on Silver Shield print [Fire Fighters],bricks,Bricks Curved,Plastic
52031pr0006,Slope Curved 4 x 6 x 2/3 Triple Curved with 4 Studs with Black Broken Heart print,bricks,Bricks Curved,Plastic
52031pr0007,Slope Curved 4 x 6 x 2/3 Triple Curved with 4 Studs with Black '10' print,bricks,Bricks Curved,Plastic
52031pr0008,Slope Curved 4 x 6 x 2/3 Triple Curved with 4 Studs with Gold '7' print,bricks,Bricks Curved,Plastic
52035,"Fairing, Motorcycle, Modern",special,Transportation - Land,Plastic
52036,Vehicle Base 4 x 12 x 3/4 with 4 x 2 Recessed Center with Smooth Underside,special,Transportation - Land,Plastic
52037,Vehicle Base 6 x 16 x 2/3 with 4 x 4 Recessed Center,special,Transportation - Land,Plastic
52038,Brick Special 2 x 4 - 1 x 4 with 2 Recessed Studs and Thick Side Arches,bricks,Bricks Special,Plastic
52040,Brick Special 12 x 12 with 3 Pin Holes on Each Side and Axle Holes in Corners,bricks,Bricks Special,Plastic
52041,Crane Section 4 x 12 x 3 with 8 Pin Holes,special,"Supports, Girders and Cranes",Plastic
52045,Tipper Bed 32 x 16 x 10 2/3,special,Transportation - Land,Plastic
52053,"Duplo Train Front, Thomas & Friends, Thomas Face Print",bricks,"Duplo, Quatro and Primo",Plastic
52055pr0001,"Duplo Train Tender Top with 2 x 2 Recess, Thomas & Friends, James Print",bricks,"Duplo, Quatro and Primo",Plastic
52055pr0002,"Duplo Train, Tender Top with 2 x 2 Recess, Thomas & Friends Gordon Print",bricks,"Duplo, Quatro and Primo",Plastic
52058pr0001,"Duplo Train Cab Top without Bunker, Thomas & Friends James Print",bricks,"Duplo, Quatro and Primo",Plastic
52059,"Duplo Train Front, Thomas & Friends, Toby Face",bricks,"Duplo, Quatro and Primo",Plastic
5206,Duplo Train Passenger Cabin 4 x 8 x 3 1/2,bricks,"Duplo, Quatro and Primo",Plastic
52062,"Duplo Train Front, Thomas & Friends, Percy Face",bricks,"Duplo, Quatro and Primo",Plastic
52064,Duplo Container Top 4 x 4 x 3,bricks,"Duplo, Quatro and Primo",Plastic
52065,Duplo Tractor Front with Grille and Eyes (Travis) Print,bricks,"Duplo, Quatro and Primo",Plastic
52066pr0001,Duplo Backhoe Cabin Sloped 2 x 4 x 2 with Headlight Eyes and Dark Red / White Grille Print (Benny),bricks,"Duplo, Quatro and Primo",Plastic
52067,Duplo Backhoe Caterpillar Base 4 x 5 x 3 with Black Undercarriage and Fake Treads,bricks,"Duplo, Quatro and Primo",Plastic
52069,Duplo Excavator Bucket 2 x 2 x 2 with Three Teeth and Angled Arm Clip (Benny),bricks,"Duplo, Quatro and Primo",Plastic
52071,Duplo Trailer Base 4 x 4 with Two Black Wheels and Hitch Ends,bricks,"Duplo, Quatro and Primo",Plastic
52072,Duplo Building 6 x 12 x 5 with Center Door and Two Windows with Bright Light Orange Bottom (Caravan),bricks,"Duplo, Quatro and Primo",Plastic
52107,Brick Special 1 x 2 with Studs on 2 Sides,bricks,Bricks Special,Plastic
5215,"Plant, Banana Peel",special,Plants & Trees,Flexible Plastic
52166,Sticker Sheet for Set 8650-1,special,Stickers,Plastic
52167,Sticker Sheet for Set 8645-1,special,Stickers,Plastic
52169,Sticker Sheet for Set 8648-1,special,Stickers,Plastic
52176,Sticker Sheet for Set 8646-1,special,Stickers,Plastic
52186,Large Figure Shield with Knights Kingdom King Mathias Print,special,Large Buildable Figures,Cardboard/Paper
52189c01,"Duplo Siren with Light & Sound, 1 x 2 Base with Yellow Button",bricks,"Duplo, Quatro and Primo",Plastic
52189c02,"Duplo Siren with Light & Sound, 1 x 2 Base with Red Button",bricks,"Duplo, Quatro and Primo",Plastic
52189c03,"Duplo Siren with Light, 1 x 2 Base with Red Button",bricks,"Duplo, Quatro and Primo",Plastic
52193,Sticker Sheet for Set 8647-1,special,Stickers,Plastic
52196,Sticker Sheet for Set 10156-1,special,Stickers,Plastic
52198,Duplo Dragon Head with Red Eyes,bricks,"Duplo, Quatro and Primo",Plastic
52212,Sticker Sheet for Set 8652-1,special,Stickers,Plastic
52228,Sticker Sheet for Set 7238-1,special,Stickers,Plastic
52257,Sticker Sheet for Set 7252-1,special,Stickers,Plastic
52258c01,"Creature Body Part, Dragon Body (Hungarian Horntail)",special,Animal / Creature Body Parts,Plastic
52259,"Duplo Animal Fish, Clownfish with White Stripes",bricks,"Duplo, Quatro and Primo",Plastic
52261,Large Figure Mask Ultimate Dume (Mask of Power),special,Large Buildable Figures,Plastic
52265,"Clikits Envelope, Pink and Blue with 'Heart', 'Star', and 'Daisy' in Corner Print",special,Clikits,Plastic
52268,Sticker Sheet for Set 4032-10,special,Stickers,Plastic
5227,"Hair, Long, 2 Buns, Parted in Front",minifigures,Minifig Headwear,Plastic
52273,Sticker Sheet for Set 9233-1,special,Stickers,Plastic
52275,Sticker Sheet for Set 9231-1,special,Stickers,Plastic
52276,Sticker Sheet for Set 9232-1,special,Stickers,Plastic
5229pr0001,"Creature Body Part, Dragon Head Upper Jaw with 2 x 4 Studs, Bars, Studs on Nose with Orange Eyes, White/Copper Markings print",special,Animal / Creature Body Parts,Plastic
52321pr0001,"Duplo Van Body with 4 Studs on Top with Sea, Surfboard, and Flowers Print",bricks,"Duplo, Quatro and Primo",Plastic
52321pr0005,Duplo Van Body with 4 Studs on Top with Cakes and 'Cafe' Print,bricks,"Duplo, Quatro and Primo",Plastic
5234,"Plant, Peach",special,Plants & Trees,Plastic
52345,Headdress Luminara Unduli,minifigures,Minifig Headwear,Plastic
52350,Duplo Cape and Skirt with White Lines and Stars on Medium Azure Background Print,bricks,"Duplo, Quatro and Primo",Cloth
52355pr0001,"Clikits Gift Tag (2004 Advent Calendar, Day 21)",special,Clikits,Cardboard/Paper
52355pr0002,"Clikits Gift Tag (2004 Advent Calendar, Day 14)",special,Clikits,Cardboard/Paper
52355pr0003,"Clikits Gift Tag (2004 Advent Calendar, Day 7)",special,Clikits,Cardboard/Paper
52355pr0004,"Clikits Gift Tag (2005 Advent Calendar, Day 23)",special,Clikits,Cardboard/Paper
52355pr0005,"Clikits Gift Tag (2005 Advent Calendar, Day 12)",special,Clikits,Cardboard/Paper
52355pr0006,"Clikits Gift Tag (2005 Advent Calendar, Day 16)",special,Clikits,Plastic
52359,Duplo Figure Dog Pluto,special,"Non-Buildable Figures (Duplo, Fabuland, etc)",Plastic
52362,"Minifig Complete Assembly, Mace Windu, Light Up Lightsaber",minifigures,Minifigs,Plastic
52365,Duplo Catapult Arm,bricks,"Duplo, Quatro and Primo",Plastic
52366,Duplo Catapult Base,bricks,"Duplo, Quatro and Primo",Plastic
52382,Sticker Sheet for Set 4032-2,special,Stickers,Plastic
52388,Duplo Figure Snowman (Olaf),special,"Non-Buildable Figures (Duplo, Fabuland, etc)",Plastic
5240,Propeller Blade 40L with 3 Pin Holes,technic,Technic Special,Plastic
52409,Duplo Mattress with Hearts and Crowns Print,bricks,"Duplo, Quatro and Primo",Cloth
5241,Windscreen 4 x 6 x 1 2/3 Wedge Angled,bricks,Windscreens and Fuselage,Plastic
52411,"Duplo Curtains, Bed Tent with Magenta Flower",bricks,"Duplo, Quatro and Primo",Cloth
52415c01,Duplo Skirt with Gold Ribbon,bricks,"Duplo, Quatro and Primo",Cloth
52415c02,Duplo Skirt with Pink Roses,bricks,"Duplo, Quatro and Primo",Cloth
52415c03,"Duplo Skirt with White Lace, Gold Trim, and Pink Heart Print",bricks,"Duplo, Quatro and Primo",Cloth
52415c04,Duplo Skirt with Gold Crown Print,bricks,"Duplo, Quatro and Primo",Cloth
52415c05,Duplo Skirt with White Butterflies Print,bricks,"Duplo, Quatro and Primo",Cloth
52415c06,Duplo Skirt with Pink Ribbon,bricks,"Duplo, Quatro and Primo",Cloth
52415c07,Duplo Skirt with Magenta Flowers,bricks,"Duplo, Quatro and Primo",Cloth
5242c01,Music Builder Composer Tapper Base with Lime Toes,bricks,"Duplo, Quatro and Primo",Plastic
5243pr0001,"Animal, Goat with Horns, Dark Bluish Grey/White Spots print",special,Animals / Creatures,Plastic
5243pr0002,"Animal, Goat with White Spots print",special,Animals / Creatures,Plastic
52459,Sticker Sheet for Set 41383-1,special,Stickers,Plastic
52489,Sticker Sheet for Set 8809-1,special,Stickers,Plastic
52491,Sticker Sheet for Set 8809-1,special,Stickers,Plastic
52494,Equipment Binoculars with Stud on Top,minifigures,Minifig Accessories,Plastic
52501,Slope Inverted 45° 6 x 1 Double with 1 x 4 Recessed,slopes,Bricks Sloped,Plastic
5251,Plate Round Corners 8 x 16 x 2/3 Circle with Reduced Knobs,plates,Plates Round Curved and Dishes,Plastic
5252,Brick Special 2 x 2 with Photo Clip,bricks,Bricks Special,Plastic
5253,Wheel Smooth 24 x 14mm with Pin Hole,special,Wheels and Tyres,Plastic
52530,Duplo Overalls with Pockets,bricks,"Duplo, Quatro and Primo",Cloth
52542c01,"Minifig Complete Assembly, Policeman, Light Up Flashlight",minifigures,Minifigs,Plastic
52543,Clikits Pencil 88mm,special,Clikits,Plastic
5255,"Hair, Long Bangs Right, Clipped-Up Ponytail",minifigures,Minifig Headwear,Plastic
5256,Brick Round 2 x 2 Special with Roots,special,Plants & Trees,Plastic
52567,"Clikits Insert, 19 x 12.5,",special,Clikits,Plastic
52567pat0001,"Clikits Insert, 19 x 12.5, Mirror Pattern",special,Clikits,Plastic
52569,"Clikits Insert, 19 x 12.5, 'Heart', 'Daisy', and 'Star' with Blue Background Print",special,Clikits,Cardboard/Paper
5257,"Door Right 4 x 6 with Curved Top, Bars",bricks,Windows and Doors,Plastic
52574,Sticker Sheet for Set 7542-1,special,Stickers,Plastic
5258,"Door Frame 1 x 6 x 6 1/3 with Rounded Top, Clips",bricks,Windows and Doors,Plastic
5259,Window 4 x 3 Lattice,bricks,Windows and Doors,Plastic
5260,Window 4 x 3 Lattice with Rounded Top,bricks,Windows and Doors,Plastic
52629,Ball 19mm,technic,Technic Special,Plastic
5264,Plate Round 1 x 1 with Hollow Stud and Underside Clip,plates,Plates Special,Plastic
52654,Minifig Magnet,special,Magnets and Holders,Plastic
52655,"Sports Ball, Magnetic, Harry Potter",minifigures,Minifig Accessories,Plastic
52668,"Technic Brick 6 x 8 with 4 x 6 Opening, 2 Fixed Rotatable Friction Pins on 3 Sides",technic,Technic Bricks,Plastic
5266pr0001,"Hair, High Bun, with Gold Tiara, Medallion print",minifigures,Minifig Headwear,Plastic
52672pat0001,"Animal, Dog, Ghost with Trans-Clear Marble",special,Animals / Creatures,Plastic
5267pr0001,"Minifig Head Special, Nubs with Blue Eyes, Dark Pink Nose print",minifigures,Minifig Heads,Plastic
52684pat0001,"Hood over Cap, Reddish Brown Cap Pattern",minifigures,Minifig Headwear,Plastic
52684pat0001pr0001,"Hood over Cap, Reddish Brown Cap Pattern, Dark Tan Front with Black Symbol Print",minifigures,Minifig Headwear,Plastic
52684pat0002,Hood over Cap White Pattern,minifigures,Minifig Headwear,Plastic
52684pat0002pr0001,Hood over Cap White with Nike Logo print,minifigures,Minifig Headwear,Plastic
52684pat0003pr0001,"Hood over Cap Dark Purple, White Symbol Print",minifigures,Minifig Headwear,Plastic
52684pat0004pr0001,Hood over Cap Bright Light Orange with Hourglass print,minifigures,Minifig Headwear,Plastic
52684pat0005pr0001,"Hood over Cap Red, Black Front with Claw-like Scratches Print",minifigures,Minifig Headwear,Plastic
52684pat0006pr0001,"Hood over Cap Dark Azure, Black Front with Claw-like Scratches Print",minifigures,Minifig Headwear,Plastic
52686pat0001,"Hair and Hat, Two Braids and Beanie, Bright Light Yellow Pattern",minifigures,Minifig Headwear,Plastic
52686pat0002,"Hair and Hat, Two Braids and Beanie, Sand Blue Pattern",minifigures,Minifig Headwear,Plastic
52686pat0003,"Hair and Hat, Two Braids and Beanie, Red Pattern",minifigures,Minifig Headwear,Plastic
52686pat0004,"Hair and Hat, Two Braids and Beanie, Dark Red Pattern",minifigures,Minifig Headwear,Plastic
52686pat0005,"Hair and Hat, Two Braids and Beanie, Black Pattern",minifigures,Minifig Headwear,Plastic
52686pat0006,"Hair and Hat, Two Braids and Beanie, Dark Blue Yellow Pattern",minifigures,Minifig Headwear,Plastic
52688,Sticker Sheet 2 for Set 7244-1,special,Stickers,Plastic
5268pr0001,Minifig Head Special Ortolan (Neel),minifigures,Minifig Heads,Plastic
5271,Brick Special Cauldron Half 2 x 4 x 2 2/3,bricks,Bricks Special,Plastic
52716,"Duplo Hairbrush, Heart Shaped",bricks,"Duplo, Quatro and Primo",Plastic
5272pat0001,"Animal, Bird, Raven with Open Wings and Black Marbled pattern",special,Animals / Creatures,Plastic
52730,Technic Steering / CV Ball Joint Female 4L,technic,"Technic Steering, Suspension and Engine",Plastic
52731,Technic Steering / CV Ball Joint Male 3L,technic,"Technic Steering, Suspension and Engine",Plastic
5274,Windscreen 6 x 8 x 2 Curved,bricks,Windscreens and Fuselage,Plastic
5274pr0001,"Windscreen 6 x 8 Curved with Blue/Lime Arrows, Graffiti print",bricks,Windscreens and Fuselage,Plastic
5275,Minifig Neckwear Bodywarmer / Puffer Vest with Stud on Back,minifigures,Minifig Neckwear,Plastic
5276,Large Figure Limb Cover 4 x 5 with 2 Studs,special,Large Buildable Figures,Plastic
52769,Sticker Sheet for Set 4820-1,special,Stickers,Plastic
5276pr0001,"Large Figure Limb Cover 4 x 5 with 2 Studs with Black Eyes, Dark Azure Mask, Medium Azure/Coral Arrow print",special,Large Buildable Figures,Plastic
52770,Sticker Sheet for Set 4822-1,special,Stickers,Plastic
52771,Sticker Sheet for Set 4821-1,special,Stickers,Plastic
52779,Sticker Sheet for Set 7237-1,special,Stickers,Plastic
5277pr0001,"Costume Banana Half with Silver and Sand Green Googles, Denim Jacket, Red Bandana, Reddish Brown Top print",minifigures,Minifig Headwear,Plastic
5277pr0002,Costume Banana Half with Standard Face print,minifigures,Minifig Headwear,Plastic
5277pr0003,"Costume Banana Half with Face, Medium Blue/Lavender Paint, Goggles print",minifigures,Minifig Headwear,Plastic
52799,Sticker Sheet for Set 7235-1,special,Stickers,Plastic
52800,Sticker Sheet for Set 7245-1,special,Stickers,Plastic
52812,Ribbon,special,Non-System Parts,Cloth
52814,Sticker Sheet for Set 7236-1,special,Stickers,Plastic
52816,Sticker Sheet for Set 7240-1,special,Stickers,Plastic
5282,"Control Unit / Remote, RC [RC Vehicles]",technic,Electronics,Plastic
52828,"Duplo Train Front, Thomas & Friends, James Face Print",bricks,"Duplo, Quatro and Primo",Plastic
52840pr0001,"Duplo Train Cab Top, Thomas & Friends, Percy Print",bricks,"Duplo, Quatro and Primo",Plastic
52843,"Duplo Train Cab Top, Thomas & Friends, Thomas Print",bricks,"Duplo, Quatro and Primo",Plastic
52861pr0001,"Duplo Figure with Soft Hair White, White Legs, Magenta Hearts Print (Princess)",special,"Non-Buildable Figures (Duplo, Fabuland, etc)",Plastic
52861pr0002,"Duplo Figure with Soft Hair Brown, White Legs, Lace Collar with Pink Flower Print",special,"Non-Buildable Figures (Duplo, Fabuland, etc)",Plastic
52861pr0003,"Duplo Figure with Soft Hair Blonde, White Legs, Round Neck with Dark Pink Hearts Print",special,"Non-Buildable Figures (Duplo, Fabuland, etc)",Plastic
52861pr0004,"Duplo Figure with Soft Hair White, White Legs, Ornate Bright Pink Collar Print",special,"Non-Buildable Figures (Duplo, Fabuland, etc)",Plastic
52886,"Neckwear Cape, Tapered with 1 Small Top Hole and One Side Shiny",minifigures,Minifig Neckwear,Cloth
52886pr0001,"Neckwear Cape, Tapered with 1 Small Top Hole and Shiny Dots Print",minifigures,Minifig Neckwear,Cloth
52887,Sticker Sheet for Set 4770-1,special,Stickers,Plastic
52888,Sticker Sheet for Set 7239-1,special,Stickers,Plastic
52897,"Ribbon, Red",special,"String, Bands and Reels",Cloth
52914,Duplo Airplane Large Roof 5 x 16,bricks,"Duplo, Quatro and Primo",Plastic
52918,Duplo Airplane Front Door,bricks,"Duplo, Quatro and Primo",Plastic
52918pr0001,Duplo Airplane Front Door with Light Bluish Gray Panel Print,bricks,"Duplo, Quatro and Primo",Plastic
52919,Duplo Airplane Large Cargo Door,bricks,"Duplo, Quatro and Primo",Plastic
52919pr0001,Duplo Airplane Large Cargo Door with Light Bluish Gray Panel Print,bricks,"Duplo, Quatro and Primo",Plastic
52920,Duplo Airplane Large Wings 30 x 6,bricks,"Duplo, Quatro and Primo",Plastic
52922,Duplo Airplane Large Engine Housing,bricks,"Duplo, Quatro and Primo",Plastic
52923,Duplo Airplane Large Engine,bricks,"Duplo, Quatro and Primo",Plastic
52924,Duplo Plate 2 x 4 with Two Holes,bricks,"Duplo, Quatro and Primo",Plastic
52932,Duplo Helicopter Skids / Ponton Large,bricks,"Duplo, Quatro and Primo",Plastic
5294,Technic Whish Bone with Axle Connectors,technic,"Technic Steering, Suspension and Engine",Plastic
52979,Windscreen 6 x 6 x 3 Dome with Dual 2 Fingers,bricks,Windscreens and Fuselage,Plastic
52979pr0001,"Windscreen 6 x 6 x 3 Dome with Dual 2 Fingers with Panda, Blue Eyeshadow, Dark Blue Eyebrows print",bricks,Windscreens and Fuselage,Plastic
52979pr0002,Windscreen 6 x 6 x 3 Canopy Half Sphere with Dual 2 Fingers with White/Bright Light Orange Cockpit print,bricks,Windscreens and Fuselage,Plastic
52979pr0003,Windscreen 6 x 6 x 3 Canopy Half Sphere with Dual 2 Fingers with White/Bright Light Orange/Light Bluish Grey Cockpit print,bricks,Windscreens and Fuselage,Plastic
52979pr0007,Windscreen 6 x 6 x 3 Dome with Dual 2 Fingers with Carved Pumpkin print,bricks,Windscreens and Fuselage,Plastic
52979pr0009,"Windscreen 6 x 6 x 3 Dome with Dual 2 Fingers with Spider-Man Face, Gold Webs print",bricks,Windscreens and Fuselage,Plastic
52985,Tyre 68.7 x 27 S,special,Wheels and Tyres,Rubber
52994,Sticker Sheet 1 for Set 75810-1,special,Stickers,Plastic
53012,Sticker Sheet for Set 40353-1,special,Stickers,Plastic
53019,Sports Tennis Racket - Round Holes,minifigures,Minifig Accessories,Plastic
53020,Equipment Medical Syringe with 2 Holes,minifigures,Minifig Accessories,Plastic
53029,"Hinge Brick 2 x 2 Locking with 2 Fingers Vertical and '+' Axle Hole, 7 Teeth",special,"Hinges, Arms and Turntables",Plastic
53040pr0001,"Duplo Figure with Two Braids Dark Orange, Black Legs, Filigree Design Print (Anna)",special,"Non-Buildable Figures (Duplo, Fabuland, etc)",Plastic
53040pr0002,"Duplo Figure with Two Braids Dark Orange, Black Legs, Filigree Design Print (Anna)",special,"Non-Buildable Figures (Duplo, Fabuland, etc)",Plastic
53048pr0001,"Duplo Figure with Hair with Braid over Left Shoulder, Light Aqua Legs, Heart on Chest Print (Elsa)",special,"Non-Buildable Figures (Duplo, Fabuland, etc)",Plastic
53048pr0094,"Duplo Figure with Hair with Braid over Left Shoulder, Medium Azure Legs, White Icicles on Chest Print (Elsa)",special,"Non-Buildable Figures (Duplo, Fabuland, etc)",Plastic
53048pr0182,"Duplo Figure with Hair with Braid over Left Shoulder, Light Aqua Legs, Icicles on Chest Print (Elsa)",special,"Non-Buildable Figures (Duplo, Fabuland, etc)",Plastic
53049,Sticker Sheet for Set 10133-1,special,Stickers,Plastic
53050,Sticker Sheet for Set 7248-1,special,Stickers,Plastic
53062pr0001,"Minifig Head Special with Large Nose and Two White Teeth, and Small Lime Hat Print (Goofy)",minifigures,Minifig Heads,Plastic
53067,Duplo Backhoe Grille (Scoop) Print,bricks,"Duplo, Quatro and Primo",Plastic
53068,Duplo Crane Cabin 4 x 4 x 2 with Eyes (Lofty) Print,bricks,"Duplo, Quatro and Primo",Plastic
53069,Large Figure Mask Hau (Toa Lhikan),special,Large Buildable Figures,Plastic
5306a,Wire with Brick 2 x 2 x 1/3 Pair [Undetermined Length],technic,Electronics,Plastic
5306ac015,"Wire with Brick 2 x 2 x 1/3 Pair, 15L",technic,Electronics,Plastic
5306b,Wire with Brick 2 x 2 x 2/3 Pair [Undetermined Length],technic,Electronics,Plastic
5306bc011,"Wire with Brick 2 x 2 x 2/3 Pair, 11L",technic,Electronics,Plastic
5306bc015,"Wire with Brick 2 x 2 x 2/3 Pair, 15L",technic,Electronics,Plastic
5306bc017,"Wire with Brick 2 x 2 x 2/3 Pair, 17L",technic,Electronics,Plastic
5306bc020,"Wire with Brick 2 x 2 x 2/3 Pair, 20L",technic,Electronics,Plastic
5306bc021,"Wire with Brick 2 x 2 x 2/3 Pair, 21L",technic,Electronics,Plastic
5306bc026,"Wire with Brick 2 x 2 x 2/3 Pair, 26L",technic,Electronics,Plastic
5306bc033,"Wire with Brick 2 x 2 x 2/3 Pair, 33L",technic,Electronics,Plastic
5306bc036,"Wire with Brick 2 x 2 x 2/3 Pair, 36L",technic,Electronics,Plastic
5306bc046,"Wire with Brick 2 x 2 x 2/3 Pair, 46L",technic,Electronics,Plastic
5306bc069,"Wire with Brick 2 x 2 x 2/3 Pair, 69L",technic,Electronics,Plastic
5306bc162,"Wire with Brick 2 x 2 x 2/3 Pair, 162L",technic,Electronics,Plastic
5306bc378,"Wire with Brick 2 x 2 x 2/3 Pair, 378L",technic,Electronics,Plastic
5306c01,Wire with Brick 2 x 2 x 2/3 and Train Track Contacts,technic,Electronics,Plastic
53070,"Large Figure Weapon Sword, Lava Greatsword / Shield Half (Toa Lhikan)",special,Large Buildable Figures,Plastic
53075pr0001,"Animal, Dog, Dachshund, Black Eyes Nose and Print",special,Animals / Creatures,Plastic
53075pr0002,"Animal, Dog, Dachshund, Dark Tan Nose, Dark Bluish Grey Eyes and Print",special,Animals / Creatures,Plastic
53077,Sticker Sheet 1 for Set 7244-1,special,Stickers,Plastic
5309,"Minifig Neckwear Armor Shoulder with 3 Spikes, Stud",minifigures,Minifig Neckwear,Plastic
53094pr0001,"Hair and Sideburns, with Tan Ears Print",minifigures,Minifig Headwear,Plastic
53094pr0002,"Hair and Sideburns, with Nougat Ears Print",minifigures,Minifig Headwear,Plastic
53094pr0003,"Hair and Sideburns, with Red Ears Print",minifigures,Minifig Headwear,Plastic
5310,Large Figure Weapon Hook,special,Large Buildable Figures,Plastic
53102,Sticker Sheet for Set 8649-1,special,Stickers,Plastic
5311,"Hair, Mid Length with Bun",minifigures,Minifig Headwear,Plastic
53117pat0001,"Hair and Helmet, Fire, Long Bright Light Yellow Hair Pattern",minifigures,Minifig Headwear,Plastic
53117pat0002,"Hair and Helmet, Fire, Long Dark Red Hair Pattern",minifigures,Minifig Headwear,Plastic
53117pat0003,"Hair and Helmet, Fire, Long Black Hair Pattern",minifigures,Minifig Headwear,Plastic
53118,Game Controller [Plain],minifigures,Minifig Accessories,Plastic
53118pr0001,"Game Controller with Silver D-Pad and Joysticks, and Red and Blue Buttons",minifigures,Minifig Accessories,Plastic
53118pr0003,Game Controller with F1 Steering Wheel Controls print,minifigures,Minifig Accessories,Plastic
53119,Plate Round 1 x 1 Swirled Top / Poo,plates,Plates Round Curved and Dishes,Plastic
53126,Hair Put Up with Braids,minifigures,Minifig Headwear,Plastic
5313,"Battery Box, Track System, Energizer Track 16 x 15 x 2",technic,Electronics,Plastic
53135,Sticker Sheet for Set 7344-1,special,Stickers,Plastic
53136,Sticker Sheet for Set 7243-1,special,Stickers,Plastic
5313a,"Motor, Rechargeable 4 x 8 x 1 2/3 (Track System)",technic,Electronics,Plastic
53142,Duplo Airplane Landing Gear with Four Wheels,bricks,"Duplo, Quatro and Primo",Plastic
53143,Duplo Airplane Landing Gear with Two Wheels and Clip,bricks,"Duplo, Quatro and Primo",Plastic
53178,Pneumatic Cylinder Bracket,technic,Pneumatics,Plastic
5320,Hat Gnome - Pointing Backwards,minifigures,Minifig Headwear,Plastic
5321,"Minifig Neckwear Beard, Long",minifigures,Minifig Neckwear,Plastic
5322,"Minifig Neckwear Beard, Short",minifigures,Minifig Neckwear,Plastic
53227,Flag 4 x 9 with Knights' Kingdom II Scorpion Print [Complete Sheet of 2],special,"Flags, Banners and Signs",Plastic
53227a,Flag 4 x 9 with Knights' Kingdom II Scorpion Print,special,"Flags, Banners and Signs",Plastic
53227b,Flag 4 x 9 with Knights' Kingdom II Scorpion Print,special,"Flags, Banners and Signs",Plastic
53230,Sticker Sheet for Set 7249-1,special,Stickers,Plastic
5326pat0001,"Hair, High Ponytail with Dark Blue Headphones, Cat Ears pattern",minifigures,Minifig Headwear,Plastic
53294,Sticker Sheet for Set 8653-1,special,Stickers,Plastic
53298,Sticker Sheet for Set 7840-1,special,Stickers,Plastic
53299,Sticker Sheet for Set 7841-1,special,Stickers,Plastic
53300,Sticker Sheet for Set 7842-1,special,Stickers,Plastic
53301,Sticker Sheet for Set 7843-1,special,Stickers,Plastic
53308,Duplo Airplane Fuselage 14 x 30 x 5,bricks,"Duplo, Quatro and Primo",Plastic
53309pr0001,"Animal Body Part, Dinosaur, Baryonyx Head with Yellow Eyes, Dark Blue Spots, Tan Teeth",special,Animal / Creature Body Parts,Plastic
53309pr0002,"Animal Body Part, Dinosaur, Baryonyx Head with Yellow Eyes, Dark Green Markings, Orange Stripe, White Teeth",special,Animal / Creature Body Parts,Plastic
5330pat0001,"Weapon Hilt with Bar, Hourglass Opal Trans-Light Blue",minifigures,"Minifig Shields, Weapons, & Tools",Plastic
5330pat0002,"Weapon Hilt with Bar, Hourglass Trans-Bright Green",minifigures,"Minifig Shields, Weapons, & Tools",Plastic
5331,Brick Round 2 x 2 x 2 Crystal Facets Top,bricks,Bricks Round and Cones,Plastic
53315,Sticker Sheet for Set 8654-1,special,Stickers,Plastic
53316,Sticker Sheet for Set 8654-1,special,Stickers,Plastic
53317,Sticker Sheet for Set 8655-1,special,Stickers,Plastic
53318,Sticker Sheet for Set 8656-1,special,Stickers,Plastic
53319,Sticker Sheet for Set 8657-1,special,Stickers,Plastic
53320,Sticker Sheet for Set 8658-1,special,Stickers,Plastic
5332pat0001,"Minifig Neckwear Armour, Crystalized with Trans-Dark Pink pattern",minifigures,Minifig Neckwear,Plastic
53346c01pr0001,Large Figure Torso with King Mathias Print Lion Head Relief (Series 2),special,Large Buildable Figures,Plastic
53347pr0001,"Large Figure Shield, 2 x 4 Brick Relief, Lion with Royal Blue and Silver Print",special,Large Buildable Figures,Plastic
5334c01pr0001,Duplo Dragon Large with Bright Light Yellow Underside,bricks,"Duplo, Quatro and Primo",Plastic
5334c01pr0002,Duplo Dragon Large with Tan Underside,bricks,"Duplo, Quatro and Primo",Plastic
5334c01pr0003,Duplo Dragon Large with Red Underside,bricks,"Duplo, Quatro and Primo",Plastic
5334c02pr0001,"Duplo Dragon Large with Armor, and Black Underside",bricks,"Duplo, Quatro and Primo",Plastic
53351,Sticker Sheet 1 for Set 4032-8 - SWISS Airlines,special,Stickers,Plastic
53352,Sticker Sheet 2 for Set 4032-8,special,Stickers,Plastic
53369,"Minifig Complete Assembly, Obi-Wan Kenobi with Light-Up Lightsaber",minifigures,Minifigs,Plastic
5336c01,Duplo Animal Shark with Opening Jaw [Complete Assembly],bricks,"Duplo, Quatro and Primo",Plastic
53370,"Minifig Complete Assembly, Anakin Skywalker with Light-up Lightsaber",minifigures,Minifigs,Plastic
53379,"Large Figure Shield, Rhotuka",special,Large Buildable Figures,Plastic
53384,Large Figure Mask Kualsi,special,Large Buildable Figures,Plastic
53389,Mask Shark,minifigures,Minifig Headwear,Plastic
53390,Sticker Sheet for Set 10144-1,special,Stickers,Plastic
53393,Large Figure Mask Large Hau (Toa Lhikan Style),special,Large Buildable Figures,Plastic
53394,Large Figure Mask Large Kiril (Turaga Dume Style),special,Large Buildable Figures,Plastic
53397,"Playmat, Duplo, Airport Runway Print",special,Non-System Parts,Cardboard/Paper
53400,"Vehicle Track, Train, Plastic (RC Trains) Curved",special,Transportation - Land,Plastic
53401,"Vehicle Track, Train, Plastic (RC Trains) Straight",special,Transportation - Land,Plastic
53403,"Vehicle Track, Train, Plastic (RC Trains) Switch Point Right",special,Transportation - Land,Plastic
53406,"Vehicle Track, Train, Plastic (RC Trains) Switch Point Left",special,Transportation - Land,Plastic
53411,"Duplo Playmat, Octagon, Helicopter Landing Pad Print",bricks,"Duplo, Quatro and Primo",Cardboard/Paper
53415,"Large Figure Cape, 1 Hole",special,Large Buildable Figures,Cloth
5342,"Torso/Head Mechanical, Super Battle Droid",minifigures,Minifigs,Plastic
53447,"Punch-outs, for Set 9544",special,Non-System Parts,Cardboard/Paper
53450,Helmet Viking with Side Horn Holes,minifigures,Minifig Headwear,Plastic
53451,"Animal Body Part, Barb / Claw / Tooth / Talon / Horn, Small",special,Animal / Creature Body Parts,Plastic
53452,"Boat Hull Section, Viking Bow / Stern",special,Transportation - Sea and Air,Plastic
53454,"Weapon Axe Head, Clip-on (Viking) [Thick Clip]",minifigures,"Minifig Shields, Weapons, & Tools",Plastic
53455,"Animal Body Part, Snake / Serpent Head 'Midgard Serpent'",special,Animal / Creature Body Parts,Plastic
53456,"Creature Body Part, Dragon Head Upper Jaw Beaked",special,Animal / Creature Body Parts,Plastic
53457,"Animal Body Part, Wolf Head, 'Fenris Wolf'",special,Animal / Creature Body Parts,Plastic
53458,Sticker Sheet for Set 8651-1,special,Stickers,Plastic
53460,Map,special,Non-System Parts,Cloth
53466,Sticker Sheet for Set 4778-1,special,Stickers,Plastic
53468,Flag 25 x 3 Pennant with Dark Red Half Print,special,"Flags, Banners and Signs",Cloth
53474,"Clikits Notepad, Spiral Bound, 'Heart', 'Daisy', and 'Star' Print",special,Clikits,Plastic
53482,Sticker Sheet for Set 70840-1,special,Stickers,Plastic
53491,Duplo Airplane Large Tail Fin 1 x 9 x 5,bricks,"Duplo, Quatro and Primo",Plastic
53491pr0001,Duplo Airplane Large Tail Fin 1 x 9 x 5 with Orange Airplane on White Cloud Print,bricks,"Duplo, Quatro and Primo",Plastic
53500,Large Figure Head Connector Block Eye/Brain Stalk (Piraka) - Light-Up,special,Large Buildable Figures,Plastic
53510,Duplo Door / Window without Interior Top Clip,bricks,"Duplo, Quatro and Primo",Plastic
53531,Sports Net 8 x 16 Lattice,special,"String, Bands and Reels",Plastic
53532,Baseplate Sports Soccer Stadium,plates,Baseplates,Plastic
53533,Technic Beam 2 x 4 Fork with Pin,technic,Technic Beams Special,Plastic
53535,Sticker Sheet for Set 8421-1,special,Stickers,Plastic
53540,"Brick Special 1 x 2 with 2 Pins, Square Pin Holes",bricks,Bricks Special,Plastic
53542,"Large Figure Foot, Claws, Toa Inika",special,Large Buildable Figures,Plastic
53543,Large Figure Limb Cover (Toa Inika),special,Large Buildable Figures,Plastic
53544,Large Figure Limb Cover / Torso Cover (Toa Inika),special,Large Buildable Figures,Plastic
53544pat0001,Large Figure Limb Cover / Torso Cover with Marbled White Pattern (Toa Inika),special,Large Buildable Figures,Plastic
53545,"Large Figure Skeletal, Torso, Upper, with 2 Ball Joints (Toa Inika)",special,Large Buildable Figures,Plastic
53546,"Large Figure Torso Cover, Armour, Toa Inika (Type 1)",special,Large Buildable Figures,Plastic
53547,"Large Figure Torso Cover, Armour, Toa Inika (Type 2) [Plain]",special,Large Buildable Figures,Plastic
53547pat0001,"Large Figure Torso Cover, Armour, Toa Inika (Type 2) with Marbled Pearl Light Gray Pattern",special,Large Buildable Figures,Plastic
53548,"Large Figure Skeletal, Limb, with 2 Ball Joints (Toa Inika)",special,Large Buildable Figures,Plastic
53548pat0001,"Large Figure Skeletal, Limb, with 2 Ball Joints, Marbled White Pattern (Toa Inika)",special,Large Buildable Figures,Plastic
53549,"Large Figure Foot, Toa Inika Elliptical",special,Large Buildable Figures,Plastic
53549pat0001,"Large Figure Foot, Toa Inika Elliptical with Marbled White Pattern",special,Large Buildable Figures,Plastic
53549pat0002,"Large Figure Foot, Toa Inika Elliptical with Marbled Pearl Light Gray Pattern",special,Large Buildable Figures,Plastic
53550,"Large Figure Weapon, Zamor Sphere Holder",special,Large Buildable Figures,Plastic
53551,"Large Figure Accessory, Chain Link Section",special,Large Buildable Figures,Plastic
53558pat0001,Large Figure Head (Toa Inika) with Marbled White Pattern,special,Large Buildable Figures,Plastic
53560,Large Figure Mask Calix,special,Large Buildable Figures,Rubber
53561,"Large Figure Mask, Elda",special,Large Buildable Figures,Rubber
53562,"Large Figure Foot, Claw, Piraka",special,Large Buildable Figures,Plastic
53562pat0001,"Large Figure Foot, Claw, Piraka with Marbled Pearl Gold Pattern",special,Large Buildable Figures,Plastic
53562pat0002,"Large Figure Foot, Claw, Piraka with Marbled Pearl Dark Gray Pattern",special,Large Buildable Figures,Plastic
53562pat0003,"Large Figure Foot, Claw, Piraka with Marbled Pearl Light Gray Pattern",special,Large Buildable Figures,Plastic
53562pat0006,"Large Figure Foot, Claw, Piraka with Marbled Flat Silver Pattern",special,Large Buildable Figures,Plastic
53563,"Large Figure Skeletal, Limb, with 2 Ball Joints (Piraka)",special,Large Buildable Figures,Plastic
53564,"Large Figure Skeletal, Torso with 2 Ball Joints (Piraka)",special,Large Buildable Figures,Plastic
53565pr0001,Large Figure Head (Piraka) with Glow In Dark Teeth Print,special,Large Buildable Figures,Plastic
53566,"Large Figure Limb Cover, Upper Leg Section (Piraka)",special,Large Buildable Figures,Plastic
53568,"Large Figure Foot, Piraka Mechanical",special,Large Buildable Figures,Plastic
53569,"Large Figure Weapon, Piraka Drill and Buzz Saw Combination (Reidak)",special,Large Buildable Figures,Plastic
53570,"Large Figure Mask Piraka, with Flexible Spine and Arm Covers, Thok",special,Large Buildable Figures,Plastic
53571,"Large Figure Weapon Blade, Piraka Water Harpoon (Vezok)",special,Large Buildable Figures,Plastic
53572,"Large Figure Weapon Blade, Piraka Three Blade Scissor (Zaktan)",special,Large Buildable Figures,Plastic
53573,"Large Figure Mask Piraka, with Flexible Spine and Arm Covers, Hakann",special,Large Buildable Figures,Plastic
53574,"Large Figure Skeletal, Limb, Plated with 2 Ball Joints (Piraka)",special,Large Buildable Figures,Plastic
53575,"Large Figure Weapon, Piraka Lava Launcher (Hakann)",special,Large Buildable Figures,Plastic
53576,"Large Figure Mask Piraka, with Flexible Spine and Arm Covers, Vezok",special,Large Buildable Figures,Plastic
53577,"Large Figure Weapon Gun, Piraka Ice Gun (Thok)",special,Large Buildable Figures,Plastic
53578,"Large Figure Weapon, Piraka Seismic Pickaxe (Avak)",special,Large Buildable Figures,Plastic
53579,"Large Figure Mask Piraka, with Flexible Spine and Arm Covers, Zaktan",special,Large Buildable Figures,Plastic
53580,"Large Figure Mask Piraka, with Flexible Spine and Arm Covers, Avak",special,Large Buildable Figures,Plastic
53582,Large Figure Mask Rode,special,Large Buildable Figures,Plastic
53583,Large Figure Mask Olmak,special,Large Buildable Figures,Plastic
53584,Large Figure Mask Ignika (Vezon),special,Large Buildable Figures,Plastic
53585,Technic Ball Joint with Through Axle Hole,technic,Technic Special,Plastic
53586,"Technic Axle and Pin Connector, Perpendicular with Extension",technic,Technic Connectors,Plastic
53587,"Large Figure Weapon Axe Head, Axonn Giant Axe Half",special,Large Buildable Figures,Plastic
53588,Baseplate Raised 16 x 16 No Studs with Cross Opening and 4 Holes,plates,Baseplates,Plastic
53588pat0001,"Baseplate Raised 16 x 16 No Studs with Cross Opening and 4 Holes with Marbled Red, Light Bluish Gray, and Black Pattern",plates,Baseplates,Plastic
53590pr0001,"Minifig Head Special, Inika Toa Jaller Print",minifigures,Minifig Heads,Plastic
53596pr0001,"Minifig Head Special, Inika Toa Hewkii",minifigures,Minifig Heads,Plastic
53613,"Large Figure Mask / Visor, Vladek with Horns",special,Large Buildable Figures,Plastic
53613pat0002,"Large Figure Mask / Visor, Vladek with Horns, Marbled Black Pattern",special,Large Buildable Figures,Plastic
53657,"Clikits Icon, Flower 2 x 2 Large, 5 Petals with Pin",special,Clikits,Plastic
53657pr0001,"Clikits Icon, Flower 2 x 2 Large, 5 Petals with Pin and Dark Pink Petal Highlights Print",special,Clikits,Plastic
53657pr0002,"Clikits Icon, Flower 2 x 2 Large, 5 Petals with Pin, and Bright Pink Petal Highlights Print",special,Clikits,Plastic
53658,"Clikits Icon, Flower 2 x 2 Large, 5 Petals with Hole",special,Clikits,Plastic
53660,"Clikits Icon, Flower Center, 3 x 3 x 2",special,Clikits,Plastic
53662,"Clikits Icon, Flamingo 2 x 8 with 2 Pins",special,Clikits,Plastic
53666,"Clikits Hair Clip, Long, 2 Holes",special,Clikits,Plastic
53666pat0001,"Clikits Hair Clip, Long, 2 Holes, Pearlescent Pink Surface Pattern",special,Clikits,Plastic
53675,Duplo Cape / Coat,bricks,"Duplo, Quatro and Primo",Cloth
53686,"Clikits Icon Accent, Star 3 x 3",special,Clikits,Rubber
53687,Clikits Bag / Pouch,special,Clikits,Cloth
5370,"Duplo Train Track, Straight with 2 x 8 Plate on Both Sides",bricks,"Duplo, Quatro and Primo",Plastic
53705,"Weapon Axe Head, Clip-on (Viking) [Thin Clip]",minifigures,"Minifig Shields, Weapons, & Tools",Plastic
53787,"Motor, NXT",technic,Electronics,Plastic
53788,"Hub, NXT Brick with Dark Bluish Gray Base [Complete Assembly]",technic,Electronics,Plastic
53792,"Sensor, Ultrasonic, NXT",technic,Electronics,Plastic
53793,"Sensor, Touch, NXT",technic,Electronics,Plastic
53798,Hair Two Points/Pointy,minifigures,Minifig Headwear,Plastic
53800,Minifig Neckwear Tentacle Ghost,minifigures,Minifig Neckwear,Plastic
53801pat0001,Hair Long in Wind Dual Mold with Trans-Yellow,minifigures,Minifig Headwear,Plastic
5382,Wedge Curved 4 x 8 No Top Studs,bricks,Bricks Wedged,Plastic
53821,"Minifig Neckwear Beard and Moustache, Long Curly",minifigures,Minifig Neckwear,Plastic
5382pr0001,Wedge Curved 4 x 8 No Top Studs with White Shape print,bricks,Bricks Wedged,Plastic
5382pr0002,Wedge Curved 4 x 8 No Top Studs with Red Surface print,bricks,Bricks Wedged,Plastic
53834,"Vehicle Track, Train Rail Ramp 8 x 12",special,Transportation - Land,Plastic
5386,"Minifig Hipwear Tail, Fluffy Squirl",minifigures,Minifig Hipwear,Plastic
53896,Sticker Sheet for Set 4766-1,special,Stickers,Plastic
53898c01pr0001,"Duplo Car Coupe with Blue Base, Headlights, Star Badge and 'POLICE' Print",bricks,"Duplo, Quatro and Primo",Plastic
53898c02,"Duplo Car Coupe with Red Base, Headlights",bricks,"Duplo, Quatro and Primo",Plastic
53898c03,"Duplo Car Coupe with Dark Gray Base, and Headlights",bricks,"Duplo, Quatro and Primo",Plastic
539,Tyre for Wheel 41mm Znap,special,Wheels and Tyres,Rubber
53912,Flag 6 x 4 with U-Clips,special,"Flags, Banners and Signs",Plastic
53912pr0001,Flag 6 x 4 with Clip with Crossed Cannons over Blue Crossed Flag Print - New Version,special,"Flags, Banners and Signs",Plastic
53914,"Hinge Brick 1 x 6 Locking with 1 Finger Vertical End and 2 Fingers Vertical End, 7 Teeth",special,"Hinges, Arms and Turntables",Plastic
53915c01,"Duplo Animal Alligator Type 2 - Mouth Opens, Narrow Snout (Crocodile)",bricks,"Duplo, Quatro and Primo",Plastic
53916,"Duplo Building Wall 1 x 8 x 6 with Window Opening, Hinge on Left",bricks,"Duplo, Quatro and Primo",Plastic
53920pr0001,Duplo Animal Leopard Adult New Style,bricks,"Duplo, Quatro and Primo",Plastic
53920pr0002,Duplo Animal Lion Adult Female with Head turned Left,bricks,"Duplo, Quatro and Primo",Plastic
53920pr0003,Duplo Animal Lion Adult Female with Head turned Left with Black Eyes print,bricks,"Duplo, Quatro and Primo",Plastic
53923,Hinge Cylinder 1 x 2 Locking with 1 Finger and Axle Hole On Ends [No Side Slots],special,"Hinges, Arms and Turntables",Plastic
53929pr0001,"Sail, Rectangle, Curved with Viking Snake Print",special,Transportation - Sea and Air,Cloth
53930,"Clikits Connector, Ring 10 x 10 x 1 for Pencil Holder",special,Clikits,Plastic
53936,"Clikits Connector, Domed 1 x 2 x 1 with Hole (Pencil Connector)",special,Clikits,Plastic
53937,"Clikits Icon, Round 2 x 2 Small with Hole, 2 Linked",special,Clikits,Plastic
53941,Hinge Tile 1 x 3 Locking with 1 Finger on Top with Cutout,special,"Hinges, Arms and Turntables",Plastic
53969,Sticker Sheet for Set 31095-1,special,Stickers,Plastic
53971pr0100,"Duplo Figure with Cap Dark Blue, Medium Azure Legs, Yellow Jacket, White and Medium Azure Striped Undershirt, Curly Reddish Brown Hair",special,"Non-Buildable Figures (Duplo, Fabuland, etc)",Plastic
53975,Sticker Sheet for Set 8759-1,special,Stickers,Plastic
53980pat0001,"Hair and Hat, Cap with White and Red Front and Reddish Brown Curly Hair",minifigures,Minifig Headwear,Plastic
53980pat0002,"Hair and Hat, Cap with Blue 'RESCUE' Logo, Bright Light Yellow Curly Hair Pattern",minifigures,Minifig Headwear,Plastic
53980pat0003,"Hair and Hat, Cap with Black Front and Reddish Brown Curly Hair",minifigures,Minifig Headwear,Plastic
53981,Hair Angular Swept Sideways,minifigures,Minifig Headwear,Plastic
53982,Hair Angular Swept Back,minifigures,Minifig Headwear,Plastic
53983,"Engine, Very Large Turbine",special,Transportation - Sea and Air,Plastic
53983pat0001,"Engine, Very Large Turbine, with Pearl Light Gray Marbled Pattern",special,Transportation - Sea and Air,Plastic
53983pat0002,"Engine, Very Large Turbine, with Blue Marbled Center",special,Transportation - Sea and Air,Plastic
53984,"Leg Mechanical, Exo-Force Robot",minifigures,Minifig Lower Body,Plastic
53988,Torso/Head Mechanical [Exo-Force Robot],minifigures,Minifigs,Plastic
53988pat0001,"Torso/Head Mechanical, Exo-Force Robot with Marbled Pearl Light Gray Pattern",minifigures,Minifigs,Plastic
53988pat0002,"Torso/Head Mechanical, Exo-Force Robot with Marbled Pearl Gold Pattern",minifigures,Minifigs,Plastic
53989,Arm Mechanical with Clip [Thin Support],minifigures,Minifig Upper Body,Plastic
53990,"Launcher 2 x 3 x 4 2/3, Disc",special,Projectiles / Launchers,Plastic
53992,Technic Tread Large [36 Links],special,Wheels and Tyres,Plastic
53993pat0001,"Projectile, Weapon Disc 2 x 2 with Marbled Yellow Pattern",special,Projectiles / Launchers,Plastic
54001pr0001,"Minifig Creature Head, Demogorgon with Dark Red Inside, Tan Teeth print",minifigures,Minifig Headwear,Plastic
54001pr0002,"Minifig Creature Head, Demogorgon with Flower/Orchid print",minifigures,Minifig Headwear,Plastic
54004pr0001,"Duplo Forklift Front with Grille, Yellow Stripes and White Headlight Eyes Print (Sumsy)",bricks,"Duplo, Quatro and Primo",Plastic
54006c01,Duplo Forklift Cabin with Dark Red Mudguards and Forklift Rails (Sumsy),bricks,"Duplo, Quatro and Primo",Plastic
54007c01,Duplo Car Base 2 x 6 with Four Black Wheels and Dark Red Hubs with Yellow Stripes Print,bricks,"Duplo, Quatro and Primo",Plastic
54007c02,Duplo Car Base 2 x 6 with Four Black Wheels & Metal Blue Hubs,bricks,"Duplo, Quatro and Primo",Plastic
54007c03,Duplo Car Base 2 x 6 with Four Black Wheels and Flat Silver Hubs,bricks,"Duplo, Quatro and Primo",Plastic
54008pr0001,Duplo Vehicle Helicopter Top 4 x 6 x 3 with Propeller Pin and Face and Windows,bricks,"Duplo, Quatro and Primo",Plastic
54009pr0001,Duplo Helicopter Base 6 x 11 x 3 with Skids - Tail with Integrated Narrow Winch Holder 'HAROLD' Print,bricks,"Duplo, Quatro and Primo",Plastic
54011pr0001,Duplo Brick 3 x 6 x 5 Slope 75° All Sides with Green Girders (Cranky) Print,bricks,"Duplo, Quatro and Primo",Plastic
54011pr0002,Duplo Brick 3 x 6 x 5 Slope 75° All Sides with Lion and Crown Banner Print,bricks,"Duplo, Quatro and Primo",Plastic
5401pr0001,Windscreen 7 x 6 1/2 x 2 Motorcycle with Black Border print,bricks,Windscreens and Fuselage,Plastic
54031pr0001,Duplo Armor with Face Shield and Yellow and Blue Breastplate with Lion and Crown Print,bricks,"Duplo, Quatro and Primo",Plastic
54032pr0001,Duplo Armor with Breastplate with Phoenix Print,bricks,"Duplo, Quatro and Primo",Plastic
54034,Duplo Minifig Lance,bricks,"Duplo, Quatro and Primo",Plastic
54035,Duplo Hose Nozzle with Two Handles and Clip,bricks,"Duplo, Quatro and Primo",Plastic
54037,Duplo Sword / Cutlass,bricks,"Duplo, Quatro and Primo",Plastic
5404,Slope 18° 2 x 1 x 2/3,slopes,Bricks Sloped,Plastic
54042,"Duplo Cannon, Shooting, with Axle Hole and Light Bluish Gray Wick",bricks,"Duplo, Quatro and Primo",Plastic
54043,Duplo Cannon Ball 1/2 with Axle Connector,bricks,"Duplo, Quatro and Primo",Plastic
54043b,Duplo Cannon Ball 1/2 with Axle Connector and 4 Holes in Top,bricks,"Duplo, Quatro and Primo",Plastic
5404pr0001,Slope 18° 2 x 1 x 2/3 with Dark Blue 'START' print,slopes,Bricks Sloped,Plastic
5404pr0002,Slope 18° 2 x 1 x 2/3 with Dark Blue 'SELECT' print,slopes,Bricks Sloped,Plastic
5405,Technic Knob Wheel 45° Offset,technic,Technic Gears,Plastic
54057pr0001,"Duplo Flag, Large, Wavy 4 x 6 with Skull and Crossbones Print",bricks,"Duplo, Quatro and Primo",Plastic
54058,Duplo Boat Sail Rod 13L,bricks,"Duplo, Quatro and Primo",Plastic
54060,Duplo Boat Anchor,bricks,"Duplo, Quatro and Primo",Plastic
54062pr0001,"Duplo Figure Head Cover, Shirt with Black Beard, and Hat with Skull and Sabers Print",bricks,"Duplo, Quatro and Primo",Plastic
54062pr0002,"Duplo Figure Head Cover, Shirt with Reddish Brown Beard, and Hat with Skull and Crossbones Print",bricks,"Duplo, Quatro and Primo",Plastic
54066,"Duplo Boat, Aft Cabin with Red Windows and Door Opening",bricks,"Duplo, Quatro and Primo",Plastic
54067,"Duplo Boat, Rudder",bricks,"Duplo, Quatro and Primo",Plastic
54068,"Duplo Basket, Holder for Fire",bricks,"Duplo, Quatro and Primo",Plastic
54070,Duplo Boat Hull 12 x 24 Bottom Section,bricks,"Duplo, Quatro and Primo",Plastic
54071pr0001,Duplo Boat Hull 12 x 25 Top Section with Gold Trim and Dark Blue Front Print,bricks,"Duplo, Quatro and Primo",Plastic
54073pr0001,"Duplo Flag 3 x 2 1/3, with Ragged Edge, Handle, and Treasure Map Print",bricks,"Duplo, Quatro and Primo",Plastic
54074,Duplo Cleaver with Asian Symbols,bricks,"Duplo, Quatro and Primo",Plastic
54080,"Duplo Boat, Plate, Aft Cabin Roof",bricks,"Duplo, Quatro and Primo",Plastic
54086,Wheel Cover 5 Spoke without Centre Stud - 35mm D.,special,Wheels and Tyres,Plastic
54086pr0001,Wheel Cover 5 Spoke for Wheel 20 x 30 with Red Edge Print,special,Wheels and Tyres,Plastic
54087,Wheel 30.4 x 20 without Pinholes and with Unreinforced Rim,special,Wheels and Tyres,Plastic
54090,Aircraft Fuselage Curved Forward 8 x 16 Bottom,bricks,Windscreens and Fuselage,Plastic
54091,Slope Curved 8 x 8 x 2 Inverted Double,bricks,Bricks Curved,Plastic
54092c01,Aircraft Fuselage Curved Forward 8 x 16 x 5 with Trans-Brown Glass,bricks,Windscreens and Fuselage,Plastic
54092c01pr0001,Aircraft Fuselage Curved Forward 8 x 16 x 5 with Trans-Brown Glass with Blue Airline Bird and Stripes Print,bricks,Windscreens and Fuselage,Plastic
54092c01pr0002,Aircraft Fuselage Curved Forward 8 x 16 x 5 with Trans-Brown Glass with Red Airline Bird and Stripes Print,bricks,Windscreens and Fuselage,Plastic
54092c02,Aircraft Fuselage Curved Forward 8 x 16 x 5 with Trans-Light Blue Glass,bricks,Windscreens and Fuselage,Plastic
54093,Wing Plate 20 x 56 with 6 x 10 Opening,special,Transportation - Sea and Air,Plastic
54094,Tail 14 x 2 x 8,special,Transportation - Sea and Air,Plastic
54094pr0001,Tail 14 x 2 x 8 with White Airline Bird Print,special,Transportation - Sea and Air,Plastic
54095,Slope Curved 8 x 8 x 2 Double,bricks,Bricks Curved,Plastic
54096,"Slope, Curved 8 x 8 x 2 Double with Cutout",bricks,Windscreens and Fuselage,Plastic
54097,Door 2 x 4 x 6 Curved Aircraft,bricks,Windscreens and Fuselage,Plastic
54097pr0001,Door 2 x 4 x 6 Curved Aircraft with Dark Bluish Grey/Orange Stripe print,special,Transportation - Sea and Air,Plastic
54100,Boat Hull 51 x 12 x 6,special,Transportation - Sea and Air,Plastic
54101,Boat Deck 51 x 12 x 6,special,Transportation - Sea and Air,Plastic
54116,Sticker Sheet for Set 75946-1,special,Stickers,Plastic
54118,Sticker Sheet for Set 75947-1,special,Stickers,Plastic
54119,Sticker Sheet 2 for Set 75948-1,special,Stickers,Plastic
54120,Tyre 94.8 x 44 R Balloon,special,Wheels and Tyres,Rubber
54121,Sticker Sheet for Set 75934-1,special,Stickers,Plastic
54122,Sticker Sheet for Set 75935-1,special,Stickers,Plastic
54125,"Animal, Dinosaur, Mutant Lizard [Plain]",special,Animals / Creatures,Plastic
54125pr0001,"Animal, Dinosaur, Mutant Lizard with Yellow Specks on Back",special,Animals / Creatures,Plastic
54125pr0002,"Animal, Dinosaur, Mutant Lizard with Blue Specks on Back",special,Animals / Creatures,Plastic
54125pr0003,"Animal, Dinosaur, Mutant Lizard with Bright Light orange Specks on Back",special,Animals / Creatures,Plastic
54128,"Animal Body Part, Dinosaur, Arm / Leg, Left with Claws",special,Animal / Creature Body Parts,Plastic
54129,"Animal Body Part, Dinosaur, Arm / Leg, Right with Claws",special,Animal / Creature Body Parts,Plastic
54130pr0001,"Animal Body Part, Dinosaur, Raptor / Pteranodon Body, Black Top",special,Animal / Creature Body Parts,Plastic
54131pr0001,"Animal Body Part, Dinosaur, Raptor Head with Red Eyes, White Teeth print",special,Animal / Creature Body Parts,Plastic
54132,"Animal Body Part, Dinosaur, Pteranodon, Head",special,Animal / Creature Body Parts,Plastic
5414,Slope Curved 1 x 4 with Stud Notch Right,bricks,Bricks Curved,Plastic
5414pr0001,Slope Curved 1 x 4 with Stud Notch Right with Dark Bluish Grey Whiskers print,bricks,Bricks Curved,Plastic
5414pr0002,Slope Curved 1 x 4 with Stud Notch Right with Black 'Revolut' print,bricks,Bricks Curved,Plastic
5415,Slope Curved 1 x 4 with Stud Notch Left,bricks,Bricks Curved,Plastic
5415pr0001,Slope Curved 1 x 4 with Stud Notch Left with Dark Bluish Grey Whiskers print,bricks,Bricks Curved,Plastic
5415pr0002,Slope Curved 1 x 4 with Stud Notch Left with Black 'Revolut' print,bricks,Bricks Curved,Plastic
5416,Equipment Wand Pack [Complete Set],minifigures,Minifig Accessories,Plastic
54163,"Animal Body Part, Dinosaur, Raptor Leg, Right",special,Animal / Creature Body Parts,Plastic
54166,"Animal Body Part, Dinosaur, Raptor Leg, Left",special,Animal / Creature Body Parts,Plastic
54169,"Large Figure Mask / Visor, Kentis",special,Large Buildable Figures,Plastic
5416a,"Equipment Wand, Wide End, Round Grooves",minifigures,Minifig Accessories,Plastic
5416b,"Equipment Wand, Wide End, Spiral",minifigures,Minifig Accessories,Plastic
5416c,"Equipment Wand, Full Length Spiral",minifigures,Minifig Accessories,Plastic
5416d,"Equipment Wand, Wide End, Smooth",minifigures,Minifig Accessories,Plastic
5416e,"Equipment Wand, Curved, Spiral",minifigures,Minifig Accessories,Plastic
5416f,"Equipment Wand, Snake End",minifigures,Minifig Accessories,Plastic
54170,"Large Figure Mask / Visor, Karzon",special,Large Buildable Figures,Plastic
54171,"Large Figure Weapon Sword, Jayko, King (Series 3)",special,Large Buildable Figures,Plastic
54173,"Large Figure Mask / Visor, Adric",special,Large Buildable Figures,Plastic
54174,"Large Figure Mask / Visor, Dracus",special,Large Buildable Figures,Plastic
54175,"Large Figure Shoulder Cover, Armor, Spiky",special,Large Buildable Figures,Plastic
54176,"Large Figure Limb Cover, Leg Shin Guard, Armour (Type 3)",special,Large Buildable Figures,Plastic
54177,Weapon Spiked Ball Half with 2 Axle Holes,minifigures,"Minifig Shields, Weapons, & Tools",Plastic
54178,"Large Figure Weapon Axe Head, Battleaxe",special,Large Buildable Figures,Plastic
54180pr0001,"Large Figure Shield, 2 x 2 Brick Relief, Bull with Red and Metallic Gold Print",special,Large Buildable Figures,Plastic
54181pr0001,"Large Figure Shield, 2 x 2 Brick Relief, Armored Horse (Unicorn) with Dark Green and Light Bluish Gray Print",special,Large Buildable Figures,Plastic
54182c01pr0001,"Large Figure Torso with Kentis, Sir Print (with Dark Green Front and Silver Chain Mail) Brick 2 x 2 Relief (Series 3)",special,Large Buildable Figures,Plastic
54182c02pr0001,"Large Figure Torso with Adric, Sir Print (Red Front and Silver Chain Mail) Brick 2 x 2 Relief (Series 3)",special,Large Buildable Figures,Plastic
54183pr0001,"Large Figure Shield, 2 x 2 Brick Relief, Snake with Black and Sand Blue Print",special,Large Buildable Figures,Plastic
54184pr0001,"Large Figure Shield, 2 x 2 Brick Relief, Dragon with Bright Light Orange and Black Print",special,Large Buildable Figures,Plastic
54187,"Storage Bin, Dacta, Medium [New Style]",technic,Gear Parts,Plastic
54189,"Storage Bin, Dacta, Large (new style)",technic,Gear Parts,Plastic
54190,"Storage Bin Lid, Dacta [For New Style Trays]",technic,Gear Parts,Plastic
54200,Slope 30° 1 x 1 x 2/3 (Cheese Slope),slopes,Bricks Sloped,Plastic
54200pr0001,"Slope 30° 1 x 1 x 2/3 (Cheese Slope) with Cloth, Tan Rope/Straps print",slopes,Bricks Sloped,Plastic
54200pr0002,Slope 30° 1 x 1 x 2/3 (Cheese Slope) with Telephone Keypad Print,slopes,Bricks Sloped,Plastic
54200pr0003,"Slope 30° 1 x 1 x 2/3 (Cheese Slope) with Cloth, Tan Rope/Straps print",slopes,Bricks Sloped,Plastic
54200pr0004,"Slope 30° 1 x 1 x 2/3 (Cheese Slope) with Keypad, 8 White Buttons, 1 Yellow print",slopes,Bricks Sloped,Plastic
54200pr0005,Slope 30° 1 x 1 x 2/3 (Cheese Slope) with Cheese Holes print,slopes,Bricks Sloped,Plastic
54200pr0006,Slope 30° 1 x 1 x 2/3 (Cheese Slope) with Silver Dots print,slopes,Bricks Sloped,Plastic
54200pr0007,"Slope 30° 1 x 1 x 2/3 (Cheese Slope) with Silver Circles, Button print",slopes,Bricks Sloped,Plastic
54200pr0008,Slope 30° 1 x 1 x 2/3 with Black Triangle print,slopes,Bricks Sloped,Plastic
54200pr0009,Slope 30° 1 x 1 x 2/3 with Two Rounded White Squares Print,slopes,Bricks Sloped,Plastic
54200pr0010,Slope 30° 1 x 1 x 2/3 with Black Triangle print,slopes,Bricks Sloped,Plastic
54200pr0011,Slope 30° 1 x 1 x 2/3 (Cheese Slope) with Silver Surface print,slopes,Bricks Sloped,Plastic
54200pr0012,Slope 30° 1 x 1 x 2/3 (Cheese Slope) with Black BP Logo print,slopes,Bricks Sloped,Plastic
54200pr0013,Slope 30° 1 x 1 x 2/3 with Black/Red Stripe print,slopes,Bricks Sloped,Plastic
54200pr0014,Slope 30° 1 x 1 x 2/3 with Black Surface print,slopes,Bricks Sloped,Plastic
54200pr0015,"Slope 30° 1 x 1 x 2/3 with Gold/Metal Orange Eye, Black Pupil, Outline print",slopes,Bricks Sloped,Plastic
54200pr0016,"Slope 30° 1 x 1 x 2/3 with Dark Azure/White Eye, Dark Purple Outline print",slopes,Bricks Sloped,Plastic
54200pr0017,"Slope 30° 1 x 1 x 2/3 with Olive Green/White Eye, Dark Purple Outline print",slopes,Bricks Sloped,Plastic
54200pr0018,Slope 30° 1 x 1 x 2/3 (Cheese Slope) with Ferrari Logo print,slopes,Bricks Sloped,Plastic
54200pr0019,"Slope 30° 1 x 1 x 2/3 (Cheese Slope) with Ferrari Logo, Black Triangle print",slopes,Bricks Sloped,Plastic
54200pr0020,"Slope 30° 1 x 1 x 2/3 (Cheese Slope) with Ferrari Logo, Black Triangle print",slopes,Bricks Sloped,Plastic
54200pr0021,"Slope 30° 1 x 1 x 2/3 (Cheese Slope) with Dark Blue 'HSC', Oval print",slopes,Bricks Sloped,Plastic
54200pr0022,Slope 30° 1 x 1 x 2/3 (Cheese Slope) with Dark Bluish grey Mercedes Logo print,slopes,Bricks Sloped,Plastic
54200pr0023,Slope 30° 1 x 1 x 2/3 (Cheese Slope) with White Aston Martin Logo on Green background print,slopes,Bricks Sloped,Plastic
54200pr0024,Slope 30° 1 x 1 x 2/3 (Cheese Slope) with White 'HRC Honda RACING' on Blue Background print,slopes,Bricks Sloped,Plastic
54200pr0025,"Slope 30° 1 x 1 x 2/3 (Cheese Slope) with White 'A', 'A524' on Blue Background print",slopes,Bricks Sloped,Plastic
54200pr0026,Slope 30° 1 x 1 x 2/3 (Cheese Slope) with White 'W' on Blue Background print,slopes,Bricks Sloped,Plastic
54200pr0027,Slope 30° 1 x 1 x 2/3 (Cheese Slope) with Black Safety Bar print,slopes,Bricks Sloped,Plastic
54200pr0028,Slope 30° 1 x 1 x 2/3 (Cheese Slope) with Black Air Vent print,slopes,Bricks Sloped,Plastic
54200pr0029,Slope 30° 1 x 1 x 2/3 (Cheese Slope) with Black Air Vent print,slopes,Bricks Sloped,Plastic
54200pr0030,Slope 30° 1 x 1 x 2/3 (Cheese Slope) with Phaser Type 2 print,slopes,Bricks Sloped,Plastic
54200pr0031,"Slope 30° 1 x 1 x 2/3 (Cheese Slope) with Lime/Yellowish Green Eye, Dark Bluish Grey Wrinkles print",slopes,Bricks Sloped,Plastic
54200pr0032,Slope 30° 1 x 1 x 2/3 (Cheese Slope) with Ferrari Logo print,slopes,Bricks Sloped,Plastic
54200pr0033,"Slope 30° 1 x 1 x 2/3 (Cheese Slope) with Mercedes Logo on Orange Circle, White 'APX GP' print",slopes,Bricks Sloped,Plastic
54200pr0034,Slope 30° 1 x 1 x 2/3 (Cheese Slope) with Medium Azure Shape print,slopes,Bricks Sloped,Plastic
54200pr0035,Slope 30° 1 x 1 x 2/3 (Cheese Slope) with Medium Azure Shape print,slopes,Bricks Sloped,Plastic
54200pr0036,Slope 30° 1 x 1 x 2/3 (Cheese Slope) with Silver Mesh print,slopes,Bricks Sloped,Plastic
54205,Sticker Sheet for Set 8758-1,special,Stickers,Plastic
54206,Sticker Sheet for Set 7017-1,special,Stickers,Plastic
54207,"Sticker Sheet for Sets 7016-1, 7019-1",special,Stickers,Plastic
54208,"Sticker Sheet for Sets 7018-1, 7021-1",special,Stickers,Plastic
54213,"Animal Body Part, Dinosaur, Tyrannosaurus Rex Body with Black Top and Tan Tail",special,Animal / Creature Body Parts,Plastic
54214,"Animal Body Part, Dinosaur, Pteranodon Wing, Right",special,Animal / Creature Body Parts,Plastic
54215,"Animal Body Part, Dinosaur, Pteranodon Wing, Left",special,Animal / Creature Body Parts,Plastic
5422pr0001,"Animal, Capybara",special,Animals / Creatures,Plastic
54232,Clikits Circle 10 x 10 (Pencil Holder Base),special,Clikits,Plastic
54233,Clikits Rectangle 30 x 12 with 2 Slots & Tabs and 9 Holes (Pencil Holder Cylinder),special,Clikits,Plastic
54239,"Clikits Notepad, T-Shirt Shape",special,Clikits,Cardboard/Paper
54246,Duplo Food Steak,bricks,"Duplo, Quatro and Primo",Plastic
54249,"Clikits Icon Accent, Ribbon, Oval, 2 Square Holes, Folds into Bow",special,Clikits,Cloth
54251pr0001,"Clikits Icon Accent, Flower 6 x 6 x 2/3 with Sky Blue Petals Print",special,Clikits,Plastic
54251pr0002,"Clikits Icon Accent, Flower 6 x 6 x 2/3 with Dark Pink Petals Print",special,Clikits,Plastic
54255pr0001,"Wing, 6 x 12, Scalloped with Leather and Stick Print",special,Animal / Creature Body Parts,Plastic
54255pr0002,"Wing, 6 x 12, Scalloped, with Wyvern Dragon Wing Print",special,Animal / Creature Body Parts,Plastic
5426,"Technic Panel Curved 3 x 13 x 2 Tapered, Right",technic,Technic Panels,Plastic
54262,Large Figure Mask Kadin,special,Large Buildable Figures,Rubber
54263,Large Figure Mask Sanok,special,Large Buildable Figures,Rubber
5427,Technic Panel Curved 3 x 9,technic,Technic Panels,Plastic
54270,"Large Figure Mask Piraka, with Flexible Spine and Arm Covers, Reidak",special,Large Buildable Figures,Plastic
54271,"Large Figure Weapon, Zamor Sphere Launcher",special,Projectiles / Launchers,Plastic
54272,"Large Figure Weapon Sword, Lava Chamber Gate Sword",special,Large Buildable Figures,Plastic
54273,Large Figure Head Fenrakk,special,Large Buildable Figures,Plastic
54274pr0001,"Minifig Head Special, Inika Toa Matoro",minifigures,Minifig Heads,Plastic
54275,"Torso Mechanical, Bionicle",minifigures,Minifig Upper Body,Plastic
54276,"Legs Mechanical, Bionicle",minifigures,Minifig Lower Body,Plastic
5428,Wheel 75 x 41 McLaren P1,special,Wheels and Tyres,Plastic
5429,Technic Wishbone Suspension Arm 13 x 6 x 3,technic,"Technic Steering, Suspension and Engine",Plastic
54290,Sticker Sheet for Set 10170-1,special,Stickers,Plastic
54291,"Large Figure Weapon Sword, Vladek, Lord (Series 3)",special,Large Buildable Figures,Plastic
54308,Duplo Turntable 4 x 4 Base,bricks,"Duplo, Quatro and Primo",Plastic
54313,"Clikits Icon Accent, Leaf 3 1/8 x 2",special,Clikits,Plastic
54315,"Clikits Icon Accent, Leaf 5 x 3 with Cutouts",special,Clikits,Plastic
54317,"Clikits Icon Accent, Leaf 6 x 4 with Cutouts",special,Clikits,Plastic
5431pr0001,Duplo Stuffed Animal with Face print,bricks,"Duplo, Quatro and Primo",Plastic
54342c01,"Clikits Cord, Jelly String, 110mm, Same Colored Caps",special,Clikits,Plastic
54342c02,"Clikits Cord, Jelly String, 110mm, Trans-Orange Top Attachment and Trans-Dark Pink Side Attachment",special,Clikits,Plastic
54342c03,"Clikits Cord, Jelly String, 110mm, Trans-Medium Blue Caps, Side Attachment",special,Clikits,Plastic
54342c04,"Clikits Cord, Jelly String, 110mm, Same Colored Caps, Side Attachment",special,Clikits,Plastic
5435,"Energy Effect, Spiked Dragon for Spinner",special,Energy Effects,Plastic
54358,"Storage / Sorting Tray, Dacta [For New Style Storage Bins]",technic,Gear Parts,Plastic
5436,"Projectile, Base for Spinner with Axle",special,Projectiles / Launchers,Plastic
54363,"Trading Card Bag, Knights Kingdom II",special,Non-System Parts,Cloth
54383,Wedge Plate 6 x 3 Right,plates,Plates Angled,Plastic
54384,Wedge Plate 6 x 3 Left,plates,Plates Angled,Plastic
54390,"Sticker Sheet for Set 8663-1, Sheet 2 for Set 6111-1",special,Stickers,Plastic
54391,Sticker Sheet for Set 8662-1,special,Stickers,Plastic
54392,Sticker Sheet for Set 8661-1,special,Stickers,Plastic
54393,Sticker Sheet for Set 8664-1,special,Stickers,Plastic
54395,Sticker Sheet for Set 8666-1,special,Stickers,Plastic
54396,Sticker Sheet for Set 8667-1,special,Stickers,Plastic
54397,Sticker Sheet for Set 8668-1,special,Stickers,Plastic
54398,Sticker Sheet for Set 8670-1,special,Stickers,Plastic
54399,Sticker Sheet for Set 8669-1,special,Stickers,Plastic
54401,Sticker Sheet for Set 8671-1,special,Stickers,Plastic
54402,Sticker Sheet for Set 8672-1 (R. Barrichello Version),special,Stickers,Plastic
54403,Sticker Sheet for Set 8673-1,special,Stickers,Plastic
54404,Sticker Sheet for Set 8675-1,special,Stickers,Plastic
5443,Technic Axle Connector 5L with One Side Frictionless,technic,Technic Connectors,Plastic
5446pat0001,"Projectile, Koopa Troopa Shell with Lever with Bright Green Top Pattern",special,Projectiles / Launchers,Plastic
5446pat0002,"Projectile, Koopa Troopa Shell with Lever with Red Top Pattern",special,Projectiles / Launchers,Plastic
54470,"Sticker Sheet for Sets 7296-1, 7475-1",special,Stickers,Plastic
54471,"Sticker Sheet for Sets 7476-1, 7297-1",special,Stickers,Plastic
54472,"Sticker Sheet for Sets 7298-1, 7477-1",special,Stickers,Plastic
54503,Sticker Sheet for Set 8769-1,special,Stickers,Plastic
54528pr0001,Duplo Animal Lion Cub with Raised Paw and Black Nose and Eyes Print,bricks,"Duplo, Quatro and Primo",Plastic
54528pr0002,Duplo Animal Leopard Cub with Raised Paw and Spots Print,bricks,"Duplo, Quatro and Primo",Plastic
54528pr0003,Duplo Animal Panther Cub with Raised Paw - Angular Eye with White Pupil Print,bricks,"Duplo, Quatro and Primo",Plastic
54528pr0004,Duplo Animal Tiger Cub with Raised Paw - Black Fur Stripes on Face and Back Print,bricks,"Duplo, Quatro and Primo",Plastic
54528pr0005,Duplo Animal Leopard Cub with Raised Paw and Spots on Head and Back Print,bricks,"Duplo, Quatro and Primo",Plastic
54528pr0006,Duplo Animal Lion Cub with Raised Paw and Black Nose and Semi-circular Eyes Print,bricks,"Duplo, Quatro and Primo",Plastic
54537,"Belville, Cloak for King with White and Black Satin Trim and Stiff Collar",special,"Belville, Scala and Fabuland",Cloth
54539,"Belville, Skirt, Long, Sheer with Golden Layer with no Jewel",special,"Belville, Scala and Fabuland",Cloth
54541,"Belville, Dress, Child, Long, Short Net Sleeves, Pink Skirt with Crown and Swirls Pattern",special,"Belville, Scala and Fabuland",Cloth
54542,"Belville, Dress, Child, Long, Short Net Sleeves, Pink Skirt with White Snowflake Pattern",special,"Belville, Scala and Fabuland",Cloth
54543,"Belville, Skirt, Girl, with Fairy Wings",special,"Belville, Scala and Fabuland",Cloth
54568,Propeller with Pin,special,Transportation - Sea and Air,Plastic
54569pr0001,"Duplo Brick 2 x 4 x 2, Molded Face with Cranky Print",bricks,"Duplo, Quatro and Primo",Plastic
54572,"Storage / Sorting Tray, Dacta, 13 Cups [For New Style Storage Bins]",technic,Gear Parts,Plastic
54590,Sticker Sheet for Set 3570-1,special,Stickers,Plastic
54597,Sticker Sheet for Set 70676-1,special,Stickers,Plastic
54600c01,Quatro Car Base 2 x 4 with Hitches and 4 Yellow Wheels,bricks,"Duplo, Quatro and Primo",Plastic
54605,Light Brick 2 x 4 [Red LED],technic,Electronics,Plastic
54617,"Animal Body Part, Dinosaur, Tyrannosaurus Rex Head with Black Top and Tan Teeth and Light Up Eyes",special,Animal / Creature Body Parts,Plastic
54618pat0001,"Animal Body Part, Dinosaur, Tyrannosaurus Rex Leg, Left with Tan Claws Pattern",special,Animal / Creature Body Parts,Plastic
54620pat0001,"Animal Body Part, Dinosaur, Tyrannosaurus Rex Leg, Right with Tan Claws Pattern",special,Animal / Creature Body Parts,Plastic
54647pat0001,"Hair and Helmet, Mid-Length with Lime Bike Helmet pattern",minifigures,Minifig Headwear,Plastic
54647pat0002,"Hair and Helmet, Mid-Length with White Bike Helmet pattern",minifigures,Minifig Headwear,Plastic
54647pat0003,"Hair and Helmet, Mid-Length with Dark Purple Bike Helmet pattern",minifigures,Minifig Headwear,Plastic
54651pr0001,"Duplo Animal Penguin, with White Only, Chest Print",bricks,"Duplo, Quatro and Primo",Plastic
54657,"Hinge Plate 1 x 2 Locking with 2 Fingers On End, without Groove, 7 Teeth",special,"Hinges, Arms and Turntables",Plastic
5465pr0001,"Minifig Head Special, Robot Armor with Lime Screen, Dark Purple Face, Belt print",minifigures,Minifig Heads,Plastic
5466,"Door 1 x 4 x 6 with Window, Wood Structure, Tight Window Hold",bricks,Windows and Doors,Plastic
54661,"Hinge Brick 1 x 4 Locking with 1 Finger Vertical End and 2 Fingers Vertical End, 7 Teeth",special,"Hinges, Arms and Turntables",Plastic
54662,"Hinge Cylinder 1 x 3 Locking with 1 Finger and 2 Fingers On Ends, with Hole, 7 Teeth",special,"Hinges, Arms and Turntables",Plastic
54669,Forklift Mast Wide 1 x 2 Hinge Plate Locking with Rubber Belt Holder [Reinforced],special,Transportation - Land,Plastic
54671,"Hinge Brick 1 x 2 Locking with 2 Fingers Vertical End, 7 teeth",special,"Hinges, Arms and Turntables",Plastic
54672,"Hinge Brick 1 x 2 Locking with 2 Fingers Horizontal End, 7 Teeth",special,"Hinges, Arms and Turntables",Plastic
54675,"Motor, Large Angular, SPIKE, White Housing, White Wire",technic,Electronics,Plastic
54685,Sticker Sheet for Set 9211-1,special,Stickers,Plastic
5468pr0001,"Helmet Ice Planet with Antenna, Orange Visor print",minifigures,Minifig Headwear,Plastic
54690,"Cable, Converter, 35cm for NXT",technic,Electronics,Plastic
54695,"Windscreen 7 x 4 x 1 2/3 with Hinges, 7 Teeth",bricks,Windscreens and Fuselage,Plastic
54696,"Motor, Medium Servo SPIKE",technic,Electronics,Plastic
5469pat0001pr0001,"Minifig Head Alien with Stretched Head, with Dark Blue Claws Pattern, Metal Sand Green Face, 4 Bright Light Yellow Eyes, Magenta Hexagons print",minifigures,Minifig Heads,Plastic
5470,Hips and Legs Robot Classic,minifigures,Minifig Lower Body,Plastic
54701c01,Aircraft Fuselage Curved Aft Section with Light Bluish Gray Base,bricks,Windscreens and Fuselage,Plastic
54701c01pr0001,"Aircraft Fuselage Curved Aft Section with Light Bluish Gray Base, Dark Bluish Gray & Blue Stripes Print",bricks,Windscreens and Fuselage,Plastic
54701c02,Aircraft Fuselage Curved Aft Section with Dark Bluish Gray Base,bricks,Windscreens and Fuselage,Plastic
54701c03,Aircraft Fuselage Curved Aft Section with White Top,bricks,Windscreens and Fuselage,Plastic
54701c04,Aircraft Fuselage Curved Aft Section with Red Base,bricks,Windscreens and Fuselage,Plastic
54701c05,Aircraft Fuselage Curved Aft Section with White Base,bricks,Windscreens and Fuselage,Plastic
54701c06,Aircraft Fuselage Curved Aft Section with Medium Lavender Base,bricks,Windscreens and Fuselage,Plastic
54703,Rubber End Cap of Aircraft Fuselage,bricks,Windscreens and Fuselage,Rubber
54706,Sticker Sheet for Set 7579-1,special,Stickers,Plastic
54707,Sticker Sheet for Set 76128-1,special,Stickers,Plastic
54708,"Battery Cover, NXT",technic,Electronics,Plastic
5473,"Hair Mid Length, Parted with Hole",minifigures,Minifig Headwear,Plastic
54734,"Battery Box, 9V, 4 x 11 x 7 with Red Switch [Complete Assembly]",technic,Electronics,Plastic
54742,Sticker Sheet for Set 76129-1,special,Stickers,Plastic
54754,"Motor, Train Base, RC Train",technic,Electronics,Plastic
54754c01,"Motor, Train Base, RC Train [Complete Assembly]",technic,Electronics,Plastic
54754c01pr0001,"Motor, Train Base, RC Train with Red Bar Print [Complete Assembly]",technic,Electronics,Plastic
54754pr0001,"Motor, Train Base, RC Train with Red Bar Print",technic,Electronics,Plastic
54771,"Sticker Sheet for Sets 7577-1, 7581-1",special,Stickers,Plastic
54772,Sticker Sheet for Set 7578-1,special,Stickers,Plastic
54778,Sticker Sheet for Set 76130-1,special,Stickers,Plastic
54779c01,Boat 12 x 51 x 6 with Light Bluish Grey Top [Complete Assembly],special,Transportation - Sea and Air,Plastic
54779c02,Boat 12 x 51 x 6 with Dark Bluish Grey Top [Complete Assembly],special,Transportation - Sea and Air,Plastic
5477pr0001,"Minifig, Gollum with Dark Bluish Grey Hair, Medium Azure Eyes, Dark Tan Wrinkles print",minifigures,Minifigs,Plastic
5478pat0001,Minifig Headwear Turban with Crown gold pattern,minifigures,Minifig Headwear,Plastic
54802,Flywheel Inertia Motor 9 x 4 x 3 2/3,technic,Mechanical,Plastic
54806,Sticker Sheet for Set 76118-1,special,Stickers,Plastic
54807,Sticker Sheet for Set 76120-1,special,Stickers,Plastic
5480pr0001,"Shield Broad with Cutout Corner with Rust, Scratches print",minifigures,"Minifig Shields, Weapons, & Tools",Plastic
54811,Sticker Sheet for Set 76122-1,special,Stickers,Plastic
5481pr0001,"Minifig Head Special, Cat with Dark Orange/Sand Blue Top print",minifigures,Minifig Heads,Plastic
54821,"Projectile, Large Figure Weapon, Zamor Sphere / Ball",special,Projectiles / Launchers,Plastic
54821pat0001,"Projectile, Large Figure Weapon, Zamor Sphere / Ball with Marbled Bright Light Orange Pattern",special,Projectiles / Launchers,Plastic
54821pat0002,"Projectile, Large Figure Weapon, Zamor Sphere / Ball with Marbled Trans-Bright Green Pattern",special,Projectiles / Launchers,Plastic
54821pat0005,"Projectile, Large Figure Weapon, Zamor Sphere / Ball with Marbled Trans-Yellow Pattern [Palantír]",special,Projectiles / Launchers,Plastic
54821pat0006,"Projectile, Large Figure Weapon, Zamor Sphere / Ball with Marbled Yellow Pattern",special,Projectiles / Launchers,Plastic
54821pat0007,"Projectile, Large Figure Weapon, Zamor Sphere / Ball with Marbled White Pattern",special,Projectiles / Launchers,Plastic
5483,Helmet Pack Orc [Complete],minifigures,Minifig Headwear,Plastic
5483a,Helmet Orc with Straight Nose Protector (Sam),minifigures,Minifig Headwear,Plastic
5483b,Helmet Orc with Curved Nose Protector (Frodo),minifigures,Minifig Headwear,Plastic
5483c,Helmet Orc with Straight Cheek Guards,minifigures,Minifig Headwear,Plastic
5483d,Helmet Orc with Curved Cheek Guards,minifigures,Minifig Headwear,Plastic
54849,Duplo Cannon Base 4 x 4,bricks,"Duplo, Quatro and Primo",Plastic
54850,"Duplo Boat, Hull, 14 x 27 Bottom Section",bricks,"Duplo, Quatro and Primo",Plastic
54855,"Duplo Hook, with Pearl Light Gray Hook and 4 Spikes",bricks,"Duplo, Quatro and Primo",Plastic
54856,"Duplo Boat Hull 14 x 31, Top Section with Red Trim and White Skulls",bricks,"Duplo, Quatro and Primo",Plastic
54859,"Duplo Boat Rigging, 4 x 21",bricks,"Duplo, Quatro and Primo",Plastic
54860,Duplo Brick 2 x 2 with Chain with End Stud Holder,bricks,"Duplo, Quatro and Primo",Plastic
54861pr0001,"Duplo Boat, Sail 11 x 12 with Skull and Crossbones Print",bricks,"Duplo, Quatro and Primo",Plastic
54862,Duplo Boat Sail 11 x 7,bricks,"Duplo, Quatro and Primo",Plastic
54862pr0001,Duplo Boat Sail 11 x 7 with Skull and 2 Sabers Print,bricks,"Duplo, Quatro and Primo",Plastic
54869,Light Brick 2 x 3 x 1 1/3 with Dark Bluish Gray Base [Red LED],technic,Electronics,Plastic
54872pr0001,"Minifig Head Special, SpongeBob with Happy Print",minifigures,Minifig Heads,Plastic
54872pr0002,"Minifig Head Special, SpongeBob with Open Downturned Mouth Print",minifigures,Minifig Heads,Plastic
54872pr0003,"Minifig Head Special, SpongeBob with Tongue Out Print",minifigures,Minifig Heads,Plastic
54872pr0004,"Minifig Head Special, SpongeBob with Spacesuit Print",minifigures,Minifig Heads,Plastic
54872pr0005,"Minifig Head Special, SpongeBob with Bandage Print",minifigures,Minifig Heads,Plastic
54872pr0006,"Minifig Head Special, SpongeBob with Bottom Teeth Print",minifigures,Minifig Heads,Plastic
54872pr0007,"Minifig Head Special, SpongeBob with Half-Open Eyes Print",minifigures,Minifig Heads,Plastic
54872pr0008,"Minifig Head Special, SpongeBob with Open Smile Large Print",minifigures,Minifig Heads,Plastic
54872pr0009,"Minifig Head Special, SpongeBob with Super Hero Print",minifigures,Minifig Heads,Plastic
54872pr0010,"Minifig Head Special, SpongeBob with Open Smile Large and Blue Lei Print",minifigures,Minifig Heads,Plastic
54872pr0011,"Minifig Head Special, SpongeBob with Eyepatch Print",minifigures,Minifig Heads,Plastic
54873,"Minifig Head Special, Starfish (Patrick) [Plain]",minifigures,Minifig Heads,Plastic
54873pr0001,"Minifig Head Special, Starfish with Eyes and Smile Print (Patrick)",minifigures,Minifig Heads,Plastic
54873pr0002,"Minifig Head Special, Starfish with Spacesuit Print (Patrick)",minifigures,Minifig Heads,Plastic
54873pr0003,"Minifig Head Special, Starfish with Tongue Out Print (Patrick)",minifigures,Minifig Heads,Plastic
54873pr0004,"Minifig Head Special, Starfish with Bright Green Mask Print (Patrick)",minifigures,Minifig Heads,Plastic
54873pr0005,"Minifig Head Special, Starfish with Open Mouth and Ice Cream Splotches Print (Patrick)",minifigures,Minifig Heads,Plastic
54873pr0006,"Minifig Head Special, Starfish with Eyepatch Print (Patrick)",minifigures,Minifig Heads,Plastic
54873pr0007,"Minifig Head Special, Starfish with Sunglasses Print (Patrick)",minifigures,Minifig Heads,Plastic
54874pr0001,"Minifig Head Special, Mr. Krabs with Closed Mouth Print",minifigures,Minifig Heads,Plastic
54874pr0002,"Minifig Head Special, Mr. Krabs with Large Grin Print",minifigures,Minifig Heads,Plastic
54880,Sticker Sheet 1 for Set 3569-1,special,Stickers,Plastic
54888,Sticker Sheet 2 for Set 3569-1,special,Stickers,Plastic
54889,Sticker Sheet for Set 8490-1,special,Stickers,Plastic
5489,Brick Round 2 x 2 D. Tube with 45° Elbow and Axle Holes (Crossholes) at Each End [LONG],bricks,Bricks Round and Cones,Plastic
54890a,Sticker Sheet for Set 8369-1,special,Stickers,Plastic
54890b,Sticker Sheet for Set 8369-2,special,Stickers,Plastic
54907,Sticker Sheet for Set 7700-1,special,Stickers,Plastic
5491,Pram / Stroller,minifigures,Minifig Accessories,Plastic
54912,Sticker Sheet for Set 7701-1,special,Stickers,Plastic
54913,Sticker Sheet for Set 6207-1,special,Stickers,Plastic
54914,Sticker Sheet for Set 6208-1,special,Stickers,Plastic
54922,Sticker Sheet for Set 7844-1,special,Stickers,Plastic
5492pat0001,"Hair and Hat, Short Hair and Beanie Coral pattern",minifigures,Minifig Headwear,Plastic
5492pat0002,"Hair and Hat, Short Hair and Beanie Red pattern",minifigures,Minifig Headwear,Plastic
5492pat0003,"Hair and Hat, Short Hair and Beanie Dark Blue pattern",minifigures,Minifig Headwear,Plastic
5492pat0004,"Hair and Hat, Short Hair and Beanie Medium Lavender pattern",minifigures,Minifig Headwear,Plastic
54937,"Large Figure Limb Cover, Leg Shin Guard, Armour (Type 2)",special,Large Buildable Figures,Plastic
54941,Sticker Sheet for Set 7704-1,special,Stickers,Plastic
5496,"Animal Body Part, Dragon Head Long",special,Animal / Creature Body Parts,Plastic
5497,Windscreen Rounded 6 x 6 x 3 2/3,bricks,Windscreens and Fuselage,Plastic
5498,Windscreen Rounded 6 x 8 x 3 2/3,bricks,Windscreens and Fuselage,Plastic
5500,Ghost Effect with Bar,special,Energy Effects,Plastic
55000,Sticker Sheet for Set 3568-1,special,Stickers,Plastic
55007,Duplo Winch Drum Holder 2 x 2 x 3,bricks,"Duplo, Quatro and Primo",Plastic
55009,LEGO Hook (55009),bricks,"Duplo, Quatro and Primo",Plastic
5501,"Minifig Neckwear Armor Shoulder Pad Single with Scabbard for 2 Katanas, Wedge",minifigures,Minifig Neckwear,Plastic
55010,"Large Figure Shoulder Cover, Armor, Ridged",special,Large Buildable Figures,Plastic
55013,Technic Axle 8 with Stop,technic,Technic Axles,Plastic
5502,"Creature, Baby Dragon",special,Animals / Creatures,Plastic
55023,Sticker Sheet for Set 7702-1,special,Stickers,Plastic
55024,"Belville, Dress, Child, Long, Short Net Sleeves, Gold Skirt",special,"Belville, Scala and Fabuland",Cloth
55026,Sticker Sheet for Set 6210-1,special,Stickers,Plastic
55027,Sticker Sheet for Set 7890-1,special,Stickers,Plastic
55073,"Sticker Sheet for Set 7902-1, 6164-1",special,Stickers,Plastic
55075,Sticker Sheet for Set 7893-1,special,Stickers,Plastic
55080,Sticker Sheet for Set 7703-1,special,Stickers,Plastic
55087,"Large Figure Cape, Tattered, 1 Hole",special,Large Buildable Figures,Cloth
5517,Hair with Snakes,minifigures,Minifig Headwear,Plastic
5518,Plate Special 2 x 3 with Cloud Edge,plates,Plates Special,Plastic
55180,Large Figure Mask from Canister Lid (Piraka Thok) - Set 8905,special,Large Buildable Figures,Plastic
55186,Duplo Boat Mast 4 x 4 x 10,bricks,"Duplo, Quatro and Primo",Plastic
5520,Tile Round 2 x 2 Half Circle,tiles,Tiles Round and Curved,Plastic
55206c01,Sound Brick 2 x 4 x 2 Clear Top - Revving Motor Sound,technic,Electronics,Plastic
55206c02,Sound Brick 2 x 4 x 2 Light Bluish Gray Top with Dinosaur Roar Sound,technic,Electronics,Plastic
55206c03,Sound Brick 2 x 4 x 2 with Trans-Clear Top and Klaxon Alarm Sound,technic,Electronics,Plastic
55206c04,Sound Brick 2 x 4 x 2 with Light Bluish Gray Top and Carousel Sound,technic,Electronics,Plastic
55206c05,Sound Brick 2 x 4 x 2 with Light Bluish Gray Top and Space Sound,technic,Electronics,Plastic
55206c06,Sound Brick 2 x 4 x 2 with Light Bluish Gray Top and Doorbell then Dog Bark Sound,technic,Electronics,Plastic
5520pr0001,Tile Round 2 x 2 Half Circle with Nougat Inner Ear (Right) print,tiles,Tiles Round and Curved,Plastic
5520pr0002,Tile Round 2 x 2 Half Circle with Nougat Inner Ear (Left) print,tiles,Tiles Round and Curved,Plastic
5520pr0003,Tile Round 2 x 2 Half Circle with White Rectangle / Pupil print,tiles,Tiles Round and Curved,Plastic
5520pr0004,"Tile Round 2 x 2 Half Circle with Black Grill, Red Bugatti Symbol, '16' print",tiles,Tiles Round and Curved,Plastic
5520pr0005,Tile Round 2 x 2 Half Circle with Dark Bluish Grey Grille print,tiles,Tiles Round and Curved,Plastic
5520pr0006,Tile Round 2 x 2 Half Circle with Black/Silver Circles (Snowtrooper Mask) print,tiles,Tiles Round and Curved,Plastic
5520pr0007,"Tile Round 2 x 2 Half Circle with Reddish Brown Eye, Dark Brown Eyebrow Right print",tiles,Tiles Round and Curved,Plastic
5520pr0008,"Tile Round 2 x 2 Half Circle with Reddish Brown Eye, Dark Brown Eyebrow Left print",tiles,Tiles Round and Curved,Plastic
5520pr0009,Tile Round 2 x 2 Half Circle with Black/Dark Red Oval print,tiles,Tiles Round and Curved,Plastic
5521pr0001,"Minidoll Head Special, Anxiety",minifigures,Minidoll Heads,Plastic
55236,"Plant / Creature Body Part, Vine / Tail / Tentacle / Bionicle Spine, Spiky",special,Plants & Trees,Plastic
55237,Weapons [Complete Sprue],minifigures,"Minifig Shields, Weapons, & Tools",Plastic
55237a,Weapon Blade (Toa Kongu),minifigures,"Minifig Shields, Weapons, & Tools",Plastic
55237b,"Weapon Saw, Circular (Toa Matoro)",minifigures,"Minifig Shields, Weapons, & Tools",Plastic
55237c,Weapon Axe (Toa Nuparu),minifigures,"Minifig Shields, Weapons, & Tools",Plastic
55237d,Weapon Axe Head (Toa Hahli),minifigures,"Minifig Shields, Weapons, & Tools",Plastic
55237e,Weapon Sword (Toa Jaller),minifigures,"Minifig Shields, Weapons, & Tools",Plastic
55237f,Weapon Claw (Toa Hewkii),minifigures,"Minifig Shields, Weapons, & Tools",Plastic
55237g,Weapon Staff (Piraka Zaktan),minifigures,"Minifig Shields, Weapons, & Tools",Plastic
55237h,Weapon Blade (Piraka Avak),minifigures,"Minifig Shields, Weapons, & Tools",Plastic
55237i,Weapon Sword (Piraka Thok),minifigures,"Minifig Shields, Weapons, & Tools",Plastic
55237j,Weapon Hammer (Piraka Reidak),minifigures,"Minifig Shields, Weapons, & Tools",Plastic
55237k,"Weapon Blade, Double (Piraka Hakann)",minifigures,"Minifig Shields, Weapons, & Tools",Plastic
55237l,Weapon Axe Head (Piraka Vezok),minifigures,"Minifig Shields, Weapons, & Tools",Plastic
55238,Large Figure Mask Vezok (Piraka Vezok Style),special,Large Buildable Figures,Plastic
55240pr0001,"Minifig Head Special, Piraka Thok",minifigures,Minifig Heads,Plastic
5525,Headwear Accessory Vintage Sci-Fi Antenna,minifigures,Minifig Headwear Accessories,Plastic
55295,Tool Hammer Cross Pein [6-Rib Handle],minifigures,"Minifig Shields, Weapons, & Tools",Plastic
55296,Tool Oil Can [Smooth Handle],minifigures,"Minifig Shields, Weapons, & Tools",Plastic
55297,"Tool Drill, Electric",minifigures,"Minifig Shields, Weapons, & Tools",Plastic
55298,Tool Screwdriver with Narrow Head [6-Rib Handle],minifigures,"Minifig Shields, Weapons, & Tools",Plastic
55299,Tool Wrench / Spanner Open End [6-Rib Handle],minifigures,"Minifig Shields, Weapons, & Tools",Plastic
55300,"Tool Wrench / Spanner, Box [6-Rib Handle]",minifigures,"Minifig Shields, Weapons, & Tools",Plastic
55303,Large Figure Mask from Canister Lid (Piraka Avak) - Set 8904,special,Large Buildable Figures,Plastic
55304,Large Figure Mask from Canister Lid (Piraka Zaktan),special,Large Buildable Figures,Plastic
55305,Large Figure Mask from Canister Lid (Piraka Vezok) - Set 8902,special,Large Buildable Figures,Plastic
55306,Large Figure Mask from Canister Lid (Piraka Hakann) - Set 8901,special,Large Buildable Figures,Plastic
55307,Large Figure Mask from Canister Lid (Piraka Reidak) - Set 8900,special,Large Buildable Figures,Plastic
55316,Sticker Sheet for Set 8283-1,special,Stickers,Plastic
5532,Brick Round Corner 5 x 5 Macaroni with 1/3 Inner Side,bricks,Bricks Round and Cones,Plastic
5533,Smoke / Bubbles with Anti-Stud,special,Energy Effects,Plastic
55342,"Roof, Tattered (Flintstones Car)",special,Non-System Parts,Plastic
55343,Duplo Pistol with Silver Barrel,bricks,"Duplo, Quatro and Primo",Plastic
5539,Minifig Neckwear Breathing Apparatus Darth Malak,minifigures,Minifig Neckwear,Plastic
5540,Slope 45° 2 x 4 with 2/3 Inverted Cutout and no Studs,slopes,Bricks Sloped,Plastic
55422,"Battery Pack, Rechargeable, SPIKE, 7.3V",technic,Electronics,Plastic
55426,Sticker Sheet for Set 7705-1,special,Stickers,Plastic
55427,Sticker Sheet for Set 7708-1,special,Stickers,Plastic
55428,Sticker Sheet for Set 7711-1,special,Stickers,Plastic
55436,Duplo Crane Arm (Full Assembly),bricks,"Duplo, Quatro and Primo",Plastic
55455,"Battery Box / IR Receiver, Train Baseplate 9V RC Train 6 x 30 [No Battery Cover]",technic,Electronics,Plastic
55455c01,"Battery Box / IR Receiver, Train Baseplate 9V RC Train 6 x 30 [Complete Assembly]",technic,Electronics,Plastic
55457,"Battery Cover, Train Base 9V RC",technic,Electronics,Plastic
5549pr0001,"Duplo Animal, Crab with White Eyes print (Sebastian)",bricks,"Duplo, Quatro and Primo",Plastic
55532,Hair Bowl Cut,minifigures,Minifig Headwear,Plastic
5553pr0001,"Animal, Beaver, Sitting with White Teeth, Nougat Nose, Eyes print",special,Animals / Creatures,Plastic
5554,"Bicycle Frame Wide, Clip for Steer",special,Transportation - Land,Plastic
55543,Warning Leaflet,technic,Gear Parts,Plastic
55544,Sticker Sheet for Set 7899-1,special,Stickers,Plastic
55545,Sticker Sheet for Set 7894-1,special,Stickers,Plastic
55546,Sticker Sheet for Set 7903-1,special,Stickers,Plastic
55548,Sticker Sheet for Set 7891-1,special,Stickers,Plastic
5555,Flag 2 x 4 Triangle,special,"Flags, Banners and Signs",Plastic
5557,Duplo Arch 4 x 10 x 7,bricks,"Duplo, Quatro and Primo",Plastic
556,Equipment Shovel [Fabuland],minifigures,Minifig Accessories,Plastic
5561,"Door, Gate 1 x 4 x 9 Curved Top, Diagonal Boards",bricks,Windows and Doors,Plastic
55615,Technic Pin Connector Hub Perpendicular 3 x 3 Bent with 4 Pins (Pin Ridges Across Part),technic,Technic Connectors,Plastic
55629,"Sail, 26 x 22 Jabba's Sail Barge with Brown Line Print",special,Transportation - Sea and Air,Cloth
55637a,"Banner, Brown Earth Print - Scroll of Forbidden Spinjitzu",special,"Flags, Banners and Signs",Plastic
55637b,"Banner, Light Blue Ice Print - Scroll of Forbidden Spinjitzu",special,"Flags, Banners and Signs",Plastic
55637c,"Banner, Orange Fire Print - Scroll of Forbidden Spinjitzu",special,"Flags, Banners and Signs",Plastic
55637c01,"Banner, Orange Fire, Light Blue Ice, and Brown Earth Print [Complete Sheet]",special,"Flags, Banners and Signs",Plastic
55639,Sticker Sheet 1 for Set 75948-1,special,Stickers,Plastic
5565,Technic Brick 1 x 3 [3 Pin Holes],technic,Technic Bricks,Plastic
55664,Sticker Sheet for Set 6211-1,special,Stickers,Plastic
55701,Tire 100 x 48 Balloon Offset Tread,special,Wheels and Tyres,Plastic
55704,"Mask, Batman Cowl [Plain]",minifigures,Minifig Headwear,Plastic
55705,Mask with Cat Ears (Catwoman),minifigures,Minifig Headwear,Plastic
55706,"Creature Body Part, Dragon Wing 8 x 10 [Plain]",special,Animal / Creature Body Parts,Plastic
55706pat0001,"Creature Body Part, Dragon Wing 8 x 10, with Marbled Yellow Pattern",special,Animal / Creature Body Parts,Plastic
55706pat0002,"Creature Body Part, Dragon Wing 8 x 10, with Marbled White Pattern",special,Animal / Creature Body Parts,Plastic
55706pat0003,"Creature Body Part, Dragon Wing 8 x 10, with Marbled Glow In Dark Opaque Pattern",special,Animal / Creature Body Parts,Plastic
55707a,Weapon Gun Semiautomatic Pistol,minifigures,"Minifig Shields, Weapons, & Tools",Plastic
55707e,Equipment Batman Accessory - Batwing,minifigures,Minifig Accessories,Plastic
55762,Sticker Sheet for Set 7706-1,special,Stickers,Plastic
55767,"Support 31 x 13 Girder, Trapezoid",special,"Supports, Girders and Cranes",Plastic
55768,Train Front 6 x 14 x 7 2/3,bricks,Windscreens and Fuselage,Plastic
55804,"Cable, Connector, 20cm for NXT",technic,Electronics,Plastic
55805,"Cable, Connector, 35cm for NXT",technic,Electronics,Plastic
55806,"Cable, Connector, 50cm for NXT",technic,Electronics,Plastic
55817,Wheel Wagon Viking with 12 Holes [7 Studs Diameter],special,Wheels and Tyres,Plastic
55819,Brick Separator 4 Studs Wide,special,Tools,Plastic
55823,"Large Figure Weapon Gun, Inika Light-up Laser Drill",special,Large Buildable Figures,Plastic
55824,"Large Figure Weapon Sword, Inika Light-up Energized Flame Sword",special,Large Buildable Figures,Plastic
55825,"Large Figure Weapon, Inika Light-up Laser Harpoon",special,Large Buildable Figures,Plastic
55826,"Large Figure Weapon Crossbow, Inika Light-up Laser Crossbow",special,Large Buildable Figures,Plastic
55827,"Large Figure Weapon Axe, Inika Light-up Laser Axe",special,Large Buildable Figures,Plastic
55828,"Large Figure Weapon Sword, Inika Light-up Energized Ice Sword",special,Large Buildable Figures,Plastic
55837pr0001,"Duplo Figure Pirate with Head Wrap, Dark Bluish Gray Legs, Red and White Striped Vest Print",special,"Non-Buildable Figures (Duplo, Fabuland, etc)",Plastic
55886c01pr0001,Duplo Quad Bike Top 4 x 8 x 2 - Black Handlebars and Eyes Print (Scrambler),bricks,"Duplo, Quatro and Primo",Plastic
55886pr0002,Duplo Quad Bike Top 4 x 8 x 2 - Black Handlebars and 'ZOO' and Safari Stripe Print,bricks,"Duplo, Quatro and Primo",Plastic
55886pr0003,Duplo Quad Bike Top 4 x 8 x 2 - Black Handlebars and Yellow Headlights print,bricks,"Duplo, Quatro and Primo",Plastic
55886pr0004,Duplo Quad Bike Top 4 x 8 x 2 - Black Handlebars & Red Fire Print,bricks,"Duplo, Quatro and Primo",Plastic
55886pr0005,Duplo Quad Bike Top 4 x 8 x 2 with Black Handlebars and Mud Spots Print,bricks,"Duplo, Quatro and Primo",Plastic
55889,Wheel 18 x 14 with Pin Hole,special,Wheels and Tyres,Plastic
55889pr0001,Wheel 18 x 14 with Pin Hole with White Mustache print,special,Wheels and Tyres,Plastic
55961H,Sticker Sheet 1 for Set 4032-13,special,Stickers,Plastic
55961V,Sticker Sheet 2 for Set 4032-13,special,Stickers,Plastic
55963,"Sensor, Sound, NXT",technic,Electronics,Plastic
55969,"Sensor, Light, NXT",technic,Electronics,Plastic
55976,Tyre 56 x 26 Balloon,special,Wheels and Tyres,Rubber
55978,Tyre 37 x 22 ZR,special,Wheels and Tyres,Rubber
55981,"Wheel 18 x 14 with Pin Hole, Fake Bolts and Shallow Spokes",special,Wheels and Tyres,Plastic
55981c01,"Wheel 18 x 14 with Pin Hole, Fake Bolts and Shallow Spokes With Black Tyre, Pin with Axle",special,Wheels and Tyres,Plastic
55982,"Wheel 18mm x 14mm with Axle Hole, Fake Bolts and Shallow Spokes",special,Wheels and Tyres,Plastic
55984,Duplo Boat Mast 4 x 4 x 18,bricks,"Duplo, Quatro and Primo",Plastic
559c01,Winch 4 x 4 x 2 with Sloped Top with Black Drum [Complete Assembly],special,"String, Bands and Reels",Plastic
559c02,Winch 4 x 4 x 2 with Sloped Top with Red Drum [Complete Assembly],special,"String, Bands and Reels",Plastic
5600cdb01,"Ramp, RC Racer",special,Non-System Parts,Cardboard/Paper
5600cdb02,Bridge Panel (RC Racer),special,Non-System Parts,Cardboard/Paper
5606pr0001,"Hair, Floating with Metal Blue Shell print",minifigures,Minifig Headwear,Plastic
5607,Minidoll Lower Body with Eight Tentacles (Ursula),minifigures,Minidoll Lower Body,Plastic
56074pr0001,Windscreen 12 x 12 x 2 Curved with Black print,bricks,Windscreens and Fuselage,Plastic
5607pr0001,Minidoll Lower Body with Eight Tentacles (Ursula) with Black Decorations print,minifigures,Minidoll Lower Body,Plastic
5608,Equipment Bottle / Erlenmeyer / Florence Flask [PLAIN],minifigures,Minifig Accessories,Plastic
5608pat0001,Equipment Bottle / Erlenmeyer / Florence Flask with Trans-Yellow pattern,minifigures,Minifig Accessories,Plastic
5608pat0002,Equipment Bottle / Erlenmeyer / Florence Flask with Trans-Orange pattern,minifigures,Minifig Accessories,Plastic
5608pat0003,Equipment Bottle / Erlenmeyer / Florence Flask with Trans-Bright Green pattern,minifigures,Minifig Accessories,Plastic
56093,"Animal, Lemur (Momo)",special,Animals / Creatures,Plastic
5610,"Family Pack, Kitty Accessories",minifigures,Minifig Accessories,Plastic
5610a,Musical Instrument Banjo with Cat Ears,minifigures,Minifig Accessories,Plastic
5610b,Musical Instrument Microphone with Cat Ears,minifigures,Minifig Accessories,Plastic
5610c,Accessories Cat Head,minifigures,Minifig Accessories,Plastic
5610d,Headwear Accessory Party Hats with Pin,minifigures,Minifig Headwear Accessories,Plastic
5610e,Musical Note with Cat Ear,minifigures,Minifig Accessories,Plastic
56142,Sticker Sheet for Set 10175-1,special,Stickers,Plastic
56143,Sticker Sheet for Set 10174-1,special,Stickers,Plastic
56145,"Wheel 30.4 x 20 without Pinholes, with Reinforced Rim",special,Wheels and Tyres,Plastic
56151,"Sticker Sheet for Sets 5419-1, 5481-1, 5486-1, 5488-1, 5492-1, 5538-1, 5548-1, 5511-1, 4540313-1",special,Stickers,Plastic
56153,Large Figure Mask Suletu,special,Large Buildable Figures,Rubber
56154,Large Figure Mask Iden,special,Large Buildable Figures,Rubber
56160,"Large Figure Weapon, Claw, Triple, with 2 Pin Holes",special,Large Buildable Figures,Plastic
5619pr0001,"Animal, Gorilla, Baby with Dark Bluish Grey Face print",special,Animals / Creatures,Plastic
56206,"Sail, Triangular, 15 x 22 [Plain]",special,Transportation - Sea and Air,Cloth
56206pr0001,"Sail, Triangular, 15 x 22 with Black and Blue Stripes, Skull and Cutlass Print",special,Transportation - Sea and Air,Cloth
56214,Sticker Sheet for Set 3825-1,special,Stickers,Plastic
56215,Sticker Sheet for Set 3826-1,special,Stickers,Plastic
56216,Sticker Sheet for Set 3828-1,special,Stickers,Plastic
56217,"Wing, 6 x 12 Triangle, with Brown Spars and Orange Cloth Print, [Sheet of 2]",special,Transportation - Sea and Air,Cloth
5622,Minifig Hand with Cone,minifigures,Minifigs,Plastic
56243,Clikits Container Cube Drawer Unit,special,Clikits,Plastic
56245,"Large Figure Cape, Tattered, Vezon",special,Large Buildable Figures,Cloth
56298pr0001,"Hair with Goggles, Short Streaks, White Goggles with Olive Green Glasses print",minifigures,Minifig Headwear,Plastic
5630,Bar 7 x 3 with Double Clips (Ladder) [Round Clips],special,"Bars, Ladders and Fences",Plastic
5639,"Helmet Armor, Shoulder Cover, Spikes, Crown (Sauron)",minifigures,Minifig Headwear,Plastic
56393,Sticker Sheet for Set 3573-1,special,Stickers,Plastic
56406,Sticker Sheet for Set 8674-1,special,Stickers,Plastic
56408,"Sticker Sheet for Set 8813-1, 8823-1",special,Stickers,Plastic
56409,Sticker Sheet for Set 10267-1,special,Stickers,Plastic
56410,Flag with Fire Nation Red Print,special,"Flags, Banners and Signs",Plastic
56424,Wheel 62 x 46 Technic Racing Large,special,Wheels and Tyres,Plastic
5643,"Duplo Trophy Cup with Number 1 in Shield - Closed Handles, Shallow Notches",bricks,"Duplo, Quatro and Primo",Plastic
5644,Weapon Sword / Katana / Wakizashi Short,minifigures,"Minifig Shields, Weapons, & Tools",Plastic
5647,Minifig Neckwear Cape,minifigures,Minifig Neckwear,Plastic
56478,"Large Figure Skeletal, Torso with Feet and Head (Piraka Thok)",special,Large Buildable Figures,Plastic
5648,"Helmet Dome, No Stud",minifigures,Minifig Headwear,Plastic
56484,"Launcher, Large Figure Weapon, Kanoka Disk Launcher Small",special,Projectiles / Launchers,Plastic
56485,"Large Figure Skeletal, Torso, Legs, Arms, and Head (Inika Toa Jaller)",special,Large Buildable Figures,Plastic
56486,"Large Figure Skeletal, Torso, Legs, Arms, and Head (Inika Toa Kongu)",special,Large Buildable Figures,Plastic
56487,"Large Figure Skeletal, Torso, Legs, Arms, and Head (Inika Toa Hahli)",special,Large Buildable Figures,Plastic
56488,"Projectile, Disk / Rotor / Propeller 3 Blade with Flywheel Pin",special,Projectiles / Launchers,Plastic
56489,Large Figure Weapon Flame with Ski,special,Large Buildable Figures,Plastic
5648pr0001,"Helmet Dome, No Stud with Black Ovals / Eyes print",minifigures,Minifig Headwear,Plastic
5649,"Brick Round Corner 4 x 4 x 1 with Bottom Cut Outs, No Studs, Flat Top",bricks,Bricks Round and Cones,Plastic
56490,Large Figure Weapon Spear with Ski,special,Large Buildable Figures,Plastic
56491,Large Figure Weapon Gun with Ski,special,Large Buildable Figures,Plastic
56492,Sticker Sheet for Set 7707-1,special,Stickers,Plastic
564c01,"Motor, Train, 4.5V, 4 x 12 x 3 1/3 Type 1",technic,Electronics,Plastic
5650,Wheel 30.4 x 20 with 5 holes,special,Wheels and Tyres,Plastic
56507,Sticker Sheet for Set 8676-1,special,Stickers,Plastic
5651,Brick Round Corner 4 x 4 x 1,bricks,Bricks Round and Cones,Plastic
5651pr0001,"Brick Round Corner 4 x 4 x 1 with Red Line, 'JULES' print",bricks,Bricks Round and Cones,Plastic
5651pr0002,"Brick Round Corner 4 x 4 x 1 with Red Line, 'PAPA' print",bricks,Bricks Round and Cones,Plastic
5652,Technic Rotation Joint Disk Double with Pin Hole and 3L Beam Thick,technic,Technic Beams Special,Plastic
5654,Slope 1 x 4 with 1 x 2 Cutout,slopes,Bricks Sloped,Plastic
56579,Sticker Sheet for Set 7713-1,special,Stickers,Plastic
56594,Sticker Sheet for Set 5475-1,special,Stickers,Plastic
56603,Sticker Sheet for Set 7898-1,special,Stickers,Plastic
56604,Sticker Sheet for Set 7897-1,special,Stickers,Plastic
56605,Sticker Sheet for Set 7900-1,special,Stickers,Plastic
5660pr0001,Minifig Head Special Nien Nunb,minifigures,Minifig Heads,Plastic
56619,Equipment Handcuffs Long [Batman],minifigures,Minifig Accessories,Plastic
56626,"Sticker Sheet 3 for Set 6111-1, 8665-1",special,Stickers,Plastic
56627,Sticker Sheet for Set 8681-1,special,Stickers,Plastic
56628,Sticker Sheet for Set 8682-1,special,Stickers,Plastic
56630,"Neckwear Cape, Scalloped 5 Points [Traditional Starched Fabric]",minifigures,Minifig Neckwear,Cloth
56630pat0001,"Neckwear Cape, Scalloped 5 Points with Black Back [Traditional Starched Fabric]",minifigures,Minifig Neckwear,Cloth
56630pat0002,"Neckwear Cape, Scalloped 5 Points with Metallic Gold Back [Traditional Starched Fabric]",minifigures,Minifig Neckwear,Cloth
56647,"Sticker Sheet for Sets 2928-1, 2928-2",special,Stickers,Plastic
56653pr0001,"Minifig Head Special, Piraka Hakann with Eyes and Teeth Print",minifigures,Minifig Heads,Plastic
56654pr0001,"Minifig Head Special, Inika Toa Hahli with Lime Eyes Print",minifigures,Minifig Heads,Plastic
56655pr0001,"Minifig Head Special, Piraka Vezok with Eyes and Teeth Print",minifigures,Minifig Heads,Plastic
56656pr0001,"Minifig Head Special, Inika Toa Nuparu with Lime Eyes print",minifigures,Minifig Heads,Plastic
56657pr0001,"Minifig Head Special, Piraka Zaktan with Eyes and Teeth Print",minifigures,Minifig Heads,Plastic
56659pr0001,"Minifig Head Special, Piraka Avak, Eyes and Teeth Print",minifigures,Minifig Heads,Plastic
56660pr0001,"Minifig Head Special, Inika Toa Kongu with Lime Eyes Print",minifigures,Minifig Heads,Plastic
56661pr0001,"Minifig Head Special, Piraka Reidak with Eyes and Teeth Print",minifigures,Minifig Heads,Plastic
56708,Sticker Sheet for Set 7779-1,special,Stickers,Plastic
56709,Sticker Sheet for Set 7780-1,special,Stickers,Plastic
56710,Sticker Sheet for Set 7781-1,special,Stickers,Plastic
56711,Sticker Sheet for Set 7782-1,special,Stickers,Plastic
56716,Sticker Sheet for Set 7905-1,special,Stickers,Plastic
56741,Sticker Sheet for Set 7712-1,special,Stickers,Plastic
56746,Sticker Sheet for Set 7709-1,special,Stickers,Plastic
56752,Plate Special 1 x 2 with Finger and Key Chain,plates,Plates Special,Metal
56763,Sticker Sheet for Set 8285-1,special,Stickers,Plastic
56784,Sticker Sheet 1 for Set 6111-1,special,Stickers,Plastic
5680pr0001,"Helmet, Praetorian Guard with Black Visor print",minifigures,Minifig Headwear,Plastic
5681pr0001,"Helmet, Moff Gideon with Red Visor print",minifigures,Minifig Headwear,Plastic
56823,String Cord Thin (0.5mm) [Undetermined Length],special,"String, Bands and Reels",Cloth
56823c100,String Cord Thin (0.5mm) 100cm,special,"String, Bands and Reels",Cloth
56823c122,String Cord Thin (0.5mm) 122cm,special,"String, Bands and Reels",Cloth
56823c15,String Cord Thin (0.5mm) 15cm,special,"String, Bands and Reels",Cloth
56823c150,String Cord Thin (0.5mm) 150cm,special,"String, Bands and Reels",Cloth
56823c20,String Cord Thin (0.5mm) 20cm,special,"String, Bands and Reels",Cloth
56823c200,String Cord Thin (0.5mm) 200cm,special,"String, Bands and Reels",Cloth
56823c2400,String Cord Thin (0.5mm) 2400cm,special,"String, Bands and Reels",Cloth
56823c25,String Cord Thin (0.5mm) 25cm,special,"String, Bands and Reels",Cloth
56823c28,String Cord Thin (0.5mm) 28cm,special,"String, Bands and Reels",Cloth
56823c30,String Cord Thin (0.5mm) 30cm,special,"String, Bands and Reels",Cloth
56823c420,String Cord Thin (0.5mm) 420cm,special,"String, Bands and Reels",Cloth
56823c50,String Cord Thin (0.5mm) 50cm,special,"String, Bands and Reels",Cloth
56823c500,String Cord Thin (0.5mm) 500cm,special,"String, Bands and Reels",Cloth
56823c75,String Cord Thin (0.5mm) 75cm,special,"String, Bands and Reels",Cloth
5684,Minifig Neckwear Wings Bird,minifigures,Minifig Neckwear,Plastic
5685,Weapon Knife,minifigures,"Minifig Shields, Weapons, & Tools",Plastic
5686,Weapon Mace with Spikes,minifigures,"Minifig Shields, Weapons, & Tools",Plastic
5687pr0001,Minifig Neckwear Armor Breastplate with Pauldrons and Gold/Black Lines print,minifigures,Minifig Neckwear,Plastic
5688,"Wave / Lightning, Triple",special,Energy Effects,Plastic
5689,"Weapon Axe, Double Bladed",minifigures,"Minifig Shields, Weapons, & Tools",Plastic
56890,Tyre 24 x 12 R Balloon,special,Wheels and Tyres,Rubber
56891,Tyre 37 x 18 R Balloon,special,Wheels and Tyres,Rubber
56897,Tyre 30 x 10.5 Offset Tread [Centre Band],special,Wheels and Tyres,Rubber
56898,Tyre 43.2 x 14 Offset Tread,special,Wheels and Tyres,Rubber
568c02,Train Wheel Conical with Spokes with Black Tire,special,Other,Plastic
569,Technic Gear 9 Large Tooth,technic,Technic Gears,Plastic
5690,Brick Round 2 x 2 Dome Top with 2 Ears,bricks,Bricks Round and Cones,Plastic
56902,Wheel 18 x 8 with Fake Bolts and Shallow Spokes,special,Wheels and Tyres,Plastic
56903,Wheel 18 x 8 with Fake Bolts and Shallow Spokes and Axle Hole,special,Wheels and Tyres,Plastic
56904,Wheel 30 x 14,special,Wheels and Tyres,Plastic
56907,Tyre 81.6 x 36 R,special,Wheels and Tyres,Rubber
56908,Wheel 43.2 x 26 Technic Racing Small with 6 Pinholes,special,Wheels and Tyres,Plastic
5690pr0001,"Brick Round 2 x 2 Dome Top with 2 Ears with Cat Face, Bright Pink Nose, Black Eyes, Pink Dots print",bricks,Bricks Round and Cones,Plastic
5690pr0002,"Brick Round 2 x 2 Dome Top with 2 Ears with Tan Cat Face, White Eyes, Dark Pink Nose, Dark Purple Eyebrows, Mouth, Yellow/Medium Blue/Dark Pink/Dark Purple Streaks print",bricks,Bricks Round and Cones,Plastic
5691pr0001,"Animal, Cat with Lock Dark Azure between Ears, Tails, White Face, Butterfly print",special,Animals / Creatures,Plastic
5692,Ball with Ears,bricks,Bricks Round and Cones,Plastic
5692pr0001,Ball with Ears with Owl Face print,bricks,Bricks Round and Cones,Plastic
5692pr0002,Ball with Ears with Kitten Face print,bricks,Bricks Round and Cones,Plastic
5695pat0001,"Helmet with Grill, Spiked Crown with Black Hood Pattern (Mouth of Sauron)",minifigures,Minifig Headwear,Plastic
570,Technic Gear 15 Large Tooth,technic,Technic Gears,Plastic
57002,Sticker Sheet for Set 7783-1,special,Stickers,Plastic
57028c01,"Projectile, Technic Competition Arrow, Liftarm Shaft with Hollow Black Rubber End",special,Projectiles / Launchers,Plastic
57028c02,"Projectile, Technic Competition Arrow, Liftarm Shaft with Hollow Light Bluish Gray Rubber End",special,Projectiles / Launchers,Plastic
57028c03,"Projectile, Technic Competition Arrow, Liftarm Shaft with Hollow Lime Rubber End (57028)",special,Projectiles / Launchers,Plastic
57028c04,"Projectile, Technic Competition Arrow, Liftarm Shaft with Hollow Yellow Rubber End",special,Projectiles / Launchers,Plastic
57035,Sticker Sheet for Set 70672-1,special,Stickers,Plastic
57046,Science & Technology Panels [Complete Sheet],special,Non-System Parts,Plastic
57046a,Science & Technology Panel - Circle Large,special,Non-System Parts,Plastic
57046b,Science & Technology Panel - Circle Small,special,Non-System Parts,Plastic
57046c,Science & Technology Panel - Curved,special,Non-System Parts,Plastic
57046d,Science & Technology Panel - Triangle Large,special,Non-System Parts,Plastic
57046e,Science & Technology Panel - Triangle Medium,special,Non-System Parts,Plastic
57046f,Science & Technology Panel - Triangle Small,special,Non-System Parts,Plastic
5704pr0001,"Mask, Lady Of Pain with Spikes, Gold Face, Streaks print",minifigures,Minifig Headwear,Flexible Plastic
57051,"Train Wheel RC Train, Metal Axle 5 x 100 LDU",special,Transportation - Land,Metal
5705pr0001,"Minifig Head Special, Bird with Yellow Beak, Black Eyes print",minifigures,Minifig Heads,Plastic
5706pr0001,"Minifig Head Special, Mind Flayer with Yellow Eyes, Dark Purple Eyeshadow print",minifigures,Minifig Heads,Plastic
57099,Sports Soccer Goalie Mitt,minifigures,Minifig Accessories,Plastic
57103,Sticker Sheet for Set 8527-1,special,Stickers,Plastic
5711,"Wedge Curved 6 x 2 Right, Smooth Inner Walls",bricks,Bricks Wedged,Plastic
5712,Bracket 5 x 1 x 1 1/3,bricks,Bricks Special,Plastic
5713,Technic Pin Connector Hub with 3L Axle,technic,Technic Connectors,Plastic
5716,Duplo Spider Web,bricks,"Duplo, Quatro and Primo",Plastic
5717,"Animal Body Part / Plant, Tail / Neck / Branch / Trunk, Middle Section with Pin Holes",special,Animal / Creature Body Parts,Plastic
572,Technic Gear 21 Large Tooth,technic,Technic Gears,Plastic
5721,"Musical Instrument, Ocarina of Time",minifigures,Minifig Accessories,Plastic
5722pr0001,"Large Figure Head Panda 6 x 4 x 5 with Red Panda Face, White Flames, Lavender Markings print",special,Large Buildable Figures,Plastic
5724pr0001,Windscreen 6 x 11 x 2 Curved with Cockpit print,bricks,Windscreens and Fuselage,Plastic
5725,Minifig Neckwear Cape Smooth,minifigures,Minifig Neckwear,Plastic
5726,"Hair, Short with Standing Spike in Front",minifigures,Minifig Headwear,Plastic
57272,Sticker Sheet for Set 8672-1 (F. Massa Version),special,Stickers,Plastic
57277,Sticker Sheet for Set 45678-1,special,Stickers,Plastic
5729,Duplo Kettle with Ribbed Handles 2 x 2 x 1.5,bricks,"Duplo, Quatro and Primo",Plastic
57325,Sticker Sheet for Set 7785-1,special,Stickers,Plastic
57337,"Sticker Sheet 3 for Sets 10152-3, 10155-1",special,Stickers,Plastic
57338a,Sticker Sheet 1 for Set 10152-3,special,Stickers,Plastic
57338b,Sticker Sheet 2 for Set 10155-1,special,Stickers,Plastic
57339a,Sticker Sheet 2 for Set 10152-3,special,Stickers,Plastic
57339b,Sticker Sheet 1 for Set 10155-1,special,Stickers,Plastic
57359,"Hinge 1 x 3 Triangle with Two Pins, 1 Locking Finger, Squared Pin Holes",special,"Hinges, Arms and Turntables",Plastic
57360,"Hinge Cylinder 1 x 2 Locking with 2 Click Fingers and Axle Hole, 7 Teeth",special,"Hinges, Arms and Turntables",Plastic
5740,"Plant, Banana Peel, Long",special,Plants & Trees,Plastic
5740pr0001,"Plant, Banana Peel, Long with Face print",special,Plants & Trees,Plastic
5741,"Technic Panel Fairing Long Smooth Inverted, Side A #40",technic,Technic Panels,Plastic
5742,"Technic Panel Fairing Long Smooth Inverted, Side B # 41",technic,Technic Panels,Plastic
57467,Weapon Harpoon [4 Grooves on Shaft],minifigures,"Minifig Shields, Weapons, & Tools",Plastic
57482,"Cable, USB, 2m for NXT",technic,Electronics,Plastic
57502,Sticker Sheet for Set 4032-11 (KLM Airlines),special,Stickers,Plastic
57503,"Money / Coin with ""10"" Sans-serif Type",minifigures,Minifig Accessories,Plastic
57504,"Money / Coin with ""20"" Sans-serif Type",minifigures,Minifig Accessories,Plastic
57505,"Money / Coin with ""30"" Sans-serif Type",minifigures,Minifig Accessories,Plastic
57506,"Money / Coin with ""40"" Sans-serif Type",minifigures,Minifig Accessories,Plastic
57515,"Technic Steering Arm 5.5 x 2 with Towball Socket Rounded, Chamfered",technic,"Technic Steering, Suspension and Engine",Plastic
57518,Technic Link Tread Wide with Two Pin Holes,technic,Technic Special,Plastic
57519,Technic Tread Sprocket Wheel Large 10 Tooth,technic,Technic Gears,Plastic
57520,Technic Tread Sprocket Wheel Small 6 Tooth,technic,Technic Gears,Plastic
57520pr0001,Technic Tread Sprocket Wheel Small with Glatorian Game Print,technic,Technic Gears,Plastic
57523c01,"Launcher, Large Figure Weapon Cannon, Cordak Blaster",special,Projectiles / Launchers,Plastic
57525,"Projectile, Large Figure Weapon, Ammo (Cordak)",special,Projectiles / Launchers,Plastic
57526,"Large Figure Limb Cover, Armor, Right (Toa Mahri Nuparu)",special,Large Buildable Figures,Plastic
57527,"Large Figure Weapon Blade, Aqua Warblade (Hewkii Mahri)",special,Large Buildable Figures,Plastic
57528,"Large Figure Weapon Claw Blade, Small",special,Large Buildable Figures,Plastic
57529,"Large Figure Weapon Blade, Double / Shield Half (Toa Mahri Nuparu)",special,Large Buildable Figures,Plastic
57530,Large Figure Mask Faxon,special,Large Buildable Figures,Plastic
57531pat0001,Large Figure Mask Arthron with Marbled Orange Pattern,special,Large Buildable Figures,Plastic
57532pat0001,"Large Figure Mask, Garai with Marbled Black Pattern",special,Large Buildable Figures,Plastic
57533,Large Figure Mask Volitak,special,Large Buildable Figures,Plastic
57534,Large Figure Mask Zatth,special,Large Buildable Figures,Plastic
57535,Large Figure Mask Tryna,special,Large Buildable Figures,Plastic
57536,Large Figure Head Connector Block Eye/Brain Stalk - Short,special,Large Buildable Figures,Plastic
57539,Flexible Ribbed Hose 8mm Ends 19L,special,Tubes and Hoses,Plastic
57539pat0001,Flexible Ribbed Hose 8mm Ends 19L with Dark Green Centre Pattern,special,Tubes and Hoses,Plastic
57539pat0002,Flexible Ribbed Hose 8mm Ends 19L with Lime Green Centre Pattern,special,Tubes and Hoses,Plastic
57539pat0003,Flexible Ribbed Hose 8mm Ends 19L with Dark Purple Pattern,special,Tubes and Hoses,Plastic
57539pat0004,Flexible Ribbed Hose 8mm Ends 19L with Blue Centre Pattern,special,Tubes and Hoses,Plastic
5753pr0001,"Hair, Braided Long with Gold Ornaments print",minifigures,Minifig Headwear,Flexible Plastic
57540,Large Figure Wing / Fin (Hahli Mahri),special,Large Buildable Figures,Plastic
57541,"Large Figure Limb Cover, Armor, Left (Toa Mahri Nuparu)",special,Large Buildable Figures,Plastic
57543,Large Figure Weapon Blade (Hewkii Mahri / Solek),special,Large Buildable Figures,Plastic
57544,"Large Figure Limb Cover, Armor (Matoro Mahri)",special,Large Buildable Figures,Plastic
57545,"Large Figure Weapon Blade, Protosteel Talon (Hahli Mahri)",special,Large Buildable Figures,Plastic
57546,"Large Figure Chest Cover, Armour, Jaller Mahri",special,Large Buildable Figures,Plastic
57547,"Large Figure Skeletal, Torso, Upper, with 9 Holes (Mahri Kongu)",special,Large Buildable Figures,Plastic
57548pat0001,"Large Figure Head Barraki Carapar, Marbled Black Pattern",special,Large Buildable Figures,Plastic
57548pat0002,"Large Figure Head Barraki Carapar, Marbled Trans-Dark Blue Pattern",special,Large Buildable Figures,Plastic
57548pat0003,"Large Figure Head Barraki Carapar, Marbled Trans-Brown Pattern",special,Large Buildable Figures,Plastic
57549pat0001,Large Figure Head Barraki Kalmah with Marbled Black Pattern,special,Large Buildable Figures,Plastic
57550pat0001,"Large Figure Head, Barraki Mantax, Marbled Pearl Light Gray Pattern",special,Large Buildable Figures,Plastic
57551,Large Figure Head Barraki Takadox,special,Large Buildable Figures,Plastic
57551pat0001,"Large Figure Head Barraki Takadox, Marbled Trans-Dark Blue Pattern",special,Large Buildable Figures,Plastic
57552pat0001,Large Figure Head Barraki Pridak with Marbled Red Pattern,special,Large Buildable Figures,Plastic
57553pat0001,Large Figure Head Barraki Ehlek with Marbled Lime Pattern,special,Large Buildable Figures,Plastic
57554,"Large Figure Weapon, Claw / Limb (Barraki Mandible)",special,Large Buildable Figures,Plastic
57555,"Projectile, Large Figure Weapon, Ammo, Squid",special,Projectiles / Launchers,Rubber
57556,"Launcher, Large Figure Weapon, Squid Ammo Launcher",special,Projectiles / Launchers,Plastic
57557,"Large Figure Limb Cover, Armor (Barraki Carapar) / Scoop, Claw",special,Large Buildable Figures,Plastic
57557pat0001,"Large Figure Limb Cover, Armor (Barraki Carapar) / Scoop, Claw with Marbled Trans-Brown Pattern",special,Large Buildable Figures,Plastic
57560,Large Figure Torso Cover / Back Plate (Hydruka Morak),special,Large Buildable Figures,Plastic
57560pat0001,Large Figure Torso Cover / Back Plate (Hydruka Morak) with Marbled Trans-Dark Blue Pattern,special,Large Buildable Figures,Plastic
57561,"Large Figure Foot, Long, Pointed Barraki Pridak",special,Large Buildable Figures,Plastic
57562,Large Figure Barraki Spine Flexible,special,Large Buildable Figures,Rubber
57562pat0001,Large Figure Barraki Spine Flexible with Marbled Yellow Pattern,special,Large Buildable Figures,Rubber
57562pat0002,Large Figure Barraki Spine with Marbled Trans-Dark Blue Pattern,special,Large Buildable Figures,Rubber
57563,"Large Figure Weapon Blade, Mahri Matoran",special,Large Buildable Figures,Plastic
57564,"Large Figure Weapon Whip, Barraki Kalmah Tentacle",special,Large Buildable Figures,Rubber
57565,"Large Figure Weapon Claw, Barraki Mantax Pincer",special,Large Buildable Figures,Plastic
57566,"Large Figure Weapon Sword, Teeth (Barraki Takadox)",special,Large Buildable Figures,Plastic
57566pat0001,"Large Figure Weapon Sword, Teeth, Marbled Black Pattern",special,Large Buildable Figures,Plastic
57567,"Large Figure Weapon Blade, Shark Tooth",special,Large Buildable Figures,Plastic
57567pat0001,"Large Figure Weapon Blade, Shark Tooth with Marbled Red Pattern",special,Large Buildable Figures,Plastic
57568,"Large Figure Weapon Claw, Barraki Protosteel Tri-Talon",special,Large Buildable Figures,Plastic
57569,"Large Figure Foot, Barraki Mantax",special,Large Buildable Figures,Plastic
57570,"Large Figure Weapon Claw, Barraki Carapar Claw Half",special,Large Buildable Figures,Plastic
57571,"Large Figure Head, Barraki, Spinax",special,Large Buildable Figures,Plastic
57572,"Large Figure Weapon Sword, Power Sword (Jaller Mahri)",special,Large Buildable Figures,Plastic
57574pat0001,Large Figure Head Gadunka with Marbled Glow In Dark Pattern,special,Large Buildable Figures,Plastic
57575,Large Figure Mask Hydraxon,special,Large Buildable Figures,Plastic
57578pr0001,"Minifig Head Special, Toa Mahri Hahli / Nuparu Head (Nuparu Black)",minifigures,Minifig Heads,Plastic
57578pr0002,"Minifig Head Special, Toa Mahri Hahli",minifigures,Minifig Heads,Plastic
57579pr0001,"Minifig Head Special, Toa Mahri Hewkii / Jaller Head with Red Eyes (Hewki)",minifigures,Minifig Heads,Plastic
57579pr0002,"Minifig Head Special, Toa Mahri Jaller",minifigures,Minifig Heads,Plastic
57582pr0001,"Minifig Head Special, Barraki Takadox",minifigures,Minifig Heads,Plastic
57582pr0002,"Minifig Head Special, Barraki Pridak",minifigures,Minifig Heads,Plastic
57585,Technic Axle Connector Hub with 3 Axles at 120°,technic,Technic Connectors,Plastic
57587,Brick Round 7 x 7 x 4 Dome Top,bricks,Bricks Round and Cones,Plastic
57588,"Arm Mechanical, Bionicle",minifigures,Minifig Upper Body,Plastic
5758pr0001,"Animal Body Part, Dragon Head Long, Trans-Pink Fins on Side, Lime Eyes, Dark Purple Markings print",special,Animal / Creature Body Parts,Plastic
5763,"Hand Puppet Plush, Crocodile / Alligator",technic,Gear Parts,Cloth
57697,Hinge Cylinder 1 x 3 Locking with 1 Finger and Technic Friction Pin with Squared Hole,special,"Hinges, Arms and Turntables",Plastic
57701,Large Figure Mask Maxilos,special,Large Buildable Figures,Plastic
57702,Large Figure Mask / Visor with Axle Hole,special,Large Buildable Figures,Plastic
57753pr0001,Sports Rugby Ball with 'RUGBY SUPREME' Print,minifigures,Minifig Accessories,Plastic
57763pr0001,"Animal, Chameleon with Orange Eye Patches and Orange Stripes",special,Animals / Creatures,Plastic
57763pr0002,"Animal, Chameleon with Azure Eye Patches and Azure and Dark Red Stripes Print",special,Animals / Creatures,Plastic
5777,"Projectile, Arrow 3L",special,Projectiles / Launchers,Plastic
57779,"Crane Arm Outside, Wide with Pin Hole at Mid-Point",special,"Supports, Girders and Cranes",Plastic
57781,Tipper Bed 24 x 7,special,Transportation - Land,Plastic
57783,Windscreen 3 x 4 x 1 1/3 Large Glass Surface,bricks,Windscreens and Fuselage,Plastic
57789,Boat Hull 74 x 18 x 7,special,Transportation - Sea and Air,Plastic
57789c01,Boat 74 x 18 x 7 with Light Bluish Gray Deck [Complete Assembly],special,Transportation - Sea and Air,Plastic
57792,Tipper Drum 3 x 6 x 10 Cement Mixer Half with 4 Technic Pin Holes,special,Transportation - Land,Plastic
57796,"Launcher, Technic Competition Cannon Flat Bottom [Complete Assembly]",special,Projectiles / Launchers,Plastic
57798pr0001,"Animal, Bird, Flamingo with Dark Pink Body print",special,Animals / Creatures,Plastic
5780,Technic Wishbone 7 x 8 x 2,technic,"Technic Steering, Suspension and Engine",Plastic
57807pr0001,Helmet First Order Trooper Print,minifigures,Minifig Headwear,Plastic
57807pr0002,Helmet First Order Sith Trooper Print,minifigures,Minifig Headwear,Plastic
5784,"Hair, Long with 2 Braided Tails",minifigures,Minifig Headwear,Plastic
57845,Sticker Sheet for Set 8130-1,special,Stickers,Plastic
57846,Sticker Sheet for Set 8131-1,special,Stickers,Plastic
57847,Sticker Sheet for Set 8132-1,special,Stickers,Plastic
57848,Sticker Sheet for Set 8133-1,special,Stickers,Plastic
57849,Sticker Sheet for Set 8134-1,special,Stickers,Plastic
5785,"Statue, Gargoyle",minifigures,Minifig Accessories,Plastic
57850,Sticker Sheet for Set 8135-1,special,Stickers,Plastic
57851,Sticker Sheet for Set 8136-1,special,Stickers,Plastic
57852,Sticker Sheet for Set 8137-1,special,Stickers,Plastic
57853,Sticker Sheet for Set 8138-1,special,Stickers,Plastic
57854,Sticker Sheet for Set 8139-1,special,Stickers,Plastic
57855,Sticker Sheet for Set 8140-1,special,Stickers,Plastic
57856,Sticker Sheet for Set 8141-1,special,Stickers,Plastic
57857,Sticker Sheet for Set 8142-1,special,Stickers,Plastic
57858,Sticker Sheet for Set 8143-1,special,Stickers,Plastic
57859,Sticker Sheet for Set 8144-1,special,Stickers,Plastic
5786,"Hand, Thing [PLAIN]",minifigures,Minifigs,Plastic
57860,Sticker Sheet for Set 8145-1,special,Stickers,Plastic
57861,Sticker Sheet for Set 8146-1,special,Stickers,Plastic
57862,Sticker Sheet for Set 8147-1,special,Stickers,Plastic
5786pr0001,"Hand, Thing with Nougat Stitched Scars print",minifigures,Minifigs,Plastic
5787,"Wedge Curved 3 x 4 Triple, No Studs [Plain]",bricks,Bricks Wedged,Plastic
57878,Train Wheel RC Train,special,Wheels and Tyres,Plastic
5787pr0001,"Wedge Curved 3 x 4 Triple, No Studs with Face, Black Eyebrows, Dark Brown Eyes, Nougat Lips, Forward Look print",bricks,Bricks Wedged,Plastic
5787pr0002,"Wedge Curved 3 x 4 Triple, No Studs with Face, Black Eyebrows, Dark Brown Eyes, Metallic Copper Lips, Sideways Look print",bricks,Bricks Wedged,Plastic
5787pr0003,"Wedge Curved 3 x 4 Triple, No Studs with Face, Black Eyebrows, Bright Green/Lime Eyes, Green Lips, Freckles print",bricks,Bricks Wedged,Plastic
5787pr0004,"Wedge Curved 3 x 4 Triple, No Studs with Face, Brown Eyebrows, Eyes, Dark Pink Lips print",bricks,Bricks Wedged,Plastic
5787pr0005,"Wedge Curved 3 x 4 Triple, No Studs with Black/Reddish Brown Nose, O-Shaped Mouth print",bricks,Bricks Wedged,Plastic
5787pr0006,"Wedge Curved 3 x 4 Triple, No Studs with Black/Reddish Brown Nose, Mouth with Tongue print",bricks,Bricks Wedged,Plastic
5787pr0007,"Wedge Curved 3 x 4 Triple, No Studs with Black/Dark Bluish Grey Brown Nose, Open Mouth print",bricks,Bricks Wedged,Plastic
5787pr0008,"Wedge Curved 3 x 4 Triple, No Studs with Black/Dark Bluish Grey Nose, Closed Mouth print",bricks,Bricks Wedged,Plastic
57881,"Hat, Rain",minifigures,Minifig Headwear,Plastic
57887,Duplo Figure Crown / Tiara,bricks,"Duplo, Quatro and Primo",Plastic
57888,Duplo Support Column 2 x 2 x 6 Round with Open Latticed Back,bricks,"Duplo, Quatro and Primo",Plastic
57889pr0001,"Duplo Animal Horse/Foal with Gold Hooves, and Pink Mane & Tail",bricks,"Duplo, Quatro and Primo",Plastic
57889pr0002,"Duplo Animal Horse/Foal with Gold Hooves, and Purple Mane and Tail",bricks,"Duplo, Quatro and Primo",Plastic
57893,"Support 2 x 2 x 10 Girder Triangular Vertical - Type 2 - Open Side Top, 1 Post & 1 Panel",special,"Supports, Girders and Cranes",Plastic
57894,Window 1 x 4 x 6 Frame with 3 Panes,bricks,Windows and Doors,Plastic
57895,Glass for Window 1 x 4 x 6,bricks,Windows and Doors,Plastic
57895pr0001,Glass for Window 1 x 4 x 6 with Asian/Japanese Characters 'Ninja' on White Background Print,bricks,Windows and Doors,Plastic
57895pr0002,Glass for Window 1 x 4 x 6 with Dragon Tail Print,bricks,Windows and Doors,Plastic
57895pr0003,Glass for Window 1 x 4 x 6 with Dragon Head Print,bricks,Windows and Doors,Plastic
57895pr0004,Glass for Window 1 x 4 x 6 with Dragon Print,bricks,Windows and Doors,Plastic
57895pr0005,Glass for Window 1 x 4 x 6 with Dragon Head and Midsection Print,bricks,Windows and Doors,Plastic
57895pr0006,Glass for Window 1 x 4 x 6 with 'THE HIGHLANDER' and White Decorative Border Print,bricks,Windows and Doors,Plastic
57895pr0007,Glass for Window 1 x 4 x 6 with Asian Style Black Border and Gold Mountain with Trees Print,bricks,Windows and Doors,Plastic
57895pr0008,Glass for Window 1 x 4 x 6 with 'POLICE PUBLIC CALL BOX' Mirror Image Tardis Door print,bricks,Windows and Doors,Plastic
57895pr0009,"Glass for Window 1 x 4 x 6 with White Lattice, Magenta Hearts and Medium Lavender and Magenta Stylized Flower Print",bricks,Windows and Doors,Plastic
57895pr0010,Glass for Window 1 x 4 x 6 with Asian Gold/Red Decoration print,bricks,Windows and Doors,Plastic
57895pr0011,"Glass for Window 1 x 4 x 6 with 'OPEN', 'Soap 'n' Suds' and 'Wash - Dry - Fold 24 Hour Service' print",bricks,Windows and Doors,Plastic
57895pr0012,Glass for Window 1 x 4 x 6 with Ornate Silver Frame and Dark Green and Sand Green Oval Stained Glass print,bricks,Windows and Doors,Plastic
57895pr0013,"Glass for Window 1 x 4 x 6 with 5 Seahorses, Water and Air Bubbles Print",bricks,Windows and Doors,Plastic
57895pr0014,Glass for Window 1 x 4 x 6 with Gold Lattice over Frosted White Background Print,bricks,Windows and Doors,Plastic
57895pr0015,Glass for Window 1 x 4 x 6 with Pink Curtain Rod and Yellow Curtains with Pink Ties Print,bricks,Windows and Doors,Plastic
57895pr0016,Glass for Window 1 x 4 x 6 with 'Dr. Jones Animal Care' Veterinarian Logo,bricks,Windows and Doors,Plastic
57895pr0017,"Glass for Window 1 x 4 x 6 with 'Central Perk', 2 Coffee Cups print",bricks,Windows and Doors,Plastic
57895pr0018,"Glass for Window 1 x 4 x 6 with Medium Blue Window , Lavender Plant Basket print",bricks,Windows and Doors,Plastic
57895pr0019,Glass for Window 1 x 4 x 6 with Black Triangles Print,bricks,Windows and Doors,Plastic
57895pr0020,"Glass for Window 1 x 4 x 6 with Computer Screen, Green Goblin print",bricks,Windows and Doors,Plastic
57895pr0021,Glass for Window 1 x 4 x 6 with Asian Gold/Red Decoration print,bricks,Windows and Doors,Plastic
57895pr0022,Glass for Window 1 x 4 x 6 with Reddish Brown Door Print,bricks,Windows and Doors,Plastic
57895pr0023,"Glass for Window 1 x 4 x 6 with Lavender Window, Orange Curtain, Plants print",bricks,Windows and Doors,Plastic
57895pr0024,Glass for Window 1 x 4 x 6 with Bricks print,bricks,Windows and Doors,Plastic
57895pr0025,"Glass for Window 1 x 4 x 6 with Cel with Black Trees, Fence, Dirt Road",bricks,Windows and Doors,Plastic
57895pr0026,Glass for Window 1 x 4 x 6 with Black Lattice print,bricks,Windows and Doors,Plastic
57895pr0028,"Glass for Window 1 x 4 x 6 with Cel with Bright Light Blue/Black/Tan House on Road, Fields print",bricks,Windows and Doors,Plastic
57895pr0029,"Glass for Window 1 x 4 x 6 with Cel with Blue Sky, Full Moon, Bright Light Blue Sea print",bricks,Windows and Doors,Plastic
57895pr0030,"Glass for Window 1 x 4 x 6 with Gold Mandarin on Red Background, Gold Border print",bricks,Windows and Doors,Plastic
57895pr0031,"Glass for Window 1 x 4 x 6 with Lime Dino Footprint, Webs, Computer Screen with Map, Dark Green Vines print",bricks,Windows and Doors,Plastic
57898,Sticker Sheet for Set 70673-1,special,Stickers,Plastic
57899,Weapon Gun / Blaster Long (Star Wars),minifigures,"Minifig Shields, Weapons, & Tools",Plastic
5789c01pr0001,"Minidoll Hips and Mid-Length Shorts with Warm Tan Legs, Lime Shoes, White Laces, Soles print",minifigures,Minidoll Lower Body,Plastic
5789c01pr0002,"Minidoll Hips and Mid-Length Shorts with Warm Tan Legs, White/Blue Shoes print",minifigures,Minidoll Lower Body,Plastic
5789c01pr0003,"Minidoll Hips and Mid-Length Shorts with Reddish Brown Legs, Red Shoes, Light Bluish Grey Socks, Laces print",minifigures,Minidoll Lower Body,Plastic
5789c01pr0004,"Minidoll Hips and Mid-Length Shorts with Warm Tan Legs, Dark Blue Shoes, Light Bluish Grey Laces, Socks print",minifigures,Minidoll Lower Body,Plastic
5789c01pr0005,"Minidoll Hips and Mid-Length Shorts with Medium Nougat Legs, Dark Blue Sandals print",minifigures,Minidoll Lower Body,Plastic
5789c01pr0006,"Minidoll Hips and Mid-Length Shorts with reddish Brown Legs, Dark Green Sandals print",minifigures,Minidoll Lower Body,Plastic
5789c01pr0007,"Minidoll Hips and Mid-Length Shorts with Nougat Legs, Dark Turquoise Sandals print",minifigures,Minidoll Lower Body,Plastic
5789c01pr0008,"Minidoll Hips and Mid-Length Shorts with Umber Brown Legs, Dark Blue Sandals print",minifigures,Minidoll Lower Body,Plastic
5789c01pr0009,"Minidoll Hips and Mid-Length Shorts with Warm Tan Legs, Medium Blue Shoes, White Laces, Soles print",minifigures,Minidoll Lower Body,Plastic
5789c01pr0010,"Minidoll Hips and Mid-Length Shorts with Medium Nougat Legs, Dark Turquoise Shoes, White Laces, Soles print",minifigures,Minidoll Lower Body,Plastic
57900,"Helmet Imperial Pilot, Smooth [PLAIN]",minifigures,Minifig Headwear,Plastic
57900pr0001,"Helmet Imperial Pilot, Smooth with Imperial Logo and Three Red Triangles Print (AT-DP Pilot)",minifigures,Minifig Headwear,Plastic
57900pr0002,"Helmet Imperial Pilot, Smooth with Imperial Logo and Three Black Triangles Print (Imperial Combat Driver)",minifigures,Minifig Headwear,Plastic
57900pr0003,"Helmet Imperial Pilot, Smooth with Black Goggles Print (AT-ST Pilot)",minifigures,Minifig Headwear,Plastic
57901pr0001,"Minifig Head Special, Nautolan, Black Eyes and Mouth, Brown Tentacle Bands Print (Kit Fisto)",minifigures,Minifig Heads,Plastic
57906,"Hinge Plate 1 x 12 Locking with Angled Side Extensions and Tapered Ends, 7 Teeth",special,"Hinges, Arms and Turntables",Plastic
57908,Technic Brick Special 2 x 2 with 10.2mm Balls [Center Mold Indention],technic,Technic Special,Plastic
57909a,Technic Brick Modified 2 x 2 with Solid Ball and Axle Hole,technic,Technic Special,Plastic
57909b,"Technic Brick Modified 2 x 2 with Ball and Axle Hole, with 6 Holes in Ball",technic,Technic Special,Plastic
57910,Technic Brick Special 2 x 2 with Ball Socket and Axle Hole,technic,Technic Special,Plastic
57912c01,"Large Figure Weapon Blade, with Trans Clear Center (Sky Guardian)",special,Large Buildable Figures,Plastic
57915,"Boat / Hovercraft Skirt, Unitary",special,Transportation - Sea and Air,Plastic
57922,Sticker Sheet for Set 70674-1,special,Stickers,Plastic
57926,Sticker Sheet for Set 70675-1,special,Stickers,Plastic
57929,Sticker Sheet for Set 70677-1,special,Stickers,Plastic
5794,Technic Axle Pin without Friction Ridges Lengthwise with Squared Hole,technic,Technic Pins,Plastic
57990,Sticker Sheet for Set 70678-1,special,Stickers,Plastic
57994,"Neckwear Cape, 14 Points, Wide Shoulders, Fuzzy Back",minifigures,Minifig Neckwear,Cloth
57995,"Neckwear Cape, 4 Long Tails with Red Fox Brushes Print",minifigures,Minifig Neckwear,Cloth
57999,Train Wheel Spoked with Technic Axle Hole and Rubber Friction Band,special,Wheels and Tyres,Plastic
58004,"Sail, Scalloped, with Red Dragon Tail Print",special,Transportation - Sea and Air,Plastic
58005,"Sail, Scalloped, with Red Dragon Print",special,Transportation - Sea and Air,Plastic
58006,"Neckwear Cape, Scalloped 3 Points with One Side Shiny [Traditional Starched Fabric]",minifigures,Minifig Neckwear,Cloth
58007,"Neckwear Cape Collar, Pointed, Angular Pointed, Traditional Starched Fabric, One Side Shiny",minifigures,Minifig Neckwear,Cloth
58008,Sticker Sheet for Set 60228-1,special,Stickers,Plastic
58009,Sticker Sheet for Set 60229-1,special,Stickers,Plastic
5801,Car Base 6 x 12,bricks,Bricks Special,Plastic
58011a,"Banner, Left, Ice Emperor Symbol Print",special,"Flags, Banners and Signs",Plastic
58011b,"Banner, Right, Ice Emperor Symbol Print",special,"Flags, Banners and Signs",Plastic
58011c,"Wing, Right, Medium Azure Ice Print",special,Animal / Creature Body Parts,Plastic
58011c01,"Banners and Dragon Wings, Ice Emperor Symbols Print",special,"Flags, Banners and Signs",Plastic
58011d,"Wing, Left, Medium Azure Ice Print",special,Animal / Creature Body Parts,Plastic
58012a,"Banner, with 2 Holes, Flames and Gold Symbol Print",special,"Flags, Banners and Signs",Plastic
58012b,"Snake Hood, Left, Flames Print",special,Animal / Creature Body Parts,Plastic
58012c,"Snake Hood, Right, Flames Print",special,Animal / Creature Body Parts,Plastic
58012c01,"Banners, Snake Hood, Tongue with Flames Print (Fire Fang)",special,"Flags, Banners and Signs",Plastic
58012d,"Snake Tongue, Flames Print",special,Animal / Creature Body Parts,Plastic
58017,Minifig Neckwear Backpack First Order Trooper,minifigures,Minifig Neckwear,Plastic
5805,Wheel 8 x 7.2 with Pin Hole,special,Wheels and Tyres,Plastic
58057pr0001,Duplo Animal Dog Large Paws with Brown Ears and Tail and Spots,bricks,"Duplo, Quatro and Primo",Plastic
58057pr0002,"Duplo Animal Dog Large Paws with Open Mouth and Spots between Eyes, Brown Neck Print",bricks,"Duplo, Quatro and Primo",Plastic
58057pr0003,"Duplo Animal Dog Large Paws with Black Ears and Tail and Spots, Eyes Looking Left Print",bricks,"Duplo, Quatro and Primo",Plastic
58057pr0004,"Duplo Animal Dog with Medium Azure Eyes and Collar with Paw Print Tag, White Stitches on Face Print",bricks,"Duplo, Quatro and Primo",Plastic
58057pr0005,"Duplo Animal Dog Large Paws with Black Ears and Tail and Spots, Eyes Looking Right Print",bricks,"Duplo, Quatro and Primo",Plastic
58057pr9999,"Duplo Animal Dog Large Paws with Medium Nougat Ears and Tail, Medium Azure Harness Print",bricks,"Duplo, Quatro and Primo",Plastic
58065,Duplo Harvester,bricks,"Duplo, Quatro and Primo",Plastic
58069,Duplo Harvester Underside Door,bricks,"Duplo, Quatro and Primo",Plastic
5807,"Wheel 14mm D. x 9.9mm with Centre Groove, Fake Bolts Large and 6 Spokes",special,Wheels and Tyres,Plastic
58071,Duplo Harvester Tube,bricks,"Duplo, Quatro and Primo",Plastic
58078,Duplo Harvester Blades / Header,bricks,"Duplo, Quatro and Primo",Plastic
58079,Duplo Harvester Blade / Header Holder,bricks,"Duplo, Quatro and Primo",Plastic
58080,Duplo Conveyor Belt on 4 x 4 Base with Blue Sides and Black Belt,bricks,"Duplo, Quatro and Primo",Plastic
58086,Duplo Pitchfork,bricks,"Duplo, Quatro and Primo",Plastic
58088,Wheel Cover 7 Spoke with Axle Hole - 56mm D. [Fits 44772],special,Wheels and Tyres,Plastic
58089,Wheel Cover 7 Spoke V Shape - 36mm D.,special,Wheels and Tyres,Plastic
5809,Tyre 14 x 11 Slick,special,Wheels and Tyres,Plastic
58090,Tyre 30.4 x 14 VR Solid,special,Wheels and Tyres,Rubber
5810,Tyre 21/24 x 11,special,Wheels and Tyres,Plastic
58101pr0001,"Nintendo Figure, Legs and Overalls with Two Front Studs and Reddish Brown Feet, with Internal Prongs for Basic Suit",special,Large Buildable Figures,Plastic
58118,"Wire with Brick 2 x 2 x 2/3 with 1 x 2 Studs and Power Functions and 9V Connectors, 50cm, One Light Bluish Gray End",technic,Electronics,Plastic
58119,"Battery Box, Power Functions 4 x 11 x 7 with Orange Switch and Dark Bluish Gray Covers [Complete Assembly]",technic,Electronics,Plastic
58120,"Motor, Medium, Power Functions, 3 x 6 x 3 with Dark Bluish Gray Bottom and 20cm Wire",technic,Electronics,Plastic
58121,"Motor, XL, Power Functions, 6 x 5 x 6, 20cm with Dark Bluish Gray Bottom",technic,Electronics,Plastic
58122,"Control Unit, IR, Power Functions, with Dark Bluish Gray Bottom",technic,Electronics,Plastic
58123a,"Receiver Unit, IR, Power Functions",technic,Electronics,Plastic
58123b,"Receiver Unit, IR, Power Functions, with V2 Print",technic,Electronics,Plastic
58124,"Plate Special, 2 x 2 Power Functions Wire Connector [Undetermined Bottom Type]",technic,Electronics,Plastic
58124c01,"Plate Special, 2 x 2 Power Functions Wire Connector, Power Functions Bottom",technic,Electronics,Plastic
58124c02,"Plate Special, 2 x 2 Power Functions Wire Connector, 9V Bottom",technic,Electronics,Plastic
5813,"Tyre, 21 x 6",special,Wheels and Tyres,Rubber
58135,"Battery Cover, Power Functions, for IR Remote Control",technic,Electronics,Plastic
58174,Sticker Sheet for Set 10176-1,special,Stickers,Plastic
58176,Light Cover 1 x 1 Round with Internal Bar / Bionicle Barraki Eye,special,"Bars, Ladders and Fences",Plastic
58176pr0001,Light Cover with Internal Bar / Bionicle Barraki Eye with Black Eyes print (Z-Blob),special,"Bars, Ladders and Fences",Plastic
58176pr0002,Light Cover with Internal Bar / Bionicle Barraki Eye with Dark Purple/Bright Light Yellow Eye print,special,"Bars, Ladders and Fences",Plastic
58177,"Technic Connector Block 3 x 3 Triangular with Axle, and Axle Hole",technic,Technic Connectors,Plastic
58181,Slope 33° 3 x 6 No Inner Walls,slopes,Bricks Sloped,Plastic
58181pr0003,Slope 33° 3 x 6 No Inner Walls with Cockpit print,slopes,Bricks Sloped,Plastic
58209,"Belville, Skirt, Long Purple with Sheer Overlay",special,"Belville, Scala and Fabuland",Cloth
58210,"Belville, Skirt, Baby or Rabbit",special,"Belville, Scala and Fabuland",Cloth
58211,"Belville, Sleeping Bag / Baby Pouch, Terry Cloth [Plain]",special,"Belville, Scala and Fabuland",Cloth
58212,"Belville, Skirt, Long with Purple Sparkle Layer",special,"Belville, Scala and Fabuland",Cloth
5822,"Plant, Pear",special,Plants & Trees,Plastic
58230,"Large Figure Foot, Barraki Kalmah",special,Large Buildable Figures,Plastic
58236pr0001,Duplo Van Type 2 Rear Door with Taillights and Red Stripes Print,bricks,"Duplo, Quatro and Primo",Plastic
58236pr0002,"Duplo Van Type 2 Rear Door with Red Taillights, and Green Bumper / Fender Print",bricks,"Duplo, Quatro and Primo",Plastic
58239,Sticker Sheet for Set 10177-1,special,Stickers,Plastic
58247,Weapon Gun / Blaster Short (Star Wars),minifigures,"Minifig Shields, Weapons, & Tools",Plastic
5828,"Hair, Long Curly, Internal Supports",minifigures,Minifig Headwear,Plastic
5829,"Creature, Dragon, Baby, Sitting [PLAIN]",special,Animals / Creatures,Plastic
5829pr0001,"Creature, Dragon, Baby, Sitting with Black Eyes print",special,Animals / Creatures,Plastic
5830,"Wedge Curved 6 x 2 Left, Smooth Inner Walls",bricks,Bricks Wedged,Plastic
58321,"Belville, Animal / Creature Accessory, Horse Blanket, Non-Opening, with White Glitter Stars Print",special,"Belville, Scala and Fabuland",Plastic
58327,"Sticker Sheet for Sets 4826-1, 4828-1",special,Stickers,Plastic
58367,Equipment Hose Nozzle / Gun with Side String Hole,minifigures,Minifig Accessories,Plastic
58380,Door 1 x 3 x 4 Right - Open Between Top and Bottom Hinge,bricks,Windows and Doors,Plastic
58381,Door 1 x 3 x 4 Left - Open Between Top and Bottom Hinge,bricks,Windows and Doors,Plastic
58390,Sticker Sheet for Set 8100-1,special,Stickers,Plastic
58391,Sticker Sheet for Set 8103-1,special,Stickers,Plastic
58392,Sticker Sheet for Set 8102-1,special,Stickers,Plastic
58395,Sticker Sheet for Set 70838-1,special,Stickers,Plastic
58396,Sticker Sheet for Set 70839-1,special,Stickers,Plastic
58397,"Belville, Scarf",special,"Belville, Scala and Fabuland",Cloth
584,Technic Bush with One Flange - Type One,technic,Technic Bushes,Plastic
5841,Brick Curved 1 x 2 x 1 with Curved Top,bricks,Bricks Curved,Plastic
5842,Brick Curved 2 x 4 x 1,bricks,Bricks Curved,Plastic
5842pr0001,Brick Curved 2 x 4 x 1 with Dark Blue Stripe print,bricks,Bricks Curved,Plastic
5843,Brick Arch 1 x 3 x 1 2/3 Curved Top,bricks,Bricks Curved,Plastic
5844,Brick Arch 1 x 4 x 2 1/3 Curved Top,bricks,Bricks Curved,Plastic
5845,Brick Arch 1 x 5 x 3 1/3 Curved Top,bricks,Bricks Curved,Plastic
5846,"Brick Curved 2 x 2 x 1 Curved Top, Corner",bricks,Bricks Curved,Plastic
5847,Slope Curved 1 x 2 Inverted with 1 x 1 Cutouts,bricks,Bricks Curved,Plastic
5848,Brick Round Curved 1 x 1 x 1 Quarter Dome,bricks,Bricks Round and Cones,Plastic
58480,Sticker Sheet for Set 10269-1,special,Stickers,Plastic
5849,Brick Curved 1 x 4 x 1,bricks,Bricks Curved,Plastic
58497,Duplo Hose 11L Pearl Light Gray End,bricks,"Duplo, Quatro and Primo",Plastic
58498c01,Duplo Hose with Rubber End and Light Bluish Gray Nozzle,bricks,"Duplo, Quatro and Primo",Plastic
58498c02,Duplo Hose with Rubber End and Black Nozzle,bricks,"Duplo, Quatro and Primo",Plastic
58498c03,Duplo Hose with Rubber End and Pearl Light Gray Nozzle,bricks,"Duplo, Quatro and Primo",Plastic
585,Technic Bush Old Type 2,technic,Technic Bushes,Plastic
5850,"Brick Arch 1 x 3 x 2, Straight End",bricks,Bricks Curved,Plastic
58512,Sticker Sheet for Set 8101-1,special,Stickers,Plastic
58513,Sticker Sheet for Set 8104-1,special,Stickers,Plastic
58514,Sticker Sheet for Set 8105-1,special,Stickers,Plastic
5852,"Brick Round Corner, Curved 2 x 2 x 2/3 Quarter Circle",bricks,Bricks Round and Cones,Plastic
58520,Sticker Sheet for Set 9226-1,special,Stickers,Plastic
5852pr0001,"Brick Round Corner, Curved 2 x 2 x 2/3 Quarter Circle with Black/Dark Brown Eye, White Pupil, Left print",bricks,Bricks Round and Cones,Plastic
5852pr0002,"Brick Round Corner, Curved 2 x 2 x 2/3 Quarter Circle with Black/Dark Brown Eye, White Pupil, Right print",bricks,Bricks Round and Cones,Plastic
5852pr0003,"Brick Round Corner, Curved 2 x 2 x 2/3 Quarter Circle with Black Eye, White Pupil print",bricks,Bricks Round and Cones,Plastic
5852pr0004,"Brick Round Corner, Curved 2 x 2 x 2/3 Quarter Circle with Black Eye, White Pupil print",bricks,Bricks Round and Cones,Plastic
5853,Slope Curved 2 x 4 Inverted with 1 x 4 Cutouts,bricks,Bricks Curved,Plastic
5854,Slope Curved 2 x 2 with 1 x 2 Cutouts,bricks,Bricks Curved,Plastic
58574,"Neckwear Cape, Short, 8 Points [Spongy Stretchable Fabric]",minifigures,Minifig Neckwear,Cloth
58576,Sticker Sheet for Set 7582-1,special,Stickers,Plastic
58580,Sticker Sheet for Set 7944-1,special,Stickers,Plastic
58593,Sticker Sheet for Set 7942-1,special,Stickers,Plastic
58604,Sticker Sheet for Set 7945-1,special,Stickers,Plastic
58629pr0001,Duplo Cement Mixer Bucket with Blue Stripes,bricks,"Duplo, Quatro and Primo",Plastic
58629pr0002,Duplo Cement Mixer Bucket with Red Stripes,bricks,"Duplo, Quatro and Primo",Plastic
58665,Minifig Neckwear Wings,minifigures,Minifig Neckwear,Plastic
58681,Sticker Sheet for Set 8289-1,special,Stickers,Plastic
586c01,"String Reel Winch 4 x 4 x 2 with Metal Handle, Red Drum",special,"String, Bands and Reels",Plastic
586c02,"String Reel Winch 4 x 4 x 2 with Metal Handle, Black Drum",special,"String, Bands and Reels",Plastic
58784,Sticker Sheet for Set 8272-1,special,Stickers,Plastic
58797,Sticker Sheet for Set 7906-1,special,Stickers,Plastic
58827,"Support 2 x 2 x 10 Girder Triangular Vertical - Type 3 - Axle Hole, 3 Posts",special,"Supports, Girders and Cranes",Plastic
5884,Weapon Bow and Arrow Decorated,minifigures,"Minifig Shields, Weapons, & Tools",Plastic
58840,"Sticker Sheet for Sets 7774-1, 7775-1",special,Stickers,Plastic
58842,"Projectile, Weapon Foam Dart with Black Tip",special,Projectiles / Launchers,Foam
58843,Equipment Martian Hypersled with Pin (Mars Mission),minifigures,Minifig Accessories,Plastic
58844pat0001,"Torso/Head Martian with Chest Hole, Marbled Glow In Dark Pattern",minifigures,Minifigs,Plastic
58845,Legs Martian Rounded,minifigures,Minifig Lower Body,Plastic
58846,"Brick Round Corner 10 x 10 with Slope 33° Edge, Axle Hole, Facet Cutout",bricks,Bricks Round and Cones,Plastic
58947,"Cylinder 9 x 4 x 2 Tapered with Flat Bottom, Pin Holes",technic,Technic Special,Plastic
5895,"Duplo Egg, Top 4 x 4 x 2 1 / 2",bricks,"Duplo, Quatro and Primo",Plastic
5896,"Duplo Egg, Bottom 4 x 4 x 1 3 / 4",bricks,"Duplo, Quatro and Primo",Plastic
5897,Duplo Plate 12 x 6 Rounded (Cloud),bricks,"Duplo, Quatro and Primo",Plastic
5898,Duplo Bowl Lid with Shapes Cutout,bricks,"Duplo, Quatro and Primo",Plastic
5903,"Plant, Flower, Tulip",special,Plants & Trees,Plastic
5904,"Plant, Flower, Peony Rose with 2 Layers",special,Plants & Trees,Plastic
59040,Sticker Sheet for Set 7714-1,special,Stickers,Plastic
5906,"Brick Round Corner, Curved 2 x 2 x 1 2/3 Quarter Dome with 1 Cutout",bricks,Bricks Round and Cones,Plastic
5907,Brick Curved 1 x 2 x 1 2/3 with 1 Cutout,bricks,Bricks Curved,Plastic
5908,"Helmet, Wide Sides, Ornaments Decorations",minifigures,Minifig Headwear,Flexible Plastic
59107,"Animal, Horse with Long Water Tail",special,Animals / Creatures,Plastic
59126pr0001,"Duplo Train Cab Top, Thomas & Friends Spencer Print",bricks,"Duplo, Quatro and Primo",Plastic
59126pr0002,"Duplo Train Cab Top, Thomas & Friends, Gordon Print",bricks,"Duplo, Quatro and Primo",Plastic
59127,"Duplo Train Front, Thomas & Friends, Spencer Face",bricks,"Duplo, Quatro and Primo",Plastic
59128pr0001,"Duplo Train Front, Thomas & Friends, Salty Face",bricks,"Duplo, Quatro and Primo",Plastic
59129pr0001,"Duplo Train Cab Top, Thomas & Friends Salty Design",bricks,"Duplo, Quatro and Primo",Plastic
59130,"Duplo Train Front, Thomas & Friends, Gordon Face",bricks,"Duplo, Quatro and Primo",Plastic
59133,Duplo Truck Cab with Headlight Eyes Print (Packer),bricks,"Duplo, Quatro and Primo",Plastic
59134,Duplo Truck Chassis with Silver Trim (Packer),bricks,"Duplo, Quatro and Primo",Plastic
59135,Duplo Flatbed Trailer 4 x 8 with Wheels (Packer),bricks,"Duplo, Quatro and Primo",Plastic
59178,"Duplo Digger / Sweeper Arm, with Handle 8 x 7 x 2",bricks,"Duplo, Quatro and Primo",Plastic
59181,Duplo Digger Base 8 x 9 x 2 with Treads,bricks,"Duplo, Quatro and Primo",Plastic
59187,"Duplo Digger/Excavator Bucket, with 5 Teeth",bricks,"Duplo, Quatro and Primo",Plastic
59190,Duplo Windscreen 6 x 6 x 2 with 2 x 2 Studs on Top,bricks,"Duplo, Quatro and Primo",Plastic
59199,Sticker Sheet for Set 8106-1,special,Stickers,Plastic
59217pat0001,"Creature Body Part, Dragon Arm, Left with Black Claws Pattern",special,Animal / Creature Body Parts,Plastic
59217pat0002,"Creature Body Part, Dragon Arm, Left with Dark Red Claws Pattern",special,Animal / Creature Body Parts,Plastic
59218pat0001,"Creature Body Part, Dragon Arm, Right with Black Claws Pattern",special,Animal / Creature Body Parts,Plastic
59218pat0002,"Creature Body Part, Dragon Arm, Right with Dark Red Claws Pattern",special,Animal / Creature Body Parts,Plastic
59224,"Creature Body Part, Dragon Torso [Plain]",special,Animal / Creature Body Parts,Plastic
59224pat0001,"Creature Body Part, Dragon Torso with Black Dorsal Scales Pattern",special,Animal / Creature Body Parts,Plastic
59224pat0002,"Creature Body Part, Dragon Torso with Dark Red Dorsal Scales Pattern",special,Animal / Creature Body Parts,Plastic
59224pat0003,"Creature Body Part, Dragon Torso with Metallic Silver Dorsal Scales Pattern",special,Animal / Creature Body Parts,Plastic
59224pat0004,"Creature Body Part, Dragon Torso with Black Dorsal Scales Pattern",special,Animal / Creature Body Parts,Plastic
59225c01,"Creature Body Part, Dragon Neck, S-Curve with Moveable Ball Joint Pin",special,Animal / Creature Body Parts,Plastic
59225c02,"Creature Body Part, Dragon Neck, S-Curve with Black Moveable Ball Joint Pin",special,Animal / Creature Body Parts,Plastic
59227pr0001,"Creature Body Part, Dragon Head Lower Jaw with White Teeth Print",special,Animal / Creature Body Parts,Plastic
59228,"Creature, Horse / Thestral, Skeletal / Skeleton",special,Animals / Creatures,Plastic
59229,Weapon Sword Scythe Blade with Clip Pommel,minifigures,"Minifig Shields, Weapons, & Tools",Plastic
59230,Arm Mechanical Straight (Droid) [2 Clips at 90°],minifigures,Minifig Upper Body,Plastic
59231,Shield Round Flat [Plain],minifigures,"Minifig Shields, Weapons, & Tools",Plastic
59231pr0001,Shield Round Flat with Silver Skull on Dark Red Print,minifigures,"Minifig Shields, Weapons, & Tools",Plastic
59231pr0002,Shield Round Flat with Helmet on Dark / Medium Blue Quarters Print,minifigures,"Minifig Shields, Weapons, & Tools",Plastic
59231pr0003,"Shield Round Flat with Circle, Triangle and Trident on Gold Background Print",minifigures,"Minifig Shields, Weapons, & Tools",Plastic
59231pr0004,Shield Round Flat with Gold Dragon Head with Jagged Teeth Print,minifigures,"Minifig Shields, Weapons, & Tools",Plastic
59231pr0005,Shield Round Flat with Captain America Design print (Toy Fair 2012),minifigures,"Minifig Shields, Weapons, & Tools",Plastic
59232,Weapon Mace / Flail Spiked,minifigures,"Minifig Shields, Weapons, & Tools",Plastic
59233,"Wave / Lightning Angular, Double",special,Energy Effects,Plastic
59233pat0001,"Wave / Lightning Angular, Double with Marbled Trans-Purple Pattern",special,Energy Effects,Plastic
59233pat0002,"Wave / Lightning Angular, Double with Marbled Trans-Green Pattern",special,Energy Effects,Plastic
59233pat0003,"Wave / Lightning Angular, Double with Marbled Dark-Purple Pattern",special,Energy Effects,Plastic
5924,Brick Round Corner 2 x 2 x 1,bricks,Bricks Round and Cones,Plastic
5925,Panel 5 x 5 x 3 1/3,bricks,Panels,Plastic
5926,Duplo Food Bone,bricks,"Duplo, Quatro and Primo",Plastic
5927,Duplo Car Seat,bricks,"Duplo, Quatro and Primo",Plastic
59275,Minifig Footwear Flipper [Thin],minifigures,Minifig Accessories,Plastic
59276,"Hood Long, Angular",minifigures,Minifig Headwear,Plastic
5928,Duplo Syringe,bricks,"Duplo, Quatro and Primo",Plastic
5929,Duplo Luggage,bricks,"Duplo, Quatro and Primo",Plastic
5930,Duplo Baseplate 16 x 16,bricks,"Duplo, Quatro and Primo",Plastic
5931,Duplo Arrow,bricks,"Duplo, Quatro and Primo",Plastic
59349,Panel 1 x 6 x 5,bricks,Panels,Plastic
59349pr0001,Panel 1 x 6 x 5 with Light Bluish Gray Ironwork Print,bricks,Panels,Plastic
59349pr0002,"Panel 1 x 6 x 5 with Vent Cover, Crossed Wrenches, Cable, Drawing of truck, Big Red Button, Rib-bits print",bricks,Panels,Plastic
59349pr0003,Panel 1 x 6 x 5 with Gold '40 YEARS LEGO EDUCATION' print,bricks,Panels,Plastic
59349pr0004,"Panel 1 x 6 x 5 with Holsters, Coat rack, Horse Shoe, Lady Bug, Photo of Girl with Horse, Brush print",bricks,Panels,Plastic
59349pr0005,"Panel 1 x 6 x 5 with 'Caboom', Dare Devil on Motor print",bricks,Panels,Plastic
59349pr0006,Panel 1 x 6 x 5 with Classic Space Logo print,bricks,Panels,Plastic
59349pr0007,"Panel 1 x 6 x 5 with Security Monitors, 'GRU'S LAIR' Poster Print",bricks,Panels,Plastic
59349pr0008,Panel 1 x 6 x 5 with Archaeologist with Red Diamond print,bricks,Panels,Plastic
59349pr0009,Panel 1 x 6 x 5 with Whomp Face Print,bricks,Panels,Plastic
59349pr0010,Panel 1 x 6 x 5 with Green Windows Print,bricks,Panels,Plastic
59349pr0011,"Panel 1 x 6 x 5 with 'ALL THE WAY TO ZERO', Black Windows, Dark Red Stripe print",bricks,Panels,Plastic
59349pr0012,"Panel 1 x 6 x 5 with Screen with Aliens, Buttons print",bricks,Panels,Plastic
59349pr0013,Panel 1 x 6 x 5 with LEGO Logo Print,bricks,Panels,Plastic
59349pr0014,"Panel 1 x 6 x 5 with Sweater, Red/Yellow Trim/Stripes, White Shirt, Tie print",bricks,Panels,Plastic
59349pr0015,"Panel 1 x 6 x 5 with Forest, Tress, Autumn Leaves print",bricks,Panels,Plastic
59349pr0016,"Panel 1 x 6 x 5 with Nougat Window, Green Tree, Medium Blue Sky, Cabinet with Potted Plants, Hanging Plant, Kangaroo print",bricks,Panels,Plastic
59349pr0017,"Panel 1 x 6 x 5 with Headphones, Music Notes, Family Portrait print",bricks,Panels,Plastic
59349pr0018,"Panel 1 x 6 x 5 with Minifig in Bright Light Blue Sponge Suit, Cap, Bubbles print",bricks,Panels,Plastic
59349pr0019,Panel 1 x 6 x 5 with Blue Mechanical Spider Legs print,bricks,Panels,Plastic
59349pr0020,Panel 1 x 6 x 5 with Blue Mechanical Spider Legs print,bricks,Panels,Plastic
59349pr0021,"Panel 1 x 6 x 5 with White Cabinet, Picture with Horse, Ribbons, Trophy print",bricks,Panels,Plastic
59349pr0022,"Panel 1 x 6 x 5 with White 'CRYSTAL' on Dark Green Circle, White/Dark Red Window, Sand Green Background print",bricks,Panels,Plastic
59349pr0023,Panel 1 x 6 x 5 with Round White/Medium Azure Window print,bricks,Panels,Plastic
59349pr0024,Panel 1 x 6 x 5 with Red Heart-Shaped Mirror print,bricks,Panels,Plastic
59349pr0025,Panel 1 x 6 x 5 with Round White/Medium Azure Window print,bricks,Panels,Plastic
59349pr0026,Panel 1 x 6 x 5 with Gold Arches print,bricks,Panels,Plastic
59349pr0027,"Panel 1 x 6 x 5 with White Roses, Dark Blue Round Window, Pearls, Masonry print",bricks,Panels,Plastic
59349pr0028,"Panel 1 x 6 x 5 with Birdcage, Flower Pot, Plant, Musical Instruments, Arched Window print",bricks,Panels,Plastic
59349pr0029,"Panel 1 x 6 x 5 with Shelves, Pill Bottles, Goat Schematics print",bricks,Panels,Plastic
59349pr0030,"Panel 1 x 6 x 5 with White 'ARCADE' on Dark Green Circle, White/Dark Red Window, Sand Green Background print",bricks,Panels,Plastic
59349pr0031,Panel 1 x 6 x 5 with Light Bluish Grey Conduits print,bricks,Panels,Plastic
59349pr0032,"Panel 1 x 6 x 5 with Zipper, OCTAN Logo print",bricks,Panels,Plastic
59349pr0033,"Panel 1 x 6 x 5 with Light Bluish Grey Starship, Black Space, Dark Purple Portal print",bricks,Panels,Plastic
59349pr0034,"Panel 1 x 6 x 5 with Under Sea, Coral Coral, Seahorse, Lime Squid, Rocks, Bubbles print",bricks,Panels,Plastic
59349pr0035,"Panel 1 x 6 x 5 with Wooden Wall, Window, Bright Light Yellow Shutters, Cat, Lights, Snow print",bricks,Panels,Plastic
59349pr0036,"Panel 1 x 6 x 5 with Bright Oink Light Beams, Lime Plants, Bright Pink/Lavender/Lime Crystals print",bricks,Panels,Plastic
59349pr0037,"Panel 1 x 6 x 5 with Dark Blue Rectangle / Basketball Board, LEGO Brick, Nike Logo print",bricks,Panels,Plastic
59349pr0038,"Panel 1 x 6 x 5 with Santa Chest, Black Belt, Gold Belt Buckle, Button, White Fur print",bricks,Panels,Plastic
59349pr0039,"Panel 1 x 6 x 5 with Green/Yellow Tracking Monitor, Presents, Santa print",bricks,Panels,Plastic
59349pr0040,"Panel 1 x 6 x 5 with Bright Light Blue/Bright Pink Cabinet, Pictures of Cat, Bear, Dog print",bricks,Panels,Plastic
59349pr0041,"Panel 1 x 6 x 5 with Medium Blue Fireplace, Pumpkins, Clock, Framed Picture of Rapunzel, Dog, Cat, Mouse print",bricks,Panels,Plastic
59349pr9993,"Panel 1 x 6 x 5 with Monitor, 'ALERT', Joker, Car, Map, Crystal print",bricks,Panels,Plastic
59349pr9994,"Panel 1 x 6 x 5 with Silver, Bright Light Blue Shapes on Dark Turquoise Background print",bricks,Panels,Plastic
59349pr9995,"Panel 1 x 6 x 5 with Kitten Garlands, Drawing, Painting, Presents print",bricks,Panels,Plastic
59349pr9996,"Panel 1 x 6 x 5 with Balloons, Kittens, Butterflies print",bricks,Panels,Plastic
59349pr9997,"Panel 1 x 6 x 5 with Balloons, Kittens, Butterflies print",bricks,Panels,Plastic
59349pr9999,"Panel 1 x 6 x 5 with 'LEGO STAR WARS', Stormtrooper, 'Sponsored by Toys R Us, September 4th 2015' print",bricks,Panels,Plastic
59351,"Duplo Digger/ Body, Excavator and Cabin 8 x 8 x 4",bricks,"Duplo, Quatro and Primo",Plastic
59362,Hair Short with Curled Ends,minifigures,Minifig Headwear,Plastic
59363,Hair Mid-Length with Braid around Sides,minifigures,Minifig Headwear,Plastic
5938,Duplo Brick 2 x 4 with 4 Studs and Hinge Male and Female,bricks,"Duplo, Quatro and Primo",Plastic
59389c01,Duplo Street Sweeper Brush with Yellow Bristles,bricks,"Duplo, Quatro and Primo",Plastic
5939,Duplo Mermaid Tail,bricks,"Duplo, Quatro and Primo",Plastic
59404,Sticker Sheet for Set 7776-1,special,Stickers,Plastic
59426,Technic Axle 5.5 with Stop [Rounded Short End],technic,Technic Axles,Plastic
59433pr0001,"Droid D-O with Green Markings, Black Eyes print",minifigures,Minifigs,Plastic
59437c01,Skin Sheet 2 for Set 81000-1,special,Animal / Creature Body Parts,Plastic
59439,Sticker Sheet for Set 40366-1,special,Stickers,Plastic
59441c01,Skin Sheet 1 for Set 81000-1,special,Animal / Creature Body Parts,Plastic
59443,Technic Axle Connector Smooth [with x Hole + Orientation],technic,Technic Connectors,Plastic
59490pat0001,"Large Figure Chest Cover, Barraki Carapar Marbled Pearl Light Gray Pattern",special,Large Buildable Figures,Plastic
59490pat0002,"Large Figure Chest Cover, Barraki Carapar Marbled Dark Green Pattern",special,Large Buildable Figures,Plastic
59490pat0003,"Large Figure Chest Cover, Barraki Carapar Marbled Trans-Brown Pattern",special,Large Buildable Figures,Plastic
59490pat0004,"Large Figure Chest Cover, Barraki Carapar Marbled Bright Light Orange Pattern",special,Large Buildable Figures,Plastic
59492,"Launcher, Weapon, Four Barrel Foam Dart Launcher",special,Projectiles / Launchers,Plastic
5950pr0001,"Dish 8 x 8 with Click Hinges with Window, Spiderweb, One Side Colored In print",plates,Plates Round Curved and Dishes,Plastic
5950pr0002,Dish 8 x 8 with Click Hinges with Dark Bluish Grey Radial Window print,plates,Plates Round Curved and Dishes,Plastic
59521,Wheel Hard Plastic Spoked Giant Thin 160 x 28,special,Wheels and Tyres,Plastic
59522c01,"Duplo Street Sweeper, with Wheel",bricks,"Duplo, Quatro and Primo",Plastic
59528pr0001,"Minifig Head Special, Barraki Kalmah",minifigures,Minifig Heads,Plastic
59528pr0002,"Minifig Head Special, Barraki Ehlek",minifigures,Minifig Heads,Plastic
59533pr0001,"Minifig Head Special, Toa Mahri",minifigures,Minifig Heads,Plastic
59533pr0002,"Minifig Head Special, Toa Mahri Kongu",minifigures,Minifig Heads,Plastic
59533pr0003,"Minifig Head Special, Toa Mahri Matoro",minifigures,Minifig Heads,Plastic
59559,Duplo Container Tank Lower Section with Outlet for Hose,bricks,"Duplo, Quatro and Primo",Plastic
59577,Large Figure Limb Cover / Back Plate (Hydruka),special,Large Buildable Figures,Plastic
59577pat0001,Large Figure Limb Cover / Back Plate (Hydruka) with Marbled Black Pattern,special,Large Buildable Figures,Plastic
59599,Sticker Sheet for Set 40337-1,special,Stickers,Plastic
59612pr0096,"Duplo Figure with Top Hat, Thomas & Friends Sir Topham Hatt",special,"Non-Buildable Figures (Duplo, Fabuland, etc)",Plastic
59619,Sticker Sheet for Set 7695-1,special,Stickers,Plastic
59620,Sticker Sheet for Set 7694-1,special,Stickers,Plastic
59621,Sticker Sheet for Set 7693-1,special,Stickers,Plastic
59622,Sticker Sheet for Set 7692-1,special,Stickers,Plastic
59623,Sticker Sheet for Set 7691-1,special,Stickers,Plastic
59624,Sticker Sheet for Set 7690-1,special,Stickers,Plastic
59625,Sticker Sheet for Set 7697-1,special,Stickers,Plastic
5966,"Duplo Brick Round 2 x 2 Studs, Thin Disc",bricks,"Duplo, Quatro and Primo",Plastic
59684pr0001,"Duplo Container Tank, Upper Section with Cow Holding Glass of Milk Print",bricks,"Duplo, Quatro and Primo",Plastic
59684pr0002,Duplo Container Tank Upper Section with Stripes and Fire Logo Print,bricks,"Duplo, Quatro and Primo",Plastic
59684pr0003,Duplo Container Tank Upper Section with Stripes and Octan Logo Print,bricks,"Duplo, Quatro and Primo",Plastic
5969,"Duplo, Arm with Hole",bricks,"Duplo, Quatro and Primo",Plastic
59718,Sticker Sheet for Set 7991-1,special,Stickers,Plastic
5973,"Creature Body Part, Dragon, Wing Large",special,Animal / Creature Body Parts,Plastic
5974pat0001,"Flame, Axle, with Marbled Dark Purple Pattern",special,Energy Effects,Plastic
5974pat0002,"Flame, Axle, with Marbled Trans-Red Pattern",special,Energy Effects,Plastic
5975,"Creature Body Part, Dragon, Head",special,Animal / Creature Body Parts,Plastic
5978,"Creature Body Part, Dragon, Tail",special,Animal / Creature Body Parts,Plastic
59794c01pr0001,"Minidoll Hips and Skirt with Ankles with Medium Lavender Skirt, Lavender Trim",minifigures,Minidoll Lower Body,Plastic
59794c01pr0002,"Minidoll Hips and Skirt with Ankles Lavender Apron, Dark Purple Sandals",minifigures,Minidoll Lower Body,Plastic
59794c01pr0003,"Minidoll Hips and Skirt with Ankles Flowers, Black Shoes with Gold Decorations print",minifigures,Minidoll Lower Body,Plastic
59794c01pr0004,"Minidoll Hips and Skirt with Ankles, White Apron, Black Shoes Print",minifigures,Minidoll Lower Body,Plastic
59794c01pr0005,"Minidoll Hips and Skirt with Ankles with Lime Trim, Magenta Drawings, Butterfly, Magenta Shoes print",minifigures,Minidoll Lower Body,Plastic
59794c01pr0006,"Minidoll Hips and Skirt with Ankles Flower Decoration, White Legs, Black Shoes print",minifigures,Minidoll Lower Body,Plastic
59794c01pr0007,"Minidoll Hips and Skirt with Ankles White Apron, Red Sash, Dark Tan/Orange Decorations, Nougat Feet print",minifigures,Minidoll Lower Body,Plastic
59794c01pr0008,"Minidoll Hips and Skirt with Ankles, Red Santa Suit, Gold Buttons, White Fur print",minifigures,Minidoll Lower Body,Plastic
59794c01pr0009,"Minidoll Hips and Skirt with Nougat Ankles, Magenta Shoes print",minifigures,Minidoll Lower Body,Plastic
59794c01pr0010,"Minidoll Hips and Skirt with Ankles, White Apron, White/Dark Blue Shoes Print",minifigures,Minidoll Lower Body,Plastic
59794c01pr0011,"Minidoll Hips and Skirt with Ankles, Dress with Pin, Magenta Underdress, Medium Nougat Legs, Black Shoes",minifigures,Minidoll Lower Body,Plastic
59794c01pr0012,"Minidoll Hips and Skirt with Ankles with Sand Green Ribbon, Gold Decorations, Tan Boots print",minifigures,Minidoll Lower Body,Plastic
59794c01pr0013,"Minidoll Hips and Skirt with Ankles with Bright Light Yellow Feet, Silver Stars print",minifigures,Minidoll Lower Body,Plastic
59794c01pr0014,"Minidoll Hips and Skirt with Ankles with Dark Tan Skirt, Bright Light Orange Decorations, Red Sash Trim",minifigures,Minidoll Lower Body,Plastic
59794c01pr0015,Minidoll Hips and Skirt with Ankles with Silver/Dark Purple Decorations print,minifigures,Minidoll Lower Body,Plastic
59794c01pr0016,"Minidoll Hips and Skirt with Ankles Flowers, Black Shoes with Gold Decorations print",minifigures,Minidoll Lower Body,Plastic
59794c01pr0017,"Minidoll Hips and Skirt with Warm Tan Ankles, Dark Azure Shoes, Coral Laces print",minifigures,Minidoll Lower Body,Plastic
59794c01pr0018,"Minidoll Hips and Skirt with Ankles with Light Nougat Shoes, Bright Light Blue Sandals print",minifigures,Minidoll Lower Body,Plastic
59794c01pr0019,"Minidoll Hips and Skirt with Ankles with Bright Light Blue Shoes, White Laces print",minifigures,Minidoll Lower Body,Plastic
59794c01pr0020,Minidoll Hips and Skirt with Ankles with Silver Decorations print,minifigures,Minidoll Lower Body,Plastic
59794c01pr0021,"Minidoll Hips and Skirt with Ankles with Dark Bluish Grey Stripes, Laces print",minifigures,Minidoll Lower Body,Plastic
59794c01pr0022,"Minidoll Hips and Skirt with Ankles with White Pants, Medium Nougat Legs, Magenta Shoes with Orange Dots print",minifigures,Minidoll Lower Body,Plastic
59794c01pr0023,"Minidoll Hips and Skirt with Ankles with Tan Decorations, Dark Red Trim, Siena Brown Feet print",minifigures,Minidoll Lower Body,Plastic
59794c01pr0024,"Minidoll Hips and Skirt with Ankles with Magenta Goats, Blue Bells, White Dots, Blue Shoes print",minifigures,Minidoll Lower Body,Plastic
59794c01pr0025,"Minidoll Hips and Skirt with Ankles with Silver Trim, Dark Purple Decorations print",minifigures,Minidoll Lower Body,Plastic
59794c01pr0026,"Minidoll Hips and Skirt with Exposed Ankles with Lavender Underdress, Gold Stars, Warm Tan Shoes print",minifigures,Minidoll Lower Body,Plastic
59794c01pr0190,Minidoll Hips and Skirt with Ankles with Dark Orange Trim,minifigures,Minidoll Lower Body,Plastic
59794c01pr0192,"Minidoll Hips and Skirt with Ankles with Medium Lavender Trim, Medium Blue Decorations on White Shoes",minifigures,Minidoll Lower Body,Plastic
59794c01pr0202,"Minidoll Hips and Skirt with Ankles White Apron, Dark Blue Shoes",minifigures,Minidoll Lower Body,Plastic
59794c01pr0203,"Minidoll Hips and Skirt with Ankles Dark Blue/White Dress, Coral Sash",minifigures,Minidoll Lower Body,Plastic
59794c01pr0241,"Minidoll Hips and Skirt with Ankles Blue Apron, Yellowish green Flowers, Black Shoes",minifigures,Minidoll Lower Body,Plastic
59794c01pr0253,"Minidoll Hips and Skirt with Ankles with White Apron, Medium Blue Shoes print",minifigures,Minidoll Lower Body,Plastic
59794c01pr0257,"Minidoll Hips and Skirt with Ankles with Dark Pink Scarf/Belt, Nougat Legs, Silver Shoes print",minifigures,Minidoll Lower Body,Plastic
59794c01pr0258,"Minidoll Hips and Skirt with Ankles with Red Dress, Dark Red/Pink Flowers, Reddish Brown Boots print",minifigures,Minidoll Lower Body,Plastic
59794c01pr0259,"Minidoll Hips and Skirt with Ankles with White Legs, Magenta Shoes print",minifigures,Minidoll Lower Body,Plastic
59794c01pr0260,"Minidoll Hips and Skirt with Ankles Tan, Red, and Pink Leaves Print",minifigures,Minidoll Lower Body,Plastic
59794c01pr0261,"Minidoll Hips and Skirt with Ankles, Coral Panel with Ties Print",minifigures,Minidoll Lower Body,Plastic
59794c01pr0272,"Minidoll Hips and Skirt with Exposed Ankles with White Legs, Dark Red Shoes, White Laces print",minifigures,Minidoll Lower Body,Plastic
59794c01pr0273,"Minidoll Hips and Skirt with Nougat Exposed Ankles, White Dots, Shoes print",minifigures,Minidoll Lower Body,Plastic
59794c01pr0277,"Minidoll Hips and Skirt with Light Nougat Exposed Ankles, Dark Bluish Grey Shoes print",minifigures,Minidoll Lower Body,Plastic
59794c01pr9999,"Minidoll Hips and Skirt with Exposed Ankles with Nougat Legs, Dark Purple Shoes, Lavender/Magenta Decorations print",minifigures,Minidoll Lower Body,Plastic
59807,Crane Harbor Derrick 16 with Double Attachment,special,"Supports, Girders and Cranes",Plastic
59810c01,Skin Sheet 1 for Set 81001-1,special,Animal / Creature Body Parts,Plastic
59814,Windscreen 15 x 8 x 9 Curved Cockpit Cover with Side Cutouts,bricks,Windscreens and Fuselage,Plastic
59818,Sticker Sheet for Set 7997-1,special,Stickers,Plastic
59826,Sticker Sheet for Set 7990-1,special,Stickers,Plastic
59832,Sticker Sheet for Set 7992-1,special,Stickers,Plastic
59833c01,Skin Sheet 2 for Set 81001-1,special,Animal / Creature Body Parts,Plastic
59834c01,Skin Sheet 1 for Set 81002-1,special,Animal / Creature Body Parts,Plastic
59835c01,Skin Sheet 2 for Set 81002-1 (59835/6271861),special,Animal / Creature Body Parts,Plastic
5984,"Creature Body Part, Dragon, Wing",special,Animal / Creature Body Parts,Plastic
5985,Minifig Neckwear Armour with Dragon Jaw,minifigures,Minifig Neckwear,Plastic
59862c01,Skin Sheet 2 for Set 81003-1,special,Animal / Creature Body Parts,Plastic
5987,"Hat, Round, Wide, Flat",minifigures,Minifig Headwear,Plastic
5988,"Hat, Ronin",minifigures,Minifig Headwear,Plastic
59895,Tyre 14 x 4 Smooth Small Single [New Style],special,Wheels and Tyres,Rubber
59900,Cone 1 x 1 [Top Groove],bricks,Bricks Round and Cones,Plastic
59900pr0001,Cone 1 x 1 with White Dot print,bricks,Bricks Round and Cones,Plastic
59901,"Sail, Tattered, 30 x 20 with Holes, and Red Jagged Lines and Skull Print",special,Transportation - Sea and Air,Cloth
59904c01,Skin Sheet 1 for Set 81003-1,special,Animal / Creature Body Parts,Plastic
5990pat0001,"Helmet, Ninja with Wraps White Pattern",minifigures,Minifig Headwear,Plastic
5990pat0002,"Helmet, Ninja with Wraps Red Pattern",minifigures,Minifig Headwear,Plastic
5990pat0003,"Helmet, Ninja with Wraps Bright Light Orange Pattern",minifigures,Minifig Headwear,Plastic
5990pat0004,"Helmet, Ninja with Wraps Dark Green Pattern",minifigures,Minifig Headwear,Plastic
5990pat0005,"Helmet, Ninja with Wraps Dark Red Pattern",minifigures,Minifig Headwear,Plastic
5990pat0006,"Helmet, Ninja with Wraps Orange Pattern",minifigures,Minifig Headwear,Plastic
5990pat0007,"Helmet, Ninja with Wraps Pearl Titanium Pattern",minifigures,Minifig Headwear,Plastic
5990pat0008,"Helmet, Ninja with Wraps Dark Blue Pattern",minifigures,Minifig Headwear,Plastic
59916,Sticker Sheet for Set 7661-1,special,Stickers,Plastic
5995,Technic Beam 1 x 2 with Towball Straight,technic,Technic Beams Special,Plastic
5996,Technic Link 1 x 8,technic,"Technic Steering, Suspension and Engine",Plastic
59966,Sticker Sheet for Set 7998-1,special,Stickers,Plastic
5997,Technic Steering Arm 3 x 1 with Towball Socket,technic,"Technic Steering, Suspension and Engine",Plastic
59987,Sticker Sheet for Set 7993-1,special,Stickers,Plastic
59993,Sticker Sheet for Set 7660-1,special,Stickers,Plastic
59,Weapon Sword / Greatsword Round,minifigures,"Minifig Shields, Weapons, & Tools",Plastic
